feature	metadata	value	coef	stderr	N	N.not.0	pval	qval
K00844	group	LPRD	-1.97609385267578	0.237281323265192	151	151	4.9222309202386504e-14	1.7252419375436501e-10
K16323	group	LPRD	-3.09709384091888	0.36777389695727303	151	148	2.87543538466422e-14	1.7252419375436501e-10
K03780	group	LPRD	-1.4590519067479	0.177821691183507	151	151	9.97613353729726e-14	2.33108986988179e-10
K03779	group	LPRD	-1.4458155224748	0.177402900230105	151	151	1.36874166299422e-13	2.39871976439737e-10
K13651	group	LPRD	-3.5737917825993	0.441117393927432	151	142	1.80279183730544e-13	2.52751415590223e-10
K01841	group	LPRD	-1.7781282286857	0.221056250458769	151	151	2.50752061675017e-13	2.92961992056978e-10
K03620	group	LPRD	-1.38537910721516	0.17400186567372	151	151	3.99345331964145e-13	3.99915825295522e-10
K09469	group	LPRD	-3.31930043630978	0.419890474899979	151	141	5.50549747654107e-13	4.82419216381911e-10
K13655	group	LPRD	-3.42155178284968	0.438211941906675	151	142	9.52523310792239e-13	7.41909823183733e-10
K13818	group	LPRD	-2.45639368990598	0.316747984491688	151	151	1.28264041385055e-12	8.99130930109238e-10
K18814	group	LPRD	-1.91180273316745	0.256268452293219	151	151	6.62781688314637e-12	4.22372694098692e-9
K07257	group	LPRD	-1.60295375136851	0.217495227903644	151	150	1.0888627669321698e-11	5.92815916555847e-9
K09477	group	LPRD	-2.46932995185654	0.335128127965025	151	151	1.0993733117298198e-11	5.92815916555847e-9
K15792	group	LPRD	-2.03953868054772	0.278821599504921	151	151	1.47415616520032e-11	7.3813105128958704e-9
K13923	group	LPRD	-2.53039896742743	0.346865043321967	151	151	1.6429258821712002e-11	7.677940289346741e-9
K02173	group	LPRD	-1.20616357306997	0.16668317900192	151	151	2.2649907832754e-11	9.92349086922536e-9
K11106	group	LPRD	-2.4331928712967	0.337133859561519	151	151	2.51169636285621e-11	1.035705382566e-8
K19405	group	LPRD	-1.2525212005673	0.174082096885507	151	151	2.8355656396027196e-11	1.10429528520084e-8
K11734	group	LPRD	-2.21488986288105	0.310026012716994	151	151	3.7360730330840795e-11	1.37841431378523e-8
K03855	group	LPRD	-2.27904202261046	0.320568260560679	151	151	4.5113718385298e-11	1.5812358294047e-8
K08161	group	LPRD	-2.20511319639465	0.312180990578194	151	151	5.777635843358219e-11	1.92862986961625e-8
K05796	group	LPRD	-2.05112320103983	0.29204878081104	151	151	7.18004149331441e-11	2.28782231218791e-8
K02586	group	LPRD	-1.83805011023481	0.264381702445883	151	151	1.05071063585718e-10	3.20238328580819e-8
K18333	group	LPRD	-2.14649245194952	0.309478515045688	151	151	1.14719658244941e-10	3.35077001790432e-8
K03404	group	LPRD	-2.1092493118783	0.30554075813113	151	151	1.3646787824811e-10	3.82655930607699e-8
K06027	group	LPRD	-1.9269325678083	0.279722438426785	151	118	1.47517049700718e-10	3.82997969778531e-8
K16842	group	LPRD	-4.81109781602062	0.698362703568118	151	113	1.47218834497187e-10	3.82997969778531e-8
K16014	group	LPRD	-1.65755315002581	0.241575016101206	151	151	1.70584707112588e-10	4.270709988783e-8
K16850	group	LPRD	-1.96684091789629	0.28717960852653	151	151	1.8242785055598702e-10	4.40972149102575e-8
K03756	group	LPRD	-2.38475107615928	0.348872984334524	151	151	1.9571251239247002e-10	4.57314903957072e-8
K02783	group	LPRD	-1.77748668620588	0.262156685920698	151	151	2.62406411412383e-10	5.50237220500991e-8
K13919	group	LPRD	-1.84054778970032	0.271024951163383	151	151	2.47808993768122e-10	5.50237220500991e-8
K13920	group	LPRD	-1.82729783656826	0.26963023693708	151	151	2.66876825920595e-10	5.50237220500991e-8
K16651	group	LPRD	-1.42353107769874	0.209757701874262	151	151	2.53800046646309e-10	5.50237220500991e-8
K19411	group	LPRD	-1.15812390731984	0.171087301997387	151	151	2.78186947859255e-10	5.57168715569536e-8
K01699	group	LPRD	-1.86479927544971	0.276367936931369	151	151	3.1191722762388803e-10	6.07372157123183e-8
K13921	group	LPRD	-1.87117129359475	0.277772616290068	151	151	3.30864963646448e-10	6.26854971665298e-8
K06155	group	LPRD	-2.08476530246345	0.310110490553577	151	151	3.55610301044958e-10	6.56007423769778e-8
K17489	group	LPRD	-1.94633126049712	0.292067468551624	151	146	4.840402872016481e-10	8.70031388021423e-8
K02781	group	LPRD	-1.51128288570411	0.227104791047031	151	151	5.08530281956423e-10	8.91199319128631e-8
K14159	group	LPRD	-4.51995637451635	0.682070140652571	151	116	5.88001519654381e-10	1.0053391836042e-7
K03326	group	LPRD	-1.44648021462001	0.219859893731255	151	151	7.54301499947053e-10	1.25896512253068e-7
K12506	group	LPRD	-1.01539691118342	0.154723602457371	151	151	8.21747784946484e-10	1.3396399935988e-7
K00313	group	LPRD	-1.20219736162436	0.18353563171499301	151	151	8.76658172846862e-10	1.39667586174011e-7
K01615	group	LPRD	-0.867445017637383	0.133375980293801	151	151	1.11560019809711e-9	1.73785719748016e-7
K16202	group	LPRD	-1.68413761528766	0.26044202902584	151	151	1.35293369210175e-9	2.06175330035506e-7
K06972	group	LPRD	-0.907001205423684	0.14107080882303	151	151	1.6377534863659502e-9	2.44269190200539e-7
K03300	group	LPRD	-1.65972816353156	0.258527286254177	151	151	1.7195422275838501e-9	2.51124812820058e-7
K00752	group	LPRD	-2.08268369124185	0.325811989079924	151	150	1.9820277182086202e-9	2.83551312339641e-7
K13922	group	LPRD	-1.24702076436774	0.195329796580293	151	151	2.06619848462902e-9	2.89681027544988e-7
K07704	group	LPRD	-1.34724037518729	0.211161775676496	151	151	2.1095304614679303e-9	2.89957030095886e-7
K08177	group	LPRD	-1.20146156866842	0.188701131144052	151	151	2.25631079900673e-9	3.04168051943023e-7
K01561	group	LPRD	-2.01363894122266	0.319281879390392	151	151	3.0693275193549702e-9	4.05961998314685e-7
K12940	group	LPRD	-1.2263612204353	0.195267848521193	151	151	3.5102544519153703e-9	4.55683031628273e-7
K01195	group	LPRD	-1.55131849351478	0.247448312233298	151	151	3.7147694681659705e-9	4.73464254033518e-7
K03293	group	LPRD	-1.8143005427304	0.289859985039444	151	151	3.9088952714071705e-9	4.80725541273058e-7
K16209	group	LPRD	-1.19410482374021	0.190710334960818	151	151	3.86700467072622e-9	4.80725541273058e-7
K00373	group	LPRD	-1.36837201598806	0.219746930976772	151	151	4.60171761234772e-9	5.56173111423405e-7
K01906	group	LPRD	-1.44023461456557	0.231728404783203	151	151	4.886055687639511e-9	5.70854172839217e-7
K18118	group	LPRD	-1.71329582110765	0.275549816591032	151	151	4.82341970409174e-9	5.70854172839217e-7
K00374	group	LPRD	-1.34709013273491	0.217374321674719	151	151	5.35350641703393e-9	6.0529161263561e-7
K05825	group	LPRD	-1.21547549621727	0.196120451943976	151	151	5.3400613200869304e-9	6.0529161263561e-7
K01601	group	LPRD	-2.08761742563473	0.338905071650379	151	151	6.457764763942381e-9	7.07327046800563e-7
K08260	group	LPRD	-3.27808951851052	0.532025036243985	151	128	6.40456360166735e-9	7.07327046800563e-7
K00860	group	LPRD	-1.012800196598	0.164775986508598	151	151	6.906523667064041e-9	7.3686824111921e-7
K01295	group	LPRD	-1.09817500562943	0.178779036493919	151	151	7.042820564192161e-9	7.3686824111921e-7
K09459	group	LPRD	-1.35512393990662	0.220579447297653	151	151	7.013348390965741e-9	7.3686824111921e-7
K02068	group	LPRD	-0.98453499483445	0.160740154577848	151	151	7.694471421140431e-9	7.93209480326389e-7
K00370	group	LPRD	-1.34728297117992	0.223376777613495	151	151	1.22785546529333e-8	1.24742997271105e-6
K18474	group	LPRD	-2.20378632079063	0.367347218671831	151	151	1.4410752974032501e-08	1.44313397639954e-6
K18220	group	LPRD	-0.883216680346321	0.147724609059696	151	151	1.59419911737735e-8	1.57399095955144e-6
K16887	group	LPRD	-1.77665694643191	0.297708951440631	151	123	1.68367708183406e-8	1.63924671439677e-6
K18303	group	LPRD	-2.40150634365008	0.403879955717129	151	151	1.87390014554445e-8	1.79945753702282e-6
K00371	group	LPRD	-1.31789262744933	0.223304193278414	151	151	2.33064270992285e-8	2.20781154007556e-6
K16886	group	LPRD	-1.78942820181119	0.303427883731483	151	122	2.38162857690352e-8	2.22602884321249e-6
K03605	group	LPRD	-1.00227780911248	0.170279826337098	151	151	2.51758940466885e-8	2.32214496404324e-6
K07590	group	LPRD	-1.18999370768873	0.203408078519516	151	151	2.99972738349052e-8	2.73092064393098e-6
K04656	group	LPRD	-0.876099937712046	0.151287453869415	151	151	4.00519339811611e-8	3.59953919497358e-6
K00824	group	LPRD	-0.933963551959814	0.163168408670433	151	151	5.54133566543654e-8	4.89640714469332e-6
K09138	group	LPRD	-1.12087772402514	0.19597084669603	151	151	5.65776003880398e-8	4.89640714469332e-6
K18292	group	LPRD	-3.57064574061443	0.624247484046705	151	130	5.64942870917878e-8	4.89640714469332e-6
K03534	group	LPRD	-0.875513915241792	0.153776483752287	151	151	6.41877605050621e-8	5.48727074561567e-6
K10857	group	LPRD	-3.30950883503946	0.581663546705689	151	139	6.53366582645036e-8	5.51819246306229e-6
K03760	group	LPRD	-1.0089008259563	0.177563615330729	151	151	6.78391168974986e-8	5.59473187589959e-6
K09968	group	LPRD	-3.44263982203425	0.605651370062091	151	124	6.70992071898113e-8	5.59473187589959e-6
K09771	group	LPRD	-1.92431635227834	0.339122793391446	151	151	7.03336630360732e-8	5.73301137073108e-6
K01082	group	LPRD	-0.791624941173007	0.140177117617707	151	151	8.00832561976097e-8	6.45268535569246e-6
K16885	group	LPRD	-1.71135771688326	0.303984285897767	151	123	8.71016242465171e-8	6.93843620418278e-6
K03405	group	LPRD	-1.73750548799196	0.309641602085299	151	151	9.51057112732e-8	7.49091051713631e-6
K00364	group	LPRD	-1.7933096757913	0.320606545334335	151	151	1.03551005506784e-7	8.06547276225058e-6
K07326	group	LPRD	-3.78885767741576	0.679712963305685	151	135	1.13499039540356e-7	8.74316777118567e-6
K03272	group	LPRD	-0.947391931287476	0.170761739995955	151	151	1.28501734408039e-7	9.79127345869951e-6
K03409	group	LPRD	-1.3768092690803	0.248505161340463	151	151	1.33254286281755e-7	1.00442209337108e-5
K07694	group	LPRD	-1.82332077061687	0.329369989065193	151	150	1.36175226490983e-7	1.01322960601212e-5
K12875	group	LPRD	-2.16806807892835	0.391770685143083	151	118	1.37313570001642e-7	1.01322960601212e-5
K06921	group	LPRD	-0.786535820824324	0.14236805716332	151	151	1.43525325981646e-7	1.0388285731694e-5
K18285	group	LPRD	-0.949390852284576	0.171856009969782	151	151	1.43746607129003e-7	1.0388285731694e-5
K04655	group	LPRD	-0.816218362035378	0.148108849501231	151	151	1.53137932655107e-7	1.09540500807378e-5
K03319	group	LPRD	-1.95325673152865	0.355099337885055	151	151	1.6079250191021e-7	1.13854084685917e-5
K00015	group	LPRD	-1.64344225353468	0.298927902683444	151	151	1.62931458577549e-7	1.14214952462862e-5
K04654	group	LPRD	-0.854303462131463	0.155623716386845	151	151	1.69380411559251e-7	1.17560067824787e-5
K00261	group	LPRD	-0.792670001467938	0.145159395761735	151	151	1.93983671138031e-7	1.3331622888996e-5
K03638	group	LPRD	-1.81813616075736	0.335457551156579	151	151	2.34829172313455e-7	1.59820630865759e-5
K06282	group	LPRD	-1.29194501363185	0.239253427826829	151	151	2.57756804319273e-7	1.73737999834433e-5
K02241	group	LPRD	-1.38492262304439	0.257772493615221	151	151	2.92596506566703e-7	1.93500142550244e-5
K02507	group	LPRD	-2.21085422670065	0.411404511506814	151	151	2.90883939734367e-7	1.93500142550244e-5
K00198	group	LPRD	-0.887224260667499	0.165718462282636	151	151	3.19344876493439e-7	2.09215662076543e-5
K09799	group	LPRD	-1.6910058644858	0.316308056058876	151	151	3.30993089981572e-7	2.14839033404706e-5
K08989	group	LPRD	-2.02956097064915	0.380071059944452	151	151	3.40507880037432e-7	2.18738498366136e-5
K08996	group	LPRD	-1.15281919718646	0.216030200500124	151	151	3.46182003073586e-7	2.18738498366136e-5
K11733	group	LPRD	-1.02047876219851	0.191234560491282	151	151	3.46361958896449e-7	2.18738498366136e-5
K03547	group	LPRD	-0.569712357262385	0.107540730394033	151	151	4.13959907118934e-7	2.5454903060559e-5
K09121	group	LPRD	-0.755951501415844	0.142625997545404	151	151	4.09043724193705e-7	2.5454903060559e-5
K16169	group	LPRD	-1.65716294597959	0.312700543358567	151	151	4.10394851697504e-7	2.5454903060559e-5
K01241	group	LPRD	-0.766499634864107	0.145383513548982	151	151	4.65211778381627e-7	2.83576918822192e-5
K02614	group	LPRD	-0.757727427148426	0.143780701214415	151	151	4.70016068985581e-7	2.84035572723183e-5
K01849	group	LPRD	-1.29668451421502	0.247007692012539	151	151	5.16217548912745e-7	3.0928931776738e-5
K10038	group	LPRD	-2.53391163423553	0.484220389654276	151	134	5.56945060977881e-7	3.30863125208046e-5
K11921	group	LPRD	-0.874214041752638	0.167312788411539	151	151	5.77525505177476e-7	3.40206200949084e-5
K06016	group	LPRD	-0.831722656836151	0.159692057902709	151	151	6.23342363903559e-7	3.64135830913662e-5
K04653	group	LPRD	-0.704817875594293	0.135895289839902	151	151	6.88391759014625e-7	3.988120851812e-5
K00993	group	LPRD	-2.317962173614	0.449122984064967	151	126	7.72455685173132e-7	4.43845438775709e-5
K02841	group	LPRD	-1.41422281355928	0.274704501437416	151	151	8.19001450752482e-7	4.63000013691524e-5
K18930	group	LPRD	-1.11829792357736	0.217173817866401	151	151	8.14708808951949e-7	4.63000013691524e-5
K01848	group	LPRD	-1.28757309034544	0.250646055380783	151	151	8.61310228919149e-7	4.79189262279622e-5
K11737	group	LPRD	-1.00639147645612	0.195898901267924	151	151	8.60209530245613e-7	4.79189262279622e-5
K16092	group	LPRD	-1.64829910511316	0.321771912860591	151	151	9.19339709602295e-7	5.07446564119062e-5
K06726	group	LPRD	-0.925248335861894	0.181790797783433	151	151	1.0662098366292e-6	5.83916480841463e-5
K02463	group	LPRD	-2.48806038029457	0.49104959071121	151	143	1.18104202883527e-6	6.41791055979478e-5
K15894	group	LPRD	-1.06771434507288	0.211632724212645	151	151	1.30133731695444e-6	7.01721122450047e-5
K08369	group	LPRD	-1.43044457129751	0.28437301401343	151	151	1.39114096394402e-6	7.4441970666012e-5
K02383	group	LPRD	-2.25250340085537	0.448266984213461	151	131	1.42409571459513e-6	7.56281133281201e-5
K06281	group	LPRD	-1.16919723232717	0.232766787712899	151	151	1.43602555371254e-6	7.56882641468037e-5
K11180	group	LPRD	-1.59271681770077	0.318319655866813	151	123	1.56630700190551e-6	8.13319413582047e-5
K11181	group	LPRD	-1.59271681770077	0.318319655866813	151	123	1.56630700190551e-6	8.13319413582047e-5
K00366	group	LPRD	-0.818438513812013	0.163847064328438	151	151	1.62564900350066e-6	8.37926434892618e-5
K07138	group	LPRD	-0.85812685882187	0.172093853924903	151	151	1.68994852112269e-6	8.64710885625553e-5
K10026	group	LPRD	-1.1324380606673	0.227537497537827	151	151	1.76225332799864e-6	8.95173610816699e-5
K02588	group	LPRD	-0.702812502039221	0.141348622514013	151	151	1.79958367516501e-6	9.07559824669549e-5
K13643	group	LPRD	-2.01360133044748	0.409120584275313	151	151	2.24750633031945e-6	1.1253585268242e-4
K08680	group	LPRD	-1.7275792217598	0.351906539000506	151	151	2.37514475595059e-6	1.1808343786676e-4
K11788	group	LPRD	-1.99575075119363	0.407238972225692	151	102	2.46546173924776e-6	1.2171047036709e-4
K03279	group	LPRD	-3.65526024238473	0.748383761525405	151	136	2.64989845043237e-6	1.2990061634637e-4
K00025	group	LPRD	-3.37916640689157	0.692955179359295	151	132	2.74116325192065e-6	1.3287841703903e-4
K11904	group	LPRD	-1.47348879748869	0.302201989176015	151	151	2.74855498868184e-6	1.3287841703903e-4
K00940	group	LPRD	-0.616395877338148	0.126477933330943	151	151	2.77625120799782e-6	1.3329808882236e-4
K02379	group	LPRD	-1.03071669417051	0.212202980605199	151	151	2.98111355453111e-6	1.3903756782419e-4
K03493	group	LPRD	-2.25262681595574	0.463565338299956	151	132	2.95356622072991e-6	1.3903756782419e-4
K06200	group	LPRD	-1.0644597100536	0.219402079224874	151	151	3.05446297359852e-6	1.3903756782419e-4
K07280	group	LPRD	-3.36480102152634	0.693070605480605	151	132	3.01116312216982e-6	1.3903756782419e-4
K09698	group	LPRD	-0.896360503305108	0.184651943836113	151	151	3.01895389994575e-6	1.3903756782419e-4
K09774	group	LPRD	-1.2609045925001101	0.259619454057349	151	151	2.98734162466197e-6	1.3903756782419e-4
K16872	group	LPRD	-2.50889693956863	0.517095145933784	151	145	3.05091888486391e-6	1.3903756782419e-4
K19611	group	LPRD	-3.47167039385112	0.714359127509114	151	140	2.94729428175462e-6	1.3903756782419e-4
K06132	group	LPRD	-2.22931614343485	0.459832946076517	151	151	3.10187390303843e-6	1.4028474877612e-4
K01738	group	LPRD	0.139338353075394	0.0287791869181032	151	151	3.19031457514888e-6	1.4335964853713e-4
K11897	group	LPRD	-2.46043878910723	0.50842099739148106	151	138	3.22185544733693e-6	1.4385481965498e-4
K00772	group	LPRD	-1.08311931895788	0.224664829866687	151	151	3.48863357555543e-6	1.5284575852902e-4
K19047	group	LPRD	-3.01040044474806	0.624104642755725	151	142	3.45093934518925e-6	1.5284575852902e-4
K19056	group	LPRD	-3.09204161943385	0.641271278011271	151	143	3.47818336272558e-6	1.5284575852902e-4
K04744	group	LPRD	-1.2542358269097	0.261166164881698	151	151	3.78122557862859e-6	1.6463597084587e-4
K00906	group	LPRD	-2.00623844978488	0.418292489142108	151	151	3.8836969879323e-6	1.6805380176176e-4
K07225	group	LPRD	-1.92283855276717	0.401914671487632	151	151	4.09126839045459e-6	1.7594964059562e-4
K00608	group	LPRD	-2.13280925520224	0.446716612988157	151	106	4.26749238257605e-6	1.8240927806011e-4
K07346	group	LPRD	-2.59709837238569	0.544375942578315	151	141	4.33474979312521e-6	1.8416118818065e-4
K09767	group	LPRD	-0.718472551115631	0.150909871495255	151	151	4.52225603988309e-6	1.9096996891313e-4
K16346	group	LPRD	-2.10637988331479	0.444173723202898	151	151	4.90022713257172e-6	2.0569216885825e-4
K08722	group	LPRD	-0.816438451649181	0.172352100335546	151	151	5.01079518283938e-6	2.0908139423633e-4
K03181	group	LPRD	-2.01507577332601	0.426049066388178	151	151	5.17121310225781e-6	2.1243896277828e-4
K04018	group	LPRD	-2.4408869015606	0.516132646756985	151	150	5.18217726606084e-6	2.1243896277828e-4
K05311	group	LPRD	-0.890251659301689	0.188167901393811	151	151	5.13864578962298e-6	2.1243896277828e-4
K11250	group	LPRD	-1.87692987277995	0.39721732126875	151	151	5.27138831858887e-6	2.14839721589e-4
K02069	group	LPRD	-0.530868858714828	0.112419697668721	151	151	5.33926552592468e-6	2.1634827362272e-4
K19339	group	LPRD	-3.24295365340155	0.687809253761892	151	139	5.50852890174676e-6	2.2192406667382e-4
K13635	group	LPRD	-2.58872563311663	0.549292495543078	151	141	5.55735793374663e-6	2.2261188066036e-4
K07039	group	LPRD	-2.17350147489582	0.463417691269307	151	151	6.12157891744779e-6	2.4381970574607e-4
K09926	group	LPRD	-2.13733576490873	0.456392566974899	151	151	6.3079286743006e-6	2.4933079825098e-4
K13498	group	LPRD	-1.56078531058798	0.333341119121209	151	151	6.33108161036746e-6	2.4933079825098e-4
K00484	group	LPRD	-2.19901462918193	0.469849391109317	151	151	6.38493201888882e-6	2.4954156857428e-4
K05790	group	LPRD	-2.42530639826245	0.5182921590633	151	151	6.40762943557356e-6	2.4954156857428e-4
K10775	group	LPRD	-1.57814107089165	0.33753832040267	151	88	6.51681956649529e-6	2.5239174122172e-4
K00996	group	LPRD	-1.58885059147626	0.33996766691072	151	151	6.56985152894945e-6	2.5304757812052e-4
K01407	group	LPRD	-2.39788051387607	0.513437070744927	151	151	6.66204850542623e-6	2.5519650285813e-4
K02666	group	LPRD	-1.80691978639664	0.387169371733458	151	151	6.75459984223039e-6	2.5733557007627e-4
K00689	group	LPRD	-2.1345939481316	0.457629839144243	151	142	6.82792893522989e-6	2.5872314505925e-4
K04017	group	LPRD	-2.47080954662283	0.529953575718801	151	150	6.8902339191121e-6	2.5968032136008e-4
K11719	group	LPRD	-1.81814887501182	0.390395553947559	151	151	7.0412797560765e-6	2.6395385609677e-4
K00297	group	LPRD	0.203162645245411	0.0436730496879419	151	151	7.20102207296753e-6	2.6850619538033e-4
K07724	group	LPRD	-3.060775369098	0.658743430656275	151	149	7.37105650092505e-6	2.7339209561632e-4
K07645	group	LPRD	-2.15504241130495	0.46401678417303	151	151	7.43570603574349e-6	2.7433841742401e-4
K16692	group	LPRD	-2.13323103658084	0.460197174685316	151	151	7.71901309391742e-6	2.832999046511e-4
K08324	group	LPRD	-2.18671405825122	0.471991680332356	151	151	7.80163538113245e-6	2.8484095844655e-4
K04086	group	LPRD	-2.1391503541697	0.462200535623671	151	148	7.9600737912348e-6	2.8615444757208e-4
K13020	group	LPRD	-2.1970406107783	0.474702658051147	151	140	7.95808606914562e-6	2.8615444757208e-4
K18133	group	LPRD	-2.43533702746238	0.52616677023328	151	151	7.95120684488661e-6	2.8615444757208e-4
K09900	group	LPRD	-2.48818988725239	0.5377789425725	151	150	8.00713317220021e-6	2.8637756906695e-4
K01347	group	LPRD	-2.74473417479452	0.593951112740113	151	146	8.19997855894749e-6	2.9178603907726e-4
K02674	group	LPRD	-1.96121450607917	0.424552877953217	151	151	8.2576332041291e-6	2.9235357960073e-4
K01227	group	LPRD	-3.02097683679194	0.654393094625198	151	136	8.36358651893137e-6	2.9314370748854e-4
K01947	group	LPRD	-2.20918842772529	0.47851238247066	151	151	8.3520269218723e-6	2.9314370748854e-4
K09909	group	LPRD	-2.40616561942237	0.521875004072476	151	150	8.57173096615742e-6	2.989444481232e-4
K10681	group	LPRD	-2.47586054642162	0.537432991717092	151	144	8.70950563334727e-6	3.0075682014662e-4
K11016	group	LPRD	-2.64279910815658	0.573650968308163	151	147	8.70384810407497e-6	3.0075682014662e-4
K10682	group	LPRD	-2.47251579535857	0.537367695130892	151	144	8.91940358868054e-6	3.0511279378186e-4
K15536	group	LPRD	-2.32335745564251	0.505031845601227	151	151	8.94734099503546e-6	3.0511279378186e-4
K19431	group	LPRD	-2.50391002181397	0.544338211606867	151	148	8.96622475307633e-6	3.0511279378186e-4
K07639	group	LPRD	-2.59191552860209	0.563923189641981	151	141	9.10647402413686e-6	3.0838832323284e-4
K03429	group	LPRD	-0.797711389216064	0.173619262488505	151	151	9.16858841580222e-6	3.0899906151333e-4
K15545	group	LPRD	-2.39416119988756	0.521746065234312	151	151	9.39661055502763e-6	3.151686123959e-4
K04651	group	LPRD	-0.608991699758937	0.132783614943198	151	151	9.49171793192145e-6	3.1534096067663e-4
K19713	group	LPRD	-1.58280176078069	0.345094054041636	151	151	9.4824069082304e-6	3.1534096067663e-4
K03477	group	LPRD	-2.31513143532876	0.50515401700491	151	151	9.62498103772751e-6	3.1568905795738e-4
K04652	group	LPRD	-0.594642031975181	0.129757562732968	151	151	9.63729791767199e-6	3.1568905795738e-4
K09977	group	LPRD	-2.13346028815799	0.465522800894356	151	151	9.62848716722874e-6	3.1568905795738e-4
K06872	group	LPRD	-0.338859950334257	0.0739889588857395	151	151	9.75282550208346e-6	3.17987473347e-4
K03708	group	LPRD	-0.874749730746394	0.191143316408635	151	151	9.89535649718973e-6	3.2114096780231e-4
K06020	group	LPRD	-2.08886896865828	0.457041918078016	151	151	1.01468835677722e-5	3.2628281564258e-4
K15974	group	LPRD	-2.13944122226531	0.468066168144797	151	151	1.01299467801107e-5	3.2628281564258e-4
K03774	group	LPRD	-2.2775804040119	0.498535526569757	151	146	1.02264845137066e-5	3.2734089699124e-4
K01476	group	LPRD	-1.01130863383699	0.222047537424689	151	151	1.08457610209547e-5	3.3914577384035e-4
K02673	group	LPRD	-2.07668292512652	0.455561275185931	151	151	1.06641052344557e-5	3.3914577384035e-4
K04062	group	LPRD	-2.15278814121876	0.47287747039778	151	151	1.09339436359372e-5	3.3914577384035e-4
K07262	group	LPRD	-2.1272807642579	0.466999848679961	151	151	1.0812428070796e-5	3.3914577384035e-4
K09007	group	LPRD	-1.80284635303218	0.395933492675149	151	151	1.08939343080269e-5	3.3914577384035e-4
K11107	group	LPRD	-2.17471045227039	0.477401884058176	151	151	1.08080550478638e-5	3.3914577384035e-4
K18778	group	LPRD	-1.82422698130134	0.400448028151975	151	151	1.08007692324641e-5	3.3914577384035e-4
K09906	group	LPRD	-2.3597145147727	0.518482715377688	151	151	1.09950644390198e-5	3.3953921461466e-4
K07255	group	LPRD	-1.20923039685026	0.265909679551154	151	33	1.11645998109146e-5	3.4290194034054e-4
K10094	group	LPRD	-2.7088162563178	0.595773011408462	151	147	1.12017894918666e-5	3.4290194034054e-4
K02496	group	LPRD	-2.00590876485476	0.441865262012712	151	151	1.15374524433551e-5	3.4457348656239e-4
K05775	group	LPRD	-2.94478910083111	0.647999202834467	151	137	1.13093181891588e-5	3.4457348656239e-4
K05782	group	LPRD	-1.77686055075496	0.391357153110201	151	151	1.15079805274248e-5	3.4457348656239e-4
K07673	group	LPRD	-2.08213390028146	0.458649185306529	151	151	1.15340816606101e-5	3.4457348656239e-4
K08082	group	LPRD	-2.08408700869117	0.459115688379494	151	151	1.15513223027336e-5	3.4457348656239e-4
K12500	group	LPRD	-2.08114526530942	0.458172793038963	151	151	1.14116351883704e-5	3.4457348656239e-4
K03078	group	LPRD	-2.41591733508189	0.532486170120011	151	150	1.16624000742179e-5	3.4641281576384e-4
K00123	group	LPRD	-0.673279735781793	0.148610271118175	151	151	1.19843786679561e-5	3.529852708503e-4
K03483	group	LPRD	-0.920396400876066	0.203115910715522	151	151	1.19406497635938e-5	3.529852708503e-4
K01826	group	LPRD	-2.49914720777823	0.551983209591709	151	140	1.21311506517224e-5	3.5439387223971e-4
K13069	group	LPRD	-2.3923897027138	0.528439558041538	151	123	1.21465977072778e-5	3.5439387223971e-4
K13256	group	LPRD	-2.46465071283547	0.544489482281345	151	151	1.21838692168005e-5	3.5439387223971e-4
K11751	group	LPRD	-2.25456050929468	0.498196498782794	151	151	1.22392207688968e-5	3.5453279995853e-4
K07862	group	LPRD	-1.06784894527208	0.236027435807379	151	151	1.22997134095818e-5	3.5481889300892e-4
K11017	group	LPRD	-2.77465752035533	0.613680708490258	151	148	1.24498213201368e-5	3.5767724366458e-4
K00105	group	LPRD	-2.3075365506258	0.510929956043776	151	149	1.27104701374224e-5	3.6089347768939e-4
K02655	group	LPRD	-2.12997210787421	0.471510937996948	151	151	1.26585017328195e-5	3.6089347768939e-4
K02670	group	LPRD	-2.0280028303423	0.449047012518082	151	151	1.27162181154466e-5	3.6089347768939e-4
K07186	group	LPRD	-2.33102371214632	0.51645130002957	151	151	1.2859302947163e-5	3.6202294642414e-4
K09890	group	LPRD	-2.16095647098282	0.47870910632147	151	151	1.28277328469194e-5	3.6202294642414e-4
K01419	group	LPRD	-0.903073389400229	0.200437014346662	151	151	1.32939146586948e-5	3.6567368040964e-4
K02672	group	LPRD	-1.99690231595547	0.443319539010903	151	151	1.33541315527632e-5	3.6567368040964e-4
K03667	group	LPRD	-0.903186474789241	0.20047276590989	151	151	1.3307106381215e-5	3.6567368040964e-4
K09162	group	LPRD	-1.07419530100571	0.238384261050998	151	151	1.32593589549328e-5	3.6567368040964e-4
K09941	group	LPRD	-2.04578993472526	0.454146314889517	151	151	1.33396260000308e-5	3.6567368040964e-4
K16052	group	LPRD	-0.779569507088187	0.172945701678293	151	151	1.31801133415441e-5	3.6567368040964e-4
K16868	group	LPRD	-2.32731887711052	0.516041759054961	151	151	1.30525680606291e-5	3.6567368040964e-4
K07403	group	LPRD	-1.16749347907081	0.259262168625725	151	151	1.34258122070427e-5	3.6620600611427e-4
K09117	group	LPRD	-0.332950027887694	0.0739549878538224	151	151	1.34857364833757e-5	3.6641477809481e-4
K04016	group	LPRD	-2.36692766266973	0.526768693416971	151	150	1.39839668243285e-5	3.7848497080518e-4
K10530	group	LPRD	-2.4145856427101	0.537668825331621	151	143	1.41265826026477e-5	3.8087440017138e-4
K06866	group	LPRD	-2.31863132277994	0.517093448811401	151	151	1.45334273921666e-5	3.8827056876958e-4
K11258	group	LPRD	-2.30525002859195	0.514173405563804	151	151	1.45670698411414e-5	3.8827056876958e-4
K13745	group	LPRD	-2.28652238443089	0.509807195221713	151	149	1.44673661994164e-5	3.8827056876958e-4
K01821	group	LPRD	-0.873728918022469	0.194945401190597	151	151	1.46571788946576e-5	3.8919251534678e-4
K03690	group	LPRD	-1.98728757259007	0.44376056915989	151	151	1.48782984312293e-5	3.935731018978e-4
K04013	group	LPRD	-2.34490202264344	0.523744910912377	151	150	1.49462458022866e-5	3.9388414689484e-4
K07268	group	LPRD	-2.40500759910323	0.537473729801789	151	150	1.51031436305848e-5	3.9652822790411e-4
K12472	group	LPRD	-1.34410654335512	0.300757392617155	151	121	1.54544807470255e-5	4.04238470286e-4
K18941	group	LPRD	-2.06049944248887	0.461263284828648	151	127	1.55819191530265e-5	4.0605670357887e-4
K00885	group	LPRD	-2.35699946537923	0.529840840293708	151	151	1.68189413963016e-5	4.0723940704453e-4
K01096	group	LPRD	-2.30060226329505	0.516971786710691	151	151	1.67056220591361e-5	4.0723940704453e-4
K02017	group	LPRD	-0.561264076439668	0.125700358596776	151	151	1.57097223512541e-5	4.0723940704453e-4
K02344	group	LPRD	-2.29751504229524	0.518548106397132	151	151	1.80954024321344e-5	4.0723940704453e-4
K02504	group	LPRD	-2.31242570327186	0.52047285389299	151	151	1.72081288187478e-5	4.0723940704453e-4
K02505	group	LPRD	-2.31241234393095	0.520473514137507	151	151	1.72103394637061e-5	4.0723940704453e-4
K02506	group	LPRD	-2.37881922323346	0.533706006806803	151	150	1.6230406735357e-5	4.0723940704453e-4
K02679	group	LPRD	-2.31245432862785	0.520473993585156	151	151	1.72049323805955e-5	4.0723940704453e-4
K02680	group	LPRD	-2.30806570214713	0.520054204549769	151	151	1.7550825904229e-5	4.0723940704453e-4
K02681	group	LPRD	-2.31231874247604	0.52046773726239	151	151	1.72195601623172e-5	4.0723940704453e-4
K03580	group	LPRD	-2.24932543530273	0.505256903594311	151	151	1.65897180804217e-5	4.0723940704453e-4
K03586	group	LPRD	-2.0435991873815	0.460540024834667	151	151	1.76032714036557e-5	4.0723940704453e-4
K03591	group	LPRD	-2.31259949050296	0.520465216451986	151	151	1.71799683337495e-5	4.0723940704453e-4
K03603	group	LPRD	-2.31281507583427	0.521153235328459	151	151	1.75685467118716e-5	4.0723940704453e-4
K03632	group	LPRD	-2.29761851037722	0.518542762181061	151	151	1.80772381319922e-5	4.0723940704453e-4
K03674	group	LPRD	-2.2995230253524	0.518938223625256	151	151	1.80555258371587e-5	4.0723940704453e-4
K03764	group	LPRD	-2.29747023609403	0.518578720352304	151	151	1.81212095883173e-5	4.0723940704453e-4
K03804	group	LPRD	-2.29760659077242	0.51854450662338	151	151	1.80800440659493e-5	4.0723940704453e-4
K03834	group	LPRD	-2.34950249768346	0.52851637327417	151	151	1.70299879606565e-5	4.0723940704453e-4
K05789	group	LPRD	-2.79365869593798	0.627963747620465	151	137	1.68014580604567e-5	4.0723940704453e-4
K05809	group	LPRD	-2.2975209332254	0.518549750020342	151	151	1.80956013064768e-5	4.0723940704453e-4
K07235	group	LPRD	-2.23344235392138	0.500930437296102	151	151	1.61361354282805e-5	4.0723940704453e-4
K07266	group	LPRD	-1.95762302974554	0.439974507941707	151	151	1.6757134644411e-5	4.0723940704453e-4
K07661	group	LPRD	-2.44115964034551	0.549744382418966	151	141	1.7378163571752e-5	4.0723940704453e-4
K07674	group	LPRD	-2.31342923778857	0.520439849181662	151	150	1.70527491582236e-5	4.0723940704453e-4
K08306	group	LPRD	-2.27080343041436	0.510314815621817	151	151	1.67290796713744e-5	4.0723940704453e-4
K08310	group	LPRD	-2.02173444827454	0.456182252216296	151	151	1.80075719261597e-5	4.0723940704453e-4
K09894	group	LPRD	-2.29744916103756	0.518580490826123	151	151	1.81253487871461e-5	4.0723940704453e-4
K09896	group	LPRD	-2.29750751364882	0.51854967636845	151	151	1.80974728150921e-5	4.0723940704453e-4
K09901	group	LPRD	-2.29740459112455	0.518566667908504	151	151	1.81229627111179e-5	4.0723940704453e-4
K09904	group	LPRD	-2.32865467514644	0.522979436178307	151	151	1.65335933059821e-5	4.0723940704453e-4
K09907	group	LPRD	-2.31285141118974	0.521120961440438	151	151	1.75437415032821e-5	4.0723940704453e-4
K09910	group	LPRD	-2.31259413769781	0.521164510499649	151	151	1.76060406822224e-5	4.0723940704453e-4
K09911	group	LPRD	-2.29759317119584	0.518544432970742	151	151	1.8081914042542e-5	4.0723940704453e-4
K09917	group	LPRD	-2.31291172955537	0.521117379352896	151	151	1.75332229187651e-5	4.0723940704453e-4
K09929	group	LPRD	-2.15599401315573	0.483176980331923	151	151	1.59032723601649e-5	4.0723940704453e-4
K09998	group	LPRD	-2.29744285857471	0.518528344474971	151	151	1.80932049740225e-5	4.0723940704453e-4
K10000	group	LPRD	-2.29744285857471	0.518528344474971	151	151	1.80932049740225e-5	4.0723940704453e-4
K11784	group	LPRD	-0.770700237968943	0.173029775478389	151	151	1.64334326019843e-5	4.0723940704453e-4
K18136	group	LPRD	-2.37942805658205	0.534128158034662	151	150	1.63902137356325e-5	4.0723940704453e-4
K18476	group	LPRD	-2.66791344071737	0.599416266010416	151	143	1.66575061852477e-5	4.0723940704453e-4
K18991	group	LPRD	-2.5786938064875	0.581511717418863	151	151	1.7816101663644e-5	4.0723940704453e-4
K19170	group	LPRD	-2.74160624009077	0.616284292376747	151	142	1.68119181017357e-5	4.0723940704453e-4
K06898	group	LPRD	-0.551578961988135	0.124661380568763	151	151	1.85492825675795e-5	4.1543281405345e-4
K02676	group	LPRD	-1.94216020525423	0.439028010205787	151	151	1.86135206423089e-5	4.1551494528456e-4
K09997	group	LPRD	-2.29622325688685	0.519153664522137	151	151	1.86714989678511e-5	4.1551494528456e-4
K03645	group	LPRD	-2.28726296475318	0.517334584880713	151	151	1.88069925428164e-5	4.1720575229475e-4
K03633	group	LPRD	-2.28648283450599	0.517375922749617	151	151	1.89506702674161e-5	4.1798918718262e-4
K09999	group	LPRD	-2.28633102111173	0.51735802492829	151	151	1.89615636981563e-5	4.1798918718262e-4
K02020	group	LPRD	-0.47521169447569	0.107627009082624	151	151	1.9265151836769e-5	4.1982421504273e-4
K02656	group	LPRD	-2.02150027611531	0.458010246741047	151	151	1.939941742036e-5	4.1982421504273e-4
K02665	group	LPRD	-1.93754248321677	0.439195723495204	151	151	1.95655466506816e-5	4.1982421504273e-4
K03583	group	LPRD	-1.99992198445793	0.453359183971781	151	151	1.95838114577707e-5	4.1982421504273e-4
K04753	group	LPRD	-2.30179733491744	0.521355446780431	151	151	1.92913226420102e-5	4.1982421504273e-4
K06205	group	LPRD	-2.27895671990787	0.516358814329425	151	151	1.94107988645463e-5	4.1982421504273e-4
K07347	group	LPRD	-2.40252769692922	0.544573739792634	151	144	1.95504745636231e-5	4.1982421504273e-4
K09916	group	LPRD	-2.43683950891199	0.552064503883318	151	142	1.93684390522691e-5	4.1982421504273e-4
K19226	group	LPRD	-2.29294038943215	0.519148540175049	151	151	1.91571607240448e-5	4.1982421504273e-4
K02380	group	LPRD	-1.99258849756234	0.451792696451035	151	151	1.96588555392101e-5	4.2014810161543e-4
K02494	group	LPRD	-2.01791866489065	0.457624182937464	151	151	1.97272074370689e-5	4.2032742897827e-4
K03214	group	LPRD	-2.2116983578259	0.502001135850586	151	151	2.00347654856573e-5	4.2241156658277e-4
K03720	group	LPRD	-2.26768355191229	0.51453927312933	151	151	1.99167274449582e-5	4.2241156658277e-4
K06175	group	LPRD	-2.05155030063001	0.465998587374557	151	151	2.03047649434632e-5	4.2241156658277e-4
K06202	group	LPRD	-2.0148042562933	0.457613561200974	151	151	2.02742295398677e-5	4.2241156658277e-4
K09801	group	LPRD	-2.01558549945043	0.457746025278162	151	151	2.02384914066928e-5	4.2241156658277e-4
K09928	group	LPRD	-1.75963001035206	0.399693016405069	151	151	2.03070895775173e-5	4.2241156658277e-4
K10110	group	LPRD	-2.22769952636981	0.50561033920306	151	150	2.00186255101394e-5	4.2241156658277e-4
K11782	group	LPRD	-0.758869400048476	0.172334420896246	151	151	2.0223124385403e-5	4.2241156658277e-4
K08997	group	LPRD	-2.79795158093186	0.635697612373932	151	135	2.03955618020414e-5	4.2299671074647e-4
K00884	group	LPRD	-2.20438396011224	0.501466527236213	151	151	2.0858997734737e-5	4.268162944983e-4
K01766	group	LPRD	-2.26584637755588	0.515414433407081	151	151	2.08344186247284e-5	4.268162944983e-4
K05946	group	LPRD	-0.592776635796363	0.134841976829802	151	151	2.08412231934764e-5	4.268162944983e-4
K07265	group	LPRD	-1.92384341882898	0.437677745520568	151	151	2.08848456982711e-5	4.268162944983e-4
K11902	group	LPRD	-2.21819419696869	0.504542221400419	151	141	2.08102333811352e-5	4.268162944983e-4
K12984	group	LPRD	-2.28047797788529	0.518923133644831	151	151	2.09645504746076e-5	4.268162944983e-4
K14682	group	LPRD	-1.96260770355153	0.446640915994778	151	151	2.10059374610434e-5	4.268162944983e-4
K18850	group	LPRD	-2.09268178747217	0.476414508873536	151	151	2.11420387982953e-5	4.2834015021979e-4
K01629	group	LPRD	0.670688915273879	0.152715029687116	151	151	2.12108065414557e-5	4.2849496788358e-4
K03599	group	LPRD	-2.00289567243502	0.456193653744624	151	151	2.13248277560687e-5	4.2856551372133e-4
K07237	group	LPRD	-2.16716215055519	0.49384820038525	151	150	2.15108423197053e-5	4.2856551372133e-4
K08992	group	LPRD	-2.22479204482587	0.506992834790554	151	151	2.151998014692e-5	4.2856551372133e-4
K09889	group	LPRD	-2.00710189358152	0.45718163273806	151	151	2.13497983672189e-5	4.2856551372133e-4
K09898	group	LPRD	-2.26328207234773	0.51573432955311	151	151	2.14978356961549e-5	4.2856551372133e-4
K01501	group	LPRD	-1.18951654545559	0.271271780371202	151	151	2.18063390282883e-5	4.3303806398952e-4
K04067	group	LPRD	-2.28301948169961	0.52088516572771	151	151	2.19844978623688e-5	4.3411642257804e-4
K11933	group	LPRD	-2.11903627508584	0.483409450619048	151	144	2.1934373891723e-5	4.3411642257804e-4
K01141	group	LPRD	-2.2113631035262	0.504890734910911	151	151	2.22611472344948e-5	4.3468145435601e-4
K02742	group	LPRD	-2.2544948130468	0.514735959077067	151	151	2.22592555305818e-5	4.3468145435601e-4
K05541	group	LPRD	-2.02456379391949	0.462120290938144	151	151	2.21575761382943e-5	4.3468145435601e-4
K06149	group	LPRD	-2.18084418489058	0.497762882346445	151	151	2.21342394163783e-5	4.3468145435601e-4
K00635	group	LPRD	-3.08081414505653	0.704141970933923	151	122	2.26819717371588e-5	4.3781760992412e-4
K02686	group	LPRD	-2.03923542950581	0.465998016657832	151	151	2.26096728355846e-5	4.3781760992412e-4
K08643	group	LPRD	-2.28056562464532	0.521210575101464	151	147	2.26596319915481e-5	4.3781760992412e-4
K13634	group	LPRD	-2.01018538752385	0.459501464148428	151	151	2.27340385181714e-5	4.3781760992412e-4
K14414	group	LPRD	-2.75648738261733	0.629719237247702	151	148	2.24936013134239e-5	4.3781760992412e-4
K04044	group	LPRD	-1.97360590228752	0.451340754660036	151	151	2.29144389742341e-5	4.3862588222985e-4
K05297	group	LPRD	-0.788082978241571	0.180219290046953	151	151	2.29005939582028e-5	4.3862588222985e-4
K09923	group	LPRD	-2.2180171263532	0.507296173893078	151	151	2.29637230782251e-5	4.3862588222985e-4
K02771	group	LPRD	-2.26604388734003	0.519204008648993	151	145	2.36995055362703e-5	4.4900955083582e-4
K02849	group	LPRD	-1.19635096330998	0.274104672282302	151	151	2.36880333087974e-5	4.4900955083582e-4
K11907	group	LPRD	-2.03879448128376	0.467000914653739	151	149	2.35786801761012e-5	4.4900955083582e-4
K12139	group	LPRD	-2.65220939547997	0.608113136308425	151	138	2.39974408657802e-5	4.5342873441811e-4
K07666	group	LPRD	-2.02500871306485	0.464453440586175	151	151	2.41332292008789e-5	4.535494281452e-4
K15777	group	LPRD	-1.14926319780631	0.263579662256842	151	151	2.41107731736809e-5	4.535494281452e-4
K09908	group	LPRD	-2.23685412436896	0.513276375679465	151	151	2.43285804014287e-5	4.5599825832624e-4
K09689	group	LPRD	-1.87523588731685	0.430444597107126	151	151	2.44750356023271e-5	4.575199988595e-4
K00404	group	LPRD	-1.27246320112047	0.292224628554822	151	151	2.46848069381884e-5	4.5804553752813e-4
K03528	group	LPRD	-2.16039075779607	0.496155984421265	151	151	2.46991744915312e-5	4.5804553752813e-4
K05501	group	LPRD	-2.19660369485583	0.504439165136288	151	151	2.46702912848553e-5	4.5804553752813e-4
K19168	group	LPRD	-1.96616514945401	0.451721891853986	151	151	2.48652630128387e-5	4.5990895440633e-4
K06899	group	LPRD	-2.23725233269464	0.514208329309907	151	151	2.50402458345684e-5	4.601741343938e-4
K09807	group	LPRD	-0.671323086333896	0.154309072578467	151	151	2.50765362822299e-5	4.601741343938e-4
K15495	group	LPRD	-1.1290981392503	0.259462657669638	151	122	2.49582094413666e-5	4.601741343938e-4
K06938	group	LPRD	-1.90297742111293	0.437614554393838	151	151	2.52786924150932e-5	4.6267267318486e-4
K09902	group	LPRD	-2.18275087396073	0.502046416541794	151	151	2.53623080345637e-5	4.6299421698513e-4
K03554	group	LPRD	-1.99468107044928	0.459014251864532	151	151	2.55818094643672e-5	4.6533967373347e-4
K09688	group	LPRD	-1.87589128455485	0.431744582902975	151	151	2.56507177773167e-5	4.6533967373347e-4
K10763	group	LPRD	-1.98679161493379	0.457308571398575	151	151	2.56899363387808e-5	4.6533967373347e-4
K03732	group	LPRD	-2.11368307157158	0.486635447060186	151	151	2.58011122906214e-5	4.661489617455e-4
K03747	group	LPRD	-1.92184751036578	0.442561914975349	151	151	2.58963931385267e-5	4.6666765013129e-4
K03577	group	LPRD	-1.84428294282997	0.424856131236486	151	151	2.60634331961368e-5	4.6847350437158e-4
K06879	group	LPRD	-2.11910939464541	0.488379865591191	151	151	2.62640639371991e-5	4.7087234833699e-4
K03535	group	LPRD	-1.87623065228856	0.432991341869203	151	150	2.68943842150052e-5	4.8094294221221e-4
K11073	group	LPRD	-1.92849981212827	0.445627600976605	151	151	2.75061590772142e-5	4.9063148888364e-4
K02552	group	LPRD	-1.12614955899479	0.260331546997374	151	151	2.77036843159205e-5	4.9146490393998e-4
K06186	group	LPRD	-1.96880624099553	0.455102812590204	151	151	2.76768076739328e-5	4.9146490393998e-4
K07640	group	LPRD	-2.14851364200294	0.496732224192333	151	151	2.77632099800617e-5	4.9146490393998e-4
K00687	group	LPRD	-2.10300401270957	0.48655362181511	151	150	2.81063957862733e-5	4.9380978494131e-4
K01274	group	LPRD	-2.18227792890094	0.50489516226525	151	146	2.81070048775443e-5	4.9380978494131e-4
K03656	group	LPRD	-1.95635790496371	0.452548073876319	151	151	2.80229382721488e-5	4.9380978494131e-4
K07717	group	LPRD	-0.794287144059724	0.183883939125047	151	151	2.84184260972329e-5	4.9679094000399e-4
K13059	group	LPRD	2.06392819910248	0.477761882648058	151	143	2.83623325787296e-5	4.9679094000399e-4
K07644	group	LPRD	-2.21398690775065	0.513166860711893	151	145	2.9012424824383e-5	5.0591317915155e-4
K03806	group	LPRD	-1.95780729618569	0.454125790666174	151	151	2.93885952309788e-5	5.0742377480089e-4
K06189	group	LPRD	-1.95540862154489	0.453549084845582	151	151	2.93657903501771e-5	5.0742377480089e-4
K07662	group	LPRD	-2.15302510414099	0.499225900261834	151	151	2.92036076312097e-5	5.0742377480089e-4
K08094	group	LPRD	-0.807689823262208	0.187298443098796	151	151	2.92520782293404e-5	5.0742377480089e-4
K03557	group	LPRD	-1.95576001875708	0.453890148741734	151	151	2.96581918802522e-5	5.106703576053e-4
K06962	group	LPRD	-0.682232280539711	0.158351306368796	151	151	2.97223260917208e-5	5.106703576053e-4
K08963	group	LPRD	-0.754852194784136	0.17529386995882	151	151	2.99785046247581e-5	5.1090025760985e-4
K11604	group	LPRD	-2.15509957364673	0.500510203975333	151	151	3.00272334001799e-5	5.1090025760985e-4
K11605	group	LPRD	-2.15517648133111	0.500502763435786	151	151	3.00009960341849e-5	5.1090025760985e-4
K18893	group	LPRD	-1.91654351228003	0.444924172835294	151	151	2.98147739693547e-5	5.1090025760985e-4
K00835	group	LPRD	-1.92627230817862	0.447679271383122	151	151	3.03923230125052e-5	5.1260772744392e-4
K03607	group	LPRD	-2.18832880551207	0.508556975012672	151	151	3.0365420930284e-5	5.1260772744392e-4
K06039	group	LPRD	-1.27527389676744	0.296398319445665	151	151	3.04200876771285e-5	5.1260772744392e-4
K09788	group	LPRD	-1.82894511362347	0.425075934051085	151	151	3.04123209449106e-5	5.1260772744392e-4
K00407	group	LPRD	-1.16681119431042	0.271279080888296	151	151	3.0594062449846e-5	5.1323481417363e-4
K01147	group	LPRD	-1.92191480969508	0.447057553830584	151	151	3.08547571983675e-5	5.1323481417363e-4
K03600	group	LPRD	-1.94993429404453	0.453468909727065	151	151	3.07302981671135e-5	5.1323481417363e-4
K03721	group	LPRD	-2.14710622175656	0.499669518946321	151	151	3.11007120577786e-5	5.1323481417363e-4
K08083	group	LPRD	-1.91063287647278	0.44465087171252	151	151	3.11162333842786e-5	5.1323481417363e-4
K09806	group	LPRD	-1.86361099360058	0.433520884597228	151	151	3.08859614706528e-5	5.1323481417363e-4
K12556	group	LPRD	-2.08695057691413	0.485378158435862	151	147	3.07798073904176e-5	5.1323481417363e-4
K13896	group	LPRD	-1.86850618894073	0.434772784295653	151	151	3.10248810294243e-5	5.1323481417363e-4
K19337	group	LPRD	-1.89812420362579	0.441592162964493	151	151	3.09374699746733e-5	5.1323481417363e-4
K07685	group	LPRD	-2.15242157183397	0.500993449145701	151	151	3.11938651004821e-5	5.1330749848445e-4
K04691	group	LPRD	-2.14581443673094	0.49960601775051	151	151	3.13560762229556e-5	5.1476837077967e-4
K18891	group	LPRD	-2.00348433635034	0.466689368517021	151	150	3.16136888355561e-5	5.1657799239451e-4
K18892	group	LPRD	-2.00348433635034	0.466689368517021	151	150	3.16136888355561e-5	5.1657799239451e-4
K07236	group	LPRD	-2.14635477973929	0.500210695457981	151	151	3.18770555266503e-5	5.1814597226218e-4
K12142	group	LPRD	-2.44419185898472	0.569678445122987	151	138	3.19313922991819e-5	5.1814597226218e-4
K12144	group	LPRD	-2.44419185898472	0.569678445122987	151	138	3.19313922991819e-5	5.1814597226218e-4
K07663	group	LPRD	-2.20399566139414	0.513983559413743	151	140	3.22410831093899e-5	5.2196303140144e-4
K12295	group	LPRD	-2.26776106784018	0.529022436133197	151	146	3.24178223949859e-5	5.2361505757799e-4
K11179	group	LPRD	-2.09313410068544	0.488393764228674	151	151	3.2541350345118e-5	5.2440199061902e-4
K06194	group	LPRD	-1.79128991733385	0.418101205550133	151	151	3.27249692666781e-5	5.2494744750437e-4
K15257	group	LPRD	-1.06667187761217	0.248967130743011	151	151	3.27193244753533e-5	5.2494744750437e-4
K02569	group	LPRD	-1.1760114847919	0.274630437583959	151	151	3.30123638419781e-5	5.2618183511056e-4
K07821	group	LPRD	-2.22691826195496	0.520059100579355	151	150	3.30271051995216e-5	5.2618183511056e-4
K13522	group	LPRD	-2.37465521315611	0.554537186720934	151	131	3.30032593658e-5	5.2618183511056e-4
K03597	group	LPRD	-2.12115771969417	0.495921731333174	151	151	3.36733587108088e-5	5.3405032706508e-4
K17754	group	LPRD	-1.51643458776899	0.354528223216376	151	86	3.36560691345188e-5	5.3405032706508e-4
K09123	group	LPRD	1.33636134916002	0.312689274817698	151	151	3.41387634704436e-5	5.4020932715081e-4
K12368	group	LPRD	-2.06215693884154	0.482595384825195	151	151	3.42360233858589e-5	5.4052820706052e-4
K00998	group	LPRD	-2.15429236648941	0.504569799801968	151	151	3.47169494613751e-5	5.4081292383164e-4
K02851	group	LPRD	-0.644837577336118	0.151009758705534	151	151	3.46326478490267e-5	5.4081292383164e-4
K03675	group	LPRD	-2.01454303265884	0.471802818647141	151	151	3.46725149986689e-5	5.4081292383164e-4
K07070	group	LPRD	-2.43180248355329	0.569240349004597	151	142	3.43788299917122e-5	5.4081292383164e-4
K11211	group	LPRD	-2.19124255022755	0.513147550603533	151	150	3.46287481342193e-5	5.4081292383164e-4
K11606	group	LPRD	-2.12698141446231	0.498008917356967	151	151	3.45223322781132e-5	5.4081292383164e-4
K01175	group	LPRD	-2.14342364106567	0.502162739956975	151	151	3.48806189031429e-5	5.4215773505772e-4
K13895	group	LPRD	-1.84655821365223	0.432703787558096	151	151	3.50056531855323e-5	5.4289740891721e-4
K10107	group	LPRD	-1.81264174958692	0.425038847808485	151	151	3.54043686331901e-5	5.4547259150176e-4
K12982	group	LPRD	-2.18555697700545	0.512584600257195	151	150	3.55249009088109e-5	5.4547259150176e-4
K13894	group	LPRD	-1.84370241650651	0.432383706330678	151	151	3.54902395804594e-5	5.4547259150176e-4
K18094	group	LPRD	-1.68161388199687	0.394416863263251	151	131	3.55607666642379e-5	5.4547259150176e-4
K18095	group	LPRD	-1.68198827844394	0.394444472528312	151	131	3.54685828636272e-5	5.4547259150176e-4
K13732	group	LPRD	-1.27628522809789	0.29954448670684	151	120	3.59587573526408e-5	5.5037312017906e-4
K04082	group	LPRD	-1.89470447242862	0.444819838915649	151	151	3.61407143610836e-5	5.5075306015477e-4
K14597	group	LPRD	-1.87213788563052	0.43951209003789	151	130	3.61270486351278e-5	5.5075306015477e-4
K00405	group	LPRD	-1.1539956273922	0.2710620549018	151	151	3.64554443913921e-5	5.5128509561944e-4
K01525	group	LPRD	-1.91151085055509	0.448901756793303	151	151	3.63274580739983e-5	5.5128509561944e-4
K02668	group	LPRD	-1.8430260494308	0.432876143450443	151	151	3.64093571714918e-5	5.5128509561944e-4
K08312	group	LPRD	-2.11851647389649	0.497646329126957	151	151	3.64901974846535e-5	5.5128509561944e-4
K03745	group	LPRD	-1.8715223186346	0.439749956750086	151	151	3.6664201954781e-5	5.5272270043659e-4
K11891	group	LPRD	-1.96322555912881	0.461461835966219	151	149	3.68863564770507e-5	5.5487845258396e-4
K07641	group	LPRD	-2.20415576658889	0.518161402352544	151	140	3.69687338066551e-5	5.5492681795428e-4
K03481	group	LPRD	-0.723813822252074	0.170239265347144	151	151	3.72727877295171e-5	5.5829538885451e-4
K07320	group	LPRD	-1.90511313783966	0.448211422029212	151	151	3.74610130738623e-5	5.5991834040037e-4
K07287	group	LPRD	-1.90907197499927	0.449206509352207	151	151	3.75509842682393e-5	5.6006893557522e-4
K11895	group	LPRD	-1.04815217216158	0.246700011716864	151	151	3.77284422572355e-5	5.6033131403224e-4
K15461	group	LPRD	-1.11676138891334	0.2628174451094	151	151	3.76535638898851e-5	5.6033131403224e-4
K02572	group	LPRD	-1.09177212012492	0.257493546929381	151	151	3.90553043429757e-5	5.775530953443e-4
K08194	group	LPRD	-1.9568271890036	0.461459285627276	151	147	3.89744289800743e-5	5.775530953443e-4
K09899	group	LPRD	-2.170724063151	0.512029444191345	151	151	3.91401722485894e-5	5.775530953443e-4
K11089	group	LPRD	-2.71764715699915	0.641112639910096	151	139	3.92175853614681e-5	5.775530953443e-4
K02682	group	LPRD	-2.17008176918628	0.512035780303034	151	151	3.93438907268865e-5	5.7819847797793e-4
K08092	group	LPRD	-1.28736636066053	0.303803006088288	151	151	3.9444197343383e-5	5.7845988154208e-4
K07479	group	LPRD	-2.16667363770336	0.511666252085542	151	151	3.99103516999941e-5	5.8290275893438e-4
K09897	group	LPRD	-2.1654313309585	0.511560352971186	151	151	4.01569393474633e-5	5.8290275893438e-4
K13543	group	LPRD	-1.64761769722638	0.389160886588411	151	131	4.00332702683879e-5	5.8290275893438e-4
K19229	group	LPRD	-2.1654313309585	0.511560352971186	151	151	4.01569393474633e-5	5.8290275893438e-4
K19230	group	LPRD	-2.16541942334181	0.511562070877431	151	151	4.01629147739387e-5	5.8290275893438e-4
K05590	group	LPRD	-2.16483375643257	0.511638170445822	151	151	4.04466746769395e-5	5.8564567643336e-4
K09891	group	LPRD	-2.16480323731184	0.511685412407426	151	151	4.05189947318378e-5	5.8564567643336e-4
K05803	group	LPRD	-2.16167780366054	0.511153808913979	151	151	4.07954873447583e-5	5.8722046465453e-4
K12292	group	LPRD	-2.07855591091389	0.491451470389128	151	145	4.07298197684493e-5	5.8722046465453e-4
K00813	group	LPRD	-1.84310570232896	0.436026473962588	151	151	4.11148233118867e-5	5.8748180707739e-4
K03930	group	LPRD	-2.01515073885031	0.476750990770084	151	147	4.11488683701859e-5	5.8748180707739e-4
K07751	group	LPRD	-2.16063225851157	0.511148443024505	151	151	4.11204882361541e-5	5.8748180707739e-4
K19227	group	LPRD	-2.16063225851157	0.511148443024505	151	151	4.11204882361541e-5	5.8748180707739e-4
K02018	group	LPRD	-0.453710307042036	0.107435700536925	151	151	4.17657182137534e-5	5.9301896527428e-4
K02521	group	LPRD	-2.15893709204374	0.511310434273418	151	151	4.18860652545094e-5	5.9301896527428e-4
K04770	group	LPRD	-2.15623354383352	0.510758576400076	151	151	4.20075477860441e-5	5.9301896527428e-4
K07215	group	LPRD	-1.85216412036879	0.438668350234404	151	151	4.19056983099466e-5	5.9301896527428e-4
K12296	group	LPRD	-2.23986547279102	0.530470001954158	151	146	4.18767522837278e-5	5.9301896527428e-4
K19228	group	LPRD	-2.15623061668414	0.51078458294731	151	151	4.20442832726564e-5	5.9301896527428e-4
K07773	group	LPRD	-2.15262524959144	0.510083479874902	151	151	4.22556151676806e-5	5.9480293639646e-4
K02568	group	LPRD	-1.03733353210046	0.24593746080834	151	151	4.26367451221927e-5	5.9896509680675e-4
K02663	group	LPRD	-1.74038148994386	0.412792800669743	151	151	4.29350249521923e-5	6.0194904982973e-4
K09892	group	LPRD	-2.09012703052357	0.495829945930282	151	151	4.30546224819342e-5	6.0242096526618e-4
K11704	group	LPRD	-1.83874323849177	0.436468282875068	151	151	4.35057573193616e-5	6.0752063507714e-4
K00823	group	LPRD	-1.07563230394782	0.255394964690111	151	151	4.37012725060762e-5	6.0903761484611e-4
K04015	group	LPRD	-1.20129635859154	0.285759457970515	151	151	4.50640474198329e-5	6.261981555198e-4
K07122	group	LPRD	-1.89182250933243	0.450090717416038	151	151	4.51834344996281e-5	6.261981555198e-4
K09895	group	LPRD	-2.05978672839188	0.490062946115707	151	151	4.52006086580629e-5	6.261981555198e-4
K09893	group	LPRD	-2.12402964436727	0.505560307397068	151	151	4.55173631741012e-5	6.293426348135e-4
K12541	group	LPRD	-1.24117334800479	0.295466394766845	151	151	4.56274455506996e-5	6.2962282147717e-4
K16958	group	LPRD	-2.09672904895439	0.499353843288396	151	147	4.59602927514721e-5	6.3296984712734e-4
K03314	group	LPRD	-2.13248761382542	0.508201697978932	151	151	4.64598615637933e-5	6.3859535208272e-4
K02531	group	LPRD	-2.05765518258992	0.490460530793779	151	146	4.66050292336933e-5	6.3933709379293e-4
K01674	group	LPRD	-2.25416964054055	0.537603542552639	151	151	4.7040197061513e-5	6.4265469770155e-4
K02567	group	LPRD	-1.01832511108676	0.242907045821706	151	151	4.71802802220125e-5	6.4265469770155e-4
K02570	group	LPRD	-1.01865420090464	0.24291244443738	151	151	4.69462065885098e-5	6.4265469770155e-4
K03203	group	LPRD	-1.48630472859395	0.354588746962349	151	151	4.7294277943072e-5	6.4265469770155e-4
K07227	group	LPRD	-1.27925540003184	0.305197131826917	151	151	4.73052530690444e-5	6.4265469770155e-4
K06212	group	LPRD	-2.13140404751726	0.508831206505089	151	151	4.78201899864068e-5	6.4839367853909e-4
K02170	group	LPRD	-1.78851351024458	0.42711266056488	151	151	4.80793305633473e-5	6.4999773863666e-4
K18997	group	LPRD	-2.43942896857241	0.582589721716403	151	149	4.81239409917871e-5	6.4999773863666e-4
K00127	group	LPRD	-0.919108037143717	0.21953874302178	151	151	4.82519557161501e-5	6.5047347994271e-4
K02553	group	LPRD	-1.75985535353178	0.420463480858058	151	151	4.84477608877523e-5	6.5185950829778e-4
K07184	group	LPRD	-2.11268310631133	0.504958033256648	151	151	4.87605000417953e-5	6.536807031997e-4
K07648	group	LPRD	-2.15564998357081	0.515233509533129	151	151	4.87696159448564e-5	6.536807031997e-4
K08589	group	LPRD	-1.26229311918295	0.301873832420586	151	151	4.92141685611888e-5	6.581163078147e-4
K12145	group	LPRD	-2.28251492546423	0.545906942759187	151	143	4.92883112129414e-5	6.581163078147e-4
K03576	group	LPRD	-1.84949633418375	0.442413681395406	151	151	4.94193140094473e-5	6.5861100989776e-4
K05548	group	LPRD	-2.44795136338892	0.585758883872603	151	137	4.96838744255229e-5	6.6088037898086e-4
K06176	group	LPRD	-1.03045380197681	0.246651090864777	151	151	4.99447731128225e-5	6.6309253697137e-4
K05851	group	LPRD	-2.11162475605889	0.50613711720091	151	151	5.1084045668665e-5	6.7417904791525e-4
K07344	group	LPRD	-0.657568546630493	0.157613678740822	151	151	5.10868064016106e-5	6.7417904791525e-4
K08159	group	LPRD	-1.35325419364425	0.324380281413398	151	151	5.11296056740249e-5	6.7417904791525e-4
K12293	group	LPRD	-2.06148527141898	0.49422323750259	151	145	5.12606893778646e-5	6.7417904791525e-4
K12294	group	LPRD	-2.04527203079359	0.4903171268966	151	146	5.12279370156195e-5	6.7417904791525e-4
K03201	group	LPRD	-2.59860533667205	0.623079074137487	151	143	5.13766751599605e-5	6.7443912522719e-4
K07246	group	LPRD	-1.73363248287469	0.416133210797585	151	149	5.22996373321647e-5	6.8442997617291e-4
K18346	group	LPRD	0.788823758496339	0.189353036347748	151	151	5.23330195761316e-5	6.8442997617291e-4
K03981	group	LPRD	-1.23483412187961	0.296452149975824	151	151	5.2438893090541e-5	6.8453750570706e-4
K14058	group	LPRD	-1.83099786378613	0.439826289480288	151	151	5.29291492185126e-5	6.8965304093266e-4
K13695	group	LPRD	-1.73648702355279	0.417450831398305	151	151	5.36105895174361e-5	6.959448750319e-4
K14187	group	LPRD	-2.11147519404914	0.507575390960689	151	151	5.35719219964263e-5	6.959448750319e-4
K00557	group	LPRD	-1.27152134201727	0.305792397972565	151	151	5.39522674420408e-5	6.9908575742829e-4
K02560	group	LPRD	-2.10492324317126	0.506291755244786	151	151	5.40770334118265e-5	6.994096018762e-4
K12999	group	LPRD	-1.91858662136875	0.462355240115942	151	127	5.57841576086343e-5	7.2016011940428e-4
K08086	group	LPRD	-2.09315686925632	0.504714157082391	151	150	5.63064662004116e-5	7.2556231979708e-4
K12372	group	LPRD	-1.97140205900723	0.475409565021693	151	151	5.64096240070488e-5	7.2556231979708e-4
K10231	group	LPRD	-1.0880945540713	0.262508852295681	151	149	5.67997911271871e-5	7.2790957184932e-4
K12369	group	LPRD	-1.97073960570939	0.475443649547022	151	151	5.67838711853877e-5	7.2790957184932e-4
K12371	group	LPRD	-1.96936271020384	0.47550061978401	151	151	5.75419925418802e-5	7.3607548853755e-4
K05802	group	LPRD	-2.06526246254747	0.498967715473235	151	151	5.81276375925031e-5	7.4221264029771e-4
K01637	group	LPRD	-1.58390750532964	0.382837660785757	151	151	5.8535027573975e-5	7.4470153047833e-4
K05787	group	LPRD	-2.05445978272157	0.496547406413322	151	151	5.84876461924606e-5	7.4470153047833e-4
K02063	group	LPRD	-1.65859693734772	0.401063271335358	151	151	5.89439911866141e-5	7.485459750329e-4
K13893	group	LPRD	-1.76865451520981	0.42778767752833	151	151	5.91926034280758e-5	7.5034385177361e-4
K00547	group	LPRD	-0.673915273983761	0.16309886478852	151	151	5.97678524518968e-5	7.5275184236514e-4
K00631	group	LPRD	-1.97173300447118	0.477089570594406	151	151	5.95599971959976e-5	7.5275184236514e-4
K08363	group	LPRD	-1.05080398335359	0.254323962243867	151	151	5.98120936087571e-5	7.5275184236514e-4
K11074	group	LPRD	-1.76812095364998	0.42791210625674603	151	151	5.97611160381699e-5	7.5275184236514e-4
K08364	group	LPRD	-1.05377372465923	0.255084219705862	151	151	5.99691596475254e-5	7.5337600202357e-4
K11896	group	LPRD	-1.0124409238533	0.245216344450645	151	151	6.05132674997765e-5	7.5885152982725e-4
K03598	group	LPRD	-1.94344958441478	0.470902511481934	151	151	6.0913822076512e-5	7.6125436061439e-4
K05952	group	LPRD	-2.20673487263879	0.534760859496668	151	151	6.10306634329939e-5	7.6125436061439e-4
K09161	group	LPRD	-2.3297597147009	0.564516928198819	151	141	6.09321291965842e-5	7.6125436061439e-4
K00124	group	LPRD	-0.775870316138596	0.188042719639706	151	151	6.11617605411762e-5	7.6153453178267e-4
K03837	group	LPRD	-2.02835844836455	0.491785290450776	151	151	6.15329761992929e-5	7.6326276898208e-4
K11075	group	LPRD	-1.77277414228523	0.429871942216459	151	151	6.16580310094828e-5	7.6326276898208e-4
K11892	group	LPRD	-1.00752845605676	0.244330231374703	151	151	6.17360898734438e-5	7.6326276898208e-4
K12370	group	LPRD	-1.95487240231986	0.473984734487727	151	151	6.15673955918654e-5	7.6326276898208e-4
K06895	group	LPRD	-0.463472376477445	0.112412906779997	151	151	6.19017438522012e-5	7.6396342324635e-4
K02664	group	LPRD	-1.67079767800343	0.405534112044163	151	151	6.26179502768763e-5	7.7087509570032e-4
K12270	group	LPRD	-1.92682403359006	0.467706207955526	151	147	6.26817124891849e-5	7.7087509570032e-4
K12268	group	LPRD	-1.91655498979227	0.465395423502792	151	147	6.30758328742442e-5	7.7300977001477e-4
K12269	group	LPRD	-1.91655498979227	0.465395423502792	151	147	6.30758328742442e-5	7.7300977001477e-4
K03184	group	LPRD	-1.97289966403171	0.479847875967583	151	151	6.47192800383104e-5	7.917664102418e-4
K03683	group	LPRD	-2.00392782735919	0.48775002311529	151	151	6.54776249285075e-5	7.9964834625233e-4
K00247	group	LPRD	-2.04942305892759	0.498991843267751	151	151	6.5831417326908e-5	7.997889696042e-4
K06077	group	LPRD	-1.99564436321148	0.485869662038893	151	151	6.57704934120914e-5	7.997889696042e-4
K15396	group	LPRD	-2.00850607558042	0.488990434718402	151	151	6.57477320391687e-5	7.997889696042e-4
K17948	group	LPRD	-2.3850585424526	0.581113811711331	151	139	6.65615080916821e-5	8.0725981266901e-4
K10109	group	LPRD	-2.05930859795041	0.502003548009837	151	150	6.71087802420782e-5	8.124914499084e-4
K15724	group	LPRD	-1.82229111413533	0.444417857356004	151	151	6.75738242339767e-5	8.1671122048306e-4
K07113	group	LPRD	-1.16575335833941	0.284466447142127	151	151	6.81969682234131e-5	8.2141021863595e-4
K09471	group	LPRD	-2.1018112330514	0.512862976786464	151	151	6.81552044954886e-5	8.2141021863595e-4
K06929	group	LPRD	-0.774070086180526	0.189067726785727	151	151	6.92343684286578e-5	8.3247499602897e-4
K03342	group	LPRD	-1.76312517041672	0.430852775411079	151	151	6.97640869722098e-5	8.3740796177258e-4
K01825	group	LPRD	-2.26537497342134	0.55392110900402	151	141	7.04346060120734e-5	8.4257096953009e-4
K04014	group	LPRD	-1.05689233131638	0.258421618173731	151	151	7.04096280775982e-5	8.4257096953009e-4
K01414	group	LPRD	-1.79466405611281	0.438994037431171	151	151	7.0866533471685e-5	8.4485442115053e-4
K15539	group	LPRD	-1.79333665207124	0.438659236952299	151	151	7.08406953637536e-5	8.4485442115053e-4
K00851	group	LPRD	-1.02829376770512	0.25165242075898	151	151	7.14069113355186e-5	8.4697537810826e-4
K03972	group	LPRD	-2.19320682268332	0.536641863220932	151	151	7.120181992866e-5	8.4697537810826e-4
K12543	group	LPRD	-1.11236199784823	0.272205788028026	151	151	7.13219081724736e-5	8.4697537810826e-4
K19416	group	LPRD	-1.22554879811373	0.300006889854562	151	151	7.17110696702453e-5	8.4914628106151e-4
K01813	group	LPRD	0.780790848498777	0.191191489397981	151	151	7.20596669889111e-5	8.5183518649623e-4
K01091	group	LPRD	-0.15968720556915	0.039120032361682	151	151	7.25732832731138e-5	8.5646248441839e-4
K07400	group	LPRD	-1.98330417398481	0.485933368901272	151	151	7.2727316384596e-5	8.5683779471599e-4
K00210	group	LPRD	-1.42659869430305	0.349789622432305	151	150	7.35716580875117e-5	8.6533107918365e-4
K02498	group	LPRD	-1.79385029387029	0.439920719503338	151	151	7.37940069780219e-5	8.6649244374528e-4
K11901	group	LPRD	-0.994461336711245	0.243932107920146	151	151	7.40430712595012e-5	8.6796309285803e-4
K02667	group	LPRD	-1.74399333014813	0.427868361461473	151	151	7.4269831651214e-5	8.6916781281303e-4
K08309	group	LPRD	-0.729622040486154	0.179029879686478	151	151	7.44376204007316e-5	8.6967953168188e-4
K00442	group	LPRD	0.954720184367405	0.234426899684266	151	17	7.526163540867e-5	8.7493211312566e-4
K03458	group	LPRD	-0.530742128104894	0.130299403786463	151	151	7.5064305385702e-5	8.7493211312566e-4
K09713	group	LPRD	0.955005062206125	0.234495962071707	151	17	7.52571524211972e-5	8.7493211312566e-4
K09794	group	LPRD	-1.20373043834943	0.295687262289828	151	151	7.57319066567532e-5	8.7894149944344e-4
K00311	group	LPRD	-1.5343832871825	0.377067848780884	151	151	7.62330154595786e-5	8.8329493945726e-4
K06957	group	LPRD	-2.03170287483786	0.499548748824212	151	151	7.68752208987893e-5	8.8926616914276e-4
K00832	group	LPRD	-0.507042573380202	0.124782052236636	151	151	7.79655387615203e-5	9.0039279525248e-4
K14983	group	LPRD	-1.7884694032543	0.440189117485917	151	151	7.81065590281841e-5	9.005377940585e-4
K15778	group	LPRD	-1.00611399434993	0.247760273570355	151	151	7.87476438680957e-5	9.0643839657693e-4
K04774	group	LPRD	-1.96242617382918	0.483320305381191	151	151	7.89102315095209e-5	9.0682085718318e-4
K03767	group	LPRD	-0.71476446146164	0.176057747072904	151	151	7.90538744898109e-5	9.0698471386837e-4
K03473	group	LPRD	-0.563270493394769	0.13884273399048	151	151	7.99526006217145e-5	9.1281389309156e-4
K06181	group	LPRD	-1.7523160795668	0.43189194743522	151	151	7.98275566668307e-5	9.1281389309156e-4
K07488	group	LPRD	-1.56113686324763	0.384797991763459	151	151	7.99113624455708e-5	9.1281389309156e-4
K01032	group	LPRD	-2.12281226570343	0.523538346954862	151	139	8.06189227780975e-5	9.1594594598778e-4
K01611	group	LPRD	-0.654804785748944	0.161484105879668	151	151	8.0563957115776e-5	9.1594594598778e-4
K07286	group	LPRD	-1.04386079842161	0.257389573424808	151	151	8.03626522973095e-5	9.1594594598778e-4
K14267	group	LPRD	-1.54380553681942	0.380936900922923	151	151	8.12691297519186e-5	9.2183915786561e-4
K03809	group	LPRD	-1.64760007414509	0.406628604510516	151	151	8.15195597559625e-5	9.2318596751098e-4
K15984	group	LPRD	-1.56979688940772	0.38762951382368	151	151	8.21871610944186e-5	9.2924516011592e-4
K07588	group	LPRD	-0.643254905247251	0.158923391157936	151	151	8.2871790500322e-5	9.3397307300202e-4
K08084	group	LPRD	-1.51148662976809	0.373421408236966	151	151	8.28426435340839e-5	9.3397307300202e-4
K08319	group	LPRD	-2.22281730682577	0.549321140545934	151	127	8.32224284989358e-5	9.3641929980343e-4
K14982	group	LPRD	-1.78106025078794	0.440252955447645	151	151	8.35244177083674e-5	9.3831116688406e-4
K03582	group	LPRD	-1.27389983558557	0.314967038492429	151	151	8.38424811942549e-5	9.4037726907476e-4
K10907	group	LPRD	-0.60833985187598	0.1504331387242	151	151	8.4045054204694e-5	9.4114349836246e-4
K11893	group	LPRD	-0.987368019813139	0.24420773097452	151	151	8.42953327166458e-5	9.4244064169647e-4
K07109	group	LPRD	-1.93163182677155	0.477932113127211	151	151	8.47836423919819e-5	9.4639065791049e-4
K01682	group	LPRD	-1.00388959251804	0.248560170456673	151	151	8.57087627498358e-5	9.5216866382939e-4
K01690	group	LPRD	-1.64815907671797	0.408036676357893	151	151	8.55695698498621e-5	9.5216866382939e-4
K03746	group	LPRD	-1.91910508157718	0.475129785781868	151	151	8.56106138666396e-5	9.5216866382939e-4
K12542	group	LPRD	-1.1017812312106	0.272855794062709	151	151	8.59914413208463e-5	9.5379747414419e-4
K11706	group	LPRD	-1.72829599208472	0.428432229721913	151	151	8.73086034239587e-5	9.668772669857e-4
K06864	group	LPRD	-0.509228895600178	0.126341401288545	151	151	8.84623170983469e-5	9.7503277179152e-4
K11068	group	LPRD	0.229653498756406	0.056966500873973	151	151	8.81914191305787e-5	9.7503277179152e-4
K11906	group	LPRD	-0.935550589080905	0.23209212128615	151	150	8.8337959467613e-5	9.7503277179152e-4
K07121	group	LPRD	-1.96404839945383	0.487673971253778	151	151	8.95534867100511e-5	9.8438299421676e-4
K07571	group	LPRD	-0.658293444950079	0.163459008665342	151	151	8.9591490771797e-5	9.8438299421676e-4
K03673	group	LPRD	-1.19351428550179	0.296434566747458	151	151	8.99483519911288e-5	9.8521554290283e-4
K09800	group	LPRD	-0.898760816515277	0.223222207579228	151	151	8.9922941385087e-5	9.8521554290283e-4
K05939	group	LPRD	-0.894177698655054	0.222122158087608	151	151	9.01620869828657e-5	9.856784684796e-4
K07468	group	LPRD	1.01722595486363	0.252733948633703	151	37	9.04124472514106e-5	9.856784684796e-4
K11076	group	LPRD	-1.72585252293272	0.428779958891199	151	151	9.03631810559004e-5	9.856784684796e-4
K07220	group	LPRD	-0.749662599291616	0.186342650354289	151	151	9.10572829255636e-5	9.9116700824254e-4
K00068	group	LPRD	-0.746341029893425	0.185557224183754	151	151	9.13617565630842e-5	9.9293940078638e-4
K09798	group	LPRD	-0.894770544077324	0.222652912512522	151	151	9.25875708607287e-5	0.00100470413581069
K10206	group	LPRD	-0.544126750190385	0.135460501892186	151	151	9.32317511102072e-5	0.00101013071913841
K05805	group	LPRD	-1.58683591680639	0.395719687157801	151	151	9.57114126517711e-5	0.00103380123680881
K09857	group	LPRD	-1.6871395149457	0.420730378770517	151	151	9.57020905280979e-5	0.00103380123680881
K01460	group	LPRD	-2.24190116268546	0.560019709582602	151	143	9.82086665199687e-5	0.00105914269585382
K10108	group	LPRD	-1.95753109520104	0.4892644333921	151	150	9.90691280660724e-5	0.00106678124077292
K09006	group	LPRD	1.01402588973847	0.25364804497078	151	37	1.0028544729963e-4	0.00107822237050681
K03808	group	LPRD	-1.73589333626143	0.434651488950167	151	151	1.0182906679114e-4	0.00109147057829652
K07043	group	LPRD	-0.236310020027702	0.0591681907530521	151	151	1.0178632814192e-4	0.00109147057829652
K11903	group	LPRD	-0.969982249012691	0.243330947944757	151	151	1.0477503651138e-4	0.00112133283350354
K05685	group	LPRD	-1.06210196428985	0.266658803567443	151	151	1.0608529875565e-4	0.00113362491505657
K01659	group	LPRD	-1.66626867534167	0.418407282205019	151	151	1.0632410309791e-4	0.00113444743183624
K11747	group	LPRD	-1.8252238201731	0.458795725461434	151	151	1.0800009508492e-4	0.00115057852058561
K03831	group	LPRD	-0.95393548540326	0.239959104151234	151	151	1.0918973557128e-4	0.00115972734296164
K08304	group	LPRD	-1.69424838649717	0.426180214496655	151	151	1.0918205229497e-4	0.00115972734296164
K06190	group	LPRD	-1.70935131994546	0.430313790478462	151	151	1.1047037915335e-4	0.00117155424790471
K08986	group	LPRD	-1.46425713450336	0.369136867875925	151	150	1.1285551367318e-4	0.00119504101336708
K07153	group	LPRD	-1.91508250180868	0.483812081579793	151	151	1.164984476181e-4	0.00123175583379021
K02471	group	LPRD	-1.53531437729641	0.387932765476438	151	151	1.1677980189032e-4	0.00123287110128194
K09943	group	LPRD	-0.988971538071072	0.250061670906332	151	151	1.1801078448358e-4	0.00124399338230062
K00188	group	LPRD	0.77614072175153	0.196289825912815	151	19	1.1839343118843e-4	0.00124615308202847
K03548	group	LPRD	-1.91558884463295	0.484587834883404	151	151	1.1885449765342e-4	0.00124836536140538
K06968	group	LPRD	-1.87351025549578	0.473971257578215	151	151	1.1895978051623e-4	0.00124836536140538
K00836	group	LPRD	-1.62638026361921	0.411679673100376	151	151	1.1995182711487e-4	0.00125689433195107
K07402	group	LPRD	-0.612068992620435	0.154983782509687	151	151	1.205659374975e-4	0.00126144361471271
K16915	group	LPRD	-1.32210406036855	0.335182948641751	151	151	1.2278142448087e-4	0.00128270906946491
K07234	group	LPRD	-1.28517262306779	0.325904597358129	151	151	1.2325697005538e-4	0.00128404515199912
K11183	group	LPRD	-1.79957717630701	0.456356164379502	151	151	1.2327566152573e-4	0.00128404515199912
K06192	group	LPRD	-1.61068752823736	0.408503572774184	151	151	1.2349184271657e-4	0.00128438845317977
K00285	group	LPRD	-1.08866319587634	0.276158113454259	151	151	1.2382957676719e-4	0.00128599308613046
K08990	group	LPRD	-1.88241578173715	0.47758835824948	151	151	1.2414349677167e-4	0.00128734602421516
K03573	group	LPRD	-1.92248633381837	0.487954408348267	151	151	1.249015871142e-4	0.00129329412949858
K06310	group	LPRD	1.40675276261571	0.357252810226651	151	148	1.259394786764e-4	0.00130019991976669
K10747	group	LPRD	-0.984618429470071	0.250041291415933	151	151	1.25878753151e-4	0.00130019991976669
K18302	group	LPRD	-2.01934594455283	0.512946913822986	151	141	1.2638726584064e-4	0.00130290401991607
K07115	group	LPRD	-1.61240587885343	0.409682679813572	151	151	1.2686991307601e-4	0.00130595901712611
K04760	group	LPRD	-1.68584399226615	0.4286534594779	151	151	1.2824497064275e-4	0.00131817777742775
K15921	group	LPRD	2.08387189891763	0.529911947944248	151	98	1.2843652081263e-4	0.00131821377876506
K00568	group	LPRD	-1.60533872011351	0.40835693449684	151	151	1.2905374891823e-4	0.00132261225134036
K00880	group	LPRD	-1.52247936198128	0.387582600832275	151	151	1.3055585248079e-4	0.00133605332246766
K16840	group	LPRD	-2.81922367209465	0.718411629215149	151	127	1.3248428364033e-4	0.00135381170308856
K00992	group	LPRD	-1.64905913144334	0.420303750632256	151	151	1.328595398155e-4	0.00135567012242606
K05527	group	LPRD	-1.67015197388641	0.425784185950576	151	151	1.3334115882473e-4	0.00135860686535086
K02574	group	LPRD	-0.825970442986076	0.210688844625725	151	151	1.3444812921221e-4	0.00136789751201393
K01894	group	LPRD	-1.080610140457	0.275750800556033	151	151	1.352290213387e-4	0.00137248845512234
K03758	group	LPRD	-1.54220095835549	0.393552079515648	151	151	1.3529094472033e-4	0.00137248845512234
K02549	group	LPRD	-0.907393737502371	0.231746524539173	151	151	1.3693398036336e-4	0.00138514747813448
K03643	group	LPRD	-1.6616977889757	0.424380236869464	151	151	1.368674817025e-4	0.00138514747813448
K07669	group	LPRD	-1.36322339689098	0.348323218151038	151	151	1.3785459188811e-4	0.00139245056071425
K03611	group	LPRD	-1.04660796041784	0.267883534411725	151	151	1.4137635504452e-4	0.00142596870339876
K06013	group	LPRD	-0.782372731820799	0.200350189470473	151	151	1.424006702748e-4	0.00143423663595748
K00520	group	LPRD	-2.07893561172289	0.532731718325256	151	132	1.4380587755171e-4	0.00144217339290059
K03651	group	LPRD	-1.85122396736116	0.474379212853953	151	151	1.4380185588305e-4	0.00144217339290059
K09773	group	LPRD	-0.800469068155361	0.205096306582018	151	151	1.4354349464892e-4	0.00144217339290059
K02573	group	LPRD	-0.821087554330524	0.210435062682826	151	151	1.4410208708934e-4	0.00144307947213756
K05786	group	LPRD	-0.894099613607437	0.229293853045462	151	151	1.4545559549372e-4	0.0014545559549372
K00411	group	LPRD	-0.967432627589962	0.248302962964402	151	151	1.4719947054312e-4	0.00146989784687645
K02016	group	LPRD	-0.137666709176802	0.0353474980825365	151	151	1.4803480287383e-4	0.00147613651229817
K11900	group	LPRD	-0.939695107887107	0.241311647275171	151	151	1.4834093507047e-4	0.00147708800403985
K18830	group	LPRD	-1.79511588825626	0.461074400172659	151	149	1.4877546262578e-4	0.00147931346525781
K02339	group	LPRD	-1.64671363555811	0.423289393113784	151	151	1.5048440910419e-4	0.00149013126654554
K09823	group	LPRD	-0.959275120680777	0.246584516593051	151	151	1.5050113219889e-4	0.00149013126654554
K17734	group	LPRD	0.950577234575052	0.244332140427684	151	151	1.5035284516964e-4	0.00149013126654554
K00246	group	LPRD	-0.957455532849119	0.246284501479916	151	151	1.5199889285579e-4	0.00150283813669834
K11910	group	LPRD	-0.938556795511231	0.241455940153945	151	150	1.5229847132004e-4	0.00150367927317398
K00245	group	LPRD	-0.954324487588487	0.24568349868047001	151	151	1.5384660761826e-4	0.0015146976396124
K02168	group	LPRD	-0.990954593162684	0.255107583150157	151	151	1.5379364592389e-4	0.0015146976396124
K08305	group	LPRD	-1.65405320674199	0.425876718010507	151	151	1.541269336083e-4	0.0015153293192065
K11249	group	LPRD	0.88662340395687	0.22834591470263	151	151	1.5474382286595e-4	0.0015192635830397
K07552	group	LPRD	-0.662872186599368	0.170775319919051	151	151	1.5547501708433e-4	0.00152430751015545
K09777	group	LPRD	-0.685211101034516	0.176578863508441	151	151	1.560934543686e-4	0.00152823340101107
K11705	group	LPRD	-1.55124020441722	0.399959632168571	151	151	1.5725691077499e-4	0.00153747691008748
K16066	group	LPRD	-1.75727715549295	0.453300788623777	151	151	1.5835588214475e-4	0.00154606508890633
K01192	group	LPRD	0.749789628121711	0.193448000926862	151	151	1.587707558172e-4	0.00154795966380889
K01166	group	LPRD	-1.88386936923588	0.486355024411046	151	151	1.6024465710777e-4	0.00155368609450278
K01737	group	LPRD	-0.321108500532242	0.0828893209186217	151	151	1.5994741571542e-4	0.00155368609450278
K07248	group	LPRD	-1.55068615235193	0.400296301559713	151	151	1.6000534207321e-4	0.00155368609450278
K07699	group	LPRD	0.880266479586819	0.227242205864939	151	151	1.6009667558619e-4	0.00155368609450278
K06945	group	LPRD	-1.6094890093172	0.415818984581997	151	151	1.6192335810695e-4	0.00156779384023444
K00583	group	LPRD	0.929043795770948	0.240147429087598	151	17	1.631394830288e-4	0.0015730505860136
K07096	group	LPRD	-1.44721125229175	0.374080345190686	151	137	1.6309189425603e-4	0.0015730505860136
K07392	group	LPRD	0.929043795770948	0.240147429087598	151	17	1.631394830288e-4	0.0015730505860136
K10013	group	LPRD	-2.25563638564538	0.584090027592939	151	126	1.6734796389432e-4	0.00161141377321323
K15256	group	LPRD	-0.72070438572844	0.186754814155481	151	151	1.6903763018586e-4	0.00162545101180093
K00125	group	LPRD	0.679166410358609	0.17613279475458	151	17	1.7099847668943e-4	0.00164205386519582
K01638	group	LPRD	-1.47655445591069	0.38302143159115	151	151	1.7161757376417e-4	0.00164574444881923
K00100	group	LPRD	-0.412228998061962	0.106946250298037	151	151	1.7192008064366e-4	0.00164639312201101
K09128	group	LPRD	1.56951331184661	0.40731829164843	151	148	1.7272588606686e-4	0.00165185328967081
K00712	group	LPRD	-1.44911551448979	0.376624680000132	151	147	1.7638383487958e-4	0.0016845377145857
K03637	group	LPRD	-0.518863204068514	0.134892704628148	151	151	1.771377907369e-4	0.00168943661641595
K00412	group	LPRD	-0.950211231067858	0.247069239829685	151	151	1.7750429200261e-4	0.00169063191160101
K02427	group	LPRD	-1.5875762287534	0.412950486287829	151	151	1.7846767216322e-4	0.00169750119655926
K07125	group	LPRD	-1.94108669058284	0.505672573023841	151	123	1.8237673262074e-4	0.00172958735783927
K09930	group	LPRD	-1.6577874049619	0.431904319102796	151	151	1.8258126174052e-4	0.00172958735783927
K18148	group	LPRD	-2.1446386176951	0.55869155079445	151	147	1.8233802052734e-4	0.00172958735783927
K14393	group	LPRD	-1.3449116721951	0.350831548840232	151	151	1.8587068506181e-4	0.00175837179795316
K18918	group	LPRD	-1.29934369181246	0.339555274646809	151	144	1.9066840468853e-4	0.0018013281898472
K02430	group	LPRD	-1.61876502931297	0.42310887320582	151	151	1.9117728224518e-4	0.00180370491055015
K07340	group	LPRD	-1.74457763090825	0.456198470512087	151	151	1.9239527480145e-4	0.00181275655424484
K10678	group	LPRD	-1.49466169073421	0.390929345361868	151	151	1.9297069031012e-4	0.00181573763634092
K01251	group	LPRD	-0.718874754255763	0.188322340713714	151	151	1.9736295434949e-4	0.00185457682304282
K01583	group	LPRD	-1.72988851712599	0.453326392622512	151	148	1.9828802574275e-4	0.00186077518133425
K09159	group	LPRD	-1.62239383661125	0.425328748273376	151	151	1.9941881890546e-4	0.0018688849204911
K07278	group	LPRD	-1.59997953813195	0.419696954914189	151	151	2.01057955173e-4	0.00188173066189951
K02064	group	LPRD	-1.26832394444483	0.332823418038348	151	151	2.0211590268459e-4	0.00188910997042538
K02062	group	LPRD	-1.46905747674546	0.385677477766206	151	151	2.0343821639714e-4	0.00189893727955253
K04568	group	LPRD	-1.70261981135997	0.447465548731857	151	151	2.0645697747461e-4	0.00192455240970355
K19299	group	LPRD	2.00271344925095	0.526587438853995	151	99	2.0785742495285e-4	0.00193503392950798
K00413	group	LPRD	-0.942171462875208	0.247785230255992	151	151	2.0848629232316e-4	0.0019383142031636
K03537	group	LPRD	1.35460492905329	0.356343408574655	151	30	2.0923008061201e-4	0.00194265280144399
K00853	group	LPRD	-0.759307730426425	0.199874372501765	151	151	2.111451739636e-4	0.00195784083265196
K07131	group	LPRD	-1.56401122653044	0.411817207676987	151	151	2.1199756202731e-4	0.00196055792851118
K11905	group	LPRD	-0.89281462837059	0.235080529135859	151	150	2.1193447278172e-4	0.00196055792851118
K13637	group	LPRD	-1.8810243251663	0.495417824769627	151	142	2.1276588507071e-4	0.00196507095434214
K00956	group	LPRD	-0.428604778640484	0.112902018957947	151	151	2.1322755266293e-4	0.00196674361074628
K09685	group	LPRD	-0.657490189574537	0.173266696654273	151	151	2.1447097531682e-4	0.00197561305778045
K09912	group	LPRD	-2.23236451894029	0.588453982303469	151	144	2.1530918605949e-4	0.00198013424399778
K12262	group	LPRD	-1.59102905548942	0.419427587324118	151	151	2.1552673725681e-4	0.00198013424399778
K03182	group	LPRD	-0.872792017826027	0.230322993546824	151	151	2.1864062079558e-4	0.00200611354944636
K03306	group	LPRD	-0.686320099131383	0.181140851041484	151	151	2.1908309381784e-4	0.00200754573550731
K02533	group	LPRD	-1.50771334998515	0.397995467069301	151	151	2.1957204205269e-4	0.00200939949711411
K16088	group	LPRD	-1.17306532561281	0.309893654046225	151	151	2.2190946227008e-4	0.00202814254304214
K09862	group	LPRD	-1.58416422796734	0.419167509274527	151	151	2.2690018782411e-4	0.00207105509980088
K03750	group	LPRD	-0.457076784698427	0.120981646595544	151	151	2.2793569085481e-4	0.00207780129114728
K07008	group	LPRD	-1.47345282913948	0.390048033562296	151	151	2.2831005080032e-4	0.00207851098196136
K03715	group	LPRD	-1.66116853256043	0.440043923449746	151	135	2.3050379487593e-4	0.00209576083278895
K07492	group	LPRD	-1.82072821120429	0.482370339988881	151	130	2.3089369343349e-4	0.002096586516799
K01598	group	LPRD	-1.5488565653413	0.410738660514999	151	150	2.3398744235037e-4	0.00212193010462631
K05844	group	LPRD	-1.76437890743976	0.468193278337687	151	150	2.3606753139898e-4	0.00213802764225693
K10806	group	LPRD	-0.987388657330204	0.262166053084493	151	151	2.3798330337653e-4	0.00215259736344448
K11607	group	LPRD	-1.33831510090632	0.355560662964062	151	151	2.4000381111089e-4	0.00216807566480328
K07112	group	LPRD	-0.683093322533186	0.181525172721801	151	151	2.407757360026e-4	0.00217224956161938
K07390	group	LPRD	-1.58020647733153	0.419972030676517	151	151	2.4115463322338e-4	0.00217287143816955
K05998	group	LPRD	-1.78889604463462	0.475623138661631	151	110	2.4246456549009e-4	0.00218186983836399
K01008	group	LPRD	-0.435448341855079	0.115855396833088	151	151	2.4478670221119e-4	0.00219994202884679
K07102	group	LPRD	-1.56964487944372	0.417794694732378	151	151	2.4619575354966e-4	0.00220977238461349
K09913	group	LPRD	-1.39989253999128	0.372834382462242	151	151	2.4822025955589e-4	0.00221994596876387
K11176	group	LPRD	0.955544448971143	0.254491992436322	151	19	2.4823568037543e-4	0.00221994596876387
K16331	group	LPRD	1.43376518414957	0.381862339792032	151	146	2.4827926383892e-4	0.00221994596876387
K19145	group	LPRD	-1.90003147069521	0.506127085132616	151	123	2.4882734679102e-4	0.00222201235796824
K07713	group	LPRD	-0.512124696158162	0.136515305500586	151	151	2.5124283791653e-4	0.00224072810915381
K19784	group	LPRD	-1.50438218914221	0.401427514070579	151	151	2.547689525364e-4	0.00226928889108034
K01920	group	LPRD	-1.48400347661771	0.396135729583513	151	151	2.5605329139067e-4	0.00227783448305662
K08311	group	LPRD	-1.02480520488969	0.273710956409286	151	151	2.5800291804648e-4	0.00229226927187054
K10010	group	LPRD	-1.07093052822754	0.286286428196728	151	151	2.6116386866356e-4	0.0023174161004197
K00881	group	LPRD	1.84265306141439	0.492668924412792	151	113	2.6175433622777e-4	0.00231971921233466
K03676	group	LPRD	-1.50269998414416	0.402021864323487	151	151	2.6394009316896e-4	0.00233362763319066
K15269	group	LPRD	-1.12202827449028	0.300183753491631	151	151	2.6398954538091e-4	0.00233362763319066
K07323	group	LPRD	-1.14753110000007	0.307134421413425	151	151	2.6548439828522e-4	0.00234093790186094
K14051	group	LPRD	-1.54202261878427	0.412688900181257	151	115	2.6521919599101e-4	0.00234093790186094
K16792	group	LPRD	1.63714912541819	0.438302384105774	151	57	2.6649451888719e-4	0.00234689268517495
K07394	group	LPRD	-2.0460702943026	0.54787039444452	151	139	2.6709178503752e-4	0.00234920127115814
K06918	group	LPRD	-1.73577405316483	0.466044321397376	151	151	2.7706389165758e-4	0.0024322605843279
K19084	group	LPRD	1.32150501030569	0.354831386325144	151	110	2.7722913079571e-4	0.0024322605843279
K00795	group	LPRD	-1.01459887234772	0.272589381399463	151	151	2.7948859368698e-4	0.00244901880218216
K03976	group	LPRD	-0.250047110835114	0.0672391725520276	151	151	2.8285480276551e-4	0.00247542093306653
K01922	group	LPRD	-1.52840488843863	0.411260572401874	151	151	2.8530249210181e-4	0.00249062324985521
K19079	group	LPRD	1.5298422532615	0.411625358320928	151	40	2.8509773267559e-4	0.00249062324985521
K00257	group	LPRD	-0.538790384531596	0.144998861284305	151	151	2.8588687652728e-4	0.00249262065230881
K08166	group	LPRD	-2.0985649811604	0.564835096065612	151	141	2.8636948461581e-4	0.00249372681634391
K04767	group	LPRD	-0.884506150069136	0.238149910886775	151	151	2.8770429654011e-4	0.00250224208281169
K19239	group	LPRD	-1.88374906450038	0.507700063825887	151	123	2.9159418849525e-4	0.00253293093104303
K14561	group	LPRD	0.910633919604295	0.245479882405567	151	17	2.9238662104624e-4	0.00253667105635422
K07261	group	LPRD	-1.74339821216278	0.470328041254948	151	151	2.9539784239428e-4	0.00255962778143877
K02804	group	LPRD	0.496881018960403	0.134173818482632	151	151	2.9916168921198e-4	0.0025890412856494
K02671	group	LPRD	-1.75314961419227	0.473494307699874	151	151	2.9990274962433e-4	0.00258906191486031
K19334	group	LPRD	-1.7032725625159	0.459982224242877	151	133	2.995441949998e-4	0.00258906191486031
K06920	group	LPRD	-0.157136650225776	0.0424663645915372	151	151	3.0241965018859e-4	0.00260757902561136
K00078	group	LPRD	1.74038196817495	0.470549900756783	151	63	3.04222767351e-4	0.00261990368443558
K01201	group	LPRD	0.823402823561618	0.222729312908451	151	151	3.0613287602172e-4	0.00263311835694763
K02193	group	LPRD	-1.44776097620627	0.39196956903862	151	151	3.0981955621481e-4	0.00266156260914933
K03417	group	LPRD	-1.38394267738311	0.374956640918875	151	151	3.1274972586323e-4	0.00268344624027081
K13283	group	LPRD	-1.73955878081995	0.4719999755357	151	150	3.189257068349e-4	0.00273266780931399
K18384	group	LPRD	1.40148154167304	0.380299013481692	151	121	3.1926603934781e-4	0.00273266780931399
K00284	group	LPRD	-0.525183977221599	0.142696751654867	151	151	3.2481006612619e-4	0.00277672995554219
K03089	group	LPRD	-1.53346585671708	0.416944980998521	151	151	3.2780887252856e-4	0.00279895273620617
K00205	group	LPRD	1.06211210603139	0.288933341086453	151	19	3.3003509498897e-4	0.00281453286602523
K07233	group	LPRD	-1.84247456922993	0.501422169288089	151	149	3.3179127103656e-4	0.0028260714580393
K13926	group	LPRD	-1.53101039415119	0.417002696924487	151	149	3.3542194717069e-4	0.00285352894377012
K01226	group	LPRD	0.530005825674091	0.144451718793797	151	151	3.3829381605023e-4	0.00286728248699107
K03571	group	LPRD	-0.664665959660009	0.181160537302359	151	151	3.384792240001e-4	0.00286728248699107
K03752	group	LPRD	-0.684269916618571	0.186511956876596	151	151	3.3867473598125e-4	0.00286728248699107
K07684	group	LPRD	-1.20879088053509	0.329394553437836	151	151	3.3750743631405e-4	0.00286728248699107
K00336	group	LPRD	-0.413726682056001	0.112798744560691	151	151	3.3981994244503e-4	0.0028735075953434
K02196	group	LPRD	-1.69241566120579	0.461940189099712	151	151	3.4487140004475e-4	0.00291270905339008
K03274	group	LPRD	-0.523486837452451	0.1428992742965	151	151	3.4534618308903e-4	0.00291320907756212
K18139	group	LPRD	-0.839319008990456	0.229162601876641	151	151	3.4631145148435e-4	0.00291784047464585
K01524	group	LPRD	-0.334101767740942	0.091342604180268	151	151	3.5240032547265e-4	0.00296557776898352
K13652	group	LPRD	0.791962026601636	0.216561617347937	151	151	3.5327718374412e-4	0.00296939215593081
K00383	group	LPRD	-1.48244877587147	0.40562879982738	151	151	3.561807180397e-4	0.00299021177659682
K13015	group	LPRD	-1.29158517710487	0.353502012135016	151	151	3.5746578171176e-4	0.00299741044234389
K02970	group	LPRD	-0.0900808134474803	0.0246748114636765	151	151	3.6127411503882e-4	0.0030185119742815
K10914	group	LPRD	-1.20878164578779	0.331096392757436	151	151	3.6111196466589e-4	0.0030185119742815
K19349	group	LPRD	-1.17544897097051	0.321924883492216	151	118	3.6050709468802e-4	0.0030185119742815
K19425	group	LPRD	1.87615792193063	0.514549723017042	151	115	3.6713351643108e-4	0.00306381660735941
K15540	group	LPRD	-2.1582261081696	0.591974653628389	151	133	3.6766417493276e-4	0.00306459674943955
K00218	group	LPRD	1.81915754716015	0.499407402639324	151	119	3.7185324756956e-4	0.00309583285684404
K02423	group	LPRD	-1.8741548929791	0.51473708977439	151	142	3.7403113681618e-4	0.00311027078182855
K02626	group	LPRD	0.713444317164147	0.195979465240454	151	151	3.7481999538694e-4	0.00311075211511605
K16022	group	LPRD	1.33580154947784	0.366949587502651	151	38	3.7497653884066e-4	0.00311075211511605
K18119	group	LPRD	0.761364934687313	0.209223315321576	151	151	3.7669118777134e-4	0.00312128277337724
K05788	group	LPRD	-1.4553247782815	0.399998221722229	151	151	3.7760239238219e-4	0.00312513904439104
K10009	group	LPRD	-0.980189137526197	0.269506427496212	151	151	3.7942202500358e-4	0.00313649574914517
K03207	group	LPRD	-1.53154962919745	0.421275543066119	151	102	3.814177891055e-4	0.00314927997836227
K07019	group	LPRD	-1.26230736606092	0.34741665305048	151	151	3.8427337061217e-4	0.0031691250917545
K00574	group	LPRD	-0.783459803402961	0.215790811405278	151	151	3.8807410371619e-4	0.00319670912696887
K12995	group	LPRD	0.780915027148515	0.215112660421432	151	151	3.8860490032052e-4	0.0031973243559235702
K03186	group	LPRD	-0.801567611652895	0.220987939893802	151	151	3.928567035104e-4	0.00322851757515581
K10954	group	LPRD	-1.69904657764332	0.469112257331497	151	150	4.0042041349159e-4	0.00328682330044041
K13874	group	LPRD	-1.88390408407353	0.520341643502654	151	114	4.0230151444491e-4	0.00329840189036124
K08359	group	LPRD	-1.29331443324478	0.357498707129166	151	119	4.0637430251827e-4	0.00332790170637041
K13954	group	LPRD	-1.00066885265816	0.276663083322346	151	151	4.074623549279e-4	0.00333291844579303
K02197	group	LPRD	-1.36411158622523	0.377610646834663	151	151	4.1392934297917e-4	0.0033818702730583
K01778	group	LPRD	-0.18468173659415	0.0511496660667294	151	151	4.1667735790427e-4	0.00339123233460502
K02199	group	LPRD	-1.6684188755146	0.462116061832895	151	151	4.1701030990435e-4	0.00339123233460502
K09024	group	LPRD	-2.08212302269885	0.576633951599711	151	139	4.1637022552136e-4	0.00339123233460502
K10037	group	LPRD	-1.79183295713643	0.496271541558788	151	128	4.1671415995499e-4	0.00339123233460502
K00319	group	LPRD	0.879405339114094	0.243938432417433	151	19	4.2500030331093e-4	0.00340097274681522
K00400	group	LPRD	0.879405339114083	0.243938432417433	151	19	4.25000303311e-4	0.00340097274681522
K00578	group	LPRD	0.879405339114094	0.243938432417433	151	19	4.2500030331093e-4	0.00340097274681522
K00579	group	LPRD	0.879405339114094	0.243938432417433	151	19	4.2500030331093e-4	0.00340097274681522
K00580	group	LPRD	0.879405339114094	0.243938432417433	151	19	4.2500030331093e-4	0.00340097274681522
K00581	group	LPRD	0.879405339114094	0.243938432417433	151	19	4.2500030331093e-4	0.00340097274681522
K00582	group	LPRD	0.879405339114094	0.243938432417433	151	19	4.2500030331093e-4	0.00340097274681522
K01492	group	LPRD	-0.846660812238134	0.234750401634101	151	151	4.2258086000307e-4	0.00340097274681522
K01573	group	LPRD	-1.34945468699364	0.374293851962722	151	151	4.2454172946892e-4	0.00340097274681522
K02439	group	LPRD	-1.40770730521818	0.390156355317295	151	151	4.2046621768917e-4	0.00340097274681522
K06913	group	LPRD	0.879405339114094	0.243938432417433	151	19	4.2500030331093e-4	0.00340097274681522
K07388	group	LPRD	0.879405339114094	0.243938432417433	151	19	4.2500030331093e-4	0.00340097274681522
K13812	group	LPRD	0.879405339114094	0.243938432417433	151	19	4.2500030331093e-4	0.00340097274681522
K18574	group	LPRD	0.763877180524231	0.211814233196201	151	151	4.2301242101389e-4	0.00340097274681522
K11537	group	LPRD	-0.509426578104694	0.141433665891223	151	151	4.2976894361512e-4	0.00343241942803478
K18933	group	LPRD	0.922736582147823	0.256188758695186	151	21	4.2990930924601e-4	0.00343241942803478
K03435	group	LPRD	-1.86518471846193	0.517987793617948	151	146	4.3136606789264e-4	0.00344013212278431
K03787	group	LPRD	-0.126900593194595	0.0352464995449837	151	151	4.3205791714392e-4	0.00344173408997601
K09781	group	LPRD	-1.16822941231321	0.324575532064748	151	151	4.3377451080573e-4	0.00345148617565061
K05365	group	LPRD	-1.64783180807366	0.457879110364391	151	151	4.3441426676312e-4	0.00345265760772049
K09979	group	LPRD	-0.946178490561592	0.263065844444731	151	151	4.3764974956947e-4	0.00347443345920951
K02195	group	LPRD	-1.35613454321025	0.377357350337963	151	151	4.4226375560703e-4	0.00349917486095408
K05979	group	LPRD	0.630787719615324	0.175501254870034	151	151	4.4157875983415e-4	0.00349917486095408
K12552	group	LPRD	-1.46818092648194	0.408527915544048	151	117	4.4216199188609e-4	0.00349917486095408
K03926	group	LPRD	-0.806922004694464	0.22466010181059	151	151	4.4543148238505e-4	0.00352026459021336
K00769	group	LPRD	-0.815987459410962	0.227346272398904	151	151	4.4947785031791e-4	0.0035464133458999
K19242	group	LPRD	-1.19968612209583	0.33426653624717	151	147	4.4975199208345e-4	0.0035464133458999
K14109	group	LPRD	0.919368267065629	0.256423372956658	151	48	4.555910591795e-4	0.00358631894069639
K18800	group	LPRD	-1.67572675550193	0.467401142660998	151	151	4.5583597377467e-4	0.00358631894069639
K02575	group	LPRD	-0.677033763865224	0.189052179469111	151	151	4.6230627984934e-4	0.00363314688536315
K00990	group	LPRD	-0.994691774102989	0.277785552015518	151	151	4.6297495216788e-4	0.00363432745206819
K01716	group	LPRD	-1.62822710007681	0.455596977056895	151	151	4.7445287740372e-4	0.00371610577720683
K02386	group	LPRD	-0.641064392490838	0.179372832295069	151	151	4.7430398778638e-4	0.00371610577720683
K07101	group	LPRD	-1.04589503374757	0.292748651586935	151	151	4.7639173505004e-4	0.00372712730212143
K02414	group	LPRD	-0.876039444655478	0.245544921625118	151	151	4.8472881840002e-4	0.00378812599440823
K02194	group	LPRD	-1.35695067277827	0.380435083757284	151	151	4.8625843189294e-4	0.00379584811533354
K12585	group	LPRD	1.3392330317353	0.375559997235815	151	150	4.8775662036525e-4	0.00380330801864342
K00399	group	LPRD	0.894066993249432	0.25095295308957	151	19	4.9339674803276e-4	0.00383024496534848
K00401	group	LPRD	0.894066993249432	0.25095295308957	151	19	4.9339674803276e-4	0.00383024496534848
K00402	group	LPRD	0.894066993249432	0.25095295308957	151	19	4.9339674803276e-4	0.00383024496534848
K03422	group	LPRD	0.894066993249432	0.25095295308957	151	19	4.9339674803276e-4	0.00383024496534848
K02415	group	LPRD	-0.531790323544888	0.149334150523092	151	151	4.9619386430783e-4	0.00384769799645791
K12509	group	LPRD	-0.822023373301281	0.230910284575215	151	26	4.9820128862157e-4	0.00385899561683676
K01070	group	LPRD	-1.41687022964292	0.398305376754456	151	151	5.0290344615806e-4	0.00389111827546143
K01958	group	LPRD	-0.533767108518791	0.150075303211866	151	151	5.039342259949e-4	0.00389479484478971
K01390	group	LPRD	-1.96853843974605	0.553865989587048	151	109	5.0833881219968e-4	0.00392157117850978
K13925	group	LPRD	-1.96846853746622	0.553861963298034	151	109	5.0851757507352e-4	0.00392157117850978
K14055	group	LPRD	-1.87937152022922	0.529322284721143	151	147	5.1488514418022e-4	0.00396631303373997
K02198	group	LPRD	-1.33281713310765	0.375475268775445	151	151	5.1640816051556e-4	0.00397367860067411
K03273	group	LPRD	-0.513248921750613	0.14468013234486	151	151	5.2041109205837e-4	0.00400008964400133
K06914	group	LPRD	0.87062976560014	0.245482721849406	151	19	5.2199787866864e-4	0.00400789170806921
K12070	group	LPRD	-1.68903368815266	0.476446362919665	151	112	5.2481162521806e-4	0.00402508697240553
K01261	group	LPRD	-1.36420813710605	0.385732066300837	151	151	5.4042699000128e-4	0.0041351688141872
K03552	group	LPRD	0.896965158717321	0.253596203276245	151	39	5.3984453357292e-4	0.0041351688141872
K13888	group	LPRD	-0.526511485095094	0.148883295214382	151	151	5.4093435129952e-4	0.0041351688141872
K02458	group	LPRD	-1.5970980977453	0.451702920105397	151	150	5.4221447458542e-4	0.0041404395063658
K02403	group	LPRD	-1.72425430040385	0.488297994691902	151	145	5.5093669282626e-4	0.00419789806164362
K15924	group	LPRD	1.88524801238296	0.533886521855953	151	110	5.5088738250328e-4	0.00419789806164362
K00569	group	LPRD	-2.1412397920741	0.606506695141679	151	144	5.5229173256253e-4	0.00419964447574589
K10016	group	LPRD	-1.97213400874794	0.558613386163745	151	129	5.5236408083276e-4	0.00419964447574589
K03578	group	LPRD	-1.12511435692178	0.318825785050714	151	151	5.552168968505e-4	0.00421676104758616
K02460	group	LPRD	-1.71149750224181	0.485339931423373	151	148	5.6015642206951e-4	0.00424967155704254
K09791	group	LPRD	-1.40029157640439	0.397528536547623	151	151	5.6780642887244e-4	0.00430305196367114
K00878	group	LPRD	-0.489815556164826	0.139222289384979	151	151	5.7629695492873e-4	0.0043626799719767
K08156	group	LPRD	0.966727749581857	0.274837418536721	151	151	5.7784869785039e-4	0.00436970806033575
K07399	group	LPRD	-1.22292679898081	0.347769215912555	151	151	5.7978771440244e-4	0.00437964642021677
K01467	group	LPRD	-1.57322315288076	0.447427493120069	151	148	5.8046791782516e-4	0.00438006469747512
K19310	group	LPRD	1.61960019386972	0.460745636330603	151	148	5.824484654159e-4	0.00439028359415643
K00702	group	LPRD	1.05624253218999	0.300870024735045	151	151	5.9171562684529e-4	0.00444077682252541
K02461	group	LPRD	-1.6837415016925	0.479652541754323	151	147	5.9231474023698e-4	0.00444077682252541
K07072	group	LPRD	1.02099457944376	0.290811142525597	151	31	5.9125639981874e-4	0.00444077682252541
K09733	group	LPRD	1.02099457944376	0.290811142525597	151	31	5.9125639981874e-4	0.00444077682252541
K15773	group	LPRD	-1.88744849191258	0.5376440242327	151	139	0.00059178942881831995	0.00444077682252541
K02246	group	LPRD	-1.16210958709427	0.331497225485622	151	151	6.0204691634337e-4	0.00450410766656035
K11617	group	LPRD	-1.17214151406218	0.334337971251726	151	151	6.0158932862234e-4	0.00450410766656035
K18330	group	LPRD	0.682908645087348	0.194981981627404	151	151	6.0880495780547e-4	0.00454981103861024
K00162	group	LPRD	0.443472253756075	0.126736865041766	151	151	6.1572386373822e-4	0.00459661798168795
K03852	group	LPRD	-1.53756989854547	0.439620533934944	151	117	6.1928233758453e-4	0.00461826509198681
K02244	group	LPRD	-1.16283698331276	0.332551437804166	151	151	6.2095732868132e-4	0.00462583514777477
K06393	group	LPRD	0.84873028299884	0.242774597779527	151	151	6.2257823241411e-4	0.00463298663399465
K18138	group	LPRD	-0.894294655581766	0.25605292044422	151	151	6.298221914034e-4	0.00468192318317905
K02402	group	LPRD	-1.70792610309769	0.489120432661487	151	145	6.3153454524505e-4	0.0046890204904388
K06390	group	LPRD	0.850739610977215	0.243655608692686	151	151	6.3211474514474e-4	0.0046890204904388
K12297	group	LPRD	-1.18170834760708	0.338824302583498	151	151	6.4067810113303e-4	0.00474751954433674
K10015	group	LPRD	-1.94459591248356	0.558110571067901	151	129	6.483008510494e-4	0.00479034610746472
K10017	group	LPRD	-1.94449451370559	0.558096263509964	151	129	6.4850762567532e-4	0.00479034610746472
K19510	group	LPRD	0.584411967217491	0.167715704958437	151	151	6.4765018167662e-4	0.00479034610746472
K02302	group	LPRD	-0.861371352450208	0.247292431527861	151	151	6.5063035920468e-4	0.00480096717686825
K04772	group	LPRD	-0.940225062255916	0.270033717299209	151	151	6.5362229036516e-4	0.00481797292897981
K09160	group	LPRD	-1.55972236761215	0.448198480871595	151	151	6.5791859799294e-4	0.00484454765959088
K03693	group	LPRD	-1.16087999273429	0.333728717586161	151	151	6.612569760747e-4	0.00486402035916441
K07446	group	LPRD	1.21533543896977	0.349436060388864	151	39	6.6245067834735e-4	0.00486769313963832
K00970	group	LPRD	-0.43049393589791	0.123844774997543	151	151	6.6683674996721e-4	0.00488967114777218
K02248	group	LPRD	-1.1560993031347	0.332585486143336	151	151	6.6679081970432e-4	0.00488967114777218
K19267	group	LPRD	-1.5913474216216	0.458102635970953	151	151	6.7213698911018e-4	0.00492338588679459
K13794	group	LPRD	-1.47484614759635	0.424749082178985	151	105	6.756257477539e-4	0.00494377504358549
K06911	group	LPRD	-0.734012255153735	0.211447586068233	151	151	6.7774363699177e-4	0.00495410103786482
K04085	group	LPRD	-1.47415564157871	0.424864140613636	151	151	6.8162032398065e-4	0.00497724840740039
K06204	group	LPRD	-0.921901009261986	0.26605873209244	151	151	6.9269006527538e-4	0.00505281722953221
K06903	group	LPRD	-1.26886231547252	0.366303840733358	151	151	6.9523588435806e-4	0.00506611595566531
K01678	group	LPRD	-0.444627036257607	0.12837313589587	151	151	6.9621467571697e-4	0.00506798014203116
K18210	group	LPRD	1.09159643878389	0.315251224307113	151	52	6.9843927148593e-4	0.00507889968165599
K03641	group	LPRD	-0.771004707544147	0.222764006126854	151	151	7.021476862391e-4	0.00509529532146596
K14138	group	LPRD	1.13784893040002	0.328737461899582	151	151	7.0169795713431e-4	0.00509529532146596
K03421	group	LPRD	0.858352707535145	0.248065804105878	151	19	7.0432564417598e-4	0.00510054004718356
K10978	group	LPRD	0.858352707535145	0.248065804105878	151	19	7.0432564417598e-4	0.00510054004718356
K03044	group	LPRD	0.860995462947439	0.249123400409523	151	19	0.00071426547886660995	0.00514065811792089
K03045	group	LPRD	0.860995462947439	0.249123400409523	151	19	0.00071426547886660995	0.00514065811792089
K03539	group	LPRD	0.860995462947439	0.249123400409523	151	19	0.00071426547886660995	0.00514065811792089
K03725	group	LPRD	0.860995462947439	0.249123400409523	151	19	0.00071426547886660995	0.00514065811792089
K07585	group	LPRD	0.860995462947439	0.249123400409523	151	19	0.00071426547886660995	0.00514065811792089
K07744	group	LPRD	0.860995462947439	0.249123400409523	151	19	0.00071426547886660995	0.00514065811792089
K12555	group	LPRD	-1.11848875067437	0.323746619084362	151	151	7.1739207239786e-4	0.00515786505385542
K00194	group	LPRD	1.09508262433774	0.317160404633909	151	151	7.2246850593371e-4	0.0051890412157739
K00946	group	LPRD	-0.117535664801895	0.0340447088348886	151	151	7.2341232169368e-4	0.00519050191921463
K02073	group	LPRD	-0.261094753856597	0.0757253078218605	151	151	7.3458813526915e-4	0.00526529941537503
K06445	group	LPRD	-1.8883814961575	0.547968845165044	151	150	7.3906039817128e-4	0.00529194421979641
K06409	group	LPRD	-0.534632948672817	0.155225283767114	151	151	7.4390689452691e-4	0.00532121156187109
K10764	group	LPRD	-1.25473505404583	0.364418043671891	151	151	7.4676156458863e-4	0.00533618610373731
K09124	group	LPRD	1.34632914960697	0.391152087029433	151	141	7.4973664998419e-4	0.0053519897315572
K07812	group	LPRD	-0.737688790595207	0.214540381447789	151	151	7.587591271576e-4	0.00541088655277191
K06203	group	LPRD	-1.51421229315573	0.440503244423301	151	151	7.6136108813019e-4	0.00542392401198442
K07345	group	LPRD	-1.88859097360533	0.549855257121587	151	138	7.6856217234869e-4	0.00546966581539528
K05910	group	LPRD	-1.6456096559427	0.479217749935482	151	134	7.7054973601682e-4	0.00547824913740154
K06378	group	LPRD	0.799079866054418	0.232845140517408	151	151	7.7620632948356e-4	0.0055128737281457
K02394	group	LPRD	-0.615068684472009	0.179294292098389	151	151	7.7968671215398e-4	0.00553198770465528
K13875	group	LPRD	-1.73622379544989	0.506170620368737	151	112	7.8070446889745e-4	0.00553360801513768
K00161	group	LPRD	0.436542187949459	0.127342037291418	151	151	7.8607344578454e-4	0.00556603520701988
K16249	group	LPRD	-1.69029131861093	0.493340624555794	151	118	7.9116304977883e-4	0.00559642076584219
K03697	group	LPRD	-1.11930888781318	0.327078761290808	151	151	8.0223574391302e-4	0.00566902476293375
K06404	group	LPRD	0.83234593862417094	0.243249189127927	151	151	8.0320870573666e-4	0.00567018431743607
K01677	group	LPRD	-0.440927272318068	0.128871595545062	151	151	8.0413006805811e-4	0.00567097764294506
K06392	group	LPRD	0.815831528307761	0.238495344449635	151	151	8.0605686626882e-4	0.00567421946780463
K06396	group	LPRD	0.814184596021144	0.238017735677756	151	151	8.0620864335712e-4	0.00567421946780463
K06198	group	LPRD	-1.1174674885938	0.326851530585225	151	151	8.1117942354301e-4	0.00570347819361738
K05884	group	LPRD	1.63695459537436	0.478851632552621	151	76	8.1223928829402e-4	0.00570520782659427
K07058	group	LPRD	0.0799403614787834	0.0233983559980526	151	151	8.1780446536298e-4	0.00573854785004454
K02659	group	LPRD	-1.5063368942046	0.441427276125732	151	150	8.2920990768434e-4	0.00580695449836888
K18289	group	LPRD	-2.13907618863617	0.626847188848118	151	112	8.2917395867944e-4	0.00580695449836888
K07144	group	LPRD	0.839055408354328	0.246190668995442	151	21	8.4133525161704e-4	0.00588505471869385
K07270	group	LPRD	-0.800616803941943	0.234929262630755	151	151	8.4204135276033e-4	0.00588505471869385
K19057	group	LPRD	-1.76909774545714	0.519255714367538	151	111	8.4467211055691e-4	0.00589756125000398
K06403	group	LPRD	0.83235749609185	0.244349650778685	151	151	8.4630232563452e-4	0.00590306398278413
K09824	group	LPRD	-0.45637430233267	0.134091961814578	151	151	8.5489995987968e-4	0.00595710608226301
K03923	group	LPRD	-0.965934341386691	0.283873610131817	151	151	8.5708184895439e-4	0.00596637910741835
K09792	group	LPRD	-0.786055984307064	0.231034089888103	151	151	8.5811178505269e-4	0.00596762263216206
K06385	group	LPRD	0.786146548618035	0.231332730200721	151	151	8.6983539631365e-4	0.00603717438431554
K12143	group	LPRD	-1.49767445397865	0.440695499250835	151	149	8.6954979964436e-4	0.00603717438431554
K02203	group	LPRD	0.540051253065399	0.15898496556645	151	151	8.7417142824638e-4	0.0060552783715485704
K06283	group	LPRD	0.803520767368041	0.23654348958348	151	151	8.7400493057086e-4	0.0060552783715485704
K05540	group	LPRD	-0.608251567834126	0.179137214754318	151	151	8.7838604346083e-4	0.00607846610529166
K01224	group	LPRD	-0.518260916807163	0.15267627875415	151	151	8.8119430337365e-4	0.00609188566730702
K00406	group	LPRD	-0.897641372826357	0.264586844817428	151	151	8.8686245414829e-4	0.00612503034835424
K11811	group	LPRD	-1.68976377960536	0.49818934794563	151	148	8.8928280090939e-4	0.00613570121493589
K06397	group	LPRD	0.807891489644188	0.238273748350099	151	151	8.9292716386109e-4	0.00615478802228736
K09795	group	LPRD	-1.05493532694724	0.311482327203182	151	151	9.0441916421767e-4	0.00622787656303132
K10563	group	LPRD	-0.689659886331294	0.203767571701003	151	151	9.11419625228e-4	0.00626992303517987
K06219	group	LPRD	-1.68286953319087	0.497284894556771	151	147	9.1273410763837e-4	0.00627280989661275
K00242	group	LPRD	-1.09621531641718	0.324307015724924	151	151	9.2495831834286e-4	0.0063505953100719504
K03366	group	LPRD	-1.57898554346275	0.467274594816798	151	149	9.2820965226403e-4	0.00636668264419852
K03071	group	LPRD	-1.12101057212531	0.332083713971538	151	151	9.3908620127686e-4	0.00643498951217087
K06379	group	LPRD	0.80669981336356	0.239025306803711	151	151	9.4140491907808e-4	0.00644457859642321
K06012	group	LPRD	0.806449071943271	0.238979890841634	151	151	9.4270085560569e-4	0.00644715414419117
K05362	group	LPRD	-1.07058657791648	0.317345271152915	151	151	9.4581388289803e-4	0.00645584743828161
K16870	group	LPRD	0.693419256038703	0.205528182396014	151	151	9.4495318967821e-4	0.00645584743828161
K11935	group	LPRD	-2.07494167956678	0.615254936531432	151	121	9.4926239452317e-4	0.0064730830599294
K06387	group	LPRD	0.777177076767407	0.230670411051997	151	151	9.5981663102928e-4	0.00653869250098664
K03713	group	LPRD	-1.09344528067897	0.32458830769798	151	151	9.614210168123e-4	0.00654326342510124
K17992	group	LPRD	1.02287632036043	0.303759760785333	151	151	9.6573252144867e-4	0.00656623178986923
K02200	group	LPRD	-1.52688997736649	0.453561791048676	151	151	9.6880303684377e-4	0.00658047438210792
K06405	group	LPRD	0.801213910179386	0.238019667630962	151	151	9.697047127985e-4	0.00658047438210792
K00019	group	LPRD	-1.50102926434935	0.446008437852372	151	150	9.7197305515055e-4	0.00658948850735531
K10679	group	LPRD	0.697857178746143	0.207527269315949	151	151	9.8100193742588e-4	0.00664427399164781
K06438	group	LPRD	0.823917146181244	0.245194412097715	151	151	9.8916723984833e-4	0.00669311037773825
K06382	group	LPRD	0.829920722040596	0.247141529564037	151	151	9.9644933963029e-4	0.00673588222835908
K18331	group	LPRD	0.644362515400026	0.192092286884139	151	151	0.0010086969629447	0.00681210569387508
K02452	group	LPRD	-1.83676521085112	0.547688789878808	151	145	0.00101133058539541	0.00681271479081852
K03202	group	LPRD	-1.45158141236845	0.432848378619261	151	89	0.0010117027242856	0.00681271479081852
K06916	group	LPRD	-1.08957234942143	0.324874049504422	151	151	0.00101077328854536	0.00681271479081852
K03791	group	LPRD	-2.27781683313213	0.679340407079365	151	128	0.0010136519315899	0.00681928986607023
K06398	group	LPRD	0.801084620076452	0.239414978646728	151	151	0.00103764626929665	0.0069679269069805
K16421	group	LPRD	1.17391247792167	0.350842275063918	151	25	0.0010377340500553	0.0069679269069805
K06406	group	LPRD	0.797067953183142	0.238349912542823	151	151	0.00104427571633611	0.00700514140814941
K06394	group	LPRD	0.781325899332668	0.233665162954357	151	151	0.00104541048578575	0.00700604924030413
K18908	group	LPRD	1.22351002247193	0.36628225245113	151	133	0.0010575126448329	0.00708038552080096
K04769	group	LPRD	0.793956439858261	0.237721733544646	151	151	0.00105925301673666	0.00708527065584347
K03672	group	LPRD	-1.79743079047463	0.538241571569558	151	149	0.00106069492571309	0.00708815198212468
K13694	group	LPRD	-0.34446037032298	0.103379338344918	151	151	0.00108744051947291	0.00725996003952863
K08096	group	LPRD	1.03322289477673	0.310269994142852	151	45	0.00109446511026974	0.00729990525498655
K07078	group	LPRD	-0.923535335853963	0.277550824570396	151	151	0.00110412286889824	0.00735732063781054
K03445	group	LPRD	-1.94677350217033	0.585160410593315	151	135	0.00110611548785722	0.007363598831794
K07018	group	LPRD	-1.10812386074273	0.333206295423604	151	151	0.00111080147320928	0.00738689623479326
K09136	group	LPRD	-1.22889711215916	0.369549701528471	151	151	0.00111172261450883	0.00738689623479326
K07343	group	LPRD	-1.08179158543094	0.325368675219684	151	151	0.00111384922432982	0.00739401805165914
K09001	group	LPRD	-1.23254394296203	0.370830267639493	151	151	0.00111785608941789	0.00741359620323498
K02319	group	LPRD	1.12209123125908	0.338005592008808	151	47	0.00113286386377006	0.00750602616732335
K07730	group	LPRD	0.83994283136849	0.253138549369803	151	19	0.00113902049519794	0.0075396918520657
K03231	group	LPRD	1.33507086802968	0.402447318052897	151	47	0.00114181120769379	0.00755103449616362
K05338	group	LPRD	-1.74054731349628	0.52475677384057	151	121	0.00114377368508185	0.00755688363093663
K03563	group	LPRD	-0.400386568109165	0.120744791713226	151	151	0.00114717281355481	0.00757220472977329
K09796	group	LPRD	-0.815093157251844	0.24588419968072	151	151	0.00115110046795222	0.00759098238978837
K01001	group	LPRD	1.03032808375042	0.310947826982522	151	45	0.00115662874969221	0.00762027023998344
K01497	group	LPRD	-0.785292976695026	0.237504293694198	151	151	0.00118414842607784	0.00779425395944194
K09167	group	LPRD	0.533907614409436	0.161763963891323	151	151	0.00120758541129723	0.00794106353958124
K01470	group	LPRD	0.671588997821261	0.20360768719589	151	151	0.00121598305862226	0.00798653068518952
K08979	group	LPRD	1.02768532833813	0.31158511457466	151	45	0.00121677814148109	0.00798653068518952
K00957	group	LPRD	-0.349818952526708	0.106149472501382	151	151	0.00122779147275447	0.00805127991020469
K15874	group	LPRD	1.6151921017093	0.490161657147057	151	59	0.00122904737498844	0.00805198326978408
K01771	group	LPRD	1.51068970510237	0.458615911303239	151	108	0.00123396092711929	0.0080766256761029
K10918	group	LPRD	-1.57686430185709	0.478880500513398	151	114	0.00123889996451973	0.00810138876052545
K05499	group	LPRD	0.744574487262196	0.226374694306798	151	151	0.00125412953591713	0.00819333461955178
K06213	group	LPRD	0.273471095076777	0.0832085443234011	151	151	0.00126475517731179	0.00825505939753786
K00817	group	LPRD	-0.166528005835118	0.0506938975126658	151	151	0.00127147989896413	0.00829123171324515
K02393	group	LPRD	-0.604323265994473	0.184118273127727	151	151	0.0012829468023273	0.00835823149099846
K06407	group	LPRD	0.756466670272667	0.230536615985623	151	151	0.00128687869953933	0.00836829284208785
K17218	group	LPRD	-0.907530985115422	0.276568276204251	151	151	0.00128658266559341	0.00836829284208785
K00203	group	LPRD	0.675645940617842	0.206060352221087	151	19	0.00129736096621621	0.00842863797328604
K11531	group	LPRD	-1.48836095428723	0.45412030559809	151	134	0.00130343450841693	0.00846025546666913
K07126	group	LPRD	-0.384075222994446	0.117198162563037	151	151	0.0013047944635131601	0.00846124809364226
K03639	group	LPRD	-0.313580831299856	0.0957177053780176	151	151	0.0013092949467653	0.0084825855608362
K01919	group	LPRD	-0.978691999328031	0.29909999662828	151	151	0.00132658865272257	0.00858669109472319
K10041	group	LPRD	-0.969418006213667	0.296338912755212	151	151	0.00133012682439729	0.0086016504050046
K00457	group	LPRD	-1.15642378873084	0.353581577663839	151	151	0.00133326841592802	0.00860878519990974
K19429	group	LPRD	1.02852484056604	0.314485061280089	151	148	0.00133368626634836	0.00860878519990974
K11618	group	LPRD	-1.02384392826206	0.313150302699988	151	151	0.00133812352065502	0.0086294810301671809
K06151	group	LPRD	-1.71786986590047	0.525469735828775	151	125	0.0013393978804074	0.00862976024049252
K16012	group	LPRD	-0.837183197211537	0.256158866151347	151	151	0.00134377114173528	0.00864998687195986
K07649	group	LPRD	-1.37629249620348	0.42147834757464	151	150	0.00135633517874114	0.00871485756459709
K13288	group	LPRD	-0.961118910207946	0.294320022857696	151	151	0.0013556019935065	0.00871485756459709
K17836	group	LPRD	-0.467329043460907	0.143189386899891	151	151	0.00136385830718078	0.00875517100122463
K06374	group	LPRD	0.758168394522822	0.232336523999939	151	151	0.00136601041305859	0.00875580654857606
K07014	group	LPRD	-0.854719046889929	0.261967235404974	151	151	0.0013684369691268	0.00875580654857606
K08651	group	LPRD	-1.49303460759483	0.457623939665041	151	132	0.00136895349176025	0.00875580654857606
K15868	group	LPRD	1.47463873656954	0.451955449380845	151	110	0.00136797676861303	0.00875580654857606
K00584	group	LPRD	0.878593057124735	0.269602420886755	151	21	0.00138586411627245	0.0088558864677027
K06603	group	LPRD	-0.477783477205981	0.146672733665254	151	151	0.00139210657315707	0.00887151552530096
K12690	group	LPRD	-1.30953101499304	0.40200234854264	151	48	0.00139191927189593	0.00887151552530096
K18132	group	LPRD	-1.30953101499304	0.40200234854264	151	48	0.00139191927189593	0.00887151552530096
K00766	group	LPRD	-0.478209392130974	0.14685411473564	151	151	0.00139725406111768	0.00889623157895996
K00228	group	LPRD	-1.17913154272489	0.362173429859114	151	151	0.00140022795965152	0.0089032058635216
K01807	group	LPRD	-1.00609719345947	0.309054449569651	151	151	0.00140163333606826	0.0089032058635216
K09738	group	LPRD	1.01713773418258	0.312456868703663	151	45	0.00140215966809242	0.0089032058635216
K17713	group	LPRD	-1.40264136081603	0.431382607014026	151	150	0.00141971024257607	0.00900648760222469
K13531	group	LPRD	-1.77282369500107	0.54552048348437	151	141	0.00142773683900924	0.0090492181206643409
K01732	group	LPRD	1.24523255893618	0.383277955290335	151	91	0.00143187315801956	0.00905905310263278
K03117	group	LPRD	-0.764340653168979	0.23524231139739	151	151	0.00143064747016525	0.00905905310263278
K00567	group	LPRD	-0.071048370088805	0.0218880315388616	151	151	0.0014456041548264	0.0091376782013824
K03430	group	LPRD	-0.612560080151006	0.188738857654073	151	151	0.0014477322439391	0.00914288561262439
K16013	group	LPRD	-0.785483079976481	0.242221271108314	151	151	0.00146064684344064	0.00921614254952195
K13873	group	LPRD	-1.68389989231362	0.519355089662187	151	111	0.0014632454384544	0.00922423608234291
K01709	group	LPRD	-0.498547675705048	0.153940232500787	151	151	0.00148113093919314	0.00932859648135122
K06411	group	LPRD	0.748639695744855	0.23122800951992	151	151	0.00148555166995146	0.00934804058021522
K09962	group	LPRD	-0.998008513405196	0.308358755283972	151	151	0.00149115724819098	0.00936649848550066
K13876	group	LPRD	-1.64032747738584	0.50681270465329	151	112	0.00149097169570934	0.00936649848550066
K05715	group	LPRD	0.966972298403155	0.298929484839676	151	39	0.00149963566494521	0.00939450045689536
K07141	group	LPRD	-0.51589186230592	0.159481638035357	151	151	0.00149953666216894	0.00939450045689536
K10039	group	LPRD	-0.929059175595301	0.287192465567732	151	151	0.00149872076057626	0.00939450045689536
K00826	group	LPRD	0.066126470550603	0.0204454102863078	151	151	0.00150203931196756	0.00939758139901144
K15761	group	LPRD	-1.55669109967779	0.481331141577261	151	112	0.00150280866594748	0.00939758139901144
K04763	group	LPRD	0.145943076924674	0.0451358111448758	151	151	0.00150633321572367	0.00941122624084038
K02473	group	LPRD	-0.708952491359359	0.219427193809115	151	151	0.00151867712166103	0.00946304588697227
K07321	group	LPRD	0.999516645266397	0.309350993660239	151	151	0.00151824045235723	0.00946304588697227
K19591	group	LPRD	-1.84721225620074	0.571693508641801	151	138	0.00151768608428749	0.00946304588697227
K12981	group	LPRD	-0.523885355604755	0.162191071462262	151	36	0.0015230144964593	0.00948164442289491
K06373	group	LPRD	0.751363344692063	0.232679374902559	151	151	0.00152735597918147	0.00950023550493531
K06963	group	LPRD	0.998698883348922	0.309394490976722	151	43	0.00153367648748943	0.00953109235576321
K01658	group	LPRD	-0.131984992775186	0.0409233056822222	151	151	0.00154742835835504	0.00956567265614533
K03304	group	LPRD	-0.927109260983679	0.287413772410194	151	151	0.00154482438446741	0.00956567265614533
K06952	group	LPRD	1.1649994787488	0.361107296878903	151	150	0.00154235032097422	0.00956567265614533
K07659	group	LPRD	-1.47224837596308	0.456428494713421	151	149	0.00154538646114771	0.00956567265614533
K09858	group	LPRD	-0.943446406840278	0.292476150804262	151	151	0.00154469588946171	0.00956567265614533
K13628	group	LPRD	-1.22666642702747	0.380318532834036	151	151	0.00154648581511812	0.00956567265614533
K00096	group	LPRD	0.692101721052583	0.214629976318378	151	151	0.00155021603347184	0.00957446202170711
K16869	group	LPRD	-1.40305851235263	0.435235517531902	151	150	0.00155503239841721	0.00959575450079632
K07074	group	LPRD	-0.538905656698963	0.167226139298402	151	151	0.00156041913297943	0.00962052605293385
K18829	group	LPRD	-0.820866422791266	0.254781826826755	151	151	0.00156437019739615	0.00963641044265991
K16793	group	LPRD	1.32787928046158	0.412279119147437	151	67	0.0015695529877295	0.00965984762421756
K07285	group	LPRD	-1.77955491034393	0.552834663909014	151	146	0.00157910526835454	0.00971011222032045
K01613	group	LPRD	-0.086527036192301	0.0268927673008278	151	151	0.00158673949087042	0.00974850467221881
K12973	group	LPRD	-1.62869665570297	0.506691760461855	151	127	0.00160288734834567	0.00983908959010786
K06399	group	LPRD	0.780047939649687	0.243096765864847	151	151	0.00163223233289677	0.0100104537651849
K10040	group	LPRD	-0.944604176115839	0.294626269928236	151	151	0.00164654252936236	0.0100893908486277
K02523	group	LPRD	-0.120274723559426	0.0375473986391308	151	151	0.00166175919511321	0.0101737397010861
K00533	group	LPRD	0.846474479262356	0.264286753410169	151	151	0.00166399037549816	0.0101785100630385
K16153	group	LPRD	1.03997395839747	0.324757568743443	151	151	0.00166699185765811	0.010187979879846
K03309	group	LPRD	-1.1472320285179	0.358319686204226	151	149	0.00167028950267972	0.0101992416496384
K03813	group	LPRD	-0.679227009218148	0.212451723045398	151	151	0.00169545795541317	0.0103439166818506
K07454	group	LPRD	-0.899530519634882	0.281469807064445	151	151	0.00170237258866959	0.0103770711709338
K11931	group	LPRD	-1.59187364347758	0.498507924928214	151	142	0.00171653219497181	0.0104542925167267
K07463	group	LPRD	1.27333802125952	0.398880397978893	151	47	0.00172207945176632	0.0104733423999921
K15023	group	LPRD	0.91833836381453	0.287683919985505	151	151	0.00172264818647516	0.0104733423999921
K00556	group	LPRD	0.777853439215329	0.243866360857015	151	151	0.00173668777688796	0.0105404167237962
K03095	group	LPRD	-0.858634395036535	0.269170134111291	151	151	0.00173522156433833	0.0105404167237962
K00197	group	LPRD	0.911935887107667	0.285949880273568	151	151	0.00173964097320243	0.0105492069395753
K05716	group	LPRD	0.791608949785927	0.248384089555605	151	29	0.00175155795952467	0.0106122915265929
K00163	group	LPRD	-0.942003713546646	0.295747586575228	151	151	0.00176220742306042	0.0106675941585955
K06897	group	LPRD	0.573341448108543	0.18012378723462	151	151	0.00177432296247805	0.0107224172129062
K19743	group	LPRD	-1.22642044703124	0.385288380041162	151	86	0.00177385228513418	0.0107224172129062
K09729	group	LPRD	-0.424601398449224	0.133489971023637	151	151	0.00178736792799104	0.0107919458873533
K00230	group	LPRD	-0.873361794152512	0.274689541082469	151	151	0.00179502191796284	0.0108288327408946
K04088	group	LPRD	-1.07642755150513	0.338622924898962	151	151	0.00179857262604033	0.0108409235671046
K02066	group	LPRD	-0.114899780045066	0.0361564550732714	151	151	0.0018043216111387	0.010856905145135
K15762	group	LPRD	-1.57934227744896	0.496984294750366	151	112	0.0018043112577653	0.010856905145135
K07002	group	LPRD	-0.931694626145939	0.293319544976436	151	151	0.00181289340584682	0.0108991275943278
K00785	group	LPRD	0.642943592803727	0.202503896734177	151	151	0.00182116979979008	0.0109395032532378
K04765	group	LPRD	-1.41979904846101	0.447785106146625	151	151	0.00184631569893822	0.0110810556931138
K13771	group	LPRD	-0.90871065686203	0.287348390162883	151	151	0.00189640124514399	0.0113719185016761
K01567	group	LPRD	0.754851423639339	0.238794274702164	151	151	0.00190437695492392	0.0114099850034331
K09163	group	LPRD	0.753241270169299	0.238449796750724	151	151	0.0019178038042763	0.0114806188454115
K04337	group	LPRD	-1.32768003265096	0.420615188169676	151	129	0.00193258348056635	0.0115592237190871
K00809	group	LPRD	0.810417210153462	0.256868159068644	151	151	0.00194208003471005	0.0116061219465622
K08289	group	LPRD	-0.282300655997401	0.0895271109127204	151	151	0.00195302425748962	0.0116586504644364
K19133	group	LPRD	0.696697992324036	0.220959656310675	151	151	0.00195419604789055	0.0116586504644364
K12136	group	LPRD	-0.741491013429111	0.235271143983066	151	151	0.00196306081419545	0.0116916366249024
K17938	group	LPRD	-0.703931663678184	0.223352468030895	151	151	0.00196294578168308	0.0116916366249024
K09710	group	LPRD	-0.0815444375505192	0.0259013377429383	151	151	0.00198441005864113	0.01179874004332
K15760	group	LPRD	-1.54561164336873	0.490933129504072	151	112	0.00198413831722696	0.01179874004332
K04479	group	LPRD	-0.607032467106553	0.192855122253131	151	151	0.00198862846516519	0.0118138013057695
K01144	group	LPRD	-0.449995371562656	0.143036010535049	151	151	0.00199872317239127	0.011863716713347
K02799	group	LPRD	0.774525592940595	0.246261953745631	151	31	0.00200449139345234	0.0118878888901023
K09142	group	LPRD	1.19919621756601	0.381486426139457	151	47	0.0020150826750957	0.0119405997907192
K00972	group	LPRD	1.1572193386869	0.368194438962653	151	148	0.00201848020245631	0.0119506302527185
K15763	group	LPRD	-1.54095129205984	0.490447345099249	151	112	0.0020251267375729	0.0119697625888584
K15764	group	LPRD	-1.54095129205984	0.490447345099249	151	112	0.0020251267375729	0.0119697625888584
K02558	group	LPRD	-0.997362587410999	0.317693497428928	151	151	0.00204167786395333	0.012057423611047
K03749	group	LPRD	-0.552994101245504	0.176217825929725	151	151	0.00204991000921388	0.0120958494651425
K02660	group	LPRD	-1.36958462904977	0.43699834660049103	151	150	0.0020766530060892	0.0122433453092391
K07080	group	LPRD	-0.405569096613136	0.129483122734004	151	151	0.00208900613297396	0.0123058260438214
K02074	group	LPRD	-0.951233574420129	0.303847336086059	151	151	0.00209961064386585	0.0123579098350123
K00332	group	LPRD	-0.567521140587404	0.181374969577546	151	151	0.00211060373877933	0.0124121914503717
K03810	group	LPRD	-0.438185565142934	0.140215750095985	151	151	0.00213710841421314	0.0125575272285282
K00333	group	LPRD	-0.567257575238969	0.181574857029583	151	151	0.00214381754748097	0.0125628104055902
K00455	group	LPRD	-1.94301016129761	0.621993760483374	151	121	0.00214556547788183	0.0125628104055902
K02024	group	LPRD	-1.77723306362001	0.568962772652417	151	145	0.00214696816917219	0.0125628104055902
K07638	group	LPRD	-1.45086460711569	0.464339574685807	151	149	0.00214054637329263	0.0125628104055902
K11260	group	LPRD	1.19032163533611	0.381034287453967	151	23	0.00214501337360136	0.0125628104055902
K03566	group	LPRD	-1.41748665495105	0.454116630507302	151	151	0.0021622172108711	0.0126204351775241
K05595	group	LPRD	-0.353328028996884	0.113186928600356	151	151	0.00216072058306782	0.0126204351775241
K15640	group	LPRD	-1.25799479327219	0.402972805920249	151	123	0.00215966760058012	0.0126204351775241
K00619	group	LPRD	-0.673670134622907	0.215852408770032	151	151	0.00216524723910536	0.0126276066107559
K13671	group	LPRD	0.657150918924787	0.210835608321487	151	151	0.00219360924348083	0.0127823780522033
K01007	group	LPRD	-0.456509919435726	0.146489568363019	151	151	0.00219750121114177	0.0127944215034085
K03564	group	LPRD	-0.108784535931172	0.0349492300720381	151	151	0.00222340993443584	0.0128931327049506
K06334	group	LPRD	0.799364443379734	0.256814798620646	151	151	0.00222365156066837	0.0128931327049506
K08350	group	LPRD	-1.74331889216463	0.560081801383331	151	121	0.00222362144738932	0.0128931327049506
K09779	group	LPRD	0.769524564621009	0.247223590547244	151	151	0.00222325658281215	0.0128931327049506
K18234	group	LPRD	0.698601274007115	0.224377231896241	151	151	0.00221728601651959	0.0128931327049506
K18677	group	LPRD	-0.300279031127766	0.0965019124395917	151	16	0.00223053430730762	0.012922351648121
K07395	group	LPRD	-1.46884544655745	0.472237526599164	151	148	0.00223935917447583	0.0129627645029526
K12996	group	LPRD	-1.14230511803438	0.36734251290704	151	147	0.00224469789579625	0.0129829474006037
K00355	group	LPRD	-0.702002625599951	0.225792016241129	151	151	0.00224882480435739	0.0129883697747805
K09793	group	LPRD	-0.896403512386432	0.288325790220673	151	151	0.0022493410708393	0.0129883697747805
K19309	group	LPRD	0.850341366891046	0.273541379922583	151	151	0.00225188825135044	0.0129923758370096
K01209	group	LPRD	0.550159987317231	0.176994325812199	151	151	0.00225396805741751	0.0129936809888954
K06966	group	LPRD	-0.131671976400091	0.0423771083165308	151	151	0.00226256818157494	0.0130325414567299
K06954	group	LPRD	-1.77240087675951	0.570513281370443	151	126	0.00226595354602405	0.0130413254167722
K16845	group	LPRD	-1.19870442595476	0.386280866215227	151	100	0.00229113919896366	0.0131754600366983
K19727	group	LPRD	-0.886777270850178	0.285803435586554	151	42	0.00229435000313953	0.013183109444269
K02431	group	LPRD	-0.411015013942451	0.132499848484732	151	151	0.00229980312860933	0.0131928150012696
K03153	group	LPRD	-1.0022603056044	0.323096275836654	151	151	0.00229947640402313	0.0131928150012696
K04565	group	LPRD	-0.558506480944622	0.180102539635891	151	151	0.00230678703057279	0.013222058122907
K06134	group	LPRD	-1.37043390273032	0.442114298117167	151	151	0.0023164550860729	0.0132666259422966
K10238	group	LPRD	-0.738826940942508	0.238644863030448	151	151	0.00234451433193894	0.0134163636464425
K02658	group	LPRD	-1.38727614607205	0.448223227781048	151	150	0.00235098115650635	0.0134423963353259
K00862	group	LPRD	-1.40093565425023	0.452764879605594	151	101	0.00235751742307686	0.013445999054356
K01071	group	LPRD	-0.945282825036244	0.305974010932283	151	151	0.00239325888188757	0.013445999054356
K02944	group	LPRD	0.791560457409017	0.256243419518191	151	21	0.00239572793422121	0.013445999054356
K03042	group	LPRD	0.791560457409017	0.256243419518191	151	21	0.00239572793422121	0.013445999054356
K03055	group	LPRD	0.791560457409017	0.256243419518191	151	21	0.00239572793422121	0.013445999054356
K04484	group	LPRD	0.791560457409017	0.256243419518191	151	21	0.00239572793422121	0.013445999054356
K06874	group	LPRD	0.791560457409017	0.256243419518191	151	21	0.00239572793422121	0.013445999054356
K06910	group	LPRD	-0.667428054664517	0.215731676822192	151	151	0.00236043814440766	0.013445999054356
K06936	group	LPRD	0.791560457409017	0.256243419518191	151	21	0.00239572793422121	0.013445999054356
K06943	group	LPRD	0.791560457409017	0.256243419518191	151	21	0.00239572793422121	0.013445999054356
K07055	group	LPRD	0.791560457409017	0.256243419518191	151	21	0.00239572793422121	0.013445999054356
K07103	group	LPRD	0.791560457409017	0.256243419518191	151	21	0.00239572793422121	0.013445999054356
K07557	group	LPRD	0.791560457409017	0.256243419518191	151	21	0.00239572793422121	0.013445999054356
K07562	group	LPRD	0.791560457409017	0.256243419518191	151	21	0.00239572793422121	0.013445999054356
K07579	group	LPRD	0.791560457409017	0.256243419518191	151	21	0.00239572793422121	0.013445999054356
K07728	group	LPRD	0.791560457409017	0.256243419518191	151	21	0.00239572793422121	0.013445999054356
K08971	group	LPRD	0.791560457409017	0.256243419518191	151	21	0.00239572793422121	0.013445999054356
K09119	group	LPRD	0.791560457409017	0.256243419518191	151	21	0.00239572793422121	0.013445999054356
K09490	group	LPRD	1.21832191652927	0.394186755695234	151	39	0.00238343745559881	0.013445999054356
K09728	group	LPRD	0.791560457409017	0.256243419518191	151	21	0.00239572793422121	0.013445999054356
K09730	group	LPRD	0.791560457409017	0.256243419518191	151	21	0.00239572793422121	0.013445999054356
K09739	group	LPRD	0.791560457409017	0.256243419518191	151	21	0.00239572793422121	0.013445999054356
K14048	group	LPRD	1.52970905856407	0.494881978680349	151	136	0.00238090847467743	0.013445999054356
K01782	group	LPRD	-1.54659791132799	0.500908860983822	151	150	0.00240720542818075	0.0134967886116982
K02779	group	LPRD	-0.89061701158839	0.288468623714611	151	151	0.0024086280389778	0.0134967886116982
K03271	group	LPRD	-0.310862576539541	0.100721606971514	151	151	0.0024165705923293	0.013519680648227
K11130	group	LPRD	1.18565646777646	0.384159297090152	151	47	0.00241647671454857	0.013519680648227
K16152	group	LPRD	-1.03645851581005	0.335916151329827	151	61	0.00242334636049182	0.0135467767041847
K03581	group	LPRD	-0.480948063562244	0.155938298494886	151	151	0.00243291255845234	0.013589415963945
K02490	group	LPRD	-1.55681902263502	0.50497879772547	151	133	0.00244276999092073	0.013633612767798
K06410	group	LPRD	0.721189023816247	0.233970054157365	151	151	0.00244694088986158	0.013646026760485
K15895	group	LPRD	-0.910221915393181	0.295529636735722	151	151	0.00246577673407792	0.0137401390348857
K15738	group	LPRD	-0.0845379682119533	0.0274602550745448	151	151	0.00247677312825278	0.0137904524456331
K00510	group	LPRD	0.71359926171932	0.231827750024634	151	151	0.00248000032125002	0.0137974621047322
K17464	group	LPRD	1.43008595011218	0.46491199847654	151	85	0.0024965364433178	0.0138784460488959
K15780	group	LPRD	-1.4526928768034	0.472373015305324	151	139	0.00250226187026687	0.0138882468017187
K19171	group	LPRD	-1.27546723918095	0.414715541979246	151	151	0.00250057255046618	0.0138882468017187
K00158	group	LPRD	-0.980612996039317	0.318931233599729	151	151	0.00250718588099441	0.0138935755144434
K13607	group	LPRD	-0.767121612299675	0.249481892815673	151	151	0.00250581092211717	0.0138935755144434
K19092	group	LPRD	1.13977967448326	0.37076771606981	151	151	0.0025117516419092	0.013907882314205
K03835	group	LPRD	-1.00704054577218	0.327649322583086	151	151	0.00251630843241672	0.0139221168991643
K01494	group	LPRD	-0.541578124205726	0.176270700072324	151	151	0.00252510881674201	0.0139597892786763
K00523	group	LPRD	-1.02514341125141	0.334279277785364	151	151	0.00257076433452696	0.0139925657831393
K00577	group	LPRD	0.96490200794108	0.315563424449991	151	47	0.00264459529460244	0.0139925657831393
K00879	group	LPRD	-0.610912563340306	0.199510166806689	151	151	0.00260872671919665	0.0139925657831393
K01281	group	LPRD	-0.916129283775802	0.300236881595625	151	151	0.00269782512880999	0.0139925657831393
K01666	group	LPRD	0.664774776837696	0.217652323288942	151	151	0.00267306998635058	0.0139925657831393
K01823	group	LPRD	0.426243077518612	0.138902045392468	151	151	0.00255519161006923	0.0139925657831393
K02201	group	LPRD	1.17568167346003	0.383672511071935	151	47	0.00259058053053088	0.0139925657831393
K02322	group	LPRD	1.17598422317357	0.385944936266476	151	47	0.00273463839128399	0.0139925657831393
K02323	group	LPRD	1.17598422317357	0.385944936266476	151	47	0.00273463839128399	0.0139925657831393
K02866	group	LPRD	1.17598422317357	0.385944936266476	151	47	0.00273463839128399	0.0139925657831393
K02869	group	LPRD	1.17598422317357	0.385944936266476	151	47	0.00273463839128399	0.0139925657831393
K02877	group	LPRD	1.17598422317357	0.385944936266476	151	47	0.00273463839128399	0.0139925657831393
K02883	group	LPRD	1.17598422317357	0.385944936266476	151	47	0.00273463839128399	0.0139925657831393
K02885	group	LPRD	1.17598422317357	0.385944936266476	151	47	0.00273463839128399	0.0139925657831393
K02896	group	LPRD	1.17598422317357	0.385944936266476	151	47	0.00273463839128399	0.0139925657831393
K02908	group	LPRD	1.17598422317357	0.385944936266476	151	47	0.00273463839128399	0.0139925657831393
K02910	group	LPRD	1.17598422317357	0.385944936266476	151	47	0.00273463839128399	0.0139925657831393
K02912	group	LPRD	1.17598422317357	0.385944936266476	151	47	0.00273463839128399	0.0139925657831393
K02921	group	LPRD	1.17598422317357	0.385944936266476	151	47	0.00273463839128399	0.0139925657831393
K02924	group	LPRD	1.17598422317357	0.385944936266476	151	47	0.00273463839128399	0.0139925657831393
K02929	group	LPRD	1.17598422317357	0.385944936266476	151	47	0.00273463839128399	0.0139925657831393
K02930	group	LPRD	1.18043694117765	0.385098535235266	151	47	0.0025824432030738	0.0139925657831393
K02936	group	LPRD	1.17598422317357	0.385944936266476	151	47	0.00273463839128399	0.0139925657831393
K02962	group	LPRD	1.17598422317357	0.385944936266476	151	47	0.00273463839128399	0.0139925657831393
K02966	group	LPRD	1.17598422317357	0.385944936266476	151	47	0.00273463839128399	0.0139925657831393
K02977	group	LPRD	1.17598422317357	0.385944936266476	151	47	0.00273463839128399	0.0139925657831393
K02978	group	LPRD	1.17598422317357	0.385944936266476	151	47	0.00273463839128399	0.0139925657831393
K02979	group	LPRD	1.17598422317357	0.385944936266476	151	47	0.00273463839128399	0.0139925657831393
K02984	group	LPRD	1.17598422317357	0.385944936266476	151	47	0.00273463839128399	0.0139925657831393
K02987	group	LPRD	1.18043694117765	0.385098535235266	151	47	0.0025824432030738	0.0139925657831393
K02991	group	LPRD	1.17598422317357	0.385944936266476	151	47	0.00273463839128399	0.0139925657831393
K02995	group	LPRD	1.17598422317357	0.385944936266476	151	47	0.00273463839128399	0.0139925657831393
K03041	group	LPRD	1.17598422317357	0.385944936266476	151	47	0.00273463839128399	0.0139925657831393
K03047	group	LPRD	1.17598422317357	0.385944936266476	151	47	0.00273463839128399	0.0139925657831393
K03049	group	LPRD	1.17598422317357	0.385944936266476	151	47	0.00273463839128399	0.0139925657831393
K03050	group	LPRD	1.17598422317357	0.385944936266476	151	47	0.00273463839128399	0.0139925657831393
K03051	group	LPRD	1.17598422317357	0.385944936266476	151	47	0.00273463839128399	0.0139925657831393
K03053	group	LPRD	1.17598422317357	0.385944936266476	151	47	0.00273463839128399	0.0139925657831393
K03056	group	LPRD	1.17598422317357	0.385944936266476	151	47	0.00273463839128399	0.0139925657831393
K03057	group	LPRD	1.18728045425513	0.388983033085956	151	47	0.00269011921661384	0.0139925657831393
K03058	group	LPRD	1.17598422317357	0.385944936266476	151	47	0.00273463839128399	0.0139925657831393
K03105	group	LPRD	1.17598422317357	0.385944936266476	151	47	0.00273463839128399	0.0139925657831393
K03136	group	LPRD	1.17568167346003	0.383672511071935	151	47	0.00259058053053088	0.0139925657831393
K03232	group	LPRD	1.17598422317357	0.385944936266476	151	47	0.00273463839128399	0.0139925657831393
K03234	group	LPRD	1.18043694117765	0.385098535235266	151	47	0.0025824432030738	0.0139925657831393
K03238	group	LPRD	1.17598422317357	0.385944936266476	151	47	0.00273463839128399	0.0139925657831393
K03242	group	LPRD	1.17598422317357	0.385944936266476	151	47	0.00273463839128399	0.0139925657831393
K03243	group	LPRD	1.17598422317357	0.385944936266476	151	47	0.00273463839128399	0.0139925657831393
K03263	group	LPRD	1.17598422317357	0.385944936266476	151	47	0.00273463839128399	0.0139925657831393
K03264	group	LPRD	1.17598422317357	0.385944936266476	151	47	0.00273463839128399	0.0139925657831393
K03538	group	LPRD	1.18043694117765	0.385098535235266	151	47	0.0025824432030738	0.0139925657831393
K03679	group	LPRD	1.17862697858587	0.385342013370069	151	47	0.00263680836516199	0.0139925657831393
K03688	group	LPRD	-0.724229853703375	0.236492256726232	151	151	0.00260610108408284	0.0139925657831393
K04797	group	LPRD	1.17598422317357	0.385944936266476	151	47	0.00273463839128399	0.0139925657831393
K04799	group	LPRD	1.17598422317357	0.385944936266476	151	47	0.00273463839128399	0.0139925657831393
K04800	group	LPRD	1.17598422317357	0.385944936266476	151	47	0.00273463839128399	0.0139925657831393
K04802	group	LPRD	1.17598422317357	0.385944936266476	151	47	0.00273463839128399	0.0139925657831393
K05836	group	LPRD	-1.35130475902884	0.440918816097454	151	151	0.00258681447777058	0.0139925657831393
K06174	group	LPRD	1.17598422317357	0.385944936266476	151	47	0.00273463839128399	0.0139925657831393
K06875	group	LPRD	1.17598422317357	0.385944936266476	151	47	0.00273463839128399	0.0139925657831393
K06932	group	LPRD	1.17598422317357	0.385944936266476	151	47	0.00273463839128399	0.0139925657831393
K06961	group	LPRD	1.17598422317357	0.385944936266476	151	47	0.00273463839128399	0.0139925657831393
K06973	group	LPRD	-0.380119281281577	0.124042608442017	151	151	0.00258943518346628	0.0139925657831393
K06982	group	LPRD	1.17598422317357	0.385944936266476	151	47	0.00273463839128399	0.0139925657831393
K07060	group	LPRD	1.17598422317357	0.385944936266476	151	47	0.00273463839128399	0.0139925657831393
K07158	group	LPRD	1.17598422317357	0.385944936266476	151	47	0.00273463839128399	0.0139925657831393
K07182	group	LPRD	-1.40400981284054	0.458498689392108	151	151	0.00260768597848535	0.0139925657831393
K07254	group	LPRD	1.17598422317357	0.385944936266476	151	47	0.00273463839128399	0.0139925657831393
K07260	group	LPRD	0.369257771155918	0.120899225892239	151	151	0.00267337064154822	0.0139925657831393
K07342	group	LPRD	1.17598422317357	0.385944936266476	151	47	0.00273463839128399	0.0139925657831393
K07558	group	LPRD	1.17598422317357	0.385944936266476	151	47	0.00273463839128399	0.0139925657831393
K07561	group	LPRD	1.17598422317357	0.385944936266476	151	47	0.00273463839128399	0.0139925657831393
K07569	group	LPRD	1.18043694117765	0.385098535235266	151	47	0.0025824432030738	0.0139925657831393
K07572	group	LPRD	1.17598422317357	0.385944936266476	151	47	0.00273463839128399	0.0139925657831393
K07573	group	LPRD	1.18152178961218	0.384698034527081	151	47	0.00253407650289525	0.0139925657831393
K07575	group	LPRD	1.18043694117765	0.385098535235266	151	47	0.0025824432030738	0.0139925657831393
K07581	group	LPRD	1.17862697858587	0.385342013370069	151	47	0.00263680836516199	0.0139925657831393
K07583	group	LPRD	1.17598422317357	0.385944936266476	151	47	0.00273463839128399	0.0139925657831393
K07719	group	LPRD	-0.520316785592244	0.169771684144198	151	151	0.00258636096571301	0.0139925657831393
K07732	group	LPRD	1.17598422317357	0.385944936266476	151	47	0.00273463839128399	0.0139925657831393
K07774	group	LPRD	-1.61821796582717	0.527534120990995	151	143	0.00256441870501845	0.0139925657831393
K09721	group	LPRD	1.17598422317357	0.385944936266476	151	47	0.00273463839128399	0.0139925657831393
K09722	group	LPRD	1.17598422317357	0.385944936266476	151	47	0.00273463839128399	0.0139925657831393
K09735	group	LPRD	1.17598422317357	0.385944936266476	151	47	0.00273463839128399	0.0139925657831393
K09780	group	LPRD	-0.890868013198643	0.292328413672091	151	151	0.00273066701301826	0.0139925657831393
K09955	group	LPRD	0.559510550313599	0.182932891861445	151	151	0.00263759721631041	0.0139925657831393
K10726	group	LPRD	1.17598422317357	0.385944936266476	151	47	0.00273463839128399	0.0139925657831393
K11600	group	LPRD	1.17862697858587	0.385342013370069	151	47	0.00263680836516199	0.0139925657831393
K11742	group	LPRD	-1.47277931559192	0.481212578792323	151	139	0.00262107293033624	0.0139925657831393
K11743	group	LPRD	-1.47277931559192	0.481212578792323	151	139	0.00262107293033624	0.0139925657831393
K12589	group	LPRD	1.17862697858587	0.385342013370069	151	47	0.00263680836516199	0.0139925657831393
K14564	group	LPRD	1.17598422317357	0.385944936266476	151	47	0.00273463839128399	0.0139925657831393
K14574	group	LPRD	1.17598422317357	0.385944936266476	151	47	0.00273463839128399	0.0139925657831393
K14656	group	LPRD	1.17598422317357	0.385944936266476	151	47	0.00273463839128399	0.0139925657831393
K15449	group	LPRD	1.17598422317357	0.385944936266476	151	47	0.00273463839128399	0.0139925657831393
K15857	group	LPRD	-0.944887380193242	0.307857950618694	151	38	0.00255059624783493	0.0139925657831393
K15888	group	LPRD	1.17598422317357	0.385944936266476	151	47	0.00273463839128399	0.0139925657831393
K16017	group	LPRD	1.04886155799303	0.343058508381162	151	52	0.00264731718476767	0.0139925657831393
K17104	group	LPRD	1.18043694117765	0.385098535235266	151	47	0.0025824432030738	0.0139925657831393
K18779	group	LPRD	0.97033707720097	0.316805568708151	151	47	0.00260204489844361	0.0139925657831393
K18882	group	LPRD	1.17598422317357	0.385944936266476	151	47	0.00273463839128399	0.0139925657831393
K19712	group	LPRD	1.17598422317357	0.385944936266476	151	47	0.00273463839128399	0.0139925657831393
K19624	group	LPRD	-1.48911962665467	0.48881392676451	151	113	0.00274005401864069	0.014010050088017
K02683	group	LPRD	1.18331505024124	0.388552777572036	151	47	0.00274822099822704	0.0140211275091496
K04798	group	LPRD	1.18331505024124	0.388552777572036	151	47	0.00274822099822704	0.0140211275091496
K18532	group	LPRD	1.18331505024124	0.388552777572036	151	47	0.00274822099822704	0.0140211275091496
K06383	group	LPRD	0.698968874769028	0.229547323620647	151	151	0.00275212748972879	0.0140277766232099
K17105	group	LPRD	1.05863637989758	0.347683745064292	151	50	0.00275352648124633	0.0140277766232099
K01792	group	LPRD	-0.858595044444767	0.282087665357584	151	151	0.00276308831316594	0.0140662665761026
K06944	group	LPRD	1.24224893100465	0.40816857785031	151	54	0.00276522132869364	0.0140669096619321
K10004	group	LPRD	-1.25749246876877	0.413269807222223	151	150	0.00277112440550546	0.0140765087555024
K13821	group	LPRD	-0.867060891006661	0.284948448974196	151	151	0.00277042135091155	0.0140765087555024
K08077	group	LPRD	-0.882673786102214	0.290129043880092	151	151	0.00277493147030702	0.0140856405552876
K04087	group	LPRD	-1.03530681463391	0.34036897316544	151	151	0.00278039901571621	0.0141031816933217
K03113	group	LPRD	-0.347337699380657	0.114348975657038	151	151	0.0028170770135167	0.0142788936115344
K03325	group	LPRD	-0.656594999845131	0.216186038215111	151	151	0.00282013656933762	0.0142840732305323
K11131	group	LPRD	1.17355312385947	0.386512168985362	151	47	0.00282817097736395	0.0143144249468024
K01746	group	LPRD	-0.381214498442276	0.125567921529455	151	151	0.00283118858840311	0.0143193593107546
K00586	group	LPRD	1.16858620004366	0.385126810557637	151	47	0.00284565321245113	0.0143324303101809
K02889	group	LPRD	1.16858620004366	0.385126810557637	151	47	0.00284565321245113	0.0143324303101809
K03449	group	LPRD	-0.846892945226408	0.279098744224126	151	151	0.00284480781015147	0.0143324303101809
K04795	group	LPRD	1.16858620004366	0.385126810557637	151	47	0.00284565321245113	0.0143324303101809
K06865	group	LPRD	1.16858620004366	0.385126810557637	151	47	0.00284565321245113	0.0143324303101809
K09759	group	LPRD	1.05516386154486	0.347751610655593	151	151	0.00284604036972493	0.0143324303101809
K03237	group	LPRD	1.17210160062331	0.386716670704411	151	47	0.00287584113133608	0.0144617262056427
K07142	group	LPRD	1.17210160062331	0.386716670704411	151	47	0.00287584113133608	0.0144617262056427
K04708	group	LPRD	-1.01938635420631	0.336360473080137	151	73	0.00287825069401951	0.0144634676452163
K03562	group	LPRD	-1.2664750417433	0.417938360697272	151	151	0.00288134833801445	0.0144686617832961
K12688	group	LPRD	-1.23851585071657	0.408861530887097	151	50	0.00289132990721321	0.01450839130248
K03192	group	LPRD	-1.62344173400668	0.536012850047587	151	148	0.00289534181338047	0.0145181302659493
K06882	group	LPRD	-0.889942643342651	0.294053590003065	151	151	0.00291590634842709	0.0146107959274295
K03709	group	LPRD	0.334718848650149	0.110693074541147	151	151	0.00293976277349221	0.0147110953722071
K05875	group	LPRD	-1.61036255564024	0.532561247413663	151	130	0.00294012048736978	0.0147110953722071
K01055	group	LPRD	-1.52835258774627	0.50599976730827	151	150	0.00297088037901066	0.0148544018950533
K15832	group	LPRD	-1.23137470376189	0.407718671597183	151	138	0.00297368311005453	0.0148578179625675
K00380	group	LPRD	-0.621613123266097	0.205875817353643	151	151	0.00298107025756087	0.0148735249149478
K18926	group	LPRD	-1.05749679591057	0.350232178721091	151	151	0.00298054358906056	0.0148735249149478
K00803	group	LPRD	-1.39241200290018	0.461757156710388	151	145	0.00301736989577226	0.0150439281432173
K01847	group	LPRD	-0.410730810832064	0.136252152512384	151	151	0.00302650304160124	0.0150787393899251
K02657	group	LPRD	-1.31562199611427	0.43660817911031	151	150	0.00303791096483486	0.0151127284489775
K08298	group	LPRD	1.5353525881068	0.509544771348416	151	122	0.00303879308719035	0.0151127284489775
K17250	group	LPRD	-0.883006204532337	0.293057779465683	151	151	0.00303979274080717	0.0151127284489775
K11209	group	LPRD	-1.24065934718597	0.411892803558642	151	151	0.00304910841925084	0.0151482990920967
K11045	group	LPRD	-1.0197225207336	0.339059283831244	151	50	0.00309279629271138	0.0153544631812371
K15910	group	LPRD	-0.867193911731826	0.288471356664314	151	151	0.00310561881905942	0.015385433160146
K15912	group	LPRD	-0.867193911731826	0.288471356664314	151	151	0.00310561881905942	0.015385433160146
K15914	group	LPRD	-0.867193911731826	0.288471356664314	151	151	0.00310561881905942	0.015385433160146
K16293	group	LPRD	-0.867047952227055	0.288475641135537	151	151	0.00311092096325484	0.0153899477434132
K16294	group	LPRD	-0.867047952227055	0.288475641135537	151	151	0.00311092096325484	0.0153899477434132
K07735	group	LPRD	-0.942638294240917	0.31367534598771	151	151	0.00311554415374874	0.0154019495894067
K03543	group	LPRD	-0.880557099035334	0.293130599192893	151	151	0.00312680074217381	0.015446704159717
K14835	group	LPRD	1.16264224088923	0.387083614112992	151	32	0.00313048975361975	0.0154540374456862
K09944	group	LPRD	-0.86637154471062106	0.288651280261802	151	151	0.00315136879366886	0.0155461613255585
K07108	group	LPRD	1.17261214549148	0.390828551478809	151	47	0.00316234253612056	0.0155783704695749
K11104	group	LPRD	0.672054441180943	0.223991938541946	151	151	0.00316207475783025	0.0155783704695749
K17249	group	LPRD	-0.871646180297943	0.290769489045275	151	151	0.00318788768350554	0.0156931830487176
K10018	group	LPRD	-1.37417157389274	0.458455732287389	151	119	0.00319114409218148	0.0156981895341699
K15913	group	LPRD	-0.860477522746545	0.287153163866986	151	151	0.00319916160884402	0.0157265938835881
K02086	group	LPRD	-0.85032669136564	0.283806193510946	151	151	0.0032033928378735	0.0157363586499602
K00048	group	LPRD	-0.3257463893997	0.108780974576543	151	151	0.00321963279060538	0.0158050601275516
K19231	group	LPRD	-1.12366985685233	0.375273023859461	151	98	0.00322205323719177	0.0158058734728582
K03594	group	LPRD	-0.833466563915945	0.278519170431538	151	151	0.0032398184918564	0.0158631513763787
K06152	group	LPRD	-1.56547423910347	0.523146093345013	151	126	0.00324051822695782	0.0158631513763787
K07288	group	LPRD	-0.872222102165997	0.291462649504564	151	151	0.00323905410053235	0.0158631513763787
K04518	group	LPRD	-0.29485580257985	0.0985577158391324	151	151	0.00324768730693523	0.0158871514456497
K05874	group	LPRD	-1.72030262234611	0.575468861878733	151	138	0.00327096361710318	0.0159898570124779
K15897	group	LPRD	-0.869122583454092	0.290973893329403	151	151	0.00329577184351852	0.0160999028732159
K05922	group	LPRD	-0.859866989225762	0.287980544018646	151	151	0.00330689241914267	0.0161357718261489
K10254	group	LPRD	0.559851651853656	0.187506624219442	151	151	0.00330771813326334	0.0161357718261489
K02974	group	LPRD	1.00759624495025	0.337731881909887	151	41	0.00333175467198297	0.0162079113467041
K03627	group	LPRD	1.00759624495025	0.337731881909887	151	41	0.00333175467198297	0.0162079113467041
K05927	group	LPRD	-0.863920850645616	0.28951238236075	151	151	0.00332524892859906	0.0162079113467041
K09126	group	LPRD	-0.736051220841649	0.246704590490943	151	130	0.00333060355789875	0.0162079113467041
K01104	group	LPRD	-0.0965667289185238	0.0323763755310023	151	151	0.00333988534090151	0.0162361971149235
K06320	group	LPRD	0.63896427643314	0.214294921750563	151	151	0.00334940606647347	0.0162711964837
K09140	group	LPRD	1.15910121554115	0.389127191599233	151	49	0.00338032139158215	0.0164100089716003
K01023	group	LPRD	-0.861492244440069	0.289322862521055	151	151	0.00339183594037301	0.0164317691375361
K07459	group	LPRD	-0.391940416617505	0.131621011426163	151	151	0.00338996134833925	0.0164317691375361
K11928	group	LPRD	-0.367674698076859	0.123468848223739	151	151	0.00338913749516209	0.0164317691375361
K19509	group	LPRD	0.500652770876976	0.168228994648929	151	151	0.00340852800869597	0.0165012302078444
K04801	group	LPRD	1.15839750110563	0.389638635249936	151	47	0.00344026505928364	0.0166204397419561
K06902	group	LPRD	0.503366154408132	0.169300319793173	151	151	0.00343804860653866	0.0166204397419561
K07284	group	LPRD	0.352964874327959	0.118722211563204	151	151	0.0034399819711651	0.0166204397419561
K07099	group	LPRD	-0.476400672920055	0.160285871827853	151	151	0.00344884802873374	0.0166504302213661
K18640	group	LPRD	0.788568398697235	0.265354700111979	151	151	0.00345353075813763	0.0166615627078766
K02055	group	LPRD	-0.880385766795055	0.296299714720197	151	151	0.00345867414717111	0.016674900805825
K03820	group	LPRD	-0.509231233656259	0.171455296367033	151	151	0.003471606308003	0.0167257458550523
K14347	group	LPRD	0.591901990954789	0.199394423776272	151	151	0.00348821232759007	0.0167942090772022
K18672	group	LPRD	-0.359840049462754	0.121387068040898	151	151	0.00353232800570267	0.0169832779972399
K18691	group	LPRD	-0.270211185774858	0.0911456632176829	151	151	0.00353009293359936	0.0169832779972399
K01679	group	LPRD	-0.48706479159676	0.164334568184131	151	151	0.00353819259507324	0.0169868373110953
K09131	group	LPRD	-1.2917959018119	0.435878115519901	151	151	0.0035403379902297	0.0169868373110953
K15904	group	LPRD	0.770507825830069	0.259959567651264	151	21	0.00353719774476888	0.0169868373110953
K01077	group	LPRD	-0.369186164634355	0.124623726520756	151	151	0.00355399974131532	0.017029075999057
K07079	group	LPRD	0.657407887817353	0.221903800586811	151	151	0.00355210647023366	0.017029075999057
K09736	group	LPRD	1.13684572314459	0.38388018015768	151	45	0.00356432808475971	0.0170668988211513
K07646	group	LPRD	0.550096283826544	0.185836103154693	151	151	0.003579040980884	0.0171256500177453
K02067	group	LPRD	-0.112101186775908	0.0378812201530729	151	151	0.0035881945462349	0.0171512539847827
K07726	group	LPRD	0.534266515690259	0.180556123175807	151	151	0.00359122941245753	0.0171512539847827
K17248	group	LPRD	-0.817976987741275	0.276440746277921	151	151	0.00359173193290457	0.0171512539847827
K02121	group	LPRD	0.510538641194655	0.172566454841689	151	151	0.00359673980859887	0.0171634758735726
K02459	group	LPRD	-1.5409647974186	0.520934950913748	151	148	0.0036014703069863	0.0171713195302988
K06596	group	LPRD	-1.29217825418552	0.436855021945808	151	150	0.00360328260043787	0.0171713195302988
K03059	group	LPRD	1.13849919036508	0.38495851100702	151	45	0.00360826641975301	0.0171833883168944
K15598	group	LPRD	-0.895769239826565	0.302951319277467	151	151	0.00361545578508893	0.0172059368998462
K18992	group	LPRD	-0.912985224835848	0.308851675570188	151	151	0.00362371374827483	0.0172335368896924
K08195	group	LPRD	-1.34937769601635	0.456755777005488	151	141	0.00364370774687291	0.0173168754614096
K01425	group	LPRD	0.51384908560495	0.174005300362545	151	151	0.00365709882763424	0.0173484783313692
K03532	group	LPRD	-0.842480858769971	0.285273063295595	151	151	0.00365510959467498	0.0173484783313692
K15869	group	LPRD	1.0533281233649	0.356734537474704	151	47	0.00366125162222797	0.0173484783313692
K15871	group	LPRD	1.05332812336491	0.356734537474704	151	47	0.0036612516222277	0.0173484783313692
K16087	group	LPRD	-0.723836830785534	0.245155474978284	151	151	0.00366273151646596	0.0173484783313692
K08974	group	LPRD	0.463387079159621	0.156957662650108	151	151	0.00366560142588363	0.0173503484101582
K00982	group	LPRD	-0.848023997980295	0.287345635052263	151	151	0.00367764343970779	0.0173956008855274
K05810	group	LPRD	-0.0851938243135461	0.0288787828459255	151	151	0.00369097740415846	0.0174468992603849
K17207	group	LPRD	-1.52064726201655	0.515649548445314	151	106	0.00370289672886947	0.0174914461383928
K06605	group	LPRD	1.27123638881501	0.431402820038835	151	143	0.00372835243778136	0.0175998320463619
K15896	group	LPRD	-0.849177560758651	0.28827231727057	151	151	0.00373977900535143	0.0176418915393765
K17251	group	LPRD	-0.855486025882965	0.290554148066293	151	151	0.00375604572758735	0.0177067118697965
K05303	group	LPRD	1.20657416807571	0.410139432243026	151	111	0.00378436169472067	0.0178282093279515
K01057	group	LPRD	-0.460970438292084	0.156770629488234	151	151	0.00380112924295696	0.0178951752808115
K04074	group	LPRD	-0.40084315158348	0.136361190673242	151	151	0.00381092096315918	0.0179292321823797
K07741	group	LPRD	0.715701890258653	0.243514884057284	151	150	0.00381698020389206	0.0179351386962414
K18149	group	LPRD	0.613574657706515	0.20876838906004	151	151	0.00381729342864367	0.0179351386962414
K12514	group	LPRD	-0.782057181101514	0.266282310026296	151	74	0.00384147996697339	0.0180246148383424
K12515	group	LPRD	-0.782057181101514	0.266282310026296	151	74	0.00384147996697339	0.0180246148383424
K15899	group	LPRD	-0.833398482486125	0.283842907347007	151	151	0.00385110514448502	0.0180576903430368
K06333	group	LPRD	0.753730297924699	0.256771322387647	151	151	0.00385945269210969	0.0180847348741236
K07040	group	LPRD	-0.426888434338745	0.14544268716111	151	151	0.00386318324434859	0.0180901232751394
K01207	group	LPRD	-0.541984679394835	0.18476737246224	151	151	0.00388395361951373	0.0181703358862095
K04751	group	LPRD	-0.501551368708171	0.170990910109277	151	151	0.0038854969320154	0.0181703358862095
K03615	group	LPRD	0.274166866087346	0.0935129487658806	151	151	0.00390142718979772	0.0182326697336547
K12138	group	LPRD	-0.659873171635446	0.225160720757622	151	151	0.00391549698720075	0.0182862317656744
K16927	group	LPRD	0.668654604805152	0.22829116770824	151	151	0.00393603675628642	0.0183699185496457
K18350	group	LPRD	0.837264357654471	0.285889672512232	151	149	0.00393995900248591	0.0183759897587666
K01222	group	LPRD	0.530708000507939	0.181345716006652	151	151	0.00396552571391772	0.0184829356745766
K00477	group	LPRD	-1.30622368452712	0.446418261732975	151	121	0.00397143283004762	0.0184981688628796
K06992	group	LPRD	-1.72978671770512	0.591896619423693	151	135	0.00401460228469959	0.018686827367692
K16139	group	LPRD	0.873384888593826	0.298939166302143	151	151	0.00402476484493224	0.0187092848560842
K16788	group	LPRD	-0.728029040411545	0.249173449810495	151	151	0.00402278692748984	0.0187092848560842
K07487	group	LPRD	1.99176315431625	0.682036646830248	151	113	0.00404063288887661	0.0187706007627734
K07030	group	LPRD	0.352179224796986	0.120639095904516	151	151	0.00405336577368825	0.0188172808434137
K00253	group	LPRD	-1.50658640566892	0.517136858552476	151	148	0.0041271856722282	0.0191473008354201
K05658	group	LPRD	1.15382762674382	0.39613219690775	151	41	0.00413454690723133	0.0191687657537643
K04065	group	LPRD	-0.560045038276871	0.192304994329954	151	151	0.00414029152686669	0.0191827122295674
K06599	group	LPRD	-0.981541195114977	0.337123720849265	151	48	0.00414981027508361	0.019201432361938
K19716	group	LPRD	-0.981541195114977	0.337123720849265	151	48	0.00414981027508361	0.019201432361938
K17884	group	LPRD	1.12554001967653	0.386704916490228	151	58	0.00416143884455272	0.0192425371374107
K03321	group	LPRD	-0.317110123249408	0.108985028073553	151	151	0.00417309436211229	0.0192837122468076
K10677	group	LPRD	1.43475530344475	0.493451276235325	151	58	0.00419935092719646	0.0193922595518098
K17465	group	LPRD	1.3740426668624	0.472861376295564	151	87	0.00422210917706071	0.0194845196387068
K01626	group	LPRD	-0.544798226152139	0.187524030441656	151	151	0.00422959400720222	0.0195062197305839
K08300	group	LPRD	-0.812497500116361	0.279700049097538	151	151	0.00423380708272468	0.0195128123930966
K10896	group	LPRD	1.12255032658757	0.386502490010724	151	49	0.00424031017960052	0.0195299437312744
K18924	group	LPRD	-0.658842128312644	0.226889875720781	151	151	0.00424779167614164	0.0195515559092271
K06608	group	LPRD	1.29625765099428	0.446620120679682	151	140	0.00426611097174645	0.0195972725504211
K08138	group	LPRD	0.581922425713774	0.200490341941803	151	151	0.00426451113169572	0.0195972725504211
K09954	group	LPRD	0.69456015465741	0.239282363782804	151	151	0.00426214208016406	0.0195972725504211
K02192	group	LPRD	-0.931426780214389	0.321084401496496	151	151	0.00428538668007834	0.0196729277192856
K08068	group	LPRD	-1.1673434240742	0.402752886178147	151	138	0.00431740498457253	0.0197814462497977
K18295	group	LPRD	-0.822777994360408	0.283872733045728	151	48	0.00431749112156782	0.0197814462497977
K18296	group	LPRD	-0.822777994360408	0.283872733045728	151	48	0.00431749112156782	0.0197814462497977
K03120	group	LPRD	1.29490385856971	0.446971069178478	151	47	0.00433497675938539	0.0198485872523133
K03346	group	LPRD	-0.79760946412996	0.275369389047427	151	151	0.00434225951038786	0.0198689550703779
K06967	group	LPRD	-0.3473876436753	0.119947705571135	151	151	0.00434682009146045	0.0198768485591244
K14979	group	LPRD	-1.55433580118479	0.536818261006316	151	112	0.0043559896415062	0.0199057936029716
K00154	group	LPRD	-1.46712574156503	0.506741890300417	151	150	0.00435923251356507	0.0199076351270952
K01058	group	LPRD	-0.625383995846114	0.216106848085967	151	151	0.00437697805036417	0.0199482774756158
K06980	group	LPRD	-0.840848917452261	0.290565020974498	151	151	0.0043772940149059	0.0199482774756158
K09457	group	LPRD	-0.148391553023589	0.0512839174606153	151	151	0.00438139464488792	0.0199482774756158
K11392	group	LPRD	-1.34039888111897	0.463183614669978	151	134	0.00437674652017917	0.0199482774756158
K13940	group	LPRD	0.456218545815595	0.157672491955883	151	151	0.00438236052959319	0.0199482774756158
K06284	group	LPRD	0.636120077278281	0.219866322065183	151	151	0.00438558157531193	0.0199499849727038
K01205	group	LPRD	0.503734104002218	0.174175104952798	151	151	0.00440013149685448	0.0199687727659445
K02837	group	LPRD	-0.0841685688450798	0.0291069267404999	151	151	0.00440557688414744	0.0199687727659445
K10002	group	LPRD	-1.25798721913183	0.435047345880055	151	150	0.00440680334791957	0.0199687727659445
K10003	group	LPRD	-1.25798721913183	0.435047345880055	151	150	0.00440680334791957	0.0199687727659445
K18820	group	LPRD	-0.983628111975129	0.340128459435249	151	103	0.0044025420331833	0.0199687727659445
K18925	group	LPRD	-0.656390931762539	0.226969758794632	151	151	0.00440195803688672	0.0199687727659445
K03560	group	LPRD	-1.17110845594047	0.405127886243643	151	151	0.00441871830250723	0.0200098290055398
K02483	group	LPRD	-0.551059730170217	0.190716523336894	151	151	0.00443597604138766	0.0200750110071837
K03790	group	LPRD	0.356159402761313	0.12357421889672	151	151	0.00453397264658629	0.0205052569371419
K05687	group	LPRD	-0.926186743763506	0.321493831319477	151	44	0.0045512267005671	0.02057001880785
K15830	group	LPRD	-1.15431314348751	0.401022031988893	151	139	0.00458491292459163	0.0207089172689351
K02805	group	LPRD	0.763512765609317	0.265300350661726	151	151	0.0045919321141853	0.0207272660144488
K03584	group	LPRD	0.0592068479123486	0.0205817229053126	151	151	0.00460914613613114	0.0207915794171681
K00799	group	LPRD	-0.975898405274147	0.339357959125847	151	151	0.00462231491923084	0.0207974503105316
K03726	group	LPRD	1.14109692963693	0.396751773976822	151	53	0.00461707748055306	0.0207974503105316
K15429	group	LPRD	1.1184325977392	0.388856946009834	151	49	0.00461558337459828	0.0207974503105316
K19622	group	LPRD	-1.57023548712726	0.546031117174524	151	113	0.00462223908716495	0.0207974503105316
K19621	group	LPRD	-1.57337553100199	0.547299961734421	151	113	0.00463514122185639	0.0208417831720419
K16899	group	LPRD	-0.347220400479616	0.120860560488124	151	151	0.00466154013322893	0.0209470489320095
K07084	group	LPRD	-0.408265349404146	0.142241233276665	151	151	0.00469895446110572	0.021101646875305
K07458	group	LPRD	0.420251742372673	0.146531746562112	151	151	0.0047305839655988	0.0212136142659319
K07686	group	LPRD	-1.40160658500829	0.488735411862833	151	137	0.00473296615005956	0.0212136142659319
K12452	group	LPRD	-0.499035262980543	0.173997123144045	151	151	0.00472952098927768	0.0212136142659319
K02535	group	LPRD	-0.296774614435302	0.103502997715013	151	151	0.00474031287332588	0.0212329669278047
K00132	group	LPRD	-0.993326719624256	0.346577491320834	151	139	0.00475738627316769	0.0212958351053037
K06956	group	LPRD	-0.430789722871614	0.150415118926181	151	151	0.00478731865076119	0.0214161478888551
K03402	group	LPRD	-0.182337664371308	0.0636930035729939	151	151	0.00480520155717762	0.02148009951071
K03420	group	LPRD	0.617591322055478	0.215746303773554	151	21	0.00480774267222595	0.02148009951071
K02843	group	LPRD	-0.248852712860361	0.0870002974579158	151	151	0.00483966520069964	0.0216089509916589
K05921	group	LPRD	-1.83925819726961	0.643109449370032	151	128	0.00484574558493461	0.0216223275304848
K01669	group	LPRD	-0.928214537132135	0.324749669208466	151	151	0.00487039887464885	0.0217071574486049
K13615	group	LPRD	0.740161712997107	0.258960023516323	151	27	0.00487094988112061	0.0217071574486049
K03488	group	LPRD	0.434719024452536	0.152395977330355	151	151	0.00495368378836303	0.0220618318655812
K08219	group	LPRD	-1.21685352759171	0.426633633374759	151	138	0.00495872223770959	0.0220702494516472
K13653	group	LPRD	0.4303066881429	0.151118446388193	151	151	0.00502925934804971	0.0223699924047135
K05550	group	LPRD	-1.56907450119202	0.551345007820163	151	136	0.00505291191687949	0.0224609464409164
K09125	group	LPRD	0.148582848923494	0.0522239289837515	151	151	0.00506484339819244	0.0224997162365837
K02019	group	LPRD	-0.412766513181272	0.145120992972995	151	151	0.00507718740216263	0.0225402683275238
K03194	group	LPRD	-0.856989830102627	0.301393201070243	151	148	0.00509025643738566	0.022583985839287
K15600	group	LPRD	-0.88415618105954	0.31100275215538	151	151	0.00509793831076627	0.0226037618965664
K02013	group	LPRD	-0.0909432165409101	0.0319978697539703	151	151	0.00510941059773159	0.0226403086536653
K07498	group	LPRD	-1.04356418065906	0.367404976384281	151	149	0.00513681700926104	0.0227473703315982
K18855	group	LPRD	1.05589285237119	0.371995676579005	151	51	0.00516605036010594	0.0228623819598123
K03841	group	LPRD	-0.636833239158048	0.224404368661315	151	151	0.00517483506919848	0.0228868099905876
K07482	group	LPRD	-0.971940849504265	0.342519883319765	151	147	0.00517888990200925	0.0228903015214911
K18284	group	LPRD	-0.748661966759539	0.264116028667228	151	151	0.00522558134959623	0.0230821205171201
K15314	group	LPRD	1.11962075922809	0.395048078658325	151	45	0.00523267140122594	0.0230843464585235
K16789	group	LPRD	-0.407891516750727	0.143912865118579	151	151	0.00523023389947313	0.0230843464585235
K03614	group	LPRD	0.273213422674906	0.0964331584823425	151	151	0.00524741248740273	0.0231304654202481
K03626	group	LPRD	1.0926103275236	0.385666956268829	151	51	0.00524972474801921	0.0231304654202481
K08357	group	LPRD	-0.772243625142506	0.272958574869226	151	151	0.00531046312060702	0.0233833834644819
K08687	group	LPRD	1.33867935647997	0.47349564436416	151	63	0.00534097584313654	0.0234916660570956
K12141	group	LPRD	-0.577328847126908	0.204206830751318	151	151	0.0053417568751798	0.0234916660570956
K02291	group	LPRD	-0.882683672475622	0.31225289622653	151	151	0.00534735861643636	0.0235015573048394
K04844	group	LPRD	-1.09242551901813	0.386514617580191	151	151	0.00535485593796215	0.0235197619831546
K14260	group	LPRD	-0.789161612676139	0.279304051522463	151	151	0.00536902650820299	0.0235672359564828
K03474	group	LPRD	-0.34740868447154	0.122966037793388	151	151	0.00537246263689195	0.0235675613796074
K03622	group	LPRD	1.28470044639791	0.454812397931461	151	47	0.00538135566481098	0.0235783574566643
K08352	group	LPRD	-0.80504286922941	0.285004866879212	151	151	0.00538165077470226	0.0235783574566643
K03777	group	LPRD	-0.90750595960922	0.321344224941013	151	151	0.00539074606629847	0.0236034540441925
K15599	group	LPRD	-0.855412382321232	0.302985147892666	151	151	0.00540370271134356	0.023645415734406
K00988	group	LPRD	-0.912995250477355	0.323491419708154	151	115	0.00541914647397914	0.0236982013615682
K03339	group	LPRD	-1.35293162950654	0.479462810938562	151	105	0.00542798786409664	0.0237220666629161
K09974	group	LPRD	-0.543996353705638	0.192827347576732	151	151	0.0054377525990157	0.0237499350274767
K12140	group	LPRD	-0.575868372091835	0.20415996793674	151	151	0.00544556123906293	0.0237692305640293
K07733	group	LPRD	-1.35696574637352	0.481504121259703	151	151	0.00548580459858154	0.0239232230106498
K19666	group	LPRD	-0.752039100098215	0.266863542288007	151	36	0.00548766656221469	0.0239232230106498
K00322	group	LPRD	-1.67407980165554	0.594223531983663	151	144	0.00550081470904433	0.0239552508253937
K16898	group	LPRD	-0.338154652511861	0.120032502043219	151	151	0.0055018479071161	0.0239552508253937
K15315	group	LPRD	1.11922179613222	0.397359972166579	151	45	0.00551075752125018	0.0239791497355455
K06217	group	LPRD	-0.0758587840514644	0.0269359911031224	151	151	0.00551700100134964	0.0239914249500378
K08358	group	LPRD	-0.770953977687628	0.273825851609968	151	151	0.00552957457448535	0.0240311951439196
K09732	group	LPRD	0.686901940959979	0.24411502868154	151	17	0.0055564850225465	0.0241331846394368
K03973	group	LPRD	0.511652342156088	0.182021140203042	151	151	0.00560414573778676	0.024325115555346902
K05820	group	LPRD	-0.634468032657545	0.225754006992841	151	151	0.00561258561117787	0.0243466739692803
K06869	group	LPRD	1.2276066165583	0.436841082833387	151	45	0.00561671320778739	0.024349511185275
K06400	group	LPRD	0.520491603809005	0.185284009120583	151	151	0.00563387354696779	0.0244088093722152
K07150	group	LPRD	-0.312568655859488	0.111297637484162	151	151	0.00564637735728337	0.0244478723128823
K06984	group	LPRD	0.772149291586169	0.27505398495515	151	21	0.00566535536518163	0.0245149019197057
K19114	group	LPRD	-0.811915277685299	0.289327822631642	151	151	0.00568294279765924	0.0245758352940106
K01170	group	LPRD	1.22926018464561	0.438295508736858	151	47	0.00570934925102129	0.024659604590055
K09723	group	LPRD	1.22926018464561	0.438295508736858	151	47	0.00570934925102129	0.024659604590055
K07171	group	LPRD	0.424611278715795	0.151513520974733	151	151	0.00574598476561542	0.0248025573934508
K07501	group	LPRD	-0.591366783238044	0.211160473900114	151	151	0.00577833086208783	0.0249268303650681
K04338	group	LPRD	-1.22853055822981	0.438777718231355	151	129	0.00578961541926361	0.0249448089053706
K07223	group	LPRD	-0.553965462725689	0.19784439063368	151	151	0.00578768961754517	0.0249448089053706
K08368	group	LPRD	-1.55240607037699	0.554503850112801	151	125	0.00579407607726758	0.0249486936742295
K03592	group	LPRD	-0.708801304640997	0.253501870427452	151	151	0.00585554594016711	0.0251978987357713
K01710	group	LPRD	0.0886916860487367	0.0317331793820958	151	151	0.0058748404331609	0.0252654180591766
K09158	group	LPRD	-0.884566729748616	0.31654185960664	151	151	0.00588260188791792	0.0252832858579428
K09720	group	LPRD	0.82481220955634	0.29550997975966	151	52	0.00594022801455399	0.0255153176360438
K02517	group	LPRD	-0.08893904781268	0.0318671643469781	151	151	0.00594402262399809	0.0255159819927903
K04747	group	LPRD	-0.992172436267232	0.355546334727405	151	41	0.00595053601339108	0.0255280849228519
K19116	group	LPRD	-0.752008168941833	0.269503000383138	151	151	0.0059541253707365	0.0255280849228519
K11601	group	LPRD	0.486395239057369	0.17434661313169	151	151	0.0059634610538591	0.025552482877477
K19115	group	LPRD	-0.769469716091936	0.275925042854377	151	151	0.0059831896123791	0.0256213556400596
K11621	group	LPRD	1.7051042445419	0.611675377351964	151	63	0.00600241506767786	0.0256879912237007
K18143	group	LPRD	-1.62406969434113	0.582714893528637	151	115	0.00601161128219162	0.0257116504503742
K01496	group	LPRD	-0.661850291584092	0.237692138640831	151	151	0.00605737602867505	0.0258915890006171
K07665	group	LPRD	-1.1010132954689	0.395461929991215	151	151	0.0060638687471288	0.0259035465675642
K07707	group	LPRD	-0.76680351029281	0.275510659850389	151	151	0.0060800715134687	0.0259569435501922
K02065	group	LPRD	-0.108921738330344	0.0391616485156098	151	151	0.0061134606216433	0.0260836025305658
K05776	group	LPRD	-0.799837552785637	0.287753994069836	151	151	0.00614481752154606	0.0261855141799623
K12349	group	LPRD	0.63103404284591	0.22701184351214	151	151	0.00614207552264561	0.0261855141799623
K03471	group	LPRD	-0.619420447403449	0.222933041538549	151	151	0.00616431872840971	0.0262430650610567
K03826	group	LPRD	0.64055090244458	0.230544880621437	151	151	0.00616581000792588	0.0262430650610567
K19294	group	LPRD	0.473738841171839	0.170603423802007	151	151	0.00619433825481458	0.026348489785346
K07396	group	LPRD	-0.849114479711451	0.30587567783496	151	151	0.00620939405442379	0.0263805165584914
K08315	group	LPRD	-0.599523650462849	0.215962745856563	151	151	0.0062086776908558	0.0263805165584914
K01991	group	LPRD	-0.165450010108783	0.0596275668374576	151	151	0.00623280733402995	0.026463948765324
K02012	group	LPRD	-0.307247381155207	0.110772179352765	151	151	0.0062516982755888	0.0265280901403617
K01092	group	LPRD	-0.639510919760002	0.230675136672411	151	151	0.00627625649301617	0.0266161875475156
K11614	group	LPRD	-1.06172866881689	0.383066735804289	151	136	0.00628890586897087	0.0266537062524098
K19221	group	LPRD	-0.290769372350993	0.104980058560579	151	151	0.0063238008143488	0.0267854040535257
K18291	group	LPRD	-1.5712471180356	0.568259490607192	151	114	0.0064118122840212	0.0271417899220946
K06857	group	LPRD	-0.592404196608678	0.214325451116012	151	151	0.00643007836694522	0.0272026851854472
K08276	group	LPRD	-0.714836021452325	0.258799755819253	151	151	0.00646613199288156	0.0273222334358648
K12513	group	LPRD	-0.746342895387229	0.270195569733286	151	74	0.00646402372322201	0.0273222334358648
K00534	group	LPRD	-0.956710472614658	0.346436294680917	151	112	0.0064763651709476	0.0273419989705282
K00919	group	LPRD	-0.0713008026847524	0.0258216720854331	151	151	0.0064820111334115	0.0273419989705282
K03636	group	LPRD	-0.520413923363243	0.188484449269471	151	151	0.0064864114533507	0.0273419989705282
K09860	group	LPRD	-0.761137592496021	0.27566125521337	151	151	0.00648472418047339	0.0273419989705282
K17245	group	LPRD	1.18277444989076	0.428841569439505	151	134	0.00654280784467714	0.0275631508360497
K16306	group	LPRD	0.901056235320854	0.326844546521338	151	54	0.00656633088821967	0.0276456333492011
K10122	group	LPRD	-0.541620622594589	0.196584439905246	151	151	0.00659845415099882	0.0277642038406373
K01073	group	LPRD	-0.886533848126851	0.321800074474934	151	136	0.00660294016151897	0.0277659068416897
K07034	group	LPRD	-0.883828734771583	0.320841461388018	151	151	0.00660678068643916	0.0277659068416897
K01654	group	LPRD	-0.332875063797486	0.120857539338495	151	151	0.0066153220388881	0.0277685148993597
K10725	group	LPRD	1.04868681001581	0.380748591322169	151	47	0.00661532380626687	0.0277685148993597
K01551	group	LPRD	0.537983038187052	0.195379438970623	151	151	0.00662969029741001	0.0278027994611552
K10121	group	LPRD	-0.541286488012634	0.196585580135789	151	151	0.00663142378017854	0.0278027994611552
K13796	group	LPRD	-1.44692856688442	0.52565190216344	151	130	0.00664690651819843	0.0278386397718835
K19548	group	LPRD	1.47178344842777	0.534691531390787	151	98	0.00664791483282925	0.0278386397718835
K06863	group	LPRD	1.01359060453396	0.368318370110432	151	47	0.00666033160414617	0.0278739848030237
K12528	group	LPRD	1.58678764029733	0.577084991493059	151	108	0.00670457646291642	0.0280424111008616
K03526	group	LPRD	-0.0722883164780721	0.0263155990306243	151	151	0.00675697961700269	0.0282447388880077
K01129	group	LPRD	-0.0816399324674533	0.0297321949312588	151	151	0.00677921214888445	0.0283207849604768
K03635	group	LPRD	-0.533472634591009	0.194327315133579	151	151	0.0067913173077253	0.0283544576099788
K08151	group	LPRD	-0.85043672683046	0.309811920089539	151	151	0.00679559952987589	0.0283554480383512
K11780	group	LPRD	1.10178014733792	0.401616755502009	151	102	0.00682811762426732	0.0284741847389137
K08988	group	LPRD	-1.19084877895307	0.434117075038921	151	147	0.00683228795340663	0.028474636476445
K03624	group	LPRD	-0.0662986817957182	0.0241816358217818	151	151	0.00686115070801725	0.0285779361041004
K00033	group	LPRD	-0.448577322734224	0.163706144256165	151	151	0.00689216633110202	0.028690074810585
K03527	group	LPRD	-0.0744577514636879	0.0271751911266243	151	151	0.00689657537070996	0.0286913907113809
K11535	group	LPRD	-1.14360423890123	0.417438395096621	151	145	0.0069033704266219	0.0287026255579001
K18704	group	LPRD	0.582624365892448	0.212695836090001	151	151	0.00691014091641767	0.028713745005387
K03118	group	LPRD	-0.318453047243448	0.116298913071757	151	151	0.00693032870968199	0.0287805712410372
K03292	group	LPRD	0.445592692529753	0.162824021300564	151	151	0.00696200519401049	0.0288950008348215
K00244	group	LPRD	-0.368424614769077	0.134671380814723	151	151	0.00698057677304106	0.0289549367923182
K10551	group	LPRD	1.39243040908358	0.509644413632452	151	99	0.00705295102665697	0.0292378395605354
K01523	group	LPRD	-0.641567422155193	0.234857416280048	151	151	0.00706169508823537	0.0292567863880201
K00555	group	LPRD	1.09129593980189	0.399628718086667	151	49	0.00708123424071508	0.0293204087580701
K07130	group	LPRD	0.628886551497623	0.230340737590385	151	150	0.0070920758193415	0.0293479642819268
K04796	group	LPRD	1.24466169908296	0.456237706171772	151	47	0.00713611781291043	0.0295127940227151
K06159	group	LPRD	-0.707469445067795	0.259364213911406	151	151	0.00714420561966333	0.0295288215765566
K09704	group	LPRD	-0.341530128638494	0.125231636372453	151	151	0.00715491145522296	0.0295556448444979
K13832	group	LPRD	-1.32526792583019	0.486105327832675	151	140	0.00717328607066175	0.0296140962045576
K03823	group	LPRD	-0.295725369210388	0.108530872307468	151	151	0.00720424188626807	0.0297243882417535
K02446	group	LPRD	-0.270306618548262	0.0992924523014484	151	151	0.00725582390453039	0.0299196032769165
K05772	group	LPRD	-0.570073426055675	0.209423168196345	151	151	0.00726032768225362	0.0299205743989405
K09741	group	LPRD	0.999136484488399	0.367591064235384	151	45	0.00734540713714593	0.0302534101242027
K11065	group	LPRD	-0.197132856120781	0.0725601468582984	151	151	0.00737176490874499	0.0303441409338241
K01886	group	LPRD	-0.0954054349100675	0.0351221250126105	151	151	0.00738085826413509	0.0303637420373163
K06135	group	LPRD	-1.56990799335201	0.578084917552954	151	115	0.00739544192278306	0.0304058931839937
K19506	group	LPRD	0.360562484461539	0.132899647021693	151	151	0.00745223185777108	0.0306214216430101
K01599	group	LPRD	-0.345156985928792	0.127346517855193	151	151	0.00750953045133608	0.0308387864463186
K00648	group	LPRD	0.0756189793762347	0.0279536684184523	151	151	0.0076228888225273	0.0312859781299276
K07333	group	LPRD	1.05437097492305	0.389872251034001	151	44	0.00763935843013327	0.0313352267965092
K02844	group	LPRD	-0.555705286633219	0.205786732821264	151	151	0.00772755837528987	0.0316784702987029
K19507	group	LPRD	0.462568579609195	0.171327694527062	151	151	0.0077383773476425	0.0317042812431174
K10851	group	LPRD	-1.31126548670652	0.485765326180395	151	77	0.00775001363057049	0.0317148835670164
K19701	group	LPRD	1.60025642133681	0.59280666132236	151	117	0.0077483061051607	0.0317148835670164
K10565	group	LPRD	-1.33139697461307	0.493486644897469	151	107	0.0077820483873789	0.0318273974302953
K08279	group	LPRD	-1.09272692448263	0.405281734154132	151	123	0.00782051445971377	0.0319660678499088
K03236	group	LPRD	1.08327347227466	0.401887256839642	151	47	0.00783729416310632	0.032015986062573
K10440	group	LPRD	-0.364934276451526	0.135404122797101	151	151	0.00784440462467887	0.0320263694927192
K03793	group	LPRD	-1.79226342432082	0.665582713824367	151	138	0.00789784789674709	0.0322257938045385
K14534	group	LPRD	0.402501668518194	0.149497798229372	151	151	0.00790721557045068	0.0322452479050955
K00343	group	LPRD	-0.17996615086217	0.0668525518472133	151	151	0.00791562896505627	0.0322607901424677
K00226	group	LPRD	0.340685277344212	0.12661320942857	151	151	0.00794348807067686	0.0323555208456971
K00867	group	LPRD	-0.6479856867832	0.24098909515436	151	151	0.00798663153715469	0.0325123618324358
K00183	group	LPRD	0.9761039131619	0.363080881600434	151	83	0.00799727159372309	0.0325351343585754
K07466	group	LPRD	0.998713555603512	0.371516624205663	151	47	0.00800150807905621	0.0325351343585754
K00331	group	LPRD	-0.179615336080568	0.0668232851570322	151	151	0.00800816736666038	0.0325433352117619
K18349	group	LPRD	0.751680985956684	0.279696230531914	151	149	0.00801787996819886	0.0325639273331831
K01693	group	LPRD	-0.265426536099242	0.0987869599801318	151	151	0.00803236258065665	0.0326038573771877
K06384	group	LPRD	0.714647696849781	0.265999835259155	151	151	0.00803719606039524	0.0326045974440802
K03634	group	LPRD	-0.479783212360622	0.178627814038343	151	151	0.00805347171179144	0.0326517274144928
K09946	group	LPRD	-1.00994623831956	0.376204090677801	151	151	0.0080849438165888	0.032760379279935
K00339	group	LPRD	-0.179473769155588	0.066880778545254	151	151	0.00810991874307962	0.0328425941010908
K19271	group	LPRD	0.518649938325318	0.193316460682217	151	151	0.00812337647458834	0.0328780999346791
K03556	group	LPRD	-0.938637600069201	0.349993331107343	151	150	0.00814733062875568	0.0329370171323975
K04483	group	LPRD	1.16348940520477	0.433810813959458	151	47	0.00814390833064982	0.0329370171323975
K02487	group	LPRD	-1.67627840133466	0.625227260600815	151	131	0.00816597045312125	0.0329933445973372
K07467	group	LPRD	0.648315327461906	0.242088811044724	151	151	0.00823752493120534	0.0332632775159847
K07397	group	LPRD	-0.646922193689864	0.241635952944378	151	151	0.00825504110264384	0.0333148175760123
K00145	group	LPRD	-0.28122806503807	0.10505796735248	151	151	0.00826385273471743	0.0333311896837567
K08296	group	LPRD	-0.483107400764522	0.180524874622529	151	151	0.00828169543617552	0.0333839476754402
K00437	group	LPRD	-1.13809854132888	0.4253951783786	151	74	0.00829903116795918	0.0333962161236474
K04562	group	LPRD	-0.383242431710257	0.143240497146393	151	151	0.00829605639954317	0.0333962161236474
K18008	group	LPRD	-1.13809854132888	0.4253951783786	151	74	0.00829903116795918	0.0333962161236474
K05773	group	LPRD	-0.564389172475241	0.211153057888958	151	151	0.00835822134286205	0.0336151070645226
K00341	group	LPRD	-0.178547212031494	0.0668074535614264	151	151	0.00836599301506355	0.0336270705479332
K18231	group	LPRD	0.386560111665588	0.14478749491887	151	151	0.00843087222228982	0.0338684322511471
K09116	group	LPRD	1.10863060887595	0.415588696242688	151	147	0.00848440146789489	0.0340639486196696
K02404	group	LPRD	-0.365760776658586	0.137135434749424	151	151	0.00849560149946127	0.0340893912485538
K10111	group	LPRD	-1.25652248206931	0.471154605125348	151	151	0.00850161641332966	0.0340940109024262
K15547	group	LPRD	-1.37319839391524	0.515315122717702	151	128	0.00855304753487237	0.0342806536417698
K00692	group	LPRD	-1.32515597165351	0.497422960192055	151	130	0.00857080394371692	0.0343125846061997
K03185	group	LPRD	-1.10606995776228	0.415163710938814	151	151	0.00856751930806404	0.0343125846061997
K00338	group	LPRD	-0.17804451901528	0.0668647714571382	151	151	0.00860213667033522	0.0343791209002565
K07311	group	LPRD	0.837389076797696	0.314477874864324	151	52	0.00860124719202181	0.0343791209002565
K10778	group	LPRD	0.344639453560139	0.129411277563248	151	151	0.00859292975663052	0.0343791209002565
K07678	group	LPRD	-0.841220990493187	0.315953844348038	151	151	0.00860883285721003	0.0343862782501666
K07703	group	LPRD	-1.46149843750393	0.549117061772931	151	118	0.00863174420187499	0.0344418028013288
K09804	group	LPRD	-0.634382286865782	0.238354346603664	151	151	0.00863256027417042	0.0344418028013288
K00930	group	LPRD	-0.279405691201334	0.105052748542174	151	151	0.00867763402247094	0.0346019422625263
K01633	group	LPRD	-0.0851631951026695	0.0320392063063362	151	151	0.00871646777937034	0.0347370319121013
K03814	group	LPRD	-0.175109578975596	0.065904716677369	151	151	0.00874319355840131	0.0348237425252234
K01263	group	LPRD	-1.45375374198791	0.547580964839965	151	124	0.00879642689832247	0.0350158731159799
K07687	group	LPRD	-1.50380068939435	0.566681813328987	151	131	0.00882558285526389	0.0351119953549375
K09703	group	LPRD	0.679688436849927	0.256200368748308	151	151	0.00884402429357413	0.035165405727711103
K15834	group	LPRD	-0.701180992243051	0.264469053065881	151	151	0.00888606892502336	0.0353125528142935
K07461	group	LPRD	-0.227096518260794	0.0856846123958438	151	151	0.00890871589123834	0.0353824920099608
K00016	group	LPRD	-0.277467889348223	0.104778966560324	151	151	0.0089655168833019	0.035587923755349
K02477	group	LPRD	0.415684146098361	0.157057125185207	151	151	0.00900149367115702	0.0357105096971198
K01584	group	LPRD	-1.05918123897443	0.40036561404542	151	151	0.0090312960989259	0.0357959364414625
K06858	group	LPRD	-1.34293367916718	0.507637366238511	151	141	0.00903323988087691	0.0357959364414625
K11912	group	LPRD	-1.55458599491008	0.587734028053385	151	116	0.00904365311932031	0.035816953879342
K06591	group	LPRD	0.946741010291022	0.357983219479829	151	106	0.00905381536650514	0.0358369541045743
K10441	group	LPRD	-0.348115090338538	0.131665402419484	151	151	0.0090720720961413	0.0358889533825906
K02454	group	LPRD	-0.274551594236684	0.10385349055741	151	151	0.00907959620849144	0.0358984599106176
K07092	group	LPRD	0.848524584412778	0.321003787100081	151	71	0.00908717052877785	0.0359081541187896
K02236	group	LPRD	-0.730114460014522	0.27628524706348	151	151	0.00910605310610939	0.0359601902018379
K13788	group	LPRD	-0.534731705081918	0.202363315077383	151	151	0.0091105988300234	0.0359601902018379
K04093	group	LPRD	-0.462794966243337	0.175154696349416	151	151	0.00911642849913085	0.0359629509166614
K03297	group	LPRD	-0.77590980976118	0.293700925485642	151	151	0.00912595237159352	0.0359802734110633
K17364	group	LPRD	1.0298108702652	0.389884101685909	151	76	0.00913909576741212	0.0360118388586616
K07124	group	LPRD	0.347452399573723	0.131584241956893	151	151	0.0091595501544533	0.0360519071211216
K10537	group	LPRD	-1.56007278815392	0.590785599383708	151	136	0.00915586010172494	0.0360519071211216
K00342	group	LPRD	-0.177147111088619	0.0671670424840613	151	151	0.00924038175738104	0.036349649898564
K07580	group	LPRD	0.941890914006032	0.357431793559352	151	41	0.00929902003112554	0.0365517545362124
K09952	group	LPRD	-0.337779072754781	0.128187378565083	151	151	0.0093021868891017	0.0365517545362124
K06391	group	LPRD	0.700680172514657	0.2660360263032	151	151	0.00933526243578072	0.0366611706861753
K00330	group	LPRD	-0.176334267332177	0.0669731437638675	151	151	0.00935809827389733	0.0367151534922343
K16243	group	LPRD	-1.42624213150985	0.541749789360005	151	121	0.00936472103339727	0.0367151534922343
K16244	group	LPRD	-1.42624213150985	0.541749789360005	151	121	0.00936472103339727	0.0367151534922343
K16509	group	LPRD	-0.653616419366446	0.248490413165441	151	151	0.00942568973729085	0.0369128966806754
K16846	group	LPRD	-1.06924857831499	0.406473974395273	151	96	0.00942046024288297	0.0369128966806754
K13486	group	LPRD	-1.63429463311032	0.621877597777519	151	120	0.00948803799352243	0.0371363184447751
K09966	group	LPRD	-1.67156147963103	0.636141166412409	151	136	0.00949716059216448	0.0371512811110898
K11384	group	LPRD	-1.43646193680036	0.546741933767503	151	130	0.00950637493327752	0.0371665857681402
K10797	group	LPRD	1.08006877967062	0.411469663283421	151	150	0.00957079737992416	0.037397597342959
K16242	group	LPRD	-1.42285310652707	0.542187996305039	151	121	0.00958758637961626	0.0374214813591926
K16245	group	LPRD	-1.42285310652707	0.542187996305039	151	121	0.00958758637961626	0.0374214813591926
K00340	group	LPRD	-0.175909831192973	0.0670432425292704	151	151	0.00959978629444409	0.0374274204249461
K03385	group	LPRD	-0.227460645303075	0.0866848492733164	151	151	0.00959523963792589	0.0374274204249461
K03892	group	LPRD	-0.287350587263105	0.109550512551846	151	151	0.00962215159537138	0.0374937646934705
K10025	group	LPRD	-1.40574675897533	0.536268523037278	151	130	0.0096666810635078	0.0376463523639943
K07710	group	LPRD	-0.84947160584716	0.3241134374418	151	143	0.0096786122198946	0.0376718887626103
K10555	group	LPRD	-0.95211774456694	0.363462418056121	151	145	0.00971477160386832	0.0377916475821959
K02768	group	LPRD	0.400862857860336	0.15307865133776	151	151	0.00973940120691779	0.0378664461788651
K02669	group	LPRD	-0.203082085579651	0.0775584061234965	151	151	0.00974572437655832	0.0378700265408391
K16907	group	LPRD	1.36108846938128	0.520061037069851	151	139	0.00978042888622203	0.0379838263115881
K19005	group	LPRD	-0.666396570709692	0.254852385343743	151	151	0.00984458045192353	0.0382117989855946
K00821	group	LPRD	-0.352969363965627	0.135289476879841	151	151	0.0100065472621417	0.0388189796943075
K19082	group	LPRD	-0.507609805765931	0.194731140798472	151	151	0.0100702094023181	0.039044340658324
K16427	group	LPRD	0.719055329538649	0.275875957249942	151	38	0.010077992812231	0.0390529185261136
K19081	group	LPRD	-0.507493181972173	0.194744241292422	151	151	0.0100919839944561	0.039085529171899
K00185	group	LPRD	0.649419416994164	0.249236222289378	151	151	0.0101006828233195	0.0390976182172664
K14578	group	LPRD	-1.26952219814185	0.487288219475781	151	112	0.0101107819168824	0.0391151110581379
K07100	group	LPRD	-0.57530394979512	0.22134420716237	151	151	0.0102853440293043	0.0397684840846239
K09157	group	LPRD	-0.267829630779026	0.103070032070416	151	151	0.0103030052874376	0.0398148109509026
K07335	group	LPRD	0.338363573388752	0.130224736137529	151	151	0.010309200831682	0.0398168032121711
K06079	group	LPRD	-0.732880911789605	0.282284485334052	151	151	0.0103683405633068	0.0400231648396371
K06045	group	LPRD	0.808165778267746	0.311591691743282	151	151	0.0104430036510827	0.0402891885493065
K01581	group	LPRD	-0.305547451030859	0.117898051968532	151	151	0.0105025228364083	0.0404965264484169
K00611	group	LPRD	-0.240191488169974	0.0927166132461718	151	151	0.0105325021693032	0.040589796705231
K13061	group	LPRD	-0.628649067919869	0.242686439226548	151	22	0.0105390105195323	0.0405925624955612
K09789	group	LPRD	0.421681714995633	0.162883535709177	151	151	0.0105836340877055	0.0407420510460271
K01448	group	LPRD	0.0877639206676717	0.0339177928210134	151	151	0.0106220704172753	0.0408504087784343
K19504	group	LPRD	0.569741328733077	0.220189737172501	151	151	0.0106234372614958	0.0408504087784343
K03568	group	LPRD	-0.535576380737441	0.207107520057744	151	151	0.0106683174315058	0.0410004962691095
K02499	group	LPRD	-0.364639254206155	0.141024585564752	151	151	0.0106783580338145	0.0410165971600218
K15872	group	LPRD	1.33269671140792	0.515496050576101	151	56	0.0106894017027806	0.0410365311809924
K00337	group	LPRD	-0.169506192958366	0.0655820023564282	151	151	0.0107079590192757	0.041085272427544
K00852	group	LPRD	-0.273646811524776	0.105918555534973	151	151	0.0107402546689399	0.0411675424608689
K00897	group	LPRD	-0.834887376665834	0.323157757464208	151	145	0.0107411462426432	0.0411675424608689
K01940	group	LPRD	-0.236879641411739	0.0917198086618716	151	151	0.010767511028258	0.0412460395126168
K00354	group	LPRD	-0.572010236501642	0.221524606431801	151	151	0.0107822062935596	0.0412797739584121
K06923	group	LPRD	-0.376653523955795	0.145984010650914	151	151	0.0108436376614716	0.0414923034972248
K14588	group	LPRD	-1.24037703065659	0.480785858500513	151	129	0.0108498320443509	0.0414933565907801
K16924	group	LPRD	0.41660416036052	0.161534593204167	151	151	0.0108755508208295	0.0415690355801608
K08221	group	LPRD	-1.34335558554515	0.521173350721349	151	133	0.0109201906101552	0.0417169134480589
K01802	group	LPRD	0.202129374292188	0.0784797967591067	151	151	0.0109808004957994	0.0419256053788421
K08973	group	LPRD	-0.523565399426086	0.203505428421634	151	151	0.0110668989862475	0.0422313347270522
K01814	group	LPRD	-0.249955030986459	0.0973220991558928	151	151	0.0112024130774307	0.0427224776177693
K07181	group	LPRD	-0.599986377377681	0.233625582789732	151	151	0.0112077940569298	0.0427224776177693
K08969	group	LPRD	-1.07650501965828	0.419321064576744	151	144	0.0112355528423492	0.0428050138178629
K16844	group	LPRD	-1.1758033817485	0.45822474966111	151	114	0.0112746787135809	0.042930742956112
K01697	group	LPRD	0.674100878471645	0.262910500195406	151	151	0.0113371348984681	0.0431217122291163
K02118	group	LPRD	0.421682438297744	0.164461614988116	151	151	0.011336396478049	0.0431217122291163
K07481	group	LPRD	-0.226321404153505	0.0882823640494271	151	151	0.0113491859709636	0.0431441397269277
K07803	group	LPRD	-1.21606027749315	0.474534249054872	151	131	0.0113795256840026	0.0432360298346115
K02123	group	LPRD	0.421911437944138	0.164944388411687	151	151	0.0115289875400738	0.0437801747865207
K03666	group	LPRD	-0.621445997384459	0.243066858546913	151	151	0.0115675500713502	0.0439028294532565
K03616	group	LPRD	-0.662798054977652	0.259414037259987	151	151	0.0116219536686986	0.0440854411350526
K03694	group	LPRD	-0.494353532109848	0.193543878158603	151	151	0.0116463282090793	0.0441540079749301
K01150	group	LPRD	-1.37258464351906	0.537984485300038	151	140	0.011738645225051	0.0444079347153844
K13990	group	LPRD	-0.370088391223663	0.145055484670605	151	151	0.0117382808283605	0.0444079347153844
K19131	group	LPRD	0.574999113850719	0.225363620727605	151	151	0.0117359974330815	0.0444079347153844
K19132	group	LPRD	0.574999113850719	0.225363620727605	151	151	0.0117359974330815	0.0444079347153844
K02120	group	LPRD	0.42052902014539	0.164913829023581	151	151	0.0117823654504667	0.0445492890009555
K15549	group	LPRD	-1.32329847526703	0.519079012339096	151	128	0.0118041400848373	0.0446075590267975
K02117	group	LPRD	0.420579180561511	0.165019028787099	151	151	0.011825191740404	0.044663035614349
K02594	group	LPRD	0.535914549813619	0.210332214015824	151	151	0.0118488257314248	0.0447282005262725
K07667	group	LPRD	0.521872163276678	0.204877932176062	151	151	0.0118718869323276	0.044791134227996
K14623	group	LPRD	0.473580245694128	0.185940156934082	151	151	0.0118811672676798	0.044802034721052
K03491	group	LPRD	0.330511336664781	0.129798779105605	151	151	0.0119011802486953	0.0448292711141076
K12976	group	LPRD	-1.51068145087921	0.593254106431936	151	116	0.0118980435487636	0.0448292711141076
K02124	group	LPRD	0.418908030051108	0.164548332302105	151	151	0.0119185206993938	0.0448660384974267
K15022	group	LPRD	-1.09211209296134	0.429016417460061	151	84	0.0119246332134085	0.0448660384974267
K16203	group	LPRD	0.529966768970407	0.208201603463891	151	151	0.0119301420483885	0.0448660384974267
K01442	group	LPRD	0.552308617827756	0.217081898082462	151	151	0.0119697589546972	0.0449908902265025
K03389	group	LPRD	0.577709838235566	0.227197650636735	151	151	0.0120183265129267	0.0451250502708175
K06867	group	LPRD	-0.374574446142096	0.147299762190397	151	151	0.0120125100324526	0.0451250502708175
K00029	group	LPRD	-0.127292859511305	0.0500833178741998	151	151	0.0120559634101237	0.0452421324973057
K10036	group	LPRD	-1.13750074314265	0.447658070156213	151	137	0.0120764000690972	0.045294577038186797
K00184	group	LPRD	0.639178566363673	0.251577248166504	151	151	0.0120869360439596	0.045309851159442
K08325	group	LPRD	0.4345652455399	0.171308281046081	151	151	0.0122180154141723	0.0457767440156858
K07118	group	LPRD	-0.505629440413127	0.199430439472952	151	151	0.012264096269011	0.045924847674021
K07067	group	LPRD	0.420362868135449	0.165902123623457	151	151	0.0123167436286878	0.0460973693737863
K01714	group	LPRD	-0.0702451356756045	0.0277314296327849	151	151	0.0123419805715932	0.0461580251593171
K04561	group	LPRD	-0.507616326882002	0.200406879324501	151	151	0.0123461194256376	0.0461580251593171
K18305	group	LPRD	-0.700642903605511	0.276681438068045	151	60	0.0123670372554557	0.0462115837743841
K00931	group	LPRD	-0.263290711064309	0.104001937597199	151	151	0.0123912055002124	0.0462772245905642
K02759	group	LPRD	0.355477740388274	0.140440507595281	151	151	0.0124058278300051	0.0463071635188157
K03519	group	LPRD	0.797197471357979	0.315015822398351	151	151	0.012422911755143	0.0463462540732053
K13004	group	LPRD	1.14173683615643	0.451273204340619	151	118	0.0124440903440346	0.0464005709104696
K01811	group	LPRD	0.417179048616462	0.16490572949794	151	151	0.0124519536610374	0.046405207423643
K06948	group	LPRD	0.375052716895736	0.148291089693766	151	151	0.0124736464702096	0.0464613505611953
K02080	group	LPRD	1.39295879153453	0.550939675644359	151	113	0.0125020302978361	0.0465423432755343
K03098	group	LPRD	-0.743218802622388	0.294298049179962	151	151	0.0126026093060786	0.0468918743288807
K01661	group	LPRD	-0.188731727876757	0.07474698146921	151	151	0.0126182104154799	0.0469250159217582
K03212	group	LPRD	-0.633673017138051	0.25115688852816	151	151	0.0126845624764816	0.0471467566066467
K02529	group	LPRD	0.177803474955942	0.0705043883687021	151	151	0.0127239642718797	0.0472681449633687
K00036	group	LPRD	-0.426845950541138	0.169316911391267	151	151	0.0127548352598781	0.0473577304935093
K00101	group	LPRD	-0.660483531174846	0.262128218593285	151	151	0.0127997732187314	0.0474994231145087
K01586	group	LPRD	-0.0397940725315766	0.0158099751509689	151	151	0.0128932141914837	0.0477955745543631
K01728	group	LPRD	-0.642087763447609	0.255090502112892	151	151	0.0128905916415434	0.0477955745543631
K03390	group	LPRD	0.600407356394472	0.238565675814794	151	151	0.0129032069053422	0.0478049373260653
K18144	group	LPRD	-1.37814114299955	0.547628444863756	151	116	0.0129093789384082	0.0478049373260653
K13017	group	LPRD	-0.679472601016675	0.270116238361459	151	151	0.0129473482813848	0.0479202277996344
K00426	group	LPRD	-0.155277358416286	0.0617526492506629	151	151	0.0129817790604086	0.0479847834462504
K02927	group	LPRD	1.24699777051393	0.49594155289715	151	47	0.0129853258484361	0.0479847834462504
K13378	group	LPRD	-0.353076639253526	0.140408834388471	151	151	0.0129772835039465	0.0479847834462504
K00937	group	LPRD	-0.257348431899393	0.102401394507682	151	151	0.0130302369117279	0.04810003199116
K07192	group	LPRD	0.410435294396933	0.163316009240112	151	151	0.0130301784490708	0.04810003199116
K01354	group	LPRD	0.455851205575675	0.181592938733818	151	151	0.0131312113380932	0.0484472586737017
K13040	group	LPRD	-1.34544866025529	0.536280396154642	151	117	0.0131825760692125	0.0486111826644816
K01250	group	LPRD	-0.662263071379917	0.264138758583858	151	151	0.0132398652505856	0.0487967694041036
K02484	group	LPRD	-0.37059655187166	0.147833188764817	151	151	0.0132541701364925	0.0488238216798806
K09921	group	LPRD	-1.08642140649429	0.433499405719971	151	150	0.0132790053412411	0.0488896152532039
K16043	group	LPRD	1.09145105622776	0.43558289832781	151	108	0.0132948774719379	0.0489172365738921
K16962	group	LPRD	0.544667704898879	0.217382731533691	151	151	0.013300464038493401	0.0489172365738921
K06286	group	LPRD	-0.618085531249039	0.246737377386995	151	151	0.0133198091630577	0.048962696503951
K00936	group	LPRD	0.350851450177041	0.140087395308686	151	151	0.0133384387583105	0.0489672232520161
K01884	group	LPRD	-0.474706298687908	0.189554621179741	151	151	0.01334544370263	0.0489672232520161
K03265	group	LPRD	1.1329112283013	0.452357836101363	151	68	0.0133406177098027	0.0489672232520161
K03426	group	LPRD	-0.200564031492696	0.0800902037947461	151	151	0.0133489819735525	0.0489672232520161
K01755	group	LPRD	-0.225458865988144	0.0900825701919806	151	151	0.0134005956339236	0.0491308448712365
K00376	group	LPRD	-0.500605154888941	0.200109438008759	151	151	0.0134422288521978	0.0492577230809757
K15870	group	LPRD	1.37813420401823	0.551041459030147	151	59	0.0134675124216602	0.0493245883363833
K03079	group	LPRD	0.472967036465988	0.189206765878543	151	151	0.0135122931766175	0.0494627546569652
K00425	group	LPRD	-0.154393431556689	0.0617897314667793	151	151	0.0135505763103392	0.0495770041416899
K13491	group	LPRD	-1.56051986933877	0.624611149629809	151	120	0.0135617460765628	0.0495919874787196
K14091	group	LPRD	-0.818328796821441	0.32775084393454	151	50	0.0136199938814735	0.0497790183050724
K14083	group	LPRD	1.21029922678553	0.485017652596617	151	128	0.0136727469805288	0.0499457823520099
K13487	group	LPRD	-1.55950532819449	0.625157674138802	151	120	0.0137020537685385	0.0500267692278412
K13488	group	LPRD	-1.55869209280732	0.625056804203405	151	120	0.0137353561559677	0.0501222522922091
K13489	group	LPRD	-1.55818411832259	0.624928842699711	151	120	0.0137465749014164	0.0501370916019401
K00147	group	LPRD	-0.258714185940713	0.103777510499428	151	151	0.0137617618065933	0.0501663807926257
K00002	group	LPRD	0.762929750046141	0.306122050517015	151	148	0.0137888904980125	0.0502391488519062
K01959	group	LPRD	-0.486046076865556	0.195059820483066	151	151	0.0138060593319972	0.0502755719050913
K19295	group	LPRD	-1.61877694604053	0.649967192249251	151	113	0.0138518936245316	0.0504162898795258
K18675	group	LPRD	1.22329835479958	0.49139476008134	151	145	0.0138934693234282	0.0505413699829952
K03785	group	LPRD	-0.503422780766942	0.202361029610076	151	151	0.01395715573615	0.0507467125054002
K11444	group	LPRD	-1.55128548067623	0.623899716082863	151	120	0.0140066036657175	0.0509000993761946
K08282	group	LPRD	0.637564137464202	0.256850635327811	151	151	0.0141658773337911	0.0514522280362049
K10001	group	LPRD	-1.1398501548414	0.459289651923178	151	150	0.0141837903820557	0.0514906113817764
K01235	group	LPRD	0.539170726861651	0.217406981490873	151	151	0.0142511753425422	0.0517044197350583
K06996	group	LPRD	-1.0270351869291101	0.414153277569646	151	151	0.0142574384233763	0.0517044197350583
K18248	group	LPRD	-0.92438036146631	0.373414434293349	151	89	0.0144256468127083	0.0522873754690203
K00634	group	LPRD	-0.372752828944071	0.150639728059602	151	151	0.0144650559965137	0.0523760550286989
K02527	group	LPRD	-0.0849167154038327	0.0343166183714282	151	151	0.0144634449596053	0.0523760550286989
K07238	group	LPRD	0.233621511326682	0.0945002517178525	151	151	0.0145541621589743	0.0526714903120341
K18122	group	LPRD	0.448664143729414	0.18150812318057	151	151	0.014566301779802	0.0526882226400475
K01223	group	LPRD	0.35226734130102	0.142581781278984	151	151	0.0146146415628055	0.0528357911011928
K02590	group	LPRD	0.777574897489859	0.314751378740504	151	149	0.0146221732862074	0.0528357911011928
K01777	group	LPRD	0.482466711910093	0.195326815493811	151	151	0.0146376018135597	0.0528642909392341
K12512	group	LPRD	-0.660868110897879	0.267734100318241	151	72	0.0147034592040697	0.0530474776225057
K13819	group	LPRD	-0.573942800850516	0.232515652295266	151	151	0.0147022688623353	0.0530474776225057
K16329	group	LPRD	0.393808543306062	0.159559596933835	151	151	0.0147144210661774	0.0530597179392507
K02589	group	LPRD	0.77650783714513	0.314766918488782	151	149	0.0147605369876	0.0531986448756174
K00248	group	LPRD	0.388876956065994	0.157790402604098	151	151	0.0148563071718518	0.0535162966468041
K03116	group	LPRD	-0.283679038825106	0.115205588085015	151	151	0.0149418261551182	0.0537967135836563
K09816	group	LPRD	-0.153632650265926	0.0624061842470147	151	151	0.0149640179062832	0.0538321917302645
K10020	group	LPRD	-1.22643730464208	0.498198900029183	151	126	0.0149670387563888	0.0538321917302645
K12071	group	LPRD	-1.09771270378887	0.445978391590595	151	122	0.0149824190471436	0.0538598756515266
K05791	group	LPRD	0.731371552322613	0.297334435686342	151	151	0.015046600982753301	0.0540628769293187
K03124	group	LPRD	1.32471228331707	0.538662374297137	151	47	0.015066653912713	0.0541071946353064
K18369	group	LPRD	-0.634621959991855	0.258187245506633	151	151	0.0151179660230024	0.0542636670871719
K07991	group	LPRD	0.761635935841003	0.310614305740796	151	43	0.0153605522962286	0.0551061778897455
K03604	group	LPRD	-0.542894809740064	0.221483983857556	151	151	0.0153959014448722	0.0552047412422272
K01772	group	LPRD	-0.339584294103675	0.138635854186482	151	151	0.0154658744674712	0.0554272903972254
K04641	group	LPRD	1.20373649668437	0.491490586828705	151	34	0.0154788598208175	0.0554454815247473
K00014	group	LPRD	0.0542602768838057	0.0221617012111699	151	151	0.0155108431869223	0.0555316704496044
K15024	group	LPRD	0.600251197354712	0.245429651274115	151	151	0.0156213654301158	0.0558988114676424
K09817	group	LPRD	-0.148589307264333	0.0607776025864303	151	151	0.0156593618554071	0.0560061870440837
K03851	group	LPRD	-0.964937344706945	0.394730890513856	151	71	0.0156701608263172	0.0560162301848464
K19341	group	LPRD	-0.635629316552692	0.260228495849117	151	151	0.0157522676485014	0.0562810378267047
K13950	group	LPRD	0.576321754409566	0.236499088946962	151	151	0.0159925514669839	0.0571104359569828
K11692	group	LPRD	-0.521709769286064	0.214180135654512	151	149	0.0160368811036851	0.0572395807214016
K07814	group	LPRD	0.410583543502335	0.168613660468835	151	151	0.0160705886629616	0.0573307005228298
K10558	group	LPRD	-0.891126491921293	0.366039769117526	151	145	0.0160939756166204	0.0573849283176546
K00869	group	LPRD	0.400779220391771	0.164709652291199	151	151	0.0161479147473605	0.0575479829074718
K15357	group	LPRD	-1.14495276474574	0.471047170282484	151	81	0.0162593516964229	0.0579156785528072
K03559	group	LPRD	-0.176509623219938	0.0726339285769131	151	151	0.016282122628783	0.0579673334828687
K14750	group	LPRD	0.374750626344306	0.154239551429373	151	18	0.0163019965769388	0.058008627413371
K06718	group	LPRD	-1.12145230129106	0.461639191778115	151	129	0.0163185588401402	0.0580381012021222
K00108	group	LPRD	-1.12690975020623	0.46397608095882	151	150	0.016339034631023	0.0580553871442643
K03575	group	LPRD	-0.08021964735069	0.0330286725284351	151	151	0.0163399827154969	0.0580553871442643
K02760	group	LPRD	0.355023306440683	0.146196005096949	151	151	0.0163565225607527	0.0580847128423891
K00138	group	LPRD	-1.15239803453643	0.474774736164337	151	151	0.0164066140076763	0.0582330957943348
K07149	group	LPRD	-0.718691512848381	0.29632243604086	151	151	0.0164886038587332	0.0584944904097774
K01751	group	LPRD	-0.329719296661187	0.135995150242239	151	151	0.0165269205110263	0.058571138919259
K04109	group	LPRD	1.21995282668576	0.503142761182624	151	96	0.0165193843425347	0.058571138919259
K00891	group	LPRD	-0.0511534488663801	0.0211097672823078	151	151	0.0165830273661679	0.0587402838993618
K01968	group	LPRD	-1.18625191939755	0.489641397547708	151	149	0.0166057265296742	0.058790981299503
K07789	group	LPRD	-1.01345941194253	0.418519130476004	151	149	0.016656694616989	0.0589416604064072
K10711	group	LPRD	-0.93012574091492894	0.384160307689751	151	142	0.016671895983118	0.0589656866002305
K02856	group	LPRD	0.541552390083313	0.223764293454773	151	151	0.0167160497560239	0.0590920367068721
K07085	group	LPRD	-0.223311703127924	0.0923660789585762	151	151	0.0168273047433172	0.0594553458924667
K02613	group	LPRD	0.62381619522712894	0.25815259241586	151	151	0.0168815133925893	0.0596168306710586
K00899	group	LPRD	-0.381462581410389	0.157982515828789	151	151	0.0169653066379653	0.0598825778107436
K18236	group	LPRD	0.648075352021132	0.268460705505378	151	22	0.016989748503747	0.0599386698597213
K18988	group	LPRD	-1.26003810515821	0.522434868885166	151	125	0.0170879458712422	0.0602547789524184
K03647	group	LPRD	0.317955734530576	0.131864517916669	151	151	0.0171161919868831	0.0603240351071146
K07218	group	LPRD	-0.469858671204884	0.195101134963796	151	151	0.0172496668324273	0.0607333824687671
K11924	group	LPRD	-1.12544076132979	0.46729715065255	151	142	0.0172441101048156	0.0607333824687671
K03925	group	LPRD	-0.0977962527859672	0.0406163077531488	151	151	0.0172712632471386	0.0607788932542378
K01878	group	LPRD	-0.236499089157572	0.0982522357570847	151	151	0.0173052673471841	0.0608420144561508
K11005	group	LPRD	-1.04492280851743	0.434112500401856	151	45	0.0173065587482974	0.0608420144561508
K00249	group	LPRD	-1.10068085804218	0.457381062956453	151	150	0.0173314950221294	0.0608991378973068
K02424	group	LPRD	-0.40923727917518	0.170084898570229	151	151	0.0173501609213694	0.0609341823941881
K03621	group	LPRD	-0.234165853171488	0.0973845743421102	151	151	0.0174201068252832	0.0611491982199476
K06295	group	LPRD	0.554510856491769	0.230771861501396	151	151	0.0174979338320403	0.0613916497310323
K18903	group	LPRD	-1.42761364154802	0.594885201004538	151	129	0.0176382816684533	0.0618531037998288
K00116	group	LPRD	-0.513871147065597	0.214212077141493	151	151	0.0176811454007384	0.0619239066692428
K01482	group	LPRD	0.675988608324188	0.281801964556816	151	151	0.0176849730601746	0.0619239066692428
K12339	group	LPRD	-1.06120224553603	0.442349564369593	151	151	0.0176754319654382	0.0619239066692428
K09181	group	LPRD	-0.558895275864143	0.233164954588075	151	151	0.0177693219156822	0.0621881910279242
K03090	group	LPRD	0.422958766390459	0.176484024622282	151	151	0.0177885177167688	0.062224305985304
K19340	group	LPRD	-0.619091087534987	0.258418043297532	151	151	0.0178300125946692	0.0623383482736315
K12960	group	LPRD	-0.280299087144851	0.117020594269015	151	151	0.0178486883091768	0.0623725349189081
K01879	group	LPRD	-0.235101406083654	0.0981821146724168	151	151	0.01788397969199	0.0624647222924015
K09986	group	LPRD	-1.33785912333339	0.558799188488883	151	147	0.0179016332767803	0.0624952436604731
K19342	group	LPRD	-0.561962100511637	0.234798185306056	151	151	0.01793850077483	0.0625927777160569
K10200	group	LPRD	0.648445825587793	0.271109115860706	151	151	0.018011896443127	0.062817608988219
K01597	group	LPRD	0.394754481494365	0.165179980056073	151	151	0.0181056503472511	0.0631131819663006
K00685	group	LPRD	-0.584446987884332	0.244733953908841	151	151	0.018188978415091	0.0633406550868294
K10541	group	LPRD	-0.224801560259802	0.0941325840605762	151	151	0.0181867679061288	0.0633406550868294
K03289	group	LPRD	-0.355257134126422	0.148834007526675	151	151	0.0182440962364838	0.0634756844298533
K04045	group	LPRD	0.509009717684468	0.21325154005106	151	151	0.0182458636413915	0.0634756844298533
K11746	group	LPRD	-0.521733631130038	0.218600084325437	151	151	0.01825515315234	0.0634764998005473
K04752	group	LPRD	-1.0099148013983	0.423313549608602	151	151	0.0183013860948167	0.0636057097296306
K00104	group	LPRD	-0.363758160784176	0.152492364022757	151	151	0.0183166245016338	0.0636271247554275
K03482	group	LPRD	-1.49206182720883	0.625866622655478	151	109	0.0183850426471148	0.0638331594632366
K00099	group	LPRD	-0.0627338292889552	0.0263239603907815	151	151	0.0184258351911003	0.0639114817860531
K03446	group	LPRD	-0.96405813324456	0.404511130649671	151	151	0.0184199741147986	0.0639114817860531
K11632	group	LPRD	-1.54432927440129	0.648142509896658	151	100	0.0184472988102841	0.0639542851929236
K06937	group	LPRD	0.647612050387083	0.271829917483424	151	150	0.0184609866869647	0.0639701021629375
K02245	group	LPRD	-0.58394046555275	0.245357004185993	151	151	0.0185797192145147	0.0643497192162786
K03453	group	LPRD	-0.114422496626415	0.0480877209364826	151	151	0.0186044301737746	0.0644034842064988
K10708	group	LPRD	-0.922568573167272	0.387775111060751	151	142	0.0186200051408344	0.0644255854083163
K00549	group	LPRD	-0.352737401346668	0.148357415486813	151	151	0.01869374150338	0.064619100974607
K03585	group	LPRD	-0.12442491757796	0.0523361442217927	151	151	0.0187035223665575	0.064619100974607
K10947	group	LPRD	-0.236558437549687	0.099502284663468	151	151	0.0187035885702536	0.064619100974607
K10542	group	LPRD	-0.223781638736179	0.094162649262995	151	151	0.0187462690761709	0.0647150424445072
K19140	group	LPRD	-0.667294926504553	0.280792378849708	151	150	0.0187498218551775	0.0647150424445072
K15669	group	LPRD	0.545249880475821	0.229476661226111	151	151	0.0187700249033879	0.0647528910298964
K02500	group	LPRD	-0.242767562151401	0.102198226741227	151	151	0.0187994429805416	0.064790607322319
K07159	group	LPRD	0.833076168100131	0.350701206066761	151	54	0.0187994015590073	0.064790607322319
K02015	group	LPRD	-0.140242782204141	0.0590842333731981	151	151	0.0188903467166321	0.0650719068715436
K00013	group	LPRD	-0.241808124033556	0.101918795320539	151	151	0.0189421498045555	0.0652183055648008
K05349	group	LPRD	0.315032863987294	0.132819817504623	151	151	0.0189755051474557	0.065301075642447
K02364	group	LPRD	0.544923622227521	0.229784675396496	151	151	0.0189966829136501	0.0653259262460313
K07546	group	LPRD	-0.996150188033692	0.420075711942953	151	45	0.0190013642818342	0.0653259262460313
K00929	group	LPRD	-0.35777330201458	0.151123110396699	151	151	0.0191967189204518	0.0659328758610325
K03183	group	LPRD	-0.0943805319457053	0.0398650180790343	151	151	0.019193068368807	0.0659328758610325
K04757	group	LPRD	0.336203084200452	0.142079261654866	151	151	0.0192528734413562	0.0660933608344305
K08972	group	LPRD	0.340116936422583	0.143793568603681	151	151	0.0193026294710417	0.0662172423078
K14059	group	LPRD	-0.543435533257532	0.22976207295883	151	151	0.019307852108009	0.0662172423078
K07332	group	LPRD	0.835348362211037	0.353306276724604	151	44	0.0193498271493753	0.0663287473433353
K02429	group	LPRD	-0.167006653452959	0.0707276628195255	151	151	0.019506850918133	0.0668016731490534
K02846	group	LPRD	-1.34923882318813	0.571374325403692	151	118	0.0195003406948758	0.0668016731490534
K18358	group	LPRD	-0.412602316600476	0.174840712744525	151	22	0.0195772741018717	0.0670101032490822
K11909	group	LPRD	-0.945546544074486	0.400826131288986	151	72	0.0196221007625142	0.0671307595633111
K07117	group	LPRD	-1.25477567990694	0.531999699493007	151	141	0.0196420712120494	0.0671663020470566
K12308	group	LPRD	0.293672299516362	0.124528579062671	151	151	0.0196588920113368	0.0671910448559098
K03642	group	LPRD	-0.105083012861591	0.0445779847374164	151	151	0.0197093064582363	0.0673305254737996
K03734	group	LPRD	0.0881665887766633	0.0374110370190616	151	151	0.0197392313323156	0.0673999082511117
K05967	group	LPRD	0.532631616321011	0.226195119529865	151	151	0.0198395698204943	0.0677095347817258
K00688	group	LPRD	0.0814153779097591	0.0346313237346328	151	151	0.0200371894818273	0.0683507047530948
K06306	group	LPRD	0.511378879526735	0.217739758278102	151	151	0.0201588289756536	0.0687321941241887
K11785	group	LPRD	-0.434570638358481	0.185061926837387	151	151	0.0201762472683468	0.0687581396942687
K15531	group	LPRD	1.21304054626794	0.516981124693521	151	120	0.0202731020738751	0.0690546382594093
K13650	group	LPRD	-0.698600000877424	0.29778695227233	151	77	0.0202951138949057	0.0690960409923695
K00797	group	LPRD	-0.390443864891078	0.166499747127259	151	151	0.0203455649783721	0.0692341798535866
K06395	group	LPRD	0.603654864279719	0.257490860141348	151	151	0.0203791191677038	0.0693147139085899
K12050	group	LPRD	-0.743611849334932	0.317222590048532	151	151	0.0203918230387513	0.0693242868582186
K02397	group	LPRD	-0.309999223458039	0.132285862415846	151	151	0.0204302382203355	0.0693842979210932
K02551	group	LPRD	-0.173019222678039	0.073834365099307	151	151	0.0204334729542051	0.0693842979210932
K18242	group	LPRD	-1.16433455334564	0.49689196861604	151	112	0.02043916907376	0.0693842979210932
K05396	group	LPRD	0.518046695125435	0.221339525893596	151	151	0.0205836021476453	0.0698069913183327
K11214	group	LPRD	1.39735015372376	0.596995245668701	151	97	0.0205766068496423	0.0698069913183327
K09711	group	LPRD	0.827741525227385	0.353904772789451	151	151	0.0206700611364565	0.0700663097517216
K17870	group	LPRD	0.871984539136313	0.373401125166149	151	84	0.0208645427997729	0.0706913702399265
K02172	group	LPRD	0.787879045560121	0.337464624824643	151	151	0.0208939986846515	0.0707301855819819
K07979	group	LPRD	0.398263429452711	0.170587289591494	151	151	0.0208961789358466	0.0707301855819819
K09717	group	LPRD	0.880754294330365	0.377294579113511	151	60	0.0209105205370501	0.0707445699636687
K13928	group	LPRD	-1.5079335575905	0.646057778968006	151	127	0.0209288665612127	0.0707724817144723
K10774	group	LPRD	0.599281987046825	0.256783623789414	151	27	0.0209424675745478	0.0707843286873577
K06196	group	LPRD	0.272469270145711	0.116809066117701	151	151	0.0210071391487835	0.0709686965942034
K12137	group	LPRD	-0.47499637763441	0.203794713691491	151	151	0.0211070965548569	0.0712720360546952
K01421	group	LPRD	0.319656812950241	0.137162600584326	151	151	0.0211214166432675	0.0712860523203201
K10674	group	LPRD	-1.0941670924598	0.469916188751609	151	123	0.0212338803469932	0.0715966816894767
K19620	group	LPRD	-1.28147286763403	0.550356179892075	151	116	0.0212331997188841	0.0715966816894767
K09766	group	LPRD	-0.382330395394221	0.164236243132015	151	151	0.0212612324554414	0.0716544420733868
K12049	group	LPRD	-0.747762723244396	0.321350611518875	151	151	0.0213155150274681	0.071768376725529
K12053	group	LPRD	-0.747762723244396	0.321350611518875	151	151	0.0213155150274681	0.071768376725529
K03455	group	LPRD	-0.161213992816435	0.0692988261918323	151	151	0.0213471738601831	0.0718404650791569
K01462	group	LPRD	0.0379466931297587	0.0163226882237912	151	151	0.0214338450454497	0.0720975305991373
K18429	group	LPRD	-0.596392520369415	0.256813871377466	151	151	0.0215722019550907	0.0725281226403769
K00054	group	LPRD	0.38590626999254	0.166247072405369	151	151	0.0216272673843509	0.0726784009416586
K05363	group	LPRD	-0.597542871103745	0.257475071151428	151	151	0.0216551358576502	0.0727023478745822
K18698	group	LPRD	-1.2159199744942	0.523914184977869	151	125	0.021651885376066	0.0727023478745822
K06720	group	LPRD	-1.08131832805653	0.466135072755517	151	129	0.0217122004477859	0.0728590354901766
K04755	group	LPRD	-0.626407688108976	0.27005450910948	151	151	0.0217229470942979	0.072860219679918
K16873	group	LPRD	0.858033578704833	0.3699573772999	151	46	0.0217387315854643	0.072878291924488
K12975	group	LPRD	-1.26076089309944	0.543839717803845	151	125	0.0217955606282744	0.0730338814551641
K08317	group	LPRD	-1.0998570352119	0.474523113083358	151	146	0.0218202991839824	0.0730818429430085
K02761	group	LPRD	0.376820833608526	0.162616884147475	151	151	0.0218530184883942	0.0731564754554171
K06195	group	LPRD	-0.839499149413274	0.362453840993288	151	151	0.0219133311789138	0.0733233659017592
K07701	group	LPRD	-1.35542931259299	0.586160773251966	151	109	0.0221257857002135	0.0739969504748175
K07792	group	LPRD	-0.428145243250873	0.185170806684877	151	151	0.0221382993115651	0.0739969504748175
K19159	group	LPRD	0.409417904232482	0.177082147582519	151	151	0.0221463055771993	0.0739969504748175
K01695	group	LPRD	-0.2286571922485	0.0989263179671008	151	151	0.0221822188812473	0.0740638274258308
K05020	group	LPRD	0.537107722725572	0.232383724480749	151	151	0.0221874518679379	0.0740638274258308
K12685	group	LPRD	-0.798830847778315	0.345837633399247	151	148	0.0222700247596025	0.0743040807067175
K10021	group	LPRD	-1.18415307536961	0.51286407887086	151	127	0.0223236587355658	0.0744308345166347
K16698	group	LPRD	0.490270663996073	0.212348295473215	151	151	0.0223292503549904	0.0744308345166347
K09118	group	LPRD	0.417080277305122	0.180793354025462	151	151	0.0224355681670454	0.0747496829139677
K18365	group	LPRD	-1.31603720263586	0.571333585172711	151	128	0.0226366909544548	0.0753839446986833
K02662	group	LPRD	-0.5715209323458	0.248145268606301	151	151	0.0226527031023303	0.0754014476483072
K07533	group	LPRD	0.295787601505141	0.12844294459032	151	151	0.0226699987242829	0.0754113253064659
K11144	group	LPRD	-0.534559385618788	0.232139843569515	151	151	0.0226771859837418	0.0754113253064659
K00641	group	LPRD	-0.441805828744468	0.191906047797936	151	151	0.0227089373362957	0.0754811051339178
K07013	group	LPRD	1.51942102661901	0.66021667244631	151	87	0.0227553620613568	0.0755995677962613
K00924	group	LPRD	-0.918120436849093	0.399106244553729	151	149	0.0228108988695346	0.0757481767292457
K06222	group	LPRD	-1.27335130263112	0.554044947272692	151	135	0.0229367444742746	0.0761300088847846
K07664	group	LPRD	-1.11411311221505	0.484950850011502	151	141	0.0229898578486367	0.0762701862370767
K09925	group	LPRD	-0.492233475454582	0.214276822105818	151	151	0.0230008862847946	0.0762706777939499
K02390	group	LPRD	-0.305526514077222	0.133018934885976	151	151	0.0230196337428607	0.0762967529727912
K01179	group	LPRD	0.367247606486061	0.160025966656255	151	151	0.0231335473438562	0.0766380750852705
K00368	group	LPRD	-0.587023058436239	0.255923784539005	151	151	0.0232032856338616	0.0768070489198362
K01858	group	LPRD	-0.338081185016325	0.147420097584788	151	151	0.0232282912796235	0.0768070489198362
K07788	group	LPRD	-0.919890516196316	0.401117969543817	151	148	0.0232283799871687	0.0768070489198362
K16165	group	LPRD	-1.17493386412379	0.512300597042313	151	146	0.023220728184771	0.0768070489198362
K04081	group	LPRD	-1.29565819862483	0.56526594696299	151	114	0.0232990685723217	0.0770044652013083
K07469	group	LPRD	0.786140981105167	0.343076221166139	151	150	0.0233390402950951	0.0771002226525056
K00526	group	LPRD	0.08350585336028	0.0364706640168187	151	151	0.0234445353011676	0.077412243269517
K09976	group	LPRD	-0.529106589121777	0.231243462245883	151	151	0.023538706013889	0.077673445538238
K19714	group	LPRD	-1.09371255887134	0.478026561728795	151	124	0.0235458019641592	0.077673445538238
K10201	group	LPRD	0.608657300111041	0.266148027671444	151	151	0.023609340791356	0.0778464153092219
K17215	group	LPRD	0.660393703403265	0.288827659289072	151	151	0.0236363072881919	0.0778986902163731
K10873	group	LPRD	-0.710174984247273	0.310666248805644	151	151	0.0236656359380895	0.07795869733365
K05784	group	LPRD	-1.3458353453982	0.588882471289072	151	134	0.0236997817822636	0.0780345092971665
K11636	group	LPRD	-0.427778698478608	0.187224964463158	151	151	0.0237339339340822	0.0781102708347025
K16876	group	LPRD	-1.09224295814251	0.478768026118289	151	118	0.0239439888491197	0.0787645996397602
K18934	group	LPRD	-1.35379741996993	0.59371306403022	151	79	0.0240132142118993	0.0789552681169861
K01657	group	LPRD	-0.230380735299367	0.101092376059909	151	151	0.0240929099935897	0.0791801683333633
K16878	group	LPRD	-1.09040683195804	0.47853697109101	151	118	0.0241104159874882	0.0792005698558071
K13935	group	LPRD	-1.47749053587114	0.6486333767693	151	127	0.0241577248410824	0.0793188061526873
K02757	group	LPRD	0.323341612423292	0.141976365108337	151	151	0.0241833424861868	0.0793657447697421
K02237	group	LPRD	-0.187381644919616	0.0823078148735919	151	151	0.0242345817261023	0.0794966859616177
K01433	group	LPRD	-0.515859053576609	0.22673053858461	151	151	0.0243198227358809	0.0797389884838752
K07047	group	LPRD	0.37859574802466	0.166441461687077	151	151	0.0243542524724798	0.0798145441010206
K03518	group	LPRD	-0.338331348027648	0.148756249990933	151	151	0.0243694736681827	0.0798271076700751
K02441	group	LPRD	-0.447371168174134	0.196716463838039	151	151	0.0243822943959481	0.0798317999605773
K01443	group	LPRD	0.178318376119489	0.0784408936073601	151	151	0.024438400237728	0.0799781445688485
K02240	group	LPRD	-0.526071739615758	0.231492074686719	151	151	0.0244852114822123	0.080093948898884
K02511	group	LPRD	-1.71053796669371	0.753129920883421	151	97	0.0245649347895827	0.0803172541394471
K06970	group	LPRD	0.644468134974039	0.283899991999661	151	151	0.0246385710815991	0.0805204584065313
K19134	group	LPRD	1.21056016356664	0.533465509866204	151	132	0.0246893337449961	0.0806487556162267
K10793	group	LPRD	0.496948197796059	0.219012134452635	151	151	0.0247014107810459	0.080650623928799
K02083	group	LPRD	0.67002405986016	0.295457617729966	151	151	0.0247821835706742	0.0808390445930322
K12998	group	LPRD	-0.787654063706636	0.347324966653666	151	137	0.0247807770531213	0.0808390445930322
K02243	group	LPRD	-0.524786331283024	0.231499630167238	151	151	0.0248354271826706	0.0808997883599073
K10795	group	LPRD	0.501718941973001	0.221313807433863	151	151	0.0248289632504637	0.0808997883599073
K10796	group	LPRD	0.501718941973001	0.221313807433863	151	151	0.0248289632504637	0.0808997883599073
K02763	group	LPRD	0.784542448360979	0.346175967440709	151	147	0.0248722826633089	0.0809822115512286
K18692	group	LPRD	-0.523740948514649	0.231258309553264	151	151	0.0249707065622917	0.081264927113122
K00131	group	LPRD	0.397509699950661	0.175626680674156	151	151	0.0250567682922463	0.0815071673914834
K03816	group	LPRD	-0.22502627929703	0.0995037528677542	151	151	0.0251765248579633	0.0818587380585913
K01993	group	LPRD	-0.197876163941659	0.0875578387958839	151	151	0.0252741273813545	0.0821379846746848
K03077	group	LPRD	0.420175849884823	0.185959193618232	151	151	0.0253022730755524	0.0821913504446813
K07053	group	LPRD	-0.240710438653241	0.106579883784505	151	151	0.0253664984874336	0.0823236825911619
K16923	group	LPRD	0.434332896424867	0.192298918403635	151	151	0.0253578067402304	0.0823236825911619
K02106	group	LPRD	0.384602347807886	0.170361799984426	151	151	0.0254262578995127	0.0824794390909691
K05591	group	LPRD	-0.947478724877742	0.419984616813829	151	150	0.0255273000810504	0.0827689054431838
K00975	group	LPRD	0.190203732659193	0.084344991260975	151	151	0.0255861133579117	0.0829212457877766
K02566	group	LPRD	0.389434050633829	0.172994731867166	151	151	0.0258402241746467	0.083706086628592
K08728	group	LPRD	-1.10234150074919	0.489904278777376	151	137	0.0259061953740442	0.0838810298254272
K07063	group	LPRD	-1.08567136550503	0.482800893527881	151	130	0.0259987657901235	0.0841030679228269
K11781	group	LPRD	0.928326434622313	0.412798923355364	151	112	0.0259880196284169	0.0841030679228269
K02753	group	LPRD	0.751951612305305	0.334422508955403	151	148	0.0260108928994556	0.0841034867274831
K00240	group	LPRD	-0.115281268803977	0.051297548230539	151	151	0.0260893912298265	0.0843184105675813
K05992	group	LPRD	-0.951142373355126	0.423332173148202	151	71	0.0261225241919555	0.0843865873666398
K00958	group	LPRD	-0.462257532390861	0.206156811124801	151	151	0.0264210064908322	0.0853114949335484
K11712	group	LPRD	-1.10438744884231	0.492651397627068	151	124	0.0264567137111564	0.0853874599977929
K02840	group	LPRD	-0.949834249105191	0.423923384658861	151	65	0.0265323911799187	0.0855612307636097
K18431	group	LPRD	-0.559592654420312	0.24975780952683	151	151	0.0265349665734789	0.0855612307636097
K10212	group	LPRD	-0.894187230351466	0.399140564430232	151	112	0.0265522011829545	0.0855774392149476
K00282	group	LPRD	-0.302955924699408	0.135312331132307	151	151	0.0266415333641695	0.0858258956262998
K01478	group	LPRD	0.25970178887358	0.116005682364248	151	151	0.0266574642121951	0.0858377694660027
K17076	group	LPRD	0.334705733189108	0.14957866953483	151	151	0.0267269676873139	0.0860220585344675
K01499	group	LPRD	1.07921525917567	0.482415695462565	151	92	0.0267637436288475	0.0861008916191927
K01174	group	LPRD	0.390600214565545	0.174634319382563	151	151	0.0267926025276359	0.0861146922139972
K02598	group	LPRD	0.531501122751708	0.237610923028586	151	151	0.026780575161632	0.0861146922139972
K00283	group	LPRD	-0.302278703629833	0.135185586829314	151	151	0.0268359559831148	0.0861355546893932
K07090	group	LPRD	-0.208201472425802	0.0930975410987751	151	151	0.0268123541834157	0.0861355546893932
K08602	group	LPRD	0.299364043784698	0.133878419438854	151	151	0.0268318504131983	0.0861355546893932
K19430	group	LPRD	-1.19964748994694	0.536723576221267	151	61	0.0268961013365975	0.0862890939906399
K19048	group	LPRD	-1.00925648584382	0.451689349488401	151	129	0.0269449531798181	0.0864062771228384
K00765	group	LPRD	-0.232259508817934	0.10399848162545	151	151	0.0270194819829199	0.0866056555556784
K01447	group	LPRD	0.309111331498081	0.138468902194283	151	151	0.0270832605581707	0.0867704097407571
K09809	group	LPRD	0.604742443709681	0.271177074348624	151	151	0.0272381522011143	0.087226791653637
K01479	group	LPRD	0.345935780219623	0.155148937882585	151	151	0.0272628420859201	0.0872659922476254
K05799	group	LPRD	-0.517031202355523	0.232036573464673	151	151	0.0273628598574045	0.0875062260950754
K15835	group	LPRD	1.06789404531749	0.479255690810235	151	140	0.0273626581806338	0.0875062260950754
K03975	group	LPRD	-0.368810582336093	0.165532916068655	151	151	0.0273773059173047	0.0875125009030121
K11004	group	LPRD	-0.52778043597957	0.237016848804108	151	151	0.0274630871245646	0.0877466913141285
K05984	group	LPRD	-1.27831356069515	0.574230381906116	151	113	0.0275061765869273	0.0878443270498225
K11688	group	LPRD	-0.394181380949274	0.177117546230262	151	151	0.0275471593467054	0.0879351489163957
K09812	group	LPRD	-0.0580254162979455	0.0260842318325004	151	151	0.0276154838947704	0.0881131279482661
K16091	group	LPRD	0.270600184943522	0.121778913633204	151	151	0.027786260589313	0.0886176918703748
K12979	group	LPRD	-1.13541169308828	0.511065311486877	151	142	0.0278142041179732	0.0886664715175045
K02113	group	LPRD	-0.0430157363056131	0.019368732949598	151	151	0.0278675772941506	0.0887962349236344
K01969	group	LPRD	-1.09831218791223	0.494756073101726	151	150	0.0279354467282878	0.088931644670889
K16246	group	LPRD	-1.20475094087329	0.542700937724677	151	124	0.0279347255317632	0.088931644670889
K01667	group	LPRD	0.35581740943229	0.160306903058402	151	151	0.0279566303266808	0.0889586829732331
K00865	group	LPRD	-0.141658216243058	0.0638429522050451	151	151	0.0280085403839368	0.0890834247238644
K03717	group	LPRD	-0.977530456826883	0.44062251214853	151	151	0.028031715132716	0.0891166998096777
K17205	group	LPRD	-1.13904154354763	0.513525871638439	151	116	0.0280624419974017	0.0891739430651794
K04061	group	LPRD	-0.287479823221017	0.129678553984384	151	151	0.0281472323046797	0.089402853854012
K02501	group	LPRD	-0.222029290988659	0.100192506378641	151	151	0.0282058193326902	0.0895483666314124
K06034	group	LPRD	0.968940820404361	0.437303523581003	151	46	0.0282275210519661	0.0895766965026177
K01042	group	LPRD	-0.314316089589568	0.141907482559578	151	151	0.0282822087224102	0.0895880176882493
K13678	group	LPRD	-0.60050948598253	0.271057371851944	151	151	0.0282474010151158	0.0895880176882493
K13786	group	LPRD	-1.07200172559816	0.483930557185467	151	109	0.0282639230736531	0.0895880176882493
K18923	group	LPRD	-0.521739779740516	0.235535980331761	151	151	0.0282695547810174	0.0895880176882493
K13795	group	LPRD	-1.12973922422483	0.510184153263723	151	114	0.0283216089112704	0.0896723028310776
K13300	group	LPRD	-1.45797095354462	0.658787180789528	151	98	0.0284103411251391	0.0899126371499887
K00009	group	LPRD	-0.425572162785283	0.192579790050594	151	151	0.0286411096850474	0.0906020662870859
K00254	group	LPRD	-0.420681000638302	0.190382296068415	151	151	0.0286541633688999	0.0906024741614742
K00241	group	LPRD	-0.112619235559253	0.0509886803413157	151	151	0.0287219182770852	0.0907757651588672
K01801	group	LPRD	-1.04755951146336	0.474326195313283	151	146	0.0287353744954954	0.0907773660267791
K02798	group	LPRD	0.371156042030787	0.168243751262191	151	151	0.0289108056358866	0.0912904268052096
K10439	group	LPRD	-0.270579025805808	0.12267718091956	151	151	0.0289425083303601	0.0913493846897002
K16961	group	LPRD	0.489618672977116	0.222075962101285	151	151	0.0290057742357206	0.0915078656131419
K08217	group	LPRD	0.462875162789678	0.21007053671844	151	151	0.0290996854495304	0.0917549831749878
K10012	group	LPRD	0.623487502351171	0.282981511930543	151	151	0.0291102828218506	0.0917549831749878
K19147	group	LPRD	-0.336928860054511	0.152934935277614	151	151	0.0291242186271065	0.0917576505959625
K07009	group	LPRD	0.274306925812384	0.124529304562388	151	151	0.0291484281040485	0.0917926689170621
K03072	group	LPRD	-0.173861182050839	0.0789491524236367	151	151	0.0291886456216585	0.091878044817165
K02238	group	LPRD	-0.0454992017360496	0.0206712859588415	151	151	0.0292687425247453	0.0920888173691492
K06001	group	LPRD	-0.288993846799366	0.131323006680755	151	151	0.0293011732469218	0.0921494950475199
K02171	group	LPRD	0.721105517619642	0.327762703444271	151	151	0.029340962193709	0.0922332488690135
K13043	group	LPRD	0.403276290320577	0.183474540842341	151	151	0.0294925464021784	0.0926681982426133
K08384	group	LPRD	-0.326554505085721	0.148583283479035	151	151	0.0295077015265805	0.0926742776439648
K19169	group	LPRD	0.575073425732993	0.261685175241144	151	151	0.0295230083662863	0.0926808278762503
K01185	group	LPRD	-0.339660832750147	0.154658787808742	151	151	0.0296238327697443	0.0929557151816955
K03652	group	LPRD	0.329127151976717	0.149928938913033	151	151	0.0296950329683565	0.0931374412117133
K00819	group	LPRD	0.474065157384233	0.215981982544641	151	151	0.029716394960164	0.0931553784057699
K03074	group	LPRD	-0.173917091716694	0.0792412451376475	151	151	0.0297273297423263	0.0931553784057699
K04028	group	LPRD	0.443498346744761	0.202249090576246	151	151	0.0298702976754282	0.0935615668922035
K10540	group	LPRD	-0.192871420770856	0.087984651229731	151	151	0.0299239889009056	0.093687879497699
K10794	group	LPRD	0.45488395022734	0.207648984193371	151	151	0.0300320276115894	0.0939841578380542
K10353	group	LPRD	-1.3206818991872	0.602933616544644	151	69	0.03004771631106	0.0939912946633335
K02548	group	LPRD	-0.108620754726549	0.0496163892239918	151	151	0.0301377098823642	0.0942307521299613
K03442	group	LPRD	-0.115477987181429	0.0527764064273541	151	151	0.0302230957902194	0.0944555958490583
K09707	group	LPRD	0.614352175063196	0.280833100274348	151	149	0.0302569125588264	0.0945191430647829
K02777	group	LPRD	0.225201385864271	0.103016388369438	151	151	0.0303711062774468	0.0948336102471725
K07736	group	LPRD	0.333311645302479	0.152506995386166	151	151	0.0304101988383063	0.0949133988675544
K01387	group	LPRD	1.20427400440574	0.55123197875563	151	64	0.0304740943094632	0.0950704944856863
K07592	group	LPRD	-1.28293698985627	0.587383764067717	151	108	0.0305145968946085	0.0951283443971715
K09919	group	LPRD	-0.980212863531527	0.448797838254751	151	151	0.0305197783950412	0.0951283443971715
K07033	group	LPRD	0.567539808319222	0.259948529394183	151	151	0.030580381362921	0.095274877046256
K00239	group	LPRD	-0.110542869790779	0.0506617298322215	151	151	0.0306779555622536	0.0955285902575011
K08983	group	LPRD	-1.11650211292151	0.511726857335165	151	136	0.0306890706504839	0.0955285902575011
K00845	group	LPRD	0.101125465048694	0.0463582628235726	151	151	0.0307223616996376	0.0955862419350061
K19576	group	LPRD	-0.696842911298739	0.319473265860585	151	30	0.030734862955992	0.0955862419350061
K00318	group	LPRD	0.669157996080299	0.306809202698648	151	151	0.0307500429852902	0.0955910427170218
K08322	group	LPRD	0.993246618747549	0.455823219837233	151	145	0.0309017007046164	0.0960199122071635
K07448	group	LPRD	0.278993244804055	0.128059260819471	151	151	0.0309313421699305	0.0960694322601739
K03776	group	LPRD	-0.943128389617273	0.433812680338901	151	150	0.0312803758959784	0.0971104672412792
K11603	group	LPRD	0.363794036190394	0.167358668964009	151	151	0.0313038438276777	0.0971403033342279
K16703	group	LPRD	-1.23550215581467	0.568769656860782	151	103	0.0314191351236834	0.097454927972133
K18480	group	LPRD	-0.469269373816592	0.216094910355633	151	151	0.0314689131610404	0.0975661571246762
K10195	group	LPRD	-1.4780811944185	0.680869744538113	151	98	0.0315241397880146	0.097694173259939
K01739	group	LPRD	-0.294037461943831	0.135512572673099	151	151	0.0316055795639671	0.0978600321304813
K03480	group	LPRD	0.587840294438012	0.270900040399924	151	151	0.0315950793197164	0.0978600321304813
K00034	group	LPRD	0.754734314194261	0.348363574119514	151	151	0.0318616875989179	0.0985224658440293
K02502	group	LPRD	-0.264424743140071	0.122049354065478	151	151	0.0318596510216459	0.0985224658440293
K16877	group	LPRD	-1.04912623857177	0.484232005774287	151	118	0.0318566816201055	0.0985224658440293
K03612	group	LPRD	0.175706288443275	0.081197700914983	151	151	0.0320630661532795	0.0991014522638843
K00613	group	LPRD	0.626375085714013	0.289516525938194	151	144	0.0320952144488394	0.0991409168974955
K06208	group	LPRD	-0.353630674421249	0.163460056476267	151	151	0.0321041200224415	0.0991409168974955
K07041	group	LPRD	1.03729546753365	0.480272306328339	151	55	0.0323871297773249	0.0999708409242833
K03486	group	LPRD	0.277662097833199	0.128602301283754	151	151	0.0324448781439231	0.100016972642437
K15876	group	LPRD	-0.290349640945259	0.134463177056499	151	151	0.032425212737308	0.100016972642437
K15898	group	LPRD	-0.588053729767941	0.272363644416844	151	151	0.0324448735313699	0.100016972642437
K01589	group	LPRD	-0.42353630509186	0.196257193355616	151	151	0.0325246209262786	0.100218722062951
K15303	group	LPRD	0.744351541178474	0.345068411328876	151	36	0.0326003064977654	0.100407798132397
K02828	group	LPRD	-1.48775516969327	0.690048516616607	151	99	0.0326875106488166	0.1006321693668
K00050	group	LPRD	-0.69137385958011	0.320714707428607	151	151	0.0327103243157848	0.100658197301866
K12299	group	LPRD	-1.26637859281239	0.587519294387869	151	105	0.0327311287704675	0.100678022238252
K15831	group	LPRD	-1.22547421067934	0.568652252611678	151	113	0.032764344122602	0.100735987850632
K01834	group	LPRD	0.177279574996061	0.0823550007648721	151	151	0.03295799787262	0.101286964089025
K13816	group	LPRD	-1.50996057448927	0.70152132388868	151	119	0.0329754697437187	0.101296250176805
K09820	group	LPRD	0.392114441268653	0.182203591852021	151	151	0.033002816091885	0.101335847921206
K12055	group	LPRD	-1.03947672649225	0.483077550663707	151	112	0.0330258676815345	0.10136222961802
K00433	group	LPRD	0.499564208613964	0.232217482218859	151	151	0.0330662461546247	0.101441744220534
K01843	group	LPRD	0.346359801622537	0.161059293720305	151	151	0.0331278506032105	0.101586278533905
K03773	group	LPRD	-0.196978471644231	0.0916422551035462	151	151	0.0332150645927071	0.101809183557008
K01856	group	LPRD	-1.24593246567042	0.579850980211376	151	135	0.0332729299454664	0.101880913025006
K02829	group	LPRD	-1.48226805604202	0.689815571857902	151	99	0.0332666769900534	0.101880913025006
K19623	group	LPRD	-1.19384731521896	0.555640052127562	151	116	0.0332820671650875	0.101880913025006
K18028	group	LPRD	-1.01587247403216	0.472971689741753	151	93	0.033342535295694	0.102021463301098
K18332	group	LPRD	0.395254972151767	0.184100226633489	151	151	0.033415030685642	0.102198675875371
K16216	group	LPRD	-1.21895045034632	0.56796472872809	151	119	0.0334785243693799	0.10234821449165
K11890	group	LPRD	-1.38236737013268	0.644223302764611	151	137	0.0335096893929526	0.102398832887793
K00600	group	LPRD	-0.0437916475283553	0.0204120394764631	151	151	0.0335426888513781	0.102455010391355
K07226	group	LPRD	-0.54691046550771	0.255011352487884	151	151	0.0336022552037347	0.102592251297117
K19224	group	LPRD	-1.43764638232376	0.670644242339127	151	95	0.0336815013409212	0.102789431606381
K00428	group	LPRD	-0.428044464432146	0.199761492510237	151	151	0.0337551915932304	0.10296949219693
K08679	group	LPRD	0.283292574505276	0.132326144651085	151	151	0.0339118204187916	0.103402288445293
K18314	group	LPRD	-0.689724981565352	0.322370740571869	151	42	0.0340208931057763	0.103689765509344
K02922	group	LPRD	0.632313282240435	0.295624584588855	151	29	0.0340730756840829	0.103803676899357
K03609	group	LPRD	-0.188018833662363	0.0879152251917574	151	151	0.0340952076862981	0.10382597996566
K00874	group	LPRD	0.25914136085502	0.121242351294241	151	151	0.0341988476312554	0.104051181378082
K18366	group	LPRD	-1.237988395224	0.579188939369145	151	126	0.0341931782135864	0.104051181378082
K00854	group	LPRD	0.29140032599849103	0.136347459836598	151	151	0.0342148888124347	0.104054824544541
K07796	group	LPRD	-1.36729802191561	0.64001052799385	151	105	0.0342828964725136	0.104175002812936
K13282	group	LPRD	0.752141595873297	0.352068004177859	151	150	0.0342841271739578	0.104175002812936
K03340	group	LPRD	-0.245093860407943	0.114760387470273	151	151	0.0343382286930791	0.10429418680177
K01817	group	LPRD	0.105255048878124	0.0492942591836018	151	151	0.0343765412350734	0.104323526172121
K02585	group	LPRD	-0.4995096857759	0.233937606375839	151	151	0.0343776527043651	0.104323526172121
K00640	group	LPRD	0.0919175617839471	0.0431064739888494	151	151	0.0346183411776471	0.104967190104101
K07793	group	LPRD	0.337790453718498	0.158414417023897	151	151	0.0346197066363311	0.104967190104101
K02443	group	LPRD	0.418806011349367	0.196451987780659	151	151	0.0346591964532781	0.105041490331811
K00680	group	LPRD	0.380622081993037	0.178651893391068	151	151	0.0347702541327521	0.105309041543262
K19181	group	LPRD	-0.970683332589483	0.455626392814222	151	104	0.0347775222785524	0.105309041543262
K11216	group	LPRD	-0.685595899627958	0.321837169713114	151	147	0.034792626587629	0.105309288592089
K13599	group	LPRD	0.823068350033865	0.386473243007034	151	151	0.0348402228851165	0.105407838767659
K03311	group	LPRD	-0.183521555404232	0.0862701539496836	151	151	0.035042542671872	0.105762462401056
K12246	group	LPRD	-0.562241749543992	0.264349217064611	151	53	0.0350762497732322	0.105762462401056
K12520	group	LPRD	-0.562241749543992	0.264349217064611	151	53	0.0350762497732322	0.105762462401056
K12521	group	LPRD	-0.562241749543992	0.264349217064611	151	53	0.0350762497732322	0.105762462401056
K12522	group	LPRD	-0.562241749543992	0.264349217064611	151	53	0.0350762497732322	0.105762462401056
K12523	group	LPRD	-0.562241749543992	0.264349217064611	151	53	0.0350762497732322	0.105762462401056
K18073	group	LPRD	-1.07621570757024	0.506009670511575	151	94	0.0350781348191805	0.105762462401056
K18895	group	LPRD	-0.562241749543992	0.264349217064611	151	53	0.0350762497732322	0.105762462401056
K07032	group	LPRD	0.349839110154311	0.164531184010324	151	151	0.0351279937707464	0.105845456530072
K11635	group	LPRD	-0.404675009440971	0.190333340809925	151	151	0.0351398559633879	0.105845456530072
K12235	group	LPRD	-0.301870614283895	0.141989460089757	151	16	0.0351509590302434	0.105845456530072
K16248	group	LPRD	1.03982234489436	0.489203286114855	151	143	0.0351903384445983	0.105918536924274
K06296	group	LPRD	-0.846989772345002	0.398800391956344	151	144	0.035334581272247	0.106307044943541
K09473	group	LPRD	-1.40079031466351	0.659687125237282	151	98	0.0353709823724116	0.106370907949638
K00264	group	LPRD	-0.265674513537317	0.125198613695661	151	18	0.0354896580080843	0.106636306316619
K19703	group	LPRD	-0.265674513537317	0.125198613695661	151	18	0.0354896580080843	0.106636306316619
K03388	group	LPRD	0.495610026618234	0.233616819068439	151	151	0.0355374100262276	0.106734037825131
K00196	group	LPRD	0.71056646889226	0.33525018447746	151	149	0.0357048396719022	0.107099240949951
K08302	group	LPRD	0.426875016943544	0.201399116827214	151	151	0.0357017010340323	0.107099240949951
K11732	group	LPRD	-1.23145482098604	0.580943153626749	151	108	0.0356842489241066	0.107099240949951
K06285	group	LPRD	-0.92296622700523	0.435513542152435	151	142	0.0357264344721981	0.107118180346496
K01483	group	LPRD	-0.671516293767822	0.316951375159159	151	151	0.0357768458787879	0.107223467127107
K02467	group	LPRD	-1.23250511177024	0.581864821375029	151	108	0.0358176714545757	0.107254112300972
K10124	group	LPRD	-1.10094054762974	0.51973569296059	151	106	0.0358115023948957	0.107254112300972
K02508	group	LPRD	-1.66338626857335	0.785403354515518	151	96	0.0358454979504607	0.10729160573558
K00932	group	LPRD	-1.23166576918799	0.581773116685483	151	108	0.0359132211753967	0.107311031730405
K02466	group	LPRD	-1.11393441731802	0.526145628053861	151	114	0.035907151383714	0.107311031730405
K06878	group	LPRD	-0.568843798292714	0.268690210167984	151	151	0.0359123960742095	0.107311031730405
K19688	group	LPRD	-1.23166576918799	0.581773116685483	151	108	0.0359132211753967	0.107311031730405
K07006	group	LPRD	0.328264273290956	0.155182665352271	151	151	0.0360643282551974	0.107670758547246
K18072	group	LPRD	-1.0854617862659	0.513097346609031	151	94	0.0360498407093527	0.107670758547246
K10240	group	LPRD	1.35421318972127	0.640731150270479	151	117	0.0362202554948265	0.108090247347268
K07120	group	LPRD	0.348901480603584	0.165151994752241	151	151	0.0363016084162891	0.108286925531143
K09888	group	LPRD	0.11014382359436	0.0521483844197934	151	151	0.0363438530557991	0.108337894862592
K13490	group	LPRD	-1.31066791543399	0.620564525854352	151	122	0.0363496046671635	0.108337894862592
K00065	group	LPRD	0.628411738508471	0.297619772132335	151	151	0.0364018636739312	0.1084014716883
K10019	group	LPRD	-1.08338575962684	0.513075793169075	151	128	0.0363937643200311	0.1084014716883
K12944	group	LPRD	-1.23097615035968	0.58347029452545	151	108	0.0365512719584596	0.108800176827517
K15765	group	LPRD	-1.21643578613335	0.577086776485181	151	116	0.0367144002102557	0.109239365651058
K03190	group	LPRD	0.536615363105622	0.254671657050136	151	151	0.0367851048943082	0.109403303058592
K00700	group	LPRD	0.0823292561820806	0.0390952219476377	151	151	0.0368928779622615	0.10967730047305
K02048	group	LPRD	-0.451560515558652	0.214454841981167	151	151	0.0369144614132467	0.109694944682857
K07160	group	LPRD	-0.242022083938302	0.115040199766536	151	151	0.03707518604603	0.110125870416386
K03928	group	LPRD	-0.355958685651091	0.169341255781529	151	151	0.0372337088045568	0.110549893570497
K00840	group	LPRD	-1.316571406409	0.626579468365666	151	114	0.0373063595405476	0.110718704648281
K16879	group	LPRD	-1.00543886244209	0.478823348977995	151	119	0.0374306682945033	0.11104061986647
K05783	group	LPRD	-1.29492492764121	0.616846116339221	151	130	0.0374793551340008	0.111138020088556
K18205	group	LPRD	0.42466633252241	0.20232880316316	151	19	0.0375129515289424	0.111143613786089
K18206	group	LPRD	0.42466633252241	0.20232880316316	151	19	0.0375129515289424	0.111143613786089
K02217	group	LPRD	0.14185271342551	0.0675955310412232	151	151	0.0375434573239081	0.111187002889986
K00573	group	LPRD	-0.343867631116452	0.163881919164072	151	151	0.0375691922886483	0.111201983871686
K11527	group	LPRD	0.475257842986354	0.22653282271642	151	151	0.0375961058168181	0.111201983871686
K18347	group	LPRD	0.93031960126017	0.443426060699834	151	74	0.0375905565716093	0.111201983871686
K00626	group	LPRD	-0.239511604797027	0.114196062229962	151	151	0.0376493309050963	0.11131244607538
K07017	group	LPRD	-0.425201591103278	0.202798506513066	151	151	0.0377124128961308	0.111451945363354
K07799	group	LPRD	-0.873889311842858	0.416997135862276	151	150	0.0378023013373064	0.111670515117791
K13890	group	LPRD	0.859507172904352	0.410576502437123	151	147	0.038006246033899	0.11222568858367
K00661	group	LPRD	0.241387588629898	0.115381378433375	151	151	0.0381269634353757	0.112504076896958
K04749	group	LPRD	0.276357314089739	0.132106394167214	151	151	0.03814100461252	0.112504076896958
K09684	group	LPRD	0.776582464303569	0.371242744422091	151	151	0.0381486720091397	0.112504076896958
K05822	group	LPRD	0.345902174036689	0.165381210208957	151	151	0.0381760245507123	0.112537397855548
K01708	group	LPRD	-0.997056200422688	0.477108561508731	151	144	0.0383359416270825	0.112913844876407
K06976	group	LPRD	0.403113398006007	0.192890842420172	151	151	0.0383301484003444	0.112913844876407
K03716	group	LPRD	0.420903569780728	0.201479475457786	151	151	0.0384021206417516	0.113013797522535
K16201	group	LPRD	0.683138780273663	0.327006673368355	151	149	0.038401889069701003	0.113013797522535
K06133	group	LPRD	-0.392478157168629	0.187892671061369	151	151	0.0384224097768644	0.113026056456492
K06912	group	LPRD	0.814163757800127	0.389811226415484	151	36	0.0384436216418461	0.113041018334455
K02859	group	LPRD	-0.54202005554799	0.259662647377722	151	151	0.0385543837703908	0.113319174100813
K01304	group	LPRD	0.279401872451909	0.133906175867702	151	151	0.038632521851224	0.113413403728428
K02348	group	LPRD	0.367314091048182	0.176019089494086	151	151	0.0386108504541799	0.113413403728428
K15956	group	LPRD	0.620056026558434	0.297171938617344	151	17	0.0386349797579866	0.113413403728428
K10549	group	LPRD	1.27134057464744	0.610477153538647	151	110	0.0390027218858568	0.114444989711116
K00091	group	LPRD	0.379114037562132	0.182334574352328	151	151	0.0393106761946151	0.115178240254361
K00164	group	LPRD	-0.495777248966504	0.238392834318305	151	151	0.0392693732709357	0.115178240254361
K05953	group	LPRD	-0.445967847954867	0.214472653016499	151	18	0.0392969345366098	0.115178240254361
K18344	group	LPRD	0.646115114773656	0.310760791631398	151	151	0.0393183350825516	0.115178240254361
K02041	group	LPRD	0.326550549153585	0.157140281974186	151	151	0.0394169877712811	0.115418999280151
K11629	group	LPRD	-1.37881722569016	0.66364668749601	151	94	0.0394586440356539	0.115492732647154
K11927	group	LPRD	0.390340781719113	0.188094724259591	151	151	0.0396839075662098	0.116103585992959
K00171	group	LPRD	0.492084002527175	0.237152140844137	151	151	0.0397086685005506	0.11612756203123
K09769	group	LPRD	0.262358413256521	0.126474280668932	151	151	0.0397623524080761	0.116139204325255
K11208	group	LPRD	-1.00395623095966	0.483900856746996	151	133	0.039732851781038	0.116139204325255
K12985	group	LPRD	-0.551158173807844	0.265680803122934	151	53	0.0397518746243491	0.116139204325255
K01138	group	LPRD	0.528314663076685	0.254759120198558	151	151	0.0398207807157249	0.116261421414924
K17074	group	LPRD	0.31117932586874	0.15016147459419	151	151	0.039960815259467	0.116621696489951
K06951	group	LPRD	-0.891374402880203	0.430513073186462	151	72	0.040131787833832	0.117071923726659
K10539	group	LPRD	-1.10398632302475	0.533434500296787	151	141	0.0402183697745458	0.117275695557224
K10556	group	LPRD	-0.687857522679029	0.332600715848523	151	146	0.040357756094704	0.117584318463789
K18243	group	LPRD	-1.03100465613508	0.49850723206497	151	117	0.0403514659962813	0.117584318463789
K07731	group	LPRD	-0.409989734422619	0.198410403370593	151	18	0.0405245387307477	0.118021195057142
K00121	group	LPRD	-0.725717768892006	0.351318210964688	151	151	0.0405889800607802	0.118159779994215
K00986	group	LPRD	0.562958530905847	0.272563171300946	151	151	0.0406153606902281	0.11818749623848
K19058	group	LPRD	-0.981236667947103	0.475261627599076	151	124	0.0406921147160296	0.118361711269447
K19587	group	LPRD	-1.13508353595629	0.549931886365049	151	93	0.0407478848589373	0.118474770991767
K19353	group	LPRD	-0.331100070685538	0.160546130190395	151	151	0.0409123799625668	0.118903724518073
K02822	group	LPRD	0.264343611345182	0.128369904887464	151	151	0.0412126647664218	0.119726804812523
K00294	group	LPRD	0.415865274184946	0.202004978499932	151	151	0.0412656352986665	0.119768333778347
K06987	group	LPRD	0.395226448807462	0.191974194048475	151	151	0.0412598472597433	0.119768333778347
K07003	group	LPRD	0.243474648644306	0.118274321706554	151	151	0.0412782160354474	0.119768333778347
K13611	group	LPRD	-1.1182741620712	0.543362115401985	151	125	0.0413263206599077	0.119858298645409
K14419	group	LPRD	-0.70620600702190806	0.343212496260929	151	54	0.0413681269827148	0.119929929755513
K11689	group	LPRD	-0.376760403060035	0.183209850104966	151	151	0.0414844732670072	0.1202175103769
K11051	group	LPRD	-0.487148573929913	0.236927247646451	151	151	0.0415168478199051	0.120261612899808
K01455	group	LPRD	0.698826681884411	0.339923860877501	151	151	0.0415439591296925	0.120277353637363
K17214	group	LPRD	0.7411864090715	0.360551186006436	151	151	0.041556597790256	0.120277353637363
K03833	group	LPRD	-0.292992099560802	0.142578655422386	151	151	0.0416302905057839	0.120440914752598
K01644	group	LPRD	-0.21970026486778	0.106948394207898	151	151	0.041697554465912	0.120585749507444
K01440	group	LPRD	-0.454747977964736	0.221432913406954	151	151	0.0417568221463364	0.12070734979209
K01117	group	LPRD	0.548043938004379	0.266901736816426	151	18	0.0417868337479728	0.120744313509188
K08318	group	LPRD	-0.744834654005277	0.363023179671592	151	74	0.041944243909879	0.121124559819496
K11938	group	LPRD	-1.18919883388216	0.579625828269288	151	110	0.0419529859118026	0.121124559819496
K14664	group	LPRD	0.951786434428493	0.463997200748988	151	52	0.0419914623464583	0.121170422733198
K16127	group	LPRD	0.79747233265913	0.388791874789643	151	95	0.0420034418319075	0.121170422733198
K01361	group	LPRD	0.347679458121654	0.169536293708994	151	151	0.042041715956862	0.121223113553419
K05835	group	LPRD	-1.19140210274971	0.580996169303243	151	132	0.0420562927477766	0.121223113553419
K06344	group	LPRD	-1.5694802975169	0.765507332164268	151	91	0.0420929565515455	0.121278925370462
K10804	group	LPRD	-0.892971203766963	0.435660194199758	151	151	0.0421475566162473	0.121386348348354
K08281	group	LPRD	0.153021041817246	0.0747340827604746	151	151	0.0423614320665696	0.121952213054067
K10750	group	LPRD	0.737494973595362	0.36029678977729	151	151	0.042424152937348	0.122082640431367
K00917	group	LPRD	0.324685305367955	0.158638033481043	151	151	0.0424444936032836	0.122091054640549
K17898	group	LPRD	0.409301626447215	0.200199737224306	151	151	0.042667919001015	0.12263309233174
K17899	group	LPRD	0.409301626447215	0.200199737224306	151	151	0.042667919001015	0.12263309233174
K14201	group	LPRD	0.615682136756772	0.301258388686476	151	21	0.0427445013390757	0.122802850158574
K18417	group	LPRD	-0.406870753146032	0.199362526708907	151	23	0.0430300364875823	0.123572534116326
K10014	group	LPRD	-1.34949898669693	0.661645865626798	151	119	0.0431560704276269	0.123883723872917
K11744	group	LPRD	-0.496685144659024	0.243650582916138	151	151	0.0432667861147048	0.124150704324225
K03503	group	LPRD	0.519624833583462	0.254984000449878	151	151	0.0433317825033536	0.124286331975658
K09016	group	LPRD	-1.12595382431308	0.552623760214639	151	108	0.0433726624619462	0.124352705054496
K02109	group	LPRD	-0.0373913896651869	0.0183577874748091	151	151	0.0434391948121616	0.124443197574508
K19734	group	LPRD	-0.614947454356307	0.301917205078689	151	29	0.0434397295955521	0.124443197574508
K01953	group	LPRD	0.271668773069164	0.134052271145077	151	151	0.0444882586458803	0.12484002744069
K02092	group	LPRD	0.808463057764219	0.397864609265196	151	95	0.0439298256733801	0.12484002744069
K02093	group	LPRD	0.804847643329558	0.397331625085653	151	95	0.0445874763136673	0.12484002744069
K02094	group	LPRD	0.804847643329558	0.397331625085653	151	95	0.0445874763136673	0.12484002744069
K02095	group	LPRD	0.804847643329558	0.397331625085653	151	95	0.0445874763136673	0.12484002744069
K02096	group	LPRD	0.804847643329558	0.397331625085653	151	95	0.0445874763136673	0.12484002744069
K02097	group	LPRD	0.804847643329558	0.397331625085653	151	95	0.0445874763136673	0.12484002744069
K02288	group	LPRD	0.804847643329558	0.397331625085653	151	95	0.0445874763136673	0.12484002744069
K02289	group	LPRD	0.804847643329558	0.397331625085653	151	95	0.0445874763136673	0.12484002744069
K02634	group	LPRD	0.804847643329558	0.397331625085653	151	95	0.0445874763136673	0.12484002744069
K02637	group	LPRD	0.804847643329558	0.397331625085653	151	95	0.0445874763136673	0.12484002744069
K02640	group	LPRD	0.804909120910022	0.397308685706469	151	95	0.0445592717562748	0.12484002744069
K02643	group	LPRD	0.804963016060655	0.397288581085814	151	95	0.0445345585887189	0.12484002744069
K02691	group	LPRD	0.804847643329558	0.397331625085653	151	95	0.0445874763136673	0.12484002744069
K02693	group	LPRD	0.808717934041515	0.397769539760157	151	95	0.0438144593404583	0.12484002744069
K02694	group	LPRD	0.804847643329558	0.397331625085653	151	95	0.0445874763136673	0.12484002744069
K02697	group	LPRD	0.804847643329558	0.397331625085653	151	95	0.0445874763136673	0.12484002744069
K02700	group	LPRD	0.804963016060655	0.397288581085814	151	95	0.0445345585887189	0.12484002744069
K02704	group	LPRD	0.804847643329558	0.397331625085653	151	95	0.0445874763136673	0.12484002744069
K02705	group	LPRD	0.808717934041515	0.397769539760157	151	95	0.0438144593404583	0.12484002744069
K02707	group	LPRD	0.804847643329558	0.397331625085653	151	95	0.0445874763136673	0.12484002744069
K02709	group	LPRD	0.804847643329558	0.397331625085653	151	95	0.0445874763136673	0.12484002744069
K02711	group	LPRD	0.804847643329558	0.397331625085653	151	95	0.0445874763136673	0.12484002744069
K02714	group	LPRD	0.804088178295009	0.397135757387251	151	95	0.0446824006916821	0.12484002744069
K02715	group	LPRD	0.804847643329558	0.397331625085653	151	95	0.0445874763136673	0.12484002744069
K02716	group	LPRD	0.804847643329558	0.397331625085653	151	95	0.0445874763136673	0.12484002744069
K02717	group	LPRD	0.804847643329558	0.397331625085653	151	95	0.0445874763136673	0.12484002744069
K02718	group	LPRD	0.804847643329558	0.397331625085653	151	95	0.0445874763136673	0.12484002744069
K02722	group	LPRD	0.804847643329558	0.397331625085653	151	95	0.0445874763136673	0.12484002744069
K02723	group	LPRD	0.804847643329558	0.397331625085653	151	95	0.0445874763136673	0.12484002744069
K02724	group	LPRD	0.804847643329558	0.397331625085653	151	95	0.0445874763136673	0.12484002744069
K02800	group	LPRD	-0.37262703508762	0.183453004945203	151	151	0.0440139941705224	0.12484002744069
K03468	group	LPRD	-1.16246321338368	0.574060732804459	151	112	0.0446549110732379	0.12484002744069
K03613	group	LPRD	0.200846086354793	0.0989870130470753	151	151	0.0442374099300132	0.12484002744069
K04094	group	LPRD	-0.205189806182947	0.100841842064857	151	151	0.0436472984960874	0.12484002744069
K04773	group	LPRD	0.103817518671886	0.0511502377502201	151	151	0.0441710211298892	0.12484002744069
K05371	group	LPRD	0.804847643329558	0.397331625085653	151	95	0.0445874763136673	0.12484002744069
K05572	group	LPRD	0.804847643329558	0.397331625085653	151	95	0.0445874763136673	0.12484002744069
K05579	group	LPRD	0.808463057764219	0.397864609265196	151	95	0.0439298256733801	0.12484002744069
K05581	group	LPRD	0.804847643329558	0.397331625085653	151	95	0.0445874763136673	0.12484002744069
K05583	group	LPRD	0.804847643329558	0.397331625085653	151	95	0.0445874763136673	0.12484002744069
K05584	group	LPRD	0.804847643329558	0.397331625085653	151	95	0.0445874763136673	0.12484002744069
K05585	group	LPRD	0.804847643329558	0.397331625085653	151	95	0.0445874763136673	0.12484002744069
K07166	group	LPRD	-0.187576913890426	0.0925778014510851	151	151	0.0445332620973204	0.12484002744069
K07810	group	LPRD	-1.34688567633337	0.665214044113736	151	106	0.0446801505844593	0.12484002744069
K08170	group	LPRD	-1.08863184593906	0.536597414115543	151	103	0.0442628077165253	0.12484002744069
K08902	group	LPRD	0.804847643329558	0.397331625085653	151	95	0.0445874763136673	0.12484002744069
K08903	group	LPRD	0.804847643329558	0.397331625085653	151	95	0.0445874763136673	0.12484002744069
K10538	group	LPRD	-1.12331054643726	0.552529422314384	151	132	0.0438245770370833	0.12484002744069
K11736	group	LPRD	-1.16246321338368	0.574060732804459	151	112	0.0446549110732379	0.12484002744069
K12151	group	LPRD	-1.14149425755589	0.562891110992677	151	116	0.0443511396301143	0.12484002744069
K12289	group	LPRD	-1.16471405978192	0.574241740860113	151	112	0.0443148417476027	0.12484002744069
K13315	group	LPRD	0.659090544505737	0.323847175824483	151	29	0.0436043352345572	0.12484002744069
K13799	group	LPRD	0.804847643329558	0.397331625085653	151	95	0.0445874763136673	0.12484002744069
K14330	group	LPRD	0.804088178295009	0.397135757387251	151	95	0.0446824006916821	0.12484002744069
K14331	group	LPRD	0.804088178295009	0.397135757387251	151	95	0.0446824006916821	0.12484002744069
K14518	group	LPRD	0.804847643329558	0.397331625085653	151	95	0.0445874763136673	0.12484002744069
K14606	group	LPRD	0.804088178295009	0.397135757387251	151	95	0.0446824006916821	0.12484002744069
K16423	group	LPRD	0.986335992037012	0.485118724785725	151	64	0.0438090515737013	0.12484002744069
K18326	group	LPRD	-1.16246321338368	0.574060732804459	151	112	0.0446549110732379	0.12484002744069
K19303	group	LPRD	-1.16246321338368	0.574060732804459	151	112	0.0446549110732379	0.12484002744069
K19775	group	LPRD	-1.16121101305531	0.573272127868367	151	112	0.0445924284168988	0.12484002744069
K05582	group	LPRD	0.80459276705226	0.397426799345422	151	95	0.0447045732069579	0.124852214414651
K06075	group	LPRD	0.638460310569108	0.315394216166706	151	151	0.0447233968276504	0.124855042517654
K07229	group	LPRD	-1.16162531909749	0.573969774814262	151	112	0.0447734628214677	0.12489533401452001
K12945	group	LPRD	-1.16162531909749	0.573969774814262	151	112	0.0447734628214677	0.12489533401452001
K00214	group	LPRD	0.803509260993176	0.397258212658681	151	95	0.0448993731459982	0.125157937786001
K02284	group	LPRD	0.804089342640209	0.39761512187439	151	95	0.0449366432389886	0.125157937786001
K02285	group	LPRD	0.804089342640209	0.39761512187439	151	95	0.0449366432389886	0.125157937786001
K02462	group	LPRD	-0.934432495476883	0.462110211701902	151	148	0.0449556514967192	0.125157937786001
K03425	group	LPRD	-1.1609696356803	0.574170533637723	151	112	0.0449665618534261	0.125157937786001
K18030	group	LPRD	-0.921146346978995	0.455580831579168	151	103	0.0449747282857257	0.125157937786001
K02720	group	LPRD	0.802251790075791	0.39693087238507	151	95	0.0450562897933564	0.125335155337868
K01750	group	LPRD	0.382227149038608	0.189137360711638	151	151	0.0450814580391453	0.125355211364128
K15548	group	LPRD	-1.16056699176759	0.57433133266793	151	112	0.0450992643452683	0.125355211364128
K13532	group	LPRD	-1.37801831108238	0.682270174052394	151	66	0.0452013542581827	0.125589176912351
K03327	group	LPRD	-0.102499267854338	0.0507835875424926	151	151	0.0453486764402154	0.125945459791177
K10622	group	LPRD	0.554447780555916	0.274724669729098	151	23	0.0453655186836977	0.125945459791177
K00701	group	LPRD	-0.663462671673771	0.328855325790177	151	62	0.0454396881818064	0.126015263686852
K14605	group	LPRD	0.800662851868905	0.396869813808937	151	95	0.0454445915264426	0.126015263686852
K17246	group	LPRD	0.815782258066499	0.404321675710189	151	133	0.0454222296103773	0.126015263686852
K05575	group	LPRD	0.806435035052711	0.399823201125877	151	95	0.0454937404553977	0.126101668877951
K13612	group	LPRD	0.794441687145234	0.394087151732737	151	44	0.045607475768294	0.126366958551676
K02290	group	LPRD	0.79859397814547	0.396287239936078	151	95	0.0456830929537625	0.126482874260228
K18552	group	LPRD	-0.730875938032867	0.362687349058876	151	107	0.045685397664322	0.126482874260228
K02448	group	LPRD	-1.22741128228964	0.609161617382373	151	119	0.0457118070368321	0.126482943374746
K05594	group	LPRD	-0.685951586911453	0.340451772605528	151	73	0.0457215090601435	0.126482943374746
K03617	group	LPRD	0.200778420494878	0.0996622253475376	151	151	0.0457468166505305	0.126503031447818
K19508	group	LPRD	0.280583608552723	0.139295155739243	151	151	0.0457764465195834	0.126535051302161
K06348	group	LPRD	-1.26598847869237	0.628672735860655	151	91	0.0458361452090927	0.126650129253346
K02641	group	LPRD	0.802787457294088	0.398712630026518	151	95	0.0458679677511233	0.126688122117957
K19002	group	LPRD	0.316464119906794	0.157240397307082	151	151	0.0459569106525479	0.126883790340434
K03799	group	LPRD	-0.1397620121903	0.0694602374654285	151	151	0.0460099930542934	0.12693036257796
K09815	group	LPRD	-0.139816968857156	0.0694859556517781	151	151	0.0460050682258002	0.12693036257796
K01426	group	LPRD	-0.498366002416895	0.247745579237247	151	151	0.0460645596554123	0.126980952884168
K05834	group	LPRD	-1.01823000130036	0.506174325081873	151	147	0.0460629365316962	0.126980952884168
K15866	group	LPRD	-0.678782872917016	0.337635469980902	151	151	0.0461930891449131	0.127285202400095
K02478	group	LPRD	0.359786624961381	0.178999614156601	151	151	0.046237633635684	0.127357882823632
K17237	group	LPRD	-0.767541749934825	0.381925387785555	151	60	0.0462720623972228	0.127402654125896
K08351	group	LPRD	-1.1388337305806	0.566741322375141	151	132	0.0462958890115611	0.12741821043229
K03492	group	LPRD	0.395808876323644	0.197036123204688	151	151	0.046363272378434	0.127553586881014
K05299	group	LPRD	-0.366747943014156	0.182589677681849	151	151	0.0463872150973368	0.127569391068
K11738	group	LPRD	0.527683348513198	0.262774122788992	151	151	0.0464372356921304	0.1276568714517
K03472	group	LPRD	-1.08237483596777	0.539064426800343	151	141	0.0464639725493285	0.127680300890158
K02122	group	LPRD	0.356641482870664	0.177841535534397	151	151	0.0467321489562908	0.128366913865047
K02706	group	LPRD	0.809430572547275	0.403684247240606	151	95	0.0467625253613187	0.128400040259633
K02698	group	LPRD	0.809328474309061	0.403723809146776	151	95	0.0468111405040715	0.128483200835373
K06408	group	LPRD	0.482446265539789	0.240783418071215	151	151	0.0469201724177698	0.128681693524478
K14080	group	LPRD	1.24267753977739	0.620177709308865	151	104	0.0469102053868002	0.128681693524478
K12255	group	LPRD	-1.40789731606282	0.702953668188683	151	112	0.0470093304957131	0.128875794593253
K01818	group	LPRD	-0.264656321804468	0.132217720806892	151	151	0.047135506957656	0.129171189903506
K07544	group	LPRD	0.620475757666095	0.310011297471467	151	59	0.0471582451862282	0.129183000685995
K03332	group	LPRD	-0.283514784736622	0.141760223808769	151	151	0.0473220416743299	0.129581059428536
K03406	group	LPRD	-0.255665554193312	0.12789566185233	151	151	0.0474251916502163	0.129812804946512
K01582	group	LPRD	0.36239271019082	0.18132061209241	151	151	0.0474675816687684	0.129878121583945
K10544	group	LPRD	-1.05831685507548	0.529602070191078	151	144	0.0475009735143416	0.129918776564781
K08906	group	LPRD	0.80574134355681	0.403586020761052	151	95	0.0477062269708843	0.130429271086544
K02703	group	LPRD	0.809899787124022	0.405814206905327	151	95	0.0477848880132285	0.130593397650188
K06145	group	LPRD	-0.844330038600048	0.423131095389024	151	151	0.0478186749981279	0.130634805821074
K11102	group	LPRD	0.390716351079773	0.195897917192112	151	151	0.0479228193240406	0.130868314554548
K17216	group	LPRD	-1.3588090038428	0.681716251083775	151	103	0.048063403882135	0.131201114179815
K07300	group	LPRD	0.666706367346676	0.334726584084181	151	151	0.0482212347320144	0.131580714469218
K09835	group	LPRD	-0.864520135106508	0.434176190344133	151	56	0.0482901339620699	0.131717447110549
K07351	group	LPRD	-1.13048363806484	0.568079650655193	151	113	0.0484196887767478	0.132019454813303
K18135	group	LPRD	-1.15049462273802	0.578332433302474	151	101	0.0484952621665405	0.132174101006007
K01151	group	LPRD	-0.160956005898328	0.0809405552667411	151	151	0.0485801322310954	0.132353955281764
K06886	group	LPRD	-0.659290647870761	0.331864513557509	151	151	0.0487977492061689	0.132895191117033
K10974	group	LPRD	0.426568036774763	0.214740087509769	151	151	0.048818736340431	0.132900715241329
K01715	group	LPRD	0.262473338567672	0.132163659908952	151	151	0.0488711045316834	0.132991631508968
K06422	group	LPRD	-1.57161703781842	0.792049514808872	151	93	0.049065777592248	0.133469577385199
K18373	group	LPRD	-0.316327717721863	0.159464844181162	151	18	0.049128640960959	0.133588740549388
K00646	group	LPRD	0.791510763879052	0.399473760694034	151	40	0.0493885186081827	0.134191285055566
K02638	group	LPRD	0.848457025166628	0.428178639960224	151	101	0.0493697704062199	0.134191285055566
K10027	group	LPRD	0.381767581737261	0.192756654262273	151	151	0.0494810216518776	0.134346875648123
K15746	group	LPRD	0.671550684396315	0.339074479532167	151	151	0.0494841131131889	0.134346875648123
K05916	group	LPRD	0.485101181695103	0.245072924460262	151	151	0.0496118528451215	0.134641536370229
K08365	group	LPRD	-0.871330194885799	0.440241943846049	151	141	0.0496355147205032	0.134653621590839
K05823	group	LPRD	-0.461372271589879	0.233300452066147	151	151	0.0498199813224702	0.135101767532115
K03224	group	LPRD	-0.898709489874886	0.454508462891329	151	138	0.0498504122024018	0.135132014516178
K10621	group	LPRD	0.478666511089545	0.242387953105876	151	27	0.0501395942685195	0.135863376815741
K07782	group	LPRD	-1.14505118198559	0.580222400138393	151	137	0.0502918604509475	0.136170699791866
K19646	group	LPRD	-0.455624763018796	0.230859434045105	151	28	0.0502765557877308	0.136170699791866
K01646	group	LPRD	-0.249038857374532	0.126225021564416	151	151	0.0503487182139542	0.136272013389891
K05561	group	LPRD	-1.08089576803293	0.548082704397026	151	144	0.050444983206747	0.136479865796718
K18325	group	LPRD	-1.31180523116459	0.665513276595612	151	96	0.0505629358276665	0.136746211478373
K03628	group	LPRD	0.0526363816635588	0.0267686970275015	151	151	0.0511174755202472	0.138192635324695
K08320	group	LPRD	-1.14164328334173	0.580795947584788	151	111	0.0511977422813147	0.138302956991143
K12291	group	LPRD	-0.611314797491806	0.310982322908656	151	60	0.0511859272411238	0.138302956991143
K01926	group	LPRD	0.223772192712484	0.113869357477363	151	151	0.051254630666795	0.138316191316071
K11619	group	LPRD	-1.36443354549165	0.694320883982184	151	93	0.0512583791347753	0.138316191316071
K11939	group	LPRD	0.378980354952002	0.19285507530573	151	151	0.0512618352409631	0.138316191316071
K05913	group	LPRD	0.362069758043719	0.184286727910087	151	19	0.0513080937938197	0.138387740475058
K15635	group	LPRD	0.296706419658494	0.151033999744152	151	151	0.0513324276320733	0.138400122192628
K02119	group	LPRD	0.349173562857292	0.17784739360883	151	151	0.0514693167470184	0.138715844058669
K03736	group	LPRD	0.362194501153439	0.184551631369252	151	151	0.0515594487874521	0.138905355880107
K00286	group	LPRD	-0.188100025541327	0.0959120272555962	151	151	0.0517232027961515	0.139132636838458
K09012	group	LPRD	0.807743499816542	0.411794425265802	151	101	0.0516821384215309	0.139132636838458
K12661	group	LPRD	-1.20729124432789	0.61558164639079	151	113	0.0517175627814414	0.139132636838458
K17466	group	LPRD	0.851715367573971	0.434282548378287	151	83	0.0517198404140971	0.139132636838458
K13820	group	LPRD	0.9534654724971	0.486233360150897	151	145	0.0517527622592511	0.13915875083903
K07470	group	LPRD	-1.13021117611729	0.57658679010466	151	111	0.0518407648914535	0.139171044362824
K07643	group	LPRD	-1.13146337644566	0.577375247361714	151	111	0.0519007445399743	0.139171044362824
K07781	group	LPRD	-1.13188296201264	0.577351010861554	151	111	0.0518052550127872	0.139171044362824
K09996	group	LPRD	-1.23753739306565	0.631652463917536	151	112	0.0519552385721859	0.139171044362824
K11929	group	LPRD	-1.13110958645616	0.577342944541142	151	111	0.0519602072331802	0.139171044362824
K12147	group	LPRD	-1.13146337644566	0.577375247361714	151	111	0.0519007445399743	0.139171044362824
K13936	group	LPRD	-1.28887854578782	0.657488637259904	151	99	0.0518254085701209	0.139171044362824
K15827	group	LPRD	-1.1293732818311	0.576495296740446	151	111	0.051975719563748	0.139171044362824
K15828	group	LPRD	-1.1293732818311	0.576495296740446	151	111	0.051975719563748	0.139171044362824
K15829	group	LPRD	-1.1293732818311	0.576495296740446	151	111	0.051975719563748	0.139171044362824
K18324	group	LPRD	-1.13146337644566	0.577375247361714	151	111	0.0519007445399743	0.139171044362824
K17224	group	LPRD	-1.18047417829022	0.602692894466246	151	122	0.0520191145579194	0.139234056147772
K03169	group	LPRD	-0.183012523165809	0.0935151529815678	151	151	0.0522123478961235	0.13969792318772
K13632	group	LPRD	-1.12897815949461	0.57698392280214	151	111	0.0522535483189753	0.139754816373909
K18430	group	LPRD	-0.408180046809807	0.208651767658838	151	151	0.05230287383099	0.139833388846392
K03335	group	LPRD	0.403497382143348	0.206287117404539	151	151	0.0523355975812057	0.139867532994378
K00672	group	LPRD	0.941785094498663	0.481839859745075	151	91	0.0525069665160069	0.140272040883082
K14057	group	LPRD	-1.0559090059151	0.540449313206769	151	89	0.0526023483680129	0.140473318879912
K16874	group	LPRD	0.719283592469248	0.368212381363295	151	113	0.0526398499199921	0.140519934477968
K03735	group	LPRD	0.359231984041935	0.18396358899075901	151	151	0.0527251960677429	0.140667634048132
K09702	group	LPRD	0.520997494303842	0.266815653992145	151	151	0.0527353127358761	0.140667634048132
K04029	group	LPRD	-0.264476066969877	0.135617050734436	151	151	0.0530331111562949	0.141300687649421
K09145	group	LPRD	-1.10648849896134	0.567356472630323	151	113	0.0530229519101649	0.141300687649421
K16696	group	LPRD	-0.366494053042863	0.187924522525181	151	16	0.0530269564220765	0.141300687649421
K13631	group	LPRD	-1.22626996277232	0.628967506249711	151	111	0.053094823538567	0.141411365123615
K18981	group	LPRD	-1.16408684319622	0.597176294396829	151	135	0.0531354086492891	0.141465710076535
K07250	group	LPRD	0.547466583471486	0.281027180062501	151	151	0.0532834700471884	0.141806045949427
K03179	group	LPRD	-0.255778289278681	0.131374868698112	151	151	0.0534233070699444	0.142016451482863
K16700	group	LPRD	-0.364062953728759	0.186981292557456	151	16	0.0534086856628493	0.142016451482863
K16709	group	LPRD	-0.364062953728759	0.186981292557456	151	16	0.0534086856628493	0.142016451482863
K11741	group	LPRD	-0.508732845288637	0.261358263224395	151	151	0.0534764156327416	0.142103742829992
K00507	group	LPRD	-0.8982951174615	0.46206829140595	151	151	0.0537704808503303	0.142776920742733
K00848	group	LPRD	0.265548671485852	0.136587648950218	151	151	0.0537596773655685	0.142776920742733
K03330	group	LPRD	0.808879729082742	0.416121508425934	151	120	0.0537972266367431	0.142793850330772
K17227	group	LPRD	-1.10461624021005	0.568421123153717	151	140	0.053864051161128	0.142863033915818
K17463	group	LPRD	-0.409683914915283	0.210813993620114	151	22	0.0538595453255107	0.142863033915818
K02482	group	LPRD	-0.429903072364354	0.221370003981444	151	151	0.0540220519950733	0.143227906386333
K02509	group	LPRD	-1.00520592951284	0.517707150449537	151	142	0.0540662637805207	0.143290929716994
K18900	group	LPRD	-1.13200331415149	0.583082725200107	151	126	0.0540954352326056	0.1433140593275
K15054	group	LPRD	-1.082205922949	0.557827326384664	151	109	0.0542636939095428	0.143705513526972
K15515	group	LPRD	0.725594405337097	0.374252977402753	151	136	0.054418034665424	0.144059827418664
K12943	group	LPRD	-1.11777006640693	0.57714405418719	151	111	0.0546710860985968	0.144675090053289
K05519	group	LPRD	-1.40603845824412	0.726591629712853	151	80	0.0548702456700195	0.145092577196091
K09482	group	LPRD	0.805889855295954	0.416450163516609	151	120	0.0548670227479209	0.145092577196091
K00090	group	LPRD	-1.04175785103449	0.538510526262597	151	141	0.0549443184797224	0.145178919164287
K01198	group	LPRD	0.550808395642587	0.284713686790809	151	151	0.0549334866388119	0.145178919164287
K09803	group	LPRD	-0.389931803768207	0.201606134356196	151	151	0.0549927325320964	0.145207371841904
K12288	group	LPRD	-1.08701708769315	0.562028453330186	151	116	0.054996515298182	0.145207371841904
K09682	group	LPRD	-1.3529974476666	0.700018279175041	151	91	0.0551571180547442	0.145576580408041
K04487	group	LPRD	0.125533752026617	0.0649768805032138	151	151	0.0552600780330068	0.145793431317794
K00135	group	LPRD	-0.501336180728028	0.25956108742218	151	151	0.0553222554170236	0.145902562254829
K14348	group	LPRD	-1.05650717177059	0.547131850738675	151	120	0.0553827126821008	0.146007076307456
K00202	group	LPRD	0.92957288709036	0.481991433590832	151	91	0.0556807442186815	0.146737600365773
K00266	group	LPRD	-0.202218937048189	0.104873315949509	151	151	0.055729351809279	0.146810505893666
K07305	group	LPRD	-0.438332311325062	0.22746526067386	151	151	0.0558789562381987	0.147149317516819
K00219	group	LPRD	-0.770962909332119	0.400120375579186	151	151	0.0559043902560714	0.147151390751183
K03457	group	LPRD	0.581199765778454	0.301660486917825	151	151	0.0559243756772199	0.147151390751183
K09475	group	LPRD	-1.11360623358852	0.578039496488498	151	111	0.0559427184524824	0.147151390751183
K03665	group	LPRD	0.0424032545238258	0.0220254131561612	151	151	0.0561097802269326	0.14748014975283
K18364	group	LPRD	-1.08835758449348	0.565287631591621	151	126	0.0560946837274608	0.14748014975283
K14062	group	LPRD	-1.10971206894395	0.576759644562742	151	111	0.0562551150480252	0.147773600379968
K17213	group	LPRD	-0.458467399251147	0.238291273915313	151	151	0.0562635862217027	0.147773600379968
K02042	group	LPRD	0.308845138000994	0.160695091946848	151	151	0.0565228327059724	0.148131746612355
K02255	group	LPRD	-1.10793383056843	0.576627605338344	151	111	0.0565901308741635	0.148131746612355
K03712	group	LPRD	-1.10793383056843	0.576627605338344	151	111	0.0565901308741635	0.148131746612355
K13630	group	LPRD	-1.10793383056843	0.576627605338344	151	111	0.0565901308741635	0.148131746612355
K14064	group	LPRD	-1.10877172485462	0.576719641403404	151	111	0.0564446489409659	0.148131746612355
K15722	group	LPRD	-1.10793383056843	0.576627605338344	151	111	0.0565901308741635	0.148131746612355
K18140	group	LPRD	-1.10793383056843	0.576627605338344	151	111	0.0565901308741635	0.148131746612355
K18142	group	LPRD	-1.10793383056843	0.576627605338344	151	111	0.0565901308741635	0.148131746612355
K19234	group	LPRD	-1.10793383056843	0.576627605338344	151	111	0.0565901308741635	0.148131746612355
K02313	group	LPRD	-0.0394186620141437	0.020521965596014	151	151	0.0566663143357143	0.148275798243135
K13992	group	LPRD	0.758869620396919	0.395454795400365	151	48	0.0568987316571464	0.148772886578365
K14749	group	LPRD	0.550293764337426	0.286743350223961	151	22	0.0568812969689908	0.148772886578365
K09470	group	LPRD	-1.13653654285752	0.592435725631633	151	104	0.0569710395517815	0.148850908407748
K13891	group	LPRD	0.775720220024882	0.404327948447276	151	147	0.0569545677136101	0.148850908407748
K02389	group	LPRD	-0.261677308473452	0.136415122076422	151	151	0.0569928382471553	0.148852383052369
K01183	group	LPRD	0.555522820675065	0.289723357853268	151	151	0.0570974276476454	0.149070006633145
K07768	group	LPRD	0.456426729642837	0.238200768440314	151	151	0.0572617498079527	0.149443360444433
K00528	group	LPRD	-0.266721934172401	0.139240724482521	151	151	0.0573384725713777	0.149587902019113
K01735	group	LPRD	-0.0397623049685136	0.0207624614806288	151	151	0.0573950092931293	0.14967969313424
K06375	group	LPRD	-1.32482419795357	0.691947859310052	151	95	0.0574561667221058	0.149783461778342
K18199	group	LPRD	-0.702682838161472	0.367118297319556	151	146	0.0575308393900864	0.149922373280485
K03743	group	LPRD	-0.108007873831684	0.0564565856456727	151	151	0.0576515773732791	0.150181180745703
K18214	group	LPRD	0.838049787642016	0.438299456521104	151	86	0.0577892117425532	0.150483794322176
K00046	group	LPRD	0.247711387617552	0.12963182531146	151	151	0.0579399504202555	0.150820294261415
K01640	group	LPRD	-0.543590294890434	0.284513705731079	151	151	0.057977498662477	0.150862013965837
K17226	group	LPRD	-0.910975694241991	0.476870001316042	151	149	0.0580127112992309	0.150897627535291
K09758	group	LPRD	0.553701645136851	0.290029251520199	151	151	0.0581685022333566	0.151246736148305
K18905	group	LPRD	-0.682524140261566	0.357540933333084	151	43	0.0581923779554989	0.151252713929569
K12524	group	LPRD	-0.154962172594034	0.0811975918194277	151	151	0.0582551179042981	0.151359665125697
K01571	group	LPRD	-0.15470762410072	0.0810770870275488	151	151	0.0582945833235501	0.151406087105627
K07056	group	LPRD	-0.0510487129614387	0.0267773043693205	151	151	0.0585212910846881	0.151826147484702
K08255	group	LPRD	-0.610675219177394	0.320302857163215	151	30	0.058503197284736	0.151826147484702
K11442	group	LPRD	-0.610675219177394	0.320302857163215	151	30	0.058503197284736	0.151826147484702
K11631	group	LPRD	-1.2441114631104	0.652750684127485	151	100	0.0585821133647827	0.151927715385545
K07349	group	LPRD	-1.07955754801929	0.566961209136865	151	115	0.0588232286168122	0.152496609690774
K01430	group	LPRD	0.503129844142394	0.264261454491971	151	151	0.0588498158569919	0.15250913462385
K02457	group	LPRD	-0.918827136943112	0.482655763720142	151	148	0.0588785680814941	0.152527258777263
K15550	group	LPRD	-1.2007084519541	0.631328282198323	151	108	0.0591172377991182	0.153088968220103
K11147	group	LPRD	0.74325841483512	0.390916634992799	151	36	0.0591903622995076	0.153221728109139
K11210	group	LPRD	0.799227708660634	0.420396388983281	151	143	0.0592158555608119	0.153231136021148
K01664	group	LPRD	0.208317969320706	0.109635627404741	151	151	0.0593526135986708	0.153528347353019
K11916	group	LPRD	-1.07462769230458	0.565655913906682	151	88	0.0593927362761016	0.153575463406666
K01048	group	LPRD	0.395511151710798	0.208382787081696	151	151	0.0596296470941253	0.154131204325154
K00864	group	LPRD	0.128810918418493	0.0678757022383663	151	151	0.0596636244420925	0.1541621847914
K03805	group	LPRD	-1.20085529646496	0.632927312893052	151	122	0.0597225540740198	0.15424505957403
K04035	group	LPRD	0.787755319115967	0.41522551681111	151	109	0.0597397056695425	0.15424505957403
K00392	group	LPRD	0.32469666533976	0.171177131273122	151	151	0.0597834105666462	0.154301070718774
K01215	group	LPRD	-0.605962920578789	0.319817720931563	151	151	0.0600677235381545	0.154977821863255
K19062	group	LPRD	1.17566969662628	0.620770636336809	151	127	0.0601781423881843	0.155205584305067
K18230	group	LPRD	0.522401754678297	0.275935151950034	151	149	0.0602695239491399	0.15538409815501
K12997	group	LPRD	-0.31721670363061	0.167617365432199	151	151	0.0603633258034123	0.155454413623042
K19286	group	LPRD	-0.279936815301004	0.147917330631139	151	151	0.0603610351106704	0.155454413623042
K19776	group	LPRD	-1.12795857987714	0.595947815414622	151	113	0.060335342911027	0.155454413623042
K10670	group	LPRD	0.354216981973601	0.187302671995879	151	151	0.0605456364138435	0.155866658560794
K00130	group	LPRD	-0.711106821878965	0.376217242374435	151	151	0.0606799659797103	0.155983337556938
K01239	group	LPRD	0.29901874209186	0.158188417310297	151	151	0.0606637964003907	0.155983337556938
K03969	group	LPRD	0.286518060100152	0.151552621729383	151	151	0.0606258045176803	0.155983337556938
K17209	group	LPRD	0.761825935333934	0.402995616333308	151	30	0.0606452132474851	0.155983337556938
K03424	group	LPRD	-0.0482510097083038	0.0255510158605998	151	151	0.0609135419444733	0.156492477992345
K08223	group	LPRD	-0.282415389457843	0.149556629723105	151	151	0.0609226779516561	0.156492477992345
K05549	group	LPRD	-1.15371131387047	0.611095350847793	151	132	0.0609782433863475	0.156555944418961
K10977	group	LPRD	0.533573518830082	0.28263736531216	151	33	0.060992051955518	0.156555944418961
K05562	group	LPRD	-1.01933553485084	0.540251129226398	151	145	0.0611351909680001	0.156865918259766
K02305	group	LPRD	-1.15695456977388	0.613349454838435	151	120	0.0612018577926745	0.156922100631547
K14127	group	LPRD	0.654020232852254	0.346697321347131	151	76	0.0611827795380315	0.156922100631547
K07657	group	LPRD	-0.723078854498918	0.38355731137321	151	151	0.0613510249040078	0.157247051033673
K03684	group	LPRD	-0.440598408122211	0.234069219819899	151	151	0.0617393827765	0.158184602800901
K01466	group	LPRD	0.708933226949739	0.376684272863087	151	151	0.0617813182604373	0.158203548776874
K19300	group	LPRD	-1.00299208967307	0.532951319148028	151	104	0.0617919139159887	0.158203548776874
K06317	group	LPRD	-0.354553450139049	0.188553401397753	151	151	0.0620070697269593	0.158696443514416
K03148	group	LPRD	-0.26859486699689	0.142868356183808	151	151	0.0620579738063783	0.15876875780391
K09388	group	LPRD	-1.3504093347292	0.718463850382902	151	103	0.0621180989575882	0.158864601857969
K05559	group	LPRD	-1.01282225647229	0.539530869930288	151	145	0.0624417970187158	0.159634207549671
K02476	group	LPRD	0.632614874520612	0.337301800105873	151	151	0.0626783637456705	0.16016431014053
K05560	group	LPRD	-1.01156524169724	0.539387314289959	151	145	0.0626948455100733	0.16016431014053
K12949	group	LPRD	-0.481576816714281	0.256999152810682	151	55	0.0629098679686849	0.160655072663199
K14626	group	LPRD	0.489066257527656	0.261106870439764	151	19	0.0630204419991891	0.160878841374478
K07816	group	LPRD	0.263591725820688	0.140786190277313	151	151	0.0631270521261723	0.16109233178175
K04782	group	LPRD	0.413550015862595	0.220909006984362	151	151	0.0631613336435562	0.161121160422609
K13889	group	LPRD	0.728926344880274	0.389468302690254	151	147	0.0632232559911883	0.161220452709433
K07089	group	LPRD	-0.209379559341657	0.111923602015769	151	151	0.0633428456766684	0.161466672070344
K04036	group	LPRD	0.456180514070067	0.243926633991701	151	34	0.0634241383115444	0.161615125250428
K07145	group	LPRD	-1.0501263322564	0.562093635681011	151	102	0.063692124686746	0.162180092282633
K11735	group	LPRD	-0.855868149774397	0.458078923686911	151	145	0.0636718052592733	0.162180092282633
K07518	group	LPRD	-1.28798758209734	0.690172977889338	151	119	0.0639816711330276	0.162858211562281
K15975	group	LPRD	-0.793987286573487	0.425678137607875	151	149	0.0641157954594637	0.163140372475804
K07232	group	LPRD	-0.933868698977636	0.500912745496741	151	146	0.0642421663089952	0.163402607338917
K00662	group	LPRD	-0.378654386237782	0.203426452533808	151	151	0.0646603739975715	0.164381432850829
K17236	group	LPRD	0.711234869671074	0.382119918813655	151	145	0.0646738932671306	0.164381432850829
K02008	group	LPRD	0.213236842873727	0.114643912498247	151	151	0.0648580216298768	0.164732324393882
K15226	group	LPRD	0.817681456197007	0.43961694121154	151	99	0.0648589465516567	0.164732324393882
K02839	group	LPRD	-0.429082780636125	0.230721288319438	151	151	0.0648932995654735	0.164759880461416
K13276	group	LPRD	-1.27887441920177	0.687977313486292	151	81	0.0650151765784791	0.165009553879485
K07406	group	LPRD	0.578002652729192	0.310989401679718	151	151	0.065057662443771	0.165057623500121
K00180	group	LPRD	0.306860269022243	0.165165792497801	151	151	0.0651577318709233	0.165251700584361
K16707	group	LPRD	-0.444644334963786	0.239477766930074	151	18	0.0653248258789002	0.165615562173993
K03478	group	LPRD	0.4877392309084	0.262785823401165	151	151	0.0654239839915288	0.165806987628567
K17223	group	LPRD	-1.1348139682588	0.611638610705542	151	123	0.0655196529305167	0.16598943514381
K00073	group	LPRD	0.9404173875465	0.507373363229441	151	131	0.0657879976257531	0.166609054680827
K01575	group	LPRD	-0.440597213562147	0.237929008939152	151	151	0.0660334622986629	0.167170303616333
K00208	group	LPRD	0.0988544811566267	0.05345055358648	151	151	0.0663731319064743	0.167969550420356
K06015	group	LPRD	0.335817547909094	0.181708977582176	151	151	0.066569392213155	0.168405427432052
K06158	group	LPRD	0.0386419678971758	0.0209269473649997	151	151	0.0668010479731259	0.168930500105199
K07811	group	LPRD	-0.720008069520799	0.390645802568616	151	107	0.0672980865743625	0.170060535533666
K17222	group	LPRD	-1.15033395341818	0.624138963892618	151	123	0.0673052912851136	0.170060535533666
K18308	group	LPRD	-0.416895618424923	0.22620873856859	151	32	0.0673206827540548	0.170060535533666
K19075	group	LPRD	0.382186147242324	0.207536694046903	151	151	0.0675315332220028	0.170531717538271
K06990	group	LPRD	-1.02168431843299	0.555031745325197	151	145	0.0676447231993507	0.170756035155725
K00179	group	LPRD	0.295592129941888	0.160662492508076	151	151	0.0677826781840666	0.17099571057746701
K09937	group	LPRD	-0.870051376624838	0.472907022784225	151	149	0.0677884564471869	0.17099571057746701
K03294	group	LPRD	-0.231786013339713	0.126082922642836	151	151	0.068000327452497	0.171464916369651
K13002	group	LPRD	-0.843313645092116	0.458769921104132	151	125	0.0680233855098428	0.171464916369651
K01163	group	LPRD	-0.205949783904715	0.11206657138798	151	151	0.0680917302585362	0.171513844452871
K06380	group	LPRD	-1.15591189812228	0.62895255854688	151	77	0.0680781815680556	0.171513844452871
K01609	group	LPRD	0.117540952644905	0.063979984559658	151	151	0.0681797357631388	0.17167383178865
K10011	group	LPRD	-0.848348145722841	0.461853011656169	151	139	0.0682266849333312	0.171730363153555
K02108	group	LPRD	-0.0344542669674757	0.0187703788425737	151	151	0.0684155485052292	0.172143932168577
K02005	group	LPRD	-0.163802497664087	0.089264598344889	151	151	0.0684965745070009	0.172285966018685
K11691	group	LPRD	-1.00243199746528	0.546411870737483	151	121	0.0685636405047353	0.172392797682279
K07700	group	LPRD	-1.15270713890565	0.628391394507264	151	111	0.0685926540331936	0.172403909922082
K04756	group	LPRD	0.459496791655543	0.250532976686682	151	151	0.068637516196488	0.172454834601212
K00949	group	LPRD	0.221706156019709	0.120900411062554	151	151	0.0686801508016894	0.172500127954082
K07152	group	LPRD	-0.369222000656362	0.201406264924963	151	151	0.0687655661267001	0.172652800339602
K01643	group	LPRD	-0.231946417121154	0.126679234124086	151	151	0.0691020445138405	0.173373418769514
K02409	group	LPRD	-0.231713929782568	0.126548608377269	151	151	0.0690941141007211	0.173373418769514
K01208	group	LPRD	0.748663272397969	0.409103452885795	151	37	0.0692469862037093	0.173550723377906
K03415	group	LPRD	-0.250857927740741	0.137070443722905	151	151	0.0692275780417261	0.173550723377906
K07791	group	LPRD	-0.220453622885983	0.120448760440845	151	151	0.0692080050478177	0.173550723377906
K01011	group	LPRD	-0.357847439797255	0.195746501215761	151	151	0.0695321649507461	0.174189594510988
K06330	group	LPRD	-0.582012042312318	0.318389435160066	151	144	0.0695515941563845	0.174189594510988
K08152	group	LPRD	-1.1759318444721	0.643390469871901	151	102	0.0695934022333212	0.174232053448422
K12290	group	LPRD	-0.883234009930011	0.483521831059108	151	103	0.069751012731141	0.174564298195394
K02030	group	LPRD	-0.12465649619399	0.0682998619224093	151	151	0.0699832613576419	0.175083034303023
K07146	group	LPRD	-0.422105297575144	0.231305659463838	151	151	0.0700218714791287	0.175117131312412
K01730	group	LPRD	-0.675171739454365	0.370144109208241	151	145	0.0701438348468095	0.175359587117024
K10939	group	LPRD	-0.508530620872389	0.278934174691807	151	54	0.07028950578533	0.175661117844978
K02114	group	LPRD	-0.03399734058158	0.0186575974700093	151	151	0.0704341497748795	0.175959868111869
K17240	group	LPRD	-0.680817193674084	0.373957483485799	151	62	0.0706781777502098	0.17650659993907
K09137	group	LPRD	-0.360637630624162	0.198263065860044	151	151	0.0709214846979153	0.177051142354839
K14441	group	LPRD	-0.116952288936271	0.0643041049470308	151	151	0.0709595231994883	0.177083039383557
K12278	group	LPRD	-0.554865771194131	0.305128460031934	151	147	0.0710011838611648	0.177123949774649
K05709	group	LPRD	0.501569561480053	0.275898810932404	151	22	0.0710808492016668	0.177259606155704
K01684	group	LPRD	-0.700368194522315	0.385475945361823	151	151	0.0712432090456948	0.177601314157297
K06113	group	LPRD	0.318574334240118	0.175389093758348	151	151	0.0713211347039859	0.177679261698112
K06347	group	LPRD	-1.37038694868521	0.754468781545406	151	97	0.0713251701024947	0.177679261698112
K02115	group	LPRD	-0.0342148709095354	0.0188444900727945	151	151	0.0714357177009576	0.177891432001319
K07677	group	LPRD	-1.09039646851913	0.600688858067859	151	127	0.0714974467979164	0.177981925445097
K15582	group	LPRD	-0.191271478525458	0.105486757599582	151	151	0.0718093383093807	0.178671083757622
K15862	group	LPRD	0.464341895548681	0.2561235957492	151	151	0.0718507539390494	0.178671083757622
K16039	group	LPRD	0.503020247513741	0.277456183360725	151	27	0.0718489550526737	0.178671083757622
K07315	group	LPRD	0.24966176210194	0.137777165910204	151	151	0.0719890269914979	0.178951446528511
K07154	group	LPRD	0.228738059465476	0.126255896748478	151	151	0.0720460804348622	0.179001590651275
K18838	group	LPRD	-0.746385097407706	0.412000822332249	151	72	0.0720602694462051	0.179001590651275
K05832	group	LPRD	-0.176269116102338	0.0973247928763829	151	151	0.0721329991246069	0.179099877501319
K06214	group	LPRD	-0.757532817228382	0.418288916868514	151	138	0.072150934959162	0.179099877501319
K09956	group	LPRD	-0.411901018305182	0.227598140168019	151	151	0.0723463496238065	0.179521384376242
K03403	group	LPRD	0.755093874397867	0.41734589736961	151	109	0.0724239388302785	0.179650322434626
K03744	group	LPRD	-0.0642604578730227	0.0355445330093445	151	151	0.0726411755902573	0.180061754203573
K13636	group	LPRD	-1.12907922746027	0.624482080447989	151	114	0.0726193999493994	0.180061754203573
K14053	group	LPRD	-0.493280790264127	0.272900828401347	151	59	0.0726943729776059	0.180066273700713
K17398	group	LPRD	-1.1012626792654	0.609218898396792	151	76	0.072675994600492	0.180066273700713
K00390	group	LPRD	-0.433141864509157	0.239839311492957	151	151	0.0729419449932043	0.18061569565608
K07485	group	LPRD	0.334335160862597	0.185228212189401	151	151	0.0730953866978277	0.180931730491445
K06965	group	LPRD	0.741405530536483	0.410880949977835	151	90	0.0731837305569419	0.181086463538356
K00841	group	LPRD	0.269016146829443	0.149194069952877	151	151	0.0733886546557898	0.18152945276538
K02226	group	LPRD	0.219322688351923	0.12170622690498	151	151	0.0735565031415473	0.181866002719056
K09988	group	LPRD	-0.36102341069613	0.200352718212788	151	151	0.0735766025265683	0.181866002719056
K00030	group	LPRD	0.295366768573291	0.164023807981904	151	151	0.0737639849110538	0.182155544694097
K02110	group	LPRD	-0.0338023629690154	0.0187717194637325	151	151	0.0737716963461543	0.182155544694097
K11745	group	LPRD	-0.827267739862784	0.459404529051494	151	148	0.0737665638589129	0.182155544694097
K15864	group	LPRD	-1.07814680574497	0.598937734087726	151	107	0.0738681828412175	0.182329563984836
K06345	group	LPRD	-1.32077797944206	0.733813811008806	151	72	0.0739025711485435	0.182350237152865
K07709	group	LPRD	0.636007966584934	0.353398631894816	151	146	0.0739329943081858	0.182361115447003
K13918	group	LPRD	-1.04420866933029	0.58056322071975	151	110	0.0741041116869584	0.182718896561934
K13684	group	LPRD	-0.866903848646056	0.482669444531459	151	100	0.0745109834900848	0.183528458982956
K16711	group	LPRD	-0.866903848646056	0.482669444531459	151	100	0.0745109834900848	0.183528458982956
K18104	group	LPRD	-0.561545411117605	0.3126009160167	151	151	0.0744624134765159	0.183528458982956
K07708	group	LPRD	-0.703908569430964	0.391963938074554	151	151	0.0745446799252537	0.183546963918521
K04766	group	LPRD	-1.0948675037156	0.609857056166028	151	104	0.0746350215094598	0.183704880892315
K05811	group	LPRD	-0.956260703433104	0.533146056135586	151	127	0.0749021244032727	0.184297610413107
K03707	group	LPRD	-0.395332943121202	0.220477160608968	151	151	0.0749887859250349	0.184381406290598
K11930	group	LPRD	-0.687920402630179	0.383631418786949	151	103	0.0749724558803901	0.184381406290598
K00571	group	LPRD	0.17437203201714	0.0973016663380248	151	151	0.0751499456712787	0.184712874879265
K07504	group	LPRD	-0.307556933380257	0.171637194028171	151	151	0.0751781264544994	0.184717373447613
K06402	group	LPRD	0.461210451365515	0.257582286529333	151	151	0.0753981270793356	0.185193017107969
K02112	group	LPRD	-0.0334948979771818	0.018718344259152	151	151	0.0755791456308527	0.185572613265246
K02242	group	LPRD	0.270895784153567	0.151422658201843	151	151	0.07564567736965	0.185670937801557
K05794	group	LPRD	0.264203953646091	0.147724259993406	151	151	0.0757282752749436	0.185763835364532
K06209	group	LPRD	-0.223571309349981	0.125008905053592	151	151	0.0757365251742983	0.185763835364532
K07476	group	LPRD	-1.15733665050455	0.647514046400767	151	111	0.0759131180829674	0.186131849514376
K09805	group	LPRD	-0.392847831390632	0.219894207310231	151	151	0.076046708341747	0.186394204711764
K02006	group	LPRD	0.178648040169154	0.100083550539374	151	151	0.0762976321349676	0.186943866223741
K10810	group	LPRD	-1.20756151128726	0.676700247915031	151	99	0.0763797812365572	0.187079757675844
K03939	group	LPRD	-0.316705815500403	0.177502253806376	151	18	0.0764205040428643	0.187114122717596
K00588	group	LPRD	0.388736007855536	0.217956989995568	151	151	0.0765332970618636	0.187259480769167
K19088	group	LPRD	0.374175536891505	0.209778222627565	151	151	0.0765124878903641	0.187259480769167
K03317	group	LPRD	-0.390833446745458	0.219251965394337	151	151	0.0766915416718298	0.187581195784901
K05523	group	LPRD	-0.676732820921089	0.379686786968385	151	81	0.0767294763422188	0.187608520808843
K13770	group	LPRD	-0.908777818034661	0.510180626799351	151	136	0.0769029211758138	0.187915635443226
K18141	group	LPRD	-1.03258703518743	0.579697593171569	151	111	0.0769086958754089	0.187915635443226
K16951	group	LPRD	0.368826254431804	0.207189616381414	151	151	0.0770913449029051	0.18829628145274
K00024	group	LPRD	-0.0611857738626342	0.0343971808836989	151	151	0.0773112758552735	0.188767692004691
K06981	group	LPRD	0.860048929752431	0.483988789825551	151	79	0.0776082873015298	0.18936097945831
K07107	group	LPRD	-0.0693062104576216	0.0390001588358676	151	151	0.0775961714444119	0.18936097945831
K03195	group	LPRD	-0.371035923333111	0.208909859429809	151	151	0.077764449763576	0.189675989158896
K18581	group	LPRD	-0.309701654380973	0.174410515919644	151	151	0.0778227859043843	0.189752253631212
K07729	group	LPRD	0.194617622626923	0.109639388717312	151	151	0.0779279916192862	0.189942705581084
K04566	group	LPRD	-0.717873870705862	0.404462375986297	151	147	0.0779588570263046	0.189951890077996
K05838	group	LPRD	-0.433585451754028	0.244359444477946	151	151	0.0780432356094624	0.190091411265577
K00385	group	LPRD	0.368092217433766	0.207526472509432	151	151	0.078153454044487	0.19022767807356
K16950	group	LPRD	0.368092217433766	0.207526472509432	151	151	0.078153454044487	0.19022767807356
K05919	group	LPRD	-0.27146481245162	0.153068309198192	151	151	0.078190705125478	0.190252288417078
K11358	group	LPRD	-0.293750132553351	0.165670991945497	151	151	0.0782563487791897	0.190345942034046
K06218	group	LPRD	0.277425625086612	0.156672510775326	151	151	0.0786494022498802	0.191235626004738
K02475	group	LPRD	0.595820872539494	0.336578059484438	151	151	0.078733796785362	0.191374450577458
K17472	group	LPRD	-1.15197865367098	0.650906392044352	151	111	0.0788047095056683	0.191480420670619
K01039	group	LPRD	0.307273304077427	0.173637140628166	151	151	0.0788345059390953	0.191486447204802
K02497	group	LPRD	-1.15039105194539	0.650583543889169	151	111	0.0790664492950406	0.191603487739608
K03487	group	LPRD	-0.335504783684273	0.189724289469927	151	151	0.0790436598907751	0.191603487739608
K06349	group	LPRD	-1.12595782570252	0.636724084039593	151	111	0.0790470311172449	0.191603487739608
K08348	group	LPRD	-1.01951650443345	0.57634388257246	151	111	0.0789502528971698	0.191603487739608
K08349	group	LPRD	-1.01923740734272	0.576321776109219	151	111	0.0790200665250633	0.191603487739608
K15633	group	LPRD	-0.202397457242523	0.114428309711783	151	151	0.0789782455140791	0.191603487739608
K15643	group	LPRD	-0.298857890801664	0.169018167722059	151	28	0.0790740214023803	0.191603487739608
K09020	group	LPRD	-0.893230334350776	0.505557555241857	151	134	0.0793054627633043	0.192097890107382
K01512	group	LPRD	-0.260069631679039	0.147272633979017	151	151	0.0794597031479333	0.192405015221766
K13797	group	LPRD	-0.978594212254589	0.554720356698197	151	49	0.0797607933761057	0.193000746139628
K14415	group	LPRD	0.291472016135619	0.165213877767278	151	151	0.0797458278455493	0.193000746139628
K01444	group	LPRD	0.414810345192217	0.235252767379093	151	151	0.0799075731401227	0.193289195207819
K03838	group	LPRD	-1.01551336021701	0.576037613240253	151	111	0.0799625859396865	0.193355545856227
K03276	group	LPRD	-0.477506587029938	0.270906022153796	151	54	0.0800135296855161	0.193412014860506
K10112	group	LPRD	0.190572969418509	0.108160989948064	151	151	0.0801305270179617	0.193561335077847
K16164	group	LPRD	0.464176740298127	0.263423547763272	151	151	0.0801042846180803	0.193561335077847
K03205	group	LPRD	0.184062533938587	0.104489665730391	151	151	0.0801983984363134	0.193658550822789
K01256	group	LPRD	-0.306500366266869	0.174132985512581	151	151	0.0804341549480926	0.194160959430485
K03489	group	LPRD	-0.911782672324975	0.518100255236649	151	131	0.080484113504651	0.194214676649777
K13009	group	LPRD	-0.841430033744152	0.47864878197054	151	80	0.0808132195040658	0.19494173046232
K17686	group	LPRD	-0.120797418578635	0.068735111475636	151	151	0.080897631973115	0.195078225019448
K00280	group	LPRD	-0.23185367313941	0.131993012756873	151	18	0.0810471361472415	0.195370545285599
K19054	group	LPRD	0.430008653113738	0.244823893567785	151	40	0.081074595754038	0.195370545285599
K12989	group	LPRD	-0.900430097049756	0.512755009579479	151	111	0.0811323127854115	0.195442444201283
K05374	group	LPRD	-0.479559718902051	0.273241785084604	151	54	0.0813018507681441	0.195783570554686
K07012	group	LPRD	-0.176260238030254	0.100461993705123	151	151	0.0814011112553425	0.195955284993115
K17238	group	LPRD	-0.67213896988706	0.383377783363161	151	62	0.0816237333000563	0.196356338515235
K17239	group	LPRD	-0.67213896988706	0.383377783363161	151	62	0.0816237333000563	0.196356338515235
K02317	group	LPRD	-1.00339028763213	0.572449090386366	151	113	0.0816926600686963	0.196396531974016
K05947	group	LPRD	0.673697817440892	0.384359483181719	151	45	0.0816964746414024	0.196396531974016
K16650	group	LPRD	0.438361695757514	0.250168026141293	151	151	0.0817846673481692	0.196541144364301
K01627	group	LPRD	-0.0524206145808084	0.0299322250793488	151	151	0.0819502019698021	0.196871458467551
K18862	group	LPRD	-0.82386922944898	0.470848704949708	151	92	0.0822195570473956	0.197450871840439
K03932	group	LPRD	0.515253288411925	0.294622964208441	151	151	0.0823751153316408	0.197756698107809
K11474	group	LPRD	-1.13862354236276	0.651265146531547	151	108	0.0824672831672768	0.197900264461055
K13654	group	LPRD	-0.841335419454298	0.481272572933196	151	103	0.0824982353510162	0.197900264461055
K17467	group	LPRD	0.80157993036433	0.458563345294117	151	82	0.0825196109871133	0.197900264461055
K10005	group	LPRD	0.402301733684115	0.230176368356708	151	151	0.0825590152028797	0.197927050811281
K03206	group	LPRD	0.266697408170923	0.152607412494105	151	16	0.0825926049196048	0.197939883926984
K16431	group	LPRD	0.467311546872485	0.267451553802132	151	18	0.0826498452453081	0.19800936950431
K16037	group	LPRD	0.51129078437021	0.292746350420254	151	23	0.0827793512572857	0.19825187984748
K17234	group	LPRD	0.847012495901026	0.485270005796418	151	145	0.0829687244004217	0.198637553977785
K00317	group	LPRD	-0.823226390341214	0.471732644867423	151	103	0.0830269747613884	0.198709147517013
K02046	group	LPRD	-0.364799043212998	0.209076210482519	151	151	0.0830791157984425	0.198766075681598
K07702	group	LPRD	-1.10835151126832	0.635403152866405	151	111	0.0831640305035055	0.19890134896949
K02057	group	LPRD	0.203122254979307	0.116505871611849	151	151	0.0833175610822714	0.199200580895881
K00427	group	LPRD	-1.02831872727911	0.590095451752724	151	116	0.0834612247607606	0.199468204049816
K06146	group	LPRD	-0.475812246713638	0.273064922254754	151	54	0.0834864066593666	0.199468204049816
K14128	group	LPRD	0.524155288674386	0.300838570243389	151	70	0.0835168512198687	0.199472956405887
K00335	group	LPRD	-0.248158968077802	0.14253181282277	151	151	0.0837340621214814	0.199869969703844
K09922	group	LPRD	0.383533361426538	0.22028937182995	151	151	0.0837401000028801	0.199869969703844
K01190	group	LPRD	-0.178860708844013	0.102802479529663	151	151	0.083950533379891	0.199992816734484
K01989	group	LPRD	-0.154691677356262	0.0889071390147785	151	151	0.0839371502227712	0.199992816734484
K03885	group	LPRD	-0.116938139894437	0.0672143683680985	151	151	0.0839627474535785	0.199992816734484
K07348	group	LPRD	-0.984877208950796	0.565921783976911	151	115	0.0838698395386788	0.199992816734484
K09994	group	LPRD	0.743898659555518	0.427503147848736	151	140	0.0839059867771079	0.199992816734484
K18919	group	LPRD	-0.474712183425161	0.272796322270175	151	54	0.0838937000028531	0.199992816734484
K18120	group	LPRD	0.285903931232721	0.164391540086123	151	151	0.0840711005412995	0.200182885460092
K05516	group	LPRD	-0.142574167053809	0.0820268422846229	151	151	0.0842519653878391	0.200545425252547
K19318	group	LPRD	0.261576237976764	0.150763927826399	151	16	0.0848075862357075	0.20179944993629
K01401	group	LPRD	0.806476985214738	0.464927864447387	151	35	0.0848746514169733	0.201890500995244
K02250	group	LPRD	-0.963155986469933	0.555313551782157	151	121	0.0849087808499072	0.201903172916503
K01356	group	LPRD	-0.137308691751847	0.0792544246768662	151	151	0.0852528900096315	0.202652681915062
K07277	group	LPRD	-0.0478101954449605	0.0276002242222833	151	151	0.0853003167402171	0.202696684864041
K12263	group	LPRD	-1.22268653614551	0.706013218568852	151	113	0.0853755499756205	0.202806711395832
K01585	group	LPRD	-0.151326204736199	0.0874141490008016	151	151	0.0854966490818579	0.20301088507561
K11911	group	LPRD	-0.919220578634262	0.531030254789611	151	120	0.0855194213449752	0.20301088507561
K13629	group	LPRD	-0.976347100145248	0.564228718464876	151	115	0.0856274475914713	0.203198513072516
K17468	group	LPRD	-0.383974019002424	0.221939696463057	151	24	0.0856861228292752	0.203268941127993
K00621	group	LPRD	0.454392800588795	0.262683280972435	151	29	0.0857345646608663	0.203315053542853
K08652	group	LPRD	-0.469970076032935	0.271761860854486	151	32	0.0858183640433594	0.203444955003026
K02411	group	LPRD	-0.222321210882979	0.128589725808017	151	151	0.085894886392398	0.203557523194966
K02550	group	LPRD	-0.473432407657413	0.273902787831986	151	54	0.0859757572481438	0.20360103894601
K03382	group	LPRD	0.745959063840937	0.43159340383965	151	83	0.0859910166634924	0.20360103894601
K03464	group	LPRD	-0.982248099748918	0.568321508980167	151	137	0.0860003817858967	0.20360103894601
K01790	group	LPRD	0.0978614620837303	0.0566650245584983	151	151	0.0862369669883033	0.203718685383668
K04785	group	LPRD	-0.468484586024838	0.271282493769168	151	54	0.086253503312229	0.203718685383668
K04786	group	LPRD	-0.468484586024838	0.271282493769168	151	54	0.086253503312229	0.203718685383668
K07471	group	LPRD	-0.468484586024838	0.271282493769168	151	54	0.086253503312229	0.203718685383668
K12518	group	LPRD	-0.468484586024838	0.271282493769168	151	54	0.086253503312229	0.203718685383668
K12519	group	LPRD	-0.468484586024838	0.271282493769168	151	54	0.086253503312229	0.203718685383668
K12687	group	LPRD	-0.468484586024838	0.271282493769168	151	54	0.086253503312229	0.203718685383668
K15576	group	LPRD	-0.803431350954995	0.465301348364229	151	146	0.0862958338987825	0.203750015368968
K01872	group	LPRD	0.0455671139643826	0.0263937343384867	151	151	0.0863415503393088	0.203789315784025
K03836	group	LPRD	-0.471846842699753	0.273497530065653	151	54	0.0865589353864539	0.204164918256744
K13243	group	LPRD	-0.471846842699753	0.273497530065653	151	54	0.0865589353864539	0.204164918256744
K06300	group	LPRD	-1.20396611104349	0.698185060204217	151	88	0.0867053936373566	0.204441577328581
K12994	group	LPRD	-0.931032783331571	0.539985736058262	151	121	0.0867492459963159	0.204476198532002
K10557	group	LPRD	-0.570189541410914	0.330853186725973	151	146	0.0868921560947592	0.204744206461937
K02111	group	LPRD	-0.0329889084997078	0.0191491962445885	151	151	0.0870119885005828	0.204931404958865
K09747	group	LPRD	-0.121337088958709	0.0704370716227783	151	151	0.0870300702656975	0.204931404958865
K16817	group	LPRD	0.67520184546346	0.392071414209289	151	22	0.0871192502407455	0.205072513159042
K04100	group	LPRD	-0.872120759908964	0.506477094309879	151	115	0.0871564423127419	0.205091191880605
K00886	group	LPRD	0.330106556167358	0.19174254323581	151	151	0.0872149207005255	0.205107570730416
K03288	group	LPRD	-1.02438626219661	0.595084148126281	151	124	0.087251180587461	0.205107570730416
K03428	group	LPRD	0.701350127957998	0.407393280116098	151	112	0.0872254779147797	0.205107570730416
K02280	group	LPRD	-0.81865782946487	0.475697684237393	151	149	0.087333372679551	0.205163184478436
K09154	group	LPRD	0.818164789852153	0.475404196841106	151	91	0.087328762537383	0.205163184478436
K15786	group	LPRD	-1.00205495680379	0.582609002715525	151	115	0.0875188715857082	0.205530080340306
K13620	group	LPRD	-0.820649360110456	0.47744576002511	151	103	0.087721731599436	0.205868543191177
K15337	group	LPRD	0.87393860119335	0.508410674750392	151	92	0.0876981148031147	0.205868543191177
K18579	group	LPRD	-0.564468609701807	0.328496226867254	151	45	0.0878115412805709	0.206010342830255
K02852	group	LPRD	0.510809038974387	0.29740346321648	151	151	0.0879540091760977	0.206206556630249
K08163	group	LPRD	-0.979353013421642	0.570172901097783	151	113	0.0879394285268426	0.206206556630249
K01918	group	LPRD	-0.0817033165252168	0.0475791809034754	151	151	0.0880190591975673	0.206290071873938
K04336	group	LPRD	-0.819703055772556	0.47751474953098	151	103	0.0881298877706684	0.206480786521519
K06861	group	LPRD	-0.0481902599320397	0.0280774070781188	151	151	0.0881788139010431	0.206526390058908
K17989	group	LPRD	-1.02627366423509	0.598010534373222	151	77	0.0882135603321687	0.206538763503174
K06429	group	LPRD	-1.15746566036504	0.674588369062505	151	88	0.0882752715276681	0.206614241538883
K11616	group	LPRD	0.674625924876197	0.39385642350342	151	46	0.0888160019217934	0.207810471786306
K09612	group	LPRD	-0.982645855342363	0.57394274048466	151	112	0.0889591741308106	0.208076012898559
K04031	group	LPRD	-0.231872447501119	0.135487115696728	151	151	0.089088382218813	0.208308725601694
K00018	group	LPRD	-0.0759428750012588	0.0444300093308946	151	151	0.0894828791390191	0.208367563892176
K00201	group	LPRD	0.812676083340221	0.47560337213751	151	91	0.0895838025268856	0.208367563892176
K01446	group	LPRD	-0.586318979340367	0.343137902686476	151	45	0.0895891351741824	0.208367563892176
K03606	group	LPRD	0.268007249896728	0.156786090711767	151	151	0.0894621423861869	0.208367563892176
K03710	group	LPRD	0.21331317218991	0.124807482524188	151	151	0.0895074172644056	0.208367563892176
K06901	group	LPRD	0.0601953766746781	0.0351944290115179	151	151	0.0892794400853315	0.208367563892176
K07279	group	LPRD	-0.464519182010954	0.271717939436535	151	54	0.0894282968013156	0.208367563892176
K07314	group	LPRD	-0.464519182010954	0.271717939436535	151	54	0.0894282968013156	0.208367563892176
K07670	group	LPRD	0.335694460317886	0.196460691141075	151	151	0.0895867612675934	0.208367563892176
K07786	group	LPRD	-0.464519182010954	0.271717939436535	151	54	0.0894282968013156	0.208367563892176
K07797	group	LPRD	-0.464519182010954	0.271717939436535	151	54	0.0894282968013156	0.208367563892176
K10973	group	LPRD	-0.464519182010954	0.271717939436535	151	54	0.0894282968013156	0.208367563892176
K13381	group	LPRD	-0.464519182010954	0.271717939436535	151	54	0.0894282968013156	0.208367563892176
K16140	group	LPRD	-0.464519182010954	0.271717939436535	151	54	0.0894282968013156	0.208367563892176
K18898	group	LPRD	-0.464519182010954	0.271717939436535	151	54	0.0894282968013156	0.208367563892176
K18899	group	LPRD	-0.464519182010954	0.271717939436535	151	54	0.0894282968013156	0.208367563892176
K02587	group	LPRD	-0.281069028828794	0.164623301443072	151	151	0.089840532250431	0.208693789880323
K09990	group	LPRD	-0.914732784295984	0.53567571395455	151	136	0.0897888418552208	0.208693789880323
K19344	group	LPRD	-1.0131255613289	0.593406696355037	151	105	0.0898484818628838	0.208693789880323
K19345	group	LPRD	-1.0131255613289	0.593406696355037	151	105	0.0898484818628838	0.208693789880323
K18223	group	LPRD	-0.627481636078609	0.367672802099665	151	63	0.0899739803173042	0.208777756380107
K18224	group	LPRD	-0.627629024305923	0.367734263575548	151	63	0.0899524315204392	0.208777756380107
K18225	group	LPRD	-0.627629024305923	0.367734263575548	151	63	0.0899524315204392	0.208777756380107
K14940	group	LPRD	-0.786279573508993	0.460908456796672	151	84	0.0901038868223914	0.209010008810379
K00216	group	LPRD	0.400612549692507	0.235036596652177	151	151	0.0903778509614525	0.209576161177566
K01935	group	LPRD	-0.209184317143376	0.122748217603471	151	151	0.0904330505561137	0.209586486492807
K06370	group	LPRD	-1.1937452590409	0.700503077775227	151	99	0.0904421000914037	0.209586486492807
K06041	group	LPRD	-0.0510451536394203	0.0299570801840164	151	151	0.0904763317693521	0.209596525348036
K01520	group	LPRD	-0.0344017780079185	0.0201971367809331	151	151	0.0905968777650416	0.209806446360404
K16957	group	LPRD	0.346288232568873	0.203465893318576	151	151	0.0908507948660911	0.210324990756704
K00928	group	LPRD	0.0427714773409332	0.0251506554061367	151	151	0.0911022856062792	0.210694179992277
K01641	group	LPRD	0.25822746428613	0.151857283046542	151	151	0.091130422346186	0.210694179992277
K06156	group	LPRD	0.62035874842699	0.364715555032551	151	149	0.0910405671581286	0.210694179992277
K18290	group	LPRD	0.299692838029084	0.17624209821422	151	19	0.0911304926871018	0.210694179992277
K16077	group	LPRD	-1.29098982996319	0.75929483742908	151	103	0.0911705863715575	0.210717378986026
K11066	group	LPRD	0.344527851286082	0.202784391374794	151	151	0.0914087919936386	0.211198296597036
K11434	group	LPRD	0.836961459791407	0.492692701414843	151	61	0.0914534922137899	0.211231954009445
K19449	group	LPRD	-1.40720532680126	0.828672169363921	151	84	0.0915678174783002	0.211426350633361
K07794	group	LPRD	0.294378792593137	0.173470781171057	151	151	0.0917858086354781	0.211806551339313
K19668	group	LPRD	1.00222679826894	0.590602682075367	151	101	0.0917929105519018	0.211806551339313
K12420	group	LPRD	0.553239901119821	0.326323492562185	151	32	0.0920934479124177	0.212430098672605
K07720	group	LPRD	0.232969208170982	0.137446558141145	151	151	0.0921680242967893	0.212462298691382
K09989	group	LPRD	-0.495367013133031	0.292253672980865	151	151	0.0921662054378551	0.212462298691382
K13677	group	LPRD	0.337627984781213	0.199426870444784	151	151	0.0925468803288748	0.21326549346003
K02007	group	LPRD	0.179348117197633	0.10604750584293	151	151	0.0928881726881776	0.213911330664956
K10843	group	LPRD	-0.44812417814468	0.264965880652726	151	151	0.0928791856090242	0.213911330664956
K00532	group	LPRD	0.870298589741993	0.514851150400725	151	141	0.0930445729924041	0.21420113519762
K01547	group	LPRD	0.29941516062074	0.177157191035062	151	151	0.0930979812863278	0.214253725809966
K18100	group	LPRD	-0.965968399737964	0.57182743261259406	151	72	0.0932600157976302	0.214556189938099
K11711	group	LPRD	-0.890415293336018	0.527336414812554	151	124	0.0934042714535286	0.21481756656471
K00639	group	LPRD	-0.19379416257884	0.114800436561201	151	151	0.0934847834771239	0.214932217833597
K03640	group	LPRD	-0.282298604199655	0.167298680102006	151	151	0.0936201288748765	0.21504197349411
K05847	group	LPRD	0.132111274614966	0.078289133279497	151	151	0.093603531021923	0.21504197349411
K08994	group	LPRD	-0.550009562208884	0.32595671572653	151	150	0.0936245510847396	0.21504197349411
K06327	group	LPRD	-1.15666454698274	0.685683883512283	151	86	0.0937194829904999	0.215189510567771
K03658	group	LPRD	0.715518374089414	0.424214811419962	151	147	0.0937558146098691	0.215202442834048
K15873	group	LPRD	0.771996779332766	0.457965763382068	151	124	0.0939449962676771	0.215566096182133
K04764	group	LPRD	-0.298179528174731	0.176907100941218	151	151	0.0939824225881261	0.215581407834674
K02617	group	LPRD	-0.843885891879469	0.50081411156397	151	131	0.0940764666350082	0.215682865131859
K13581	group	LPRD	0.317433520664672	0.188391472789082	151	151	0.0940881885268507	0.215682865131859
K11105	group	LPRD	0.215093980373826	0.127722823804095	151	151	0.0942621832940446	0.21601108365193
K03060	group	LPRD	-0.119810957563624	0.0711816415393428	151	151	0.0944358979855462	0.216338446038784
K13772	group	LPRD	-0.773077281721855	0.460346497890857	151	113	0.0951819681215129	0.217976346465797
K17217	group	LPRD	-1.10601651776684	0.658684841371409	151	106	0.0952228241549688	0.217998692791094
K11473	group	LPRD	-0.400254022905048	0.238445811901411	151	151	0.0953269898739649	0.218165915447762
K18765	group	LPRD	-0.931584447801384	0.555250818270544	151	120	0.0954879447592677	0.218432815363578
K19694	group	LPRD	-0.613007578007761	0.365389960323622	151	61	0.095505931396486	0.218432815363578
K01548	group	LPRD	0.295379119948702	0.176131181368854	151	151	0.095631253997275	0.218648105192726
K03695	group	LPRD	0.0444020520949013	0.0264821449171664	151	151	0.0957021334850939	0.218738818301437
K10559	group	LPRD	0.515627133752985	0.307559474686566	151	151	0.0957348592363312	0.218742295712738
K17318	group	LPRD	0.243245435199415	0.145180325310509	151	151	0.0959391636254475	0.219137679053238
K02116	group	LPRD	-0.261393081563888	0.15605112657106	151	151	0.0960223631342745	0.219256275430379
K11201	group	LPRD	-0.689724248086709	0.411964126653626	151	92	0.096182483410207	0.219550377305617
K01915	group	LPRD	0.0598477170386231	0.0357611964701752	151	151	0.0963195475106612	0.219720152310359
K03856	group	LPRD	-0.13140325337595	0.0785148165979223	151	151	0.0963051569540051	0.219720152310359
K01546	group	LPRD	0.29987231375333	0.179247228283513	151	151	0.0964347338741132	0.219911348229517
K11808	group	LPRD	0.336687306559613	0.201302804834107	151	30	0.0965160651919159	0.220025241299294
K14056	group	LPRD	-0.946682099826193	0.566081117440542	151	105	0.0965551610312563	0.220042808461998
K10242	group	LPRD	0.763408519327315	0.456589827682482	151	144	0.0966272046018906	0.22013542549862
K11192	group	LPRD	-0.973654131796881	0.582665382359073	151	110	0.0968138762636288	0.220489042432761
K15833	group	LPRD	-0.960569328740306	0.575048110307456	151	113	0.0969364788385957	0.220696562734185
K19338	group	LPRD	-0.812941293975166	0.486795139865967	151	142	0.0970215186802837	0.220818456476879
K02164	group	LPRD	-0.993174059317551	0.594933541760704	151	121	0.0971405018879435	0.221004763343609
K15329	group	LPRD	0.718800025521272	0.430611041741666	151	73	0.0971664309022828	0.221004763343609
K02571	group	LPRD	-0.788148297431717	0.472286731533341	151	132	0.0972585511616911	0.22114253767222
K04064	group	LPRD	-1.0961453275336701	0.657042353282107	151	118	0.0973558329655787	0.221291954957428
K11937	group	LPRD	-1.05059889098608	0.629957303960691	151	92	0.0974696103322868	0.221478757999783
K02363	group	LPRD	0.393108437967396	0.235749295586169	151	151	0.0975184118757167	0.221517844215416
K00947	group	LPRD	-0.447765153743228	0.268701700192394	151	28	0.0977341287499999	0.221828704356655
K02099	group	LPRD	0.55136785675128	0.330909679654596	151	151	0.0977707872877732	0.221828704356655
K06221	group	LPRD	0.252252259782571	0.151397092133664	151	151	0.097781839723547	0.221828704356655
K06308	group	LPRD	-1.29108105256118	0.774835555108496	151	92	0.0977616088990639	0.221828704356655
K05580	group	LPRD	0.895780756410873	0.537821921508167	151	101	0.0978999724188518	0.222024848481446
K06143	group	LPRD	0.324335806660529	0.194769339800155	151	151	0.0979680841874953	0.222107461240085
K00978	group	LPRD	-0.255260284748841	0.153460827454363	151	151	0.0983427594389164	0.222884818514971
K01910	group	LPRD	0.324000475307558	0.194809551715608	151	151	0.0983813837821162	0.22290029098663
K06315	group	LPRD	-1.25496471288109	0.755468067189488	151	84	0.098781026928592	0.223733440636326
K10960	group	LPRD	0.733124513532446	0.441412342073044	151	113	0.0988442260416655	0.223804271496148
K07706	group	LPRD	-0.422114350790324	0.254564111753332	151	151	0.0993839456839205	0.224953651677198
K03299	group	LPRD	-0.200782510392394	0.121120779188959	151	151	0.099480989504604	0.225100625057222
K00023	group	LPRD	-0.792138521298513	0.477942346904526	151	150	0.0995440064218625	0.225148848352225
K03850	group	LPRD	-0.178362268547861	0.107623357378186	151	20	0.0995665377877172	0.225148848352225
K07723	group	LPRD	0.394977827921872	0.238354018586843	151	151	0.0996022383090847	0.225156946322697
K10006	group	LPRD	0.374026988957366	0.225757582236849	151	151	0.0996715086123027	0.225240901151593
K01095	group	LPRD	-0.241794448316801	0.146028264190459	151	151	0.0998657450596227	0.225329777717587
K01266	group	LPRD	0.454074947916831	0.274227232506679	151	151	0.0998598973941903	0.225329777717587
K03796	group	LPRD	0.34140057783123	0.206226941501199	151	151	0.0999358113860331	0.225329777717587
K05818	group	LPRD	-0.860018125878016	0.519269769898432	151	121	0.0997844045545914	0.225329777717587
K07329	group	LPRD	-0.213670932024874	0.129070394632637	151	16	0.0999358457808815	0.225329777717587
K11080	group	LPRD	-0.696834286440524	0.420756440756327	151	76	0.0997966433740889	0.225329777717587
K16422	group	LPRD	-0.956866951918958	0.577994180601236	151	127	0.0999286617291766	0.225329777717587
K02047	group	LPRD	-0.337440625169621	0.203971531421978	151	151	0.100161180327139	0.22576523282741
K00384	group	LPRD	0.0469474714710581	0.0283881994478714	151	151	0.100280110194969	0.22596064688741
K10007	group	LPRD	0.373397929168344	0.225822495442644	151	151	0.100334119541994	0.226009697297358
K01683	group	LPRD	0.472769475182782	0.286062137508888	151	38	0.100501425136387	0.226313842019296
K06887	group	LPRD	-0.576785844192128	0.349211494345243	151	62	0.100705642027719	0.226700883305816
K02399	group	LPRD	-0.935093718008806	0.566353716769831	151	146	0.100828962646833	0.226905627015827
K00067	group	LPRD	0.083893222972747	0.0508176548675405	151	151	0.100871821805264	0.226929226846888
K00677	group	LPRD	-0.0898374055050064	0.0544482725428615	151	151	0.101057878169409	0.227274855940828
K06597	group	LPRD	-1.09579817506041	0.664495635767887	151	112	0.101240595367984	0.227539779906884
K07654	group	LPRD	0.320737665166925	0.194493890606314	151	151	0.101236264388937	0.227539779906884
K01857	group	LPRD	-0.843276109899965	0.511768732515824	151	145	0.101507501406098	0.228066533607931
K01034	group	LPRD	0.285021017412331	0.173084693269036	151	151	0.101724336706946	0.228480487124541
K01035	group	LPRD	0.289879750435423	0.17609094145408	151	151	0.101831628631235	0.22864821162875
K08723	group	LPRD	-0.951667869724656	0.578170783141746	151	111	0.101871946661647	0.228665496669275
K05973	group	LPRD	-0.803223737090933	0.48816219031767	151	148	0.10199457203079	0.228794223979469
K18006	group	LPRD	-0.76618791729749	0.465641225509473	151	129	0.101985595663588	0.228794223979469
K10550	group	LPRD	0.815711399073881	0.496221034152347	151	95	0.102316229819581	0.229442345180826
K00356	group	LPRD	-0.79802143943313	0.485571246453687	151	149	0.102394378130104	0.229470777075457
K00658	group	LPRD	-0.364477300187777	0.221772959911561	151	151	0.102394146918102	0.229470777075457
K08713	group	LPRD	-1.06134702682156	0.646509699730967	151	88	0.102770194554015	0.230239393999248
K11082	group	LPRD	-1.00972800027764	0.615711988650556	151	93	0.103128095925443	0.23083774637934
K11645	group	LPRD	0.392162718984131	0.239114716079435	151	151	0.103101984725831	0.23083774637934
K14665	group	LPRD	-1.00780041854061	0.61455093046232	151	119	0.10313606585736	0.23083774637934
K08977	group	LPRD	0.981989293200916	0.598884236688753	151	136	0.103177574753083	0.230856941914814
K02773	group	LPRD	-0.29855510050976	0.182116461082703	151	151	0.103247251370758	0.230939129581689
K01101	group	LPRD	0.243893925308597	0.148810334002894	151	151	0.103331765839722	0.231054442914339
K11021	group	LPRD	0.857836199713026	0.523477462257927	151	64	0.103380185191531	0.231088998148161
K07093	group	LPRD	-0.794950108098221	0.485159992053228	151	151	0.103420723475917	0.231105920167732
K03686	group	LPRD	0.0404436720525983	0.0247047267206253	151	151	0.103723598540302	0.231708867357398
K06412	group	LPRD	0.292442274724307	0.178808273848187	151	151	0.104053465630125	0.232371708845867
K00200	group	LPRD	0.78980218147415	0.483027287463688	151	91	0.104137107466217	0.232410418127405
K05574	group	LPRD	0.699075745874409	0.427528806194001	151	103	0.104127476363734	0.232410418127405
K14742	group	LPRD	-0.0536097639993966	0.0328228318002802	151	151	0.104515776021508	0.233181282594134
K07493	group	LPRD	-0.883016314767284	0.540747701167931	151	88	0.104590039315864	0.233198529136198
K13019	group	LPRD	-0.334341463820456	0.204743706311981	151	151	0.104585578971593	0.233198529136198
K02827	group	LPRD	-1.13102607718457	0.69309307084445	151	104	0.104822164623826	0.233641772341182
K10831	group	LPRD	-0.777283748352414	0.476652492243824	151	143	0.105062765377687	0.23410361897571
K01355	group	LPRD	-0.691171944938468	0.424121052599977	151	81	0.105286246061449	0.234363119000023
K02293	group	LPRD	0.902027504657024	0.553489398200543	151	97	0.105274962949681	0.234363119000023
K07042	group	LPRD	-0.107810695258265	0.0661507567004824	151	151	0.105261810515173	0.234363119000023
K15977	group	LPRD	-0.178534938878574	0.10956215529592	151	151	0.10531295646934	0.234363119000023
K07491	group	LPRD	-0.178772735075781	0.109718785381239	151	151	0.105346615607726	0.234363622789642
K00010	group	LPRD	0.33795598209072	0.207582183806222	151	151	0.105625121135366	0.234759701699084
K02909	group	LPRD	-0.0409589871213834	0.0251579677541163	151	151	0.105622264064025	0.234759701699084
K03623	group	LPRD	-0.443534464476936	0.272423984277688	151	151	0.105615596570524	0.234759701699084
K01960	group	LPRD	-0.207240242668926	0.127410154370285	151	151	0.10594365758419	0.235393039513524
K16011	group	LPRD	-0.737626526024815	0.453604330707691	151	150	0.106031906982281	0.235439869479186
K16200	group	LPRD	-1.11533422676489	0.685859706857357	151	116	0.106023610733469	0.235439869479186
K07310	group	LPRD	0.628694637513127	0.386838766328768	151	113	0.10623096459974	0.235807176011455
K01624	group	LPRD	-0.040410930156193	0.024871823052856	151	151	0.106325577074892	0.235942480308639
K01775	group	LPRD	0.0509582281062172	0.0313756744746627	151	151	0.106461319907774	0.236168940681487
K14989	group	LPRD	-0.884355026446002	0.544669921599079	151	89	0.106563588824126	0.236321024250909
K05305	group	LPRD	0.896449184352022	0.552269320314417	151	43	0.106658314259162	0.236456288095106
K01729	group	LPRD	-0.917710482719107	0.565514008508181	151	137	0.106748230621027	0.236580808300158
K11941	group	LPRD	-0.971326122984164	0.59865850345671	151	112	0.106809360894178	0.236641472777557
K09133	group	LPRD	0.658205719040862	0.40578760376245	151	79	0.106907828346329	0.23678479516833
K02562	group	LPRD	-0.907590589674297	0.559912826307061	151	118	0.107142744086936	0.237121860442893
K02826	group	LPRD	-1.10379631633106	0.68087132713195	151	104	0.107099213508459	0.237121860442893
K09252	group	LPRD	-0.402221266796195	0.248152614347434	151	151	0.107161491281467	0.237121860442893
K03830	group	LPRD	0.349684996824949	0.215864593795999	151	151	0.107362412131955	0.237491482816348
K06860	group	LPRD	0.312656825110064	0.193072665716748	151	151	0.107481536285998	0.237679990335912
K10975	group	LPRD	-0.459238899506987	0.283637866759651	151	63	0.1075398636166	0.237733977909923
K10008	group	LPRD	0.363264591389467	0.224469852045892	151	151	0.107708044743142	0.238030704176995
K01485	group	LPRD	0.431849103043143	0.266920182669012	151	151	0.107800007534729	0.238158856860527
K06436	group	LPRD	0.44484313223595	0.274988571496221	151	151	0.107846923024944	0.238187438690881
K05551	group	LPRD	0.476570375068954	0.294748776783427	151	47	0.108021619223928	0.238498126223538
K07389	group	LPRD	-0.919245140172828	0.568686549240526	151	94	0.108115488301867	0.23863021819776
K02444	group	LPRD	-0.286705443839884	0.177673907998119	151	151	0.108716856240791	0.239835587511289
K05839	group	LPRD	-0.974062024239967	0.603657564089788	151	119	0.108730028118528	0.239835587511289
K07031	group	LPRD	-0.234105782317071	0.14537990571743	151	151	0.10944810296077	0.241343567711544
K01620	group	LPRD	0.187706050527507	0.116587841455079	151	151	0.10951511805161	0.241408913539503
K04759	group	LPRD	0.085462549543217	0.053099433418879	151	151	0.109627778053241	0.241408913539503
K06120	group	LPRD	0.718549006407199	0.446515589932761	151	141	0.109681425691539	0.241408913539503
K08987	group	LPRD	0.163799066114354	0.101778817742461	151	151	0.109653662127879	0.241408913539503
K12060	group	LPRD	-0.892542955242234	0.554429833115173	151	123	0.109549524969684	0.241408913539503
K12062	group	LPRD	-0.910200791446708	0.565670522271985	151	122	0.109718801503118	0.241408913539503
K18901	group	LPRD	-0.786707249302727	0.488915280395907	151	142	0.109714034251303	0.241408913539503
K11637	group	LPRD	-0.73000474825989	0.454012538248468	151	78	0.10997499297828	0.241896674232112
K01628	group	LPRD	-0.129661853511492	0.0806969826164348	151	151	0.110220981679015	0.242361694344383
K00960	group	LPRD	-1.26308786803438	0.786346085863755	151	83	0.110330776882794	0.242527044825458
K17675	group	LPRD	0.559224485616693	0.348303906900017	151	149	0.110486912777084	0.242794124942745
K12058	group	LPRD	-0.943674087212646	0.587849968222526	151	117	0.110545736696095	0.242847262375313
K00979	group	LPRD	-0.0499721268783586	0.0311582637770133	151	151	0.110872216011789	0.243006324484344
K02107	group	LPRD	0.344905254456557	0.215024443326294	151	151	0.110825452829418	0.243006324484344
K08927	group	LPRD	0.709546577046314	0.442513999698249	151	53	0.110954278300376	0.243006324484344
K08928	group	LPRD	0.709546577046314	0.442513999698249	151	53	0.110954278300376	0.243006324484344
K11333	group	LPRD	0.709546577046314	0.442513999698249	151	53	0.110954278300376	0.243006324484344
K11334	group	LPRD	0.709546577046314	0.442513999698249	151	53	0.110954278300376	0.243006324484344
K11336	group	LPRD	0.709546577046314	0.442513999698249	151	53	0.110954278300376	0.243006324484344
K12978	group	LPRD	0.682804943386628	0.42584903668629	151	52	0.11096479952559	0.243006324484344
K13053	group	LPRD	-0.955158894736781	0.595315853286605	151	132	0.110730807672161	0.243006324484344
K13530	group	LPRD	-0.798782724379983	0.498109850780383	151	143	0.110913819126426	0.243006324484344
K15232	group	LPRD	-0.534261067849813	0.333271947365592	151	42	0.111035094395407	0.24308432595621501
K02453	group	LPRD	-0.176811541487321	0.110321904226014	151	151	0.111121471234498	0.24313557004883
K06216	group	LPRD	0.745812913180965	0.465359818242542	151	125	0.111127869677097	0.24313557004883
K07503	group	LPRD	0.311315815656175	0.194299174952353	151	151	0.111218265214732	0.243257422513346
K12554	group	LPRD	-0.371192276113319	0.231889378911094	151	151	0.111554863498088	0.243917527486463
K01400	group	LPRD	0.431432026113698	0.270044732046969	151	17	0.112243542949099	0.245346815114806
K05521	group	LPRD	0.491306748000627	0.307620273130116	151	147	0.112357423629896	0.245366211727593
K15726	group	LPRD	0.319144904081751	0.199802424995302	151	151	0.112316927466732	0.245366211727593
K19545	group	LPRD	0.792873105040405	0.496400686362546	151	89	0.112329921090104	0.245366211727593
K02401	group	LPRD	-0.210020502647705	0.131565983955322	151	151	0.112537669976031	0.245661839878975
K19180	group	LPRD	0.363713925207143	0.227862351647499	151	151	0.112562885833277	0.245661839878975
K02445	group	LPRD	-0.244139829941828	0.152999922457735	151	151	0.112677769120177	0.245770171060005
K07771	group	LPRD	-0.912406127160456	0.571803357732643	151	120	0.112682643336213	0.245770171060005
K00638	group	LPRD	0.771252393105923	0.483399817789747	151	140	0.112724899740951	0.245785862265651
K18940	group	LPRD	-0.831980980237281	0.521596192071625	151	115	0.112816138148253	0.245908311075639
K15066	group	LPRD	0.704652018413071	0.441969533405074	151	98	0.112977757134317	0.246184046475462
K00675	group	LPRD	0.62948047593989	0.394930267698197	151	151	0.113076880620026	0.246323472077807
K01937	group	LPRD	-0.0342065976863155	0.0214698545395471	151	151	0.113225877252684	0.246571419553066
K00943	group	LPRD	-0.118672787487581	0.0745137994873822	151	151	0.113362840508333	0.246793016137706
K01252	group	LPRD	0.374293610210014	0.235051264297128	151	151	0.113416063013184	0.246832226551513
K04334	group	LPRD	-0.593263226587401	0.372607863196425	151	75	0.113460888471459	0.246853143446595
K08965	group	LPRD	-0.7294967613901	0.458556198884225	151	138	0.113761505577098	0.247430392210815
K06199	group	LPRD	-0.0372983758092667	0.0234529035821039	151	151	0.113874967861653	0.247600348855517
K05887	group	LPRD	-0.435245158924555	0.273758262156169	151	57	0.113979476016212	0.247673938894497
K19238	group	LPRD	-0.435245158924555	0.273758262156169	151	57	0.113979476016212	0.247673938894497
K04517	group	LPRD	-0.133093603642278	0.0837410924439411	151	151	0.114101844790701	0.247863009601121
K05739	group	LPRD	0.595377778853087	0.374661214107987	151	151	0.114155285205401	0.247902276731679
K10216	group	LPRD	-0.925340920601415	0.582582106129676	151	124	0.114328271355556	0.248059874725174
K11720	group	LPRD	-0.0480352928111619	0.0302428532944994	151	151	0.11433401643895	0.248059874725174
K13787	group	LPRD	0.293843527130394	0.184994888699142	151	151	0.114318536303798	0.248059874725174
K07718	group	LPRD	0.212748405130659	0.134132828079378	151	151	0.11483606089314	0.249072025637658
K16018	group	LPRD	0.489142116752644	0.308473879251105	151	20	0.114931022947547	0.249123831435468
K16021	group	LPRD	0.489142116752644	0.308473879251105	151	20	0.114931022947547	0.249123831435468
K03270	group	LPRD	-0.053304384205966	0.0336249127060905	151	151	0.115026296428871	0.249253272941696
K06141	group	LPRD	-0.89723819576164	0.566181575016384	151	115	0.115150519807823	0.24936828663974
K19578	group	LPRD	-0.957669642239084	0.604269510867053	151	79	0.115123123890316	0.24936828663974
K09973	group	LPRD	-0.40167896304755	0.253623210748831	151	151	0.115367962919512	0.249762019785603
K14581	group	LPRD	-0.676383236017745	0.427117258305477	151	109	0.115404821176252	0.249764679359534
K14261	group	LPRD	-0.263355122560162	0.166363231663553	151	151	0.115538836694738	0.249977544824109
K06416	group	LPRD	0.327530242171153	0.207029074261086	151	151	0.11575864508753	0.250375841426592
K01173	group	LPRD	-0.212053504820921	0.134207997676564	151	151	0.116219103327936	0.251294236375333
K13991	group	LPRD	0.693041776185522	0.438771588157964	151	53	0.116340931262829	0.251480088853664
K00887	group	LPRD	-0.281186964487398	0.178088615246272	151	151	0.116475958238443	0.251694348721172
K06182	group	LPRD	-0.300856139856029	0.190575266893984	151	151	0.116531598625019	0.251736981929549
K01429	group	LPRD	0.403524051757856	0.25570193962599	151	151	0.116662596143894	0.251942328702618
K05589	group	LPRD	-0.307944069561684	0.195219675087296	151	151	0.11681889662507	0.252202175959884
K02793	group	LPRD	-0.288805056888231	0.183242210567485	151	151	0.117127359915955	0.252779700333875
K13485	group	LPRD	-0.893120923817648	0.566719616074975	151	129	0.117158523022077	0.252779700333875
K03654	group	LPRD	-0.0849563092139084	0.0539516487220604	151	151	0.117452426788193	0.253293959674902
K09785	group	LPRD	0.268615606261098	0.170592634875118	151	20	0.11746913878789	0.253293959674902
K12057	group	LPRD	-0.931660726536933	0.591812878463923	151	117	0.11755089466793	0.25339230369686
K08326	group	LPRD	-0.427917498235756	0.271993374075088	151	57	0.117778621159749	0.253805144276004
K09934	group	LPRD	-0.819968415569081	0.521643188144889	151	125	0.118095955055884	0.254410769803855
K02688	group	LPRD	-0.826138843257336	0.526074553727206	151	131	0.118447069557923	0.254616173521423
K06049	group	LPRD	0.690662181932392	0.43966366940917	151	53	0.118329917973423	0.254616173521423
K07676	group	LPRD	-0.870864678722172	0.554587460602006	151	119	0.118468190605607	0.254616173521423
K08929	group	LPRD	0.699392028229906	0.445465521171543	151	61	0.118530470519471	0.254616173521423
K12148	group	LPRD	-0.870864678722172	0.554587460602006	151	119	0.118468190605607	0.254616173521423
K13301	group	LPRD	-0.870864678722172	0.554587460602006	151	119	0.118468190605607	0.254616173521423
K16328	group	LPRD	0.308224996608039	0.196331445424311	151	151	0.118554520738078	0.254616173521423
K17235	group	LPRD	0.737552344549889	0.469733921368886	151	145	0.118501584460359	0.254616173521423
K18376	group	LPRD	-0.550881329960108	0.350679301738941	151	40	0.118327543895902	0.254616173521423
K19162	group	LPRD	-0.870864678722172	0.554587460602006	151	119	0.118468190605607	0.254616173521423
K05356	group	LPRD	0.668880972166742	0.426244537543811	151	103	0.118712706968207	0.254721786301541
K05573	group	LPRD	0.668880972166742	0.426244537543811	151	103	0.118712706968207	0.254721786301541
K16906	group	LPRD	0.648254432414607	0.4130983484069	151	136	0.118711005687594	0.254721786301541
K03971	group	LPRD	-0.87614470740292	0.558429088768947	151	118	0.11878191587348	0.254792298125182
K10561	group	LPRD	0.489762535114463	0.312239289890421	151	151	0.118874384756322	0.254912645194806
K02050	group	LPRD	0.161689777864461	0.103134698570654	151	151	0.119059971294012	0.255232537850466
K14170	group	LPRD	-0.17476725624749	0.111565054720213	151	151	0.119351685978852	0.255779675546242
K03863	group	LPRD	-0.782060698105892	0.49941748677811	151	143	0.119482664955881	0.255907211636139
K09120	group	LPRD	0.862280741537244	0.550647660705112	151	76	0.119484208799584	0.255907211636139
K12974	group	LPRD	-0.867932389044765	0.554342369524179	151	119	0.119540841001003	0.255950304036967
K17882	group	LPRD	-0.194162025061164	0.124088869916945	151	16	0.119774334973741	0.256371935317839
K09914	group	LPRD	-0.839449418182317	0.536874708536127	151	134	0.120036400391594	0.256854446503381
K03795	group	LPRD	-0.718411783510516	0.459621270499872	151	144	0.120161878365367	0.256966066913124
K07256	group	LPRD	-0.656669922321203	0.420083332349263	151	96	0.120129418592493	0.256966066913124
K08372	group	LPRD	0.282593053733985	0.180853395567146	151	151	0.120279162850777	0.257138435981686
K01134	group	LPRD	-0.63093131236751	0.404039721574724	151	136	0.120513697128139	0.257561285630565
K01181	group	LPRD	0.307854391336665	0.197329520259638	151	151	0.120857007992578	0.258216283458692
K11081	group	LPRD	-0.926212061902313	0.593909785375826	151	93	0.120995691209881	0.258433819433658
K03755	group	LPRD	-0.428126987202291	0.274556263399471	151	57	0.1210370558334	0.258443424121881
K01507	group	LPRD	-0.220363122021122	0.141336327082892	151	151	0.121084739872151	0.258466512333672
K06871	group	LPRD	-0.186355846259856	0.119577830988127	151	151	0.121248555514122	0.258737404613087
K00076	group	LPRD	-0.380042761835357	0.243887730082671	151	151	0.1212909240358	0.258749049753792
K11335	group	LPRD	0.68890003436399	0.442469087188352	151	61	0.121605048809114	0.259340247079978
K14340	group	LPRD	0.796858000978276	0.511930931872876	151	81	0.121693341633785	0.259449612181519
K11083	group	LPRD	-0.923626583195253	0.593447955340415	151	93	0.121740843926193	0.259471972004443
K05708	group	LPRD	0.632379306756791	0.40672367391356	151	34	0.122112083080169	0.260184104070513
K02003	group	LPRD	0.12926288246356	0.0831575658878233	151	151	0.12220261407968	0.260297880491813
K10916	group	LPRD	-0.535231544413483	0.34455379885991	151	68	0.122447932769193	0.26074119341192
K02456	group	LPRD	-0.183354421940981	0.11806869733808	151	151	0.122557296017716	0.260894820857635
K17723	group	LPRD	0.256615457050364	0.165309528238276	151	151	0.122704011015407	0.261127843721313
K04083	group	LPRD	-0.126146336624928	0.0812764888655181	151	151	0.122768311391946	0.261185390852061
K18101	group	LPRD	-0.829266785626835	0.534358864563807	151	62	0.122809743236579	0.261194265803526
K07035	group	LPRD	0.229270884099956	0.147760042493383	151	151	0.122869054850621	0.261207836792242
K07123	group	LPRD	0.986409521630296	0.635756198993084	151	94	0.122890648465166	0.261207836792242
K02913	group	LPRD	-0.0266542428581872	0.0171842118741098	151	151	0.123001800359801	0.261364844050381
K12503	group	LPRD	0.301886783610603	0.194695436180687	151	151	0.123128820812182	0.261397042366262
K13281	group	LPRD	0.439352520505724	0.28335091181668	151	151	0.123128667744658	0.261397042366262
K14153	group	LPRD	-0.452429733554771	0.291744673181337	151	151	0.123077565775735	0.261397042366262
K02278	group	LPRD	0.446419095250446	0.287987002002002	151	151	0.123230249537014	0.26153316659233
K12942	group	LPRD	0.225859230268672	0.145734646922297	151	151	0.123311491477446	0.261626378709714
K07301	group	LPRD	-0.145545238118798	0.0939259985772712	151	151	0.123365340960302	0.261661434230475
K00820	group	LPRD	-0.0268417148489064	0.0173313187018468	151	151	0.123565520242757	0.262006744374389
K09740	group	LPRD	-0.527998721571279	0.341105422364259	151	137	0.123766596013688	0.262353746010267
K03307	group	LPRD	0.152249192629796	0.0984136768035451	151	151	0.123976670880662	0.262657007485384
K09132	group	LPRD	-0.585126363788359	0.378232947374067	151	69	0.12398459882584	0.262657007485384
K04042	group	LPRD	-0.115903188824174	0.0749532829014431	151	151	0.124144030875231	0.262720532783013
K05552	group	LPRD	0.447206518172022	0.28920408961312	151	47	0.12414491641385	0.262720532783013
K05877	group	LPRD	-0.915499428596871	0.592048787123861	151	90	0.124147591617203	0.262720532783013
K10562	group	LPRD	0.487078132184401	0.315036829863948	151	151	0.124201975127376	0.262720532783013
K11476	group	LPRD	-0.836805365482409	0.541204011381089	151	80	0.124179503191935	0.262720532783013
K00150	group	LPRD	0.847831859396435	0.548814721128982	151	115	0.1245058314553	0.262856733873702
K03200	group	LPRD	0.307069186055029	0.198667514027545	151	151	0.124311949214582	0.262856733873702
K06144	group	LPRD	-0.855270693133728	0.55358612433683	151	121	0.124476220208142	0.262856733873702
K07714	group	LPRD	-0.841631128096651	0.544864963099728	151	151	0.124549781424539	0.262856733873702
K11638	group	LPRD	-0.696219584561499	0.450692245166249	151	74	0.12452117392543	0.262856733873702
K14748	group	LPRD	0.437589736118472	0.283304493858106	151	20	0.124566343784371	0.262856733873702
K15270	group	LPRD	-0.830756860769571	0.537727259802757	151	143	0.124481822626007	0.262856733873702
K15725	group	LPRD	-0.660461307384756	0.427570750546845	151	151	0.124544201211445	0.262856733873702
K12972	group	LPRD	-0.686601376767161	0.444963512254736	151	149	0.124939602917079	0.263565036547916
K02361	group	LPRD	-0.203599843314394	0.13203035194859	151	151	0.125178099466898	0.263988711571286
K17331	group	LPRD	0.695436331020864	0.451228314491257	151	129	0.125387463578907	0.264350712688163
K03525	group	LPRD	-0.145469983607132	0.0944142968102097	151	151	0.125495738091329	0.264499435965188
K16211	group	LPRD	-0.16041833875112	0.104157468801642	151	151	0.125644337507404	0.264733034543704
K06303	group	LPRD	-1.07292127558263	0.697641841695455	151	90	0.126187704089528	0.265798018529925
K07494	group	LPRD	-0.72627435815063	0.472326367571567	151	128	0.126254213677845	0.265858227059686
K14333	group	LPRD	-0.740644604223654	0.481933354997724	151	82	0.12645833637633	0.266208089488912
K01114	group	LPRD	0.451876331643366	0.294113524182894	151	151	0.126560849921404	0.266343908120397
K01791	group	LPRD	-0.130042824010566	0.0846572866155122	151	151	0.126632420874018	0.266414546916827
K06223	group	LPRD	0.146059968183313	0.0951177938172201	151	151	0.126764782537098	0.266612998975416
K00754	group	LPRD	0.309857704098468	0.20188862011202	151	151	0.12695480633994	0.266802092146629
K03893	group	LPRD	-0.829504945851555	0.540540899789982	151	143	0.127006930312882	0.266802092146629
K10241	group	LPRD	0.705438326089657	0.459568958963906	151	144	0.126904544533152	0.266802092146629
K11915	group	LPRD	-1.07317398150745	0.699301085705573	151	96	0.126993461732118	0.266802092146629
K01297	group	LPRD	-0.192813226534742	0.125785678991488	151	151	0.127428164179341	0.267606779777466
K18567	group	LPRD	-0.58531740073496	0.381944157552276	151	97	0.127527360248661	0.267734889291139
K01838	group	LPRD	-0.322109557922197	0.210330213180491	151	151	0.127779389266755	0.268053780841796
K03794	group	LPRD	-1.13848922062627	0.743291578396439	151	82	0.127720402108306	0.268053780841796
K08744	group	LPRD	0.341168350125882	0.22280629174442	151	151	0.127832209608292	0.268053780841796
K09164	group	LPRD	0.572236275399322	0.373680528511624	151	151	0.127802925372807	0.268053780841796
K06885	group	LPRD	-0.156926010525909	0.102496817224173	151	151	0.127881612954001	0.26807718505010403
K11084	group	LPRD	-0.910727507094515	0.595123137174519	151	93	0.128058407877366	0.26836754535735
K01031	group	LPRD	-0.760838851933633	0.497437857594977	151	139	0.128256969801043	0.268475738513995
K01921	group	LPRD	0.0234953610561444	0.0153615647392067	151	151	0.128263230853548	0.268475738513995
K06304	group	LPRD	-1.10439820396854	0.722057260134078	151	91	0.128256790777488	0.268475738513995
K13642	group	LPRD	-0.588748848648779	0.38488189237035503	151	71	0.128214464960693	0.268475738513995
K01668	group	LPRD	0.357037953686593	0.233506476039963	151	151	0.128377681663912	0.268635089093737
K05364	group	LPRD	0.223970757690467	0.146524807026023	151	151	0.12849573991671	0.268801891022422
K09933	group	LPRD	-0.702073259059815	0.459719802460659	151	150	0.128837149152835	0.269435684833345
K00790	group	LPRD	0.0261171515320991	0.0171192142353719	151	151	0.129228217703841	0.269932423316122
K01851	group	LPRD	-0.672229682391169	0.440632227854603	151	64	0.129228703658902	0.269932423316122
K03782	group	LPRD	0.66035147696598	0.432843552313973	151	151	0.129226276130656	0.269932423316122
K10800	group	LPRD	-0.713251452600977	0.467435247221848	151	127	0.129158904066696	0.269932423316122
K08926	group	LPRD	0.66842804353995	0.438469565398243	151	61	0.129514284204494	0.270374949350582
K09474	group	LPRD	-0.268838463621357	0.176351881266206	151	151	0.129517700416441	0.270374949350582
K10192	group	LPRD	0.264859204278972	0.173759764746411	151	151	0.129557518125102	0.270377553455481
K01277	group	LPRD	-0.201237913810772	0.132090303469906	151	151	0.129756418560417	0.270712051818013
K00786	group	LPRD	-0.304540745771066	0.19998556766081	151	151	0.12992487315322	0.270982850581396
K03414	group	LPRD	-0.691425218193762	0.454163635380028	151	148	0.130024785055168	0.271029956359419
K07127	group	LPRD	-0.721025441558556	0.473581216536168	151	151	0.130004375568365	0.271029956359419
K00021	group	LPRD	0.568778933002356	0.373838941160553	151	129	0.13026519361095	0.271450358862295
K04480	group	LPRD	0.684808978058215	0.450174920659899	151	27	0.13032738347625	0.271499244626602
K05358	group	LPRD	-1.11526212481079	0.733466760879345	151	116	0.130495740200034	0.271769203446891
K07496	group	LPRD	0.315605167377787	0.207723633951114	151	151	0.130793203980277	0.272307799198616
K01139	group	LPRD	-0.271691159865345	0.17889953406547	151	151	0.130962057190276	0.272497483200901
K02442	group	LPRD	-0.973619285190289	0.641061776017228	151	88	0.130941825358636	0.272497483200901
K17735	group	LPRD	-0.740488473138082	0.487681230144452	151	133	0.131036033312085	0.272570502527512
K13746	group	LPRD	-0.410501093715408	0.270512035520655	151	59	0.131260208861998	0.272874870736242
K19161	group	LPRD	-0.522371496051622	0.344219701714722	151	57	0.131246093922517	0.272874870736242
K18217	group	LPRD	-0.752437517076396	0.496105124169195	151	115	0.131463799853544	0.273217087747804
K03724	group	LPRD	-0.267203050545851	0.176209656594721	151	151	0.131538769184163	0.27329187077089
K08153	group	LPRD	0.342027992993469	0.225635228706256	151	151	0.131677223115913	0.273498469345941
K10380	group	LPRD	-0.689745331945347	0.455113616597804	151	70	0.131752936202059	0.273574669068849
K06157	group	LPRD	-0.499731403512536	0.329834807503191	151	59	0.131866610383158	0.273648590522777
K07777	group	LPRD	-0.294931146055001	0.194656312929902	151	151	0.131856026497797	0.273648590522777
K15856	group	LPRD	0.795910860468912	0.525414257757605	151	136	0.131935108841565	0.273709710855097
K09697	group	LPRD	0.390172644954028	0.257750660252306	151	151	0.132205040060214	0.274188559414822
K04038	group	LPRD	0.675809006220625	0.446597828316103	151	113	0.132337346429544	0.274300650050592
K06421	group	LPRD	-1.17640370503673	0.777365199049472	151	74	0.13231619563022	0.274300650050592
K06371	group	LPRD	-1.0140287269425	0.670250685898977	151	93	0.132420808021893	0.274392510858254
K00450	group	LPRD	-0.441623249850973	0.291986071195736	151	148	0.132529790868135	0.274537184983931
K00748	group	LPRD	-0.0443356966607376	0.0293270080743715	151	151	0.132710355298991	0.27483001200766
K07251	group	LPRD	-0.787731451410612	0.521418890363627	151	128	0.132971061721435	0.275207305186672
K07271	group	LPRD	-0.166278825666076	0.11006240439927	151	151	0.132965277548159	0.275207305186672
K01299	group	LPRD	0.21984405991428	0.145586666530679	151	151	0.133146812302718	0.275489714947478
K02345	group	LPRD	-0.912295713197309	0.604239090699688	151	119	0.133205613778807	0.275530053877084
K15973	group	LPRD	0.251610055662926	0.166686739763062	151	151	0.133294190497892	0.275631939643133
K03771	group	LPRD	-0.0879435055452506	0.0583929547763874	151	151	0.134167912314312	0.277356846158457
K06906	group	LPRD	-0.399175313355315	0.265161203765789	151	148	0.134336638889884	0.277547984046548
K08308	group	LPRD	-0.840341350897378	0.558219910418073	151	118	0.134339559182588	0.277547984046548
K01040	group	LPRD	0.289359220966783	0.192279654927628	151	151	0.134469903514068	0.277735422402362
K07066	group	LPRD	-0.469313457320334	0.311892481083686	151	24	0.13451076670548	0.277737989574497
K07024	group	LPRD	0.0707960465967997	0.0470662777343923	151	151	0.134652345857156	0.27794845243188
K05372	group	LPRD	-0.465368198517441	0.309736211841377	151	62	0.13509315959421	0.278774372282623
K07734	group	LPRD	-0.688545845621446	0.4583230230835	151	149	0.135131999574373	0.278774372282623
K05599	group	LPRD	-0.93133529799403	0.620979008997349	151	75	0.135785879117134	0.279958533120915
K15581	group	LPRD	-0.150938971099984	0.10063504442798	151	151	0.135765314933813	0.279958533120915
K12073	group	LPRD	0.649366181141333	0.433189622246402	151	103	0.135980435105375	0.280194841295907
K14054	group	LPRD	-0.875962976770551	0.584308911298355	151	116	0.135952147726859	0.280194841295907
K02825	group	LPRD	-0.135986503489011	0.090739796567155	151	151	0.136082104914714	0.280321938128753
K06165	group	LPRD	-0.817315597478419	0.545606715782478	151	140	0.136250341767312	0.280586044591322
K12424	group	LPRD	-0.481087076623121	0.32124914632274	151	43	0.136365314548251	0.280740339202126
K05845	group	LPRD	0.272597857935019	0.182109037387501	151	151	0.136536248697516	0.280762423986386
K06301	group	LPRD	-1.04461837378404	0.697722065888695	151	90	0.136460735866333	0.280762423986386
K07010	group	LPRD	0.161074175907947	0.107601647992469	151	151	0.136521859330168	0.280762423986386
K09696	group	LPRD	0.386769594305066	0.258311759746216	151	151	0.136431217031058	0.280762423986386
K03412	group	LPRD	-0.209920147580118	0.140341123842242	151	151	0.136824769676057	0.281273206870722
K07490	group	LPRD	-0.832917603579948	0.556931116668418	151	118	0.136886329236825	0.281317258267411
K12072	group	LPRD	-0.860141117896947	0.575605451718619	151	117	0.137205684195456	0.281890927963114
K05601	group	LPRD	-0.172442756213475	0.115472988541501	151	151	0.13745749861863	0.28232553920791
K15312	group	LPRD	0.637294828649572	0.427542344130513	151	97	0.138180345696914	0.283727071861559
K07705	group	LPRD	0.256544462305271	0.172154668927788	151	151	0.138286143444898	0.283861161214857
K00153	group	LPRD	0.395193857872461	0.265229823552375	151	151	0.138336620470461	0.283881647979489
K07570	group	LPRD	-0.306122740490363	0.205520052411308	151	151	0.138468632292646	0.284069391972914
K14977	group	LPRD	0.586020334000368	0.393753750517291	151	147	0.138787442612975	0.284640132450836
K07450	group	LPRD	0.514677363800967	0.345934069759463	151	56	0.138919466357314	0.284827569220465
K19167	group	LPRD	0.321694871983352	0.216317631155739	151	151	0.139090622407454	0.285095106162647
K01759	group	LPRD	-0.0785247753565141	0.0528699850321322	151	151	0.139592110805711	0.285901566746033
K07004	group	LPRD	0.273737550780392	0.184300419720228	151	151	0.139582576940863	0.285901566746033
K07069	group	LPRD	0.323234120571743	0.217638391726879	151	151	0.139606428383976	0.285901566746033
K02045	group	LPRD	-0.295824354075743	0.199207797773371	151	151	0.13965538131788	0.285918289438767
K03778	group	LPRD	0.188796401418004	0.127216113080376	151	151	0.139905235222108	0.286262609138054
K13929	group	LPRD	-0.93514197258904	0.630106528799221	151	133	0.139894385632371	0.286262609138054
K13934	group	LPRD	-0.9348459897226	0.630023720195277	151	133	0.139967203925202	0.286305835866842
K13930	group	LPRD	-0.937360708243391	0.63194092973489	151	133	0.14010573345124	0.286505598451924
K00938	group	LPRD	0.243570304835204	0.164287398600055	151	151	0.140296237381255	0.286524071572011
K03485	group	LPRD	-0.837017266395117	0.564507419163532	151	117	0.140255733356051	0.286524071572011
K06302	group	LPRD	-1.03609245293256	0.69870353878519	151	90	0.140218743550489	0.286524071572011
K13292	group	LPRD	-0.108100584457502	0.072917264107577	151	151	0.140316556631627	0.286524071572011
K13931	group	LPRD	-0.933405127485413	0.629615410641599	151	133	0.14031913519354	0.286524071572011
K02056	group	LPRD	0.167117428024848	0.1127603928238	151	151	0.140436732042488	0.286680690628376
K02225	group	LPRD	-0.693074469332873	0.467956874368887	151	149	0.14070087364855	0.287136280720913
K00632	group	LPRD	-0.566875994649386	0.382848549140508	151	151	0.140803475313097	0.287262037818629
K05539	group	LPRD	-0.288026599359468	0.194582300814349	151	151	0.140923175789032	0.287375476717223
K07282	group	LPRD	0.174126265920819	0.117661427690781	151	151	0.141013197868712	0.287375476717223
K07769	group	LPRD	0.640029123516604	0.432539256715916	151	107	0.141064053549781	0.287375476717223
K13041	group	LPRD	-0.651054842531554	0.439865914358024	151	89	0.140952243445563	0.287375476717223
K19003	group	LPRD	0.640029123516604	0.432539256715916	151	107	0.141064053549781	0.287375476717223
K11014	group	LPRD	-0.61236720070367	0.414512198495942	151	50	0.141700417030559	0.288588007955902
K13052	group	LPRD	-0.189876505199796	0.128612154967508	151	151	0.141960354824958	0.289033426466151
K03381	group	LPRD	-0.908636995847311	0.61583755585896	151	133	0.142201870055713	0.289441088586107
K13933	group	LPRD	-0.921011129485074	0.624480975807383	151	133	0.142364739089488	0.289688482153066
K02824	group	LPRD	0.0711087038642545	0.0482254428197728	151	151	0.142455179040035	0.289765360184871
K11103	group	LPRD	-0.250158434412803	0.169668610031074	151	151	0.142485192090906	0.289765360184871
K06376	group	LPRD	-1.20993522817306	0.820742180498744	151	80	0.142538380639298	0.289789457158202
K04037	group	LPRD	0.676470664401648	0.45926209560199	151	61	0.142873509726251	0.290144733868617
K06078	group	LPRD	-0.840073211959048	0.570340802533992	151	131	0.142878690629738	0.290144733868617
K07258	group	LPRD	0.0985677659753825	0.0669161152470556	151	151	0.142859049397285	0.290144733868617
K15496	group	LPRD	0.459913135636852	0.312162998684047	151	41	0.142776659392961	0.290144733868617
K05339	group	LPRD	-0.878306153123814	0.59679742996028	151	102	0.143211142292451	0.290735623362317
K02421	group	LPRD	-0.19173532843448	0.130305032556515	151	151	0.143282505878222	0.290796284367787
K02532	group	LPRD	-0.359946242102578	0.244817232153804	151	151	0.143598481728579	0.291353214737291
K05366	group	LPRD	-0.0622956290825652	0.042391282719154	151	151	0.1437950453754	0.291478819626781
K06167	group	LPRD	-0.185761020813363	0.126402995670087	151	151	0.143780201711168	0.291478819626781
K08316	group	LPRD	-0.251093072906073	0.170891126317701	151	151	0.143855323826974	0.291478819626781
K08323	group	LPRD	0.578576309920079	0.393786076808095	151	149	0.143869001749926	0.291478819626781
K16080	group	LPRD	-0.783727906230163	0.533469535677472	151	122	0.143909870859955	0.291478819626781
K19615	group	LPRD	0.687134770994231	0.467569475649636	151	54	0.143781528183072	0.291478819626781
K07228	group	LPRD	0.996159919938477	0.678543410773571	151	104	0.144188786522267	0.291921683216991
K07574	group	LPRD	-0.124166228093833	0.084581847417183	151	151	0.144211810125598	0.291921683216991
K18553	group	LPRD	0.624757673474181	0.426229051206778	151	54	0.144815587547377	0.293059257709905
K16348	group	LPRD	-0.890659768626467	0.607937923670197	151	113	0.145014039400404	0.293376166290572
K17883	group	LPRD	0.363124606692902	0.248115036321218	151	151	0.145427935158447	0.294128628234482
K02472	group	LPRD	-0.300061949857609	0.205050934082056	151	151	0.145477100780449	0.294143200597331
K00989	group	LPRD	-0.191238521169502	0.130715895120046	151	151	0.14557118016872	0.294191845290987
K02774	group	LPRD	-0.258224861081752	0.176508729872393	151	151	0.145585094338721	0.294191845290987
K12266	group	LPRD	-0.864344707118254	0.591147341712976	151	133	0.145806709069117	0.294554763854325
K16267	group	LPRD	-0.850429589186429	0.581957427159828	151	141	0.146031653173817	0.294924197276997
K15551	group	LPRD	-0.72546120153333	0.496536311385791	151	142	0.146109069782583	0.294995558518407
K00980	group	LPRD	0.250328938886637	0.171428056985299	151	151	0.146324915730841	0.295300658604078
K13932	group	LPRD	-0.919110973510079	0.629448135352454	151	133	0.146344434806072	0.295300658604078
K18216	group	LPRD	-0.721654098406326	0.49443329410444	151	115	0.146516667913641	0.295563120021474
K17103	group	LPRD	-0.0656405945980654	0.0449933416242068	151	151	0.146698673928671	0.295845139309547
K09949	group	LPRD	-0.192421297272887	0.13194026000638	151	151	0.146835808315044	0.296036530425211
K15737	group	LPRD	-0.856134199614183	0.587696928132813	151	98	0.147286387330106	0.296859567332961
K07052	group	LPRD	0.109144693925022	0.0749716052955461	151	151	0.147547914191233	0.297301201057932
K01686	group	LPRD	0.212456805153636	0.146071544899737	151	151	0.147919132390698	0.297963539672068
K00709	group	LPRD	0.409559622119523	0.281858169830573	151	22	0.14830716959863	0.298617090523904
K14647	group	LPRD	-1.10906063244248	0.763294393956945	151	84	0.148328774494185	0.298617090523904
K03216	group	LPRD	-0.101269721498514	0.0697590482922347	151	151	0.148685327123542	0.299248964437562
K06639	group	LPRD	0.298743621689027	0.205833464603494	151	55	0.148774866602974	0.299343230449727
K03315	group	LPRD	-0.126511749106392	0.0871983842682527	151	151	0.148923728972392	0.299556769037724
K13322	group	LPRD	0.320321305533418	0.220903333291239	151	16	0.149145752167921	0.299917304273415
K00074	group	LPRD	0.170920365736646	0.117920181346749	151	151	0.149311177645106	0.300116677399654
K09940	group	LPRD	0.38549956842236	0.265973898315444	151	151	0.149330523647645	0.300116677399654
K09982	group	LPRD	-0.815545021222768	0.562784134684548	151	122	0.149403816785493	0.300177917932447
K08884	group	LPRD	0.153431935616565	0.105900236899771	151	151	0.149485015952254	0.300255003388337
K00209	group	LPRD	0.285488618173295	0.197149373230604	151	151	0.1496948678565	0.300590382032101
K04333	group	LPRD	-0.858836928127501	0.594034584328137	151	113	0.150342026023057	0.301803437119595
K18014	group	LPRD	0.286011391995589	0.197977677801294	151	151	0.150651707299554	0.302338525098733
K18459	group	LPRD	0.587647448950564	0.406992871931104	151	79	0.150873064441134	0.302696102384759
K11923	group	LPRD	-0.799850186689318	0.55415294758528	151	121	0.151014179351364	0.302892531402879
K01622	group	LPRD	0.742257508614236	0.514679493401486	151	82	0.151351899965793	0.303483071727749
K07048	group	LPRD	0.318796670693252	0.221262478026734	151	151	0.151737157774597	0.304168566199578
K05876	group	LPRD	-0.649539972104862	0.450986529383988	151	96	0.151890434121297	0.304388777355716
K18478	group	LPRD	-0.950573056108697	0.660370072780201	151	128	0.152119203927243	0.304760108468126
K12517	group	LPRD	-0.429318325953074	0.298475172799476	151	58	0.152425668516418	0.305286838942883
K18425	group	LPRD	0.63497642917089	0.441644668182975	151	55	0.152600714035072	0.30555013007308
K02592	group	LPRD	-0.666808691944094	0.463989835780413	151	136	0.152780743254253	0.305806296043797
K13245	group	LPRD	0.413306940394957	0.287636849168739	151	72	0.152841398288935	0.305806296043797
K15784	group	LPRD	-0.829584651312846	0.577366841111366	151	112	0.152859523728597	0.305806296043797
K15634	group	LPRD	0.0500259209730452	0.0348280263414375	151	151	0.152993473823914	0.305953950822607
K18029	group	LPRD	-0.79879909867482	0.55616062711994	151	123	0.153020620768054	0.305953950822607
K03310	group	LPRD	0.0820271579106739	0.0571888312353688	151	151	0.153576029001154	0.3068893852047
K07306	group	LPRD	-0.453179987735905	0.31593764872382	151	150	0.153554490729691	0.3068893852047
K07783	group	LPRD	-0.431993480197294	0.301332084490905	151	151	0.153777965844356	0.307205340715001
K18013	group	LPRD	0.304149340131778	0.212284456417795	151	151	0.154025683517972	0.307612547424782
K00822	group	LPRD	-0.655405021956774	0.457657046305511	151	149	0.154213195203659	0.307811645323932
K11686	group	LPRD	-0.891168161161304	0.622269682182642	151	78	0.154202446736688	0.307811645323932
K07076	group	LPRD	-0.536456696338216	0.374830132214352	151	145	0.154467128597483	0.308230734833007
K06142	group	LPRD	-0.123958330031663	0.0866468479028288	151	151	0.15463424601415	0.308304644665697
K09476	group	LPRD	-0.717138483372574	0.501281937528808	151	128	0.154636109935035	0.308304644665697
K19585	group	LPRD	-1.07899390978757	0.754141647640011	151	105	0.154593579578742	0.308304644665697
K05525	group	LPRD	0.400334212970932	0.280327249318306	151	30	0.155356945009804	0.309653734580246
K01829	group	LPRD	-0.805633241917565	0.564716847952988	151	87	0.155783080701696	0.310414836759207
K08167	group	LPRD	0.389150192585031	0.272998352100847	151	151	0.156113713881115	0.310985261240868
K02078	group	LPRD	0.0465256531773572	0.0326537017409073	151	151	0.156300405549419	0.311169853949236
K04063	group	LPRD	0.612454959359061	0.42986914668588	151	151	0.156321409673224	0.311169853949236
K08295	group	LPRD	-0.706228992104189	0.495709008254502	151	133	0.156339547162512	0.311169853949236
K07712	group	LPRD	0.211614133912739	0.14855064507563	151	151	0.156385584550563	0.311173133039866
K17716	group	LPRD	0.318822918713643	0.223835937992784	151	151	0.156433342038117	0.311179831920318
K01812	group	LPRD	0.185859346087996	0.130501849399345	151	151	0.156482589775077	0.311189490588167
K02802	group	LPRD	0.330200049318528	0.231909995051114	151	151	0.156586897573014	0.311308608050718
K13275	group	LPRD	0.428485948500594	0.301262227111568	151	151	0.157028570476784	0.31209817948462
K01089	group	LPRD	-0.312932710330299	0.220091064253482	151	151	0.157164602897373	0.312280007457648
K12952	group	LPRD	0.178555169954834	0.125603816062085	151	151	0.157239547144345	0.312340386931668
K09127	group	LPRD	-0.578017754322789	0.406804387854692	151	143	0.157442786226863	0.312655504660143
K14160	group	LPRD	-0.68876168764689	0.484929134808844	151	148	0.157599378168361	0.312789252819991
K16317	group	LPRD	-0.580025618669468	0.408337956211018	151	73	0.157564490349018	0.312789252819991
K12287	group	LPRD	-0.661575558715994	0.466274326941007	151	73	0.158029771075071	0.31355468305583
K06934	group	LPRD	0.250284462264363	0.176522569414899	151	151	0.158319292626064	0.314040249379939
K01079	group	LPRD	0.0877694379085888	0.0619551812696036	151	151	0.158669657155911	0.314368305860338
K01844	group	LPRD	0.291029389019401	0.205475211247313	151	151	0.158753752174835	0.314368305860338
K06969	group	LPRD	0.0597274648309844	0.0421530786964268	151	151	0.158594318505613	0.314368305860338
K09859	group	LPRD	-0.681536063853276	0.481003958244684	151	142	0.158598690513649	0.314368305860338
K16963	group	LPRD	0.358340229682786	0.252927571487165	151	151	0.158637548592873	0.314368305860338
K18011	group	LPRD	0.291029389019401	0.205475211247313	151	151	0.158753752174835	0.314368305860338
K00176	group	LPRD	-0.177281355216875	0.12521324120261	151	151	0.15891061293396	0.314590058364039
K07168	group	LPRD	-0.755307771283351	0.533976254416861	151	146	0.159302336199955	0.315244992687782
K11337	group	LPRD	0.643453384238851	0.454930997143117	151	63	0.159331385034638	0.315244992687782
K01458	group	LPRD	-0.803498236943917	0.568356124823669	151	134	0.159529095058896	0.315547109583199
K00616	group	LPRD	-0.112738978957598	0.0797721589156128	151	151	0.159664308985716	0.31572547418614
K12280	group	LPRD	-0.637276054226137	0.451058956447339	151	79	0.159786987269903	0.31587895678568
K02294	group	LPRD	0.5554933789787	0.393443509084281	151	116	0.160071504005002	0.316173920280378
K08227	group	LPRD	-0.810034012786772	0.573681819120267	151	120	0.160037417001221	0.316173920280378
K10917	group	LPRD	-0.424401478543944	0.300539571599493	151	63	0.15999627039315	0.316173920280378
K00320	group	LPRD	0.624600146467877	0.442626413186729	151	82	0.160293055553391	0.316344121460943
K11261	group	LPRD	0.376318269699634	0.266630172285569	151	150	0.160215362450047	0.316344121460943
K19049	group	LPRD	-0.877614437521675	0.621876311370045	151	120	0.160259597560281	0.316344121460943
K02406	group	LPRD	-0.182056001834716	0.129041224436765	151	151	0.160377434325579	0.31642156336119
K00334	group	LPRD	-0.158727017613948	0.112629203683664	151	151	0.160833600686534	0.317232284978224
K01623	group	LPRD	0.242500807098216	0.172149811230786	151	151	0.161018629094709	0.317507901534153
K06432	group	LPRD	-0.87344817329383	0.620746657678568	151	78	0.161482387659414	0.318064494940291
K06714	group	LPRD	0.296525645695654	0.210693875650419	151	151	0.161398396989484	0.318064494940291
K10221	group	LPRD	-0.611523744030147	0.434546316310575	151	117	0.161430129112663	0.318064494940291
K19586	group	LPRD	-1.0624788647306	0.755030632112423	151	105	0.161450766514298	0.318064494940291
K10023	group	LPRD	-0.871334247854084	0.619526403666835	151	126	0.161672091536952	0.318348697099448
K09000	group	LPRD	-0.523530251195084	0.372324404226439	151	147	0.161772532617405	0.318457021524293
K16695	group	LPRD	-0.684940142487534	0.487253959464046	151	102	0.161890609428263	0.31859999216511
K09810	group	LPRD	0.0486725412013455	0.0346439462172998	151	151	0.162121583695844	0.318786059385096
K15584	group	LPRD	0.314249127358584	0.223673670997212	151	151	0.162119135719778	0.318786059385096
K18782	group	LPRD	-0.253582529687951	0.180477126906857	151	24	0.162082695890486	0.318786059385096
K01635	group	LPRD	0.237062368218293	0.16883177901228	151	151	0.16236004755195	0.319165432792813
K03827	group	LPRD	0.291840621364397	0.207912448778754	151	151	0.16249764054742	0.31934635835083103
K02075	group	LPRD	-0.31534437923468	0.224740630280078	151	151	0.16265313550634	0.319562354231908
K16322	group	LPRD	-0.710952984882678	0.506851424147258	151	139	0.162790931616692	0.319743466134215
K02004	group	LPRD	0.109524225964682	0.078103934472615	151	151	0.162909183807375	0.319886100417283
K04024	group	LPRD	0.324615008086526	0.231516767623714	151	151	0.162958383350234	0.319893102012081
K18012	group	LPRD	0.288610867015067	0.205875611153304	151	151	0.163033792860448	0.319951536380666
K18843	group	LPRD	-0.752192114048378	0.537411708834996	151	91	0.163694582506362	0.321158416840078
K06428	group	LPRD	-0.927498852241056	0.663342940997773	151	78	0.164125012760469	0.321687048287324
K07474	group	LPRD	0.304411878873699	0.217719862741442	151	151	0.164136324515329	0.321687048287324
K07651	group	LPRD	-0.706539832365053	0.505315669025851	151	143	0.164126347173968	0.321687048287324
K16146	group	LPRD	0.386922139522317	0.276739854736149	151	151	0.164147585124644	0.321687048287324
K15526	group	LPRD	0.381704102630905	0.273085712868864	151	151	0.164267256742367	0.321831601387364
K03648	group	LPRD	0.0709826889573957	0.0508010463924703	151	151	0.164410162384939	0.321887094764162
K06894	group	LPRD	0.20170675708509	0.144365913335149	151	151	0.164433336141293	0.321887094764162
K19597	group	LPRD	-0.645764098841709	0.462164286819814	151	84	0.164412358898571	0.321887094764162
K02254	group	LPRD	-1.0229456672461	0.732634769062794	151	76	0.16471410691222	0.322346702806998
K15525	group	LPRD	0.366298019420734	0.262390194725703	151	151	0.164789532444385	0.322404304335791
K07586	group	LPRD	-0.263574558592803	0.188957962397479	151	151	0.165126540547055	0.322883416801911
K10856	group	LPRD	-0.495539320712646	0.355250678814914	151	52	0.165121789282426	0.322883416801911
K03630	group	LPRD	-0.0240699927974638	0.017261630086223	151	151	0.165265926307919	0.323065851483133
K08481	group	LPRD	0.601820536844844	0.431982329095227	151	123	0.165646322003781	0.323628962443284
K09134	group	LPRD	0.215003862875264	0.154314882254745	151	151	0.165610091970213	0.323628962443284
K18092	group	LPRD	0.348882269012808	0.250561666599943	151	22	0.165875558864677	0.323986533196263
K12957	group	LPRD	-1.04112416372003	0.747947597111901	151	117	0.166004304215611	0.324147680376444
K18209	group	LPRD	0.350596025129225	0.251950443864316	151	37	0.166139463028639	0.324321257541285
K04019	group	LPRD	0.310182053376507	0.222991421043906	151	151	0.166297785309326	0.324449617316553
K06206	group	LPRD	-0.160727904903788	0.115538116048748	151	151	0.166261443587153	0.324449617316553
K12265	group	LPRD	-0.771381338951506	0.554913421439959	151	119	0.166573770995969	0.324897644597035
K19113	group	LPRD	-0.853061723843576	0.613990014252083	151	91	0.166791827823446	0.325232465380349
K07086	group	LPRD	-0.877232989874668	0.631571439149528	151	110	0.166914774832991	0.32538169398756
K12954	group	LPRD	0.46377104075916	0.334224417353763	151	149	0.167329473664593	0.326099419068333
K15785	group	LPRD	-0.826317757389776	0.595719921197514	151	116	0.167485427942582	0.326312631983741
K09749	group	LPRD	-0.229050377398994	0.165301892328498	151	151	0.16792472005136	0.327077601433741
K02100	group	LPRD	-0.833093713987393	0.601382478351694	151	116	0.168031840037876	0.327104470609694
K02371	group	LPRD	-0.140920683143669	0.101724668620662	151	151	0.168026615721574	0.327104470609694
K07341	group	LPRD	-0.167128222860564	0.120694805767809	151	151	0.168208844447849	0.327358134253033
K02076	group	LPRD	-0.306980817177058	0.221878039986419	151	151	0.168563594212367	0.327957478609129
K07350	group	LPRD	-0.845442819504902	0.611327935644039	151	115	0.168745718606181	0.328220723482055
K01322	group	LPRD	0.118953704321403	0.0860511572315994	151	151	0.168929690932562	0.328409319236882
K01990	group	LPRD	0.0752999798136429	0.054474758574718	151	151	0.16895085701758	0.328409319236882
K05600	group	LPRD	-0.854157178030516	0.618044142139788	151	73	0.169030074722778	0.328409319236882
K11311	group	LPRD	-0.854157178030516	0.618044142139788	151	73	0.169030074722778	0.328409319236882
K00394	group	LPRD	0.371441783731124	0.268802372343408	151	151	0.169089211539503	0.328433187279555
K00395	group	LPRD	0.371351149488811	0.26884565298931	151	151	0.169260793906741	0.328661509827158
K15852	group	LPRD	-0.767988986675793	0.556050154511733	151	73	0.169300529527228	0.328661509827158
K00177	group	LPRD	-0.17302117556994	0.125292220780491	151	151	0.169364807137195	0.328695265235808
K17810	group	LPRD	0.299530965356605	0.216993644128724	151	151	0.169540914976956	0.328945620473286
K17830	group	LPRD	0.866110078491593	0.627518103031297	151	84	0.169587656546427	0.328945620473286
K05804	group	LPRD	-0.849182729440639	0.615344301295786	151	125	0.169650008771072	0.328975535680557
K04084	group	LPRD	-0.0592328653706793	0.0429346576169903	151	151	0.169775231641372	0.329114730552123
K10253	group	LPRD	-0.745317967191555	0.540330071922135	151	129	0.169845835922959	0.329114730552123
K14086	group	LPRD	0.513723351752577	0.372446636417173	151	140	0.169862638393378	0.329114730552123
K09778	group	LPRD	0.23875979841402	0.173190084008949	151	151	0.170084501806235	0.329453539005722
K00007	group	LPRD	-0.896478682910839	0.650937660973991	151	85	0.170512370588621	0.330191082272439
K10716	group	LPRD	0.144047987332107	0.104662120586623	151	151	0.170789178106018	0.330635774240039
K13730	group	LPRD	0.258047217788688	0.187523132079423	151	151	0.170860955962119	0.330683407314868
K00006	group	LPRD	0.432365408115966	0.314638864617091	151	32	0.171454285536658	0.330735977328556
K00601	group	LPRD	0.433495033669015	0.315144787676182	151	32	0.171027722389355	0.330735977328556
K00633	group	LPRD	-0.270574397917543	0.196830713528688	151	151	0.171302142124412	0.330735977328556
K01302	group	LPRD	0.432365408115966	0.314638864617091	151	32	0.171454285536658	0.330735977328556
K01753	group	LPRD	0.264707166712431	0.192577976128281	151	151	0.171336192974091	0.330735977328556
K05807	group	LPRD	-0.0554747212314106	0.0403573745446263	151	151	0.171323316269609	0.330735977328556
K07374	group	LPRD	0.432365408115966	0.314638864617091	151	32	0.171454285536658	0.330735977328556
K09942	group	LPRD	-0.528486099499437	0.384208125256996	151	134	0.171034551674159	0.330735977328556
K13868	group	LPRD	0.432365408115966	0.314638864617091	151	32	0.171454285536658	0.330735977328556
K16438	group	LPRD	0.32174667466121	0.233962989353231	151	19	0.171132600782417	0.330735977328556
K19139	group	LPRD	0.304676612671479	0.221591580880346	151	151	0.17121198299726	0.330735977328556
K19689	group	LPRD	-0.166065266305811	0.120706902547106	151	151	0.170956535695784	0.330735977328556
K00111	group	LPRD	0.0947930902212846	0.0690447577372173	151	151	0.171839221208608	0.331387328933243
K11529	group	LPRD	-0.532348514778986	0.387820556211779	151	48	0.171918431347016	0.331448900919302
K05343	group	LPRD	0.347003252627143	0.252972984947056	151	151	0.17221853975526	0.331936201177996
K03802	group	LPRD	0.498934626781571	0.363837240315897	151	150	0.172339199375288	0.332077456740177
K08174	group	LPRD	-0.439017519590258	0.32021100818797	151	60	0.172428461698816	0.332158152379418
K00918	group	LPRD	0.836586304745941	0.610302708963004	151	88	0.172507169390033	0.332218477314322
K11013	group	LPRD	-0.574537934430349	0.419306170340982	151	50	0.172682029473578	0.33237260478028
K11015	group	LPRD	-0.574537934430349	0.419306170340982	151	50	0.172682029473578	0.33237260478028
K01471	group	LPRD	0.493155035940284	0.360089216248304	151	53	0.172892436292071	0.332623268130653
K13585	group	LPRD	0.431395968889197	0.31500518622676	151	83	0.172907159638816	0.332623268130653
K15659	group	LPRD	-0.529955722523517	0.387328515719446	151	70	0.173298806604833	0.333285222030145
K02410	group	LPRD	-0.174571261647342	0.127619266601916	151	151	0.173400744302028	0.333389801853323
K06959	group	LPRD	-0.0344548082521771	0.0251996323684161	151	151	0.173598438631759	0.333678380808508
K14762	group	LPRD	-0.779093762277345	0.569909479115501	151	114	0.173669107039324	0.333722708428086
K13924	group	LPRD	0.900646713919408	0.658912424623687	151	134	0.173725300670449	0.333739204631365
K12264	group	LPRD	-0.756549724661694	0.554135361698092	151	119	0.174222937720502	0.334603505046772
K01610	group	LPRD	-0.0966800007854424	0.0708380824972567	151	151	0.174372538279993	0.334707418768552
K03533	group	LPRD	0.461924720382779	0.338425259977393	151	137	0.174334499119063	0.334707418768552
K18902	group	LPRD	-0.749438861256453	0.549184121227454	151	137	0.174423423806684	0.334713441249618
K01069	group	LPRD	-0.235736892483533	0.172844527759842	151	151	0.174666349365882	0.335087878778006
K00833	group	LPRD	-0.141153632279611	0.103546575490385	151	151	0.174879078652562	0.335404197361002
K03166	group	LPRD	0.558278267585324	0.409725288995076	151	78	0.175074880526192	0.335448835974267
K03167	group	LPRD	0.558278267585324	0.409725288995076	151	78	0.175074880526192	0.335448835974267
K07273	group	LPRD	-0.200463215032329	0.147099239140605	151	151	0.175009416249313	0.335448835974267
K13012	group	LPRD	0.39967323482101	0.293336591364727	151	151	0.175093764740348	0.335448835974267
K00895	group	LPRD	-0.175065329889439	0.128542003690153	151	151	0.175275207293796	0.33570470030861
K03733	group	LPRD	0.0418394316484036	0.0307248825027554	151	151	0.175334011233819	0.335725599221271
K02847	group	LPRD	-0.20491552974801	0.15054674435656001	151	151	0.175523738441335	0.335997107174702
K13777	group	LPRD	-0.927479040017515	0.681585279274751	151	133	0.175641936584082	0.336131579430635
K00566	group	LPRD	0.0569774432316396	0.0418965249764665	151	151	0.17589793572256399	0.336162630702064
K00684	group	LPRD	-0.2475308045939	0.181993002461683	151	151	0.175848881356386	0.336162630702064
K01760	group	LPRD	-0.204107660066989	0.150044049451242	151	151	0.175783662745777	0.336162630702064
K04027	group	LPRD	0.299764196886499	0.220355510150965	151	151	0.175768518621011	0.336162630702064
K07005	group	LPRD	-0.159253863408655	0.117097292954106	151	151	0.175879971041928	0.336162630702064
K16960	group	LPRD	0.239175316283557	0.175958693124273	151	151	0.176114863877893	0.336485471731815
K15585	group	LPRD	0.303142435811424	0.223170008763119	151	151	0.176406511090743	0.33695085633409
K01845	group	LPRD	-0.0942224367915372	0.0694045263467413	151	151	0.176648453877444	0.337229210697409
K15311	group	LPRD	0.626645880824818	0.461558164154392	151	54	0.176619523040251	0.337229210697409
K02342	group	LPRD	-0.0494242050145955	0.0364161761141528	151	151	0.176768478455656	0.337336747516844
K10211	group	LPRD	-0.784074825847441	0.577756737371798	151	86	0.176801028584434	0.337336747516844
K06908	group	LPRD	-0.237498495850059	0.175112101251783	151	151	0.177066366549315	0.337751082860054
K06314	group	LPRD	-0.923995673238583	0.681439303587142	151	109	0.177167415086029	0.337851898735872
K11312	group	LPRD	0.306860335450821	0.226351304985551	151	151	0.177251688159006	0.337920678268869
K18703	group	LPRD	0.201536803155898	0.148696112030835	151	21	0.177353819065671	0.338023456131145
K13892	group	LPRD	-0.542668149054102	0.400585262077621	151	144	0.177567452385749	0.338338635831502
K02011	group	LPRD	-0.154688939719912	0.114238392189538	151	151	0.177758145777642	0.33851795759339
K12252	group	LPRD	-0.734306604304408	0.542243278486022	151	116	0.177722344007256	0.33851795759339
K03073	group	LPRD	-0.056891224937402	0.0420449093355715	151	151	0.178071165949714	0.339021964505023
K01676	group	LPRD	-0.0855634569723218	0.0632430534209388	151	151	0.17812714661542	0.339036464234075
K02525	group	LPRD	-0.582141371649794	0.430351911094066	151	145	0.17819742854595	0.339078168867294
K00595	group	LPRD	0.176216448523174	0.130289099095173	151	151	0.178263350748745	0.339111557326649
K05342	group	LPRD	0.585419939699093	0.432940482418097	151	148	0.178361753198232	0.339206698296149
K01133	group	LPRD	-0.384774347877316	0.284603140215302	151	151	0.178434179718829	0.339252400279087
K12253	group	LPRD	0.278099933473141	0.205776573562362	151	35	0.178594656368807	0.339465439573031
K16173	group	LPRD	-0.808435818599574	0.5982595644672	151	73	0.178643421252393	0.339466083756919
K06183	group	LPRD	-0.118714312295984	0.0878773476265939	151	151	0.178772426457587	0.339477084849369
K07721	group	LPRD	0.687131388054566	0.508685666860409	151	65	0.178808078567646	0.339477084849369
K10822	group	LPRD	0.201159499829641	0.148931065818615	151	21	0.178842920734482	0.339477084849369
K19609	group	LPRD	-0.969959601743194	0.717911310179429	151	94	0.178716040294172	0.339477084849369
K03451	group	LPRD	-0.204605261513481	0.151504523837789	151	151	0.178906622997891	0.339506071254796
K03383	group	LPRD	0.614756810106478	0.455916463552692	151	73	0.17957652447882	0.340592921157069
K11914	group	LPRD	-0.74265494130914	0.550746028638873	151	86	0.179558970497056	0.340592921157069
K14486	group	LPRD	0.366791241494442	0.272060527337163	151	17	0.179640911259108	0.340622880153191
K06915	group	LPRD	-0.224989488483202	0.16690070058984	151	151	0.179690066599803	0.340623949936349
K06946	group	LPRD	0.280486542446907	0.208118322083194	151	151	0.179792027440144	0.340725091201787
K07175	group	LPRD	0.244715013844129	0.181628502470562	151	151	0.179916671542621	0.340869153382101
K01286	group	LPRD	0.186396257914145	0.13838492123086	151	151	0.180044428840809	0.341019034362084
K11391	group	LPRD	-0.764256677617612	0.569372938166317	151	117	0.181547552337699	0.343773187976031
K17247	group	LPRD	-0.603484794560401	0.449732032360557	151	151	0.181677408650603	0.343926177326688
K03768	group	LPRD	0.0442999059601434	0.0330200657847094	151	151	0.181765030355396	0.343999153021417
K08191	group	LPRD	0.229089733581575	0.170805325980191	151	151	0.18188567896796	0.34413457748054
K04092	group	LPRD	-0.315331524392415	0.235187087188168	151	151	0.182036014029182	0.344326081582452
K04040	group	LPRD	0.611806923284024	0.456528603260617	151	118	0.182243650160925	0.344625839662283
K10219	group	LPRD	-0.584817431624576	0.436475917446043	151	116	0.18233009204801	0.34469631749098
K08738	group	LPRD	-0.250994515527517	0.187366424220703	151	151	0.182417736449109	0.344769030064237
K09149	group	LPRD	-0.195482391626721	0.145963618837285	151	16	0.182527303824624	0.344790191272061
K15511	group	LPRD	-0.594406108133449	0.443785321408079	151	90	0.182479938259277	0.344790191272061
K13472	group	LPRD	0.664059467088209	0.495931081181535	151	62	0.18260478224144	0.344843621635909
K02054	group	LPRD	0.390959772839873	0.292077686363174	151	151	0.182756965185296	0.345038062469411
K03269	group	LPRD	-0.0628540078471503	0.0469663306867646	151	151	0.182844467346269	0.345110316665953
K06433	group	LPRD	-0.906302636283886	0.677447612901181	151	92	0.182993575419993	0.345249928823985
K13380	group	LPRD	-0.535844391034082	0.400557138637919	151	40	0.183016938018535	0.345249928823985
K03093	group	LPRD	0.433963898190459	0.324505334337722	151	151	0.183159711288045	0.345426305119504
K15658	group	LPRD	-0.515244065898553	0.385567831364539	151	70	0.183480120968628	0.345937506183454
K00215	group	LPRD	-0.0265438221858868	0.0198810546725	151	151	0.1838695709563	0.346578567465358
K14670	group	LPRD	0.67486864134524	0.505810802460645	151	69	0.184163609431658	0.347039489816107
K05833	group	LPRD	-0.111469596145076	0.0836563297891042	151	151	0.184739825772661	0.347844796848335
K12429	group	LPRD	0.616480673098204	0.462610343282558	151	70	0.184693079451904	0.347844796848335
K16171	group	LPRD	-0.599073864353569	0.449542141893285	151	147	0.184687214106176	0.347844796848335
K02565	group	LPRD	0.260652259472219	0.195730606055791	151	151	0.184996075432138	0.348233751014847
K04102	group	LPRD	0.606002688648068	0.455182349720677	151	68	0.185110344169931	0.348355305404353
K02747	group	LPRD	0.258933997757359	0.194595569550986	151	151	0.185344764499532	0.34870284464351
K19090	group	LPRD	0.298251860604419	0.224255961184935	151	151	0.185563127492773	0.349019995633039
K07647	group	LPRD	-0.510156632676503	0.38379342259936	151	103	0.185797879895667	0.349334565690106
K15229	group	LPRD	0.76565643045712	0.57604957508273	151	95	0.185830042148132	0.349334565690106
K02661	group	LPRD	-0.816919844503361	0.614734309321727	151	93	0.185912711878841	0.349396276211978
K12282	group	LPRD	-0.845392650043061	0.636782605403802	151	96	0.186340668449314	0.350106696818464
K01488	group	LPRD	-0.193597949951859	0.145888994536676	151	151	0.186531264998157	0.350277033923675
K10771	group	LPRD	-0.298828637589843	0.22518075090358	151	151	0.186518430361255	0.350277033923675
K00602	group	LPRD	-0.0596615760806632	0.0449814365086258	151	151	0.186749933773766	0.350593742837199
K01029	group	LPRD	-0.432163099580413	0.326074468730686	151	151	0.187083421565107	0.351125779162356
K16136	group	LPRD	-0.765996394759669	0.578530552762549	151	118	0.18751803826669	0.351847282722028
K03495	group	LPRD	0.043669454796874	0.0330312283038749	151	151	0.188172272923614	0.352980367459068
K15518	group	LPRD	0.393106641277783	0.297581100959252	151	151	0.188524267474548	0.353546044675382
K08277	group	LPRD	-0.396078898852791	0.300020789607431	151	61	0.188802236672046	0.353877989056428
K10972	group	LPRD	-0.396078898852791	0.300020789607431	151	61	0.188802236672046	0.353877989056428
K02231	group	LPRD	0.142671782455279	0.10817099622892801	151	151	0.189210398027562	0.354358773757202
K05245	group	LPRD	0.827315646589784	0.627177301019402	151	85	0.189156059694556	0.354358773757202
K08173	group	LPRD	-0.688088789297199	0.521684231990108	151	134	0.189200761084142	0.354358773757202
K02788	group	LPRD	0.245696747046303	0.18637469636816	151	151	0.189428009009079	0.354380800922486
K04488	group	LPRD	-0.090202768598015	0.0684157234729357	151	151	0.18937584198837	0.354380800922486
K09992	group	LPRD	0.833302658618608	0.63217397350432	151	135	0.189474927511766	0.354380800922486
K11003	group	LPRD	-0.299528381620157	0.227184137984844	151	151	0.18937986370772	0.354380800922486
K11212	group	LPRD	1.23676759472492	0.937829483399315	151	107	0.18927425691493	0.354380800922486
K02425	group	LPRD	-0.628432993348228	0.476939751916102	151	111	0.189647929831154	0.354381527870221
K02803	group	LPRD	0.276850060268651	0.210145888990825	151	151	0.189720644994492	0.354381527870221
K11175	group	LPRD	-0.0521468581570339	0.0395832785181257	151	151	0.18972808474992	0.354381527870221
K14645	group	LPRD	0.364361939974929	0.276533139367103	151	151	0.189657696011054	0.354381527870221
K14671	group	LPRD	0.651394049343161	0.494360551159144	151	68	0.189643345457712	0.354381527870221
K11754	group	LPRD	0.0287121370100851	0.0218043212356297	151	151	0.189924219856657	0.354653378048791
K09844	group	LPRD	0.687807303246183	0.522431897411722	151	79	0.190011284912338	0.354673204393324
K11755	group	LPRD	-0.112927713336462	0.0857803534723438	151	151	0.19003602791745	0.354673204393324
K06595	group	LPRD	-1.06669375292798	0.810434691839219	151	92	0.190128309156723	0.354750984080019
K19423	group	LPRD	0.572996257652377	0.435626083285561	151	65	0.190416294125082	0.355193779089096
K00883	group	LPRD	-0.674691090788543	0.513675100635516	151	147	0.191047341033999	0.356029205363134
K07806	group	LPRD	-0.716827698126233	0.545640534287394	151	120	0.190954192303368	0.356029205363134
K14673	group	LPRD	0.649883711307897	0.494810435105712	151	68	0.19106731391956	0.356029205363134
K18770	group	LPRD	-0.791562580089981	0.602603494928268	151	77	0.191009600502472	0.356029205363134
K07281	group	LPRD	0.438164991304565	0.333999506728422	151	38	0.191580558248842	0.356890702451337
K12234	group	LPRD	1.19072184542392	0.907965174484606	151	112	0.191733835387393	0.357081345926043
K04023	group	LPRD	0.30244823640915	0.230857073291046	151	151	0.192174657387983	0.357807263821981
K09011	group	LPRD	0.256313377193694	0.195681747609705	151	151	0.192263128409764	0.357876933125981
K03407	group	LPRD	-0.166783966088454	0.127384161351437	151	151	0.192448515895401	0.358126917023297
K01781	group	LPRD	0.440494041481517	0.336613720999607	151	32	0.192683413107959	0.35837460244287
K16076	group	LPRD	-0.439736937771638	0.336035504075125	151	65	0.192683862568784	0.35837460244287
K16234	group	LPRD	0.318330517347068	0.243619962503338	151	151	0.193338558166858	0.35949689462856
K01929	group	LPRD	0.0272856965391966	0.0208907113054732	151	151	0.193525788510894	0.359749609509776
K06197	group	LPRD	-0.837898570842767	0.641933662840356	151	119	0.193811982296926	0.3598225608548
K07165	group	LPRD	-0.607520892151695	0.465484773433992	151	150	0.193858477045824	0.3598225608548
K13993	group	LPRD	-0.155734465532651	0.119290602115668	151	151	0.193733200387599	0.3598225608548
K17737	group	LPRD	-0.970005445739849	0.743236818923706	151	114	0.193867439167669	0.3598225608548
K18345	group	LPRD	0.646118872292149	0.495074924770058	151	141	0.193873011747301	0.3598225608548
K18837	group	LPRD	-0.541114258298094	0.414520762883861	151	75	0.193769746937831	0.3598225608548
K06294	group	LPRD	-0.887043850951757	0.679827734453707	151	109	0.193970262982496	0.359907766942112
K03476	group	LPRD	-0.236520682358521	0.181368358242394	151	151	0.194213862275973	0.360264401840319
K03727	group	LPRD	0.263092896494797	0.20179876997051	151	151	0.194333336461384	0.360390658358281
K11922	group	LPRD	0.463787778570954	0.355801636746641	151	60	0.19441427809124	0.36044540846855
K04794	group	LPRD	0.30214818492004	0.231905973786784	151	151	0.194621972186735	0.360735067432314
K15519	group	LPRD	0.388930826924812	0.298614543293379	151	151	0.194771821513154	0.360917385357443
K18352	group	LPRD	-0.713844304310258	0.548350009777063	151	113	0.194992373042424	0.361230585366646
K02480	group	LPRD	-0.780209163878505	0.599852862505339	151	133	0.195380295695327	0.361758022404712
K02745	group	LPRD	0.249720235776186	0.191973921239166	151	151	0.195334070953013	0.361758022404712
K10925	group	LPRD	-0.443215335426831	0.341026372057309	151	64	0.19572767848987	0.36230552580248
K11202	group	LPRD	0.339239057909121	0.261172648025484	151	151	0.195982229122989	0.362680946713873
K00737	group	LPRD	0.63026041721391	0.485450213784445	151	111	0.196189929224127	0.36287372133539
K03395	group	LPRD	-0.40881193779135	0.314868475841867	151	41	0.196170416650703	0.36287372133539
K03929	group	LPRD	-0.214964847789353	0.165648159886589	151	151	0.196389175105164	0.363146430358007
K02053	group	LPRD	0.361699146107531	0.278798889780413	151	151	0.19651662731098	0.363162303553505
K07444	group	LPRD	0.070965074769977	0.0547046053153303	151	151	0.196553178271327	0.363162303553505
K18534	group	LPRD	0.532011384707104	0.410062511746104	151	101	0.196501855974625	0.363162303553505
K15587	group	LPRD	0.286971306390215	0.221247102224798	151	151	0.196614557902509	0.363179987061024
K02435	group	LPRD	-0.0868212043929086	0.0669954305669098	151	151	0.197004395264404	0.363619099232835
K16081	group	LPRD	-0.929656620034058	0.717373541414255	151	97	0.197007894277647	0.363619099232835
K19292	group	LPRD	-0.929656620034058	0.717373541414255	151	97	0.197007894277647	0.363619099232835
K02434	group	LPRD	-0.0858128392022196	0.0662417448657445	151	151	0.19716861256577	0.3637504142324
K17865	group	LPRD	-0.292607948737779	0.225880876106044	151	151	0.19718282083924701	0.3637504142324
K03322	group	LPRD	-0.187663876410365	0.144912142932779	151	151	0.197316955002051	0.363902092755691
K19293	group	LPRD	-0.92866572751681	0.717436435314355	151	97	0.197522093308101	0.36408884409408
K19296	group	LPRD	-0.92866572751681	0.717436435314355	151	97	0.197522093308101	0.36408884409408
K02071	group	LPRD	-0.0886860520664841	0.0685220039443138	151	151	0.197574151312567	0.364089064327312
K11894	group	LPRD	-0.891514528594542	0.689329368730004	151	111	0.197906390489782	0.364605465790636
K06417	group	LPRD	-0.917021520146447	0.709359466752061	151	92	0.198099968837615	0.364866206398235
K02492	group	LPRD	-0.0903268863455379	0.0698803165895382	151	151	0.198152338731925	0.364866796561805
K19130	group	LPRD	-0.704969623926582	0.545756921958325	151	101	0.198451360843142	0.365321438947066
K01232	group	LPRD	0.292382232087404	0.226408899791709	151	151	0.198568189288933	0.365440537389189
K02821	group	LPRD	-0.211112437703862	0.163616230099875	151	151	0.198948659662358	0.365948597279751
K03343	group	LPRD	0.398399021883678	0.308763355093303	151	151	0.19894344193154	0.365948597279751
K09005	group	LPRD	0.299673785324392	0.232835523833709	151	151	0.200068471097377	0.367911852673824
K00720	group	LPRD	0.276576151132754	0.215025927018073	151	151	0.200352451029234	0.368337446030667
K08600	group	LPRD	0.238747789804337	0.185853175524868	151	151	0.200924166133911	0.369291663502548
K19540	group	LPRD	-0.963967466439405	0.750576693889099	151	84	0.201029453433705	0.369388327279233
K09251	group	LPRD	-0.464471800970042	0.361781935044738	151	145	0.20118918771884	0.369584959619777
K03887	group	LPRD	-0.850523122019849	0.663171579209018	151	114	0.201655987331169	0.370286518422105
K03888	group	LPRD	-0.850391353799393	0.663154346755335	151	114	0.201713813392712	0.370286518422105
K15782	group	LPRD	-0.740790452052621	0.577705377471661	151	116	0.20172955975093	0.370286518422105
K01556	group	LPRD	0.542007730248059	0.422925820264675	151	151	0.201985368727225	0.370659014339751
K02418	group	LPRD	-0.231536062005756	0.180777769658375	151	151	0.202261913162817	0.370923411933684
K05603	group	LPRD	-0.817654495498173	0.63844227523718	151	135	0.202288188847714	0.370923411933684
K19311	group	LPRD	0.464410120176119	0.362617294847091	151	84	0.202283053615045	0.370923411933684
K05578	group	LPRD	0.619718556077746	0.4839511361204	151	114	0.202345242109051	0.370931000832753
K05337	group	LPRD	0.16440473334121	0.12841373387747	151	151	0.202438412500308	0.371004776895989
K19647	group	LPRD	-0.387486163159348	0.302894704568399	151	18	0.202788206373258	0.371548700124553
K05341	group	LPRD	-0.342245513128493	0.267650356407553	151	151	0.20298946117854	0.371820256822985
K03275	group	LPRD	-0.35268778724715	0.27585394315144	151	56	0.203050198209905	0.371834349386478
K04030	group	LPRD	0.292651282846017	0.228983150175876	151	151	0.203220211315477	0.372048493424261
K06440	group	LPRD	-0.62205455904013	0.486889342876957	151	68	0.203374097002795	0.372233007830181
K01639	group	LPRD	0.0973759166298288	0.0762285211594945	151	151	0.203440489397548	0.372257329855603
K02639	group	LPRD	0.694565049654958	0.543842287049388	151	103	0.203537910911308	0.372338401745374
K19733	group	LPRD	-0.566674377236024	0.443848848065105	151	63	0.203684384068452	0.3725091396608
K13955	group	LPRD	-0.704737143980063	0.55212539705645	151	79	0.203797299394114	0.372618432121214
K19419	group	LPRD	0.574517789215051	0.450208882714651	151	130	0.203900884536368	0.372710612933491
K02315	group	LPRD	-0.195380494692193	0.153369022633889	151	151	0.204673831406155	0.374025953638463
K05275	group	LPRD	0.429160503903545	0.337514506325715	151	32	0.205520657037042	0.375475581399444
K08659	group	LPRD	-0.277703078806542	0.218562122144789	151	151	0.205854473973647	0.375987457674638
K00020	group	LPRD	-0.260437552551966	0.205118465600162	151	151	0.206173315967085	0.376177757659882
K08160	group	LPRD	-0.802913118439162	0.632346730713325	151	119	0.206158324025251	0.376177757659882
K17060	group	LPRD	-0.912507014760326	0.718613246731468	151	97	0.206129528178016	0.376177757659882
K17061	group	LPRD	-0.912507014760326	0.718613246731468	151	97	0.206129528178016	0.376177757659882
K02491	group	LPRD	-1.05185092918934	0.828975437579142	151	89	0.206470846098358	0.376622594626461
K18541	group	LPRD	-0.595484682452689	0.469406930029626	151	68	0.206565887466255	0.376697937340908
K12526	group	LPRD	-0.8504828529782	0.670630719891915	151	85	0.206710372064443	0.376863383139596
K06431	group	LPRD	-0.988803655684188	0.780350954483203	151	76	0.207086864480374	0.377255436592365
K07722	group	LPRD	-0.223717058763887	0.176521913887275	151	151	0.207003259273649	0.377255436592365
K18299	group	LPRD	-0.886933576372342	0.699927213638432	151	101	0.207068016501923	0.377255436592365
K03781	group	LPRD	-0.266802454929004	0.210641546626311	151	151	0.207268210488455	0.377487699538599
K00997	group	LPRD	-0.0827106449844245	0.0653439874690732	151	151	0.207570023157489	0.377742954915368
K10120	group	LPRD	-0.275397833049625	0.21752790788665	151	151	0.207476596778386	0.377742954915368
K15949	group	LPRD	0.399082314585592	0.315278241509541	151	23	0.207556795435467	0.377742954915368
K11936	group	LPRD	0.335435512463241	0.265038041841158	151	151	0.207627222272734	0.3777489821261
K00005	group	LPRD	-0.180387634476416	0.142596508377821	151	151	0.207838521208738	0.378035296749676
K18298	group	LPRD	-0.882908819145146	0.698099106103957	151	101	0.207941716614315	0.378124885464681
K05596	group	LPRD	0.342212481281117	0.270760064281595	151	151	0.208241217768889	0.378571300975081
K00872	group	LPRD	-0.0958530396551725	0.0758516912625628	151	151	0.208314789902662	0.378606864718087
K15976	group	LPRD	-0.447160732668349	0.354024924813594	151	72	0.208534458341155	0.378907867540564
K18428	group	LPRD	-0.647363895569801	0.512596845415458	151	126	0.208594152946665	0.378918116650977
K06074	group	LPRD	-0.670866331359651	0.531419394741212	151	127	0.208775480702064	0.379149253813852
K08981	group	LPRD	0.263211871303088	0.208646661299943	151	151	0.209093065305393	0.379529359862974
K10850	group	LPRD	-0.369181372002822	0.292619741419976	151	22	0.209049132398252	0.379529359862974
K02451	group	LPRD	-0.930324212373332	0.737667476567701	151	93	0.209218591865933	0.379568914746929
K03953	group	LPRD	-0.187336043410725	0.148546630444276	151	24	0.209234394816873	0.379568914746929
K15727	group	LPRD	0.307461856079603	0.243822529489201	151	151	0.209277297503121	0.379568914746929
K01839	group	LPRD	-0.140843569842442	0.111765203052634	151	151	0.209576757909116	0.379718823928146
K02358	group	LPRD	-0.0380069755728035	0.0301637041429101	151	151	0.209630791526665	0.379718823928146
K03980	group	LPRD	0.0957129402980625	0.0759560615799939	151	151	0.209599919015442	0.379718823928146
K09764	group	LPRD	0.314068442655802	0.249193149516098	151	151	0.209516450368246	0.379718823928146
K13778	group	LPRD	-0.842882977084938	0.668840657181534	151	133	0.20956193323238	0.379718823928146
K00965	group	LPRD	-0.103874446808857	0.0824819817231543	151	151	0.209869835813323	0.379765344035451
K05518	group	LPRD	-0.968010297997692	0.768658681976893	151	97	0.209873173009035	0.379765344035451
K11926	group	LPRD	-0.683680524918944	0.542706645617705	151	124	0.209725324503717	0.379765344035451
K19475	group	LPRD	0.402364006586685	0.319443468490837	151	34	0.209791043901946	0.379765344035451
K03753	group	LPRD	-0.202737624072586	0.161102088107561	151	151	0.21020028705864	0.380259099943501
K01652	group	LPRD	-0.0948246962471679	0.0753990605604216	151	151	0.210490340488816	0.380626501088105
K05827	group	LPRD	0.745168095301768	0.59254240045781	151	114	0.210511974995518	0.380626501088105
K05517	group	LPRD	-0.769149191978899	0.612244458713146	151	117	0.210981357623901	0.381376822316541
K02481	group	LPRD	0.182927884118698	0.14566631948899	151	151	0.211153840818717	0.381522623225955
K02786	group	LPRD	0.236089317152379	0.188006062540612	151	151	0.211170867063724	0.381522623225955
K07147	group	LPRD	-0.570744950310361	0.454597833385307	151	151	0.211264743901065	0.381593881666185
K05880	group	LPRD	-0.736898226176226	0.587278523233077	151	90	0.211527636529439	0.381839158175354
K07681	group	LPRD	-0.729128105993463	0.581114291463843	151	83	0.211549721026614	0.381839158175354
K18700	group	LPRD	0.505910877111832	0.4032230347081	151	72	0.211563950121694	0.381839158175354
K13614	group	LPRD	0.631766337134036	0.504728837763417	151	68	0.212642646943695	0.38368724712363
K05301	group	LPRD	-0.634113765003748	0.506670511922914	151	101	0.212702167217368	0.383695880646873
K05966	group	LPRD	0.268459071601328	0.214579948845008	151	151	0.212862071632525	0.383885547245692
K01416	group	LPRD	0.566494038194864	0.453008137819558	151	75	0.213071273274194	0.384065216161507
K02408	group	LPRD	-0.158307595449037	0.126591808348622	151	151	0.213064136408767	0.384065216161507
K10985	group	LPRD	-0.498291164755309	0.398776948110791	151	77	0.213423754098225	0.384502831207545
K10986	group	LPRD	-0.498291164755309	0.398776948110791	151	77	0.213423754098225	0.384502831207545
K08224	group	LPRD	-0.552465064472411	0.442354954412384	151	149	0.213653669438219	0.384719296882075
K12276	group	LPRD	-0.655079906265014	0.524469563594144	151	94	0.213611645677269	0.384719296882075
K07672	group	LPRD	-0.402423581750756	0.322325137145492	151	60	0.213805443937338	0.384893724191253
K04058	group	LPRD	-0.659181612370181	0.528380727964308	151	94	0.21415292049315	0.385321348217911
K17490	group	LPRD	-0.460074683670364	0.368751680206898	151	84	0.214114912905923	0.385321348217911
K14680	group	LPRD	0.405663061703205	0.325225892477372	151	58	0.214234546021353	0.385369301413828
K18093	group	LPRD	-0.846020007974343	0.678697789010124	151	97	0.214524468468826	0.385791822464461
K16213	group	LPRD	0.220393097484957	0.176836398320291	151	151	0.214606242219615	0.385839896886253
K17733	group	LPRD	0.270788095036717	0.21734718643732	151	151	0.214764603578873	0.386025607971257
K19709	group	LPRD	-0.379966545231383	0.30509702559377	151	58	0.214941248277119	0.386244078549758
K01486	group	LPRD	0.186592450742051	0.149887255819981	151	151	0.215128299722853	0.386481133023372
K12410	group	LPRD	0.0556619860880048	0.0447298235179946	151	151	0.215304693830777	0.386698924866448
K03815	group	LPRD	-0.711360478246478	0.57191009815858	151	104	0.215514449452611	0.386976508878792
K04039	group	LPRD	0.595662443135708	0.479030516598404	151	55	0.21564579885117	0.387113201010679
K01590	group	LPRD	0.699545365985565	0.562892615976497	151	117	0.215905239239767	0.387479704831226
K04026	group	LPRD	0.284740772948099	0.229197111783344	151	151	0.216062825011615	0.387663271904638
K00651	group	LPRD	-0.126391504204559	0.101767678857598	151	151	0.216202229541305	0.387714921740739
K02362	group	LPRD	-0.817837761918512	0.658493703892066	151	122	0.216194318358308	0.387714921740739
K01580	group	LPRD	0.278396526011249	0.224265868541461	151	151	0.216420456962505	0.388007008518455
K01180	group	LPRD	-0.206261613300518	0.166347982502511	151	22	0.216946572835001	0.388453505893582
K11415	group	LPRD	-0.206261613300518	0.166347982502511	151	22	0.216946572835001	0.388453505893582
K13524	group	LPRD	-0.206261613300516	0.166347982502511	151	22	0.216946572835003	0.388453505893582
K13811	group	LPRD	-0.206261613300518	0.166347982502511	151	22	0.216946572835001	0.388453505893582
K15528	group	LPRD	-0.206261613300518	0.166347982502511	151	22	0.216946572835001	0.388453505893582
K02407	group	LPRD	-0.152046697840244	0.122647740641388	151	151	0.217034436759888	0.388511593893467
K09879	group	LPRD	0.599951524605345	0.484050349947739	151	85	0.217131141942145	0.38858547485689
K07222	group	LPRD	0.847166418261178	0.684137289609377	151	146	0.217552723654643	0.389157099938125
K13938	group	LPRD	-0.812954829134745	0.656522099894871	151	123	0.21756157983702	0.389157099938125
K15660	group	LPRD	-0.49178587814078	0.397293870713313	151	70	0.217722698838723	0.389345948688634
K00991	group	LPRD	0.0580228259784056	0.0468924717034014	151	151	0.217900251205896	0.389564080834821
K03499	group	LPRD	0.0403462350609699	0.0326335037603498	151	151	0.218276104140249	0.390136534937058
K04032	group	LPRD	0.284261478277448	0.23001731865047	151	151	0.218467903761535	0.390379812737284
K01704	group	LPRD	-0.078716115451102	0.0637047663906194	151	151	0.218537264000968	0.390404235638834
K06299	group	LPRD	-0.850960240094223	0.689235330314779	151	95	0.218906578568839	0.390964360705112
K10913	group	LPRD	-0.343806379470896	0.278646080247376	151	61	0.219202936843245	0.391393934608036
K17950	group	LPRD	0.477313256339086	0.386983960859799	151	109	0.219361807671075	0.391577863960845
K08720	group	LPRD	-0.563806464629519	0.457355283512868	151	74	0.219609131698407	0.3919195552968
K05997	group	LPRD	-0.695273470348325	0.564225907650247	151	119	0.219792642528753	0.39204743616452
K19721	group	LPRD	0.281042724938882	0.228048051875352	151	26	0.219746848354127	0.39204743616452
K11533	group	LPRD	0.225298057488252	0.182897750076587	151	151	0.219954881654591	0.392237018671759
K19212	group	LPRD	0.903882243542649	0.734017062835027	151	59	0.220106406825686	0.392407403827075
K06971	group	LPRD	0.28626985933674	0.232528374410663	151	151	0.220218473066501	0.392407599439799
K19290	group	LPRD	-0.876417587407179	0.711866029437921	151	100	0.220204577613251	0.392407599439799
K07263	group	LPRD	-0.0707927565110498	0.0575318113311166	151	151	0.220449871806827	0.392720101998947
K06419	group	LPRD	-0.744395774117886	0.605257991847128	151	82	0.220679760069894	0.392954686558304
K15923	group	LPRD	-0.153689076097447	0.124966263054323	151	151	0.220693666330962	0.392954686558304
K03671	group	LPRD	0.0410435055872496	0.0334188302644233	151	151	0.221325258019641	0.393979192157868
K05520	group	LPRD	-0.460562091353215	0.375050885689383	151	151	0.221383687558059	0.393983155567909
K11932	group	LPRD	-0.79683113645504	0.648997367568834	151	120	0.221462678380208	0.394023699351588
K07015	group	LPRD	0.152925646205084	0.124607012223569	151	151	0.221659061102148	0.394273031800572
K13626	group	LPRD	-0.16875253317941	0.137608219597501	151	151	0.222010518723054	0.394798005136634
K17892	group	LPRD	0.498723576401221	0.406936917256572	151	106	0.222299814914534	0.395212199480315
K00856	group	LPRD	-0.236102960270327	0.192720334452843	151	151	0.222468187919822	0.395411256926458
K12281	group	LPRD	-0.525947135706924	0.429474223621419	151	77	0.222647172184304	0.39562906895107
K19610	group	LPRD	-0.87226251913696	0.713157733677838	151	96	0.223223221757008	0.396552150156266
K06978	group	LPRD	0.377786514214057	0.308918199972651	151	151	0.223285430117603	0.396562164966911
K03416	group	LPRD	-0.451406347470896	0.369425881232578	151	84	0.223670068516085	0.397144675860627
K06955	group	LPRD	-0.62420680255909	0.511534611425939	151	144	0.224292920421443	0.398149752381443
K01912	group	LPRD	0.201440370081754	0.165195759014827	151	151	0.224617690440562	0.398625318984389
K06891	group	LPRD	-0.188913158381809	0.155043309174625	151	151	0.224977184898997	0.398986382929239
K07813	group	LPRD	0.33822855946208	0.277597109902153	151	151	0.224991893255247	0.398986382929239
K12516	group	LPRD	0.274174142703817	0.224985720901937	151	151	0.224910936179861	0.398986382929239
K01449	group	LPRD	0.218303706667249	0.179337691528456	151	151	0.225423126510344	0.399650004258349
K10780	group	LPRD	-0.838806511214555	0.689723580675734	151	93	0.22585137777627	0.400308004604717
K00831	group	LPRD	-0.0369759032562301	0.030411173408749	151	151	0.225958896181502	0.400397336256908
K08682	group	LPRD	-0.656814814160762	0.540443453599917	151	123	0.226164103581931	0.400659683120883
K13049	group	LPRD	0.252352010741977	0.208077811007487	151	151	0.227134353723777	0.402276861951409
K02623	group	LPRD	-0.650525775055153	0.536629807215627	151	118	0.227338045829006	0.40253591847975
K02405	group	LPRD	-0.155933893262621	0.128687403152671	151	151	0.227535334543661	0.402783508876532
K03540	group	LPRD	0.529131767486307	0.436951444564632	151	75	0.227827058410655	0.403198101352863
K06215	group	LPRD	0.140673331065921	0.11618645001369	151	151	0.22790630072901	0.403236539149511
K10824	group	LPRD	0.272525101110198	0.225138741682311	151	151	0.228012880569931	0.403290303935252
K19141	group	LPRD	-0.47722883587163	0.394281930526921	151	144	0.228051749614742	0.403290303935252
K02388	group	LPRD	-0.152567281855893	0.126115993271163	151	151	0.22829536487977	0.403619295789958
K11382	group	LPRD	-0.719198089545586	0.594697474176453	151	92	0.228443351061735	0.40377909504356
K18987	group	LPRD	-0.3580201517672	0.296111363333853	151	149	0.228550007541636	0.403865780909219
K07696	group	LPRD	-0.462396109858883	0.382550794675158	151	145	0.228685790747665	0.403902089478744
K08603	group	LPRD	0.376739082674156	0.311661546417337	151	29	0.228651248539293	0.403902089478744
K03680	group	LPRD	0.477357948058562	0.395012563927548	151	47	0.228783707815708	0.403973247301791
K16212	group	LPRD	0.21893681593766	0.181275730991126	151	151	0.229054763555814	0.404350010709206
K16693	group	LPRD	-0.653325197211524	0.541065775554154	151	123	0.229161223686602	0.404436097191107
K05996	group	LPRD	-0.344836115799043	0.285803152545824	151	56	0.229517223586365	0.404962430742618
K03191	group	LPRD	0.592701962509563	0.491664524028656	151	138	0.229920989775089	0.405572757504623
K13829	group	LPRD	0.242200308888706	0.201029234716904	151	151	0.230190106237498	0.405945319427638
K06604	group	LPRD	-0.318950227892333	0.264798734873128	151	57	0.23030594842652	0.406047459373718
K11521	group	LPRD	0.493338064504549	0.409716568353121	151	113	0.230461808582862	0.40622008503039
K02746	group	LPRD	0.243464594369238	0.202458216754665	151	151	0.231060946472943	0.406969154466163
K11145	group	LPRD	-0.125759357235664	0.104573290997769	151	151	0.231040502103196	0.406969154466163
K15228	group	LPRD	0.691326367184773	0.574753105925633	151	97	0.230952580844886	0.406969154466163
K00605	group	LPRD	-0.0697791888997102	0.0581098911605819	151	151	0.231728723098266	0.407940318663698
K01950	group	LPRD	-0.127619062385366	0.106265597846035	151	151	0.231678450507315	0.407940318663698
K01078	group	LPRD	-0.841398902931833	0.701080090146609	151	127	0.231987101118445	0.408292638423375
K00952	group	LPRD	0.325501670441844	0.271276216362668	151	151	0.23208638972298	0.408364857419199
K02412	group	LPRD	-0.152029058387135	0.126789314893161	151	151	0.232404790059974	0.408694056183309
K02488	group	LPRD	0.653499185052348	0.544931337298469	151	145	0.232341310090055	0.408694056183309
K13564	group	LPRD	0.259172809497666	0.216165420803944	151	17	0.232448388302832	0.408694056183309
K05964	group	LPRD	0.281634862145887	0.235113364401711	151	151	0.232870282915449	0.409230554835121
K06610	group	LPRD	0.564685908229603	0.471387819660738	151	88	0.23284940807011	0.409230554835121
K13623	group	LPRD	-0.675124051071571	0.563699753179185	151	119	0.23294883322347	0.409265995212161
K06896	group	LPRD	0.16143955311551	0.134890894183771	151	151	0.23327913197342	0.409743601887666
K13580	group	LPRD	-0.638640254482931	0.533823373808682	151	125	0.233459743653844	0.409958116987336
K16090	group	LPRD	-0.515865222955645	0.431298356238535	151	151	0.233567150003993	0.41004400739494
K18237	group	LPRD	-0.250441249705274	0.20944485966049	151	25	0.233698178503949	0.410171314800372
K05889	group	LPRD	0.569161483088749	0.476080427192211	151	64	0.233784953334099	0.410220906851573
K02464	group	LPRD	-0.700482438673958	0.586350022125159	151	90	0.234122416526464	0.410710245207836
K02416	group	LPRD	-0.154927712779867	0.129794461212589	151	151	0.234516263980277	0.411195350300585
K12283	group	LPRD	-0.560461941250654	0.469539239236861	151	79	0.234514885682983	0.411195350300585
K02850	group	LPRD	0.29611543422587	0.248379418991674	151	151	0.235082060812081	0.411981311573172
K03431	group	LPRD	-0.0816787733184644	0.0685091166979726	151	151	0.235065537922971	0.411981311573172
K02025	group	LPRD	0.139097802859961	0.116761868996817	151	151	0.235432084968706	0.412285514771579
K03523	group	LPRD	-0.125581778371472	0.105396958415374	151	151	0.235346964459425	0.412285514771579
K18218	group	LPRD	-0.411580530176526	0.345480505343702	151	67	0.235419159509783	0.412285514771579
K08314	group	LPRD	0.270485769490455	0.227146102876	151	151	0.235625382871003	0.412520962518914
K07045	group	LPRD	0.160119286759244	0.134507273141109	151	151	0.235777009475666	0.412683354912464
K01303	group	LPRD	0.272193683381896	0.228818206800315	151	151	0.236110292016565	0.412860150107236
K01438	group	LPRD	-0.236271100729666	0.198621483401435	151	151	0.236113600824523	0.412860150107236
K12065	group	LPRD	-0.715715659957277	0.601449650819202	151	116	0.235945172769224	0.412860150107236
K14052	group	LPRD	-0.790700620043987	0.66455462616798	151	93	0.236009432774484	0.412860150107236
K09706	group	LPRD	0.369677867592188	0.310909002123686	151	151	0.23632219056264	0.413065398753622
K10710	group	LPRD	0.294632251615575	0.247899063322774	151	149	0.236520639884936	0.413065398753622
K12149	group	LPRD	-0.620092000347319	0.521790512237763	151	123	0.236569462240256	0.413065398753622
K16918	group	LPRD	-0.41756265761748	0.351262890799546	151	64	0.236430427465304	0.413065398753622
K16920	group	LPRD	-0.41756265761748	0.351262890799546	151	64	0.236430427465304	0.413065398753622
K18320	group	LPRD	-0.716087390568781	0.602587480668205	151	132	0.236584532952324	0.413065398753622
K02419	group	LPRD	-0.150846002962793	0.127026278155785	151	151	0.236912974233243	0.41336504768008
K04046	group	LPRD	-0.55990365189009	0.471510924740553	151	149	0.236933061566129	0.41336504768008
K19736	group	LPRD	-0.662725998846516	0.558030269403972	151	113	0.236874270682144	0.41336504768008
K03287	group	LPRD	0.290544711759944	0.244802182284363	151	151	0.237173637191532	0.413681810577915
K05846	group	LPRD	0.111409296870379	0.0939801845184434	151	151	0.237724672271399	0.414333653063776
K07219	group	LPRD	0.3089183987665	0.26053401967999	151	151	0.23762338494839	0.414333653063776
K18642	group	LPRD	-0.238219515169209	0.200937294581276	151	20	0.237690642696055	0.414333653063776
K11085	group	LPRD	-0.032740918275319	0.0276270671737588	151	151	0.237863472375477	0.414369518228651
K18982	group	LPRD	-0.510589256754315	0.430830777153253	151	39	0.237853922062608	0.414369518228651
K02765	group	LPRD	0.183940489802799	0.155289620063404	151	151	0.238101348238454	0.414373723133133
K07116	group	LPRD	-0.7495615646233	0.632809971095659	151	138	0.238102333349538	0.414373723133133
K09866	group	LPRD	0.272305093375119	0.229859824910644	151	26	0.238039194519438	0.414373723133133
K13722	group	LPRD	0.272305093375119	0.229859824910644	151	26	0.238039194519438	0.414373723133133
K01015	group	LPRD	-0.492184086614411	0.415835910947883	151	63	0.238455663293761	0.414885629111259
K02392	group	LPRD	-0.153242880548667	0.129522335521412	151	151	0.238638531059988	0.415100769908317
K01154	group	LPRD	0.0917201609064086	0.0775664905049448	151	151	0.238902196815652	0.415456313489884
K04564	group	LPRD	-0.0703810987812782	0.0595326255834786	151	151	0.238998712293188	0.415521074696241
K07442	group	LPRD	0.237074556454751	0.200638596634321	151	151	0.239246916946014	0.415849463870955
K05879	group	LPRD	-0.139731020496279	0.118287188335189	151	151	0.239371117106939	0.415962203995945
K01081	group	LPRD	0.145846749672441	0.123635762628197	151	151	0.240020068991462	0.416680418892585
K01865	group	LPRD	-0.358906072546516	0.304275321587422	151	22	0.240061622253896	0.416680418892585
K07358	group	LPRD	-0.739620562872973	0.626867617890958	151	89	0.239933341470093	0.416680418892585
K13482	group	LPRD	-0.659811838623275	0.55934762504087	151	147	0.24003551692492	0.416680418892585
K16922	group	LPRD	-0.418378187232812	0.354710075488336	151	147	0.240081627946812	0.416680418892585
K01220	group	LPRD	0.22319807272307499	0.189487234271614	151	151	0.240712146591524	0.41755611213242
K12527	group	LPRD	-0.241889943789818	0.205379099206211	151	151	0.240764879492046	0.41755611213242
K18775	group	LPRD	-0.57791209211947	0.490600976628777	151	137	0.240687470522748	0.41755611213242
K00683	group	LPRD	-0.613572092332202	0.521525363591317	151	70	0.2412732016811	0.418334193367428
K12251	group	LPRD	-0.122099607123628	0.103842472958012	151	151	0.241543856434106	0.418699909397399
K13527	group	LPRD	0.241882227077049	0.205888219628828	151	151	0.241939595976582	0.419189501816384
K19236	group	LPRD	-0.634035823203381	0.539693482119486	151	125	0.241945895056932	0.419189501816384
K13963	group	LPRD	-0.244905398666367	0.208496715410914	151	151	0.242018718576792	0.419212062570623
K07480	group	LPRD	-0.519645680325346	0.442676336748291	151	135	0.242318905262911	0.419628341376732
K05962	group	LPRD	-0.606402188178974	0.517011954945367	151	101	0.242708472257908	0.420199157947131
K00796	group	LPRD	-0.0201306205061024	0.0171659638606639	151	151	0.24278536179278	0.420228490411701
K09009	group	LPRD	0.243447565325171	0.207738199202983	151	151	0.243109243386267	0.420685212574114
K07692	group	LPRD	-0.804514406657471	0.686901269912302	151	107	0.243378834530826	0.421047786293458
K12064	group	LPRD	-0.740584470910499	0.632493198659737	151	105	0.243509309628445	0.421169568343301
K16135	group	LPRD	-0.712061324605502	0.608375794142771	151	100	0.243696534637182	0.421389419784569
K16368	group	LPRD	-0.352681259489628	0.301398000126085	151	44	0.243808334948225	0.421478773856241
K00563	group	LPRD	-0.201476908067848	0.172320481423589	151	151	0.244190574035012	0.421788993697538
K08961	group	LPRD	0.233330628345615	0.19958064446871	151	151	0.244228462969801	0.421788993697538
K11925	group	LPRD	-0.629368001979108	0.53826416860136606	151	125	0.244168077522991	0.421788993697538
K14591	group	LPRD	-0.589432217437184	0.503990423250442	151	139	0.244057388992488	0.421788993697538
K03653	group	LPRD	0.265114058335688	0.226820283556479	151	151	0.244339234950498	0.42187636379384
K07483	group	LPRD	-0.0917226442061019	0.0784999845364144	151	151	0.244494794879489	0.422041002734602
K13815	group	LPRD	-0.699185391011437	0.598670760231626	151	94	0.244713987244326	0.42231537434336
K02387	group	LPRD	-0.147991044471143	0.126865778894722	151	151	0.245269282094292	0.423169497287962
K07269	group	LPRD	-0.628010433449263	0.538564561951692	151	125	0.245444414226656	0.423367456626195
K19068	group	LPRD	0.280314728215408	0.24046098098572	151	151	0.245582692778719	0.423501765406843
K00008	group	LPRD	0.209383535678835	0.179783463795885	151	151	0.246024858644859	0.423996573694148
K00548	group	LPRD	-0.0973401583674087	0.0835889102568083	151	151	0.246078338183196	0.423996573694148
K01113	group	LPRD	0.298116503876735	0.256033036928185	151	151	0.246136120910438	0.423996573694148
K07169	group	LPRD	-0.686712594139459	0.589704697956283	151	63	0.246081543111022	0.423996573694148
K10236	group	LPRD	-0.773407402695887	0.664280489249223	151	121	0.246172047779626	0.423996573694148
K01703	group	LPRD	-0.0735290281968686	0.0631813771028815	151	151	0.246374618751591	0.424032918597755
K08641	group	LPRD	-0.137465134852248	0.118116160005018	151	151	0.246359995794078	0.424032918597755
K09819	group	LPRD	0.213681749078574	0.183605486337602	151	151	0.246361584647592	0.424032918597755
K18005	group	LPRD	-0.467036211035925	0.40154261412812	151	140	0.246646249107173	0.424396221463251
K02400	group	LPRD	-0.147287404392961	0.126701589138728	151	151	0.246901186289857	0.424730629666723
K01533	group	LPRD	0.065906727724669	0.0567208696785072	151	151	0.247114256313516	0.424992869665788
K12067	group	LPRD	-0.742333787093275	0.639729607937234	151	105	0.247747224325194	0.425976954260391
K14338	group	LPRD	-0.631911558931211	0.545042102347398	151	120	0.248155415208227	0.426469590735393
K17320	group	LPRD	0.169354734305537	0.146065778058055	151	151	0.248130892948072	0.426469590735393
K07313	group	LPRD	0.168332506558584	0.14525335442949	151	151	0.248355396882906	0.426708659840483
K00603	group	LPRD	-0.144194372107882	0.124453630868352	151	151	0.248465014246875	0.426792391538984
K01464	group	LPRD	0.177948511411734	0.153693240114232	151	151	0.248791643557529	0.42714411494937
K17319	group	LPRD	0.169364657169824	0.146269811156279	151	151	0.248760735431296	0.42714411494937
K02072	group	LPRD	-0.0833165549790005	0.0720492734862304	151	151	0.249375245919896	0.427622425121935
K07023	group	LPRD	-0.174931636543756	0.151267579920231	151	151	0.249352671703457	0.427622425121935
K09019	group	LPRD	0.362029906345747	0.31296922388815	151	151	0.249222114256911	0.427622425121935
K11383	group	LPRD	-0.776947075825086	0.671805312720639	151	97	0.249324997422078	0.427622425121935
K14954	group	LPRD	0.646739641846774	0.559219992763916	151	88	0.249326310743636	0.427622425121935
K00151	group	LPRD	-0.740083923849182	0.640283151392798	151	135	0.249584489708371	0.427792070313108
K00596	group	LPRD	0.647926832299244	0.560640038354372	151	79	0.249657255299704	0.427792070313108
K11622	group	LPRD	-0.931234223308314	0.805778610207801	151	95	0.249655803237019	0.427792070313108
K00984	group	LPRD	0.444249036710217	0.384602527731975	151	147	0.249904203857004	0.428005978264745
K01269	group	LPRD	0.282475030142722	0.244527985173644	151	151	0.249863891892304	0.428005978264745
K07536	group	LPRD	-0.464134944580837	0.401970807788719	151	88	0.250082913964653	0.428207432069423
K00759	group	LPRD	0.0367661284702541	0.0318517297784414	151	151	0.250229361092587	0.428270208275742
K13727	group	LPRD	-0.595440466955544	0.515863608816053	151	111	0.250241765063829	0.428270208275742
K01186	group	LPRD	0.137489295312333	0.119196612471392	151	151	0.250565911612194	0.428406595219873
K02182	group	LPRD	0.415600804455572	0.360241405804609	151	147	0.250481439024547	0.428406595219873
K06312	group	LPRD	-0.57455822625167	0.498012766312542	151	71	0.250469687596684	0.428406595219873
K18300	group	LPRD	-0.776529969907777	0.673213590055324	151	102	0.250565504925037	0.428406595219873
K16347	group	LPRD	-0.682686476924622	0.591997911951496	151	103	0.250678705809362	0.428494934826537
K13798	group	LPRD	0.328338658779546	0.284767620804107	151	37	0.250754428678485	0.428519879335978
K10123	group	LPRD	-0.318071802179603	0.27601514028859	151	61	0.251014227007252	0.428650360857695
K10911	group	LPRD	-0.318071802179603	0.27601514028859	151	61	0.251014227007252	0.428650360857695
K10922	group	LPRD	-0.318071802179603	0.27601514028859	151	61	0.251014227007252	0.428650360857695
K01210	group	LPRD	0.19515515812765	0.169460356043644	151	151	0.25131883753008	0.428961541535393
K06423	group	LPRD	0.378837677769781	0.328928260550998	151	150	0.251275308979851	0.428961541535393
K01121	group	LPRD	0.28621719639534	0.248639107961787	151	151	0.251520576531598	0.429019682310443
K06907	group	LPRD	0.130951129732866	0.1137496489629	151	151	0.251484820423417	0.429019682310443
K11178	group	LPRD	0.720278950590069	0.625733049771876	151	144	0.251536504179161	0.429019682310443
K00039	group	LPRD	-0.594549520178205	0.51696107251631	151	112	0.25195112214901	0.429622322127113
K02040	group	LPRD	-0.100767040445811	0.0876329372715115	151	151	0.252037070062966	0.429664363118042
K00870	group	LPRD	0.285839110415327	0.248658660620403	151	151	0.252181754823503	0.429806491931135
K02300	group	LPRD	-0.466270138942169	0.40580158196030103	151	150	0.252392919056722	0.430061828533695
K14268	group	LPRD	-0.773181627454923	0.673415178018479	151	97	0.252746650401168	0.430559907487773
K01761	group	LPRD	-0.141517301844245	0.123353048852046	151	151	0.253115404481497	0.431083329789915
K01176	group	LPRD	-0.137927156991114	0.120369827217171	151	151	0.253689432101896	0.431880127897095
K07697	group	LPRD	-0.872204157716592	0.761205049959022	151	90	0.253706471709021	0.431880127897095
K03466	group	LPRD	-0.0394481028732833	0.0344353380986879	151	151	0.253809570885952	0.431897500132013
K05306	group	LPRD	0.256479641396723	0.223902524665214	151	151	0.253839900220241	0.431897500132013
K05841	group	LPRD	0.48649167122968	0.42546746009748	151	53	0.254694451939537	0.433246325672448
K09965	group	LPRD	-0.651686596286472	0.570277854859487	151	126	0.254974136700378	0.433616860327426
K16562	group	LPRD	-0.600896638881927	0.525919647734654	151	66	0.255052462534413	0.433644861112354
K07462	group	LPRD	0.0375484360682865	0.0328796390545523	151	151	0.255287311267775	0.43393890688339
K13533	group	LPRD	-0.831227129445511	0.728351341235899	151	87	0.255598975788242	0.434363350369837
K06401	group	LPRD	-0.806343930973373	0.707218060952993	151	95	0.256047802374341	0.43502062400488
K18916	group	LPRD	-0.625297276233273	0.549188135746875	151	71	0.256703698326202	0.436029301009614
K14090	group	LPRD	0.574366028205524	0.504565831839986	151	106	0.256806735198406	0.436098646739542
K02351	group	LPRD	-0.574363509380828	0.504899402933268	151	136	0.257121856853334	0.436528025318932
K00271	group	LPRD	0.878756023216916	0.772580968971169	151	88	0.257184768108741	0.436529110034449
K08985	group	LPRD	-0.757511790789857	0.666089360828877	151	101	0.25725830058782	0.43654821765205
K03301	group	LPRD	-0.689093724041457	0.606341947702244	151	133	0.257581470314224	0.436937017340307
K12540	group	LPRD	-0.536361494737016	0.471981491018239	151	66	0.257612081692937	0.436937017340307
K10844	group	LPRD	-0.512631580791183	0.451206515151958	151	117	0.257724064681538	0.437021212728008
K18907	group	LPRD	-0.540235707804719	0.475798559947533	151	127	0.258018527166097	0.437414721991377
K05898	group	LPRD	0.773592809650477	0.681607386196683	151	97	0.258217198468001	0.437539898781892
K19051	group	LPRD	-0.712694589261776	0.627915504959566	151	122	0.258190873595369	0.437539898781892
K07038	group	LPRD	-0.189805534848446	0.167269004907978	151	151	0.258309692222315	0.437560599487447
K19312	group	LPRD	0.318140387207279	0.28039239435361	151	51	0.258354254105356	0.437560599487447
K03151	group	LPRD	0.114427744782278	0.10096138772022	151	151	0.258874534363295	0.438230013495943
K17736	group	LPRD	-0.764977708310937	0.674914277173998	151	99	0.258848178259985	0.438230013495943
K07776	group	LPRD	0.284086632047649	0.250697831445179	151	151	0.258957312320273	0.43826430694474
K03516	group	LPRD	-0.626767374517482	0.553266060086774	151	110	0.259096949132844	0.438394789626174
K09691	group	LPRD	-0.276862480464748	0.244878458403981	151	151	0.260035119306967	0.439769888140371
K17570	group	LPRD	0.50750701854332	0.448877553428476	151	124	0.260034418765064	0.439769888140371
K09681	group	LPRD	-0.797465059418644	0.706060981357351	151	111	0.260520416266225	0.440378133114597
K13237	group	LPRD	0.472002471159229	0.417901169120913	151	52	0.260519066951062	0.440378133114597
K00052	group	LPRD	-0.0717473502477276	0.0635698096735448	151	151	0.260864191383842	0.440777625838662
K01846	group	LPRD	0.221334342524053	0.196114905472255	151	151	0.260882506362997	0.440777625838662
K02433	group	LPRD	-0.0829601226251724	0.0736534600249035	151	151	0.261825078353479	0.44215702222546
K15586	group	LPRD	-0.160959980903919	0.142886627984004	151	151	0.26177028776077	0.44215702222546
K00362	group	LPRD	-0.361267958068176	0.320883854883558	151	151	0.262038003225043	0.442410019895845
K06073	group	LPRD	-0.603000956354006	0.535790600649493	151	128	0.262211582984425	0.442596483679465
K11963	group	LPRD	-0.40006399578448	0.355640473336587	151	151	0.26243546039094	0.442867736480618
K02035	group	LPRD	0.101798448039198	0.0905888697987913	151	151	0.262930064127107	0.443595607588693
K02010	group	LPRD	-0.128413801731773	0.114301523109075	151	151	0.26304677084074	0.443646860518267
K09139	group	LPRD	0.36529651632307	0.32517909297839	151	68	0.263087018427166	0.443646860518267
K09825	group	LPRD	-0.119178295164188	0.106132425652299	151	151	0.263277303791603	0.443860966709749
K02420	group	LPRD	-0.143959318573045	0.128265184425939	151	151	0.263516053337485	0.444156656382729
K19190	group	LPRD	0.790592748445871	0.704687703246382	151	95	0.263707502264376	0.444372497806076
K16214	group	LPRD	0.197707279530362	0.176354616254915	151	151	0.264058248341837	0.444856601989012
K02043	group	LPRD	-0.716747487139697	0.639790364997459	151	133	0.264394863639528	0.445290112240791
K05781	group	LPRD	-0.575937018611404	0.514218972935268	151	139	0.264506137998667	0.445290112240791
K06163	group	LPRD	-0.575937018611404	0.514218972935268	151	139	0.264506137998667	0.445290112240791
K15554	group	LPRD	0.179083190439044	0.159924373206197	151	151	0.264601146319228	0.445327769707924
K19055	group	LPRD	-0.130262775912441	0.116340208098828	151	151	0.264655561854952	0.445327769707924
K00031	group	LPRD	-0.118920382955405	0.106240521621658	151	151	0.264791832007155	0.445343268322974
K09003	group	LPRD	-0.446067126289137	0.39849191210366	151	139	0.264775834278912	0.445343268322974
K02058	group	LPRD	-0.167426554125407	0.149643557254791	151	151	0.265010727057433	0.445390840727069
K05780	group	LPRD	-0.575353174243153	0.514109334079952	151	139	0.264887236549385	0.445390840727069
K06080	group	LPRD	-0.60405393703936	0.539874061755498	151	125	0.264992164443393	0.445390840727069
K09924	group	LPRD	-0.179826384716557	0.160821702066052	151	151	0.265292950592932	0.445758289467031
K01137	group	LPRD	0.249270455935022	0.223007730848211	151	38	0.265465960507361	0.445942099965637
K00564	group	LPRD	0.114447840778493	0.102423950581993	151	151	0.265624670690815	0.445994956058112
K06164	group	LPRD	-0.574453685850997	0.514036488663229	151	139	0.265564398598321	0.445994956058112
K01966	group	LPRD	0.299212086625806	0.268025789131374	151	151	0.266067008742378	0.446630682778753
K02249	group	LPRD	-0.35763703511318	0.320435831607173	151	30	0.266177887913791	0.446709838227357
K05566	group	LPRD	0.276829831101042	0.248135257877512	151	150	0.26637195535735	0.44676885815787
K13831	group	LPRD	-0.448106673853394	0.401739545878077	151	62	0.266467988011135	0.44676885815787
K15520	group	LPRD	0.327238336798768	0.2933498333852	151	151	0.266422479764741	0.44676885815787
K19572	group	LPRD	-0.342020546876498	0.306523274084556	151	55	0.266301419218644	0.44676885815787
K09461	group	LPRD	-0.553348789189721	0.496204316724227	151	136	0.266575890394835	0.446821654494835
K18455	group	LPRD	0.329101199198293	0.295146480609167	151	151	0.266626958737788	0.446821654494835
K00243	group	LPRD	-0.107300113454456	0.0962506542220122	151	151	0.266731539119414	0.446849350675458
K01799	group	LPRD	-0.663122465434191	0.594885261782308	151	134	0.266770974689985	0.446849350675458
K02624	group	LPRD	-0.599228837103259	0.537652890492602	151	146	0.266847537758113	0.446870816933676
K03500	group	LPRD	-0.106818221588759	0.0958563198590436	151	151	0.266920063935804	0.446885514256027
K03149	group	LPRD	-0.0949243916968065	0.0852214305001542	151	151	0.267134591180629	0.44703679444522
K17323	group	LPRD	-0.689402436799018	0.61893762874911	151	134	0.26713796461213	0.44703679444522
K01951	group	LPRD	0.0150497849247514	0.0135172712275936	151	151	0.267340528536646	0.447268998816679
K01012	group	LPRD	-0.0641622841293673	0.0576549318451487	151	151	0.267557650068864	0.44752544189519
K05553	group	LPRD	0.456453836762487	0.410414817128199	151	43	0.267853369999667	0.447913197446963
K02297	group	LPRD	-0.447137364835173	0.402216945758989	151	150	0.268065409475162	0.448076825759537
K03333	group	LPRD	0.883838651651558	0.795069016358432	151	102	0.268079059520042	0.448076825759537
K07589	group	LPRD	-0.76310925211697	0.686573920048479	151	122	0.268154500563012	0.448096078413997
K03660	group	LPRD	0.207479324341542	0.186787491004094	151	151	0.268453443537939	0.448488712869627
K01560	group	LPRD	0.20354740150828	0.183416254890737	151	151	0.268891757296246	0.44900696013499
K12538	group	LPRD	-0.735025235669328	0.662251159179047	151	96	0.268834910221498	0.44900696013499
K03546	group	LPRD	-0.122084896986605	0.110062026013882	151	151	0.26911496220307	0.449272656595266
K02812	group	LPRD	-0.65130918882608	0.587294403243807	151	89	0.269217178404789	0.449293313926226
K06947	group	LPRD	0.220363426016148	0.198774116944391	151	27	0.269383708763471	0.449293313926226
K10956	group	LPRD	0.220363426016148	0.198774116944391	151	27	0.269383708763471	0.449293313926226
K13670	group	LPRD	-0.515248393500142	0.464748294914686	151	71	0.269362671314541	0.449293313926226
K10548	group	LPRD	-0.172982139639846	0.156168626321462	151	151	0.269792467988201	0.449868030589269
K19091	group	LPRD	0.178478278532686	0.161158953135957	151	151	0.269876537971772	0.449901196476129
K13509	group	LPRD	-0.171568231319639	0.154943670430848	151	24	0.269951113110613	0.449918521851021
K01707	group	LPRD	-0.612615893360049	0.553616404793015	151	143	0.270262776485605	0.450330892123625
K00464	group	LPRD	0.469133521086092	0.424371394994571	151	122	0.270734045479852	0.451008949337871
K01630	group	LPRD	-0.508645027350209	0.460205401462387	151	138	0.27082994114562	0.451061508061487
K01075	group	LPRD	-0.563878763339215	0.51041209301035	151	145	0.27104786043177	0.451317221289004
K01576	group	LPRD	0.794995995118172	0.719776604372833	151	95	0.271155085749819	0.451388542176736
K00451	group	LPRD	0.462685134054763	0.419014467562788	151	151	0.27127673427798	0.451438668757821
K06318	group	LPRD	-0.788517566870867	0.714148861865626	151	90	0.271313995931055	0.451438668757821
K19232	group	LPRD	0.373216278855199	0.338068040589861	151	27	0.271386715374258	0.451452509438431
K02791	group	LPRD	0.250196902008864	0.226823608623602	151	151	0.271785499614091	0.451901411834625
K16553	group	LPRD	-0.516314226101348	0.468026258365985	151	66	0.27173031528635	0.451901411834625
K10547	group	LPRD	-0.178394254030962	0.161868354642477	151	151	0.272197520030952	0.452371886063768
K17322	group	LPRD	-0.682165889886104	0.618940308251656	151	134	0.272172975426616	0.452371886063768
K03818	group	LPRD	-0.377297190102536	0.342461799760437	151	147	0.272359675764642	0.452534090331865
K19422	group	LPRD	-0.215618762624804	0.195849403115218	151	151	0.272697430307459	0.452987911482296
K02232	group	LPRD	0.133689186890904	0.121493152254746	151	151	0.272939187987913	0.453174729463589
K06958	group	LPRD	-0.0807952270706954	0.0734146183462232	151	151	0.272874649179813	0.453174729463589
K11961	group	LPRD	-0.405639964205294	0.368780052163153	151	151	0.273127458854208	0.453357310451195
K17321	group	LPRD	-0.680863363037458	0.619060440492396	151	134	0.273178499193416	0.453357310451195
K01218	group	LPRD	0.202897250256706	0.184854241615621	151	151	0.274146885234419	0.454641510644257
K06905	group	LPRD	0.133803796090119	0.121876031562316	151	151	0.274033113302899	0.454641510644257
K19291	group	LPRD	-0.78735969848145	0.717279171557337	151	98	0.274104825969074	0.454641510644257
K01090	group	LPRD	-0.131482870471912	0.119870113496866	151	151	0.274464365826094	0.455060360558401
K01795	group	LPRD	-0.786347187150902	0.717183911663966	151	98	0.274656385642265	0.455093519176841
K05989	group	LPRD	0.207853887819346	0.189658342445923	151	151	0.274873888758166	0.455093519176841
K13767	group	LPRD	-0.728343825316707	0.664455658313941	151	104	0.274781163320189	0.455093519176841
K17208	group	LPRD	-0.293063423646635	0.267408554308808	151	20	0.274873755345309	0.455093519176841
K17210	group	LPRD	-0.293063423646635	0.267408554308808	151	20	0.274873755345309	0.455093519176841
K19059	group	LPRD	-0.470252874010885	0.428886372702124	151	65	0.27465042853859	0.455093519176841
K18067	group	LPRD	-0.257919070217673	0.235379531031102	151	18	0.274952530696672	0.455116231448328
K02233	group	LPRD	0.118017214519675	0.107722739689445	151	151	0.275037066092152	0.455148685860714
K00094	group	LPRD	-0.642722459432004	0.587072180963632	151	89	0.275373948303557	0.455598625822028
K04076	group	LPRD	0.289469245248219	0.264841225712444	151	151	0.276161451279464	0.456793717194205
K05602	group	LPRD	0.239334685632525	0.219102227821676	151	151	0.276445609763954	0.457155867998424
K06415	group	LPRD	0.35208679232491	0.322368165749706	151	150	0.276513092964442	0.457159618320929
K01574	group	LPRD	0.412735665745666	0.378385688542925	151	147	0.277130341244672	0.45807208019928
K17838	group	LPRD	-0.646493378076585	0.59281841585737	151	131	0.27723490703349	0.458136892575381
K13571	group	LPRD	0.229161614630159	0.210453314468342	151	151	0.277958137205956	0.459223790198857
K01119	group	LPRD	-0.0735800958272508	0.0675966124550906	151	151	0.278124222039345	0.459389914348682
K19268	group	LPRD	0.209719708595474	0.192747699230106	151	151	0.278328553229971	0.459619118525818
K01577	group	LPRD	-0.496074664890784	0.456230954771031	151	145	0.278645754185848	0.46003455884192
K05524	group	LPRD	-0.348720733858773	0.320951024187308	151	151	0.279002191776246	0.460514566600302
K01617	group	LPRD	-0.622081057078465	0.572993750059569	151	129	0.279379206353614	0.46102830426997
K01685	group	LPRD	0.163073137287557	0.150377475438734	151	151	0.279927826590083	0.461824915132145
K02775	group	LPRD	0.14623358544238	0.134878860133434	151	151	0.280034149555597	0.461891620796408
K18920	group	LPRD	-0.564046474917477	0.5203369777662	151	89	0.280114716731454	0.461915823168077
K18922	group	LPRD	-0.563503245606322	0.520368474412726	151	89	0.280605342784203	0.462616051956082
K05304	group	LPRD	-0.682018562577472	0.630046587591076	151	70	0.280783976177231	0.462801710087559
K03742	group	LPRD	0.104694708045084	0.0967370571663971	151	151	0.280885121030476	0.462859590602641
K07217	group	LPRD	0.263246173544434	0.243286442888498	151	151	0.280981885991911	0.462910228155887
K00805	group	LPRD	-0.107615193589495	0.099494736965037	151	151	0.281170212564249	0.463111651803426
K02396	group	LPRD	-0.135695839615651	0.125506408617445	151	151	0.281360954419943	0.463316958065257
K17062	group	LPRD	0.377998060440213	0.349889709559611	151	37	0.281738638625363	0.463829933481399
K18232	group	LPRD	0.523498714885312	0.484951209607554	151	81	0.282114826838717	0.464340205714817
K14629	group	LPRD	0.331582218623435	0.307441262025033	151	32	0.282543684637427	0.464827793782765
K16871	group	LPRD	-0.611499869418246	0.566909615612917	151	129	0.282484659457353	0.464827793782765
K02299	group	LPRD	-0.439449446781093	0.407868209886508	151	150	0.283029489737439	0.465517767024741
K16560	group	LPRD	-0.512149253376676	0.475689120016945	151	66	0.283378136405139	0.465981875721329
K01468	group	LPRD	-0.106370350831645	0.0989758218952149	151	151	0.284241644590538	0.46707921763733
K05522	group	LPRD	0.248376205493451	0.231074232074986	151	151	0.284167643400049	0.46707921763733
K07148	group	LPRD	0.255674861320235	0.237902997371852	151	151	0.284245355555043	0.46707921763733
K03819	group	LPRD	-0.611191614986766	0.568973797436004	151	110	0.284469590517082	0.467338136752929
K01696	group	LPRD	-0.0814266970944797	0.075839417679293	151	151	0.284705217500032	0.467615645425311
K15524	group	LPRD	0.295776539457828	0.275588724390469	151	151	0.284892535223725	0.467813696865381
K07464	group	LPRD	-0.105270160465928	0.0981072617421105	151	151	0.285000973586091	0.467882160383723
K06580	group	LPRD	-0.576408716697138	0.537596340155306	151	76	0.285365481694028	0.468231714121951
K07176	group	LPRD	0.295670665773447	0.2757609338485	151	35	0.285364087425189	0.468231714121951
K13774	group	LPRD	-0.728996329402581	0.679978636582733	151	133	0.285414281660927	0.468231714121951
K00615	group	LPRD	0.0465492391015943	0.0434534697906111	151	151	0.285792157010949	0.468303651390078
K03312	group	LPRD	-0.0985321689544335	0.0919758365410389	151	151	0.285774286112951	0.468303651390078
K10924	group	LPRD	-0.643953001110146	0.600926394267541	151	80	0.285632175141282	0.468303651390078
K16953	group	LPRD	0.273334170275283	0.255089439981208	151	41	0.285666924095678	0.468303651390078
K19427	group	LPRD	-0.495018765330341	0.461906906901399	151	133	0.28559425512708	0.468303651390078
K06166	group	LPRD	-0.553401054272049	0.516820080208361	151	139	0.28599940045699	0.46842425168306
K12684	group	LPRD	-0.350641775532635	0.327446210114695	151	71	0.28597388645003	0.46842425168306
K08646	group	LPRD	-0.452528831157532	0.422693619927413	151	68	0.286087864035367	0.468459688597973
K01459	group	LPRD	-0.438072990799793	0.409449313567802	151	96	0.28639096608465	0.468737023640765
K11530	group	LPRD	-0.774806124962089	0.724093640817188	151	110	0.286333509888188	0.468737023640765
K08697	group	LPRD	-0.310032666066018	0.289908502968003	151	20	0.286611850378597	0.468989045554147
K00570	group	LPRD	0.454779599292857	0.425881754167961	151	147	0.287313369391702	0.46980795881405
K07319	group	LPRD	0.402817255079436	0.377173521735575	151	133	0.287252639363677	0.46980795881405
K18650	group	LPRD	-0.246357367657919	0.230651599438753	151	26	0.287205965598541	0.46980795881405
K02975	group	LPRD	0.293953012623409	0.275463361916194	151	35	0.287642717966138	0.469938079294028
K02976	group	LPRD	0.293953012623409	0.275463361916194	151	35	0.287642717966138	0.469938079294028
K03014	group	LPRD	0.293953012623409	0.275463361916194	151	35	0.287642717966138	0.469938079294028
K03784	group	LPRD	0.0930682801203409	0.0872297977916118	151	151	0.287728136423676	0.469938079294028
K17623	group	LPRD	0.473523982704928	0.443806580275474	151	57	0.287715508674201	0.469938079294028
K07337	group	LPRD	-0.317543670813116	0.298112364511205	151	151	0.288517022119323	0.471007062192932
K15553	group	LPRD	0.162820775557756	0.152850196012463	151	151	0.288494517819612	0.471007062192932
K18058	group	LPRD	-0.425507276144787	0.39958038339962	151	40	0.288650453714584	0.471115175911347
K11731	group	LPRD	-0.753797644475931	0.708028509482067	151	133	0.288759734262679	0.471183830815033
K01436	group	LPRD	-0.11803017097424	0.110911435132122	151	151	0.28896693105366	0.471412191455936
K13570	group	LPRD	0.23127217814422	0.217368591842678	151	151	0.289066610278442	0.471465085633289
K02854	group	LPRD	-0.631662317177769	0.593896589526403	151	117	0.289235262921197	0.471597927256678
K07652	group	LPRD	-0.217516258662057	0.204531585948078	151	151	0.289282608730915	0.471597927256678
K01999	group	LPRD	0.110403769579195	0.103920486432671	151	151	0.289778910564039	0.472297178110652
K13622	group	LPRD	0.252651801978645	0.237904627796092	151	151	0.289959501043771	0.472481660231715
K02036	group	LPRD	-0.115625751345947	0.108936188520936	151	151	0.290221867628345	0.472799277730582
K10927	group	LPRD	-0.626605213347144	0.590583161830982	151	80	0.290409370152384	0.472994815234251
K12448	group	LPRD	-0.499089453238912	0.470705121445529	151	110	0.290723067953171	0.47339575060435
K17330	group	LPRD	0.576580301252306	0.544014501205021	151	94	0.290922432131474	0.473610369076087
K16705	group	LPRD	-0.501294580292062	0.473202773601758	151	59	0.291147762691593	0.473867150329247
K01026	group	LPRD	-0.166136250464811	0.156935509356083	151	151	0.291482627494308	0.474302047060143
K01206	group	LPRD	-0.127640578637712	0.120718703466176	151	151	0.292068186108557	0.474612883597345
K02468	group	LPRD	-0.6798353590153	0.642812868450794	151	98	0.291951965993617	0.474612883597345
K02650	group	LPRD	-0.190328087750474	0.179991712438867	151	151	0.292028141049265	0.474612883597345
K02784	group	LPRD	0.127693147491379	0.120762858212523	151	151	0.292046038051819	0.474612883597345
K03484	group	LPRD	-0.131895696148678	0.124746103313836	151	151	0.292079883001276	0.474612883597345
K08591	group	LPRD	-0.077577512099507	0.073349956818967	151	151	0.2919333700124	0.474612883597345
K17488	group	LPRD	0.406849035698301	0.384861478249865	151	65	0.292162677658902	0.474637397540881
K12286	group	LPRD	-0.618576904119206	0.585767958387889	151	80	0.292672796488488	0.47535595537171
K07405	group	LPRD	-0.132348804788301	0.125371591415845	151	151	0.292835782889982	0.475510502214216
K00505	group	LPRD	-0.730748310978983	0.6924494764843	151	81	0.292992079131081	0.475543985808955
K17317	group	LPRD	-0.485355649084933	0.45986357657225	151	146	0.292935223935381	0.475543985808955
K08154	group	LPRD	-0.578211272200825	0.547990371432086	151	124	0.293065273885596	0.475552678226395
K14166	group	LPRD	0.827175881290015	0.784510241653616	151	97	0.293413401522021	0.475951136187264
K19173	group	LPRD	0.426927533439633	0.404934627610519	151	137	0.293446620627868	0.475951136187264
K06439	group	LPRD	-0.691087223661175	0.65611059125333	151	70	0.293904477477185	0.476583480711327
K01752	group	LPRD	-0.0379812132807698	0.0361223975790044	151	151	0.294750198123338	0.477844331370167
K12285	group	LPRD	-0.618561479099155	0.588628950543562	151	80	0.295028258340974	0.478073992364823
K13776	group	LPRD	-0.730898925127022	0.695506528073633	151	95	0.295011796772239	0.478073992364823
K12066	group	LPRD	-0.662928103425173	0.631009463914628	151	105	0.29515088646346	0.478162171044339
K01255	group	LPRD	-0.12060594618907	0.114924274412161	151	151	0.295675585703965	0.47826507823001
K03698	group	LPRD	0.127095243139219	0.121073496173641	151	151	0.295539019760711	0.47826507823001
K06162	group	LPRD	0.331502124013694	0.315788984725501	151	151	0.295528909473916	0.47826507823001
K06313	group	LPRD	-0.700197636274706	0.667234504306625	151	112	0.295691989878583	0.47826507823001
K10798	group	LPRD	-0.246621241185395	0.234867035354015	151	27	0.295396987768268	0.47826507823001
K14063	group	LPRD	-0.578711637941993	0.551125850359991	151	95	0.295393640919125	0.47826507823001
K15983	group	LPRD	0.6313725959345	0.601618022068833	151	89	0.295666787973	0.47826507823001
K01662	group	LPRD	0.0461099925720396	0.0439833978942704	151	151	0.29617493143371	0.478935702272273
K00298	group	LPRD	-0.258526243984423	0.2470528512626	151	37	0.297052042480899	0.479770061465214
K00360	group	LPRD	0.775678704183871	0.741670524594619	151	89	0.297322370419337	0.479770061465214
K01028	group	LPRD	-0.343367241253817	0.328608467827208	151	151	0.297755447651304	0.479770061465214
K02190	group	LPRD	-0.129779252293643	0.124163286780698	151	151	0.297609187212986	0.479770061465214
K02848	group	LPRD	-0.731426056146721	0.700316793958679	151	111	0.297981811995329	0.479770061465214
K02983	group	LPRD	0.288733486024597	0.276537030111375	151	35	0.298128158023177	0.479770061465214
K03163	group	LPRD	0.288733486024597	0.276537030111375	151	35	0.298128158023177	0.479770061465214
K03567	group	LPRD	-0.576559507815866	0.55164116755131	151	146	0.297636450781573	0.479770061465214
K04482	group	LPRD	0.288733486024597	0.276537030111375	151	35	0.298128158023177	0.479770061465214
K06072	group	LPRD	0.288733486024597	0.276537030111375	151	35	0.298128158023177	0.479770061465214
K07095	group	LPRD	-0.115046749323188	0.110010233121998	151	151	0.297355155931526	0.479770061465214
K09146	group	LPRD	-0.509794613874339	0.487048941679529	151	139	0.296932494314919	0.479770061465214
K10535	group	LPRD	-0.633994347275995	0.606390939933022	151	77	0.297475503741848	0.479770061465214
K13481	group	LPRD	-0.590070206508036	0.564056670096223	151	147	0.297200348327863	0.479770061465214
K17316	group	LPRD	-0.480295768785068	0.459472998685623	151	146	0.297568511792916	0.479770061465214
K18593	group	LPRD	0.288733486024597	0.276537030111375	151	35	0.298128158023177	0.479770061465214
K18594	group	LPRD	0.288733486024597	0.276537030111375	151	35	0.298128158023177	0.479770061465214
K18602	group	LPRD	0.288733486024597	0.276537030111375	151	35	0.298128158023177	0.479770061465214
K18603	group	LPRD	0.288733486024597	0.276537030111375	151	35	0.298128158023177	0.479770061465214
K18604	group	LPRD	0.288733486024597	0.276537030111375	151	35	0.298128158023177	0.479770061465214
K18605	group	LPRD	0.288733486024597	0.276537030111375	151	35	0.298128158023177	0.479770061465214
K11410	group	LPRD	-0.369234680685048	0.353832124300003	151	49	0.298392684325354	0.480085544439002
K12700	group	LPRD	-0.233120176977663	0.223525507395518	151	151	0.298672540981073	0.480317110727127
K18481	group	LPRD	0.696495044155197	0.667830510168524	151	94	0.298673649880106	0.480317110727127
K00436	group	LPRD	-0.553455521567853	0.531001881284393	151	123	0.298967554453915	0.480679485486685
K12240	group	LPRD	0.490037980728035	0.470513395185244	151	46	0.299332216173271	0.48115543117969
K00001	group	LPRD	-0.199414712566188	0.191532507259875	151	151	0.299490816376404	0.481300005226637
K00703	group	LPRD	0.0656004138973256	0.0630308909495667	151	151	0.299669958697128	0.481477517870013
K06019	group	LPRD	0.235678873653592	0.22669151295453	151	151	0.300188603159894	0.482200299759591
K07172	group	LPRD	0.243348894134592	0.234200641191396	151	151	0.300459281515894	0.482462367187289
K07264	group	LPRD	-0.642087809880591	0.617988349481034	151	122	0.300489400162583	0.482462367187289
K18910	group	LPRD	0.2807928607483	0.270723583300129	151	151	0.30132577532262	0.483694455006083
K07065	group	LPRD	0.422647372711143	0.407719772858445	151	115	0.301595921869912	0.484017264722546
K13063	group	LPRD	0.587613691897962	0.567071310374497	151	84	0.301775790605409	0.484195077167296
K02862	group	LPRD	-0.707618141085354	0.683602056242045	151	106	0.302284506626601	0.484540714424522
K07114	group	LPRD	-0.109972596485266	0.106221316814056	151	151	0.302198873576353	0.484540714424522
K10926	group	LPRD	-0.605059877351192	0.58458802559892	151	80	0.302336816675158	0.484540714424522
K12537	group	LPRD	-0.68756885088832	0.664099049821146	151	96	0.302187186014315	0.484540714424522
K15667	group	LPRD	0.507493081049242	0.490123246159995	151	86	0.302141164639488	0.484540714424522
K06598	group	LPRD	-0.764226158757181	0.738747544278276	151	111	0.302583730332162	0.484825588486504
K10126	group	LPRD	-0.570026536711148	0.551407243150762	151	144	0.302920121472976	0.485142803638465
K16320	group	LPRD	-0.419330772052135	0.405592553019791	151	111	0.302871139839247	0.485142803638465
K03619	group	LPRD	-0.535595540712054	0.5192282126398	151	111	0.303967348787567	0.486708797396265
K14568	group	LPRD	0.285838674998283	0.277302160003086	151	35	0.304312337545023	0.487149916919527
K01534	group	LPRD	-0.104626612236572	0.101590994808752	151	151	0.304734852808526	0.487381090163761
K09960	group	LPRD	-0.23418897821334	0.227388845788474	151	151	0.304723374635005	0.487381090163761
K10814	group	LPRD	0.440315834088039	0.427427560267144	151	47	0.304607435522307	0.487381090163761
K10815	group	LPRD	0.440315834088039	0.427427560267144	151	47	0.304607435522307	0.487381090163761
K18842	group	LPRD	-0.473840082107167	0.460355751805369	151	106	0.305010850439669	0.487711236674745
K11958	group	LPRD	-0.311342776302794	0.302601640496763	151	31	0.30520027613569	0.487902835966062
K18197	group	LPRD	0.379799974688438	0.369219334386989	151	151	0.305307936758119	0.487963665452442
K00275	group	LPRD	-0.208619593195813	0.202936112623143	151	151	0.305612817722412	0.488228316370581
K01305	group	LPRD	-0.276613326963035	0.269077192538316	151	151	0.30561231264972	0.488228316370581
K03772	group	LPRD	-0.17185542946585	0.167223065999848	151	151	0.305755620942668	0.488345158990226
K01182	group	LPRD	0.173787869064085	0.169272859435293	151	151	0.306238317509527	0.48889332856793
K17476	group	LPRD	0.288424144255732	0.280919117950572	151	26	0.306218131022467	0.48889332856793
K11934	group	LPRD	-0.185568600274973	0.180789776283204	151	151	0.306350967160179	0.488961812338992
K17324	group	LPRD	-0.639996344777479	0.623797871209254	151	134	0.306569626502218	0.489088093259114
K17325	group	LPRD	-0.639996344777479	0.623797871209254	151	134	0.306569626502218	0.489088093259114
K02972	group	LPRD	-0.588642956818933	0.573938494011462	151	98	0.30673278379378	0.489138098886508
K11203	group	LPRD	0.21803180196503	0.212588721995112	151	151	0.306740525350227	0.489138098886508
K01702	group	LPRD	-0.393935643069825	0.384842440698061	151	63	0.307669871715242	0.490396953325112
K15855	group	LPRD	-0.373587656704325	0.364921834610981	151	136	0.307613982114951	0.490396953325112
K01997	group	LPRD	0.102984983660658	0.100653358943097	151	151	0.30788818985115	0.490633373688694
K17195	group	LPRD	-0.414097409098086	0.404918873584765	151	145	0.308122556554092	0.490895254873679
K03803	group	LPRD	0.103768987447032	0.101618693319572	151	151	0.308833573563967	0.491916235101888
K05798	group	LPRD	-0.552329160748968	0.541666568479659	151	124	0.309530770890409	0.49291474419395
K19732	group	LPRD	-0.472436551839064	0.463841390259261	151	63	0.310076927060449	0.493672327661536
K00060	group	LPRD	0.21233506079309	0.208595195850711	151	151	0.310361790892343	0.493963464587663
K03219	group	LPRD	-0.565842099434881	0.555920786626797	151	130	0.310400722041178	0.493963464587663
K00728	group	LPRD	-0.161594690328069	0.158912606489427	151	151	0.310859932734748	0.494581962884835
K05873	group	LPRD	-0.217163052627201	0.213709299710541	151	151	0.311199924035591	0.494968894860479
K14475	group	LPRD	0.60714662971165	0.597545642591117	151	125	0.311244349293152	0.494968894860479
K08993	group	LPRD	-0.595801692873441	0.586490423537103	151	135	0.311335058198323	0.495000852340723
K01066	group	LPRD	0.492115055009952	0.484868920534959	151	151	0.311777527452099	0.49559194272998
K18917	group	LPRD	0.524714347694578	0.517376807755618	151	147	0.312139859838054	0.496055410896567
K06413	group	LPRD	-0.448699917058488	0.443416793225689	151	141	0.313219313413386	0.497658065962791
K09776	group	LPRD	-0.41819840951022	0.413380109196807	151	138	0.313342628636627	0.497741179864663
K15783	group	LPRD	-0.539743042489169	0.533927436374406	151	114	0.313706840397862	0.498206830808566
K18955	group	LPRD	0.212196869600162	0.210276541368527	151	151	0.314547101817348	0.49942812768734
K10805	group	LPRD	-0.225249765333163	0.22344813563819	151	151	0.315058529691622	0.500126877975151
K01003	group	LPRD	-0.694043161009274	0.688858041868596	151	98	0.315314910558696	0.500420539510178
K16048	group	LPRD	0.603453768360945	0.599034814442873	151	95	0.315386879217838	0.500421462950892
K07177	group	LPRD	-0.184169026826924	0.182887196841741	151	151	0.315563065533085	0.500474454612426
K13014	group	LPRD	-0.604698192895072	0.600481698299601	151	122	0.315556840355482	0.500474454612426
K12963	group	LPRD	-0.604954293707171	0.601131175489642	151	122	0.315873991778663	0.50085425975309406
K12061	group	LPRD	-0.613188169277515	0.609589287457051	151	107	0.316092626260561	0.501087587084245
K18115	group	LPRD	-0.790652717390648	0.786273398373273	151	81	0.316252829308714	0.501228201097465
K00315	group	LPRD	-0.514227113024126	0.51145820260933	151	112	0.316327638383576	0.501233441471262
K02227	group	LPRD	0.10907432223449	0.10856529257178	151	151	0.316675584810927	0.501671378423638
K12660	group	LPRD	-0.589256030163693	0.58665600014417	151	94	0.31679885443217	0.501753269220405
K14089	group	LPRD	-0.562820121553875	0.560565698724335	151	86	0.316995894296566	0.501951935626593
K01399	group	LPRD	-0.580998351246734	0.578846914364759	151	70	0.317142399357274	0.502070510274275
K03657	group	LPRD	0.0480581703912356	0.0479392179838004	151	151	0.317736435507383	0.502581358920618
K09847	group	LPRD	0.181618861989872	0.181153871160789	151	16	0.31769529587839	0.502581358920618
K10816	group	LPRD	0.430096321937085	0.428963045523009	151	47	0.317659182484043	0.502581358920618
K18286	group	LPRD	0.715780022958451	0.714031185325368	151	93	0.317751866296174	0.502581358920618
K01216	group	LPRD	-0.361847441514141	0.361340807581748	151	27	0.318255957717909	0.503265116986814
K13057	group	LPRD	0.246652953840789	0.246410603991069	151	148	0.318457604387576	0.503470411988478
K18660	group	LPRD	-0.332869471831796	0.332713996483121	151	58	0.318706410980906	0.503750155800711
K03765	group	LPRD	-0.58260043389012	0.582872909179024	151	94	0.319157268158539	0.504349064425464
K00459	group	LPRD	-0.12452651787998	0.124646277506003	151	151	0.319395380256459	0.504497885443394
K02347	group	LPRD	-0.21830745920106	0.218491811138118	151	151	0.319338874361654	0.504497885443394
K01998	group	LPRD	0.0996274304541072	0.099789833357151	151	151	0.319717338052676	0.504892664958157
K12284	group	LPRD	-0.440759460434249	0.441700231813903	151	79	0.319960129830259	0.505162277051828
K02652	group	LPRD	-0.0726294127632764	0.0728006056095492	151	151	0.320067273145769	0.505217650248106
K18958	group	LPRD	0.637508338260227	0.63913903703578	151	95	0.320163910496224	0.505256418860542
K00912	group	LPRD	-0.0312606045256177	0.0313494275066896	151	151	0.320300253574135	0.505357816240082
K02298	group	LPRD	-0.39724103468609	0.398538392019297	151	150	0.320504397412844	0.505483824686954
K18841	group	LPRD	-0.45682256975723	0.458333463070863	151	106	0.320524336766549	0.505483824686954
K07190	group	LPRD	-0.328605134060871	0.329749411909312	151	60	0.32060837542992	0.505502634224863
K01893	group	LPRD	0.0670268490486709	0.0672926982691563	151	151	0.320840989247531	0.50566555515024
K08168	group	LPRD	0.426393170082553	0.428097678895194	151	149	0.320855975650252	0.50566555515024
K00812	group	LPRD	-0.113355132533624	0.11386437417648	151	151	0.321093682588963	0.505812744932277
K06377	group	LPRD	0.666190691695585	0.669145726301948	151	119	0.321066444682177	0.505812744932277
K03399	group	LPRD	-0.141987597319214	0.142765179117594	151	151	0.3215659037457	0.506442818525579
K08164	group	LPRD	-0.360765684338909	0.363146927509703	151	62	0.322104817539882	0.507177621508215
K00782	group	LPRD	-0.0786795878096309	0.0792182895520566	151	151	0.322222792388539	0.507182032280918
K02794	group	LPRD	-0.147147941226078	0.148166952255776	151	151	0.322260297938558	0.507182032280918
K04096	group	LPRD	0.0256605930152324	0.0258563682317971	151	151	0.322597541310523	0.507182032280918
K07027	group	LPRD	-0.0991239113319756	0.0998475780665863	151	151	0.322440145223752	0.507182032280918
K09141	group	LPRD	-0.498705506373701	0.502459250592984	151	129	0.322548508751455	0.507182032280918
K16050	group	LPRD	0.671414983603041	0.67656068085896	151	90	0.322614077309645	0.507182032280918
K18351	group	LPRD	-0.540375772039656	0.544395927379399	151	115	0.322506659374304	0.507182032280918
K09516	group	LPRD	0.18374540644251	0.185435159269144	151	151	0.323346864214747	0.508220071333044
K02377	group	LPRD	-0.113846802381121	0.114983131883006	151	151	0.323721882182326	0.508581441976267
K12993	group	LPRD	0.361625647926812	0.36520730805829	151	65	0.323685167602687	0.508581441976267
K01712	group	LPRD	-0.0978756668428254	0.0988707781956294	151	151	0.32381063357052	0.508606888041529
K18335	group	LPRD	-0.620166553324409	0.626896081984584	151	131	0.32413710759525	0.509005628190569
K00768	group	LPRD	-0.105282758376404	0.106477616497263	151	151	0.32437457905747	0.509037439995383
K04573	group	LPRD	-0.153799350713562	0.155568452852421	151	20	0.324447829086929	0.509037439995383
K11050	group	LPRD	-0.205548497508364	0.207910252063352	151	151	0.324441796898905	0.509037439995383
K17818	group	LPRD	-0.45240654440585	0.457486237138039	151	50	0.324316934118904	0.509037439995383
K01608	group	LPRD	-0.622831372054106	0.630503309611633	151	138	0.324836325656276	0.509304997282597
K01995	group	LPRD	0.0993037134340328	0.100523616077829	151	151	0.324820472133101	0.509304997282597
K10673	group	LPRD	-0.432926876016569	0.438202870972054	151	68	0.324773897910567	0.509304997282597
K19575	group	LPRD	-0.442896702312205	0.44851946734074	151	68	0.325016169413825	0.509473020480973
K05814	group	LPRD	0.289133939851609	0.293162943794665	151	151	0.325605954973382	0.510283421498637
K03696	group	LPRD	-0.0875032898469016	0.0887484036468308	151	151	0.325746049326883	0.510388870313244
K16619	group	LPRD	0.495331473515186	0.502492860537254	151	129	0.325854646477384	0.510444932247253
K01596	group	LPRD	0.155307880078505	0.157703836774425	151	151	0.326315214141203	0.511052200877979
K13051	group	LPRD	-0.33950862062255	0.345019667453639	151	151	0.326697472710424	0.511203629622128
K15981	group	LPRD	0.59342605872977106	0.603066467799695	151	86	0.326703603524556	0.511203629622128
K16049	group	LPRD	0.65726518987712	0.667916702381555	151	92	0.326684844100323	0.511203629622128
K18601	group	LPRD	0.271396813625659	0.27569403981204	151	35	0.326508260891475	0.511203629622128
K01495	group	LPRD	-0.0574353611420672	0.0584680997674785	151	151	0.327526377374311	0.512376680516385
K10906	group	LPRD	-0.400864127446626	0.408754662649958	151	82	0.328332280316636	0.513522821289517
K08280	group	LPRD	0.314796845480495	0.321046504640326	151	32	0.328412266256499	0.513533345183596
K00004	group	LPRD	0.159110188722227	0.162421593803342	151	151	0.328865431037772	0.514088842425243
K07224	group	LPRD	-0.171728126163004	0.175319865325559	151	151	0.328914188056664	0.514088842425243
K03704	group	LPRD	-0.0821944730468154	0.0839775621118121	151	151	0.329281576983304	0.514548340314971
K07094	group	LPRD	-0.329995665510141	0.337234912531121	151	151	0.329396632696399	0.514613415467296
K02455	group	LPRD	-0.123061086628365	0.125805970066157	151	151	0.329570038190224	0.51476960064917
K16565	group	LPRD	-0.483380888690459	0.494313048250976	151	68	0.329716668722796	0.514883904599422
K00764	group	LPRD	0.0196339848568878	0.02008804552207	151	151	0.329957138703227	0.515029958207442
K06048	group	LPRD	0.223314413135092	0.228446679405416	151	151	0.329889275668055	0.515029958207442
K16819	group	LPRD	-0.127428881981422	0.13041284687423	151	24	0.33009397060832	0.515128836590455
K17206	group	LPRD	0.346588457173943	0.35524827791761	151	141	0.330832524244401	0.516110780553781
K17829	group	LPRD	0.747315396661405	0.766048003941888	151	90	0.330870449045462	0.516110780553781
K02191	group	LPRD	-0.138360279481477	0.141903606653761	151	151	0.331125669979918	0.51639398143698
K03797	group	LPRD	-0.0599719869407365	0.0615942463175552	151	151	0.331802353666369	0.517334185765403
K10217	group	LPRD	-0.600131701379803	0.616484427764457	151	135	0.331895394180727	0.517364179054235
K11472	group	LPRD	-0.463685739859588	0.476658933259489	151	150	0.332237711977082	0.517782650279979
K05986	group	LPRD	-0.597440615399763	0.614633833199406	151	73	0.332612495799501	0.518136354567666
K07339	group	LPRD	-0.152382822496031	0.156744884778059	151	151	0.332541078920064	0.518136354567666
K07465	group	LPRD	0.192923593348639	0.19873562676313	151	151	0.333243532036425	0.519004034564617
K11739	group	LPRD	0.34381668491604	0.354329380292609	151	69	0.333454171030972	0.519216734546227
K11913	group	LPRD	-0.683195716891575	0.704238309716622	151	83	0.333558801114874	0.519264311751115
K08234	group	LPRD	0.190508022102204	0.196502538933762	151	151	0.333869910037941	0.51963323032104
K02044	group	LPRD	0.124573364236221	0.128841605909347	151	151	0.335174675121149	0.521548162619147
K16047	group	LPRD	0.697009125056374	0.721296066664318	151	96	0.335445536761258	0.521738010360865
K19244	group	LPRD	0.349116632644199	0.361278754440169	151	146	0.335441967883382	0.521738010360865
K01681	group	LPRD	-0.0823944471217269	0.0853695405383441	151	151	0.336033343000044	0.522536320858542
K03737	group	LPRD	-0.105930251150866	0.109891429357049	151	151	0.336630994147401	0.523202689057729
K05555	group	LPRD	0.379489036047569	0.393785521026311	151	75	0.336760418406344	0.523202689057729
K06137	group	LPRD	-0.611209137656123	0.634204566424263	151	141	0.336737144399258	0.523202689057729
K19693	group	LPRD	-0.262344424295149	0.272224345727721	151	57	0.33675444434112	0.523202689057729
K08222	group	LPRD	-0.565555211754902	0.586969570009444	151	131	0.336849221856894	0.523224694264752
K00691	group	LPRD	-0.240336118354051	0.249596340167358	151	151	0.337158201886302	0.5235886121451
K01312	group	LPRD	-0.262193328056446	0.27244205681287	151	46	0.33741698687731	0.523717827612621
K02647	group	LPRD	0.158962356348156	0.165152004029114	151	151	0.337347165609903	0.523717827612621
K03800	group	LPRD	-0.087622902860356	0.091057124353869	151	151	0.337465538848247	0.523717827612621
K19117	group	LPRD	-0.183003700154019	0.190440599219585	151	151	0.338134645673922	0.524640076621115
K03522	group	LPRD	-0.0463716734279572	0.048294022680994	151	151	0.338512702049535	0.52511043181395
K03305	group	LPRD	0.0657659034073039	0.0685634066678373	151	151	0.339012740948223	0.525769759744922
K01835	group	LPRD	0.0454499363909447	0.0474172027864116	151	151	0.339357603925683	0.52617658099961
K09155	group	LPRD	-0.102022529831804	0.106453437762406	151	151	0.339425178214013	0.52617658099961
K00604	group	LPRD	-0.0183877960603423	0.019193944590497	151	151	0.339614705445545	0.526353987436054
K01502	group	LPRD	-0.463227816202348	0.48384960194611	151	130	0.339926438841882	0.526720675570643
K19118	group	LPRD	-0.182292370332326	0.19050089882597	151	151	0.340162311584606	0.526853248830776
K19702	group	LPRD	0.425000544663849	0.444132808536437	151	76	0.340156583306494	0.526853248830776
K19355	group	LPRD	-0.166729501181134	0.174298921518389	151	151	0.340332700336164	0.527000713354652
K00446	group	LPRD	-0.562010615781626	0.58767797472236	151	139	0.340457564762368	0.527077634492977
K08678	group	LPRD	0.156384128043871	0.163644100784309	151	151	0.340804262308892	0.527486767916899
K12056	group	LPRD	-0.597329564389483	0.62524610880656	151	108	0.340947581373961	0.527486767916899
K16301	group	LPRD	-0.165096109416155	0.172804729209829	151	151	0.340927406583672	0.527486767916899
K03738	group	LPRD	0.298716867967955	0.312772277854222	151	151	0.341093348952998	0.527595846460837
K06336	group	LPRD	-0.494166185995031	0.517618161442528	151	51	0.341279516982542	0.527651552949243
K13735	group	LPRD	0.385653797156063	0.403956354024708	151	125	0.341279906001693	0.527651552949243
K11685	group	LPRD	-0.594631458686091	0.623465802039666	151	98	0.34175414787533	0.528268263860213
K11200	group	LPRD	0.387691474601009	0.406800255068716	151	52	0.34212007182949	0.528717306773529
K02584	group	LPRD	-0.282273039543837	0.29636390442554	151	151	0.342409218066754	0.529047524498114
K03602	group	LPRD	-0.0189255788298224	0.0198751232927832	151	151	0.342525288176548	0.529110240219833
K01909	group	LPRD	-0.295546329488065	0.310443873234371	151	68	0.34263261398455	0.529159423668582
K15721	group	LPRD	-0.445059455373779	0.467616297190416	151	85	0.342759017477548	0.529238042404761
K04486	group	LPRD	0.165526292610696	0.173948100487308	151	151	0.342848869537303	0.529260201597994
K09846	group	LPRD	0.437572382317092	0.460059436560722	151	81	0.343083017398235	0.529505053272044
K01342	group	LPRD	-0.436955009158255	0.45959796840487	151	81	0.343279488116522	0.529575090602293
K08966	group	LPRD	-0.660549024285067	0.694717424752312	151	91	0.343237121575348	0.529575090602293
K00561	group	LPRD	-0.19200823927660499	0.201996738773655	151	151	0.343371567358123	0.529600591238822
K01358	group	LPRD	0.0172802759141632	0.0181850335750277	151	151	0.343525491276583	0.529721446073217
K07243	group	LPRD	-0.102175530431144	0.107594693158577	151	151	0.343836240239577	0.530084021130291
K02945	group	LPRD	0.020231278788836	0.0213138637016931	151	151	0.344052133502614	0.530300232157724
K01046	group	LPRD	0.167951804379385	0.177073012490868	151	151	0.344416387612797	0.530744971898375
K08984	group	LPRD	-0.135562307118245	0.14306152292352	151	151	0.344877342618256	0.531338499286588
K18023	group	LPRD	0.30524430801171	0.322273404675169	151	70	0.345091086584726	0.531550981533494
K18472	group	LPRD	0.542990014493738	0.573840753704402	151	87	0.345559130958871	0.532154988581214
K01996	group	LPRD	0.094674148119617	0.100074478975217	151	151	0.345661433300427	0.53219561771052
K13327	group	LPRD	-0.30083708723338	0.318344830975436	151	46	0.346186820883298	0.532887486691242
K00259	group	LPRD	0.122655996469775	0.130070115655987	151	151	0.34720788149715	0.533521974856428
K03521	group	LPRD	-0.0455381708022703	0.0482842758053852	151	151	0.347143013414066	0.533521974856428
K03886	group	LPRD	-0.616218048294542	0.652933238263344	151	114	0.346815590037872	0.533521974856428
K05970	group	LPRD	-0.129131462371757	0.136919778025047	151	151	0.347147415522996	0.533521974856428
K09483	group	LPRD	-0.23016927514091	0.243926961726096	151	34	0.346902041002562	0.533521974856428
K11954	group	LPRD	-0.241205107135063	0.255776048029693	151	24	0.347190870560011	0.533521974856428
K16787	group	LPRD	-0.099071112862141	0.104980119858318	151	151	0.346843996008065	0.533521974856428
K18121	group	LPRD	-0.385679959268407	0.408800492515925	151	41	0.346981613925272	0.533521974856428
K17462	group	LPRD	0.166303639468178	0.176400637717086	151	151	0.347329261862887	0.533591524360912
K16905	group	LPRD	0.564151089820494	0.598534307696724	151	100	0.347434660495724	0.533636496510742
K02009	group	LPRD	0.198223827200619	0.210384067735503	151	151	0.347615491084121	0.533797282037171
K00491	group	LPRD	-0.6449485174516	0.684760550677987	151	107	0.347788920315516	0.533946634124346
K06342	group	LPRD	-0.326631633432074	0.346998165653447	151	60	0.348071421225096	0.534246004364086
K14628	group	LPRD	0.395629775784168	0.42035533743023	151	19	0.348136340646954	0.534246004364086
K01027	group	LPRD	-0.510390411024078	0.54262544714026	151	90	0.348435198006243	0.534353694601567
K01253	group	LPRD	0.49977792217218	0.53129751283049	151	81	0.348394325356367	0.534353694601567
K11602	group	LPRD	0.15034006786008	0.159829577664719	151	151	0.34841833275237	0.534353694601567
K16437	group	LPRD	0.287259990897699	0.305498765408464	151	28	0.348586433382357	0.534468700352215
K13010	group	LPRD	0.373450398179274	0.397344114155264	151	148	0.348807234525928	0.534690293904824
K03531	group	LPRD	-0.0392441366945717	0.0417680550681555	151	151	0.348957293202621	0.534803372398421
K07691	group	LPRD	-0.585260770958336	0.623724888242339	151	72	0.34959256889627	0.535542812054819
K16210	group	LPRD	-0.190335509003784	0.202822153685833	151	151	0.34953936990867	0.535542812054819
K01719	group	LPRD	-0.045730481091409	0.0487712361522792	151	151	0.349940304286352	0.535887610121563
K07143	group	LPRD	0.279771611548609	0.298393232724516	151	28	0.349970539106493	0.535887610121563
K01607	group	LPRD	0.130523350609523	0.139291738366179	151	151	0.350249093060433	0.536197017329904
K11078	group	LPRD	-0.378389377063521	0.4043098236498	151	60	0.350844380221966	0.536991071038423
K03329	group	LPRD	-0.268420682663014	0.286930473661629	151	60	0.351049353754252	0.537114006515136
K07656	group	LPRD	-0.275438238830781	0.294449473996539	151	58	0.35107794263229	0.537114006515136
K07543	group	LPRD	0.239696421341343	0.256336680097326	151	17	0.35125781752199	0.537271939958356
K02352	group	LPRD	-0.556909073913448	0.595791649345689	151	77	0.351435756959254	0.537426844739173
K15521	group	LPRD	0.29788866243548	0.31885372660627	151	151	0.351687210652113	0.537682765424957
K19223	group	LPRD	0.322581796103675	0.345334570269532	151	40	0.351756513871449	0.537682765424957
K01146	group	LPRD	-0.499601327333786	0.53505516337947	151	127	0.351949757299636	0.537860867379649
K00756	group	LPRD	-0.110040217238823	0.11795974379704	151	151	0.352400173968831	0.538131152855969
K02247	group	LPRD	-0.272393283731122	0.291981733010583	151	26	0.35237464245241	0.538131152855969
K14470	group	LPRD	0.511750816602596	0.548395612058483	151	81	0.352237711061636	0.538131152855969
K14630	group	LPRD	0.230602470628882	0.247216042159539	151	20	0.352433683703531	0.538131152855969
K00102	group	LPRD	-0.327934555960754	0.351852909286215	151	151	0.352833045258229	0.538593293535343
K05592	group	LPRD	-0.0549635794618415	0.0589888621828287	151	151	0.352966846005901	0.538593293535343
K11071	group	LPRD	0.0862458768447933	0.0925599518597983	151	151	0.35295553499654	0.538593293535343
K10938	group	LPRD	0.403832371629995	0.433635698240399	151	42	0.353219834195328	0.538862032145648
K13714	group	LPRD	-0.35704743825004	0.383817879824671	151	34	0.353745217617294	0.53954612173569
K00325	group	LPRD	-0.183607460538326	0.197418476814127	151	151	0.353853728068991	0.539594220962285
K09918	group	LPRD	-0.575136104154762	0.618821605791517	151	128	0.354182320084244	0.539860418306273
K12340	group	LPRD	-0.0965687185173065	0.103897272378062	151	151	0.354152309925241	0.539860418306273
K09961	group	LPRD	-0.216907900829059	0.233572970467543	151	151	0.35457166067165	0.540336378545275
K00499	group	LPRD	-0.531511528430465	0.572589444309554	151	127	0.354774322846127	0.540527712052021
K03821	group	LPRD	-0.454886492309345	0.490238245912383	151	150	0.354965996658065	0.540702224374845
K12279	group	LPRD	-0.549347705359157	0.592155042994017	151	80	0.355058756886335	0.540726023413689
K13479	group	LPRD	-0.192358077885355	0.207478565634072	151	151	0.355362190899135	0.541070581712193
K00875	group	LPRD	-0.478547017900225	0.516269611916324	151	77	0.355460653189896	0.541102970436737
K18221	group	LPRD	0.33997210755097	0.366855722015941	151	40	0.355571174871796	0.541153698621644
K05999	group	LPRD	-0.293578593681176	0.317104678727531	151	68	0.356041949915538	0.541634997592864
K10848	group	LPRD	0.256140905579812	0.276633401851254	151	37	0.355983873582161	0.541634997592864
K03387	group	LPRD	0.128175036745117	0.138477856628336	151	151	0.356150859048806	0.541683124741186
K01840	group	LPRD	-0.059974709660141	0.0648162171201193	151	151	0.356303965041582	0.541798437080584
K01051	group	LPRD	0.149791736390203	0.162067867308555	151	151	0.356848923900651	0.542436234137704
K12437	group	LPRD	-0.438532806261373	0.474501545235117	151	140	0.356878161461211	0.542436234137704
K01897	group	LPRD	0.0358932642905491	0.0388625484841797	151	151	0.357190359056059	0.542562547401159
K07690	group	LPRD	-0.646910064033733	0.70048401672814	151	122	0.357230105264917	0.542562547401159
K12111	group	LPRD	-0.234275175863191	0.253698272823971	151	151	0.357270858602532	0.542562547401159
K13665	group	LPRD	-0.398161792955902	0.431071325732039	151	72	0.357158598961108	0.542562547401159
K07308	group	LPRD	-0.285634703993552	0.309522200547461	151	151	0.35759054383512	0.542930412017369
K02616	group	LPRD	-0.544474022947871	0.590791878302438	151	139	0.358226874691983	0.543778776871113
K00950	group	LPRD	-0.0490760729141888	0.0533066992566877	151	151	0.358728588463459	0.544422473507003
K00365	group	LPRD	0.768383855022309	0.834799232853154	151	98	0.358829908180106	0.544458367173711
K03832	group	LPRD	-0.0606254832427753	0.0658852470461063	151	151	0.358972418094772	0.544556730327711
K01713	group	LPRD	0.237519887212508	0.258225769252375	151	150	0.359156275049034	0.544717760297215
K02654	group	LPRD	0.0621631889969916	0.0676204341197471	151	151	0.359426648850607	0.545009908813055
K18702	group	LPRD	0.14519897237263	0.15801536279714	151	151	0.359637467534004	0.545211645201853
K05368	group	LPRD	-0.491827898851342	0.535475909497246	151	127	0.359848167853612	0.545413114952177
K12525	group	LPRD	-0.491128748586569	0.534869457524909	151	127	0.35998678239675	0.54550526255971
K01779	group	LPRD	0.120410138957187	0.131327384702396	151	151	0.360692405524878	0.546456399984741
K13086	group	LPRD	-0.226632806172027	0.247240287976545	151	21	0.360807340131408	0.546512414503278
K00849	group	LPRD	-0.0543480995381129	0.0593480096777245	151	151	0.361276325212219	0.546979811114549
K05557	group	LPRD	-0.317714697648282	0.34703600049557	151	47	0.361403585957557	0.546979811114549
K10945	group	LPRD	-0.563373020943401	0.61525016066859906	151	78	0.36131369426869703	0.546979811114549
K19160	group	LPRD	-0.333904626274108	0.364738687319781	151	59	0.361428029255719	0.546979811114549
K10944	group	LPRD	-0.562744853474855	0.615031768587319	151	78	0.36167786814331	0.547239770275115
K00652	group	LPRD	-0.0914948024514691	0.100036862851973	151	151	0.36187367242578	0.547299772104578
K05824	group	LPRD	0.28874042041393	0.315675233563322	151	58	0.361839815385194	0.547299772104578
K10715	group	LPRD	-0.584049122346333	0.63871111658851	151	86	0.361974488473474	0.547334159663299
K05606	group	LPRD	-0.107580758508745	0.117787148518211	151	151	0.362534624220754	0.547826625520044
K08301	group	LPRD	-0.0288986619244354	0.0316339585401457	151	151	0.362438191674296	0.547826625520044
K18890	group	LPRD	-0.513352482719482	0.562052954975235	151	125	0.362532709394539	0.547826625520044
K02858	group	LPRD	0.171166123079591	0.187468162880901	151	151	0.362695967124859	0.547952312401996
K00517	group	LPRD	0.29512000478786	0.32354554526426	151	151	0.363166561024727	0.548112692110724
K02338	group	LPRD	0.0235273580745025	0.0257831427450459	151	151	0.362974742413007	0.548112692110724
K04712	group	LPRD	-0.422936134269322	0.463698435150686	151	81	0.363193074872227	0.548112692110724
K09975	group	LPRD	-0.16262593881815	0.178206700913806	151	151	0.362943363077666	0.548112692110724
K11783	group	LPRD	-0.308152644026053	0.337773278800102	151	142	0.363081295297548	0.548112692110724
K12539	group	LPRD	-0.425277431793063	0.466439463137086	151	73	0.363371687313381	0.548264211809471
K01130	group	LPRD	-0.171765752909483	0.188611461279507	151	151	0.363931931597083	0.548873244512813
K08100	group	LPRD	-0.61410753395714	0.67424642503015	151	74	0.363868839961197	0.548873244512813
K10553	group	LPRD	-0.458935347837148	0.504046526278101	151	124	0.364028440751461	0.548900703305602
K09165	group	LPRD	-0.571286011024506	0.628051841913953	151	143	0.364494101218002	0.549484655814665
K18979	group	LPRD	-0.0917828305200554	0.100984096273361	151	151	0.364879130168713	0.549946829172797
K18297	group	LPRD	-0.680818354200413	0.749314489099317	151	102	0.365034762684628	0.550063131216518
K04720	group	LPRD	0.122347127329911	0.134848197455001	151	151	0.365715702146681	0.550970787029494
K05826	group	LPRD	0.551496824595458	0.608122862110968	151	112	0.365932496740882	0.551178943307603
K19166	group	LPRD	0.204612401945244	0.225667293944265	151	151	0.366029748519819	0.55120698971513
K11077	group	LPRD	-0.368616364496919	0.406650340436491	151	64	0.366150669845976	0.551270660571369
K09947	group	LPRD	-0.454234229153489	0.501306080918651	151	143	0.366345022584198	0.551326450904944
K10533	group	LPRD	0.451186325783306	0.497876642126185	151	80	0.366281967877311	0.551326450904944
K02026	group	LPRD	0.10991429183209	0.121346170261443	151	151	0.366508775016828	0.551336161559648
K19119	group	LPRD	-0.171528023092938	0.189360128741414	151	151	0.366488470297296	0.551336161559648
K03644	group	LPRD	-0.0384878215567585	0.0425068331691809	151	151	0.3666887143591	0.551403955963289
K08162	group	LPRD	-0.384944830490896	0.425161872011332	151	140	0.366711161583574	0.551403955963289
K16902	group	LPRD	-0.339878072634106	0.375584147605117	151	64	0.366962362312729	0.551663341156387
K11960	group	LPRD	-0.324553378465318	0.358737506638731	151	151	0.36707959202457	0.551721256452023
K10748	group	LPRD	-0.486465020780953	0.537894813459312	151	123	0.367250224656131	0.551859394392171
K03208	group	LPRD	-0.49288915684371	0.545390477364909	151	126	0.367594066099581	0.552257694675967
K02391	group	LPRD	-0.416295046474176	0.460830358521575	151	151	0.367793775066857	0.552439332165989
K13689	group	LPRD	-0.242793657058366	0.268991545548168	151	49	0.368191333872669	0.552799582447507
K16124	group	LPRD	-0.199047125601	0.220501244660694	151	16	0.368140567998255	0.552799582447507
K04117	group	LPRD	-0.341970616829419	0.378952830713269	151	62	0.368295890006584	0.552838156091253
K00525	group	LPRD	0.0315111196399105	0.0350097758075138	151	151	0.369537358575887	0.55458293376514
K04033	group	LPRD	-0.625761764233108	0.695575899677699	151	119	0.369768193523634	0.554810581464186
K05881	group	LPRD	0.177391488830245	0.19722243945627	151	151	0.369864963231891	0.554837019528259
K00463	group	LPRD	0.406770962269847	0.452528753145075	151	67	0.37016465166004	0.55516778094499
K18909	group	LPRD	-0.370904420480703	0.413328030585735	151	57	0.370974019483556	0.556143686180438
K19465	group	LPRD	0.224593780838334	0.250255693616196	151	28	0.37092281523933	0.556143686180438
K00681	group	LPRD	0.131207606045211	0.146319042178616	151	151	0.371313447527055	0.556533518743779
K06893	group	LPRD	0.154237712243208	0.172078977796957	151	151	0.371528078038823	0.556736175085967
K00656	group	LPRD	0.0474069754350839	0.0529318879995306	151	151	0.371899172592481	0.557173156630326
K08676	group	LPRD	0.269880211419092	0.301756408350559	151	151	0.372569320654614	0.558057892689924
K00518	group	LPRD	0.659506020616116	0.738058312136196	151	89	0.372993555108796	0.558573984471835
K07104	group	LPRD	-0.166167583847935	0.186067542578329	151	151	0.373270597810301	0.558869476858225
K15733	group	LPRD	0.271323024952631	0.303885295154158	151	151	0.373378942952309	0.558912319046697
K00863	group	LPRD	-0.166711184063677	0.186810888878173	151	151	0.373614251388729	0.559139788814532
K15736	group	LPRD	-0.557066061513709	0.624329089003143	151	130	0.373690429471624	0.559139788814532
K00281	group	LPRD	-0.164261242915342	0.184245453040831	151	151	0.374079741482241	0.559484636760219
K08685	group	LPRD	-0.433501682352521	0.486242792694332	151	77	0.374080526746811	0.559484636760219
K02038	group	LPRD	-0.0943638502367184	0.105941368926166	151	151	0.374516651224086	0.560017432824412
K04090	group	LPRD	-0.498742159811948	0.560139240773132	151	146	0.37469214627642	0.560160363701792
K00971	group	LPRD	-0.106371601583867	0.11954728196308	151	151	0.375014706093351	0.5604035578159
K03811	group	LPRD	-0.0577792876780895	0.0649355256613283	151	151	0.375010504506781	0.5604035578159
K06425	group	LPRD	-0.6530376169961	0.734315769045852	151	101	0.375267649083893	0.560662024739575
K07679	group	LPRD	-0.636328221306005	0.716250371748829	151	117	0.375749028967244	0.561261600907815
K00166	group	LPRD	-0.481753278954573	0.542733696123319	151	146	0.376163892203377	0.561761585927923
K00620	group	LPRD	-0.0955125101349673	0.10770772819968	151	151	0.376629168999549	0.56233662932627
K00558	group	LPRD	0.0511847951766677	0.0577734705592528	151	151	0.377068468496715	0.562872649949313
K02469	group	LPRD	0.0185036015182999	0.0208938167973139	151	151	0.377259147471869	0.563037390627592
K07502	group	LPRD	0.134344824568204	0.151736106882627	151	151	0.377375809049186	0.563091618015069
K00839	group	LPRD	-0.64855037826518	0.733108882661922	151	99	0.377766641327916	0.563554832029941
K06173	group	LPRD	0.0169844359548228	0.0192286063706368	151	151	0.378502522608907	0.564516010607347
K18446	group	LPRD	-0.395224782166361	0.447511607976144	151	135	0.378572006542816	0.564516010607347
K01434	group	LPRD	0.38006283614078	0.430850258267008	151	151	0.379131267926921	0.565109544581696
K07642	group	LPRD	-0.501442345226913	0.568353313004298	151	143	0.379050737470442	0.565109544581696
K15431	group	LPRD	0.351309953798796	0.398381856672718	151	41	0.379282487868135	0.565214761895329
K18904	group	LPRD	-0.286937896213134	0.325858428483979	151	50	0.379974123690711	0.566125102459487
K00686	group	LPRD	-0.572587441054191	0.650661049355163	151	113	0.380271679778614	0.566350259598614
K15552	group	LPRD	0.216756428544547	0.246361402775261	151	151	0.380367620854533	0.566350259598614
K19664	group	LPRD	0.421784869672684	0.479312659923483	151	82	0.380287995401283	0.566350259598614
K06600	group	LPRD	-0.396219073743009	0.450430289730087	151	68	0.380467755186688	0.566379053696896
K16436	group	LPRD	0.27406444552567	0.311731587674703	151	28	0.380725821159606	0.566642888817163
K00324	group	LPRD	-0.16794569011576	0.191164099624666	151	151	0.381064194315947	0.566832061327939
K11693	group	LPRD	-0.388676168734813	0.442298073707447	151	49	0.38094351465847	0.566832061327939
K17244	group	LPRD	0.382048028397138	0.434894650457185	151	114	0.381095507138171	0.566832061327939
K03775	group	LPRD	-0.043216128112876	0.0492680239462533	151	151	0.381809764425505	0.567653541595501
K05812	group	LPRD	0.319873584350208	0.364639800969267	151	151	0.381773033737747	0.567653541595501
K08677	group	LPRD	-0.544916896151569	0.621352035744115	151	119	0.381906150208416	0.567676444648219
K01014	group	LPRD	-0.336071335647604	0.383659147904966	151	66	0.382459957719327	0.568354034323423
K11189	group	LPRD	0.0508272032144266	0.0580359598960197	151	151	0.382554904377944	0.568354034323423
K14060	group	LPRD	0.335374592185465	0.382980945970499	151	63	0.38260523366223	0.568354034323423
K03655	group	LPRD	-0.0511403559908883	0.0584640908874436	151	151	0.383128051317443	0.569010093164253
K15735	group	LPRD	-0.530501662257811	0.606634691689214	151	98	0.383253740445599	0.569069388976339
K19265	group	LPRD	-0.115445846733648	0.13203495332776	151	151	0.38333033591245	0.569069388976339
K02770	group	LPRD	0.0674630464662827	0.0772518399339017	151	151	0.383911766357455	0.569691253633734
K10536	group	LPRD	-0.205819923169015	0.235674514254611	151	151	0.383892462940184	0.569691253633734
K10232	group	LPRD	0.306744122976839	0.351523417889558	151	150	0.384277754235677	0.569993029452412
K17315	group	LPRD	0.247036654619493	0.283090605155453	151	151	0.384262518554985	0.569993029452412
K10948	group	LPRD	-0.208096101724529	0.238612060278612	151	46	0.384551205365047	0.57003678359251
K11962	group	LPRD	-0.311149689913901	0.356777779183793	151	151	0.384551182785882	0.57003678359251
K13246	group	LPRD	-0.208096101724529	0.238612060278612	151	46	0.384551205365047	0.57003678359251
K01963	group	LPRD	0.0728188702145322	0.0835153908046429	151	151	0.384653982487658	0.570068587154013
K03367	group	LPRD	-0.201218115841904	0.230916470645935	151	151	0.384943556971247	0.570377157972616
K04761	group	LPRD	-0.0383640113253475	0.0440483594052119	151	151	0.385181399443014	0.570608962403958
K16839	group	LPRD	0.543082913779885	0.623815185085814	151	95	0.385382305150083	0.570665390600356
K19061	group	LPRD	-0.476932949748778	0.547791196354311	151	60	0.385347291442554	0.570665390600356
K10946	group	LPRD	-0.541600093761371	0.622291307989129	151	78	0.385518941744857	0.570747155571583
K01184	group	LPRD	0.318675122789422	0.366221956680826	151	33	0.385607567136626	0.570757822134237
K01060	group	LPRD	0.128498455499349	0.147778011089224	151	151	0.385952036095846	0.571147091625898
K02778	group	LPRD	-0.58649368536968	0.674885870921521	151	71	0.386230329522106	0.571438288296742
K00501	group	LPRD	0.254329239719186	0.292750131438652	151	42	0.386376297721702	0.571533624610494
K10187	group	LPRD	0.414464782718023	0.478082500292814	151	82	0.387373493115411	0.572887803109501
K02037	group	LPRD	-0.09249351610891	0.106832642574413	151	151	0.388002977797096	0.573620838292763
K10560	group	LPRD	0.313430490996843	0.362043953614458	151	149	0.38803281243713	0.573620838292763
K02538	group	LPRD	-0.521500559228186	0.602616884608836	151	80	0.38821422664899	0.573647076055948
K12063	group	LPRD	-0.487305907947218	0.563046304159467	151	126	0.388166186613953	0.573647076055948
K00757	group	LPRD	-0.0654131714013525	0.0756446911353313	151	151	0.388570256231483	0.574039080885384
K13686	group	LPRD	-0.406517531217964	0.470175030345785	151	140	0.388643292137237	0.574039080885384
K14449	group	LPRD	0.554871990530991	0.642239535976617	151	115	0.388996214032383	0.57431833621883
K18473	group	LPRD	-0.616611302149984	0.713673161385598	151	92	0.388978403020948	0.57431833621883
K11387	group	LPRD	-0.415647473649982	0.481195088051811	151	140	0.389096217501119	0.574345016778867
K17828	group	LPRD	-0.0781482555957071	0.0905307300563358	151	151	0.389401942341864	0.574675287540309
K03941	group	LPRD	-0.223041473341149	0.258743085687519	151	20	0.390062239574131	0.575528583332911
K00892	group	LPRD	-0.468921900513383	0.544216984736713	151	126	0.390267390607144	0.575710102726448
K00109	group	LPRD	-0.322392422939422	0.374515994848323	151	71	0.390717972651914	0.576132307170786
K00156	group	LPRD	0.156265429163973	0.181524308265888	151	151	0.390703103373639	0.576132307170786
K06900	group	LPRD	-0.158275218832082	0.183907132648297	151	20	0.390826916391015	0.576171752660571
K05352	group	LPRD	-0.195322942678577	0.227082030352353	151	151	0.391092276261214	0.57644172762639
K15652	group	LPRD	0.268059866061826	0.311734834692796	151	38	0.391227225566306	0.576519413752324
K06311	group	LPRD	-0.445806003778623	0.51896441668672	151	95	0.391703851218683	0.577100461757664
K07050	group	LPRD	-0.486478076108321	0.566907318550925	151	133	0.392201005385748	0.577711504045828
K06381	group	LPRD	-0.106216356520078	0.123981425762999	151	151	0.392979904987423	0.578737213017192
K10704	group	LPRD	-0.120706205616887	0.141204825350247	151	18	0.394017328065793	0.580143135841464
K02039	group	LPRD	0.097382128194929	0.113999131479154	151	151	0.394345735105214	0.580442509780781
K18802	group	LPRD	-0.247111469532215	0.28930270597867	151	37	0.39438625878543	0.580442509780781
K14659	group	LPRD	-0.421817608168413	0.494106157203218	151	66	0.394642522232146	0.580697749967956
K19272	group	LPRD	-0.44668749818104	0.524540341438138	151	69	0.395814424628396	0.582299919547755
K09022	group	LPRD	-0.0512098177107673	0.0602393359806249	151	151	0.396630133085674	0.583377514253163
K14087	group	LPRD	-0.482814513855091	0.568115225898814	151	93	0.396770230667918	0.58346115313239
K01265	group	LPRD	-0.0351963916564647	0.0414259732273725	151	151	0.396898713236018	0.583527680323928
K09935	group	LPRD	0.167820253420339	0.197661619224358	151	151	0.397227718406898	0.58388892976145
K06332	group	LPRD	-0.583927591125339	0.688260576622924	151	86	0.397570236221498	0.584269885935577
K01489	group	LPRD	-0.0516229813000385	0.0609340998160696	151	151	0.398245936368218	0.584772520725012
K06989	group	LPRD	-0.269241893456368	0.317719278042221	151	151	0.398119810146194	0.584772520725012
K14596	group	LPRD	0.328204887907391	0.387372223156607	151	36	0.398209215466139	0.584772520725012
K18546	group	LPRD	0.523288074498813	0.617392509532451	151	84	0.398032663210932	0.584772520725012
K10047	group	LPRD	-0.366623476751201	0.433162310755282	151	49	0.39869349935208	0.585307105855095
K11072	group	LPRD	0.0765543718561388	0.0904899140304785	151	151	0.398909925959326	0.585502215447001
K07507	group	LPRD	-0.0810648769820781	0.0958833970424751	151	151	0.399213745314841	0.585747435487251
K12454	group	LPRD	0.64629170203095	0.764482074035506	151	103	0.399244115086746	0.585747435487251
K16045	group	LPRD	-0.253407453951787	0.299947633209611	151	57	0.399555259497884	0.585958654619282
K18195	group	LPRD	-0.227922937145423	0.269739059688868	151	52	0.399479194448237	0.585958654619282
K07025	group	LPRD	0.0366879596009178	0.0435094424834842	151	151	0.400457955355839	0.587019003509248
K09014	group	LPRD	-0.0740083580316949	0.0878135689401351	151	151	0.400696994549465	0.587019003509248
K13638	group	LPRD	-0.451135198763896	0.535170008367006	151	130	0.400593326307577	0.587019003509248
K16026	group	LPRD	-0.134767146066336	0.15988598450505	151	34	0.400638027614198	0.587019003509248
K16027	group	LPRD	-0.134767146066336	0.15988598450505	151	34	0.400638027614198	0.587019003509248
K14666	group	LPRD	-0.412775269113623	0.490095108130935	151	66	0.401006253319257	0.587349317962388
K08717	group	LPRD	0.218933357054725	0.260269874370679	151	151	0.401596032801759	0.588090284090314
K05828	group	LPRD	0.481905252884859	0.573429691718895	151	112	0.402035630995131	0.588488154787193
K05829	group	LPRD	0.481905252884859	0.573429691718895	151	112	0.402035630995131	0.588488154787193
K07978	group	LPRD	0.354412895444408	0.42267313236537	151	113	0.40309113609925	0.589909992495979
K09166	group	LPRD	0.718979009456801	0.857685915915492	151	103	0.403217476469643	0.589971719902358
K03770	group	LPRD	0.0314830613044106	0.0375661815254804	151	151	0.403334181879555	0.589995525780651
K06883	group	LPRD	0.440593791762678	0.525800896801458	151	137	0.403402076329053	0.589995525780651
K07770	group	LPRD	0.163301100631071	0.194957564354729	151	151	0.403583573815883	0.590137849905995
K12277	group	LPRD	-0.226520936356528	0.270547085546659	151	59	0.403781793667948	0.590181479068456
K19142	group	LPRD	0.202607979852291	0.24194775035082	151	151	0.403706767767191	0.590181479068456
K11060	group	LPRD	0.46241241848019	0.55245560730773	151	128	0.403925837170533	0.590268942790377
K06928	group	LPRD	0.245758698252024	0.293858858216221	151	150	0.404316687598675	0.590593869570058
K11263	group	LPRD	0.197060359936759	0.235627458483034	151	151	0.404313166347758	0.590593869570058
K06518	group	LPRD	0.0505342922560226	0.0604499241627437	151	151	0.404510659925419	0.590640625895676
K07693	group	LPRD	0.166138501923432	0.198740295446512	151	151	0.404517210403016	0.590640625895676
K01698	group	LPRD	-0.0556238528103915	0.0666271916570415	151	151	0.405137554242087	0.591300073961488
K06909	group	LPRD	0.142718157719867	0.170924127988667	151	151	0.405066014706341	0.591300073961488
K09845	group	LPRD	0.440039099733455	0.527245260941173	151	81	0.405278873909812	0.591383202770146
K02823	group	LPRD	-0.0766295431264665	0.0919528375407714	151	151	0.405977298269202	0.592279055331343
K07398	group	LPRD	0.289909827151798	0.348077124396352	151	37	0.406240032085496	0.592539039725203
K14275	group	LPRD	-0.220622976766419	0.265116781002966	151	31	0.406643171718579	0.593003668347667
K18226	group	LPRD	-0.260369712220725	0.313069437112053	151	39	0.406927438746934	0.593294789021633
K10220	group	LPRD	-0.348393946993996	0.419040031037343	151	123	0.407072610033707	0.5933830310535
K02385	group	LPRD	-0.125854052334673	0.151403808781993	151	151	0.407163868629819	0.593392665092522
K02230	group	LPRD	-0.0828541293558665	0.0997002119343727	151	151	0.407284906831006	0.593445686319966
K12068	group	LPRD	-0.493329980255657	0.594198714511493	151	105	0.407729073879948	0.593952524292619
K12941	group	LPRD	0.122215475551984	0.147253952864023	151	151	0.407886940363006	0.593952524292619
K18427	group	LPRD	-0.16237605382209	0.19562530538662	151	151	0.407846323430165	0.593952524292619
K05570	group	LPRD	0.216914982771527	0.261466466594336	151	151	0.408086928213744	0.594120325395295
K01178	group	LPRD	0.384653955523947	0.463926683914519	151	90	0.408359049665923	0.594146313440871
K07267	group	LPRD	-0.437317868282387	0.527412291421622	151	144	0.408330918772299	0.594146313440871
K11275	group	LPRD	-0.232244457588881	0.280068802730018	151	61	0.408294687137389	0.594146313440871
K08851	group	LPRD	0.288351920174034	0.348305700841312	151	37	0.409068011345024	0.595054318225487
K18547	group	LPRD	0.39794375547887	0.480954487310834	151	74	0.409331184008488	0.595313609937656
K03618	group	LPRD	-0.531021474616702	0.641954488424031	151	114	0.409449402909878	0.595362023314301
K07183	group	LPRD	-0.0922865091572651	0.111629755116873	151	151	0.409717936637734	0.595505439732639
K09969	group	LPRD	-0.427121337797384	0.516628712261638	151	149	0.409702356666496	0.595505439732639
K05831	group	LPRD	0.405042758883426	0.490282515428631	151	110	0.410044696789394	0.595627886111824
K07445	group	LPRD	-0.37200320029436	0.45030184784121	151	139	0.410057086786828	0.595627886111824
K18662	group	LPRD	-0.337698155464169	0.408655170676362	151	68	0.409918614373843	0.595627886111824
K05801	group	LPRD	0.0691995436667663	0.0838369189319601	151	151	0.41046037959961	0.595853914817356
K06023	group	LPRD	0.0876275935553634	0.106164610133254	151	151	0.410467696812127	0.595853914817356
K19302	group	LPRD	0.038594522672319	0.0467484088652556	151	151	0.410362617764881	0.595853914817356
K03328	group	LPRD	-0.130612130191845	0.158494523594823	151	151	0.411211415518599	0.596809942605669
K04762	group	LPRD	-0.0359443650131124	0.0436647765028221	151	151	0.411716079388019	0.597418695199754
K13693	group	LPRD	0.568358872621916	0.690862916636002	151	143	0.412004836376708	0.597713969991871
K01591	group	LPRD	0.0197638241053398	0.0240430716018126	151	151	0.412380431561828	0.598083682312447
K07071	group	LPRD	-0.174723272409836	0.212576954943316	151	151	0.412430316733006	0.598083682312447
K02021	group	LPRD	-0.315304850308001	0.383800205661831	151	149	0.41265485230961	0.598220275227977
K03146	group	LPRD	-0.163203815025838	0.198674636302153	151	151	0.412695185592368	0.598220275227977
K08691	group	LPRD	0.535415095367649	0.652232922912387	151	116	0.413017207163855	0.598563287620141
K09948	group	LPRD	0.57187880968355	0.697227320673496	151	139	0.413401717607802	0.598996701205187
K09744	group	LPRD	0.368437826129926	0.449370011891156	151	122	0.413583570539343	0.599136356577969
K08483	group	LPRD	-0.0595477489439138	0.0726984063344171	151	151	0.414033764447218	0.599664605118802
K06859	group	LPRD	0.267240543044513	0.326349471995287	151	146	0.414163568845897	0.599728696056546
K00290	group	LPRD	-0.096124940451872	0.11761208302191	151	151	0.415059113042548	0.600901359444086
K05577	group	LPRD	-0.394716000937404	0.483362866559364	151	134	0.415458507847847	0.60135538715949
K00375	group	LPRD	-0.093464207050619	0.114513983157586	151	151	0.415699191393518	0.601579548238762
K19687	group	LPRD	0.494558957994547	0.606463157641103	151	98	0.416098898113282	0.602033699850177
K11477	group	LPRD	-0.550701191094625	0.676252981661003	151	107	0.416748659301132	0.602849381283725
K08196	group	LPRD	-0.210730733321425	0.258870582017613	151	30	0.416921689192564	0.602909074345134
K15982	group	LPRD	0.55211024081457	0.678380597100376	151	88	0.417021008724528	0.602909074345134
K18913	group	LPRD	0.365552967403958	0.449182778485211	151	70	0.417047946005642	0.602909074345134
K13540	group	LPRD	0.367278849756741	0.451634757028401	151	125	0.41738894966527	0.603277636526503
K11079	group	LPRD	-0.248725937781308	0.30612748385558203	151	60	0.41780598273459	0.60375591403205
K16148	group	LPRD	0.168831522093452	0.207836235499985	151	151	0.417898492838103	0.603765134953649
K01453	group	LPRD	-0.440657927424914	0.54256830462484	151	142	0.417989514347193	0.603772201849129
K13687	group	LPRD	-0.388967593746079	0.47910403518388	151	139	0.418164454012908	0.603897030020301
K19225	group	LPRD	0.113813703614082	0.14021333020531	151	151	0.418248228352149	0.603897030020301
K07239	group	LPRD	-0.352272781850555	0.434154945481764	151	129	0.418430981827942	0.604036487358705
K00901	group	LPRD	-0.0895610453974874	0.110421618072153	151	151	0.418611972586516	0.604173343181279
K02819	group	LPRD	0.0989196156650042	0.122004367847854	151	151	0.418780878750316	0.604292704824973
K03436	group	LPRD	0.0809860636377276	0.0999316685723327	151	151	0.41899452795466	0.604385111499203
K12254	group	LPRD	-0.558803060485847	0.689561460973045	151	103	0.419017352622843	0.604385111499203
K08900	group	LPRD	0.133304479738835	0.164545635141223	151	51	0.419153520517185	0.604457144378825
K08975	group	LPRD	0.282814353735429	0.349692703556228	151	37	0.419947811644896	0.604980304075364
K09148	group	LPRD	0.282814353735429	0.349692703556228	151	37	0.419947811644896	0.604980304075364
K09152	group	LPRD	0.282814353735429	0.349692703556228	151	37	0.419947811644896	0.604980304075364
K09699	group	LPRD	-0.446281946307137	0.551472819701987	151	145	0.419659069645189	0.604980304075364
K09716	group	LPRD	0.282814353735429	0.349692703556228	151	37	0.419947811644896	0.604980304075364
K16300	group	LPRD	0.415640037503904	0.514334275492581	151	92	0.420314051216449	0.605383500930205
K06999	group	LPRD	0.185071121154791	0.229221483616945	151	151	0.420728867686829	0.605856483665709
K13525	group	LPRD	0.478040445914398	0.59283640551291	151	134	0.42131959313921	0.606582531917408
K18785	group	LPRD	0.112044421550105	0.139177264455334	151	151	0.422074569999609	0.607544709588759
K01045	group	LPRD	0.149445009258995	0.185779964567494	151	16	0.422436423715887	0.607691223116842
K01619	group	LPRD	-0.0487653962761345	0.0606113026016431	151	151	0.422355831773728	0.607691223116842
K18137	group	LPRD	-0.23186824699128	0.288143420498915	151	42	0.422276480617084	0.607691223116842
K09959	group	LPRD	-0.444487905892404	0.553102568693454	151	145	0.422892879226457	0.608223037213267
K07129	group	LPRD	0.220940805912956	0.275075217276856	151	36	0.423137743533715	0.608450375830018
K09822	group	LPRD	-0.569920223164145	0.709940855490363	151	129	0.423385509265654	0.608681792443034
K00973	group	LPRD	0.0382279691064323	0.0476308097760953	151	151	0.423490576439633	0.60870800509367
K03933	group	LPRD	0.460158052334093	0.573541264898436	151	121	0.423651302579279	0.608814192513478
K05819	group	LPRD	-0.50089615040883	0.625403006596464	151	101	0.424454744796863	0.609843771474894
K02413	group	LPRD	-0.13545517603975	0.169207207227561	151	151	0.42467928535323	0.610041350476668
K09456	group	LPRD	-0.433900945746107	0.542729474311008	151	147	0.425285252039599	0.610786645522965
K16291	group	LPRD	-0.502793800942865	0.62951852478959	151	140	0.425738072652612	0.611311734800248
K00695	group	LPRD	-0.464877925717531	0.582970249967938	151	78	0.426470334625179	0.611720144616019
K01749	group	LPRD	-0.0528201349525754	0.0662366355582157	151	151	0.426461078917634	0.611720144616019
K06191	group	LPRD	-0.146452762628936	0.183566673712089	151	151	0.426245877295624	0.611720144616019
K07046	group	LPRD	0.539620075140739	0.676592699987241	151	127	0.426397795319762	0.611720144616019
K15468	group	LPRD	0.345959607446502	0.433914485900541	151	80	0.426546086573909	0.611720144616019
K18540	group	LPRD	-0.162301780598554	0.203496000624978	151	22	0.426390764388231	0.611720144616019
K03891	group	LPRD	0.31017953772362	0.389137654660142	151	151	0.426664414334191	0.611764684901345
K01579	group	LPRD	-0.0399504913801059	0.0501607242010035	151	151	0.42703790108998	0.612141732610799
K03320	group	LPRD	-0.111922455330217	0.140572863141433	151	151	0.42718935177347	0.612141732610799
K16444	group	LPRD	0.370846069358859	0.465697099501882	151	58	0.427110320884592	0.612141732610799
K18827	group	LPRD	-0.338672340355385	0.425450581813574	151	77	0.427279765607739	0.612146159188688
K16235	group	LPRD	0.205042925682419	0.257734026208444	151	151	0.42755328354881	0.612412856084421
K18928	group	LPRD	-0.0652680486743899	0.0821022570757355	151	151	0.427900968291416	0.612785656327441
K16150	group	LPRD	0.350481924641513	0.440990030781149	151	79	0.428016324314256	0.612825660425436
K10984	group	LPRD	-0.335045595815599	0.421701479579871	151	78	0.428162856212661	0.612910276097765
K02304	group	LPRD	-0.101117098126745	0.127378317742538	151	151	0.428555145012806	0.613169142399889
K06862	group	LPRD	0.360288492954441	0.453909567909354	151	80	0.42860610524386	0.613169142399889
K09967	group	LPRD	0.582348778082701	0.733613160955917	151	128	0.428568973264077	0.613169142399889
K07091	group	LPRD	0.0301206130904031	0.0379660979984366	151	151	0.428832278739867	0.613296999604863
K12955	group	LPRD	0.29703240973265	0.374456133976287	151	46	0.428901173150054	0.613296999604863
K18996	group	LPRD	-0.437171578344672	0.551191557218572	151	119	0.428957944231475	0.613296999604863
K01480	group	LPRD	0.110169718947324	0.139184469895783	151	151	0.429888690872082	0.614502390500264
K09790	group	LPRD	-0.100692421125874	0.127295035610316	151	151	0.430191909753582	0.614810456141205
K11159	group	LPRD	-0.529467738463541	0.669547741475889	151	123	0.430326848505045	0.614877947007821
K07727	group	LPRD	0.109981227929155	0.139127927351771	151	151	0.430489675654238	0.614985250934625
K01477	group	LPRD	-0.481416951438384	0.610837404295971	151	136	0.431874957027837	0.616728883823225
K02621	group	LPRD	-0.0322916688938784	0.0409737146012326	151	151	0.431886175561799	0.616728883823225
K07823	group	LPRD	-0.536858370466102	0.681670788355124	151	104	0.432203670235272	0.617056563818585
K14986	group	LPRD	0.451832812809325	0.575281768669486	151	130	0.433459566406081	0.61872359203963
K19163	group	LPRD	-0.429110670119565	0.546728843569069	151	114	0.433776353626561	0.619049722907612
K00167	group	LPRD	-0.421235030766909	0.536972270713569	151	146	0.434013714102587	0.619150224981342
K18434	group	LPRD	-0.196476408114809	0.25046496305667	151	33	0.434023424473369	0.619150224981342
K01278	group	LPRD	-0.0949304997506523	0.121055614619567	151	151	0.434174027342831	0.619239050187842
K00032	group	LPRD	-0.479383200567692	0.611475195168112	151	91	0.434297437487875	0.619255422380186
K01655	group	LPRD	0.358425898183124	0.457253178497779	151	61	0.434362184285788	0.619255422380186
K00876	group	LPRD	-0.0660429365766222	0.0844463311304769	151	151	0.43541451878418	0.620125107004694
K07650	group	LPRD	0.173129793579337	0.221365037996099	151	151	0.435396382556471	0.620125107004694
K08999	group	LPRD	0.103055532933274	0.131750617435516	151	151	0.435337435401936	0.620125107004694
K09143	group	LPRD	0.457561199146168	0.585040829614775	151	83	0.43539613752893	0.620125107004694
K11779	group	LPRD	0.672389884380713	0.85932718920702	151	98	0.435185538296952	0.620125107004694
K12069	group	LPRD	-0.378182932138129	0.483787985046453	151	111	0.43562416889699	0.620171694550751
K13747	group	LPRD	-0.0913220425712612	0.116807337136132	151	151	0.43556230743823	0.620171694550751
K01815	group	LPRD	0.105520725203184	0.135057508894277	151	151	0.435864439068426	0.620387759973536
K01803	group	LPRD	0.0156024463967135	0.0199919017148001	151	151	0.436370988795099	0.620982669803826
K00382	group	LPRD	-0.0432130780185131	0.0554469666232646	151	151	0.437004532833918	0.62175802215664
K05567	group	LPRD	0.18253625782658	0.23431005087189	151	151	0.437193297791835	0.621863112549249
K18929	group	LPRD	-0.0637940158832537	0.0818994661942032	151	151	0.437255817654101	0.621863112549249
K09770	group	LPRD	-0.136108548000409	0.174772043704805	151	151	0.437345804426182	0.621864926780433
K00842	group	LPRD	0.187661710416929	0.241045413676277	151	151	0.43748970872341	0.621943390417989
K06169	group	LPRD	-0.286313931501635	0.367866411063915	151	151	0.437620763466788	0.622003558779842
K02853	group	LPRD	-0.419885062174753	0.540217992832197	151	133	0.438242878630173	0.622648819786142
K19789	group	LPRD	0.282102811971437	0.362956916219693	151	147	0.438252393270303	0.622648819786142
K02470	group	LPRD	0.0160524852141417	0.0206637562028552	151	151	0.438483196762126	0.622724313067769
K18781	group	LPRD	-0.165005505848142	0.21236822406869801	151	34	0.438403340516518	0.622724313067769
K03801	group	LPRD	-0.135563867968806	0.174636364962343	151	151	0.438823789274863	0.62308178302953
K10237	group	LPRD	0.470932215794362	0.606976478688575	151	134	0.439058054648808	0.623277761994264
K12081	group	LPRD	-0.185171179463677	0.238706602178716	151	46	0.439139638586258	0.623277761994264
K05712	group	LPRD	-0.44894536955443	0.579124268149016	151	144	0.439441652837284	0.623525279352404
K11070	group	LPRD	0.0696010787560557	0.0897929125419858	151	151	0.439491926573499	0.623525279352404
K04771	group	LPRD	-0.0636977324635545	0.0822394756369032	151	151	0.439839085654877	0.623891539951575
K01800	group	LPRD	-0.414100785203007	0.535177561051727	151	146	0.440296672792141	0.624414257793427
K06889	group	LPRD	0.0680543461694433	0.0881187996068153	151	151	0.441158705799249	0.625510219994485
K00252	group	LPRD	-0.281107649429147	0.364613892984999	151	151	0.441943484785104	0.626465275368025
K07164	group	LPRD	-0.0845054631130405	0.109625027738454	151	151	0.442011020252532	0.626465275368025
K18676	group	LPRD	-0.413379863357591	0.536638620140654	151	127	0.442333715704599	0.626795906021678
K17051	group	LPRD	-0.527339114896002	0.684871033754598	151	74	0.442528965622765	0.626945846607838
K07137	group	LPRD	-0.0888901845485245	0.115469595338117	151	151	0.442628591563476	0.626960280230343
K00575	group	LPRD	-0.110574131336918	0.143684422031191	151	151	0.442777780970929	0.627044897900244
K03150	group	LPRD	-0.0966394565240321	0.125733900389429	151	151	0.443345535883296	0.627722118065422
K10714	group	LPRD	0.37441965416032	0.487887899522973	151	87	0.4440404790058	0.628452202267446
K16370	group	LPRD	0.152184655243165	0.198276936848768	151	151	0.443977576989277	0.628452202267446
K05571	group	LPRD	0.179995285710808	0.234666288326397	151	151	0.444279355784588	0.628536485176582
K08586	group	LPRD	-0.305862999972486	0.398704943325312	151	145	0.444211416838536	0.628536485176582
K03433	group	LPRD	0.583513508824961	0.761251222871266	151	122	0.444580296142802	0.62883532606155
K08085	group	LPRD	-0.415750375208191	0.542548295382699	151	89	0.444714942630893	0.628898879935961
K03324	group	LPRD	0.0681454383200774	0.0890012863984097	151	151	0.445085044208598	0.629295312606348
K01816	group	LPRD	0.23871995560034	0.312016736488804	151	151	0.445429850168646	0.629655827723777
K01187	group	LPRD	-0.0844173069249715	0.110401589602795	151	151	0.445696136514787	0.629905225195294
K06131	group	LPRD	0.0468430891873175	0.0613021480519855	151	151	0.445995453157873	0.630201194645574
K16849	group	LPRD	0.430285560305584	0.563885258269227	151	84	0.446626372165412	0.630965511664559
K00448	group	LPRD	-0.468214372027853	0.613885142898273	151	141	0.446844060266712	0.631145851797229
K01593	group	LPRD	0.661897851980805	0.868214414733612	151	98	0.447046276181774	0.631233563562153
K02622	group	LPRD	-0.0310526417876375	0.0407585491132059	151	151	0.447342937499129	0.631233563562153
K05569	group	LPRD	0.179248022824041	0.235164130836462	151	151	0.447130525430186	0.631233563562153
K07784	group	LPRD	-0.44889600560927	0.589056097373044	151	119	0.447228885999337	0.631233563562153
K13007	group	LPRD	-0.504542629964842	0.66226365651728	151	106	0.44735639711509	0.631233563562153
K11641	group	LPRD	-0.527281663947972	0.692266820973757	151	54	0.447458477848527	0.631250539287216
K03668	group	LPRD	-0.457176491990784	0.600999702247722	151	131	0.448042348240066	0.63169285220492
K09811	group	LPRD	-0.0163301909921935	0.0214650474513326	151	151	0.447990417310187	0.63169285220492
K16326	group	LPRD	0.400184150485355	0.526030957557248	151	130	0.448001716873847	0.63169285220492
K00103	group	LPRD	0.468675339559665	0.616893256948492	151	83	0.448613428936138	0.631735664291347
K01159	group	LPRD	-0.0191139880954403	0.0251575878025333	151	151	0.448592330405183	0.631735664291347
K01188	group	LPRD	-0.266843328207069	0.351014505835037	151	73	0.448332695171296	0.631735664291347
K09023	group	LPRD	-0.429582741554253	0.565155243664612	151	117	0.448387157928559	0.631735664291347
K13609	group	LPRD	-0.447781415569403	0.589316349602475	151	84	0.448555562982458	0.631735664291347
K14974	group	LPRD	-0.337627809745442	0.444248485978054	151	86	0.448456831161769	0.631735664291347
K14165	group	LPRD	0.215921713760579	0.284352708430107	151	37	0.44884605930255	0.631936307634239
K15578	group	LPRD	-0.417659975877563	0.550711572465428	151	144	0.449409147165913	0.632602032456436
K05367	group	LPRD	0.113079200731259	0.149146757768371	151	151	0.449544320021835	0.632665264676383
K01243	group	LPRD	0.0329778528342247	0.0435097063253616	151	151	0.449682545024276	0.632732766081929
K04022	group	LPRD	-0.443044217191206	0.585488334816464	151	95	0.45041915091788	0.633642032497359
K13277	group	LPRD	0.296163332743078	0.391597003155043	151	74	0.450665714763076	0.633861689504247
K02346	group	LPRD	-0.0128482918521931	0.0170056000023415	151	151	0.451121952927127	0.634376106322801
K03290	group	LPRD	0.358126953611583	0.475344423054247	151	134	0.452395296264541	0.635975017107005
K15460	group	LPRD	-0.0589126481917528	0.0782029940378114	151	151	0.452440429431189	0.635975017107005
K11919	group	LPRD	0.303673012270032	0.403822343645684	151	43	0.453239389624712	0.636842678145767
K15577	group	LPRD	-0.413936729272665	0.550367942920288	151	144	0.453171927491729	0.636842678145767
K00472	group	LPRD	-0.417508951236978	0.555900711354136	151	135	0.453807399903676	0.6374872072718
K02337	group	LPRD	0.0143511028839912	0.0191111433344873	151	151	0.453879978815057	0.6374872072718
K01284	group	LPRD	-0.0915599686573082	0.12197757432821	151	151	0.454059415198236	0.637611478473485
K05568	group	LPRD	0.168860962721776	0.225024803165081	151	151	0.454190910399735	0.63766839212941
K16558	group	LPRD	0.41236179104804	0.549663572905441	151	84	0.454312679428746	0.637711630515721
K11959	group	LPRD	-0.273150423483334	0.364344344303096	151	151	0.454615059666662	0.638008321974635
K03432	group	LPRD	0.569446741706354	0.760571149494578	151	122	0.455212664839888	0.638719131410651
K02052	group	LPRD	0.201410669946347	0.269099716526726	151	151	0.4553618937026	0.638800655364263
K04110	group	LPRD	-0.416591297013238	0.557058812005619	151	90	0.455734883109682	0.639195984513579
K00346	group	LPRD	-0.0466786328466658	0.0624783535392438	151	151	0.456170371396687	0.639295142641099
K02239	group	LPRD	-0.517773655651989	0.692930179165191	151	101	0.456106268272022	0.639295142641099
K04748	group	LPRD	-0.413814930795041	0.553731573977427	151	145	0.456047882817349	0.639295142641099
K12426	group	LPRD	-0.264271033402305	0.353543622786114	151	46	0.455944670144509	0.639295142641099
K00347	group	LPRD	-0.0466626819136942	0.0624720416181948	151	151	0.456278599949262	0.63931900572543
K00348	group	LPRD	-0.0466102234179662	0.0624632507079228	151	151	0.456720893422756	0.639532413436764
K00349	group	LPRD	-0.0465935005442354	0.0624643974881386	151	151	0.456890371236099	0.639532413436764
K00350	group	LPRD	-0.0466087924590245	0.0624664776796504	151	151	0.456757900839923	0.639532413436764
K00351	group	LPRD	-0.0465954602404811	0.0624678018476452	151	151	0.456895960381163	0.639532413436764
K02417	group	LPRD	-0.0990872143755708	0.132864768248821	151	151	0.456978296562732	0.639532413436764
K15331	group	LPRD	-0.355417397569256	0.476141269065662	151	107	0.45656956171764	0.639532413436764
K09915	group	LPRD	-0.385950569152879	0.518065520347215	151	148	0.457454812092665	0.640071503546823
K04020	group	LPRD	-0.433169006809885	0.581748301750969	151	95	0.457687147259222	0.640102221157497
K07259	group	LPRD	-0.0374723353570717	0.0503326734041856	151	151	0.457750703946153	0.640102221157497
K13591	group	LPRD	0.2482903530207	0.33346285923824	151	87	0.457697354382488	0.640102221157497
K01258	group	LPRD	-0.0659688060284759	0.0886627179975232	151	151	0.45802268496132	0.640319321834151
K03439	group	LPRD	0.0206748146958992	0.0278025547353804	151	151	0.458271332045925	0.640319321834151
K06287	group	LPRD	-0.0322522121741231	0.0433634178499203	151	151	0.458189633428552	0.640319321834151
K11031	group	LPRD	0.108147383150919	0.145402041528178	151	151	0.458179810129723	0.640319321834151
K01270	group	LPRD	-0.0697790741817956	0.0940242796018953	151	151	0.459171475219093	0.64144919116896
K04516	group	LPRD	-0.0798353834150195	0.107670195555971	151	151	0.459569049011031	0.641512362217246
K06926	group	LPRD	-0.108728336544841	0.146641235438029	151	151	0.459582750792441	0.641512362217246
K12678	group	LPRD	-0.457407692895416	0.616536322793521	151	86	0.459316366885105	0.641512362217246
K18957	group	LPRD	-0.225138094080382	0.303627691893814	151	56	0.459561111444934	0.641512362217246
K05556	group	LPRD	0.205071128031696	0.277013064510533	151	28	0.460286499865482	0.642119314403593
K05830	group	LPRD	0.358450663393949	0.484036281603899	151	110	0.460134724750202	0.642119314403593
K10546	group	LPRD	-0.118153092258995	0.159637668478784	151	151	0.460383976346998	0.642119314403593
K18888	group	LPRD	-0.171913319104668	0.232228898954906	151	151	0.460297847132639	0.642119314403593
K07738	group	LPRD	-0.0481852761602252	0.0651243988739079	151	151	0.460527351574018	0.642191512737988
K09882	group	LPRD	0.399190630805773	0.539639356873667	151	147	0.460624133127778	0.642198721803047
K15653	group	LPRD	-0.140797610756321	0.190436874394239	151	22	0.460863707156095	0.642404968614879
K02228	group	LPRD	0.35524087280727	0.480767230357649	151	139	0.461127623132598	0.642645057288173
K05934	group	LPRD	-0.0994130695124318	0.134698741567572	151	151	0.46165090478325	0.642990829034489
K05951	group	LPRD	-0.521838465211293	0.707028167719438	151	75	0.461630903593215	0.642990829034489
K07139	group	LPRD	-0.0721383460870199	0.0977087174090596	151	151	0.461493449119061	0.642990829034489
K00847	group	LPRD	0.0469647565781562	0.063652273303475	151	151	0.461776284507233	0.643037694556159
K01724	group	LPRD	-0.305728321595434	0.414506566774068	151	151	0.461934700062906	0.643130535738027
K00798	group	LPRD	-0.0712215192818242	0.096865721181538	151	151	0.463336720168246	0.644954409924425
K06180	group	LPRD	-0.0417774771934981	0.0568440108139051	151	151	0.463525424081899	0.645088986065934
K13995	group	LPRD	-0.314765626534126	0.428663150648609	151	121	0.463922350598921	0.645513234954036
K03812	group	LPRD	-0.506015679951547	0.689341181939544	151	126	0.464067579301747	0.645587166284034
K19354	group	LPRD	0.192442633649003	0.262332108179768	151	151	0.464355005966629	0.645858847584538
K02428	group	LPRD	-0.032493485788775	0.0443161410984143	151	151	0.464576211406256	0.646038334052341
K09958	group	LPRD	-0.42468209410678	0.579396070393397	151	139	0.46472602640478	0.646118493672651
K00655	group	LPRD	-0.0301351775677003	0.0411720594066649	151	151	0.465359302939455	0.646742409517363
K03807	group	LPRD	-0.515685427169006	0.704474645200378	151	129	0.465309734705724	0.646742409517363
K07576	group	LPRD	-0.101088999945517	0.138142185048984	151	151	0.465455283005482	0.646747578566587
K18147	group	LPRD	-0.217206592855942	0.296943242856833	151	42	0.465637835390479	0.646873013493313
K06994	group	LPRD	0.213512964427028	0.291978785057415	151	151	0.465767638420704	0.646925132817343
K06979	group	LPRD	-0.367497474743167	0.503342643525852	151	73	0.466466902783701	0.647768024665956
K08297	group	LPRD	0.352521399885864	0.483065428334207	151	99	0.466683146665969	0.647939960017517
K13853	group	LPRD	-0.158804566345772	0.21783304322697	151	151	0.467134009076298	0.648437505668286
K00187	group	LPRD	0.282139764866727	0.387487433729563	151	79	0.467679047843796	0.649065556401704
K11717	group	LPRD	-0.0641977125606744	0.0882213789913459	151	151	0.467946018745646	0.649307520072641
K03437	group	LPRD	0.0320396204432611	0.0440777758528795	151	151	0.468434845892175	0.649728585220448
K06877	group	LPRD	0.161837946546654	0.222632097724121	151	151	0.468409399080045	0.649728585220448
K02422	group	LPRD	-0.0891119980837321	0.122719675508256	151	151	0.468890400566724	0.650197025616328
K17850	group	LPRD	-0.461418338111824	0.635534461678195	151	128	0.468958082955229	0.650197025616328
K04784	group	LPRD	-0.316640712584967	0.436444735239099	151	62	0.469283206771321	0.650519137723345
K01535	group	LPRD	-0.228640569283754	0.31523752636064	151	64	0.469407927640601	0.650563379351643
K03829	group	LPRD	-0.520522292247078	0.717963944355805	151	133	0.469590396200459	0.650687621538885
K01169	group	LPRD	-0.436203084857932	0.60204015265827	151	117	0.469869543632708	0.650945751159147
K13775	group	LPRD	0.560224642621599	0.773549241318546	151	114	0.470062484021079	0.651084373243976
K09951	group	LPRD	-0.0397995029819244	0.0549756161158348	151	151	0.470232598277065	0.651191330288864
K03336	group	LPRD	0.14885478545012	0.205805329348536	151	151	0.470642049766231	0.65137231369423
K16218	group	LPRD	0.310373956172508	0.428987046354278	151	64	0.47050444058962	0.65137231369423
K18887	group	LPRD	-0.168905136210351	0.233479038260654	151	151	0.470551499239626	0.65137231369423
K07290	group	LPRD	-0.399804889837604	0.553055503676217	151	148	0.470873344721085	0.651563787306515
K00793	group	LPRD	-0.0177918608409561	0.0246312483575313	151	151	0.471224491991557	0.651920996420133
K10545	group	LPRD	-0.184828374861112	0.255972604373453	151	151	0.471387353900804	0.652017630395548
K03889	group	LPRD	0.278606899799615	0.386404206036212	151	151	0.472024224016671	0.652536762972314
K09797	group	LPRD	-0.0734924037327134	0.101931828504909	151	151	0.472041929391242	0.652536762972314
K18479	group	LPRD	0.151625746377681	0.21028055854252	151	151	0.471999977937519	0.652536762972314
K12059	group	LPRD	-0.429729241523047	0.596352213401719	151	103	0.472286889744455	0.652617996670338
K14088	group	LPRD	0.371973113354427	0.516158880045391	151	112	0.47225015993357	0.652617996670338
K01156	group	LPRD	-0.0979408245036011	0.135967775992274	151	151	0.47245416332892	0.652720473972355
K03890	group	LPRD	0.277143192260323	0.385176058077234	151	151	0.472945528800835	0.652884631133095
K10680	group	LPRD	-0.317113561499756	0.440707884099055	151	151	0.472926132335092	0.652884631133095
K14451	group	LPRD	-0.280205033095974	0.389425693120836	151	46	0.472939017867742	0.652884631133095
K15514	group	LPRD	-0.174155206029315	0.241926112627634	151	70	0.472733087066505	0.652884631133095
K14652	group	LPRD	-0.023414639345856	0.0325513288588611	151	151	0.473073896642359	0.652933257622158
K04788	group	LPRD	0.255391454596474	0.355178336335039	151	66	0.473235481695508	0.653027702103447
K07001	group	LPRD	-0.0304162313423073	0.0423593755714201	151	151	0.473849634499368	0.653617854750211
K16514	group	LPRD	0.414685975496887	0.577458323998023	151	96	0.473806082031529	0.653617854750211
K03828	group	LPRD	-0.168103633573198	0.234177995075311	151	151	0.473976509054768	0.653664239322038
K01085	group	LPRD	-0.0751104029294098	0.10478886736489	151	151	0.474632850181672	0.654350722383661
K16199	group	LPRD	0.46634585730637	0.650655149309915	151	80	0.474660973369603	0.654350722383661
K01631	group	LPRD	-0.395581124700795	0.552956960612445	151	147	0.475486218942408	0.655269004470095
K19744	group	LPRD	0.354890289561885	0.496109230402177	151	59	0.47551404076168	0.655269004470095
K02336	group	LPRD	-0.435663136309318	0.609153887463384	151	133	0.47560840417589	0.655270226665289
K00963	group	LPRD	-0.0517786418270458	0.072421049051161	151	151	0.475748335542278	0.655334217361244
K09153	group	LPRD	0.0997155515843662	0.139500324873768	151	151	0.475847898150008	0.655342586646671
K07401	group	LPRD	-0.424242924143167	0.593670315735191	151	138	0.475967971470489	0.655379194658835
K14029	group	LPRD	0.319128292142211	0.447028313920274	151	85	0.476413019624328	0.655863171163892
K07007	group	LPRD	0.0373303322206063	0.0523362657605565	151	151	0.476789118251887	0.656252055555808
K16647	group	LPRD	-0.338027247972415	0.474189110165037	151	140	0.477051464827384	0.656484249791904
K06606	group	LPRD	0.429840569121237	0.603347679229719	151	138	0.477315140337196	0.656718181307899
K00175	group	LPRD	-0.0824106820749946	0.115727733551999	151	151	0.477511238656701	0.656747604413766
K10213	group	LPRD	0.181961179891115	0.255531939474842	151	151	0.477523900099424	0.656747604413766
K08137	group	LPRD	-0.462022317970004	0.649509154347184	151	120	0.477985254642288	0.657124266531171
K15723	group	LPRD	-0.381406626984041	0.536161316369053	151	128	0.477969997391952	0.657124266531171
K15790	group	LPRD	-0.472448177838442	0.664867635434065	151	109	0.478449220191911	0.657633143832411
K04034	group	LPRD	0.334206698719996	0.470434370838415	151	63	0.478553249343138	0.657647182492727
K00174	group	LPRD	-0.0820945809916893	0.115693035035189	151	151	0.479067585228232	0.657943906846675
K00647	group	LPRD	-0.0864188577161662	0.121784998103044	151	151	0.479060055208578	0.657943906846675
K01852	group	LPRD	0.246397728798106	0.347149016365617	151	68	0.478952897931928	0.657943906846675
K12908	group	LPRD	0.180119536851721	0.253880743055874	151	36	0.479144599779212	0.657943906846675
K16568	group	LPRD	-0.380246670382282	0.536242683728836	151	93	0.479373961302848	0.658129939038966
K09693	group	LPRD	0.10738459970417	0.151573514341511	151	151	0.479763155958873	0.658535289459898
K10024	group	LPRD	-0.507126648742815	0.716825755254615	151	114	0.480384782920455	0.659259461290602
K09611	group	LPRD	0.276180741064482	0.39070218167448	151	77	0.480743193150967	0.659622192990464
K09683	group	LPRD	-0.28472387321663	0.402888442833504	151	98	0.48085260145061	0.659643196901913
K16054	group	LPRD	0.275801863896324	0.390523570692285	151	77	0.481144134865295	0.659913986579087
K02318	group	LPRD	-0.305973141228366	0.433388716912695	151	43	0.481289539182938	0.659984285929655
K03088	group	LPRD	0.0490418532835266	0.0695648031811961	151	151	0.481922718805404	0.660723305070582
K00511	group	LPRD	0.244315619622364	0.346738855095476	151	68	0.482152937305546	0.66078046735325
K00784	group	LPRD	0.0478777688888215	0.0679393728525672	151	151	0.48208884211153	0.66078046735325
K18015	group	LPRD	-0.251568321517698	0.357197100813941	151	23	0.482355011958635	0.660928192695471
K16937	group	LPRD	0.240029128849825	0.341071587626013	151	150	0.482686795890416	0.661253554659334
K03408	group	LPRD	-0.0959184820389865	0.136620309325087	151	151	0.483724119050141	0.662346247336022
K03825	group	LPRD	0.209540713057412	0.298486651669554	151	151	0.48376787251932	0.662346247336022
K13659	group	LPRD	-0.213325427722436	0.303815132755307	151	52	0.483677688876195	0.662346247336022
K00590	group	LPRD	-0.301747008776563	0.430213558355846	151	73	0.484154376303422	0.662745982793788
K14447	group	LPRD	0.515275232506408	0.735903858151055	151	115	0.484898202452856	0.663634595703733
K12992	group	LPRD	-0.122936002209404	0.175714968554856	151	151	0.485247313185705	0.663982757257816
K10915	group	LPRD	-0.252263988870152	0.360660320633467	151	71	0.485361122654848	0.664008873889633
K03048	group	LPRD	0.101333607604056	0.144952627005109	151	151	0.485591318893515	0.664064601139981
K13590	group	LPRD	0.216867215256432	0.310216652568852	151	151	0.485589932960501	0.664064601139981
K02564	group	LPRD	0.0579972149787742	0.082992766368237	151	151	0.485752298289695	0.664155180614543
K17910	group	LPRD	-0.307877279557339	0.440689442742478	151	51	0.485874534734321	0.664192762965599
K07477	group	LPRD	0.533360290971858	0.764145707096051	151	90	0.48627599469099	0.664597056578745
K10543	group	LPRD	0.23201246803218	0.332468534912332	151	151	0.486359900178169	0.664597056578745
K05917	group	LPRD	0.306613325088055	0.439541688898435	151	75	0.486530058539434	0.664700002019379
K00969	group	LPRD	-0.0253963922930823	0.0364169062323366	151	151	0.486652252442591	0.664737390807203
K16704	group	LPRD	-0.385922860982927	0.553701245935974	151	133	0.486896615016256	0.664941607493465
K13660	group	LPRD	-0.116474700350576	0.167361740531594	151	42	0.487546893213271	0.665440755729173
K14205	group	LPRD	-0.0964267228492845	0.1385272718881	151	151	0.487460122187971	0.665440755729173
K16563	group	LPRD	-0.357344086828306	0.513265132701302	151	78	0.4873773417278	0.665440755729173
K07133	group	LPRD	-0.0719565142897175	0.103571867534812	151	151	0.488294178421697	0.666330969580707
K02426	group	LPRD	-0.0489586919367392	0.0705381033897491	151	151	0.488716267788675	0.666777157882174
K02276	group	LPRD	0.283161731975054	0.408543682310619	151	151	0.489325581460832	0.667333488173199
K11749	group	LPRD	-0.0131179238772027	0.0189256134145091	151	151	0.489306527974105	0.667333488173199
K12686	group	LPRD	-0.45550267730862	0.657323319965486	151	132	0.489409623780088	0.667333488173199
K17759	group	LPRD	-0.0371305468832247	0.0535953297265351	151	151	0.489516947180596	0.667350019396339
K14126	group	LPRD	0.284693987705999	0.411088449647468	151	80	0.489678041195633	0.667439834489867
K02436	group	LPRD	0.152153523608341	0.219792791743367	151	151	0.489852151672984	0.667447740107202
K04105	group	LPRD	-0.229639760658224	0.331742168736328	151	64	0.489874268595086	0.667447740107202
K09786	group	LPRD	0.236190825890243	0.341427278621937	151	151	0.490155230942532	0.66770077126062
K14028	group	LPRD	0.310262235325047	0.448623563429761	151	85	0.490272908432704	0.667731316905626
K08307	group	LPRD	-0.0374521750535668	0.0542705881110841	151	151	0.491204309368183	0.668610137606013
K09828	group	LPRD	0.224868151300119	0.325772356427849	151	65	0.491103472504801	0.668610137606013
K11475	group	LPRD	-0.373506961493315	0.541184184907728	151	130	0.491163372394933	0.668610137606013
K10125	group	LPRD	-0.376243843857701	0.545778281831934	151	144	0.491661854955028	0.669103009752426
K03536	group	LPRD	0.0115603445376005	0.0167801471506811	151	151	0.491938771183504	0.669349919642151
K14259	group	LPRD	0.501054044540104	0.727491140431242	151	90	0.492056372542427	0.669380006117293
K01819	group	LPRD	0.132393884006536	0.192494849807953	151	151	0.4926613417378	0.669587812590171
K02919	group	LPRD	0.0300975994507652	0.0437631496991632	151	151	0.492686724299586	0.669587812590171
K03490	group	LPRD	-0.394288604552179	0.573256754716382	151	121	0.492645193740414	0.669587812590171
K09122	group	LPRD	-0.467867239997477	0.679855492507863	151	129	0.49240548339535	0.669587812590171
K13016	group	LPRD	0.147498390161427	0.214347693374826	151	151	0.492442850356965	0.669587812590171
K01521	group	LPRD	-0.399711610816007	0.582424658953853	151	118	0.49359748333215703	0.670565573286516
K18697	group	LPRD	-0.452216165337777	0.658841050147207	151	129	0.493539442917523	0.670565573286516
K07668	group	LPRD	-0.130000123755975	0.18949900152912	151	151	0.493766517138351	0.670665236415393
K07807	group	LPRD	-0.345015412114347	0.503342019313176	151	92	0.49412551818489	0.67102283658971
K15579	group	LPRD	-0.21023441250134	0.306964776503717	151	33	0.494482888810465	0.671378084555754
K11608	group	LPRD	0.201046963316801	0.293643980776485	151	32	0.494620661486728	0.671435096247475
K18555	group	LPRD	-0.250297487075985	0.365827272772035	151	76	0.494914298681805	0.671703627058946
K02615	group	LPRD	-0.424462779640076	0.620699504349908	151	99	0.495134646566296	0.671872604032082
K06024	group	LPRD	-0.0408981793719843	0.0598812746405779	151	151	0.495675136544991	0.672475848109229
K02556	group	LPRD	-0.09114127335949	0.133556605247757	151	151	0.496034967033532	0.672703640724523
K07307	group	LPRD	0.187806132704213	0.275147353817375	151	151	0.495941156918352	0.672703640724523
K02031	group	LPRD	0.08401984903583	0.123173998748874	151	151	0.496220025605652	0.672824444776715
K18016	group	LPRD	0.220653423867648	0.323687623149004	151	68	0.496495537075954	0.672937686562729
K18017	group	LPRD	0.220653423867648	0.323687623149004	151	68	0.496495537075954	0.672937686562729
K01962	group	LPRD	0.0645239426415039	0.0947455390722753	151	151	0.496913607475002	0.673374132688916
K07051	group	LPRD	-0.385913197647134	0.56737883121804	151	132	0.497453249555459	0.673844884905076
K07772	group	LPRD	-0.320407197857236	0.471033449277174	151	126	0.497419620430628	0.673844884905076
K00303	group	LPRD	-0.402829573491641	0.592573294515645	151	145	0.49768776749422	0.673991430021901
K18828	group	LPRD	-0.125125171700598	0.184090828124439	151	151	0.497753727991923	0.673991430021901
K07180	group	LPRD	0.230364032393107	0.339205062880785	151	151	0.498109636258451	0.674343095823048
K02274	group	LPRD	0.281308506101711	0.414880263399685	151	151	0.498793221050631	0.675138150138042
K03427	group	LPRD	-0.0349296750105152	0.0515784239659824	151	151	0.499319747966105	0.675720353907798
K03112	group	LPRD	-0.403741719507235	0.596490492378372	151	135	0.499543011509958	0.675892011326926
K14164	group	LPRD	-0.272448564248979	0.40312246946425	151	101	0.50018627572885	0.676631762419768
K05896	group	LPRD	-0.0405475357374029	0.0600278581633473	151	151	0.500418678031843	0.676684979360189
K10117	group	LPRD	0.105229522786153	0.155762294859167	151	151	0.500355982251862	0.676684979360189
K09021	group	LPRD	-0.376311830580954	0.557482044116857	151	118	0.500708842491883	0.676946766801948
K09472	group	LPRD	0.359572766231847	0.533353720945526	151	147	0.501245819700507	0.677542074064897
K00012	group	LPRD	-0.0634813589428628	0.0941966159280739	151	151	0.501403781441955	0.677624929228475
K08482	group	LPRD	0.39479514087279	0.586218472405852	151	137	0.501697502397517	0.677891189631187
K13409	group	LPRD	-0.412397270952497	0.612632727667084	151	123	0.501890928718155	0.677891215860167
K15313	group	LPRD	0.266647776226042	0.396108317416019	151	77	0.501882654782253	0.677891215860167
K13274	group	LPRD	-0.335535189367482	0.498678100376341	151	52	0.502085389898621	0.678023229279394
K01200	group	LPRD	0.0880130515957759	0.13100551286717	151	151	0.50273412593321	0.678507166498229
K01616	group	LPRD	-0.326386679925985	0.485718399251886	151	141	0.502645372239339	0.678507166498229
K12988	group	LPRD	-0.374694205085352	0.557708076179359	151	101	0.502721814496209	0.678507166498229
K00222	group	LPRD	0.216877983440293	0.323501655826012	151	63	0.503635732342754	0.678548238270748
K02001	group	LPRD	0.188184514036921	0.280539536077309	151	151	0.503389614093019	0.678548238270748
K07157	group	LPRD	-0.336053782472709	0.500783809755274	151	150	0.503224050849443	0.678548238270748
K07430	group	LPRD	0.216877983440293	0.323501655826012	151	63	0.503635732342754	0.678548238270748
K07748	group	LPRD	0.216877983440293	0.323501655826012	151	63	0.503635732342754	0.678548238270748
K08246	group	LPRD	0.216877983440293	0.323501655826012	151	63	0.503635732342754	0.678548238270748
K09591	group	LPRD	0.216877983440293	0.323501655826012	151	63	0.503635732342754	0.678548238270748
K17266	group	LPRD	0.216877983440293	0.323501655826012	151	63	0.503635732342754	0.678548238270748
K18336	group	LPRD	-0.361059318290822	0.53829899217456	151	81	0.503423778453068	0.678548238270748
K07325	group	LPRD	0.206193892748109	0.30796799033857	151	33	0.504193457561209	0.678908209278539
K08354	group	LPRD	-0.219632853029483	0.327981362997284	151	63	0.504117072301221	0.678908209278539
K13480	group	LPRD	-0.19119692579267	0.285560061075649	151	58	0.504180497990371	0.678908209278539
K09478	group	LPRD	0.274052119987439	0.409496555450001	151	78	0.504377047921899	0.679024986735647
K01762	group	LPRD	-0.30909942427365	0.462167821757618	151	68	0.504655744345119	0.679139329594795
K18657	group	LPRD	-0.342569914636611	0.51215343146745	151	130	0.504606129988615	0.679139329594795
K00186	group	LPRD	0.25864457782129	0.387067240991479	151	77	0.505029436653084	0.679496307555884
K02485	group	LPRD	-0.449775952512467	0.673234749811443	151	133	0.505114872849317	0.679496307555884
K13013	group	LPRD	0.463471266156916	0.694244147792901	151	110	0.505427264072666	0.679786093850612
K16089	group	LPRD	-0.0681136670613371	0.10207227657745	151	151	0.505607449516985	0.679897989854991
K15236	group	LPRD	-0.17496844073036	0.262347425968505	151	36	0.505845719480519	0.679957525131052
K15237	group	LPRD	-0.17496844073036	0.262347425968505	151	36	0.505845719480519	0.679957525131052
K04101	group	LPRD	-0.338151184467532	0.507324954369513	151	122	0.506098269747108	0.680166578015189
K11942	group	LPRD	-0.128365423765114	0.19270025443842	151	151	0.506351412505979	0.68037634687884
K03198	group	LPRD	-0.148137297100817	0.222508235847069	151	151	0.506593260585597	0.680570861767925
K06904	group	LPRD	0.117153068414362	0.176061343586397	151	151	0.506816690142899	0.680740562924262
K00441	group	LPRD	0.31534877070891	0.474136692339628	151	134	0.50701408433473	0.680875235859475
K03544	group	LPRD	-0.0133132711764045	0.020030881245345	151	151	0.507309821750986	0.681011461216854
K17742	group	LPRD	-0.295974489701777	0.445304080007793	151	48	0.507297242682696	0.681011461216854
K01233	group	LPRD	0.406331923175164	0.611847623685809	151	76	0.507648580481267	0.68102290505015
K01971	group	LPRD	0.320732697904521	0.483033603311675	151	151	0.507718618844242	0.68102290505015
K10910	group	LPRD	-0.203204123000573	0.306093584712156	151	67	0.507804097674342	0.68102290505015
K18074	group	LPRD	-0.219381289355197	0.3304293929458	151	52	0.507762509252777	0.68102290505015
K18076	group	LPRD	-0.219381289355197	0.3304293929458	151	52	0.507762509252777	0.68102290505015
K11748	group	LPRD	0.135660880189528	0.204482908870391	151	151	0.508077893264016	0.68125976124345
K08714	group	LPRD	-0.335336177843019	0.506130390489867	151	129	0.508643001065016	0.681887060138796
K07505	group	LPRD	0.343713916249785	0.519219891195684	151	97	0.509005659459616	0.682242767268051
K02813	group	LPRD	0.396644817261214	0.599342793961658	151	110	0.509121862630112	0.682268066724734
K05607	group	LPRD	0.214309761874427	0.324147980655378	151	63	0.509538476981622	0.682695856965056
K16564	group	LPRD	0.338342709936214	0.512276834535415	151	78	0.50997301961876	0.682886507646133
K17329	group	LPRD	0.356049087872625	0.538856180650969	151	92	0.509793109936818	0.682886507646133
K19428	group	LPRD	-0.193375258088408	0.292746234571119	151	22	0.509917094021323	0.682886507646133
K01673	group	LPRD	-0.0486328426255278	0.073693422862923	151	151	0.510314597654558	0.683082934802072
K03101	group	LPRD	-0.0123195093624892	0.0186669070804739	151	151	0.510295032022161	0.683082934802072
K01167	group	LPRD	-0.348480290227781	0.528474095422026	151	136	0.510651384581671	0.683403246643283
K13038	group	LPRD	-0.0140825574593845	0.0213635895402005	151	151	0.510794458188338	0.683464239721368
K04940	group	LPRD	0.226800632920339	0.344142981557114	151	143	0.510893539282548	0.683466356940966
K18912	group	LPRD	0.472366082651369	0.717008518652982	151	97	0.511040205095721	0.683532119389622
K13766	group	LPRD	0.181027674475564	0.27489200834923	151	151	0.511206829805157	0.683624547297625
K01093	group	LPRD	-0.35671462392437	0.542499308265781	151	133	0.51184869808129	0.684221848503021
K03379	group	LPRD	0.481339509590455	0.731981983208351	151	99	0.511820172110906	0.684221848503021
K05895	group	LPRD	-0.0920758791637766	0.140085875901306	151	151	0.512013850185296	0.684312123889214
K10908	group	LPRD	-0.224097471394483	0.341226507376429	151	46	0.512360460147611	0.684644839045893
K18307	group	LPRD	-0.317447175650421	0.483495360321647	151	93	0.512472013490441	0.684663391379454
K11956	group	LPRD	0.25138699492684	0.383904796016576	151	56	0.513595823010792	0.686034054745742
K03918	group	LPRD	0.35321352066267	0.539756721504818	151	94	0.513866865986649	0.686265332552183
K10942	group	LPRD	-0.426280072675986	0.65186352718302	151	126	0.51415803163387	0.686523390810177
K19203	group	LPRD	0.183883256486043	0.281489422700183	151	18	0.514601212067629	0.68698428805829
K08693	group	LPRD	-0.307804161142122	0.471334164296169	151	128	0.514731278653202	0.687027087463623
K03227	group	LPRD	-0.343982685166307	0.527800718854241	151	134	0.515580449626437	0.687767640700537
K05774	group	LPRD	-0.378166781146508	0.580088703843862	151	141	0.515462292279676	0.687767640700537
K13255	group	LPRD	-0.377974154570339	0.579821202099172	151	118	0.515482529459208	0.687767640700537
K03394	group	LPRD	-0.0830022595529634	0.127596744262879	151	151	0.516368184108691	0.688556395396981
K07568	group	LPRD	-0.029158132013851	0.0448225709590393	151	151	0.516356019308556	0.688556395396981
K17835	group	LPRD	0.279999068442556	0.43056202315491	151	65	0.516493035148955	0.688591893570592
K18844	group	LPRD	0.2952079366042	0.454112673918494	151	82	0.516643899147925	0.688662052296436
K00211	group	LPRD	0.166576876821558	0.256554058783714	151	32	0.5171533465157	0.689145807484174
K00788	group	LPRD	-0.0310944636729801	0.0479024305653597	151	151	0.517259613702832	0.689145807484174
K03308	group	LPRD	0.0460685291208153	0.07098155692379	151	151	0.517323859723914	0.689145807484174
K04025	group	LPRD	-0.375915644510814	0.579309542378431	151	95	0.517400054891471	0.689145807484174
K02750	group	LPRD	0.125817710876189	0.19439192499634	151	151	0.518474269868619	0.69044540877261
K01734	group	LPRD	-0.0784476624399943	0.121314341235883	151	151	0.518854712455923	0.690451842575684
K01784	group	LPRD	-0.0163652437415174	0.0252991354945837	151	151	0.518711543104007	0.690451842575684
K01903	group	LPRD	0.0477247828539398	0.0738066017573515	151	151	0.518873082266577	0.690451842575684
K17484	group	LPRD	0.169429503091846	0.261965287722085	151	26	0.518780286696638	0.690451842575684
K00134	group	LPRD	-0.00962253800403355	0.0149080304885245	151	151	0.519621819289173	0.691316939308617
K07098	group	LPRD	0.0333233831777541	0.0516684525139009	151	151	0.519953702688413	0.691627221223107
K03529	group	LPRD	-0.0455297847222293	0.0706350391031994	151	151	0.520191891724237	0.691725228321743
K06324	group	LPRD	-0.203402208321764	0.315583648036772	151	71	0.52022473662086	0.691725228321743
K01273	group	LPRD	-0.0920202797309258	0.143008309820908	151	151	0.520914086146594	0.692510476747131
K06931	group	LPRD	-0.149937159945392	0.23316969499798	151	21	0.521187283551271	0.692540555414289
K07443	group	LPRD	0.101025163047522	0.157123157685317	151	151	0.521233091350327	0.692540555414289
K18986	group	LPRD	-0.169035015815573	0.262823861624069	151	151	0.521115701829662	0.692540555414289
K04056	group	LPRD	-0.100298761871911	0.156180615780276	151	17	0.521731961643321	0.692678229378728
K05350	group	LPRD	0.14564555024099	0.226631714039162	151	151	0.521436949345478	0.692678229378728
K18673	group	LPRD	-0.335212547947367	0.521916907608316	151	61	0.521683653050272	0.692678229378728
K18911	group	LPRD	0.475682726073581	0.74044967063114	151	91	0.521585095792892	0.692678229378728
K18457	group	LPRD	-0.385302587966294	0.600889954383506	151	85	0.522364916197633	0.693387249109148
K00945	group	LPRD	0.0130695912066404	0.0204082452323409	151	151	0.522891398779461	0.693703791634639
K03786	group	LPRD	-0.0396909885090861	0.0619540300315658	151	151	0.522732710518883	0.693703791634639
K11740	group	LPRD	-0.333245812460621	0.520376450508582	151	136	0.522900261768535	0.693703791634639
K18007	group	LPRD	-0.357505541745773	0.558795545646606	151	118	0.523298912700495	0.694101301424876
K00112	group	LPRD	-0.0719899965364439	0.112577368096937	151	151	0.523498315420848	0.694234428887655
K14744	group	LPRD	-0.363839315236678	0.569334069224699	151	104	0.523764320939401	0.694455814220768
K07029	group	LPRD	-0.0981885736861766	0.153756917357124	151	151	0.524066061468488	0.694724487687992
K01902	group	LPRD	0.0470740764756526	0.0737461672406559	151	151	0.524241543843427	0.694825717969829
K01452	group	LPRD	-0.344493255741604	0.540460092032814	151	74	0.524837748315085	0.695352979718153
K01885	group	LPRD	-0.0170732605051016	0.0267813903230348	151	151	0.524774596733228	0.695352979718153
K12961	group	LPRD	-0.330052408301496	0.518024120833058	151	130	0.52501326226594	0.695454075677294
K00696	group	LPRD	-0.397904534814647	0.624840692709142	151	84	0.525226046848162	0.695604494314304
K11018	group	LPRD	-0.171954427619303	0.27013922071739	151	57	0.525401171717498	0.695704989372811
K07452	group	LPRD	-0.135722707345547	0.213455290379869	151	151	0.525858274177098	0.69610929394744
K10022	group	LPRD	-0.465548307957375	0.732265164571726	151	114	0.52590510994945	0.69610929394744
K04783	group	LPRD	-0.256895634174897	0.404911641294772	151	63	0.526761001932383	0.69702599251262
K18707	group	LPRD	-0.065096217364067	0.102611651384343	151	151	0.526796534712105	0.69702599251262
K11441	group	LPRD	-0.358445523199697	0.565370376388629	151	85	0.527052123056646	0.697232568904905
K00113	group	LPRD	-0.0710884459188411	0.112224250729366	151	151	0.527410980342492	0.69757565513224
K03462	group	LPRD	0.168651722164127	0.266673294345144	151	151	0.528076377020441	0.698323977157761
K06122	group	LPRD	0.393110871478047	0.622039475662002	151	78	0.528374337991251	0.698454480354265
K17947	group	LPRD	0.437544341311354	0.692348438320477	151	135	0.528374103919059	0.698454480354265
K13953	group	LPRD	-0.100167546474231	0.158598936532398	151	151	0.528630648467229	0.698661547088098
K07798	group	LPRD	-0.0926835058413473	0.146816153491057	151	151	0.528818456543317	0.698778017034619
K16191	group	LPRD	-0.203123102701251	0.322076612850028	151	56	0.529224389391566	0.699182617722367
K07151	group	LPRD	0.337659601377071	0.535568534010872	151	104	0.529353259593157	0.699221094733
K00594	group	LPRD	0.508646992155263	0.809053245270696	151	91	0.530511944553527	0.700221987028734
K01934	group	LPRD	-0.0140540840200995	0.0223574172691315	151	151	0.530567208394871	0.700221987028734
K03769	group	LPRD	-0.0947744109372775	0.150750214295186	151	151	0.530517825134284	0.700221987028734
K13287	group	LPRD	-0.175967246288061	0.279960437769918	151	31	0.530610441525911	0.700221987028734
K18233	group	LPRD	0.456005962529061	0.725133614189531	151	89	0.530405014312289	0.700221987028734
K02806	group	LPRD	0.0667952973597949	0.10630794574328	151	151	0.530756939874755	0.700275571118221
K11991	group	LPRD	-0.0238400946135768	0.0379513463570729	151	151	0.530850839503884	0.700275571118221
K06335	group	LPRD	-0.230635440000929	0.367763836155942	151	52	0.53153433977976	0.701045291035958
K16843	group	LPRD	-0.338391283451542	0.540096307028344	151	114	0.531920339979501	0.701422419724662
K08982	group	LPRD	0.44253435800741	0.707905855534661	151	120	0.532840868540145	0.70250413550243
K13006	group	LPRD	0.218322510919865	0.349812224907506	151	50	0.533507479634018	0.703250739419795
K13039	group	LPRD	0.450295993766781	0.72209843162729	151	90	0.53384794569123994	0.703567230550027
K06493	group	LPRD	0.208783101482459	0.3358729285721	151	57	0.535146049096318	0.705145451910751
K02810	group	LPRD	0.0642858218509505	0.103452833113916	151	151	0.53528454212356	0.705195384380033
K15342	group	LPRD	-0.0322004571890444	0.051832749262468	151	151	0.535392494093988	0.705205070198958
K16149	group	LPRD	0.144787692147768	0.233147173281056	151	151	0.535539164463454	0.705265741666131
K06983	group	LPRD	-0.484717692867684	0.781028055343253	151	93	0.535801129734487	0.70547819673906
K01854	group	LPRD	0.0518820730555659	0.0836814947160087	151	151	0.536208380681777	0.705881830719109
K05777	group	LPRD	-0.410103260007675	0.662044200989198	151	118	0.536566022335642	0.706220018132341
K14727	group	LPRD	0.35300957564325	0.570712194503351	151	101	0.537162419124238	0.706872265451645
K00968	group	LPRD	0.110987912299597	0.179576831174145	151	151	0.53748427587357	0.707163058159483
K03087	group	LPRD	-0.254535762914562	0.411990536647362	151	151	0.537637504947027	0.707181478251617
K18235	group	LPRD	0.33585223263276	0.543692739226765	151	83	0.537700039811857	0.707181478251617
K03392	group	LPRD	0.340810511936159	0.552078168019837	151	135	0.537963996918002	0.707395914161544
K05286	group	LPRD	0.194834855082198	0.315933913690193	151	107	0.538377070145288	0.7078063131505
K01975	group	LPRD	-0.148853982042442	0.241470345142483	151	151	0.538539377926283	0.707886937795471
K02189	group	LPRD	-0.0807946614032937	0.131362949549745	151	151	0.539460499485439	0.708305936735943
K02618	group	LPRD	0.461375836987054	0.750223214821084	151	123	0.539502868023029	0.708305936735943
K03281	group	LPRD	-0.0713531483516591	0.116042180812176	151	151	0.539565435402273	0.708305936735943
K03840	group	LPRD	-0.280825851978601	0.456183917233476	151	140	0.539099122665755	0.708305936735943
K05576	group	LPRD	0.292411678249562	0.475359577520845	151	116	0.539402024397641	0.708305936735943
K12433	group	LPRD	-0.19037118067238	0.3095855692577	151	58	0.539543765826091	0.708305936735943
K19200	group	LPRD	-0.343154776556225	0.557605008614209	151	112	0.539223913520758	0.708305936735943
K07162	group	LPRD	0.0986138748706581	0.16044620508788	151	28	0.539741370844502	0.708404233218491
K02229	group	LPRD	0.287010788373964	0.467517366153297	151	151	0.540214905431742	0.708495133222921
K07658	group	LPRD	-0.0771900343854658	0.125717688481366	151	151	0.540154930624721	0.708495133222921
K09705	group	LPRD	-0.137451434889039	0.223771659335473	151	151	0.539987807101067	0.708495133222921
K14661	group	LPRD	0.296360878011858	0.482622568852172	151	78	0.540109835172194	0.708495133222921
K14733	group	LPRD	0.329011864908595	0.536511078792909	151	80	0.54065039865372	0.708933650310994
K17046	group	LPRD	0.149956411355824	0.244667582207556	151	16	0.540877764158029	0.709099144706898
K12582	group	LPRD	-0.337266388002441	0.550456995737786	151	133	0.541007062436997	0.709124341774107
K14439	group	LPRD	0.110064742305511	0.179679152767322	151	17	0.541099301590542	0.709124341774107
K10118	group	LPRD	0.0917306056813815	0.149809833245662	151	151	0.541263573353215	0.709207037234773
K10909	group	LPRD	-0.169915132759343	0.277572329533995	151	59	0.541373367190645	0.709218333770589
K07391	group	LPRD	-0.0155939227866254	0.0254889769313679	151	151	0.541608526823879	0.709261306376871
K16044	group	LPRD	-0.280170217795438	0.457863939119913	151	63	0.541531779025774	0.709261306376871
K07317	group	LPRD	0.119045441615149	0.194845000237376	151	151	0.542146997843346	0.709833854105688
K13503	group	LPRD	-0.283803117544813	0.464698397540896	151	115	0.542311865230129	0.709917119563623
K07020	group	LPRD	0.448490809973631	0.734948958679488	151	136	0.542636445719446	0.71020938844162
K05565	group	LPRD	-0.193516892972153	0.317263830876195	151	151	0.542820241026758	0.710317321186778
K15527	group	LPRD	-0.311668005352955	0.511376677949643	151	92	0.543142151311606	0.710605912783568
K02224	group	LPRD	0.0677491472789847	0.111279656480627	151	151	0.54357163398628	0.710902454149967
K19333	group	LPRD	0.252511873577497	0.414658481413547	151	144	0.543475985937116	0.710902454149967
K02167	group	LPRD	-0.367178321893886	0.603462618561314	151	137	0.543813852165052	0.71108657035572
K03757	group	LPRD	-0.345280444850423	0.568773191075883	151	101	0.544733894833924	0.712156770381538
K00040	group	LPRD	0.0912750970602292	0.150426057145019	151	151	0.544922252527206	0.712270182773767
K14952	group	LPRD	0.268705928192307	0.443160051033344	151	79	0.545211282162707	0.712515117069458
K10234	group	LPRD	0.476732290300191	0.789612811203382	151	109	0.546924946684658	0.714621412163923
K03669	group	LPRD	0.348913099380104	0.578662692709721	151	146	0.547448932348796	0.71517275731738
K16875	group	LPRD	-0.284161435629734	0.472090756331233	151	102	0.54814140686505	0.715943965366872
K03502	group	LPRD	-0.0805911825142127	0.134008265520239	151	151	0.548494369918366	0.716142820527403
K04041	group	LPRD	-0.0713593330675187	0.118658474387856	151	151	0.548497974809077	0.716142820527403
K01745	group	LPRD	-0.057072712050095	0.0949471340229069	151	151	0.548686812792032	0.716255969771349
K10233	group	LPRD	0.473652788689419	0.788192956523084	151	109	0.548796299462003	0.71626551093439506
K01420	group	LPRD	-0.0584359571785909	0.0973283579048426	151	151	0.549151727014991	0.716595980337879
K03955	group	LPRD	0.329049636673278	0.548200032644182	151	105	0.549260495154694	0.716604517222112
K00299	group	LPRD	0.241239556838249	0.40274926538621	151	151	0.550094491806646	0.717267002602323
K01671	group	LPRD	0.442918013699006	0.739721540950628	151	100	0.550240036111396	0.717267002602323
K02609	group	LPRD	-0.368269597640776	0.614846919254655	151	144	0.550108158324998	0.717267002602323
K10229	group	LPRD	-0.386177558807342	0.64502329628028	151	123	0.550279877317445	0.717267002602323
K19076	group	LPRD	-0.310508836828362	0.518497265758144	151	102	0.550173622073486	0.717267002602323
K19237	group	LPRD	-0.240381349243182	0.401864655589024	151	146	0.550638028012514	0.717600404604521
K06325	group	LPRD	-0.182491303537118	0.305466318389205	151	52	0.551134668507938	0.717980677613947
K12531	group	LPRD	-0.118426418617157	0.198224130035605	151	17	0.551122550653682	0.717980677613947
K12221	group	LPRD	-0.215260148113318	0.360587985193712	151	59	0.551433552255689	0.718103139757083
K12224	group	LPRD	-0.215260148113318	0.360587985193712	151	59	0.551433552255689	0.718103139757083
K03154	group	LPRD	-0.0494888282275767	0.0830093552610961	151	151	0.551957118553861	0.718651448934354
K03338	group	LPRD	0.121805480369028	0.2043723301171	151	151	0.552080932141507	0.718679170717171
K03091	group	LPRD	0.0778817024392821	0.130774573662495	151	151	0.552384978477314	0.718769392501726
K05779	group	LPRD	-0.393816643103666	0.661098877089231	151	118	0.552279392942926	0.718769392501726
K15372	group	LPRD	0.324254010591046	0.544569066255493	151	139	0.552457844051255	0.718769392501726
K05526	group	LPRD	-0.376853090250695	0.633459222057697	151	130	0.55280404721059	0.719086355714648
K17363	group	LPRD	0.208948429247336	0.35144914375494	151	140	0.553056787806145	0.719281647963094
K10228	group	LPRD	-0.383154495509463	0.644645449540733	151	123	0.553169627926638	0.719294953026476
K03570	group	LPRD	-0.0113378682767319	0.0190857502215736	151	151	0.553380281245409	0.719435417568679
K10819	group	LPRD	0.102564653942855	0.172855421011737	151	151	0.553843121443427	0.71990363087677
K10552	group	LPRD	-0.343996588988417	0.580348373987119	151	119	0.554252672834975	0.720302416865624
K01776	group	LPRD	0.0171031097331244	0.0289051290274758	151	151	0.554949462678	0.720940647400442
K10119	group	LPRD	0.0910479672160376	0.153846623384835	151	151	0.554874726162011	0.720940647400442
K07393	group	LPRD	0.179257995911246	0.30357529282904	151	151	0.555757133189829	0.72185612445075
K01437	group	LPRD	-0.142083253133448	0.240993927350515	151	29	0.556370607723176	0.722519073756848
K11626	group	LPRD	-0.107452553010908	0.182332616287819	151	16	0.556538028745308	0.722602626690981
K01120	group	LPRD	-0.372038640745656	0.631481297206017	151	119	0.556651316756574	0.722615876011775
K01820	group	LPRD	-0.366158945903773	0.622043848213692	151	137	0.556995091607015	0.722928271091498
K09936	group	LPRD	-0.114805714803378	0.195146215025365	151	151	0.55721752077362	0.723083084158289
K16435	group	LPRD	-0.302774865042024	0.515728228173867	151	91	0.558037025791859	0.724012502461768
K04060	group	LPRD	0.170189205867066	0.290178938479422	151	45	0.558428772468905	0.72438669411677
K01594	group	LPRD	0.21129797074492	0.360786056996863	151	65	0.558990018576951	0.724980579134954
K01244	group	LPRD	-0.232471602715455	0.397248135002282	151	50	0.559295081929781	0.725107920164188
K03152	group	LPRD	0.0694742693584513	0.118692515104349	151	151	0.559211395063238	0.725107920164188
K07357	group	LPRD	-0.327831544278144	0.56037155173298	151	99	0.559415588984781	0.725130044153719
K00955	group	LPRD	0.367821244132207	0.62962188287195	151	150	0.559973312803241	0.725192023292335
K05597	group	LPRD	-0.286469858117106	0.4901477023858	151	133	0.559797322980713	0.725192023292335
K08226	group	LPRD	0.289316969239659	0.495250647108959	151	81	0.559980659355408	0.725192023292335
K13657	group	LPRD	0.201648680114753	0.344866570611915	151	73	0.559623668047905	0.725192023292335
K16649	group	LPRD	-0.264594873105607	0.452638800130874	151	149	0.559727185545988	0.725192023292335
K09761	group	LPRD	-0.0103131004112058	0.0176800962797716	151	151	0.560561812383614	0.725810547618975
K00293	group	LPRD	-0.346491170921001	0.595606507848335	151	84	0.561617492513455	0.727043143586208
K08172	group	LPRD	-0.315770147972598	0.543205255170077	151	103	0.561910500496606	0.727288147799337
K02526	group	LPRD	0.0981880132720889	0.16902164879866	151	151	0.562172196818709	0.727492541941877
K08178	group	LPRD	0.40270251999596	0.694467962475141	151	99	0.562876752360494	0.728269847553906
K01537	group	LPRD	0.0627479465559288	0.108270686928612	151	151	0.563095410184379	0.728418310646336
K02651	group	LPRD	-0.124878998985421	0.21568051727525	151	151	0.563463508485053	0.72875999898159
K00423	group	LPRD	0.212467904735108	0.367319991546313	151	53	0.563848941276932	0.729123976821858
K15580	group	LPRD	0.0650480823641158	0.112527446865397	151	151	0.564093436649555	0.729305605111283
K04021	group	LPRD	-0.342162336048551	0.593981585006961	151	96	0.565451323533064	0.730791625731338
K07739	group	LPRD	0.112320114695599	0.19493331967086	151	151	0.565350953396161	0.730791625731338
K16555	group	LPRD	0.273068161339441	0.475482048201904	151	84	0.566632484947284	0.732183174097781
K11534	group	LPRD	-0.189703409239171	0.330456384292001	151	147	0.566789477728823	0.732251057662929
K03316	group	LPRD	-0.0775049276309092	0.135190550532411	151	151	0.567304906686722	0.732781904528086
K01822	group	LPRD	-0.36003076203317	0.630457025713598	151	110	0.568817167897645	0.734218625202378
K03587	group	LPRD	-0.0161830914726509	0.0283324852098608	151	151	0.568734754550506	0.734218625202378
K07044	group	LPRD	-0.376109162879643	0.658396731884601	151	135	0.56869080418287	0.734218625202378
K16256	group	LPRD	0.273544636511866	0.479032993202806	151	85	0.568836141722413	0.734218625202378
K01505	group	LPRD	0.111457280547495	0.195457200651755	151	151	0.569374610532917	0.734643110590051
K17241	group	LPRD	-0.284469319000582	0.498811017331845	151	133	0.569336750151533	0.734643110590051
K07508	group	LPRD	0.338223795597341	0.593719959364176	151	80	0.569760158845199	0.734870048482953
K11357	group	LPRD	-0.299007870175463	0.5247661658503	151	130	0.569676473103779	0.734870048482953
K03337	group	LPRD	0.109767796588583	0.192892393980804	151	151	0.570170643257332	0.735155608943304
K18301	group	LPRD	-0.39299909506531	0.690645209411449	151	124	0.57019130468256	0.735155608943304
K00830	group	LPRD	-0.321193128481927	0.565214882746822	151	139	0.570708900508363	0.735552379585149
K19745	group	LPRD	0.289946072617836	0.51009525282987	151	149	0.570608508303817	0.735552379585149
K05651	group	LPRD	-0.14082546334195	0.247935318073646	151	43	0.570894821852917	0.735656746542086
K12659	group	LPRD	-0.11957536787506	0.210747484907756	151	32	0.571305199397753	0.736050256897307
K02879	group	LPRD	-0.0104521563508878	0.0184417804662698	151	151	0.571726609014084	0.736083242190999
K09768	group	LPRD	0.10787722669897	0.190234177538677	151	151	0.571515907500856	0.736083242190999
K13668	group	LPRD	0.172362094123463	0.304134779486977	151	151	0.571750820788872	0.736083242190999
K18983	group	LPRD	0.227279072469404	0.400953690803083	151	85	0.571671607084853	0.736083242190999
K01787	group	LPRD	0.0781900939764874	0.138294488294216	151	151	0.572660008636839	0.737118373217819
K02769	group	LPRD	0.0824965885450704	0.145977627367129	151	151	0.572834089963905	0.737207081080773
K02493	group	LPRD	-0.00939648224039923	0.0166393812404277	151	151	0.573117877513103	0.73743691655045
K07460	group	LPRD	-0.0139689530436229	0.024778644232974	151	151	0.573771994609436	0.738143087210891
K07560	group	LPRD	0.0121872621741285	0.0216847119967464	151	151	0.574946230488317	0.739382329063127
K18545	group	LPRD	-0.24913233991998	0.443257720785995	151	84	0.574927495886286	0.739382329063127
K07338	group	LPRD	-0.290347010151375	0.51684439239629	151	143	0.575117645891497	0.739467112564085
K00882	group	LPRD	-0.0398446158329881	0.0709734656514906	151	151	0.575367200519162	0.739556855500477
K06147	group	LPRD	0.0499352908757345	0.0889548244189291	151	151	0.575398443637604	0.739556855500477
K12553	group	LPRD	-0.340255107076712	0.606864295140857	151	92	0.575859591638136	0.739962393130307
K18554	group	LPRD	-0.301456763800936	0.537757604512708	151	90	0.575925080872889	0.739962393130307
K01653	group	LPRD	-0.0297840801514855	0.0531699810123319	151	151	0.576206624619983	0.740188462266095
K09983	group	LPRD	-0.311414025175419	0.556314634814927	151	145	0.576469800046021	0.740359054309247
K11815	group	LPRD	0.149446300963688	0.267177947390143	151	36	0.576761882394122	0.740359054309247
K16363	group	LPRD	-0.0676342198500829	0.120911336162948	151	151	0.576748818329021	0.740359054309247
K16929	group	LPRD	-0.148677895980339	0.265765102568341	151	50	0.576705873523077	0.740359054309247
K07499	group	LPRD	0.149269859681017	0.267081911517414	151	54	0.577074653608288	0.740497086722489
K16163	group	LPRD	0.433631162614521	0.775889220109756	151	117	0.577080682562762	0.740497086722489
K01649	group	LPRD	-0.0318862539827721	0.0571028430839722	151	151	0.577409108959229	0.740631073125483
K06950	group	LPRD	-0.0639735639066352	0.11453070366442	151	151	0.577292782357858	0.740631073125483
K13967	group	LPRD	-0.212557166553247	0.380746706869909	151	65	0.577502060728087	0.740631073125483
K02027	group	LPRD	0.0639992022380626	0.11486001564332	151	151	0.578231583602444	0.741384611274229
K02438	group	LPRD	0.0549474542807273	0.0986328230750351	151	151	0.578301148993935	0.741384611274229
K02275	group	LPRD	0.221643542492965	0.398006468073519	151	151	0.578442006780669	0.741429597281494
K00088	group	LPRD	0.00970825839940408	0.0174818697601894	151	151	0.579499742313169	0.741775763769718
K00227	group	LPRD	0.189998418214735	0.341942829817501	151	67	0.579287715805474	0.741775763769718
K03588	group	LPRD	0.00991323997336092	0.0178637393636671	151	151	0.579770243893621	0.741775763769718
K04793	group	LPRD	0.181541674266703	0.326577318625144	151	62	0.579118555961116	0.741775763769718
K05837	group	LPRD	-0.01037351475779	0.0186904711015321	151	151	0.579715809810431	0.741775763769718
K07322	group	LPRD	-0.0403371998316419	0.072661763821683	151	151	0.579633732739719	0.741775763769718
K11440	group	LPRD	-0.0960903825827031	0.172804017689182	151	22	0.579000038064665	0.741775763769718
K13810	group	LPRD	0.377925677945588	0.680625355075833	151	117	0.579547861103579	0.741775763769718
K16237	group	LPRD	0.110903527146673	0.199618614788321	151	151	0.579333229819262	0.741775763769718
K19188	group	LPRD	0.165858019290607	0.29837509820486	151	39	0.579132885891915	0.741775763769718
K15555	group	LPRD	0.0914201256984169	0.164895724280299	151	151	0.580128287457697	0.742098411510667
K02234	group	LPRD	0.340889621433464	0.615767444278993	151	141	0.580681559674976	0.742228841708031
K03722	group	LPRD	0.0563610099117853	0.101822450406187	151	151	0.580735373670101	0.742228841708031
K12243	group	LPRD	0.170395186971232	0.307857689291315	151	23	0.580759657170977	0.742228841708031
K15850	group	LPRD	-0.155092364927956	0.279928001092705	151	59	0.580379445468358	0.742228841708031
K18098	group	LPRD	0.340186466091006	0.614365746447075	151	84	0.580600625763819	0.742228841708031
K07775	group	LPRD	0.117879671698405	0.21339195236741	151	151	0.581495755480153	0.743034131592394
K02744	group	LPRD	0.0803507864749626	0.145581924939042	151	151	0.581824338582707	0.743183056389354
K06148	group	LPRD	0.0557322753321136	0.100975984148858	151	151	0.581819123200475	0.743183056389354
K00086	group	LPRD	-0.185067538409724	0.335699385874659	151	143	0.582261010528998	0.743605334998775
K01905	group	LPRD	0.2242630511249	0.406914419437938	151	127	0.582369526519741	0.743608448251983
K18276	group	LPRD	-0.0757515832198782	0.137741918479853	151	32	0.583175035030875	0.744501365064001
K02536	group	LPRD	-0.0174235579248402	0.0317114888760923	151	151	0.583526126197339	0.74481393748058
K16926	group	LPRD	-0.0706302831055941	0.128595864184759	151	151	0.58366140436518	0.744850982086275
K18334	group	LPRD	-0.338499036246925	0.616916431448616	151	134	0.584035941902077	0.745193293180481
K14440	group	LPRD	0.236728960246922	0.432572228553863	151	58	0.585019693961281	0.746312657810479
K00316	group	LPRD	0.333524380059483	0.610678443021088	151	90	0.585777022510194	0.747142818012457
K01663	group	LPRD	-0.155829307194685	0.285551882177827	151	34	0.586079463534242	0.747392584932697
K03798	group	LPRD	0.0132842534421001	0.024375237327013	151	151	0.586575409968419	0.747888982153259
K18306	group	LPRD	-0.265214309974354	0.486887195404439	151	91	0.586764515352505	0.747994044848346
K15373	group	LPRD	-0.287708683401526	0.528925204287846	151	81	0.587289125525258	0.748526685442192
K17483	group	LPRD	-0.096799809875894	0.178054134284448	151	16	0.587492213977886	0.7486494128313
K16055	group	LPRD	0.159281169862232	0.293446899604364	151	151	0.588082759299122	0.749265747489431
K09980	group	LPRD	0.318434182927045	0.587894464572914	151	107	0.588867323717218	0.75012900949622
K00859	group	LPRD	0.0207441691503751	0.038436637086268	151	151	0.590211088699536	0.750613158886747
K01727	group	LPRD	-0.124054927698676	0.229617808951505	151	151	0.589819532713851	0.750613158886747
K03230	group	LPRD	-0.29071147514736	0.538120809989255	151	130	0.589841833412492	0.750613158886747
K03520	group	LPRD	0.352284762647908	0.651910826739526	151	142	0.589736346274932	0.750613158886747
K07484	group	LPRD	0.091093529440986	0.168512147940369	151	151	0.58960740869656	0.750613158886747
K08688	group	LPRD	0.36451088833652	0.675316300043776	151	94	0.59016610398021	0.750613158886747
K12207	group	LPRD	-0.0787282031962032	0.14579223762921	151	20	0.590001335625787	0.750613158886747
K15510	group	LPRD	0.218509513909334	0.404633162306111	151	83	0.589990267682588	0.750613158886747
K15770	group	LPRD	0.0702280412297672	0.130123023737285	151	151	0.590206175075929	0.750613158886747
K18590	group	LPRD	-0.225614147877319	0.418782986031976	151	54	0.590871895930732	0.751317248408205
K17230	group	LPRD	0.276603492476312	0.513841369431738	151	71	0.591169580938763	0.751559441853596
K03303	group	LPRD	-0.051018437497371	0.0948915866428465	151	151	0.59162098015285	0.75199693034841
K06418	group	LPRD	-0.288041623322736	0.537360169194354	151	60	0.592736538852029	0.75327830626409
K10672	group	LPRD	0.111862312090369	0.208793046938816	151	151	0.592925414355317	0.753381757228706
K04095	group	LPRD	-0.0688000606710533	0.128583308206345	151	151	0.593404515337774	0.753580734151774
K07106	group	LPRD	0.0441813729681695	0.0825612192167183	151	151	0.593354474494703	0.753580734151774
K14658	group	LPRD	-0.26750348764893	0.499705695358909	151	68	0.593225245892658	0.753580734151774
K07457	group	LPRD	-0.106036084751344	0.198460701376026	151	151	0.593935410460909	0.754118316850384
K06949	group	LPRD	0.0116771922695148	0.021884733435397	151	151	0.594429232451253	0.754608641702877
K08640	group	LPRD	0.211910063598187	0.397406951376222	151	47	0.594667533238308	0.754774471845109
K18215	group	LPRD	-0.166719807010844	0.313372653063504	151	62	0.595506093948602	0.75570197657127
K18939	group	LPRD	-0.344186220110949	0.64799212336087	151	84	0.596100168741609	0.756318947127362
K12511	group	LPRD	-0.0859146977150684	0.162057252573403	151	151	0.59679689974904	0.757065918791308
K19670	group	LPRD	-0.249054114386198	0.4704179205687	151	93	0.597294000050854	0.757559424707163
K03204	group	LPRD	0.0863702886332031	0.163233619353989	151	151	0.597509101179555	0.757695151821397
K00545	group	LPRD	-0.12488749816842	0.236381468303753	151	57	0.598056112131161	0.757949234059757
K02795	group	LPRD	-0.0755202271700283	0.142974867946312	151	151	0.598141963312208	0.757949234059757
K15849	group	LPRD	-0.272942799084805	0.516484041872552	151	62	0.597964150225852	0.757949234059757
K16324	group	LPRD	-0.150913331554467	0.285497983544339	151	61	0.597871637702095	0.757949234059757
K00791	group	LPRD	-0.0235345967494193	0.0445795454616202	151	151	0.598337648506787	0.758060169172705
K01409	group	LPRD	-0.0132875565229348	0.0252069014867044	151	151	0.598880610161257	0.758610964443515
K01308	group	LPRD	-0.0951079352678864	0.180621361501568	151	151	0.599282342783526	0.758968091620749
K07695	group	LPRD	-0.188683389051732	0.358427390800738	151	61	0.599379080629453	0.758968091620749
K18146	group	LPRD	-0.31784767009109	0.604415445306994	151	94	0.599756062003464	0.759308288720297
K11814	group	LPRD	0.141712173265826	0.269667583684743	151	36	0.600012034334388	0.759495189722654
K08485	group	LPRD	0.282104344490264	0.537018248644057	151	132	0.600144292585001	0.759525454237382
K01267	group	LPRD	-0.0690804930637338	0.131660970574684	151	151	0.600582171858198	0.759805274269259
K02251	group	LPRD	-0.193440035011099	0.368650180858018	151	62	0.600554072055672	0.759805274269259
K15995	group	LPRD	-0.074812713481012	0.142761824675359	151	18	0.601030306967999	0.760235014768256
K03789	group	LPRD	-0.0345921518993798	0.0660586837965629	151	151	0.601294493037893	0.760431967561903
K12549	group	LPRD	-0.279914722383471	0.53502252634937	151	72	0.601624047102501	0.760579223753668
K13285	group	LPRD	0.141997392213958	0.271413434010476	151	33	0.601627930914991	0.760579223753668
K19136	group	LPRD	0.170433777661019	0.3259413680117	151	66	0.601822589485104	0.760688126990728
K08139	group	LPRD	0.37442416902727	0.716776988470899	151	91	0.602187191734735	0.761011756636109
K01415	group	LPRD	0.32779265881126	0.63051205548256	151	88	0.603916466756739	0.763059558753559
K03719	group	LPRD	-0.0708498542264381	0.136424959727063	151	151	0.604299780165227	0.763406282025274
K14446	group	LPRD	0.349339149188327	0.673545113032962	151	114	0.604769100437159	0.763861512444052
K00265	group	LPRD	0.0976356031931576	0.188523532903184	151	151	0.605298875555204	0.764392923372723
K05373	group	LPRD	0.236838311163925	0.458107820997832	151	96	0.60592795754515	0.765049528528729
K12373	group	LPRD	-0.0587907121039518	0.11382956864578	151	151	0.606284794809274	0.765224416927082
K15533	group	LPRD	0.110813411694919	0.214517506477868	151	151	0.606221872309719	0.765224416927082
K18954	group	LPRD	-0.319920241784298	0.619716452800903	151	135	0.606454527755299	0.765300853206957
K09931	group	LPRD	0.335206271673729	0.649689503064929	151	136	0.606655218197439	0.765416321015847
K07110	group	LPRD	0.26606183106022	0.516322418854305	151	147	0.607105873129539	0.765847070476529
K16255	group	LPRD	0.263687461574922	0.51204218962052	151	86	0.607335602485207	0.76596130188416
K17880	group	LPRD	0.154647939362691	0.30036990649794	151	47	0.607414961080463	0.76596130188416
K02355	group	LPRD	-0.0239316312791684	0.0465414601136525	151	151	0.60787377428515	0.766402006787572
K04116	group	LPRD	-0.226828925314009	0.44168960578488	151	74	0.608328546823842	0.766699588859247
K12983	group	LPRD	-0.14881543886079	0.289746644662796	151	58	0.608288687179893	0.766699588859247
K07637	group	LPRD	-0.349675206059159	0.681401960625852	151	134	0.60859227764859	0.766894097845878
K15916	group	LPRD	0.386322733195559	0.753158170493383	151	89	0.608754989117222	0.766961264146608
K04069	group	LPRD	0.0321813974492858	0.0628365929605763	151	151	0.60930836610015	0.767520511475661
K03075	group	LPRD	-0.00910906382956475	0.0178334134503222	151	151	0.610256647454553	0.768576913161412
K18151	group	LPRD	0.0959103452284887	0.187912045907103	151	29	0.610526426486744	0.768778561105097
K07497	group	LPRD	-0.0781785244983911	0.153334692949136	151	151	0.610907133562803	0.769119792793687
K02897	group	LPRD	-0.016825784828484	0.0330237146234859	151	151	0.611151290301054	0.769150905746928
K16138	group	LPRD	-0.143287451912233	0.281162093154212	151	42	0.611067644263764	0.769150905746928
K11953	group	LPRD	-0.211694954763017	0.415619046199256	151	75	0.611261453889686	0.769151461455161
K01432	group	LPRD	-0.271699113004027	0.533838449418477	151	131	0.611537442601809	0.769223784551583
K08321	group	LPRD	-0.134287834523392	0.263955034695486	151	151	0.611678082439712	0.769223784551583
K13018	group	LPRD	0.0984578497278719	0.193571322205979	151	151	0.61175786003924	0.769223784551583
K18649	group	LPRD	0.193904662784832	0.381221414383667	151	61	0.611756521586907	0.769223784551583
K01804	group	LPRD	0.0851051125292771	0.16744400989505	151	151	0.612022594115643	0.76939434662825
K07535	group	LPRD	0.232834041202625	0.458216698146241	151	129	0.612113020134915	0.76939434662825
K02051	group	LPRD	0.034406675055688	0.0677887237026288	151	151	0.612514166506434	0.769760542705289
K03380	group	LPRD	0.347171653505335	0.684680678252438	151	100	0.612864924197561	0.770063294250744
K08070	group	LPRD	0.299810401811065	0.591772167293688	151	86	0.613162311662691	0.770298889741122
K01916	group	LPRD	-0.0421454223809667	0.0832743351558841	151	151	0.61353206740529	0.770423113683268
K02398	group	LPRD	-0.084269574604893	0.166501527627238	151	151	0.613521179012761	0.770423113683268
K14136	group	LPRD	0.256441291381277	0.506781581861672	151	144	0.613590904949171	0.770423113683268
K16561	group	LPRD	0.0898723417928692	0.177732281241752	151	30	0.613841655632797	0.770599929438737
K07075	group	LPRD	-0.0784400816945821	0.15519201093132	151	151	0.613997450116095	0.770657497818053
K10979	group	LPRD	0.224385502558749	0.444264632441323	151	151	0.614254696363537	0.770842359740135
K03931	group	LPRD	0.184689125661235	0.36624908600268	151	150	0.614815188943823	0.771407638177233
K09680	group	LPRD	-0.0825616277172427	0.163859521200635	151	151	0.615106633154972	0.771635200146091
K02530	group	LPRD	0.092127331606247	0.183112297856873	151	151	0.615623311843073	0.77180877215556
K07275	group	LPRD	-0.134898818741636	0.268090941857814	151	151	0.615578602105338	0.77180877215556
K12991	group	LPRD	0.116011756070457	0.230432702944562	151	151	0.615390149835545	0.77180877215556
K19191	group	LPRD	0.314979848632912	0.626164171016669	151	102	0.615685399984863	0.77180877215556
K17840	group	LPRD	0.197827124741072	0.393582242889145	151	70	0.615964945472739	0.772021145675648
K19697	group	LPRD	-0.261032296240903	0.519530293919065	151	61	0.616100491247324	0.772052993143321
K09772	group	LPRD	0.0562769174049346	0.112046538569138	151	151	0.61622345001424	0.772069058909709
K01895	group	LPRD	0.0630674204634685	0.125670192810349	151	151	0.616514724766568	0.77215798117092
K15642	group	LPRD	0.201772458668346	0.402054657060648	151	77	0.616511479108529	0.77215798117092
K03759	group	LPRD	-0.232255769189477	0.463502835144435	151	76	0.617048566979836	0.772688541359173
K18288	group	LPRD	-0.167251269629886	0.333896038856149	151	50	0.617174880817042	0.772708682716104
K01595	group	LPRD	-0.0803402519621404	0.160684343485964	151	151	0.617821091101268	0.772827596113471
K07140	group	LPRD	-0.226390209750131	0.452690176229188	151	151	0.617742685678732	0.772827596113471
K10742	group	LPRD	0.255572215542804	0.511044067018032	151	80	0.617743724745901	0.772827596113471
K17755	group	LPRD	0.352183197342798	0.703942943017039	151	78	0.617601442450388	0.772827596113471
K19661	group	LPRD	-0.301689250256836	0.603374404580613	151	77	0.617810314521538	0.772827596113471
K11644	group	LPRD	-0.187000361985554	0.374598938861766	151	42	0.618373687007157	0.773380828888523
K00344	group	LPRD	-0.172229178396161	0.34559341647901	151	151	0.618966705295422	0.773876434637739
K05936	group	LPRD	-0.0634649593494758	0.127397062702088	151	151	0.619101147710191	0.773876434637739
K09013	group	LPRD	-0.0439857213217397	0.0882745745648945	151	151	0.619019287349199	0.773876434637739
K02082	group	LPRD	-0.0871339779628045	0.175029675420175	151	151	0.619342012267224	0.774039491173692
K00141	group	LPRD	-0.309196714200619	0.621845918310112	151	110	0.619764016740698	0.774205509645022
K00666	group	LPRD	-0.104649273507691	0.210478403416513	151	151	0.619782865317068	0.774205509645022
K07054	group	LPRD	-0.0549521041540045	0.110566043436611	151	151	0.619916622772825	0.774205509645022
K14519	group	LPRD	-0.291412340389428	0.586213442304431	151	144	0.619844475989783	0.774205509645022
K07088	group	LPRD	-0.0215761404512655	0.0434283428409697	151	151	0.620047070530369	0.774230488852492
K00855	group	LPRD	0.302136030178899	0.608352398521839	151	145	0.62017036398181	0.77424652742876
K01142	group	LPRD	-0.0125841387759784	0.0253495102625501	151	151	0.620325928774252	0.774302842006323
K18921	group	LPRD	-0.284202029421645	0.573288366059064	151	67	0.620808199813401	0.774766864997674
K02314	group	LPRD	0.00886802838404285	0.0178948839680921	151	151	0.620933419667486	0.774785203251882
K18287	group	LPRD	0.189831578523466	0.383548867596034	151	51	0.621375378360205	0.775198683449908
K06998	group	LPRD	-0.302180451634768	0.611275731146637	151	132	0.621791344405764	0.7755795950684
K02032	group	LPRD	-0.0449916181480281	0.0911909148709318	151	151	0.622471727544802	0.776290128106931
K03788	group	LPRD	-0.0807405915602445	0.16373188613377	151	151	0.622648937568258	0.776316127601627
K10564	group	LPRD	-0.257479333177005	0.522233939688438	151	117	0.622714063552632	0.776316127601627
K16227	group	LPRD	-0.14553806955101	0.295930729265308	151	56	0.623586063367291	0.777264990079074
K03228	group	LPRD	-0.259804133759882	0.528509047231788	151	134	0.62374011861523	0.777318796709824
K07064	group	LPRD	-0.263767872498702	0.537186493645756	151	121	0.624136622828299	0.777674675795659
K00435	group	LPRD	0.307872614546993	0.627868298222778	151	90	0.624610479798649	0.778126792853835
K02611	group	LPRD	-0.293918035707418	0.599961625392288	151	145	0.624928927206635	0.778385177632998
K13075	group	LPRD	-0.227190747844326	0.464889313134694	151	75	0.625773623180917	0.779298827233652
K10210	group	LPRD	-0.252851875129628	0.517583940491982	151	67	0.625897363013513	0.779314478636719
K15395	group	LPRD	-0.0794667169812468	0.16297377803675	151	16	0.626546811674927	0.77984608484397
K16959	group	LPRD	0.0986202444380992	0.202229693139867	151	151	0.626504265694666	0.77984608484397
K14667	group	LPRD	0.221736632378098	0.455394977276927	151	59	0.627037204146711	0.78031791249218
K08097	group	LPRD	-0.201367422289133	0.413855200373403	151	144	0.627281609870314	0.780483508198599
K05982	group	LPRD	0.287516369069128	0.591386680241214	151	141	0.627558615682386	0.780689599988203
K01301	group	LPRD	0.339157759686724	0.69833227661153	151	91	0.627915865874242	0.780718378818453
K18768	group	LPRD	-0.253548004770086	0.521990539995547	151	58	0.62787003968047	0.780718378818453
K19060	group	LPRD	-0.253548004770086	0.521990539995547	151	58	0.62787003968047	0.780718378818453
K01515	group	LPRD	0.0283254383862808	0.0584782921678387	151	151	0.628830805365854	0.781717316122475
K02395	group	LPRD	-0.0896180230686761	0.185109825186798	151	151	0.629001363980981	0.78176849635568
K15034	group	LPRD	0.146631091599154	0.302955513642181	151	151	0.629095019677945	0.78176849635568
K14668	group	LPRD	0.219933620463275	0.455175773525133	151	59	0.629674377546426	0.782349767210288
K12536	group	LPRD	-0.31770479058412	0.657976764682356	151	102	0.629910155783279	0.782504021272512
K00055	group	LPRD	-0.212070797354848	0.43941109301012	151	145	0.630070290976567	0.782564269976211
K13060	group	LPRD	-0.356235644190118	0.739081764217556	151	90	0.630514886372439	0.782977741978883
K00140	group	LPRD	0.129579437228783	0.269129119676047	151	151	0.630884006752544	0.783019987134442
K12212	group	LPRD	-0.17352413928548	0.360295942660203	151	60	0.630785657725746	0.783019987134442
K12223	group	LPRD	-0.17267187333174	0.358601304929485	151	57	0.630857021025251	0.783019987134442
K11381	group	LPRD	0.112476201773124	0.233965894559396	151	151	0.631408134601897	0.783531779706019
K00927	group	LPRD	-0.00947123704112706	0.0197137253405907	151	151	0.631620091069967	0.783656077593004
K02610	group	LPRD	-0.287755416596636	0.599230012516596	151	145	0.631783299243378	0.783719859794033
K05554	group	LPRD	0.161099002811256	0.335798117835702	151	34	0.632108945763247	0.78389643139186
K11752	group	LPRD	-0.0119536122277648	0.0249193120730221	151	151	0.632149290536118	0.78389643139186
K14949	group	LPRD	0.223208323453632	0.466218325199634	151	145	0.632808693395815	0.784575334401249
K00041	group	LPRD	0.0751658198076379	0.1573098057938	151	151	0.633478342871036	0.785154241965131
K18123	group	LPRD	0.268996021784169	0.56300013294011	151	125	0.633499628039198	0.785154241965131
K00794	group	LPRD	-0.0116547693131097	0.0244275847581602	151	151	0.633979225385398	0.785223638238019
K12567	group	LPRD	-0.113461840530146	0.237890887294794	151	32	0.634097157403351	0.785223638238019
K17837	group	LPRD	-0.207371606925607	0.434549363811841	151	147	0.633911307179937	0.785223638238019
K18129	group	LPRD	-0.110266249617524	0.231203468387171	151	20	0.634115694160546	0.785223638238019
K18475	group	LPRD	0.114370777629287	0.23956430578865	151	151	0.633768610694632	0.785223638238019
K09650	group	LPRD	0.121293628087812	0.254470772809305	151	41	0.634309275196727	0.785324623654019
K19710	group	LPRD	0.113451109022576	0.238245914418152	151	151	0.634634182724154	0.785588137188119
K02612	group	LPRD	-0.285264813410405	0.599579924534425	151	145	0.634931880764545	0.7858178820903
K00674	group	LPRD	-0.0597547356769582	0.126017278224468	151	151	0.636066474813207	0.786868894554329
K02372	group	LPRD	-0.0260866637352266	0.055022768202492	151	151	0.636117835298057	0.786868894554329
K11709	group	LPRD	0.0865254473333362	0.182415659860623	151	151	0.635958111209208	0.786868894554329
K03496	group	LPRD	0.0308176556145315	0.0650889442213079	151	151	0.63657093265479	0.7871302409911
K11695	group	LPRD	0.28479366784162	0.601541563065706	151	97	0.636592407579418	0.7871302409911
K19592	group	LPRD	0.241421030758495	0.510041187040624	151	86	0.636665972385098	0.7871302409911
K00808	group	LPRD	-0.320230808492481	0.677844187052092	151	122	0.637314394838797	0.787334839715348
K03284	group	LPRD	0.00849933946718138	0.0180191371421056	151	151	0.637842304528311	0.787334839715348
K04335	group	LPRD	-0.273203154567883	0.578349891939812	151	116	0.637343967068814	0.787334839715348
K04789	group	LPRD	0.153069900685475	0.324197623734887	151	61	0.637510496051346	0.787334839715348
K07451	group	LPRD	-0.0707572850687763	0.149897952554897	151	151	0.637591394738347	0.787334839715348
K09700	group	LPRD	-0.257620159121213	0.546146282557887	151	107	0.637827083148615	0.787334839715348
K10912	group	LPRD	0.210842471832605	0.446555234322789	151	98	0.637508218888186	0.787334839715348
K14339	group	LPRD	-0.200990071708958	0.426110857986087	151	149	0.637841670648003	0.787334839715348
K19172	group	LPRD	0.28057953530826	0.593366516885009	151	106	0.637004711203152	0.787334839715348
K03549	group	LPRD	-0.083727766718132	0.177642005956083	151	151	0.638095443015075	0.787508636537972
K00529	group	LPRD	-0.253563929416344	0.538551217687532	151	146	0.638453522125819	0.787811862366132
K00481	group	LPRD	-0.268324789534337	0.570788460071537	151	147	0.63897448589474	0.788315935607555
K15980	group	LPRD	0.212363094392698	0.45216343272493	151	63	0.639284523852338	0.788559653740083
K00449	group	LPRD	-0.303258495444437	0.64615009975038	151	144	0.639518865449019	0.788674743993262
K10554	group	LPRD	-0.250640689192317	0.534171866785086	151	119	0.639602841597959	0.788674743993262
K01193	group	LPRD	0.0433159671072856	0.0924968639032359	151	151	0.640256825321635	0.789313866807858
K05558	group	LPRD	0.324871719775456	0.693958102351818	151	76	0.640366308090053	0.789313866807858
K18587	group	LPRD	0.30731689054582	0.65664140222669	151	128	0.640458954979044	0.789313866807858
K02022	group	LPRD	0.16010648764994	0.344249997239332	151	151	0.642547540705044	0.790602236849719
K02103	group	LPRD	-0.133902811768195	0.28857775428914	151	149	0.643318152985701	0.790602236849719
K03438	group	LPRD	0.0086828973565659991	0.0186828106890338	151	151	0.642786586614459	0.790602236849719
K04478	group	LPRD	-0.126183562612214	0.272026663158017	151	16	0.643421649247881	0.790602236849719
K07778	group	LPRD	-0.082624667949327	0.177941140241882	151	151	0.643084006842729	0.790602236849719
K08253	group	LPRD	-0.265049287455877	0.570108008296085	151	71	0.642674132486014	0.790602236849719
K09813	group	LPRD	-0.126183562612214	0.272026663158017	151	16	0.643421649247881	0.790602236849719
K09814	group	LPRD	-0.126183562612214	0.272026663158017	151	16	0.643421649247881	0.790602236849719
K10208	group	LPRD	-0.126183562612214	0.272026663158017	151	16	0.643421649247881	0.790602236849719
K10921	group	LPRD	0.16019305567552	0.344535107531287	151	70	0.64264299869049	0.790602236849719
K12713	group	LPRD	-0.0625249988475267	0.134194825860248	151	32	0.641948103735885	0.790602236849719
K15993	group	LPRD	-0.0625249988475267	0.134194825860248	151	32	0.641948103735885	0.790602236849719
K16035	group	LPRD	-0.0625249988475267	0.134194825860248	151	32	0.641948103735885	0.790602236849719
K18766	group	LPRD	-0.126183562612214	0.272026663158017	151	16	0.643421649247881	0.790602236849719
K18935	group	LPRD	-0.126183562612214	0.272026663158017	151	16	0.643421649247881	0.790602236849719
K19077	group	LPRD	-0.126183562612214	0.272026663158017	151	16	0.643421649247881	0.790602236849719
K19078	group	LPRD	-0.126183562612214	0.272026663158017	151	16	0.643421649247881	0.790602236849719
K17229	group	LPRD	-0.253033697788203	0.547313789622956	151	96	0.644526788092721	0.791821378291268
K00925	group	LPRD	-0.0121255200768666	0.0262448385905297	151	151	0.644744146636587	0.791949617648935
K09971	group	LPRD	-0.242385960546815	0.524992231525753	151	148	0.644973854998776	0.792092978896535
K14540	group	LPRD	-0.0338687428359701	0.0733860924690483	151	151	0.645102600966441	0.792112319631241
K00035	group	LPRD	-0.265928639926567	0.576634837563745	151	119	0.64534670057338706	0.792273269880813
K05359	group	LPRD	-0.213479021777652	0.4640575011059	151	74	0.646167360534041	0.793141866108148
K00476	group	LPRD	-0.185400543754539	0.403787651942375	151	38	0.646793023173591	0.793493015828995
K00983	group	LPRD	-0.0574960729992998	0.125165623067798	151	151	0.646645190022982	0.793493015828995
K08998	group	LPRD	0.00848576145245685	0.0184792426131221	151	151	0.646756149397257	0.793493015828995
K08261	group	LPRD	-0.26914715095659	0.586388301769788	151	98	0.646909254578553	0.79349674096162
K00873	group	LPRD	0.00795493139786499	0.017343451061978	151	151	0.64713905396587	0.793639742529872
K02343	group	LPRD	-0.00809215922603238	0.0176652110147564	151	151	0.647559105316464	0.794015974858914
K00625	group	LPRD	-0.0454673805230188	0.0995532166596856	151	151	0.648541488173658	0.794952249901499
K06609	group	LPRD	0.0921243837099079	0.201716101558498	151	151	0.648549488899668	0.794952249901499
K08484	group	LPRD	0.264326019795107	0.579068768863806	151	148	0.648718591924025	0.795020512130667
K06338	group	LPRD	-0.214059968758517	0.469754432367953	151	90	0.649280026920021	0.795569478886444
K04496	group	LPRD	-0.0950228984468593	0.208863469462193	151	16	0.64980579924599	0.795985959251351
K05795	group	LPRD	-0.097136644523382	0.213595085194551	151	151	0.649936571951668	0.795985959251351
K17474	group	LPRD	0.0926688094052584	0.20378568544523	151	24	0.649960575000675	0.795985959251351
K14155	group	LPRD	-0.047062816552116	0.103598912862635	151	151	0.650289058298636	0.7961100766108
K17242	group	LPRD	-0.25334553408906	0.55752387578934	151	133	0.650193614723418	0.7961100766108
K14448	group	LPRD	0.299991438931178	0.661975739436888	151	131	0.651081347652441	0.796940849841734
K00077	group	LPRD	0.0533809951575218	0.117881848713841	151	151	0.651326439002007	0.797101665049593
K00059	group	LPRD	-0.0138525069711376	0.0306191853004122	151	151	0.65162971984502	0.797333624736182
K19731	group	LPRD	-0.207949127281962	0.460293477492175	151	96	0.652087953790219	0.797755070867266
K17285	group	LPRD	0.265857291440546	0.588922033352327	151	87	0.652335767395175	0.79791898960743
K07161	group	LPRD	0.337539058303757	0.748210944443793	151	138	0.65255302270616	0.798045479617966
K01061	group	LPRD	-0.209316563985535	0.464410406559343	151	151	0.652850425825326	0.798269925873982
K02169	group	LPRD	-0.0724137595226883	0.161286656655075	151	151	0.654101643056781	0.799520927258594
K03718	group	LPRD	-0.0424691960023201	0.0945584127157541	151	151	0.653989116802294	0.799520927258594
K03970	group	LPRD	0.280352926671131	0.624982653135669	151	135	0.654388399022473	0.799731986950408
K01115	group	LPRD	-0.125020326797126	0.278869470460268	151	30	0.654579795965309	0.799826454543632
K02554	group	LPRD	0.292303276343935	0.653152353646488	151	130	0.655144576282067	0.799959420075115
K02855	group	LPRD	-0.258152359761533	0.576602769795716	151	132	0.655010827114821	0.799959420075115
K06153	group	LPRD	0.01744427155339	0.03895872617315	151	151	0.65497465932805	0.799959420075115
K16260	group	LPRD	0.216830644293074	0.484509342526122	151	85	0.655145082831845	0.799959420075115
K06042	group	LPRD	-0.0561802721728317	0.125584044413033	151	151	0.655270584242182	0.799973318623772
K02519	group	LPRD	0.00892302589201442	0.0199718227686999	151	151	0.655682083919767	0.80033630650837
K01808	group	LPRD	0.033418529628925	0.0749868150426908	151	151	0.65649063690878	0.801183733414092
K09690	group	LPRD	0.0664501576747519	0.149487113595811	151	151	0.657310962326232	0.801766112042263
K14761	group	LPRD	-0.0295629089624301	0.0664862418420674	151	151	0.657220068331116	0.801766112042263
K18833	group	LPRD	0.320031148650141	0.719497335471065	151	87	0.657111017371117	0.801766112042263
K02486	group	LPRD	-0.213344273985368	0.480180257283177	151	129	0.657470055076189	0.801820648240099
K00098	group	LPRD	-0.247151857421457	0.556526279075034	151	133	0.657616487102595	0.801859727707286
K00038	group	LPRD	0.279320687882375	0.629494751639869	151	119	0.657887250970539	0.802050370313649
K00301	group	LPRD	-0.253410371223823	0.57228669659268006	151	129	0.658550275881765	0.802719080843535
K16254	group	LPRD	0.218893269322754	0.494554326334499	151	86	0.658691782977199	0.802751981688137
K08642	group	LPRD	0.113754226797421	0.257912424942859	151	20	0.659810634146482	0.803836034995975
K13927	group	LPRD	0.0703608039300648	0.15951368177992	151	151	0.659783069837429	0.803836034995975
K00496	group	LPRD	-0.310643036067696	0.706195732588887	151	130	0.66065970934974	0.804255869384966
K00622	group	LPRD	0.0941352412861266	0.214174461478221	151	18	0.660917260803429	0.804255869384966
K02591	group	LPRD	0.148688143942426	0.338066238035477	151	148	0.660705084245946	0.804255869384966
K03147	group	LPRD	0.0249170613155265	0.0566737145082578	151	151	0.660821726712374	0.804255869384966
K03229	group	LPRD	-0.231640265076633	0.527472095643634	151	134	0.661187813875258	0.804255869384966
K13408	group	LPRD	-0.278722825338281	0.634646606496217	151	117	0.661168800607161	0.804255869384966
K13572	group	LPRD	0.0905151585462748	0.205911566298762	151	151	0.660876282240651	0.804255869384966
K13683	group	LPRD	-0.248618159962911	0.565609248603993	151	115	0.660894006711623	0.804255869384966
K18906	group	LPRD	-0.1892474045383	0.43076043687258	151	74	0.661056536188283	0.804255869384966
K18699	group	LPRD	-0.228505583336452	0.521289339685385	151	59	0.661769681953864	0.804684383433927
K19278	group	LPRD	-0.228505583336452	0.521289339685385	151	59	0.661769681953864	0.804684383433927
K11640	group	LPRD	-0.130845432465973	0.29907265766955	151	50	0.662379494814241	0.805236158113069
K16051	group	LPRD	0.21800785766041	0.498415378652091	151	87	0.662453198835673	0.805236158113069
K14633	group	LPRD	0.140934412653894	0.322511714410781	151	55	0.662751212340452	0.805458737605161
K06297	group	LPRD	0.152973935009241	0.350200256437873	151	150	0.662875387048114	0.805470005756159
K00262	group	LPRD	-0.019738615394860302	0.0453062298311075	151	151	0.663705868313668	0.806119538135611
K14376	group	LPRD	-0.0570620662641416	0.130995467702186	151	16	0.663754917848608	0.806119538135611
K15681	group	LPRD	-0.0570620662641416	0.130995467702186	151	16	0.663754917848608	0.806119538135611
K00762	group	LPRD	0.00785374181300517	0.0180559689422044	151	151	0.664216083060407	0.806539882600633
K03817	group	LPRD	0.0818916852339221	0.188370824906096	151	151	0.664382626486992	0.806602392046036
K03222	group	LPRD	-0.234532308116155	0.539941119286655	151	134	0.664650723005987	0.806788150350124
K02479	group	LPRD	-0.246068654119583	0.56756723700405	151	91	0.665242440172882	0.807366604157186
K00941	group	LPRD	0.0202123139578282	0.0466478684194234	151	151	0.665426688072035	0.807450421219485
K09762	group	LPRD	0.0447529237418837	0.10339165088747	151	151	0.665750707548643	0.807703783301486
K11750	group	LPRD	-0.238808184531476	0.552042468495824	151	131	0.665937949937097	0.807791145364085
K01796	group	LPRD	0.292771321082006	0.679362623264974	151	132	0.667127524297866	0.807975802579136
K02029	group	LPRD	-0.0317717508864438	0.0737214839664459	151	151	0.667112983888683	0.807975802579136
K02259	group	LPRD	0.176223001895266	0.408747349886209	151	151	0.666997369127305	0.807975802579136
K06888	group	LPRD	0.0960518109611854	0.222284527934454	151	151	0.66628470645732	0.807975802579136
K07740	group	LPRD	-0.276231045660946	0.640266166039569	151	129	0.666778170296607	0.807975802579136
K08995	group	LPRD	-0.248317586747884	0.576119469960211	151	146	0.667078535700465	0.807975802579136
K09861	group	LPRD	-0.0149582735842256	0.0346894332162843	151	151	0.666942184553261	0.807975802579136
K15064	group	LPRD	0.138994110724526	0.322011230716592	151	36	0.666624337368352	0.807975802579136
K18353	group	LPRD	0.197943901704001	0.458467989858755	151	79	0.666546673770169	0.807975802579136
K17869	group	LPRD	-0.0851433688015552	0.197656764252178	151	147	0.667262653420662	0.807999861889591
K06188	group	LPRD	-0.050620801379146	0.117603704823321	151	151	0.667500884558896	0.808148739336418
K03974	group	LPRD	0.268695781829719	0.626162701168756	151	135	0.668459375131572	0.809113705730807
K09692	group	LPRD	0.0636050767063003	0.148256876184745	151	151	0.668528756575297	0.809113705730807
K09726	group	LPRD	0.111867387962509	0.261197678838706	151	147	0.66906115110604	0.809371161593938
K12529	group	LPRD	-0.196266092668305	0.458116251387769	151	81	0.668964157985781	0.809371161593938
K19519	group	LPRD	-0.167914808516625	0.392095718385431	151	73	0.669087857551622	0.809371161593938
K11646	group	LPRD	0.231298699584742	0.540651642081065	151	94	0.669403754922758	0.809613582127076
K07037	group	LPRD	0.0476950677158923	0.111667101064904	151	151	0.669909691471308	0.810085723169547
K19505	group	LPRD	0.127122823884417	0.298357445573534	151	141	0.670667636016892	0.81086238849231
K09017	group	LPRD	-0.205621652071055	0.483083680568684	151	150	0.670981467502126	0.811101929158458
K17053	group	LPRD	0.0871355299558253	0.205278903867233	151	26	0.671832528263568	0.811990693642691
K07231	group	LPRD	-0.222961737948127	0.526105542002408	151	144	0.672325329671026	0.812446226684001
K02796	group	LPRD	-0.058532948123968	0.138332488590412	151	151	0.672808807850349	0.812890338336943
K00148	group	LPRD	-0.278057215346788	0.658277765908411	151	121	0.673341222873176	0.813253268838897
K07698	group	LPRD	-0.0656695885381427	0.155459971526507	151	18	0.673326541961382	0.813253268838897
K03921	group	LPRD	0.261661996718372	0.619968527002808	151	135	0.673591832602031	0.813276711273442
K07082	group	LPRD	-0.0073727925986898	0.0174687643281862	151	151	0.673592665571127	0.813276711273442
K01874	group	LPRD	0.0077185514828111	0.0183310763626225	151	151	0.674315282471643	0.814008977118344
K13497	group	LPRD	0.0980158866593604	0.232941928279132	151	151	0.674526453947976	0.814123698721645
K00690	group	LPRD	-0.0657516083924712	0.156496800587803	151	151	0.674983572833693	0.814535177408192
K00170	group	LPRD	-0.0729543628191752	0.174125044106736	151	151	0.67583641378715	0.814545835081243
K01083	group	LPRD	-0.216838196001992	0.516821183922463	151	147	0.675410234076321	0.814545835081243
K05988	group	LPRD	-0.115832440183964	0.276227480845762	151	151	0.675573708012955	0.814545835081243
K07173	group	LPRD	0.0212844360920536	0.0506849282413933	151	151	0.675136978526857	0.814545835081243
K10255	group	LPRD	-0.263546231526202	0.628798678544358	151	135	0.675727241631776	0.814545835081243
K14392	group	LPRD	-0.0528606232179833	0.12598267738652	151	151	0.675391945193154	0.814545835081243
K16258	group	LPRD	0.206901659556777	0.493731914217614	151	85	0.675778198270408	0.814545835081243
K16697	group	LPRD	-0.125114614937379	0.298816724113394	151	50	0.676038183809226	0.814545835081243
K16706	group	LPRD	-0.125114614937379	0.298816724113394	151	50	0.676038183809226	0.814545835081243
K00514	group	LPRD	0.200107081740389	0.47978701942525	151	53	0.677223976946672	0.815834349268976
K13062	group	LPRD	-0.0595216979085198	0.142820583884364	151	19	0.677454811035225	0.815972203669575
K02028	group	LPRD	-0.0291216330627442	0.0699197609108159	151	151	0.677642979938024	0.816021662910978
K08715	group	LPRD	0.206813523647976	0.496690197208677	151	138	0.6777286906516	0.816021662910978
K01974	group	LPRD	-0.239400735233441	0.575647917805126	151	131	0.678095822444181	0.816287408907639
K11173	group	LPRD	0.122748782261024	0.295351334715379	151	58	0.678298738500285	0.816287408907639
K17867	group	LPRD	0.122748782261024	0.295351334715379	151	58	0.678298738500285	0.816287408907639
K13985	group	LPRD	0.109123559614202	0.263048176623077	151	42	0.678853902690903	0.816815286279305
K19189	group	LPRD	-0.138504896468552	0.334126127855449	151	70	0.679083075369786	0.816950808021657
K08256	group	LPRD	0.0956956919242095	0.231020930317654	151	151	0.679301714835354	0.817073613760437
K16559	group	LPRD	0.190274906665327	0.460418788128083	151	81	0.680006715992636	0.817781279654894
K07516	group	LPRD	-0.144542306754586	0.349997357235535	151	151	0.680214120936813	0.817793886738608
K13640	group	LPRD	-0.0623043401001993	0.150883047783689	151	151	0.680250521194411	0.817793886738608
K00697	group	LPRD	0.225701938699118	0.547085386361634	151	151	0.680526844333462	0.81784556467985
K12962	group	LPRD	0.0674430485945085	0.163441528511426	151	151	0.680461129320072	0.81784556467985
K07742	group	LPRD	0.0425668340213353	0.103398110901405	151	151	0.681166287783539	0.818473719122833
K04342	group	LPRD	-0.0584349704143367	0.142141744417779	151	16	0.681587299087703	0.81855867168148
K07330	group	LPRD	0.105986883277316	0.257780790766104	151	33	0.681552405104822	0.81855867168148
K08681	group	LPRD	0.0517781898106277	0.125914063141711	151	151	0.681503187482201	0.81855867168148
K13421	group	LPRD	0.257295231453697	0.626924273880535	151	83	0.682095647841226	0.81888859245881
K16188	group	LPRD	-0.272542759268398	0.663967316093656	151	114	0.682046338083761	0.81888859245881
K15509	group	LPRD	0.21238270720485	0.518836002336017	151	125	0.68287463787679	0.819683426629503
K00721	group	LPRD	-0.0370993548445189	0.0907178821367111	151	151	0.683161321282562	0.819887153259845
K07318	group	LPRD	0.0765832037493557	0.18754048022626	151	151	0.683598878587198	0.820135245269542
K09144	group	LPRD	-0.132149914314461	0.323618213915228	151	37	0.683602031114113	0.820135245269542
K09190	group	LPRD	-0.307439160615407	0.753247528991391	151	107	0.68374832155498	0.820170385711912
K18588	group	LPRD	0.241315289438137	0.591636888121671	151	142	0.683949197302345	0.820270979142761
K04754	group	LPRD	-0.0479124832929421	0.117623828696526	151	151	0.684345440578848	0.820516908547124
K07486	group	LPRD	-0.0684809602014355	0.168143048284992	151	151	0.684388354390162	0.820516908547124
K01136	group	LPRD	-0.15562191144385	0.382598755878426	151	56	0.684775536684215	0.820840716853001
K08218	group	LPRD	-0.0293673559346161	0.0723169741912492	151	151	0.685257503572912	0.821278013343497
K03411	group	LPRD	0.060633540946873	0.149382184203878	151	151	0.685401759082758	0.821310483960706
K00082	group	LPRD	-0.239307355420909	0.590431237277028	151	96	0.68583142599533	0.821502762828465
K05937	group	LPRD	0.137071792543614	0.338184931820862	151	143	0.685826554449165	0.821502762828465
K16699	group	LPRD	-0.123771317911088	0.305459509502417	151	53	0.685913790418689	0.821502762828465
K09985	group	LPRD	0.236264797955309	0.58346370601857	151	142	0.686106147299288	0.821504306361036
K14998	group	LPRD	-0.230838837847729	0.570147261496089	151	144	0.68614945987787	0.821504306361036
K14681	group	LPRD	0.17137880355143	0.423477108198867	151	81	0.686282550917402	0.821523340493679
K03170	group	LPRD	-0.0612373326665042	0.151479499429054	151	22	0.686600098754239	0.821668936135253
K09950	group	LPRD	-0.262223063453879	0.648857147064994	151	132	0.6866961143044	0.821668936135253
K10823	group	LPRD	0.039963393643326	0.0989463450715328	151	151	0.686873033630896	0.821668936135253
K11532	group	LPRD	0.250724591034444	0.620599351465629	151	139	0.686789079781988	0.821668936135253
K14657	group	LPRD	-0.182616227861529	0.453150663764559	151	73	0.687531536982478	0.82231634093963
K14337	group	LPRD	-0.166247516168501	0.413248889536546	151	149	0.688044257536548	0.822648856444005
K15861	group	LPRD	0.212854650366986	0.529062368560014	151	121	0.68802194703734	0.822648856444005
K07291	group	LPRD	0.137091972643183	0.341298679038978	151	67	0.688496988236939	0.823049776183653
K01212	group	LPRD	-0.076550582169153	0.190805834128982	151	151	0.688850426828505	0.823331882705511
K00126	group	LPRD	-0.210143588875836	0.525648160062681	151	142	0.689891118836237	0.824294655367653
K18381	group	LPRD	-0.0606871991622893	0.151764512447547	151	26	0.689819482494715	0.824294655367653
K02503	group	LPRD	-0.00715916357999688	0.017920139591826	151	151	0.690094105315692	0.824396673187288
K06372	group	LPRD	0.0734199933882143	0.184055463477742	151	16	0.690536919728254	0.824644600902055
K07304	group	LPRD	-0.0738083595435754	0.185011739102958	151	151	0.690509472725102	0.824644600902055
K14335	group	LPRD	-0.21515408885703	0.540608895985134	151	140	0.691211081464692	0.825309092329669
K06446	group	LPRD	-0.15316752152915	0.385301107284429	151	147	0.691547931245291	0.825570674051344
K15052	group	LPRD	0.165244772653543	0.416955968960221	151	70	0.692441642875112	0.826496835783166
K01465	group	LPRD	0.0144936093543465	0.0366247225717199	151	151	0.692868101991201	0.826865065535975
K10531	group	LPRD	0.302982629962318	0.766404652143954	151	106	0.693164890284844	0.827078447812214
K00729	group	LPRD	-0.120051747306814	0.303972294775717	151	63	0.693449708355403	0.827242502257679
K01961	group	LPRD	-0.0417785668299828	0.105816040440068	151	151	0.693538400252265	0.827242502257679
K18851	group	LPRD	-0.229645523889721	0.583361503324774	151	135	0.694395544290318	0.828123981877361
K14980	group	LPRD	0.232138037881496	0.590108452757253	151	142	0.694599679779201	0.828226527513557
K11996	group	LPRD	0.0473404802478809	0.120559392810046	151	151	0.695121820175482	0.828708156365669
K01271	group	LPRD	-0.0439725068410309	0.112357602641434	151	151	0.696088704940974	0.829307593950741
K04790	group	LPRD	0.124526312635771	0.318197027726666	151	60	0.69609784348162	0.829307593950741
K04791	group	LPRD	0.124526312635771	0.318197027726666	151	60	0.69609784348162	0.829307593950741
K19052	group	LPRD	-0.243108343792778	0.620917222973783	151	117	0.695964143686772	0.829307593950741
K13583	group	LPRD	0.231992043442137	0.593507567765245	151	142	0.696442027577919	0.829576654769959
K09883	group	LPRD	0.228526444982606	0.586768882023836	151	142	0.697487651709837	0.830681012314978
K07331	group	LPRD	0.100767356678505	0.258930365976787	151	33	0.697707648600081	0.830801871358343
K15972	group	LPRD	0.0825926552419626	0.212856371511801	151	19	0.698554590649784	0.831669103338143
K19304	group	LPRD	-0.147803441617647	0.381705093291846	151	148	0.69914665451058	0.832232645291079
K04618	group	LPRD	0.0723415940156143	0.187634165016592	151	51	0.700382838200379	0.833562596907412
K06136	group	LPRD	-0.255419572988397	0.664438034353205	151	139	0.701219386317754	0.834416550345859
K13941	group	LPRD	0.0958592284228379	0.249901946705397	151	43	0.701831085247562	0.835002699861746
K05587	group	LPRD	0.1269174044578	0.331149077122344	151	53	0.702070552189643	0.83514586303231
K01236	group	LPRD	0.187886708900622	0.490790612539522	151	151	0.702395407884883	0.835390534318464
K07057	group	LPRD	-0.135342592419683	0.354376618433465	151	73	0.703066780320202	0.836047180669147
K01439	group	LPRD	-0.0345519876589179	0.0907343744903724	151	151	0.703891275676874	0.836759195199722
K03761	group	LPRD	-0.222031356444626	0.583086717188808	151	144	0.703904275904816	0.836759195199722
K03298	group	LPRD	-0.190637341382714	0.501249895623053	151	137	0.704246580200617	0.837024165345257
K00609	group	LPRD	0.0149211631510936	0.0392932721760487	151	151	0.704680333188913	0.837397717520644
K01621	group	LPRD	0.0602660712988924	0.158794245412409	151	151	0.70483987371784	0.837445341485094
K04758	group	LPRD	0.0322667360809327	0.0853544398582697	151	151	0.705944601556723	0.838615769685245
K09775	group	LPRD	0.0587363078394169	0.155690641275281	151	151	0.706515014201623	0.839009020761203
K18816	group	LPRD	-0.136045896730247	0.3605983071652	151	132	0.706503659209484	0.839009020761203
K19064	group	LPRD	-0.206664351074392	0.548486390315355	151	96	0.706865504367535	0.839283059894381
K06331	group	LPRD	0.221049066031061	0.586994971689399	151	111	0.707023371769061	0.839328338035753
K12112	group	LPRD	-0.110083368662479	0.292564185129081	151	60	0.707250799418633	0.839456106508795
K16238	group	LPRD	0.224192619845987	0.59608343376674	151	149	0.707370502303489	0.839456106508795
K00995	group	LPRD	0.029421082865736	0.078266050517093	151	151	0.707517604182431	0.839488558787888
K00217	group	LPRD	0.204088436879733	0.543808764199631	151	62	0.707975158423547	0.839862175741333
K03168	group	LPRD	-0.00631499772812852	0.0168352980714757	151	151	0.708116078842264	0.839862175741333
K04068	group	LPRD	0.0186685727260821	0.0498039803892548	151	151	0.708311723677998	0.839862175741333
K09920	group	LPRD	-0.222871714841759	0.594514775645096	151	146	0.708282742919581	0.839862175741333
K18471	group	LPRD	0.16717554417856	0.447341102501515	151	145	0.709151791246045	0.840716058960726
K00643	group	LPRD	0.221227237330804	0.592901314041204	151	142	0.709584533312537	0.840969457067387
K07276	group	LPRD	-0.137681406288182	0.369021714975326	151	151	0.709605469123194	0.840969457067387
K10227	group	LPRD	-0.223008973374002	0.598099768995968	151	126	0.709780664327085	0.841034898061674
K16645	group	LPRD	0.178771424652338	0.47982843372162	151	74	0.709995222418593	0.841146951014761
K03692	group	LPRD	-0.226711256540472	0.609181981380892	151	78	0.710304830928173	0.84122940780647
K15739	group	LPRD	-0.172449767949215	0.463300856724205	151	124	0.710258050067313	0.84122940780647
K19350	group	LPRD	0.054603329348333	0.147571100630555	151	151	0.711897690683779	0.842973447921164
K03413	group	LPRD	0.0471869111806325	0.12760187090199	151	151	0.712058109472687	0.843021001081495
K00302	group	LPRD	-0.228554585244059	0.620532406670263	151	142	0.713157291394803	0.843609958264862
K02283	group	LPRD	0.052210984384969	0.141594318704516	151	151	0.712847596926069	0.843609958264862
K07274	group	LPRD	0.0721456021925587	0.195823589252854	151	151	0.713081953966057	0.843609958264862
K09987	group	LPRD	0.21855164451493	0.59259873522275	151	142	0.712798768144768	0.843609958264862
K19128	group	LPRD	-0.153642316302993	0.416967341739319	151	91	0.713041591953231	0.843609958264862
K08475	group	LPRD	-0.188069602413922	0.511856809842457	151	76	0.713822489892343	0.844111952453665
K15944	group	LPRD	-0.0962822761811926	0.261971696028598	151	34	0.713745753996741	0.844111952453665
K04792	group	LPRD	0.117355614971188	0.320313035606325	151	61	0.714602832335209	0.844892200146705
K06138	group	LPRD	-0.24154633710263	0.660092776212874	151	139	0.714937921634552	0.845145839908636
K00053	group	LPRD	-0.0202821176057999	0.0554841908944525	151	151	0.715221038233518	0.845337966281733
K14627	group	LPRD	0.106530899986414	0.292249743187439	151	22	0.715986497007598	0.845907033968267
K15915	group	LPRD	-0.0878510533146533	0.241073965902633	151	151	0.716064527755734	0.845907033968267
K16020	group	LPRD	0.181928005663327	0.498992054604592	151	79	0.715933670030867	0.845907033968267
K10943	group	LPRD	0.238201901932999	0.654815323605409	151	131	0.716545716368295	0.846332851178053
K11422	group	LPRD	0.097054746513749	0.268028044016597	151	48	0.717785357723873	0.84765420445491
K07241	group	LPRD	0.254710112742256	0.707375628201473	151	115	0.719298997243619	0.849155603010739
K09765	group	LPRD	0.0357651504821204	0.0993159689144115	151	151	0.719271229610775	0.849155603010739
K02907	group	LPRD	0.00662451791785993	0.01845847884337	151	151	0.720187262374221	0.850061072443726
K07000	group	LPRD	0.0446228957447352	0.12447224308605	151	151	0.72047902008942	0.850262277916976
K18130	group	LPRD	-0.107349955439264	0.299874691414387	151	50	0.720862878607808	0.850572088712462
K06940	group	LPRD	-0.0457907402507297	0.12800545167241	151	151	0.721055407301111	0.850656076267382
K19332	group	LPRD	0.176431011239119	0.493702125252532	151	83	0.721325526604546	0.850831556705009
K02814	group	LPRD	0.214832689212437	0.603311770248147	151	108	0.722277594171342	0.851667945355947
K02815	group	LPRD	0.214832689212437	0.603311770248147	151	108	0.722277594171342	0.851667945355947
K04059	group	LPRD	-0.0577970437926592	0.162658540757532	151	21	0.722846798755506	0.852195771825781
K12267	group	LPRD	0.0180351754449151	0.0507958849436217	151	151	0.723052784874777	0.852295278623203
K00027	group	LPRD	0.0271915418347466	0.0766777166672461	151	151	0.723374817889833	0.852531518730284
K00003	group	LPRD	-0.0208336236551942	0.0589306802810921	151	151	0.724192629274753	0.853269090428085
K05593	group	LPRD	-0.0715832313419839	0.20252212022201	151	151	0.724244092446092	0.853269090428085
K05878	group	LPRD	-0.0409073650566163	0.115905153912631	151	151	0.724633511812636	0.853584425778286
K13779	group	LPRD	-0.281587082878531	0.798385037623095	151	95	0.724814897335664	0.853654642191365
K19778	group	LPRD	-0.223838508886253	0.635458133612842	151	105	0.725150417814688	0.853906337792872
K02303	group	LPRD	0.112015767935184	0.318414271432224	151	151	0.725490868200701	0.854163753121752
K01191	group	LPRD	0.0608123573208845	0.173046864923705	151	151	0.7257687374942	0.854200558273571
K03469	group	LPRD	0.00780409628197499	0.0222095232386952	151	151	0.725795823966995	0.854200558273571
K18897	group	LPRD	-0.195966225614377	0.557891251911943	151	77	0.725887692672705	0.854200558273571
K08724	group	LPRD	-0.0597708429414779	0.170412251366535	151	151	0.726276828221539	0.854371633803153
K12436	group	LPRD	-0.16904950132472	0.481786346099569	151	50	0.726173505198732	0.854371633803153
K00122	group	LPRD	-0.265725507953859	0.758628126979676	151	99	0.726629917921097	0.854454224933106
K03822	group	LPRD	0.12737534126037	0.364267391628912	151	64	0.72707607079178	0.854454224933106
K07062	group	LPRD	-0.0885905593965397	0.25334679111136	151	151	0.727071866404281	0.854454224933106
K13542	group	LPRD	0.0413680821983562	0.118305287154244	151	151	0.727078381130668	0.854454224933106
K13584	group	LPRD	0.208682414883318	0.596534651985099	151	142	0.726964412443884	0.854454224933106
K19336	group	LPRD	0.279316086652882	0.797674838975583	151	95	0.726710991049526	0.854454224933106
K15011	group	LPRD	-0.186099778690448	0.533356237549587	151	150	0.727640371812035	0.854828055371605
K18974	group	LPRD	-0.181405605239254	0.519892714272295	151	61	0.727635259702788	0.854828055371605
K15918	group	LPRD	0.179831244798073	0.515986599901695	151	140	0.727942241874071	0.85503939603506
K01689	group	LPRD	0.00628870548489064	0.0180780210992082	151	151	0.728432737452023	0.855298997217518
K03723	group	LPRD	-0.00585341555744757	0.0168408183184087	151	151	0.728651299769332	0.855298997217518
K17641	group	LPRD	-0.150958323456278	0.433810698067486	151	71	0.728344811809004	0.855298997217518
K18866	group	LPRD	0.228099264578683	0.655982655633352	151	93	0.728540081542682	0.855298997217518
K01754	group	LPRD	0.0188898283864069	0.0544413277958533	151	151	0.729099000760798	0.85553799721011
K06177	group	LPRD	-0.0356981393317899	0.102853114476009	151	151	0.729021823118816	0.85553799721011
K01002	group	LPRD	0.0725043112514163	0.209295569127953	151	151	0.729515308206718	0.855883231887714
K00453	group	LPRD	-0.192450558018105	0.556218746482054	151	147	0.729832301640259	0.856111853162352
K00598	group	LPRD	0.160062502870244	0.463727337632099	151	149	0.730457015873566	0.856332711255048
K03418	group	LPRD	0.168554048519294	0.488600788596022	151	83	0.730601198518293	0.856332711255048
K06006	group	LPRD	-0.199302112688825	0.5774088463732	151	126	0.730456082966038	0.856332711255048
K15012	group	LPRD	-0.183964133673388	0.533161745927186	151	150	0.73054806308849	0.856332711255048
K15371	group	LPRD	0.12231879805184	0.354616403339336	151	151	0.730631376036582	0.856332711255048
K12733	group	LPRD	-0.179512673224633	0.521475149707382	151	66	0.731151056691964	0.856798546875738
K01578	group	LPRD	-0.193473991545318	0.563615409309086	151	135	0.73187690018013	0.857362478319303
K10697	group	LPRD	-0.101207758010725	0.294705736872422	151	38	0.731766822768277	0.857362478319303
K14061	group	LPRD	-0.198707866372225	0.579858057155258	151	105	0.732319429685861	0.857737544210173
K00389	group	LPRD	0.163944485603324	0.479284886551508	151	151	0.732787266792972	0.857998787409176
K09964	group	LPRD	-0.0874274853463125	0.255497656854432	151	150	0.732693801173681	0.857998787409176
K07221	group	LPRD	-0.0500098121784815	0.14683917485648	151	151	0.733902953519681	0.859054598730713
K09386	group	LPRD	-0.181321835222795	0.532463285281207	151	139	0.733934092981204	0.859054598730713
K13501	group	LPRD	-0.140839286751741	0.414146080365048	151	35	0.734281604223058	0.859180845026193
K14981	group	LPRD	0.203863345045306	0.599484822563242	151	142	0.734287081676451	0.859180845026193
K03226	group	LPRD	-0.168533488013741	0.496527997225878	151	134	0.734768327820505	0.859600463621785
K02279	group	LPRD	-0.0822330024035145	0.242586031929196	151	151	0.735098368753977	0.859699627121351
K18145	group	LPRD	-0.141298905269073	0.416738757594183	151	52	0.735042881724769	0.859699627121351
K07028	group	LPRD	-0.210766997230106	0.624171561593662	151	142	0.736083532786213	0.860708184292135
K01006	group	LPRD	-0.0359096477984678	0.10646344775196	151	151	0.736368781095758	0.860754569865143
K07407	group	LPRD	-0.0481429433164007	0.14267910616142	151	151	0.73627433263521	0.860754569865143
K07316	group	LPRD	0.0341037965923306	0.101379150604403	151	151	0.737043658240474	0.861256216747078
K13598	group	LPRD	0.212652896340744	0.631850142352585	151	145	0.736925238615406	0.861256216747078
K01197	group	LPRD	0.0575242003389283	0.171345923481321	151	151	0.737554510983394	0.86162087479495
K02557	group	LPRD	-0.0334380716065246	0.0996197088653363	151	151	0.737601550591226	0.86162087479495
K16552	group	LPRD	0.171701438768353	0.512639776224305	151	85	0.73814453226411	0.86196787792294
K17876	group	LPRD	0.12745024937569	0.380460184294627	151	51	0.738103979476561	0.86196787792294
K15772	group	LPRD	0.0443230175723369	0.132705084460787	151	151	0.738851906381259	0.862650210481783
K03386	group	LPRD	-0.0309510277709727	0.0929916016220912	151	151	0.739725312547171	0.862705165013896
K03396	group	LPRD	-0.145720571944537	0.437875231777091	151	83	0.739760448915625	0.862705165013896
K05816	group	LPRD	0.136559091264889	0.409603637872238	151	151	0.739306143159457	0.862705165013896
K06168	group	LPRD	-0.00788755552756175	0.0237010550602751	151	151	0.739757987614992	0.862705165013896
K06329	group	LPRD	0.0972925413804797	0.292216236752259	151	27	0.73964224229262	0.862705165013896
K07680	group	LPRD	-0.190315406645176	0.570687166618251	151	64	0.739237310212233	0.862705165013896
K18371	group	LPRD	0.0757250966896651	0.227399051409745	151	22	0.739598355736325	0.862705165013896
K03601	group	LPRD	0.00860568744772282	0.0259051036729818	151	151	0.740204760196515	0.863079735358877
K19580	group	LPRD	-0.0548461575745975	0.16555524813813	151	23	0.74089383493524	0.863739528171633
K09129	group	LPRD	-0.186078090722081	0.562638886088	151	135	0.741317705126211	0.864089975546182
K16880	group	LPRD	0.136346251923886	0.413538318334765	151	48	0.742084832879338	0.864840345550151
K01259	group	LPRD	0.0451613737741301	0.137297003399537	151	151	0.742668982132126	0.865377254778291
K03922	group	LPRD	-0.0999755212624931	0.305082489241016	151	59	0.743598522670232	0.865884658458193
K06305	group	LPRD	0.129545128060348	0.394807323245439	151	149	0.743279752540776	0.865884658458193
K12423	group	LPRD	-0.0999755212624931	0.305082489241016	151	59	0.743598522670232	0.865884658458193
K14215	group	LPRD	-0.0999755212624931	0.305082489241016	151	59	0.743598522670232	0.865884658458193
K03199	group	LPRD	-0.0558046817414241	0.170496161543197	151	151	0.743894673950947	0.865955443598091
K14683	group	LPRD	-0.194994867379658	0.595782468945877	151	89	0.743906373944038	0.865955443598091
K00657	group	LPRD	-0.0347167214258657	0.106161715195623	151	151	0.744113724840655	0.866016213467227
K06178	group	LPRD	0.00586687913428393	0.0179472594740487	151	151	0.744205659048013	0.866016213467227
K03465	group	LPRD	0.0499689311416752	0.153129794871903	151	151	0.744642038675616	0.866236424015279
K15986	group	LPRD	-0.0365660733788792	0.112030721159681	151	151	0.744584830531129	0.866236424015279
K05995	group	LPRD	0.0552601516467286	0.169503631942753	151	151	0.744872992504084	0.866292529921917
K07230	group	LPRD	-0.0527516839223147	0.161932897325776	151	151	0.745061007546254	0.866292529921917
K14161	group	LPRD	-0.0914794391578316	0.280749842868973	151	151	0.745002812978706	0.866292529921917
K09709	group	LPRD	0.245106836025648	0.752803792566773	151	112	0.745189903261319	0.866298710093175
K00645	group	LPRD	-0.00532905289092826	0.0164162333418565	151	151	0.745923289133461	0.866307381115451
K01887	group	LPRD	0.0058667052426521	0.018083144582257	151	151	0.746067913014462	0.866307381115451
K03215	group	LPRD	0.00666457101396421	0.0205589611635682	151	151	0.746264957530443	0.866307381115451
K03699	group	LPRD	0.0377329852045022	0.116074827859343	151	151	0.745580559919865	0.866307381115451
K07334	group	LPRD	0.0392123601470346	0.120867446994064	151	151	0.746071682938362	0.866307381115451
K11787	group	LPRD	-0.15560610721145	0.480103383786038	151	113	0.746309596940971	0.866307381115451
K14672	group	LPRD	-0.125274006311333	0.385421288697652	151	53	0.745613263298095	0.866307381115451
K16074	group	LPRD	0.20624868964615	0.63612280518408	151	137	0.746220290382548	0.866307381115451
K17640	group	LPRD	0.182122109502605	0.561831456055074	151	107	0.746273085346596	0.866307381115451
K01809	group	LPRD	0.021008324123928	0.0649656963298387	151	151	0.746864178068336	0.86680759739388
K09458	group	LPRD	-0.00778888069049106	0.024142943726164202	151	151	0.747438930494252	0.867331054918839
K18682	group	LPRD	-0.0307471580261098	0.0954855617945201	151	151	0.747897620648506	0.867719682347902
K04054	group	LPRD	-0.0911976758475827	0.284058029294437	151	27	0.748620123078264	0.868414208634558
K16016	group	LPRD	0.0907116411381486	0.283110437530242	151	16	0.74910584483034	0.868833880254911
K01539	group	LPRD	-0.11841923606199	0.370659201776221	151	41	0.749807934866123	0.86936050668401
K06044	group	LPRD	0.157752809598545	0.493606707003049	151	151	0.749725216581222	0.86936050668401
K01135	group	LPRD	-0.150441826386842	0.472348299424759	151	101	0.75055347355306	0.869649561918505
K02653	group	LPRD	-0.0214038724517746	0.0671783611222057	151	151	0.750466471666085	0.869649561918505
K17225	group	LPRD	-0.167132857085556	0.524451717551831	151	115	0.750414617727219	0.869649561918505
K19073	group	LPRD	0.0891470705668518	0.279816039536124	151	21	0.750482284536579	0.869649561918505
K00232	group	LPRD	0.146723636690068	0.461641120826071	151	148	0.751058490183747	0.869920426514275
K00610	group	LPRD	-0.0232332876432645	0.0731581359389692	151	151	0.751250984828842	0.869920426514275
K00999	group	LPRD	0.15762161164916	0.49621182681297	151	74	0.751195273811494	0.869920426514275
K04485	group	LPRD	0.00657279618798772	0.0206995592765779	151	151	0.751283632256408	0.869920426514275
K12443	group	LPRD	0.0842727779869795	0.265967760455634	151	32	0.751798384839065	0.870348915216025
K14988	group	LPRD	-0.138014299315567	0.435766000978387	151	32	0.751902001504743	0.870348915216025
K17326	group	LPRD	0.139773370238821	0.441800537305773	151	57	0.752162861450367	0.870507125436202
K07559	group	LPRD	-0.0505210252300017	0.159947248519841	151	151	0.752550366765338	0.870811830806375
K00097	group	LPRD	-0.0157224903041764	0.0499641984579224	151	151	0.753448547847493	0.871707265293105
K00694	group	LPRD	-0.120868438611539	0.384341160496341	151	150	0.753594785196193	0.871732581555332
K15534	group	LPRD	-0.131502339199956	0.418424511424068	151	70	0.75374821365481	0.871766206520412
K18786	group	LPRD	-0.112131480630167	0.357493018636274	151	66	0.754217495573789	0.872165068289716
K02340	group	LPRD	-0.00557864243203684	0.0178380575543367	151	151	0.754916839194789	0.87266589084762
K02911	group	LPRD	-0.0056304204796901	0.0179984764098605	151	151	0.754849053873086	0.87266589084762
K04078	group	LPRD	-0.00498279820978513	0.0159651655433522	151	151	0.755397521492633	0.87266589084762
K04750	group	LPRD	-0.0977072059089826	0.312813560903059	151	151	0.755211511165864	0.87266589084762
K14520	group	LPRD	-0.135990047074596	0.435078423217885	151	79	0.755048616027316	0.87266589084762
K16053	group	LPRD	-0.0491179799685504	0.157330733215931	151	151	0.755328259166619	0.87266589084762
K06201	group	LPRD	0.032669632319988	0.105202443968644	151	151	0.756583843109119	0.873825812845171
K07636	group	LPRD	-0.0287183510967378	0.0925048818703288	151	151	0.756650882164078	0.873825812845171
K13573	group	LPRD	0.0694549851407715	0.224262981534594	151	151	0.757219300756114	0.874194219087674
K18975	group	LPRD	-0.169690399085684	0.54769553349624	151	66	0.757126055700619	0.874194219087674
K16648	group	LPRD	0.150064240999707	0.485288799088877	151	144	0.757581093324493	0.87446788476942106
K02440	group	LPRD	0.0324497273106089	0.105090093302818	151	151	0.757920139109931	0.874715208291178
K06139	group	LPRD	-0.20388322143749	0.661861539428875	151	139	0.758478203289138	0.874927135931686
K11899	group	LPRD	0.127182606170084	0.412487758540125	151	59	0.758261407385985	0.874927135931686
K19000	group	LPRD	-0.198853659762437	0.64535335558934	151	130	0.75841265574624	0.874927135931686
K10190	group	LPRD	-0.0655291260506384	0.212966817518752	151	151	0.758743031839662	0.875088623428106
K01810	group	LPRD	0.00524667149327717	0.0170915420766342	151	151	0.759291204535852	0.875467800168255
K05375	group	LPRD	0.236193561636579	0.769936062449059	151	114	0.759446461173061	0.875467800168255
K19373	group	LPRD	0.129302398108743	0.421446910423997	151	54	0.759419460963427	0.875467800168255
K03497	group	LPRD	-0.0133498474379548	0.0435450982556926	151	151	0.75959472438268	0.875494741519663
K01876	group	LPRD	0.00528415900997876	0.0173329392568436	151	151	0.760896481456488	0.87641794477021
K01956	group	LPRD	0.00972644174299153	0.0318610992668372	151	151	0.760581689680534	0.87641794477021
K02077	group	LPRD	-0.0415505963062651	0.136318630764512	151	151	0.760940029063673	0.87641794477021
K02935	group	LPRD	-0.00538578301904867	0.0176757676692918	151	151	0.761020831642834	0.87641794477021
K06121	group	LPRD	-0.198045830785146	0.649265275107038	151	94	0.760768456081959	0.87641794477021
K17067	group	LPRD	-0.127678850225057	0.419527352433348	151	49	0.761293697964351	0.87658817718957
K00761	group	LPRD	-0.0075672351028791	0.0249090117719121	151	151	0.761707835622992	0.876776999625152
K04043	group	LPRD	0.00476722357080415	0.0156910614697223	151	151	0.76169056560563	0.876776999625152
K11177	group	LPRD	0.215538224626199	0.709890308101672	151	136	0.761839542440148	0.876784631834746
K00326	group	LPRD	-0.10159289268159	0.335524014569088	151	29	0.762473172864733	0.876794117746355
K00479	group	LPRD	-0.201091344266382	0.663839619042903	151	127	0.762372132492443	0.876794117746355
K03530	group	LPRD	-0.0230459021814582	0.0760403622922623	151	151	0.762255747473719	0.876794117746355
K15268	group	LPRD	-0.160112579162253	0.528354633297167	151	149	0.762282074038784	0.876794117746355
K18815	group	LPRD	0.0856380320572216	0.282540749004183	151	51	0.762236612736998	0.876794117746355
K01155	group	LPRD	0.0485052403060741	0.160378221709313	151	151	0.76273630941031	0.876809040499552
K10188	group	LPRD	-0.0656934502569997	0.217093627620445	151	151	0.762613518438284	0.876809040499552
K03629	group	LPRD	-0.0182113219124901	0.0602811844666161	151	151	0.762992358174694	0.87695072583171
K15546	group	LPRD	-0.17508937487951	0.579858448362629	151	100	0.763109761422744	0.87695072583171
K12508	group	LPRD	-0.181597626076723	0.602106401394459	151	128	0.763374578809278	0.877111260031641
K01870	group	LPRD	-0.00529953788051992	0.0175992211092468	151	151	0.763740180331995	0.877266672358585
K10189	group	LPRD	-0.0625657339167355	0.208032513507708	151	151	0.764024548894236	0.877266672358585
K11630	group	LPRD	0.193865976364187	0.644921631268599	151	115	0.764135563683526	0.877266672358585
K16925	group	LPRD	-0.0537579575159763	0.17879496945215	151	151	0.764086662687701	0.877266672358585
K17722	group	LPRD	0.0470430186220131	0.156477041248213	151	151	0.764109271757162	0.877266672358585
K16784	group	LPRD	-0.0606030569604161	0.201750752480391	151	151	0.764301611593147	0.877313623263134
K03762	group	LPRD	0.121239915011997	0.403991324220915	151	151	0.764515160595036	0.87741507461873
K03291	group	LPRD	-0.18387805484028	0.613737655214662	151	123	0.764897013302132	0.877709619127181
K05713	group	LPRD	-0.189606521932934	0.636096707381674	151	99	0.766058773120271	0.878898854267283
K06977	group	LPRD	-0.200669095252104	0.674491473097673	151	91	0.76649028613036	0.879250025490725
K00146	group	LPRD	-0.258201274850746	0.870779332421895	151	125	0.767247847553118	0.879975034579083
K09763	group	LPRD	-0.161342469853742	0.544540673901813	151	132	0.767420474944335	0.880029041282478
K02437	group	LPRD	-0.0147632326312583	0.0499162282292035	151	151	0.767825014922093	0.880061045553282
K03119	group	LPRD	-0.157711497626273	0.533027539831062	151	149	0.767734672006946	0.880061045553282
K07155	group	LPRD	0.107643060020825	0.363634938327887	151	77	0.76762729945371	0.880061045553282
K09963	group	LPRD	-0.0376560232367114	0.127401507949818	151	151	0.767970224744904	0.880083582714039
K16783	group	LPRD	0.0757482770854555	0.25677503749413	151	151	0.76840558969057	0.880438572038394
K06118	group	LPRD	0.132310539112892	0.450146925912526	151	138	0.769222382968317	0.881230414219301
K00274	group	LPRD	-0.159520432920523	0.543094030113731	151	149	0.769376594755964	0.88124198137618
K05793	group	LPRD	0.128574402299705	0.437946740040629	151	78	0.76948390413746	0.88124198137618
K06076	group	LPRD	0.0267947555732721	0.0914818567799729	151	151	0.770008435830114	0.881266797578628
K07455	group	LPRD	-0.0674169571855608	0.230089111731915	151	151	0.769927000782267	0.881266797578628
K18586	group	LPRD	0.160071143374507	0.545911169511792	151	83	0.769763284022118	0.881266797578628
K19686	group	LPRD	0.167244363069762	0.570442806518418	151	124	0.769789902115094	0.881266797578628
K11624	group	LPRD	-0.107092623149133	0.367079396520386	151	40	0.770889373865108	0.882131000782633
K00942	group	LPRD	0.00590281881538348	0.0203580675084953	151	151	0.772257710022586	0.882419524450544
K02221	group	LPRD	-0.0255835301883579	0.0882066181652871	151	151	0.772188168601363	0.882419524450544
K03574	group	LPRD	0.0102716661427027	0.0352980165913021	151	151	0.771457222612201	0.882419524450544
K03625	group	LPRD	-0.00507917722603213	0.0175073080695261	151	151	0.77212967718163406	0.882419524450544
K08355	group	LPRD	-0.0651263262740227	0.224399504956278	151	20	0.772047702826852	0.882419524450544
K08356	group	LPRD	-0.0651263262740227	0.224399504956278	151	20	0.772047702826852	0.882419524450544
K10218	group	LPRD	-0.159063449370875	0.548630946675264	151	140	0.772274434023408	0.882419524450544
K14189	group	LPRD	-0.194617810587771	0.671120990028841	151	120	0.772227704088142	0.882419524450544
K15532	group	LPRD	0.0518116745004627	0.178632809302977	151	151	0.772184547844649	0.882419524450544
K01924	group	LPRD	-0.00492030404958512	0.0170074290519561	151	151	0.772751496381006	0.882820728427453
K15987	group	LPRD	-0.0299529276085614	0.1037307656405	151	151	0.773169098248942	0.883153882796983
K03741	group	LPRD	-0.0355247044063674	0.123177150931534	151	151	0.773438806624316	0.883221391828781
K04075	group	LPRD	-0.00505177317883521	0.0175196371840602	151	151	0.773480188935362	0.883221391828781
K04047	group	LPRD	-0.0173453095056278	0.0603000789098405	151	151	0.774014462514371	0.883612086559483
K18817	group	LPRD	0.0975753414270372	0.339308264425852	151	49	0.774074439880426	0.883612086559483
K03100	group	LPRD	0.00843349140894809	0.0294237721767885	151	151	0.774800165285505	0.884296509060793
K00045	group	LPRD	0.116127394827126	0.405818997826156	151	145	0.775156389083879	0.884552796976558
K00773	group	LPRD	-0.00539262426478852	0.0188849275029779	151	151	0.775618030371988	0.884552796976558
K00857	group	LPRD	0.0176519452074867	0.0618179086284011	151	151	0.775621336560088	0.884552796976558
K01805	group	LPRD	-0.0406013385152103	0.142153702704204	151	151	0.775569096751335	0.884552796976558
K09808	group	LPRD	0.0126817522767306	0.0444190485623675	151	151	0.775655640943638	0.884552796976558
K03646	group	LPRD	0.0257837837045303	0.0904545014317221	151	151	0.776003963535449	0.884727986012056
K09695	group	LPRD	-0.121683369410601	0.427001875386885	151	150	0.776061681310718	0.884727986012056
K00537	group	LPRD	-0.0252330626435694	0.0887246024796892	151	151	0.776500570724556	0.884940497606753
K07061	group	LPRD	-0.130477886162868	0.458774574096562	151	66	0.77649472723738	0.884940497606753
K06985	group	LPRD	0.142413579474334	0.502609647584622	151	151	0.777303174984369	0.885711192561838
K01392	group	LPRD	0.181414593540626	0.640733676048299	151	94	0.777465786798538	0.88575250535637
K06328	group	LPRD	0.112918177451429	0.400013618191653	151	149	0.778116077311425	0.886205313071176
K09002	group	LPRD	0.0533155156017705	0.188853062482201	151	151	0.778095932604901	0.886205313071176
K16217	group	LPRD	0.123326495815983	0.43734580961966	151	63	0.778343605236542	0.88632044715857
K13656	group	LPRD	-0.111623619615214	0.396257340855576	151	60	0.778568420811236	0.886432455723041
K03589	group	LPRD	0.00723531263954522	0.0257018165035322	151	151	0.77871001001108	0.886449686615406
K00381	group	LPRD	-0.0375931454041688	0.13374134990724	151	151	0.779032534952476	0.886528907470269
K01372	group	LPRD	-0.0336604989500527	0.11973723558843	151	151	0.779008573652795	0.886528907470269
K00783	group	LPRD	-0.00633506794889472	0.0225945021613147	151	151	0.779574160627249	0.886857329762579
K06986	group	LPRD	-0.148198410361874	0.528346880500184	151	143	0.779487197705012	0.886857329762579
K08967	group	LPRD	-0.217940912061285	0.777816536686227	151	136	0.779715937924163	0.886874691683982
K13252	group	LPRD	0.141074479377135	0.504330310124904	151	118	0.780075396856059	0.887139606093604
K00363	group	LPRD	0.0964192511856375	0.345702960782396	151	151	0.780702314133996	0.887708551837682
K07456	group	LPRD	-0.0266793294087468	0.0959232060917709	151	151	0.781296484642732	0.888240083902944
K03092	group	LPRD	0.0131925159991732	0.0476751116135633	151	151	0.782380874858056	0.889328674031939
K01740	group	LPRD	-0.014670724573085	0.053269960589005703	151	151	0.783387938240137	0.890184705310968
K05813	group	LPRD	-0.0997155164289193	0.361955696077277	151	150	0.783320764392241	0.890184705310968
K15238	group	LPRD	-0.0790371585835384	0.287188468676458	151	40	0.78353611844049	0.890208782863506
K03862	group	LPRD	-0.134652816053952	0.489877519867339	151	142	0.783796597013505	0.89036041890531
K07683	group	LPRD	-0.133876870138163	0.488736835870482	151	76	0.784522208294708	0.890895946889017
K18701	group	LPRD	0.174302665341324	0.636069971436882	151	135	0.784440598626598	0.890895946889017
K06975	group	LPRD	0.0199515597446285	0.0731526878605948	151	151	0.785431804937128	0.891156358042179
K07244	group	LPRD	-0.0620223421001668	0.227429590449974	151	32	0.785453666644626	0.891156358042179
K14162	group	LPRD	-0.0826451473873407	0.30285770645169	151	151	0.785319907605601	0.891156358042179
K16024	group	LPRD	-0.0376529493833936	0.138109527114536	151	32	0.785514284784967	0.891156358042179
K16025	group	LPRD	-0.0376529493833936	0.138109527114536	151	32	0.785514284784967	0.891156358042179
K16028	group	LPRD	-0.0376529493833936	0.138109527114536	151	32	0.785514284784967	0.891156358042179
K01153	group	LPRD	-0.0128935523434048	0.0474054896350374	151	151	0.786010548843495	0.891286630118554
K01283	group	LPRD	0.18579612579683	0.683025308158733	151	121	0.785983677153627	0.891286630118554
K18096	group	LPRD	0.132771748334989	0.487750558870161	151	87	0.785835559902738	0.891286630118554
K13582	group	LPRD	-0.152371266909086	0.560922579694427	151	132	0.786271757389368	0.891438625149518
K01711	group	LPRD	-0.0297459607489863	0.109774153980689	151	151	0.78678592141567	0.891733113843791
K10215	group	LPRD	0.0868808104887597	0.320460733407623	151	60	0.786679977419189	0.891733113843791
K16257	group	LPRD	0.132161680176266	0.488878163149415	151	85	0.787275367624158	0.892143602820133
K00231	group	LPRD	-0.0336227443041997	0.12463768302457	151	151	0.787715162397276	0.892211550829989
K00554	group	LPRD	-0.00476122266156251	0.0176327859913115	151	151	0.787517714997139	0.892211550829989
K01941	group	LPRD	0.213499833546519	0.791439892049773	151	131	0.78771715949883	0.892211550829989
K00624	group	LPRD	0.078004421864167	0.290316433227454	151	26	0.788541768572702	0.893001259724498
K00789	group	LPRD	0.00561435380889629	0.0209495301877796	151	151	0.789074383205852	0.893210990850372
K02160	group	LPRD	0.0272445259233364	0.101576488338828	151	151	0.788903376206616	0.893210990850372
K12990	group	LPRD	-0.0689324310367416	0.257259607925265	151	150	0.789109224869666	0.893210990850372
K00256	group	LPRD	-0.113092445844303	0.422431064269598	151	70	0.789286548687954	0.893267469535447
K07178	group	LPRD	0.184197640982289	0.689344669140173	151	133	0.789679364918311	0.893567772086741
K01451	group	LPRD	-0.0678248405765638	0.254681682100625	151	151	0.790366948939328	0.893837175921541
K03040	group	LPRD	-0.00477292403744125	0.0179337560894305	151	151	0.790497847287537	0.893837175921541
K13483	group	LPRD	0.187486814761512	0.704658666071993	151	136	0.790554991542589	0.893837175921541
K14941	group	LPRD	0.153818162088246	0.577992123703961	151	142	0.790510831753223	0.893837175921541
K19123	group	LPRD	0.0389127902476039	0.145902253863449	151	151	0.790065426509771	0.893837175921541
K00846	group	LPRD	0.140286179542503	0.527749931078391	151	65	0.790745740134004	0.893908666076338
K05778	group	LPRD	-0.178993703321432	0.674919505663464	151	116	0.791216185596464	0.894263147969784
K19164	group	LPRD	-0.145248595143706	0.547943160875122	151	129	0.791314451762706	0.894263147969784
K19126	group	LPRD	0.0392236599737043	0.148128816241947	151	151	0.79153390962052	0.894366973958711
K06995	group	LPRD	0.12328114795117	0.471666399091563	151	151	0.794165347752294	0.896928036240689
K14987	group	LPRD	0.155114967054537	0.59389456666571006	151	133	0.794312303706447	0.896928036240689
K15497	group	LPRD	0.093795608998673	0.358490391855671	151	50	0.793959938850611	0.896928036240689
K18530	group	LPRD	0.072799398796107	0.278727639572282	151	151	0.794310728561569	0.896928036240689
K06991	group	LPRD	-0.141511664232014	0.543308821001083	151	146	0.794866516405641	0.897409289741269
K01424	group	LPRD	-0.00867160711829806	0.0335072346817969	151	151	0.796148233644758	0.898711613180314
K01896	group	LPRD	-0.10026878006379	0.388006835639903	151	33	0.796439298239342	0.898750721290693
K18831	group	LPRD	-0.0472133340184023	0.182698918408282	151	151	0.796438226220362	0.898750721290693
K00287	group	LPRD	-0.00640553003020745	0.0248688083837863	151	151	0.797091964649926	0.898763820523723
K01938	group	LPRD	0.0133544943040335	0.0518343267381365	151	151	0.797041749395893	0.898763820523723
K07660	group	LPRD	-0.173950974871125	0.674836402337222	151	136	0.796941923024131	0.898763820523723
K08970	group	LPRD	0.137289434576877	0.531854735811437	151	124	0.79666021167565	0.898763820523723
K12583	group	LPRD	-0.0999980912050391	0.387706988341444	151	150	0.79682314047814	0.898763820523723
K01788	group	LPRD	0.0249220734376953	0.0971170118443469	151	151	0.797826875369946	0.899133263979572
K02601	group	LPRD	-0.00449026689832575	0.0175185288224745	151	151	0.79806093701582	0.899133263979572
K03664	group	LPRD	-0.00456695839471903	0.0177958862486987	151	151	0.797818417968693	0.899133263979572
K03839	group	LPRD	-0.0239026588063019	0.0931028892376224	151	151	0.797738435338613	0.899133263979572
K07404	group	LPRD	-0.0333085460358855	0.129868693602509	151	151	0.797935059068655	0.899133263979572
K19235	group	LPRD	-0.155233256195571	0.606657499844581	151	120	0.798394208784684	0.899364197907864
K01769	group	LPRD	-0.097022213752216	0.379967476400444	151	35	0.798809961081246	0.899543426052937
K18821	group	LPRD	0.056057988034258	0.219493433697683	151	34	0.798768615548239	0.899543426052937
K12980	group	LPRD	-0.0640347258503364	0.251918882466631	151	24	0.799700864518914	0.900402033452873
K01706	group	LPRD	-0.0894491050896955	0.352691523292093	151	150	0.800139900195647	0.900462465945013
K19174	group	LPRD	0.142000249175364	0.559818376986611	151	65	0.800112437184524	0.900462465945013
K19175	group	LPRD	0.142000249175364	0.559818376986611	151	65	0.800112437184524	0.900462465945013
K10799	group	LPRD	-0.0611498676996886	0.241741227041314	151	66	0.800650952368073	0.900892965666163
K02528	group	LPRD	-0.0046016680263714	0.018204433333025	151	151	0.800788682432336	0.900903332346442
K16259	group	LPRD	0.13333157099726	0.52834383956367	151	85	0.801112471517376	0.901122982242748
K05281	group	LPRD	0.118997030379388	0.472455942056951	151	81	0.801489353882613	0.901357490956616
K07787	group	LPRD	-0.0350671341208353	0.139291266498281	151	151	0.801578116779393	0.901357490956616
K00527	group	LPRD	0.0128920577049076	0.0513330852469782	151	151	0.802047874546391	0.901596472188935
K01126	group	LPRD	-0.0173151602511363	0.0689258873456696	151	151	0.801994642260945	0.901596472188935
K01625	group	LPRD	0.0269488624114115	0.107534961429879	151	151	0.802464294897903	0.901879978841725
K04775	group	LPRD	0.16518564826332	0.659463327895219	151	121	0.802557390586973	0.901879978841725
K17680	group	LPRD	0.149584545403469	0.597644921288911	151	137	0.802707868181794	0.901904496867186
K02887	group	LPRD	-0.00437845992471852	0.0175553153259376	151	151	0.803387643922572	0.902065720453595
K02963	group	LPRD	-0.00435494575650174	0.0174633139461286	151	151	0.803412760709839	0.902065720453595
K05797	group	LPRD	-0.132931874806083	0.531875867672754	151	80	0.802985533831827	0.902065720453595
K07655	group	LPRD	0.0904414318354754	0.362427287468629	151	61	0.803283964769045	0.902065720453595
K12213	group	LPRD	-0.0964072198024204	0.386757295029979	151	65	0.803494772968937	0.902065720453595
K12257	group	LPRD	-0.0283278781668931	0.114126950855596	151	151	0.804310790528034	0.902837252458209
K02986	group	LPRD	0.00441644160796149	0.0178408158956156	151	151	0.804825664912694	0.903270558923789
K01160	group	LPRD	0.075173996730442	0.305583008432086	151	146	0.806019323122706	0.904329811834423
K15654	group	LPRD	0.137680365441155	0.55969602029793	151	75	0.80602748421419	0.904329811834423
K02188	group	LPRD	0.0309556669746357	0.125931804944176	151	151	0.806165318616863	0.904339715715188
K03896	group	LPRD	0.0600011224736352	0.24443280418387	151	27	0.806429675876086	0.904491524462618
K02518	group	LPRD	-0.00408833493843341	0.0166880729076922	151	151	0.806804780696866	0.904622762745526
K04787	group	LPRD	0.0793060376647124	0.323616997371827	151	61	0.806746070562594	0.904622762745526
K00806	group	LPRD	0.00440103058482689	0.0179913305823196	151	151	0.80708759919955	0.904650474958242
K17752	group	LPRD	0.189394828479311	0.774241778513114	151	116	0.807087420393816	0.904650474958242
K00129	group	LPRD	0.129763176872795	0.530982984194194	151	70	0.807270467011742	0.904710787170633
K19125	group	LPRD	0.0362451927693171	0.148419300146628	151	151	0.807405619191385	0.904717613576025
K00974	group	LPRD	0.0203685617795469	0.0834679295102805	151	151	0.807544363682747	0.904728462428649
K13669	group	LPRD	0.09105299828622	0.373568410530677	151	62	0.807768637537391	0.904835114914847
K00981	group	LPRD	0.00612930530630156	0.0252221484808642	151	151	0.808329691305479	0.905047029695313
K01914	group	LPRD	-0.0188588832968969	0.0776496817262949	151	151	0.80843907447887	0.905047029695313
K06441	group	LPRD	-0.0647926228126165	0.26701470136683	151	52	0.80860588030275	0.905047029695313
K07016	group	LPRD	0.0468962100649941	0.193086709771265	151	151	0.808435151798084	0.905047029695313
K12203	group	LPRD	-0.0935617548912293	0.386100309557323	151	65	0.808861575041531	0.905047029695313
K12204	group	LPRD	-0.0935617548912293	0.386100309557323	151	65	0.808861575041531	0.905047029695313
K12206	group	LPRD	-0.0935617548912293	0.386100309557323	151	65	0.808861575041531	0.905047029695313
K13613	group	LPRD	0.0865943107968796	0.358313337288827	151	26	0.80936658726502	0.905467567304148
K00114	group	LPRD	-0.162184291843413	0.671980765569224	151	139	0.809613681255303	0.905495860603443
K16841	group	LPRD	-0.107146618017818	0.444029199261385	151	147	0.809650221720739	0.905495860603443
K02596	group	LPRD	-0.171671451368043	0.713841608787314	151	98	0.810281330956194	0.90605712713398
K17073	group	LPRD	0.0580018869909364	0.241480438644338	151	149	0.810510860338519	0.906169239389636
K16638	group	LPRD	-0.058050564933632	0.242143820077361	151	23	0.810864490543693	0.906420041255189
K01721	group	LPRD	0.181462829799937	0.760057446316144	151	106	0.811628404074972	0.907129322794253
K03111	group	LPRD	-0.00565212035364837	0.0237041787819022	151	151	0.811864324052571	0.90724835192229
K01247	group	LPRD	0.0867350390411252	0.364251324236566	151	151	0.812116206147073	0.907385177732066
K08299	group	LPRD	-0.119955937945329	0.5057752941499	151	135	0.812848833103733	0.908059015148553
K19165	group	LPRD	0.0533297418078979	0.225122836809445	151	151	0.813066151178107	0.908157061784342
K19124	group	LPRD	0.0390458802831283	0.165576845458228	151	151	0.81389829184807	0.908941696010032
K12205	group	LPRD	-0.0904218930111059	0.385394569095161	151	65	0.814824543198569	0.909396600512971
K12217	group	LPRD	-0.0904218930111059	0.385394569095161	151	65	0.814824543198569	0.909396600512971
K12218	group	LPRD	-0.0904218930111059	0.385394569095161	151	65	0.814824543198569	0.909396600512971
K12222	group	LPRD	-0.0904218930111059	0.385394569095161	151	65	0.814824543198569	0.909396600512971
K00278	group	LPRD	0.0128925735022111	0.0551875110317396	151	151	0.815605336219504	0.909936523775479
K02595	group	LPRD	-0.164568886846848	0.704807675179308	151	97	0.815697734009288	0.909936523775479
K02956	group	LPRD	-0.00490378423372126	0.0209798607314586	151	151	0.815509456254326	0.909936523775479
K03824	group	LPRD	0.100841792621334	0.433815941155157	151	148	0.816505214940635	0.910692371795362
K00432	group	LPRD	-0.0255639402917349	0.110420746918059	151	151	0.817233203039786	0.911069458223425
K03501	group	LPRD	-0.00409154369703953	0.0176624278520388	151	151	0.817125841473448	0.911069458223425
K09701	group	LPRD	-0.117647673120784	0.508019294567402	151	150	0.817181108597494	0.911069458223425
K08303	group	LPRD	-0.010890465460382	0.0472154032314685	151	151	0.817899289000734	0.911667040212298
K08604	group	LPRD	-0.139524307976209	0.606031121322395	151	76	0.818231701466515	0.911679106262622
K12256	group	LPRD	-0.128588704654712	0.558746338969772	151	145	0.818300276263112	0.911679106262622
K19696	group	LPRD	-0.181625432205655	0.789071712826777	151	105	0.818270659469605	0.911679106262622
K03670	group	LPRD	0.13355199816276	0.58150123023545	151	146	0.818665044328048	0.911940562647325
K19138	group	LPRD	0.0447219130527477	0.194884478778676	151	151	0.818811278433956	0.911958541757552
K15632	group	LPRD	0.0568346110599974	0.248828152604055	151	47	0.819641398128524	0.9127380779795
K01491	group	LPRD	-0.00391098184643596	0.0171460203965071	151	151	0.819882378307633	0.912861415491822
K00075	group	LPRD	-0.00411810886840207	0.0180921193899486	151	151	0.820254539824006	0.912985761220432
K19426	group	LPRD	-0.147013820170388	0.645435092489967	151	69	0.820133614999989	0.912985761220432
K00948	group	LPRD	0.00408165127835867	0.0179652700996479	151	151	0.820582174262862	0.913205436034713
K06047	group	LPRD	-0.0462033678209854	0.203550564086156	151	22	0.820744845407811	0.913241486715676
K01770	group	LPRD	-0.00705098780060401	0.0311135816820792	151	151	0.821029147795335	0.913412843365386
K02895	group	LPRD	-0.0039154217338806	0.0173524308133231	151	151	0.82178976672112	0.913879609503257
K06193	group	LPRD	-0.0341412983713076	0.151351203870993	151	151	0.821839808603214	0.913879609503257
K07242	group	LPRD	0.0695417743322323	0.308079135205227	151	22	0.821723093647723	0.913879609503257
K02959	group	LPRD	-0.00395910363466931	0.0176046686632288	151	151	0.822373428827305	0.914327951796892
K00064	group	LPRD	-0.15657935682237	0.697236281714803	151	132	0.82262035305538	0.914457449241708
K02864	group	LPRD	-0.00398255844805158	0.0177709559260992	151	151	0.822982674397141	0.914570156551039
K18678	group	LPRD	0.0946399059310971	0.4221208175337	151	125	0.822908050453285	0.914570156551039
K00471	group	LPRD	-0.143233111647148	0.642957448537066	151	98	0.824017818633544	0.914995233426444
K01868	group	LPRD	0.00389975168384486	0.0175050537017089	151	151	0.82401291210951	0.914995233426444
K06876	group	LPRD	-0.126493754430052	0.567560606430396	151	141	0.823939835492538	0.914995233426444
K13444	group	LPRD	-0.121337396375095	0.543449784452727	151	78	0.823629231914596	0.914995233426444
K16345	group	LPRD	-0.0226573655865889	0.101407271845826	151	151	0.82350736102985	0.914995233426444
K12428	group	LPRD	-0.103753943487455	0.466454041021176	151	141	0.824282812378417	0.915144522453707
K02914	group	LPRD	-0.0046164674718945	0.0208026688028816	151	151	0.824682305694598	0.915443066178802
K01928	group	LPRD	-0.00389378525054699	0.0176241191297728	151	151	0.82544548863895	0.916000138571955
K03550	group	LPRD	-0.00387180391630423	0.0175245441712027	151	151	0.825444678715228	0.916000138571955
K00043	group	LPRD	-0.0571840308163474	0.259517255333536	151	50	0.825901998385245	0.916049522163013
K03572	group	LPRD	-0.00407034218211427	0.0184984287814931	151	151	0.826143377905074	0.916049522163013
K07688	group	LPRD	-0.0748767963761969	0.339304950793972	151	41	0.825646043281498	0.916049522163013
K11753	group	LPRD	-0.00385693546332344	0.0175068301660487	151	151	0.825931051398264	0.916049522163013
K16556	group	LPRD	-0.124519290161139	0.565713868235956	151	80	0.826086758815141	0.916049522163013
K00042	group	LPRD	-0.046448550656007	0.21368417774748	151	151	0.828217306801857	0.917010333218017
K02836	group	LPRD	-0.00381988018641684	0.0175407143946756	151	151	0.827904544158133	0.917010333218017
K03978	group	LPRD	-0.00432275526544783	0.0198884882485926	151	151	0.828233239031227	0.917010333218017
K06187	group	LPRD	-0.00383895393508973	0.0176605507284722	151	151	0.828213858536488	0.917010333218017
K06873	group	LPRD	0.0926132487675383	0.424850380007353	151	123	0.827734952429719	0.917010333218017
K07506	group	LPRD	0.105676484267851	0.486449054040707	151	149	0.828318035654277	0.917010333218017
K07689	group	LPRD	0.147622650512291	0.679092345214962	151	134	0.828207821928919	0.917010333218017
K11041	group	LPRD	-0.0310944849112737	0.143011567345617	151	151	0.828173542764882	0.917010333218017
K13586	group	LPRD	0.0794231964572249	0.365460298851338	151	103	0.828253370907509	0.917010333218017
K16137	group	LPRD	0.052814258127708	0.241826176567461	151	151	0.827418171147883	0.917010333218017
K02961	group	LPRD	-0.00381658362001912	0.017582361968417	151	151	0.82845161054923	0.91701338859152
K08478	group	LPRD	-0.110202122776196	0.508659665322166	151	76	0.828775924788134	0.917227539116644
K19220	group	LPRD	-0.0445347261695759	0.206176813485622	151	18	0.829281150926767	0.917641810259926
K02860	group	LPRD	-0.00380893652069616	0.017679774336187	151	151	0.829718647271284	0.917981015999321
K00260	group	LPRD	0.020609375605129	0.0973627282414017	151	151	0.832648893717009	0.918703358791494
K00483	group	LPRD	0.16124244310889	0.758105361155888	151	128	0.831858431196292	0.918703358791494
K00816	group	LPRD	0.0512892045257609	0.242883182600997	151	48	0.83304456416905	0.918703358791494
K00818	group	LPRD	0.0397212016316714	0.187077993146841	151	151	0.832144233443143	0.918703358791494
K01318	group	LPRD	0.101591002159219	0.476612950625645	151	66	0.83149977167171	0.918703358791494
K01487	group	LPRD	0.0323243782410031	0.152629031558964	151	151	0.832565011521909	0.918703358791494
K02357	group	LPRD	-0.00371456818229124	0.017542397958132	151	151	0.832592981320965	0.918703358791494
K02838	group	LPRD	-0.00370633256075536	0.0175442097919292	151	151	0.83297560409441	0.918703358791494
K02884	group	LPRD	-0.00370579627996141	0.0175433357925184	151	151	0.832991215672075	0.918703358791494
K02888	group	LPRD	-0.00373186599811162	0.0175523426215765	151	151	0.831918992790504	0.918703358791494
K02899	group	LPRD	-0.00376679087276865	0.0176653730936259	151	151	0.831438895199717	0.918703358791494
K02916	group	LPRD	-0.00375901147476418	0.017562573502585	151	151	0.830812115338975	0.918703358791494
K02926	group	LPRD	-0.00369651688727789	0.0175414782397008	151	151	0.833385828609859	0.918703358791494
K03977	group	LPRD	-0.0037294725676664	0.0175459168453157	151	151	0.83196457784523	0.918703358791494
K04079	group	LPRD	-0.0191722226565776	0.0901064578053899	151	151	0.83179483651875	0.918703358791494
K06426	group	LPRD	-0.0857726591210192	0.406352677106543	151	149	0.83311376722469	0.918703358791494
K09694	group	LPRD	-0.0943655686998323	0.443685058519088	151	150	0.831862642494329	0.918703358791494
K12573	group	LPRD	-0.0039246739524571	0.0184340840208993	151	151	0.831693539519695	0.918703358791494
K15376	group	LPRD	0.0512892045257609	0.242883182600997	151	48	0.83304456416905	0.918703358791494
K15771	group	LPRD	-0.0309214981756856	0.144415695339374	151	151	0.830750481713543	0.918703358791494
K17327	group	LPRD	0.0922255343775747	0.4373290730208	151	55	0.833266228303145	0.918703358791494
K17328	group	LPRD	0.0922255343775747	0.4373290730208	151	55	0.833266228303145	0.918703358791494
K17762	group	LPRD	0.161982479446323	0.758061498493353	151	116	0.831088827756008	0.918703358791494
K18968	group	LPRD	-0.120557783695946	0.573004296321823	151	138	0.833646095196138	0.918845774736623
K03475	group	LPRD	-0.0261810551096805	0.124729810328024	151	151	0.834030786286446	0.919125265189119
K06442	group	LPRD	0.0210416973335378	0.100326531054281	151	151	0.834163243905153	0.91912674312718
K00951	group	LPRD	-0.0095705997279384	0.0457970839079527	151	151	0.834750555890333	0.919466082535284
K03177	group	LPRD	-0.00366055174240619	0.0175287024429972	151	151	0.834864709748514	0.919466082535284
K03498	group	LPRD	0.00725219116521381	0.0346988296209613	151	151	0.834730648400819	0.919466082535284
K01945	group	LPRD	0.00371841214697573	0.017839837994952	151	151	0.835175493256599	0.91953211707496
K07757	group	LPRD	-0.0416689423087994	0.199929403078304	151	151	0.835187017035131	0.91953211707496
K19050	group	LPRD	0.135569185861872	0.651308703815268	151	105	0.835396962000272	0.919618829086355
K16652	group	LPRD	0.105966962531146	0.510471846188625	151	144	0.83583545280708	0.919957061419003
K02990	group	LPRD	-0.00363307549803592	0.017552639987914	151	151	0.836306733467443	0.920331271837798
K01880	group	LPRD	-0.0226280722947342	0.10988936687789	151	151	0.837136945996176	0.921091784838118
K02996	group	LPRD	-0.0036099148387415	0.0175444469142274	151	151	0.837260606703065	0.921091784838118
K11917	group	LPRD	-0.0601370523677545	0.292801840280082	151	62	0.837551810388372	0.921267564855247
K13280	group	LPRD	-0.0362371183725239	0.176652919485024	151	151	0.837749179118424	0.921340091876397
K01389	group	LPRD	0.0341859013512298	0.166896228879314	151	18	0.837981934338094	0.921451507405496
K03894	group	LPRD	0.0866648727985201	0.423829957657588	151	76	0.838257239201122	0.921465147686979
K03895	group	LPRD	0.0866648727985201	0.423829957657588	151	76	0.838257239201122	0.921465147686979
K19641	group	LPRD	0.128845607939217	0.630884923807457	151	82	0.838452485472638	0.9215352654693
K02510	group	LPRD	-0.0788427097952531	0.387211020616595	151	151	0.838930704584786	0.921916325307941
K02079	group	LPRD	-0.0710214276314129	0.349603367998915	151	69	0.839296062348473	0.922173259727711
K02834	group	LPRD	-0.00356081578731439	0.0175435530018011	151	151	0.839435350773216	0.922181759743025
K00452	group	LPRD	-0.135139243476754	0.673383541019653	151	115	0.841217093729246	0.922463115212698
K00760	group	LPRD	0.00447897999314538	0.0222743799821406	151	151	0.840908582401396	0.922463115212698
K00767	group	LPRD	0.0108681422359597	0.0541520246696428	151	151	0.841209292260568	0.922463115212698
K00939	group	LPRD	-0.00342351868140567	0.0170783343288331	151	151	0.841394386664263	0.922463115212698
K00954	group	LPRD	-0.00354472684827143	0.0176291772919066	151	151	0.840916810478245	0.922463115212698
K01785	group	LPRD	-0.0149914717187888	0.0746107996020783	151	151	0.841028127260808	0.922463115212698
K01889	group	LPRD	-0.00350753091427131	0.0174983016139106	151	151	0.841402162435091	0.922463115212698
K07387	group	LPRD	0.0348806343402062	0.173005506080224	151	151	0.840492124043187	0.922463115212698
K08169	group	LPRD	0.0633813720793158	0.314525286849809	151	149	0.840571223651587	0.922463115212698
K09384	group	LPRD	-0.0605489977017146	0.302014360084926	151	149	0.841375586862428	0.922463115212698
K11540	group	LPRD	0.098032885977135	0.486725260427751	151	54	0.840650208354426	0.922463115212698
K14654	group	LPRD	-0.0850398019258982	0.422380918105324	151	109	0.840711710742887	0.922463115212698
K19715	group	LPRD	-0.120551347360585	0.599258996868982	151	85	0.840842072543766	0.922463115212698
K18240	group	LPRD	-0.135661774610564	0.678743096825882	151	86	0.841853173885831	0.922813252375242
K01563	group	LPRD	0.14610139259627	0.733345922319308	151	131	0.84235776688633	0.923000773579496
K06919	group	LPRD	0.0309446677778844	0.155177117191757	151	151	0.84220989041439	0.923000773579496
K14287	group	LPRD	-0.062171855251873	0.312455334146191	151	151	0.842550920133409	0.923000773579496
K19285	group	LPRD	0.040876172294577	0.205270303811585	151	151	0.842429879731224	0.923000773579496
K00057	group	LPRD	-0.00345421637950826	0.017456163867596	151	151	0.843409079134738	0.923078145924851
K00220	group	LPRD	0.126869022548125	0.641557514863453	151	138	0.843508946978992	0.923078145924851
K02946	group	LPRD	-0.00347206054339743	0.0175206148918773	151	151	0.843182164580421	0.923078145924851
K03545	group	LPRD	0.00408236212008771	0.020648483634666	151	151	0.843543309956433	0.923078145924851
K05710	group	LPRD	0.136260047539989	0.688831347289027	151	146	0.843460703412398	0.923078145924851
K07240	group	LPRD	0.0220804045702509	0.111635171644871	151	151	0.843478365285737	0.923078145924851
K15358	group	LPRD	-0.0748799335669179	0.377442989673194	151	84	0.843012400546797	0.923078145924851
K04099	group	LPRD	-0.117417220906492	0.596182623691116	151	75	0.844136302418234	0.92358287497297
K01892	group	LPRD	-0.00338279728047996	0.0173033674716693	151	151	0.845268387345287	0.923827309890565
K03296	group	LPRD	-0.0200221785484224	0.102513292121619	151	151	0.845414007553206	0.923827309890565
K03610	group	LPRD	-0.0231254886174402	0.118040069093917	151	151	0.844945826471654	0.923827309890565
K03979	group	LPRD	-0.00344493282123857	0.0175452058688732	151	151	0.84460682158471	0.923827309890565
K05563	group	LPRD	0.0742246783569504	0.379961870893767	151	150	0.845386890869818	0.923827309890565
K08095	group	LPRD	-0.120226974397237	0.615248349378785	151	74	0.845336567930359	0.923827309890565
K12214	group	LPRD	-0.0757046120340855	0.386661458814183	151	65	0.845040963309714	0.923827309890565
K16147	group	LPRD	0.0474039286640441	0.241716642251672	151	151	0.844788442451807	0.923827309890565
K02450	group	LPRD	-0.169986458629332	0.871951263821769	151	109	0.845698059784842	0.923993671928265
K05994	group	LPRD	-0.114933059923663	0.590425920422495	151	78	0.845923300718843	0.924017898270107
K10235	group	LPRD	0.11585953243297	0.595422360912412	151	99	0.845983861782817	0.924017898270107
K00705	group	LPRD	0.012956408951312	0.0674566009232878	151	151	0.847948662685434	0.924092415866129
K02892	group	LPRD	-0.00338169858839083	0.0175231907266421	151	151	0.847234161654206	0.924092415866129
K02904	group	LPRD	-0.00335665336338523	0.0175021726959843	151	151	0.848171772879839	0.924092415866129
K02906	group	LPRD	-0.00336105457489039	0.0175215547880313	151	151	0.848141247226559	0.924092415866129
K02931	group	LPRD	-0.00337005405237236	0.0175568149980247	151	151	0.848041675628069	0.924092415866129
K02933	group	LPRD	-0.00335786550387679	0.0175226704726242	151	151	0.848293109286525	0.924092415866129
K02950	group	LPRD	-0.00337796928499386	0.017523875191836	151	151	0.847406425536191	0.924092415866129
K02952	group	LPRD	-0.0034086489460771	0.0175441938555325	151	151	0.846214015103036	0.924092415866129
K02967	group	LPRD	-0.00337450225770163	0.0175250838221085	151	151	0.847571485179281	0.924092415866129
K03221	group	LPRD	0.0999932270028707	0.52016509219768	151	67	0.847820946016911	0.924092415866129
K03919	group	LPRD	-0.092280952892827	0.476507312876873	151	149	0.846704973394036	0.924092415866129
K05515	group	LPRD	0.00898358924679026	0.0467205729450176	151	151	0.847782060188497	0.924092415866129
K06434	group	LPRD	-0.128885161748785	0.667507043497672	151	120	0.847155855932427	0.924092415866129
K07302	group	LPRD	0.124297306377167	0.643694215046218	151	145	0.847143676062032	0.924092415866129
K09903	group	LPRD	-0.00339025501392074	0.0175218618598904	151	151	0.846840985564034	0.924092415866129
K12242	group	LPRD	0.084300716627487	0.435205780432415	151	52	0.846672167024144	0.924092415866129
K13541	group	LPRD	-0.112198608345344	0.584253537887859	151	139	0.847974275461935	0.924092415866129
K02867	group	LPRD	-0.00334695460099345	0.0175278844585487	151	151	0.848824479952448	0.924126652702727
K02874	group	LPRD	-0.00335629432576675	0.0175370205192242	151	151	0.848485786798681	0.924126652702727
K02988	group	LPRD	-0.00334476281176927	0.0175196179165285	151	151	0.848851856883433	0.924126652702727
K06386	group	LPRD	0.0770521335263692	0.403158535362967	151	148	0.848690837447322	0.924126652702727
K02886	group	LPRD	-0.00334113133866557	0.0175197743841445	151	151	0.849015299534435	0.924161063623663
K02994	group	LPRD	-0.00333193719548861	0.0175215091708779	151	151	0.849440483669984	0.924480327670639
K02341	group	LPRD	-0.00330313033569494	0.0174141497628065	151	151	0.849817399324827	0.924603187381908
K02563	group	LPRD	-0.00330275643114863	0.017427642848651	151	151	0.849949064121115	0.924603187381908
K03631	group	LPRD	-0.00334078714699295	0.0176130797258398	151	151	0.849820791990973	0.924603187381908
K02876	group	LPRD	-0.00331805384873425	0.0175472565131854	151	151	0.850277679581461	0.924770606467267
K16710	group	LPRD	-0.0639010903311771	0.338139415360333	151	150	0.850366808742939	0.924770606467267
K19137	group	LPRD	-0.0561457838908619	0.297861845401341	151	148	0.850744292736156	0.925037613165884
K02204	group	LPRD	0.0231988313152931	0.123497230827591	151	151	0.851250601460488	0.925444589987286
K00682	group	LPRD	-0.0668238598127058	0.356155903969973	151	38	0.851425652802821	0.925491367056563
K12421	group	LPRD	-0.0504228261107906	0.2690827140966	151	58	0.851611493690057	0.92554985593291506
K02356	group	LPRD	-0.00309781348365284	0.0165479547167962	151	151	0.851756771816081	0.925564249020419
K02982	group	LPRD	-0.00327136813232231	0.0175240422810678	151	151	0.852166371230182	0.925722340356977
K09018	group	LPRD	-0.107485486598943	0.575587043133865	151	119	0.852118020272293	0.925722340356977
K00627	group	LPRD	-0.0275461732486473	0.147893702133734	151	151	0.852496907486333	0.925794472731092
K13021	group	LPRD	0.140006337969728	0.751277436785711	151	98	0.85241774252314	0.925794472731092
K04781	group	LPRD	-0.0858338815054964	0.46127496428972	151	89	0.852635397429642	0.925801446093834
K01461	group	LPRD	-0.0639195343780183	0.344932325679288	151	51	0.853237623852506	0.925895815998849
K01994	group	LPRD	0.0720613722399709	0.389006323049593	151	150	0.85328900597006	0.925895815998849
K02871	group	LPRD	-0.00324453188433703	0.0175375384738151	151	151	0.853476717407859	0.925895815998849
K03106	group	LPRD	-0.00330212834040417	0.0178535564793997	151	151	0.853514802137598	0.925895815998849
K03711	group	LPRD	0.00829157456009001	0.0448289786445	151	151	0.853511814697679	0.925895815998849
K07473	group	LPRD	0.0342462753163132	0.184773211935033	151	151	0.853212691287873	0.925895815998849
K07312	group	LPRD	-0.0632573388655324	0.34450995043732	151	147	0.85456480169684	0.926891421924006
K00118	group	LPRD	0.0999463706491509	0.545363463045153	151	88	0.854838757358627	0.927045125167694
K06953	group	LPRD	0.104586226260172	0.57514637275746	151	142	0.855953246359052	0.92796663423708
K13028	group	LPRD	0.102865902098202	0.565213915487984	151	85	0.855834297109801	0.92796663423708
K01866	group	LPRD	0.0032226192533406	0.0178105895484506	151	151	0.856661825381248	0.928591216317079
K02881	group	LPRD	-0.00316900344140241	0.0175960213529774	151	151	0.857320553990182	0.928874356023366
K03220	group	LPRD	-0.141076716381386	0.782272076022883	151	99	0.85712892751865	0.928874356023366
K07077	group	LPRD	-0.122626001556028	0.680832203514703	151	128	0.857309424175906	0.928874356023366
K00372	group	LPRD	-0.0523421570067314	0.29290623745282	151	151	0.858416521722049	0.929343601123022
K09932	group	LPRD	0.0971401172796923	0.543487011684463	151	143	0.858388633739237	0.929343601123022
K09970	group	LPRD	-0.095899633593139	0.53618195940717	151	147	0.858293342026322	0.929343601123022
K13662	group	LPRD	0.061443230973681	0.343759843255254	151	70	0.858385585704854	0.929343601123022
K17760	group	LPRD	0.142983494007104	0.799110574457661	151	87	0.858237073571933	0.929343601123022
K03687	group	LPRD	-0.00308908890869813	0.017324391374202	151	151	0.858722785715074	0.929531613320362
K12466	group	LPRD	0.0621629922703938	0.349086830941662	151	69	0.858907400268704	0.929587907346552
K09880	group	LPRD	0.11104085782111	0.62501870056519	151	138	0.85923125205715	0.929794855961812
K01602	group	LPRD	0.108578858439667	0.612748340315359	151	125	0.859592136931597	0.929927440125113
K18304	group	LPRD	0.0811376193431769	0.457976706296677	151	70	0.859619088731916	0.929927440125113
K02593	group	LPRD	-0.124850657807575	0.712398063656289	151	98	0.861117935770456	0.930861535324428
K02890	group	LPRD	-0.00308273839130713	0.0176109086699045	151	151	0.861280273050506	0.930861535324428
K02992	group	LPRD	-0.00306331483381758	0.0175133491935701	151	151	0.861385345230213	0.930861535324428
K06211	group	LPRD	-0.0263025596981639	0.150151451195553	151	151	0.861181103696337	0.930861535324428
K09015	group	LPRD	0.0149750786726578	0.0856310691480205	151	151	0.861412094101222	0.930861535324428
K15051	group	LPRD	0.0251519205222478	0.143553442235718	151	151	0.861152925380717	0.930861535324428
K16046	group	LPRD	0.0823351251526424	0.46848646708335	151	74	0.860731274174537	0.930861535324428
K02000	group	LPRD	-0.0441266419349383	0.25329408432382	151	151	0.861936036437016	0.93090071414756
K04098	group	LPRD	-0.10630732003722	0.609359309923211	151	78	0.861742725948687	0.93090071414756
K09607	group	LPRD	-0.0316732912371019	0.181936851325376	151	151	0.862031450284101	0.93090071414756
K09978	group	LPRD	-0.105747667989159	0.607792799198933	151	146	0.862112330420251	0.93090071414756
K17204	group	LPRD	-0.0728652626038862	0.418006675093857	151	140	0.861853728101123	0.93090071414756
K07749	group	LPRD	0.0468396929266544	0.26994371838304	151	151	0.862480955847624	0.931155321190797
K02381	group	LPRD	0.103434360683568	0.596951658052695	151	102	0.862673647887845	0.931219937125622
K14445	group	LPRD	-0.0158401978536137	0.0916383384905017	151	151	0.862999535419656	0.931428289960245
K07216	group	LPRD	0.0291691452070674	0.169174505950832	151	151	0.86334097044222	0.931653356342359
K01531	group	LPRD	-0.0247063813247441	0.143711327606594	151	151	0.863736269983648	0.931936471076708
K02520	group	LPRD	-0.00299878117919137	0.0174654953715291	151	151	0.863908352837026	0.931978693965459
K00137	group	LPRD	0.105687650556262	0.620140188576382	151	128	0.864906780305726	0.932798852568582
K04091	group	LPRD	0.112531635044087	0.660436464035616	151	145	0.864934742039341	0.932798852568582
K01756	group	LPRD	-0.00293297674249244	0.0172707863095263	151	151	0.86537969489805	0.933059610003866
K03685	group	LPRD	-0.00294915339326514	0.0173742576415716	151	151	0.865442736696881	0.933059610003866
K00255	group	LPRD	-0.0958441426436846	0.568667985909398	151	101	0.866385887408811	0.933812600373371
K00758	group	LPRD	0.038683565975246	0.22961772992026	151	151	0.866442469627178	0.933812600373371
K13587	group	LPRD	0.100188516434846	0.595140858092889	151	139	0.866540793927072	0.933812600373371
K01687	group	LPRD	-0.0095578136358157	0.0569362022854059	151	151	0.8669141075128	0.933970524275741
K09004	group	LPRD	-0.0713248047745534	0.425012141626979	151	148	0.866953809053102	0.933970524275741
K12953	group	LPRD	0.0862390064324216	0.515542923063482	151	79	0.867378099856467	0.934284031959717
K18164	group	LPRD	0.103114153720878	0.617892279821186	151	93	0.867690360162965	0.934476789789889
K00663	group	LPRD	0.120783638183191	0.724893885673515	151	100	0.867892981921635	0.934533168545376
K15583	group	LPRD	0.0114909456631519	0.0690253099349245	151	151	0.868009338145356	0.934533168545376
K10193	group	LPRD	0.0269056592691985	0.162093595802916	151	151	0.868391084484845	0.934657070818174
K11615	group	LPRD	-0.037925096952268	0.228391644524552	151	151	0.868340420846502	0.934657070818174
K02625	group	LPRD	0.0896155827039336	0.540502021769599	151	67	0.868538597352066	0.934672331507213
K07136	group	LPRD	0.0994354400135048	0.600511246379628	151	143	0.868708290790836	0.934711453329817
K03286	group	LPRD	0.0161777059081271	0.0978933422927367	151	151	0.868964533123769	0.934829881093953
K18382	group	LPRD	-0.0802473828119411	0.48603825922873	151	70	0.869085069199614	0.934829881093953
K01890	group	LPRD	-0.00287792493656439	0.0175463298593107	151	151	0.869938759708975	0.935280667309131
K08776	group	LPRD	0.111058747427078	0.677631454804512	151	78	0.870037836165884	0.935280667309131
K09833	group	LPRD	-0.0475803762276645	0.289868165274317	151	16	0.869839544216002	0.935280667309131
K11069	group	LPRD	-0.016934676672697	0.103279707783009	151	151	0.869977710967878	0.935280667309131
K00066	group	LPRD	0.104482817805861	0.641489257275694	151	113	0.870837233413139	0.935852982711345
K11611	group	LPRD	0.0554390385506532	0.340173585284595	151	62	0.870760684673171	0.935852982711345
K02939	group	LPRD	-0.00289035309078382	0.0178431872791594	151	151	0.871536046032181	0.93645984529989
K14266	group	LPRD	-0.0946824296613513	0.585120076891369	151	120	0.871669114205675	0.93645984529989
K05792	group	LPRD	-0.0792893020534748	0.491533456615399	151	102	0.872067701055299	0.936744496536569
K00800	group	LPRD	-0.00278065727307071	0.0174127559563676	151	151	0.873340903885202	0.937025412390377
K01545	group	LPRD	0.0938841140595998	0.590697928284373	151	90	0.873933259088201	0.937025412390377
K02334	group	LPRD	0.0119074868642967	0.0748292771768955	151	151	0.873782955093387	0.937025412390377
K02878	group	LPRD	-0.00283186854813155	0.0176345823421041	151	151	0.872636927877184	0.937025412390377
K05815	group	LPRD	-0.0560305403901524	0.348968418532271	151	150	0.8726570527787	0.937025412390377
K07245	group	LPRD	0.0641489629239107	0.400482642317242	151	151	0.872956914052146	0.937025412390377
K08081	group	LPRD	-0.0987559077860133	0.618975833739291	151	93	0.873453786868513	0.937025412390377
K08978	group	LPRD	0.0169472618060772	0.105683540846741	151	151	0.872815818548239	0.937025412390377
K13593	group	LPRD	0.0972565292832752	0.611326580845349	151	129	0.873812653754762	0.937025412390377
K14387	group	LPRD	0.0383443183128001	0.240963187006482	151	24	0.873782447431492	0.937025412390377
K19222	group	LPRD	0.0718990711529187	0.449871108018925	151	151	0.873238146755312	0.937025412390377
K19335	group	LPRD	0.126551080047311	0.794968324350814	151	94	0.873734686942865	0.937025412390377
K00169	group	LPRD	-0.0282895742706891	0.178610935134614	151	151	0.874366654293809	0.93734672680832
K00263	group	LPRD	-0.0945646915155521	0.602207702169782	151	146	0.87543376620464	0.938060333398736
K06942	group	LPRD	-0.00275236887530553	0.0175149989785092	151	151	0.875344466552914	0.938060333398736
K16299	group	LPRD	-0.0956860003953667	0.608503158778678	151	101	0.875262160984752	0.938060333398736
K05817	group	LPRD	-0.0618227212941738	0.395264545151152	151	43	0.875922785481367	0.938440887394831
K07283	group	LPRD	0.113109226397833	0.724724818293217	151	126	0.87618755157038	0.93858110276717
K02902	group	LPRD	-0.00269508983290465	0.017389970759017	151	151	0.877047182365122	0.939358403113752
K13688	group	LPRD	-0.0542698139160975	0.35227927741828	151	143	0.877776106404358	0.939995494331584
K10618	group	LPRD	-0.0403085855749796	0.262024572340176	151	36	0.877947888349498	0.940035848072396
K02600	group	LPRD	-0.00268442576626414	0.0175529923897609	151	151	0.878658292575153	0.940652814745239
K03551	group	LPRD	-0.00268165455313475	0.0175627889761899	151	151	0.878849666879384	0.940714027305617
K15629	group	LPRD	0.0858920011154796	0.564719773207379	151	130	0.879316439184557	0.941069960104388
K19158	group	LPRD	0.0294239666926775	0.194060962012763	151	151	0.879689953409278	0.941325991970545
K11184	group	LPRD	-0.0246178476105706	0.162630412847089	151	151	0.879886269248956	0.941392360719655
K14953	group	LPRD	0.0464176652898577	0.307405692114944	151	62	0.880181476455788	0.94156449717001
K00276	group	LPRD	0.112306468912421	0.748208060479786	151	113	0.880888252678534	0.941583164228523
K00469	group	LPRD	0.0670572403683333	0.447189744986775	151	94	0.88100484652994	0.941583164228523
K00763	group	LPRD	0.00637319448077464	0.0423935530887158	151	151	0.880704389309825	0.941583164228523
K01086	group	LPRD	0.0361369708242171	0.240886565231193	151	70	0.880954439618601	0.941583164228523
K01925	group	LPRD	-0.00264773645462118	0.0175934844567374	151	151	0.880577411473863	0.941583164228523
K03553	group	LPRD	0.00261213202211912	0.0173498179106517	151	151	0.880529014733967	0.941583164228523
K05882	group	LPRD	-0.0882560264330404	0.590879871594175	151	123	0.881468601299494	0.941935197425222
K00128	group	LPRD	-0.0277888982518903	0.187949331940737	151	151	0.882658565413954	0.942710548203519
K08964	group	LPRD	0.0952492838744865	0.642879838406201	151	140	0.8824165608506	0.942710548203519
K11610	group	LPRD	0.0505196207358642	0.341692351118673	151	62	0.882660098995373	0.942710548203519
K16554	group	LPRD	0.0752473057052466	0.509254260718312	151	89	0.882732102483295	0.942710548203519
K00801	group	LPRD	-0.0779553341509031	0.532448144120873	151	143	0.883796224448757	0.943703203866837
K01056	group	LPRD	-0.00253445064112998	0.0174151083907761	151	151	0.884487764745352	0.944010236124379
K06997	group	LPRD	-0.00255647664173914	0.0175566506803077	151	151	0.884423703646056	0.944010236124379
K11908	group	LPRD	-0.0387739351038601	0.266178832806432	151	28	0.884379778835408	0.944010236124379
K02954	group	LPRD	-0.00243989783258932	0.0168503272329385	151	151	0.885065845318385	0.944339661443208
K03705	group	LPRD	0.013528156229579801	0.0934203678704321	151	151	0.885056979794495	0.944339661443208
K02835	group	LPRD	-0.00253761937008675	0.0176191016294254	151	151	0.885674076697082	0.944701046507387
K04719	group	LPRD	0.0920534703944762	0.63889810493964	151	142	0.885630713480954	0.944701046507387
K05956	group	LPRD	0.0185206090842219	0.128913220896922	151	16	0.885957346210949	0.944859424454398
K02635	group	LPRD	0.0667334145246855	0.467224822304235	151	123	0.886617927400544	0.945007470895765
K03595	group	LPRD	0.00238560116983245	0.0166936050973168	151	151	0.886558206778139	0.945007470895765
K05346	group	LPRD	0.0278631412876853	0.19470168043827701	151	151	0.886399154387655	0.945007470895765
K17763	group	LPRD	0.11287323396381	0.790389042304854	151	116	0.886635397443858	0.945007470895765
K03076	group	LPRD	-0.002390407124827	0.0167794523092039	151	151	0.886908830706992	0.945011537202617
K09981	group	LPRD	0.0701066025022611	0.492028837275227	151	135	0.886889620287026	0.945011537202617
K11918	group	LPRD	0.0593133901012456	0.418085292625775	151	51	0.887375033751464	0.94536458762884
K01881	group	LPRD	-0.00244510152237059	0.0173017424501006	151	151	0.887807158626569	0.945681231115674
K01647	group	LPRD	0.0131937676523964	0.0941586271431265	151	151	0.888752229364323	0.946059508778736
K04567	group	LPRD	0.00282538399342397	0.0201553675037142	151	151	0.888706912335589	0.946059508778736
K05785	group	LPRD	-0.077526344563887	0.553909882417578	151	144	0.888879018646164	0.946059508778736
K05808	group	LPRD	0.00596654163360752	0.0424462554078399	151	151	0.888401891326315	0.946059508778736
K06988	group	LPRD	0.0834776700067298	0.596933871014174	151	150	0.888972037706923	0.946059508778736
K11325	group	LPRD	-0.0972903947765802	0.695026482960308	151	82	0.888864168238989	0.946059508778736
K04070	group	LPRD	0.0209580796175786	0.150591587212145	151	151	0.889502441389901	0.946480284478325
K00410	group	LPRD	-0.0594182271934516	0.432340698584482	151	90	0.890873453221358	0.946693493002381
K04073	group	LPRD	0.078457128257055	0.57215910473581	151	125	0.891117369213259	0.946693493002381
K04768	group	LPRD	-0.0655990861651668	0.478328249721476	151	150	0.891103375934124	0.946693493002381
K04835	group	LPRD	-0.0255145311209804	0.185206488762781	151	151	0.890614020653703	0.946693493002381
K05351	group	LPRD	0.0768939649394689	0.55843819904103	151	112	0.890667629670393	0.946693493002381
K12950	group	LPRD	0.0279856446306203	0.203380869270989	151	151	0.890740629685203	0.946693493002381
K13641	group	LPRD	-0.0806573830269771	0.584782359487086	151	139	0.890484186762617	0.946693493002381
K17997	group	LPRD	0.0268521363516605	0.195951353136225	151	16	0.89118835382635	0.946693493002381
K17998	group	LPRD	0.0268521363516605	0.195951353136225	151	16	0.89118835382635	0.946693493002381
K17999	group	LPRD	0.0268521363516605	0.195951353136225	151	16	0.89118835382635	0.946693493002381
K19155	group	LPRD	0.0739265649818518	0.533305446988936	151	73	0.88993795933315	0.946693493002381
K00966	group	LPRD	0.0708258866300437	0.517661358392754	151	151	0.891358595824295	0.946730872231562
K16516	group	LPRD	0.0804584457128953	0.591416454991497	151	78	0.891970414724614	0.947237177279131
K05714	group	LPRD	-0.0870626422429415	0.642576729200333	151	92	0.892407437147682	0.947414226019272
K15781	group	LPRD	-0.0624043301488494	0.460477810955404	151	75	0.892383017288767	0.947414226019272
K02282	group	LPRD	-0.0382886847487465	0.285349606203591	151	151	0.893439998989319	0.948366806922339
K01873	group	LPRD	-0.00233464821453304	0.0174869868566731	151	151	0.89397198647772	0.948787831220109
K07711	group	LPRD	-0.0977010585088354	0.73551601127998	151	128	0.894504398574621	0.949065511428499
K15067	group	LPRD	-0.0902898849211936	0.679154716257344	151	99	0.894416647930909	0.949065511428499
K13001	group	LPRD	0.0305989464359071	0.230795002610366	151	20	0.894703929784813	0.949133557474507
K18661	group	LPRD	-0.0704482545338872	0.532126137083903	151	134	0.894854326897159	0.949149467627339
K03110	group	LPRD	-0.00231298988242255	0.0175494877756739	151	151	0.895321758905442	0.949501593029825
K09802	group	LPRD	0.0214962363570842	0.163578115398404	151	151	0.895626143012098	0.94968072341776
K04053	group	LPRD	-0.0220827580783738	0.168687320050305	151	21	0.89602355202413	0.949958424030423
K19144	group	LPRD	0.0419655182537295	0.321467259969912	151	22	0.896312382698148	0.950120944006353
K01875	group	LPRD	-0.0022438910838357	0.0174720472778853	151	151	0.897983863819433	0.951678567128499
K06890	group	LPRD	-0.0124943957006379	0.0973541956140405	151	151	0.89805331263267	0.951678567128499
K12113	group	LPRD	0.0413155256875424	0.323919121298957	151	64	0.89867795601974	0.952196564646067
K04343	group	LPRD	-0.0803375789153386	0.632098931020695	151	126	0.899035359387702	0.952431293532989
K03410	group	LPRD	0.021778551269107	0.171781236921324	151	151	0.899284871724095	0.952551669807481
K17624	group	LPRD	0.0560166595327433	0.447127552060277	151	146	0.900469839009013	0.953662724195979
K01665	group	LPRD	-0.00915754636604846	0.0736548933135015	151	151	0.901221208578034	0.954131859001917
K03223	group	LPRD	0.0802703476756019	0.646088510766972	151	99	0.901292321288659	0.954131859001917
K05340	group	LPRD	0.0217911687146497	0.175446560195939	151	151	0.90132113699154	0.954131859001917
K19640	group	LPRD	0.0786909830170977	0.637569623925779	151	89	0.90193819538298	0.954640910408378
K00288	group	LPRD	-0.0379115595084763	0.310417354388769	151	61	0.902959894040548	0.955385414828939
K01923	group	LPRD	-0.00205866690149436	0.0169062457969628	151	151	0.903245556948961	0.955385414828939
K01965	group	LPRD	0.0688298417881658	0.568441030816531	151	144	0.903786624293453	0.955385414828939
K03517	group	LPRD	0.00665849557995624	0.0547983017168739	151	151	0.903451476151443	0.955385414828939
K07011	group	LPRD	-0.0135428272071333	0.111937279604815	151	151	0.903865241648749	0.955385414828939
K08313	group	LPRD	-0.0260642967333958	0.214790069504452	151	151	0.903579076998844	0.955385414828939
K08976	group	LPRD	-0.0814245749359929	0.673029862463939	151	132	0.903868198451573	0.955385414828939
K09712	group	LPRD	0.0232891236437807	0.191368521845325	151	151	0.903302347717586	0.955385414828939
K19577	group	LPRD	0.0593684288514341	0.48738204751711	151	151	0.903212937127545	0.955385414828939
K01118	group	LPRD	-0.0239058561867324	0.198954607719649	151	151	0.904520380478443	0.955498473049109
K06925	group	LPRD	-0.00224188375365744	0.0186175698945596	151	151	0.904314546018171	0.955498473049109
K07214	group	LPRD	-0.0229576661694906	0.190728480671516	151	151	0.904353545529129	0.955498473049109
K10709	group	LPRD	-0.0284259347787354	0.236335105777476	151	151	0.904424894685692	0.955498473049109
K00868	group	LPRD	0.00887990442851241	0.0740972041931516	151	151	0.904770311216633	0.955618484500316
K01087	group	LPRD	0.0680524050879238	0.569600284514978	151	151	0.905060799771414	0.95578129050883
K05928	group	LPRD	0.0442230805421523	0.371060950376386	151	77	0.905293207649421	0.955882721136081
K01725	group	LPRD	-0.0649130206706612	0.547635885163454	151	138	0.905804860680926	0.956091259921526
K02965	group	LPRD	-0.00209963554468623	0.0177378364388326	151	151	0.905933573378285	0.956091259921526
K10941	group	LPRD	0.0891602416056563	0.754057719106779	151	124	0.906036268139615	0.956091259921526
K12510	group	LPRD	0.0169370784410141	0.142889819331305	151	151	0.905805445421814	0.956091259921526
K04072	group	LPRD	-0.0187124688973468	0.158734334912429	151	151	0.906317186698182	0.956176011632872
K11161	group	LPRD	0.0202903402223725	0.17250502183157	151	18	0.906525787918983	0.956176011632872
K13588	group	LPRD	0.0707369756826871	0.601274493564804	151	139	0.906507336218311	0.956176011632872
K18277	group	LPRD	-0.0483393640207278	0.411955369764802	151	86	0.906747650374345	0.956266139480091
K07289	group	LPRD	0.045994381460315203	0.393192923606365	151	151	0.907036102540489	0.956426455897838
K02335	group	LPRD	0.00192456539023064	0.0165077846911189	151	151	0.907345662260033	0.956608977657216
K00306	group	LPRD	0.0504162606793401	0.439839553623648	151	56	0.908897308121553	0.957591646281988
K00926	group	LPRD	0.0119007517314631	0.103546410035448	151	151	0.908654096299174	0.957591646281988
K01768	group	LPRD	0.0250636220739739	0.218801248515194	151	151	0.908956249675867	0.957591646281988
K14728	group	LPRD	-0.037398571077728	0.325505879386012	151	66	0.908684072858961	0.957591646281988
K18967	group	LPRD	0.0593460329581048	0.518106676815513	151	145	0.908960743845984	0.957591646281988
K03070	group	LPRD	0.00189728462449784	0.0166338045577037	151	151	0.909342214793241	0.957705667923771
K19551	group	LPRD	0.0386419555244386	0.338656281658968	151	40	0.909309148558819	0.957705667923771
K07119	group	LPRD	0.0495689166559988	0.435263441377232	151	151	0.909484194065462	0.957711311461453
K07746	group	LPRD	-0.0614295565839468	0.545109389265353	151	145	0.910426298050657	0.958559379593738
K01132	group	LPRD	-0.0295764290051404	0.264264247276624	151	33	0.911037546993845	0.958715666133905
K01992	group	LPRD	0.00572022912519626	0.0510557362741005	151	151	0.910943347693945	0.958715666133905
K11386	group	LPRD	0.0402958843278757	0.359676790027434	151	69	0.910947554869653	0.958715666133905
K16327	group	LPRD	0.0350720476910955	0.313665672924724	151	43	0.91112179283653	0.958715666133905
K03196	group	LPRD	-0.018464049730482	0.166694560848791	151	151	0.911951157533018	0.959156431253782
K07675	group	LPRD	-0.0663129683558255	0.597975268342394	151	135	0.911848183151485	0.959156431253782
K16319	group	LPRD	-0.0595848215737519	0.536886624514736	151	79	0.911779871219937	0.959156431253782
K01555	group	LPRD	0.0353853098438055	0.323380392581122	151	150	0.913014083592973	0.959986309582532
K04066	group	LPRD	-0.00193679653616304	0.0176769372788899	151	151	0.912900768508964	0.959986309582532
K01867	group	LPRD	0.00187871722013423	0.0172373862403855	151	151	0.913356398372678	0.960202212446381
K03579	group	LPRD	0.0275279173606078	0.253464712947243	151	151	0.913660718992689	0.960234128956334
K16167	group	LPRD	0.0872836937690982	0.803633635107215	151	113	0.913656924555009	0.960234128956334
K02597	group	LPRD	-0.0832389587424872	0.77160709108746794	151	97	0.914238081119349	0.960696889318938
K12152	group	LPRD	-0.057485295890041	0.538861637293347	151	137	0.915187030388391	0.96154992251538
K02002	group	LPRD	-0.0313975116060463	0.295190212026773	151	151	0.915436892980812	0.961632881785086
K06880	group	LPRD	0.0159844349742744	0.150465761237186	151	151	0.915540349933475	0.961632881785086
K00387	group	LPRD	0.0515534880733116	0.488902076711884	151	73	0.91616257202557	0.961664850749649
K02277	group	LPRD	-0.0829899985651369	0.786118557889355	151	121	0.916066059779922	0.961664850749649
K03524	group	LPRD	0.0064982592092434	0.0620466607462765	151	151	0.916729468824552	0.961664850749649
K05991	group	LPRD	-0.0382011678974444	0.365086636848765	151	41	0.916805449009972	0.961664850749649
K08093	group	LPRD	0.0235392489323247	0.223880375595223	151	151	0.916404475395197	0.961664850749649
K08476	group	LPRD	-0.0535963191790144	0.509904379652131	151	76	0.916429469710702	0.961664850749649
K15230	group	LPRD	-0.0541918271005535	0.514724534790867	151	77	0.916292722586727	0.961664850749649
K15231	group	LPRD	-0.0541918271005535	0.514724534790867	151	77	0.916292722586727	0.961664850749649
K19246	group	LPRD	-0.0421678814470785	0.402225056334787	151	69	0.916646511284331	0.961664850749649
K05296	group	LPRD	0.0465672239477334	0.447917327432721	151	81	0.917337818272991	0.962079309708807
K03649	group	LPRD	0.0483687473078514	0.466571433539018	151	149	0.917571853234732	0.962168166063821
K10811	group	LPRD	-0.031799399817608	0.3072095928636	151	30	0.917697055392683	0.962168166063821
K11694	group	LPRD	-0.0599178431106844	0.580472421437783	151	106	0.917925143129189	0.962238845550547
K18337	group	LPRD	0.0404422136617131	0.392342529996295	151	66	0.91803900128988	0.962238845550547
K00693	group	LPRD	-0.0614022438435432	0.596767962792954	151	80	0.918187575551305	0.962250695861063
K00117	group	LPRD	0.0678061246208464	0.666845848078443	151	142	0.91914590949581	0.962494624679683
K00673	group	LPRD	0.0663384350532781	0.65143895692165	151	140	0.919025593870232	0.962494624679683
K03086	group	LPRD	-0.00627107809865737	0.0613447620813334	151	151	0.918714110589073	0.962494624679683
K07605	group	LPRD	-0.015213942821507	0.149060446383834	151	16	0.918841839016466	0.962494624679683
K12658	group	LPRD	-0.050280234951913	0.49593557726585	151	143	0.919381456042106	0.962494624679683
K16557	group	LPRD	0.0564848272916811	0.553782763213815	151	80	0.918895265375401	0.962494624679683
K18354	group	LPRD	-0.0287682162132382	0.283659261932138	151	41	0.919354825486874	0.962494624679683
K16694	group	LPRD	-0.0386357773286918	0.382247471318334	151	55	0.919626569275707	0.962607473588578
K09748	group	LPRD	0.0016737225383433	0.016835417588891	151	151	0.920941013740214	0.96366899801004
K09836	group	LPRD	-0.0513999202431199	0.51775120984703	151	79	0.921053107941122	0.96366899801004
K14669	group	LPRD	-0.03908299215789	0.392689596309945	151	54	0.920854087175883	0.96366899801004
K01883	group	LPRD	-0.00173176774776119	0.0175644447484427	151	151	0.921592296913074	0.96397475301208
K11690	group	LPRD	-0.013851912655604	0.140543431841667	151	151	0.921620370140793	0.96397475301208
K13639	group	LPRD	-0.0602700355810286	0.614004245794575	151	142	0.9219379724533	0.964163089198513
K11940	group	LPRD	0.0575028980994259	0.5870424950485	151	144	0.922100821352859	0.964189552160433
K13633	group	LPRD	-0.0518972595484375	0.531409938694851	151	126	0.922333877503109	0.964289408097956
K11987	group	LPRD	0.0402478482120983	0.413297465906097	151	55	0.92255369000521	0.964375390238074
K03701	group	LPRD	-0.0041261463069181	0.0425317330966905	151	151	0.92284615598311	0.964537282457373
K02495	group	LPRD	0.00213425988736635	0.0221969599852347	151	151	0.923529848491905	0.964564380680659
K06443	group	LPRD	0.0699015235366499	0.726412217796336	151	124	0.923468440219875	0.964564380680659
K07716	group	LPRD	-0.0612134195389451	0.636492978795071	151	136	0.923512429951804	0.964564380680659
K09938	group	LPRD	-0.0671010070410905	0.698147946262381	151	122	0.923560074626046	0.964564380680659
K09984	group	LPRD	-0.0634905045621205	0.65847636891862	151	118	0.923316317928943	0.964564380680659
K15019	group	LPRD	-0.0374964940366832	0.391527500255467	151	53	0.923832120762805	0.964570894850279
K16786	group	LPRD	-0.0104203463848671	0.109003772562995	151	151	0.923969732852332	0.964570894850279
K18856	group	LPRD	0.0273493010788729	0.286127325225053	151	146	0.923979109688962	0.964570894850279
K01246	group	LPRD	0.00596819363528473	0.0628114460591645	151	151	0.924428502309081	0.964896337282111
K01469	group	LPRD	-0.0494176881926679	0.525819610110111	151	139	0.925249551271405	0.965609551051444
K01692	group	LPRD	0.0417769577009707	0.445764774974821	151	151	0.925457696836947	0.965683009054331
K00493	group	LPRD	0.0472705753084864	0.507418373568597	151	89	0.925902412266697	0.965715802706375
K01911	group	LPRD	0.00741330693734608	0.0795566278480506	151	151	0.925883540820594	0.965715802706375
K03046	group	LPRD	-0.00162601831130322	0.0174121131560539	151	151	0.925723699868543	0.965715802706375
K00087	group	LPRD	0.0189473878059881	0.205135899068591	151	151	0.926532076392002	0.965750094932816
K00486	group	LPRD	0.0696939950965509	0.751965010208228	151	110	0.926280302753603	0.965750094932816
K02281	group	LPRD	0.0504458765051009	0.547492228919608	151	138	0.926710657167983	0.965750094932816
K03593	group	LPRD	0.00289865130456165	0.0312339180533728	151	151	0.926183461620028	0.965750094932816
K12343	group	LPRD	0.0275053032546184	0.297845608706138	151	151	0.926545981073946	0.965750094932816
K17203	group	LPRD	0.0382454895239249	0.415371896920115	151	142	0.926761895665201	0.965750094932816
K00858	group	LPRD	-0.00152246575057949	0.0168598098397774	151	151	0.928168921686999	0.967058815325648
K03555	group	LPRD	-0.00166446422171432	0.0184861258735904	151	151	0.928377490127373	0.967058815325648
K05586	group	LPRD	0.0296671029570891	0.330381861087749	151	51	0.928569598567324	0.967058815325648
K05588	group	LPRD	0.0296671029570891	0.330381861087749	151	51	0.928569598567324	0.967058815325648
K15922	group	LPRD	0.0654468258743019	0.734219755064233	151	79	0.929091998314571	0.967459136688226
K01428	group	LPRD	-0.0230747203093868	0.262594310136667	151	151	0.930096299509464	0.967650466489247
K01933	group	LPRD	0.00157506500258784	0.0178579768888057	151	151	0.929836529606533	0.967650466489247
K03558	group	LPRD	-0.00947828149525856	0.108130977606488	151	151	0.930268136266505	0.967650466489247
K03924	group	LPRD	0.0071695845682748	0.0813482844918333	151	151	0.929888176092204	0.967650466489247
K05800	group	LPRD	0.0433564398757694	0.49939068900288	151	149	0.930932203424177	0.967650466489247
K06881	group	LPRD	-0.00821842686700734	0.0939581265689393	151	151	0.930416138903858	0.967650466489247
K07026	group	LPRD	0.0663271397494338	0.758696102144847	151	110	0.930453034432957	0.967650466489247
K07309	group	LPRD	0.0274692764067794	0.315874629380151	151	146	0.930818004970777	0.967650466489247
K07577	group	LPRD	-0.0477062129418815	0.541105173864829	151	148	0.929864395697461	0.967650466489247
K10713	group	LPRD	0.0538504953957851	0.611609530224115	151	90	0.929957401451213	0.967650466489247
K16263	group	LPRD	-0.0536400291538702	0.615353795346312	151	129	0.930653889410927	0.967650466489247
K17202	group	LPRD	-0.0363810281267756	0.417550899809779	151	140	0.930685509401727	0.967650466489247
K01338	group	LPRD	-0.00260251303353687	0.0302036454734565	151	151	0.93145051412035	0.967717961193134
K01493	group	LPRD	-0.0082720188649182	0.0961404222784749	151	151	0.931549329833276	0.967717961193134
K08175	group	LPRD	-0.00967736732670958	0.112143645315778	151	16	0.931348253221338	0.967717961193134
K11385	group	LPRD	-0.0270517615254801	0.313729436158147	151	61	0.931402202787297	0.967717961193134
K01972	group	LPRD	0.00144828374802243	0.0169832336530885	151	151	0.932155443024065	0.968060689718325
K19270	group	LPRD	-0.0423907988192244	0.496145929975769	151	145	0.932026148073672	0.968060689718325
K01067	group	LPRD	-0.0405327703617521	0.480433704850011	151	92	0.93287785920834	0.968093825766168
K05929	group	LPRD	0.0129839239013002	0.152651524132802	151	16	0.932331071650931	0.968093825766168
K13979	group	LPRD	0.0258048823526163	0.305538888491918	151	151	0.932806500052692	0.968093825766168
K14188	group	LPRD	0.0140828508900392	0.166385566409356	151	151	0.932661326971011	0.968093825766168
K15125	group	LPRD	0.0118011865446272	0.139520367607623	151	151	0.932705685343041	0.968093825766168
K03043	group	LPRD	-0.00148524886061721	0.0176761923236734	151	151	0.933149035602218	0.96823190342977306
K07584	group	LPRD	-0.00924704893573705	0.111492783308079	151	151	0.934011724954181	0.968866502145882
K12239	group	LPRD	-0.0226163018359876	0.272792470670077	151	18	0.934037064408255	0.968866502145882
K08692	group	LPRD	0.0514086708908329	0.625504164974878	151	92	0.934607856292334	0.969028408905378
K09991	group	LPRD	0.0496518564636336	0.603991061613028	151	140	0.934593010447673	0.969028408905378
K14067	group	LPRD	0.0514086708908329	0.625504164974878	151	92	0.934607856292334	0.969028408905378
K03596	group	LPRD	-0.00144606136769293	0.0176523827636446	151	151	0.934821253456289	0.969106327525671
K16264	group	LPRD	0.00918505684427761	0.112638542108324	151	151	0.935118348268181	0.969270977577991
K00456	group	LPRD	0.0424891606413578	0.526502403811055	151	62	0.935788202225111	0.969544398645552
K04477	group	LPRD	-0.0131279128812945	0.162249277262475	151	151	0.935620519795767	0.969544398645552
K11443	group	LPRD	0.0481383239785337	0.596586232360324	151	139	0.935797061517233	0.969544398645552
K10676	group	LPRD	0.033063907660772	0.412864242536062	151	55	0.936277741265033	0.969899064026583
K03703	group	LPRD	0.0014104596000083	0.0177177099981189	151	151	0.936656382816483	0.970004615680831
K07478	group	LPRD	-0.0014313768500015	0.0179561004086404	151	151	0.936570613869674	0.970004615680831
K00606	group	LPRD	-0.00377041280019362	0.0481451637024225	151	151	0.937683807873896	0.970175679892552
K01194	group	LPRD	-0.0304481243627207	0.389417059409734	151	148	0.937782627861929	0.970175679892552
K02049	group	LPRD	0.00793666161540812	0.101309275919139	151	151	0.93766197861917	0.970175679892552
K07213	group	LPRD	0.00702583049156681	0.0893303311984562	151	151	0.93741654268665	0.970175679892552
K07743	group	LPRD	-0.0472211009181949	0.604010664013262	151	79	0.937790357625097	0.970175679892552
K08344	group	LPRD	-0.0526271450629767	0.667375736810594	151	117	0.937252293939425	0.970175679892552
K15016	group	LPRD	0.0370888217194861	0.473552369926853	151	120	0.937678253367602	0.970175679892552
K16515	group	LPRD	0.043185666520923	0.554901077767794	151	106	0.938070970367685	0.970284402083856
K19711	group	LPRD	0.0257167673333898	0.330982323128011	151	60	0.938172279218884	0.970284402083856
K06941	group	LPRD	0.00132728425001118	0.0172310422904722	151	151	0.938704075810064	0.970626249216232
K18348	group	LPRD	0.0388160214630608	0.504540594626794	151	136	0.93877973889958	0.970626249216232
K01473	group	LPRD	0.0445336689153051	0.584794283133113	151	142	0.939399761673017	0.971124071571723
K01758	group	LPRD	-0.0382821551049966	0.51285784362275	151	148	0.940597474725932	0.971932237297875
K06307	group	LPRD	0.0361142719889799	0.48162613151244	151	139	0.940327991339554	0.971932237297875
K11708	group	LPRD	-0.0135846849882123	0.1816540026758	151	151	0.940487441096076	0.971932237297875
K07715	group	LPRD	-0.0563468249217597	0.778319134140411	151	129	0.942384232078881	0.973634998802205
K16371	group	LPRD	0.0118623324861141	0.165044532843433	151	151	0.942798944015443	0.973919923010353
K03444	group	LPRD	0.0380067104210145	0.531458762460266	151	143	0.943084630334927	0.974071498253696
K00133	group	LPRD	-0.00116522622008094	0.0165508280218627	151	151	0.943967389646491	0.974238702199851
K01053	group	LPRD	0.0368301334528376	0.521990034848198	151	146	0.943844819248685	0.974238702199851
K01736	group	LPRD	-0.00126271959590664	0.017794591707745	151	151	0.943524058272125	0.974238702199851
K01907	group	LPRD	0.0386476036374366	0.545348332739181	151	149	0.94359804842502	0.974238702199851
K03739	group	LPRD	0.0116160099252374	0.165327308914627	151	151	0.944080385740882	0.974238702199851
K12097	group	LPRD	0.0197680360845148	0.279353828256339	151	20	0.943680923573885	0.974238702199851
K13529	group	LPRD	0.0426350044266013	0.608342875768428	151	145	0.944220902594616	0.974240289547874
K10297	group	LPRD	-0.0163695130915034	0.234381989998445	151	52	0.94441372222619	0.974295834114141
K12535	group	LPRD	-0.0137758443322712	0.19880338259644	151	16	0.944848659630873	0.974601104180756
K00480	group	LPRD	0.0367349832002916	0.533280774708441	151	143	0.9451736104089	0.974649457041246
K18313	group	LPRD	-0.0272990765665573	0.395570331982125	151	103	0.945072643468995	0.974649457041246
K03313	group	LPRD	-0.00420264241372865	0.0612467736482717	151	151	0.945385542608879	0.974724614456279
K01588	group	LPRD	-0.00120080660642	0.0175711540396052	151	151	0.945606881304328	0.974792858430858
K06140	group	LPRD	-0.0350988463172452	0.514759671401816	151	151	0.945729847387769	0.974792858430858
K07795	group	LPRD	-0.0210117361023131	0.309790889025637	151	150	0.946015439225488	0.97481827393679
K16511	group	LPRD	0.00893238491629465	0.131738478474162	151	151	0.946032627331239	0.97481827393679
K01000	group	LPRD	-0.00117830405832232	0.0176438114283744	151	151	0.946844101609245	0.975081115363715
K01939	group	LPRD	-0.00115079386864811	0.0172274095047173	151	151	0.946830339133302	0.975081115363715
K06351	group	LPRD	0.0442007444200309	0.660420653937362	151	124	0.946728611278351	0.975081115363715
K19046	group	LPRD	0.00985771168134388	0.147290448682583	151	151	0.946729518856088	0.975081115363715
K01904	group	LPRD	-0.0224815636606008	0.344160222543186	151	48	0.94800442537696	0.975250773179024
K02081	group	LPRD	0.0146496582256813	0.223534665275737	151	151	0.947834771018359	0.975250773179024
K03702	group	LPRD	-0.00114510697138243	0.0175696595073094	151	151	0.948121828704001	0.975250773179024
K06884	group	LPRD	-0.0396279596067479	0.601922113746887	151	135	0.947596890641917	0.975250773179024
K07156	group	LPRD	-0.0263181064707693	0.39748405126202	151	151	0.947298016587967	0.975250773179024
K07653	group	LPRD	0.0320284152414697	0.485584029410806	151	150	0.947499248398759	0.975250773179024
K09927	group	LPRD	0.0452050967138732	0.690252558473022	151	139	0.947871128705573	0.975250773179024
K15734	group	LPRD	0.0354031406732051	0.534265022525718	151	98	0.947255575135508	0.975250773179024
K06298	group	LPRD	0.0113021269064007	0.174705398521786	151	151	0.948505556936157	0.975502340686981
K14257	group	LPRD	0.0277268993234328	0.429836520914071	151	72	0.948654041926632	0.975511931040882
K12574	group	LPRD	0.00595524348923385	0.0928400755182277	151	151	0.948940602678181	0.975663482659732
K03740	group	LPRD	0.0106087338794705	0.165940185947581	151	151	0.94911079968537	0.975695366739177
K02033	group	LPRD	0.00563622606696054	0.0890807377001708	151	151	0.94963551961164006	0.976091641125747
K17243	group	LPRD	0.0304777595849103	0.488679061153774	151	135	0.950353649146199	0.976686568027394
K00367	group	LPRD	0.0317169979560089	0.512866545417681	151	127	0.950771060842554	0.976861701863941
K02636	group	LPRD	-0.0332522927540302	0.538039356580193	151	126	0.950802766307798	0.976861701863941
K19156	group	LPRD	-0.03204342235073	0.532625419940809	151	75	0.952107807686916	0.978059163523635
K06447	group	LPRD	0.0372298843722217	0.620966104945372	151	140	0.952271991644146	0.978084492516551
K16653	group	LPRD	0.0302302169004332	0.515015400911281	151	143	0.953271544124795	0.978967700602814
K18383	group	LPRD	0.0350171122466329	0.59840702645552	151	89	0.953415057050875	0.978971663970505
K10194	group	LPRD	-0.00938578543862286	0.161100671292479	151	151	0.953619291305736	0.979037966030054
K00430	group	LPRD	-0.00979706856867444	0.172177365855004	151	16	0.954700271531846	0.979287226139631
K03608	group	LPRD	-0.00678929697430353	0.117776789368448	151	151	0.954108273754058	0.979287226139631
K05886	group	LPRD	-0.0359978794410245	0.627243374485645	151	98	0.954310935012713	0.979287226139631
K07671	group	LPRD	0.0289363357716005	0.508212462013465	151	69	0.954671282340652	0.979287226139631
K13837	group	LPRD	-0.00979706856867444	0.172177365855004	151	16	0.954700271531846	0.979287226139631
K14152	group	LPRD	0.0138145533707228	0.24239278619819	151	26	0.95462758350354	0.979287226139631
K12304	group	LPRD	0.00814172357938326	0.144250353270134	151	18	0.95506561820273	0.979375363312045
K19777	group	LPRD	0.0294112209653896	0.520343724599757	151	93	0.95500115478985	0.979375363312045
K03706	group	LPRD	-0.0068252844597787	0.121936394198093	151	151	0.955437398254807	0.979470044130769
K14956	group	LPRD	0.0207911360459895	0.371242888114465	151	101	0.955413542946282	0.979470044130769
K01744	group	LPRD	-0.00288903743023144	0.052219722328108203	151	151	0.955953946054221	0.979525070437627
K06179	group	LPRD	0.0048641331442002	0.0874154861920193	151	151	0.955700085008137	0.979525070437627
K12405	group	LPRD	-0.0219012974785568	0.396734874271408	151	52	0.956050004555527	0.979525070437627
K19746	group	LPRD	-0.0335871448353686	0.605077549916715	151	137	0.955807460736406	0.979525070437627
K00962	group	LPRD	-9.6912701877194e-4	0.0176911263212285	151	151	0.956386797413734	0.979525200140718
K03763	group	LPRD	-0.00624616912046623	0.114469329039804	151	151	0.956557074094826	0.979525200140718
K11329	group	LPRD	0.0223916927643672	0.40988299760864	151	130	0.956506837617992	0.979525200140718
K15383	group	LPRD	-0.0143946556627191	0.264117526049589	151	151	0.956609061364245	0.979525200140718
K02205	group	LPRD	0.0167337138345372	0.310554000767875	151	51	0.957100219565782	0.979598852263999
K10773	group	LPRD	8.8619452657929e-4	0.0164263398702028	151	151	0.957047583786778	0.979598852263999
K16321	group	LPRD	0.0126180948942938	0.233310226882414	151	49	0.956941558687638	0.979598852263999
K00466	group	LPRD	-0.0388151698126302	0.72419802636828	151	91	0.957327680253704	0.979688618770578
K02968	group	LPRD	-0.00100445015324072	0.0189385647101175	151	151	0.957773238333511	0.97996877466873
K04780	group	LPRD	-0.0236739978109487	0.449000262857121	151	67	0.958020829216092	0.97996877466873
K09760	group	LPRD	-0.00176917310216714	0.0334605291869154	151	151	0.957903572930831	0.97996877466873
K01720	group	LPRD	-0.0223668208786466	0.438197034702414	151	147	0.959359747663779	0.980051272387509
K02014	group	LPRD	0.00275048216963893	0.0528187683105338	151	151	0.958539513882124	0.980051272387509
K03561	group	LPRD	-0.00217851441285763	0.0425092195213349	151	151	0.959196506531253	0.980051272387509
K04080	group	LPRD	0.0301383075135688	0.584772823162114	151	148	0.95896546222964	0.980051272387509
K06160	group	LPRD	0.0391342790280475	0.764901968733819	151	112	0.95926457627032	0.980051272387509
K09939	group	LPRD	0.0133577322911287	0.256669854012829	151	151	0.958564561804736	0.980051272387509
K13547	group	LPRD	-0.0149805917787609	0.290152981835132	151	36	0.958892685009826	0.980051272387509
K13574	group	LPRD	-0.0363955015995064	0.712855783469118	151	108	0.959349349007538	0.980051272387509
K19176	group	LPRD	0.0191032507418908	0.368187001945336	151	63	0.958690105811544	0.980051272387509
K14007	group	LPRD	-0.0118409964321194	0.233484096287525	151	48	0.95962105652215	0.980175376106698
K00850	group	LPRD	-0.00336063703767549	0.0666718602479708	151	151	0.959866658933694	0.980251475417994
K03650	group	LPRD	0.00104585519387452	0.0208781143632472	151	151	0.960115068504986	0.980251475417994
K09826	group	LPRD	-0.0303952628825598	0.606757237027713	151	136	0.960114090917042	0.980251475417994
K11898	group	LPRD	0.0339289507132913	0.680465503817934	151	93	0.960299628607321	0.980297130702974
K01484	group	LPRD	-0.0308144483470551	0.632369190611681	151	140	0.961200861354161	0.980905200606472
K06960	group	LPRD	0.00487442606187454	0.100327783873587	151	151	0.961315082477384	0.980905200606472
K16566	group	LPRD	0.0277889816154116	0.567900239341315	151	81	0.961038334259127	0.980905200606472
K07097	group	LPRD	-0.0112627158646083	0.235749887840167	151	151	0.961960330663085	0.981420741951423
K11528	group	LPRD	-0.0147264653567181	0.309699481590544	151	42	0.962137900584898	0.981459063314921
K03569	group	LPRD	-0.00172911347048616	0.0366959935410016	151	151	0.962480722672102	0.98166591967575
K08566	group	LPRD	0.0116739911790172	0.249361737229612	151	53	0.962722974517135	0.981770155857596
K09818	group	LPRD	-0.00841652646214162	0.187678866847223	151	151	0.964290614218145	0.983225775370065
K16881	group	LPRD	0.0175425368388338	0.395405677549917	151	149	0.964672128529707	0.98347173080181
K03282	group	LPRD	0.00105641451991425	0.0239241092249504	151	151	0.964838458332166	0.983498268563107
K07386	group	LPRD	0.00481436869359787	0.110752504966592	151	151	0.965385385505744	0.983912700261016
K00500	group	LPRD	-0.0247919361252532	0.587987062202588	151	150	0.96642434225876	0.98452047454092
K01457	group	LPRD	0.0265058092387938	0.62479328756131	151	134	0.966218030108888	0.98452047454092
K02863	group	LPRD	7.8577467014451e-4	0.0187025247500119	151	151	0.966543495833183	0.98452047454092
K06350	group	LPRD	-0.0300259015927786	0.711748641162033	151	122	0.966406818998145	0.98452047454092
K03218	group	LPRD	0.0023996605549502	0.0579751930964898	151	151	0.967039471341172	0.98478862361172
K19127	group	LPRD	0.0182730838545385	0.442120591652474	151	91	0.967087715398442	0.98478862361172
K00058	group	LPRD	-0.00255596493475141	0.0639200036385572	151	151	0.968157072703272	0.985024330677331
K00172	group	LPRD	0.00724020946492714	0.179971397534553	151	151	0.967963791800192	0.985024330677331
K03590	group	LPRD	-0.00119131164517819	0.0295514790351856	151	151	0.967897478766423	0.985024330677331
K06974	group	LPRD	0.0162952831942482	0.40758198925618	151	79	0.968162287926792	0.985024330677331
K15408	group	LPRD	0.0233388409993944	0.57718280932019	151	123	0.967799830882018	0.985024330677331
K15836	group	LPRD	0.0249021499756183	0.622752118668796	151	120	0.96815681400106	0.985024330677331
K14743	group	LPRD	0.0186752388044722	0.480142277211507	151	143	0.969025994243881	0.98561697905537
K18372	group	LPRD	-0.0112775998326373	0.289120301825627	151	30	0.968937341776487	0.98561697905537
K03391	group	LPRD	0.0146985183043127	0.390286675684364	151	53	0.970008521482143	0.986221095490904
K07068	group	LPRD	0.0237437843088662	0.627243515827062	151	136	0.969854621746037	0.986221095490904
K10202	group	LPRD	-0.00711479857131329	0.189129004186905	151	151	0.970042004766017	0.986221095490904
K01565	group	LPRD	0.0106358125324568	0.285812135982948	151	46	0.970365302630182	0.9864067243964
K10156	group	LPRD	-0.0148582010642669	0.405790870867431	151	21	0.970840662068571	0.98653035940251
K10191	group	LPRD	-0.0200526262225936	0.548944701549215	151	94	0.970909122613112	0.98653035940251
K12645	group	LPRD	-0.0148582010642669	0.405790870867431	151	21	0.970840662068571	0.98653035940251
K02687	group	LPRD	-6.8263692554663e-4	0.0189197976614825	151	151	0.971266414513873	0.986750371846703
K00270	group	LPRD	-0.019941889916325	0.575876323130018	151	46	0.97242210564525	0.98708522332539
K05564	group	LPRD	0.012840788787977	0.372046352401757	151	150	0.972513512676312	0.98708522332539
K05605	group	LPRD	0.0132205036528946	0.377536272883802	151	44	0.972112386271254	0.98708522332539
K05711	group	LPRD	0.00816148335912125	0.236821069424189	151	21	0.972554344368015	0.98708522332539
K08252	group	LPRD	0.0191853744881212	0.540932143964204	151	107	0.97175463303223	0.98708522332539
K16079	group	LPRD	-0.0228351590452516	0.66326695086161	151	128	0.972581688660267	0.98708522332539
K16785	group	LPRD	-0.0035727789583655	0.102145432865975	151	151	0.972144597444466	0.98708522332539
K02316	group	LPRD	5.9247384825405e-4	0.0179403057596706	151	151	0.973699060436807	0.988049515912886
K11609	group	LPRD	0.0104105739893126	0.31833036863326297	151	62	0.973954658339236	0.988049515912886
K17228	group	LPRD	0.0200760819130663	0.612888602876134	151	130	0.973912610792728	0.988049515912886
K19148	group	LPRD	0.00786559014461156	0.241951871869158	151	32	0.974109722362664	0.988063833564213
K03217	group	LPRD	5.2157674149236e-4	0.0162041472673723	151	151	0.974365318259954	0.988180104311672
K00560	group	LPRD	-8.4547788447988e-4	0.0273240589076435	151	151	0.975356711502502	0.988613439507308
K01569	group	LPRD	-0.0180463680399439	0.582303860196132	151	94	0.975317932056793	0.988613439507308
K03943	group	LPRD	0.0141759075303973	0.454537759223249	151	78	0.975161725715735	0.988613439507308
K13419	group	LPRD	-0.0103965915797643	0.331341055034867	151	39	0.975010625754468	0.988613439507308
K07167	group	LPRD	0.0203317133491627	0.663460997968177	151	126	0.975593722862049	0.988710712341038
K00612	group	LPRD	-0.0177741959498985	0.58423935674475	151	146	0.975770575404517	0.988746998205502
K00273	group	LPRD	-0.01648893375843	0.545555712112934	151	106	0.975928769572793	0.988764369808539
K03210	group	LPRD	5.0385875810416e-4	0.0169687576178136	151	151	0.976351374322136	0.989049585837886
K03188	group	LPRD	0.00754564687951931	0.260028942683926	151	151	0.976888676566686	0.989450891884478
K18989	group	LPRD	0.0176985835572143	0.613764118647244	151	104	0.9770338703645	0.989454988623974
K04962	group	LPRD	-0.0123325404966729	0.433196213647153	151	79	0.977326413133275	0.989564396269526
K16567	group	LPRD	-0.0155156345379075	0.547368605218773	151	82	0.977424233918716	0.989564396269526
K01869	group	LPRD	0.00108055369908584	0.0384009827211396	151	151	0.977589182039986	0.989588471639033
K00304	group	LPRD	0.0183171230078735	0.677688050245452	151	134	0.97847289707164	0.989768399490937
K06346	group	LPRD	-0.00279689986660609	0.103166529765675	151	151	0.978407848100197	0.989768399490937
K12507	group	LPRD	-0.0106597792514647	0.384915774124189	151	146	0.977943428610638	0.989768399490937
K16168	group	LPRD	0.0195330204394388	0.717342988973866	151	113	0.978312978717946	0.989768399490937
K18009	group	LPRD	-0.015357952843583	0.560150481549268	151	117	0.9781633895199	0.989768399490937
K05985	group	LPRD	-0.00302729288927551	0.113308832913243	151	151	0.978721057153792	0.989876585001887
K11707	group	LPRD	0.00468418417192215	0.177450650435149	151	151	0.97897592103971	0.98999151853554
K06601	group	LPRD	0.0161302169139434	0.622353794436136	151	138	0.979357356889021	0.990091588086536
K06602	group	LPRD	0.0157052302334054	0.60498476765739	151	138	0.979324208301215	0.990091588086536
K01474	group	LPRD	-0.0147340725832161	0.581073467530639	151	142	0.97980442163179	0.990400720351672
K15538	group	LPRD	-0.0119092091103242	0.486213950752489	151	79	0.980491531571589	0.990819131109578
K18990	group	LPRD	0.0150402809050869	0.61434493485519	151	104	0.980501043153658	0.990819131109578
K17662	group	LPRD	0.0142471679154401	0.604500690553904	151	138	0.981228341201921	0.991411166305198
K18456	group	LPRD	-0.0173894090859094	0.745749688525649	151	113	0.9814277932572	0.991469783936154
K00467	group	LPRD	-0.0139329448829509	0.606027463986423	151	84	0.981688518454781	0.991590275845535
K09957	group	LPRD	-0.0119277314590521	0.522979812389754	151	122	0.981834539563646	0.991594888681913
K13589	group	LPRD	-0.0128467092246891	0.567893988952952	151	138	0.981982326231944	0.991601283043204
K16856	group	LPRD	-0.0121478374407323	0.555977809035918	151	93	0.982597240731071	0.992079311180298
K12600	group	LPRD	-0.00786997467538335	0.363956407771504	151	77	0.98277729828856	0.992118211549943
K07303	group	LPRD	0.0139554757414808	0.657467999624525	151	144	0.983093699582261	0.992294720528676
K02034	group	LPRD	-0.00179693257579755	0.0884871445410674	151	151	0.983825422798719	0.992747403745361
K06207	group	LPRD	-3.6125678682391e-4	0.0177157215451879	151	151	0.983758046810659	0.992747403745361
K01783	group	LPRD	-3.5429902230856e-4	0.0176120887316077	151	151	0.983977105022543	0.992757557024759
K03189	group	LPRD	0.00509653391919925	0.258243069070577	151	151	0.984280843093445	0.992867051259102
K19129	group	LPRD	-0.00875905569180184	0.44632492039223	151	91	0.984368902460878	0.992867051259102
K01733	group	LPRD	9.4586815710877e-4	0.0488502240051505	151	151	0.984577736747498	0.992934820112208
K03470	group	LPRD	3.3320047690277e-4	0.0173796436460182	151	151	0.984729637421057	0.992945160863292
K01955	group	LPRD	6.9453655278509e-4	0.0376495941720371	151	151	0.985306630641074	0.993384076052629
K09945	group	LPRD	-0.0104338765219474	0.641140313670761	151	137	0.987037621630281	0.994843095273654
K18889	group	LPRD	-0.00908525105507527	0.553354879916435	151	131	0.986922493908603	0.994843095273654
K03187	group	LPRD	-0.00382158955496371	0.256907328292478	151	151	0.988151515363761	0.995457751481676
K09787	group	LPRD	-0.00167452072070658	0.111881106211544	151	151	0.988078556738937	0.995457751481676
K14660	group	LPRD	-0.00860811109072019	0.581823532999424	151	86	0.98821547682753	0.995457751481676
K17744	group	LPRD	0.00542680796321252	0.356563413143443	151	25	0.987877221188092	0.995457751481676
K03565	group	LPRD	-2.7135188726038e-4	0.0187523912577806	151	151	0.988474167121604	0.995501318834555
K19707	group	LPRD	-0.00927817025344995	0.645027561507354	151	106	0.988542750414742	0.995501318834555
K02619	group	LPRD	-0.00100858526307126	0.0735572117645518	151	151	0.989078430723378	0.99589770171946
K03748	group	LPRD	0.00136238965800577	0.104469304961003	151	151	0.989612485923237	0.996292334672108
K03700	group	LPRD	0.00166577730030188	0.129944605001031	151	151	0.989789239328756	0.996308637189611
K08225	group	LPRD	-0.00863467975489766	0.691582617763147	151	122	0.99005505943835	0.996308637189611
K13789	group	LPRD	-0.00117287055677845	0.0927506305855206	151	151	0.989927600423306	0.996308637189611
K06922	group	LPRD	0.00562968498532829	0.46025602057897	151	66	0.990257170577648	0.996368991782591
K00508	group	LPRD	0.00738116671326627	0.650110418531394	151	143	0.99095643050292	0.996468571909554
K01262	group	LPRD	5.404003565139e-4	0.0495626034481053	151	151	0.991315111685779	0.996468571909554
K01481	group	LPRD	0.00464036371846493	0.407082066920247	151	64	0.990920290198367	0.996468571909554
K02258	group	LPRD	-0.0056836188185921	0.552173016054902	151	151	0.99180114079141	0.996468571909554
K02948	group	LPRD	2.1050657714549e-4	0.0188726554548658	151	151	0.991115459374571	0.996468571909554
K04077	group	LPRD	-1.5855231230577e-4	0.0156298051782098	151	151	0.991919785276016	0.996468571909554
K07105	group	LPRD	0.00112996736588969	0.10955473769186	151	151	0.991784417318511	0.996468571909554
K18361	group	LPRD	0.00190037970212453	0.180705130509422	151	66	0.991623294907251	0.996468571909554
K18362	group	LPRD	0.00190037970212453	0.180705130509422	151	66	0.991623294907251	0.996468571909554
K18363	group	LPRD	0.00190037970212453	0.180705130509422	151	66	0.991623294907251	0.996468571909554
K19157	group	LPRD	0.00182537886004826	0.154895621248144	151	151	0.990613252381651	0.996468571909554
K01004	group	LPRD	0.00201248318557011	0.211188460057596	151	151	0.992409561863351	0.996535555018023
K02474	group	LPRD	0.00126834813694384	0.13315875687469	151	151	0.992412940025795	0.996535555018023
K03783	group	LPRD	-9.052933516193e-4	0.0927466485079071	151	151	0.992225086813251	0.996535555018023
K01572	group	LPRD	-7.3490687338789e-4	0.0825702483773178	151	151	0.992910520829841	0.996606923112426
K06917	group	LPRD	-0.00123228769487902	0.133182758864151	151	151	0.992629970071108	0.996606923112426
K13592	group	LPRD	0.00525001105974747	0.585564893635475	151	138	0.992858479055172	0.996606923112426
K15513	group	LPRD	-0.00544464248849771	0.629787161888829	151	98	0.993113770327151	0.996668221903125
K01406	group	LPRD	-0.00499219639126697	0.674810759277269	151	101	0.994107262971852	0.997284779155312
K09065	group	LPRD	-0.00569701407297083	0.781979897688323	151	95	0.994196911139517	0.997284779155312
K19594	group	LPRD	-0.00223957243501598	0.312812481875758	151	47	0.994297192798356	0.997284779155312
K19595	group	LPRD	-0.00223957243501598	0.312812481875758	151	47	0.994297192798356	0.997284779155312
K07447	group	LPRD	-1.2307521598799e-4	0.0177901960221893	151	151	0.994489414176437	0.997334877450189
K07336	group	LPRD	-0.00307555935073842	0.459600242591708	151	151	0.994669695922651	0.997372989331681
K01952	group	LPRD	-1.2435857471051e-4	0.0229941262392044	151	151	0.995692075551271	0.998112605407466
K04127	group	LPRD	-0.00282173517379606	0.51970990980539	151	97	0.995675215312498	0.998112605407466
K03197	group	LPRD	0.0012813132720793	0.247339920286521	151	151	0.99587360747927	0.998151842783769
K00305	group	LPRD	-0.00291819092531564	0.670072102605977	151	134	0.996531017025618	0.998667967026388
K01908	group	LPRD	0.00201366176537024	0.52674775961733	151	151	0.996954951972567	0.998709904118403
K11777	group	LPRD	0.00159356083488482	0.416414932661058	151	74	0.996951735345359	0.998709904118403
K19033	group	LPRD	-0.00255853896341656	0.679392201190724	151	95	0.997000272328186	0.998709904118403
K11710	group	LPRD	5.2600599546324e-4	0.179591831515924	151	151	0.997666999270184	0.999234985695669
K15512	group	LPRD	-0.0017073096483318	0.63907771093564	151	98	0.997872010461695	0.999297541905212
K17893	group	LPRD	0.00127043920258025	0.519882005381631	151	75	0.998053474709075	0.999336503029655
K07566	group	LPRD	-3.69794656996637e-5	0.0174169570120948	151	151	0.998308782715829	0.999449381153665
K03225	group	LPRD	0.00105123367305227	0.670387029261	151	114	0.998750935496419	0.999481344776646
K03897	group	LPRD	5.7480523274987e-4	0.725435267812384	151	106	0.999368848836975	0.999481344776646
K04103	group	LPRD	-8.5104159444095e-4	0.668571121166576	151	127	0.99898605490153	0.999481344776646
K07132	group	LPRD	1.4602926020854e-4	0.212005740411281	151	151	0.999451339600877	0.999481344776646
K07272	group	LPRD	1.1726617994381e-4	0.175973240832526	151	151	0.999469191953051	0.999481344776646
K07495	group	LPRD	-3.6361317551304e-4	0.558434459394113	151	62	0.999481344776646	0.999481344776646
K09972	group	LPRD	4.1918235351839e-4	0.501821620829178	151	149	0.999334627332154	0.999481344776646
K19424	group	LPRD	-3.1553079799308e-4	0.371063515981362	151	32	0.999322662948877	0.999481344776646
