feature	metadata	value	coef	stderr	N	N.not.0	pval	qval
K13051	group	IBS-D	-4.09409190245676	0.271960773402635	62	13	4.8468664066619005e-22	2.28578219738175e-18
K06989	group	IBS-D	-4.13482043631985	0.305797920524346	62	16	7.177155236322689e-20	1.69237320472489e-16
K05882	group	IBS-D	-4.51813795007156	0.368471350233069	62	11	5.46145849322075e-18	3.67946260771844e-15
K06605	group	IBS-D	-4.51813795007156	0.368471350233069	62	11	5.46145849322075e-18	3.67946260771844e-15
K07064	group	IBS-D	-4.51813795007156	0.368471350233069	62	11	5.46145849322075e-18	3.67946260771844e-15
K18351	group	IBS-D	-4.51813795007156	0.368471350233069	62	11	5.46145849322075e-18	3.67946260771844e-15
K18352	group	IBS-D	-4.51813795007156	0.368471350233069	62	11	5.46145849322075e-18	3.67946260771844e-15
K01458	group	IBS-D	-2.8344126541842	0.266066815326828	62	8	1.84561836298871e-15	1.08799202498184e-12
K01730	group	IBS-D	-2.39669146573275	0.237989635047379	62	11	1.63692915171292e-14	8.57750875497571e-12
K03275	group	IBS-D	-3.00366137886663	0.304736907680747	62	8	3.68299216094496e-14	1.7368991031016397e-11
K09702	group	IBS-D	-3.30926965667117	0.34084088063866	62	12	6.45626565415633e-14	2.7679771659092e-11
K00146	group	IBS-D	-3.02941918792191	0.33055713818188	62	9	5.22199821352639e-13	1.89438027499927e-10
K07675	group	IBS-D	-2.82766057027665	0.308212299943069	62	9	5.027942559515319e-13	1.89438027499927e-10
K09709	group	IBS-D	-2.92478098713263	0.321580487148844	62	8	6.8327552800694e-13	2.30166242148623e-10
K01457	group	IBS-D	-1.97161943605033	0.219460343900169	62	8	1.05041406101549e-12	3.16862649418395e-10
K05874	group	IBS-D	-3.49260804250101	0.389019811502132	62	9	1.07502171134316e-12	3.16862649418395e-10
K13598	group	IBS-D	-3.06853236357874	0.349840282301821	62	8	2.3992992343511e-12	6.11766979106934e-10
K13889	group	IBS-D	-2.56536277078797	0.293146007881545	62	9	2.5944316331930996e-12	6.11766979106934e-10
K13890	group	IBS-D	-2.56536277078797	0.293146007881545	62	9	2.5944316331930996e-12	6.11766979106934e-10
K13891	group	IBS-D	-2.56536277078797	0.293146007881545	62	9	2.5944316331930996e-12	6.11766979106934e-10
K13892	group	IBS-D	-2.57985115984369	0.295311791904834	62	9	2.75168494197655e-12	6.17949818398163e-10
K07711	group	IBS-D	-3.11157266103805	0.359290074245496	62	10	3.69520093903629e-12	7.57676853412832e-10
K07715	group	IBS-D	-3.11157266103805	0.359290074245496	62	10	3.69520093903629e-12	7.57676853412832e-10
K05875	group	IBS-D	-3.20142996558777	0.372570441063598	62	10	4.8082000740813195e-12	9.44811314556979e-10
K03516	group	IBS-D	-2.65872905642139	0.309833446750051	62	9	5.03204851791027e-12	9.49245632418593e-10
K13641	group	IBS-D	-3.12208079030445	0.373124242792026	62	11	1.16020496146972e-11	2.1044333070350704e-9
K15509	group	IBS-D	-2.96737625980221	0.356259623265585	62	12	1.3470732254145499e-11	2.3164509752917703e-9
K16055	group	IBS-D	-2.74875267656684	0.330222149397553	62	9	1.3753313678577099e-11	2.3164509752917703e-9
K18333	group	IBS-D	-3.2852110786391	0.397125168391863	62	11	1.68249737837242e-11	2.73608884013942e-9
K12973	group	IBS-D	-2.52661526469989	0.307433552907188	62	9	2.0796279622096498e-11	3.26917515659357e-9
K17837	group	IBS-D	-2.04215866138401	0.248865913591882	62	7	2.1845217803842897e-11	3.32329184396526e-9
K00007	group	IBS-D	-1.43784691118203	0.182711929534147	62	7	8.184278135124459e-11	4.37497052914472e-9
K00141	group	IBS-D	-1.66098703494193	0.207419777416492	62	8	4.75142824044571e-11	4.37497052914472e-9
K01003	group	IBS-D	3.6658785749659	0.468030290555639	62	51	9.46240445234857e-11	4.37497052914472e-9
K01545	group	IBS-D	3.6658785749659	0.468030290555639	62	51	9.46240445234857e-11	4.37497052914472e-9
K01795	group	IBS-D	3.6658785749659	0.468030290555639	62	51	9.46240445234857e-11	4.37497052914472e-9
K04058	group	IBS-D	3.6658785749659	0.468030290555639	62	51	9.46240445234857e-11	4.37497052914472e-9
K05599	group	IBS-D	3.6658785749659	0.468030290555639	62	51	9.46240445234857e-11	4.37497052914472e-9
K05600	group	IBS-D	3.6658785749659	0.468030290555639	62	51	9.46240445234857e-11	4.37497052914472e-9
K06135	group	IBS-D	3.6658785749659	0.468030290555639	62	51	9.46240445234857e-11	4.37497052914472e-9
K06598	group	IBS-D	3.6658785749659	0.468030290555639	62	51	9.46240445234857e-11	4.37497052914472e-9
K06600	group	IBS-D	3.6658785749659	0.468030290555639	62	51	9.46240445234857e-11	4.37497052914472e-9
K06876	group	IBS-D	-2.30078358795601	0.292335204954358	62	7	8.155812688173769e-11	4.37497052914472e-9
K07051	group	IBS-D	3.6658785749659	0.468030290555639	62	51	9.46240445234857e-11	4.37497052914472e-9
K08985	group	IBS-D	3.6658785749659	0.468030290555639	62	51	9.46240445234857e-11	4.37497052914472e-9
K09938	group	IBS-D	3.6658785749659	0.468030290555639	62	51	9.46240445234857e-11	4.37497052914472e-9
K09992	group	IBS-D	-3.24172926860548	0.406402336657269	62	7	5.3709971385675795e-11	4.37497052914472e-9
K10253	group	IBS-D	3.6658785749659	0.468030290555639	62	51	9.46240445234857e-11	4.37497052914472e-9
K10941	group	IBS-D	3.6658785749659	0.468030290555639	62	51	9.46240445234857e-11	4.37497052914472e-9
K11311	group	IBS-D	3.6658785749659	0.468030290555639	62	51	9.46240445234857e-11	4.37497052914472e-9
K11383	group	IBS-D	3.6658785749659	0.468030290555639	62	51	9.46240445234857e-11	4.37497052914472e-9
K11384	group	IBS-D	3.6658785749659	0.468030290555639	62	51	9.46240445234857e-11	4.37497052914472e-9
K11731	group	IBS-D	3.6658785749659	0.468030290555639	62	51	9.46240445234857e-11	4.37497052914472e-9
K11912	group	IBS-D	3.6658785749659	0.468030290555639	62	51	9.46240445234857e-11	4.37497052914472e-9
K11914	group	IBS-D	3.6658785749659	0.468030290555639	62	51	9.46240445234857e-11	4.37497052914472e-9
K11916	group	IBS-D	3.6658785749659	0.468030290555639	62	51	9.46240445234857e-11	4.37497052914472e-9
K11937	group	IBS-D	3.6658785749659	0.468030290555639	62	51	9.46240445234857e-11	4.37497052914472e-9
K12253	group	IBS-D	3.6658785749659	0.468030290555639	62	51	9.46240445234857e-11	4.37497052914472e-9
K12536	group	IBS-D	3.6658785749659	0.468030290555639	62	51	9.46240445234857e-11	4.37497052914472e-9
K12537	group	IBS-D	3.6658785749659	0.468030290555639	62	51	9.46240445234857e-11	4.37497052914472e-9
K12538	group	IBS-D	3.6658785749659	0.468030290555639	62	51	9.46240445234857e-11	4.37497052914472e-9
K12988	group	IBS-D	3.6658785749659	0.468030290555639	62	51	9.46240445234857e-11	4.37497052914472e-9
K13007	group	IBS-D	3.6658785749659	0.468030290555639	62	51	9.46240445234857e-11	4.37497052914472e-9
K13701	group	IBS-D	3.6658785749659	0.468030290555639	62	51	9.46240445234857e-11	4.37497052914472e-9
K13774	group	IBS-D	3.6658785749659	0.468030290555639	62	51	9.46240445234857e-11	4.37497052914472e-9
K13777	group	IBS-D	3.6658785749659	0.468030290555639	62	51	9.46240445234857e-11	4.37497052914472e-9
K13778	group	IBS-D	3.6658785749659	0.468030290555639	62	51	9.46240445234857e-11	4.37497052914472e-9
K13779	group	IBS-D	3.6658785749659	0.468030290555639	62	51	9.46240445234857e-11	4.37497052914472e-9
K13875	group	IBS-D	-1.51555815188437	0.193034247759568	62	7	8.7925653681715e-11	4.37497052914472e-9
K14268	group	IBS-D	3.6658785749659	0.468030290555639	62	51	9.46240445234857e-11	4.37497052914472e-9
K14475	group	IBS-D	3.6658785749659	0.468030290555639	62	51	9.46240445234857e-11	4.37497052914472e-9
K15658	group	IBS-D	3.6658785749659	0.468030290555639	62	51	9.46240445234857e-11	4.37497052914472e-9
K15659	group	IBS-D	3.6658785749659	0.468030290555639	62	51	9.46240445234857e-11	4.37497052914472e-9
K15660	group	IBS-D	3.6658785749659	0.468030290555639	62	51	9.46240445234857e-11	4.37497052914472e-9
K16081	group	IBS-D	3.6658785749659	0.468030290555639	62	51	9.46240445234857e-11	4.37497052914472e-9
K16422	group	IBS-D	-1.57488333486868	0.199751800881541	62	7	7.72393463583692e-11	4.37497052914472e-9
K16638	group	IBS-D	3.6658785749659	0.468030290555639	62	51	9.46240445234857e-11	4.37497052914472e-9
K17060	group	IBS-D	3.6658785749659	0.468030290555639	62	51	9.46240445234857e-11	4.37497052914472e-9
K17061	group	IBS-D	3.6658785749659	0.468030290555639	62	51	9.46240445234857e-11	4.37497052914472e-9
K17205	group	IBS-D	3.6658785749659	0.468030290555639	62	51	9.46240445234857e-11	4.37497052914472e-9
K17207	group	IBS-D	3.6658785749659	0.468030290555639	62	51	9.46240445234857e-11	4.37497052914472e-9
K17229	group	IBS-D	3.6658785749659	0.468030290555639	62	51	9.46240445234857e-11	4.37497052914472e-9
K17623	group	IBS-D	3.6658785749659	0.468030290555639	62	51	9.46240445234857e-11	4.37497052914472e-9
K17680	group	IBS-D	-2.59052771938883	0.325749483211426	62	15	5.9052296858291e-11	4.37497052914472e-9
K18072	group	IBS-D	3.6658785749659	0.468030290555639	62	51	9.46240445234857e-11	4.37497052914472e-9
K18073	group	IBS-D	3.6658785749659	0.468030290555639	62	51	9.46240445234857e-11	4.37497052914472e-9
K18093	group	IBS-D	3.6658785749659	0.468030290555639	62	51	9.46240445234864e-11	4.37497052914472e-9
K18291	group	IBS-D	3.6658785749659	0.468030290555639	62	51	9.46240445234857e-11	4.37497052914472e-9
K18297	group	IBS-D	4.01431999267026	0.506817066803537	62	53	6.693008914303549e-11	4.37497052914472e-9
K18457	group	IBS-D	3.6658785749659	0.468030290555639	62	51	9.46240445234857e-11	4.37497052914472e-9
K18540	group	IBS-D	3.6658785749659	0.468030290555639	62	51	9.46240445234857e-11	4.37497052914472e-9
K19113	group	IBS-D	3.6658785749659	0.468030290555639	62	51	9.46240445234857e-11	4.37497052914472e-9
K19290	group	IBS-D	3.6658785749659	0.468030290555639	62	51	9.46240445234857e-11	4.37497052914472e-9
K19291	group	IBS-D	3.6658785749659	0.468030290555639	62	51	9.46240445234857e-11	4.37497052914472e-9
K19292	group	IBS-D	3.6658785749659	0.468030290555639	62	51	9.46240445234857e-11	4.37497052914472e-9
K19293	group	IBS-D	3.6658785749659	0.468030290555639	62	51	9.46240445234857e-11	4.37497052914472e-9
K19295	group	IBS-D	3.6658785749659	0.468030290555639	62	51	9.46240445234857e-11	4.37497052914472e-9
K19296	group	IBS-D	3.6658785749659	0.468030290555639	62	51	9.46240445234857e-11	4.37497052914472e-9
K19591	group	IBS-D	3.6658785749659	0.468030290555639	62	51	9.46240445234857e-11	4.37497052914472e-9
K19609	group	IBS-D	3.6658785749659	0.468030290555639	62	51	9.46240445234857e-11	4.37497052914472e-9
K19610	group	IBS-D	3.6658785749659	0.468030290555639	62	51	9.46240445234857e-11	4.37497052914472e-9
K19736	group	IBS-D	3.6658785749659	0.468030290555639	62	51	9.46240445234857e-11	4.37497052914472e-9
K02442	group	IBS-D	3.67144600991196	0.46942256946453	62	51	9.895092518137619e-11	4.53060740927544e-9
K09978	group	IBS-D	-2.96543059255097	0.379364649053074	62	10	1.00662842670371e-10	4.55429317579038e-9
K11935	group	IBS-D	3.66780157092699	0.469329634114668	62	51	1.01399657221796e-10	4.55429317579038e-9
K11941	group	IBS-D	-1.98087650520489	0.254276581364474	62	9	1.1175953202324901e-10	4.972244839826831e-9
K07746	group	IBS-D	-4.90063423070224	0.629316695522706	62	20	1.13091748253667e-10	4.98449238097471e-9
K02688	group	IBS-D	-2.11776493891106	0.272982083680565	62	7	1.26925889154845e-10	5.542430493094891e-9
K03970	group	IBS-D	-2.02782503353501	0.265205922943995	62	9	1.9694148819216003e-10	8.44341871194749e-9
K03974	group	IBS-D	-2.02782503353501	0.265205922943995	62	9	1.9694148819216003e-10	8.44341871194749e-9
K07136	group	IBS-D	-2.04121060820849	0.268509533503595	62	9	2.34377029097684e-10	9.9578564795016e-9
K01941	group	IBS-D	-1.77991755117193	0.23423390190763	62	8	2.37267451502852e-10	9.990654475780781e-9
K03829	group	IBS-D	-2.37479019615622	0.313781512523452	62	8	2.67628082972594e-10	1.11693277814049e-8
K18335	group	IBS-D	-1.8167323454878	0.240287122397186	62	7	2.75774493401888e-10	1.14083553586255e-8
K00055	group	IBS-D	-1.41737516701927	0.188407851075479	62	7	3.19961899196945e-10	1.3121220144459e-8
K15785	group	IBS-D	-2.17879748910479	0.290432208362178	62	7	3.47522336814582e-10	1.41285805208411e-8
K07241	group	IBS-D	-1.77097548102668	0.236241575282655	62	8	3.55062749292892e-10	1.43117600484212e-8
K11940	group	IBS-D	-2.33730611350379	0.313880893143456	62	9	4.32253028351045e-10	1.7275468489013e-8
K14987	group	IBS-D	-1.49465949054862	0.204679991843429	62	7	7.61927200685185e-10	3.01953670456414e-8
K03931	group	IBS-D	-3.57292233903293	0.490789072391176	62	18	8.32333551291787e-10	3.27107085657672e-8
K11527	group	IBS-D	-4.10253403575379	0.571798829707731	62	22	1.25872603054453e-9	4.90591071078347e-8
K10713	group	IBS-D	3.41802617573081	0.478595824145631	62	52	1.4331280959548302e-9	5.52199091933095e-8
K11443	group	IBS-D	-1.93851321872834	0.271480468986703	62	7	1.4402139166193902e-9	5.52199091933095e-8
K10942	group	IBS-D	3.42359361067686	0.479957455129849	62	52	1.4827617300448702e-9	5.63927767652548e-8
K17206	group	IBS-D	3.39663233721216	0.480569934417421	62	52	1.91575683847331e-9	7.2277674001921e-8
K02281	group	IBS-D	-1.80310236866469	0.25665575729766	62	7	2.2643111425923403e-9	8.47499313370275e-8
K00220	group	IBS-D	-1.81033745308716	0.259136964619036	62	7	2.6426505513778703e-9	8.77657746499862e-8
K06953	group	IBS-D	-1.81033745308716	0.259136964619036	62	7	2.6426505513778703e-9	8.77657746499862e-8
K09882	group	IBS-D	-1.81033745308716	0.259136964619036	62	7	2.6426505513778703e-9	8.77657746499862e-8
K09883	group	IBS-D	-1.81033745308716	0.259136964619036	62	7	2.6426505513778703e-9	8.77657746499862e-8
K09985	group	IBS-D	-1.81033745308716	0.259136964619036	62	7	2.6426505513778703e-9	8.77657746499862e-8
K09987	group	IBS-D	-1.81033745308716	0.259136964619036	62	7	2.6426505513778703e-9	8.77657746499862e-8
K09991	group	IBS-D	-1.81033745308716	0.259136964619036	62	7	2.6426505513778703e-9	8.77657746499862e-8
K13584	group	IBS-D	-1.81033745308716	0.259136964619036	62	7	2.6426505513778703e-9	8.77657746499862e-8
K13587	group	IBS-D	-1.81033745308716	0.259136964619036	62	7	2.6426505513778703e-9	8.77657746499862e-8
K13588	group	IBS-D	-1.81033745308716	0.259136964619036	62	7	2.6426505513778703e-9	8.77657746499862e-8
K13589	group	IBS-D	-1.81033745308716	0.259136964619036	62	7	2.6426505513778703e-9	8.77657746499862e-8
K13592	group	IBS-D	-1.81033745308716	0.259136964619036	62	7	2.6426505513778703e-9	8.77657746499862e-8
K14980	group	IBS-D	-1.81033745308716	0.259136964619036	62	7	2.6426505513778703e-9	8.77657746499862e-8
K14981	group	IBS-D	-1.81033745308716	0.259136964619036	62	7	2.6426505513778703e-9	8.77657746499862e-8
K17662	group	IBS-D	-1.81033745308716	0.259136964619036	62	7	2.6426505513778703e-9	8.77657746499862e-8
K18588	group	IBS-D	-1.81033745308716	0.259136964619036	62	7	2.6426505513778703e-9	8.77657746499862e-8
K00643	group	IBS-D	-1.59694156128963	0.229071081126281	62	7	2.7990470167396504e-9	9.10365912478911e-8
K11913	group	IBS-D	3.36948349301378	0.483307371158948	62	52	2.79531788746241e-9	9.10365912478911e-8
K11915	group	IBS-D	3.36948349301378	0.483307371158948	62	52	2.79531788746241e-9	9.10365912478911e-8
K13583	group	IBS-D	-1.81572414028503	0.260992257130972	62	7	2.96154233683358e-9	9.56618743870354e-8
K08323	group	IBS-D	-2.6129944108862	0.377811975611508	62	10	3.47686830575202e-9	1.11543611768208e-7
K13776	group	IBS-D	3.35021898521954	0.48540520576568	62	52	3.67637162604867e-9	1.16360863009702e-7
K17228	group	IBS-D	3.35021898521954	0.48540520576568	62	52	3.67637162604867e-9	1.16360863009702e-7
K09018	group	IBS-D	-1.68477066661258	0.244244092762419	62	7	3.73457459063603e-9	1.17415025129597e-7
K19425	group	IBS-D	-1.24773862534963	0.181769856881848	62	7	4.25908678139279e-9	1.33018895768532e-7
K12060	group	IBS-D	-1.48437486525572	0.216603149315373	62	7	4.454068277457111e-9	1.33792267493552e-7
K12061	group	IBS-D	-1.48437486525572	0.216603149315373	62	7	4.454068277457111e-9	1.33792267493552e-7
K12064	group	IBS-D	-1.48437486525572	0.216603149315373	62	7	4.454068277457111e-9	1.33792267493552e-7
K12066	group	IBS-D	-1.48437486525572	0.216603149315373	62	7	4.454068277457111e-9	1.33792267493552e-7
K12067	group	IBS-D	-1.48437486525572	0.216603149315373	62	7	4.454068277457111e-9	1.33792267493552e-7
K12072	group	IBS-D	-1.48437486525572	0.216603149315373	62	7	4.454068277457111e-9	1.33792267493552e-7
K00315	group	IBS-D	-2.16624168520554	0.316254614079283	62	7	4.51195603810796e-9	1.34673320732387e-7
K05772	group	IBS-D	-3.31808437392049	0.48479223398783	62	56	4.6072785373933404e-9	1.34956059517683e-7
K05773	group	IBS-D	-3.31808437392049	0.48479223398783	62	56	4.6072785373933404e-9	1.34956059517683e-7
K06857	group	IBS-D	-3.31808437392049	0.48479223398783	62	56	4.6072785373933404e-9	1.34956059517683e-7
K11688	group	IBS-D	-2.89177056155703	0.422782792381217	62	62	4.68915762923475e-9	1.36506588762167e-7
K19244	group	IBS-D	-2.47839379420218	0.365207959080971	62	11	5.7849883269514e-9	1.67374263496336e-7
K08738	group	IBS-D	-2.80584825314937	0.4175681042691	62	62	7.51293596963488e-9	2.16042719712184e-7
K18429	group	IBS-D	-2.6420511445478	0.393357856065009	62	10	7.59683966590358e-9	2.1713149008728001e-07
K12685	group	IBS-D	3.23117053817636	0.482345298875928	62	53	8.144329638422911e-9	2.31377461293991e-7
K01093	group	IBS-D	-1.51877030537745	0.227461149470455	62	7	8.869961741979421e-9	2.5048347051003e-7
K06978	group	IBS-D	-2.07217097134064	0.310572430266583	62	62	9.043386221094031e-9	2.53860770349282e-7
K03444	group	IBS-D	-2.5821210077315	0.39119555598267	62	9	1.19592976037591e-8	3.31803043607456e-7
K07823	group	IBS-D	3.26948349301378	0.495559143536681	62	52	1.21013832698224e-8	3.31803043607456e-7
K18299	group	IBS-D	3.26948349301378	0.495559143536681	62	52	1.21013832698224e-8	3.31803043607456e-7
K18300	group	IBS-D	3.26948349301378	0.495559143536681	62	52	1.21013832698224e-8	3.31803043607456e-7
K10255	group	IBS-D	-3.66744816842177	0.557454023964924	62	15	1.3015002050337e-8	3.547904605167e-7
K04060	group	IBS-D	3.17668940255581	0.48764610394368	62	53	1.67452762205657e-8	4.4117722154295e-7
K10531	group	IBS-D	3.17668940255581	0.48764610394368	62	53	1.67452762205657e-8	4.4117722154295e-7
K14974	group	IBS-D	3.17668940255581	0.48764610394368	62	53	1.67452762205657e-8	4.4117722154295e-7
K15357	group	IBS-D	3.17668940255581	0.48764610394368	62	53	1.67452762205657e-8	4.4117722154295e-7
K18028	group	IBS-D	3.17668940255581	0.48764610394368	62	53	1.67452762205657e-8	4.4117722154295e-7
K18100	group	IBS-D	3.17668940255581	0.48764610394368	62	53	1.67452762205657e-8	4.4117722154295e-7
K05939	group	IBS-D	-3.23107826973942	0.496642784225573	62	56	1.73091190080675e-8	4.53498918011368e-7
K11894	group	IBS-D	3.1786123985169	0.488893316861728	62	53	1.75942580639585e-8	4.58422768119493e-7
K06013	group	IBS-D	-2.83401532801728	0.435993442899629	62	60	1.76984981067263e-8	4.58605038853415e-7
K11740	group	IBS-D	-1.55526998705538	0.239411767513916	62	7	1.79709562166763e-8	4.63120379878937e-7
K03223	group	IBS-D	3.29679041180076	0.508535491698866	62	53	1.89271989285989e-8	4.85112337756916e-7
K13002	group	IBS-D	-1.47825782206594	0.228158382441875	62	7	1.92114074119863e-8	4.89735120837445e-7
K13609	group	IBS-D	3.23322648507531	0.500810005653096	62	52	2.10196592502469e-8	5.3295007002239e-7
K19092	group	IBS-D	-4.06034223246569	0.632392480078874	62	27	2.41245294093793e-8	6.08402570559533e-7
K03304	group	IBS-D	-2.22853914095316	0.348100598501939	62	62	2.59358115993423e-8	6.50602593098396e-7
K18301	group	IBS-D	3.20427582335581	0.505297731737853	62	52	3.28293220862903e-8	8.19169751105529e-7
K14998	group	IBS-D	-3.3156866496857	0.524248794493648	62	18	3.50315575927444e-8	8.65188961308982e-7
K19115	group	IBS-D	-3.14552031113267	0.49745447441242	62	56	3.5223978068559e-8	8.65188961308982e-7
K19116	group	IBS-D	-3.14552031113267	0.49745447441242	62	56	3.5223978068559e-8	8.65188961308982e-7
K06136	group	IBS-D	3.19786278961384	0.506326507950591	62	52	3.62535433364295e-8	8.72304644768375e-7
K06137	group	IBS-D	3.19786278961384	0.506326507950591	62	52	3.62535433364295e-8	8.72304644768375e-7
K06138	group	IBS-D	3.19786278961384	0.506326507950591	62	52	3.62535433364295e-8	8.72304644768375e-7
K06139	group	IBS-D	3.19786278961384	0.506326507950591	62	52	3.62535433364295e-8	8.72304644768375e-7
K16293	group	IBS-D	-3.12138676155534	0.49674893972987	62	56	4.10753940816817e-8	9.78341204490964e-7
K16294	group	IBS-D	-3.12138676155534	0.49674893972987	62	56	4.10753940816817e-8	9.78341204490964e-7
K02303	group	IBS-D	-2.76089283452668	0.440246286440665	62	62	4.3096272979775e-8	1.0162101168631e-6
K17250	group	IBS-D	-3.08281462511428	0.49153079987229	62	56	4.29930521259962e-8	1.0162101168631e-6
K00466	group	IBS-D	3.18017501340543	0.509228064855666	62	52	4.76947615227037e-8	1.10259066343662e-6
K01078	group	IBS-D	3.18017501340543	0.509228064855666	62	52	4.76947615227037e-8	1.10259066343662e-6
K06606	group	IBS-D	3.18017501340543	0.509228064855666	62	52	4.76947615227037e-8	1.10259066343662e-6
K13472	group	IBS-D	3.18017501340543	0.509228064855666	62	52	4.76947615227037e-8	1.10259066343662e-6
K04090	group	IBS-D	-3.2286847237637	0.517558203920185	62	18	4.89655951887914e-8	1.1264475459041e-6
K15034	group	IBS-D	-1.96249626079551	0.315218801306204	62	62	5.13908038431973e-8	1.17650015011902e-6
K02423	group	IBS-D	-3.68109634162171	0.592315282611539	62	51	5.364031425085e-8	1.22206628988893e-6
K01908	group	IBS-D	-3.91634412203997	0.630531280051807	62	24	5.43882877055676e-8	1.23207674028005e-6
K11103	group	IBS-D	-2.47054148321441	0.397822051172789	62	62	5.46022134687298e-8	1.23207674028005e-6
K14189	group	IBS-D	-1.53476853487336	0.247277724443268	62	8	5.53487590943084e-8	1.24297498994647e-6
K02402	group	IBS-D	-3.67220982254263	0.592174109707972	62	51	5.65233683130748e-8	1.25737832530406e-6
K02403	group	IBS-D	-3.67220982254263	0.592174109707972	62	51	5.65233683130748e-8	1.25737832530406e-6
K01547	group	IBS-D	-2.76191089109666	0.445535605863129	62	62	5.69963522745988e-8	1.26194740529112e-6
K15899	group	IBS-D	-2.69949648833879	0.436099102192213	62	57	5.90119316264023e-8	1.30046854929959e-6
K01729	group	IBS-D	3.1650880954062	0.51151027704893	62	53	5.95549272447752e-8	1.3063304041226e-6
K06867	group	IBS-D	-2.43308720592029	0.394887193351657	62	62	6.59198908775935e-8	1.4345129082787e-6
K15898	group	IBS-D	-2.70694205933646	0.439357890610143	62	57	6.60070613012039e-8	1.4345129082787e-6
K15896	group	IBS-D	-2.70456913753939	0.439294677535051	62	57	6.71691802884713e-8	1.45307272587353e-6
K00362	group	IBS-D	-2.62610569533787	0.427253994130782	62	62	6.98543600419325e-8	1.50426101350573e-6
K02510	group	IBS-D	-3.37234405923662	0.549030808378838	62	18	7.09741018997733e-8	1.52142665708787e-6
K07690	group	IBS-D	2.8663924547585	0.467252199525718	62	52	7.31413280809843e-8	1.56078960737521e-6
K05712	group	IBS-D	-3.15601011120131	0.516536514398583	62	19	8.0437666161229e-8	1.70875690818178e-6
K01477	group	IBS-D	3.14147270109451	0.515898381407547	62	52	8.70994766267709e-8	1.83375505255291e-6
K07116	group	IBS-D	3.14147270109451	0.515898381407547	62	52	8.70994766267709e-8	1.83375505255291e-6
K03760	group	IBS-D	-2.64972123566366	0.436116464550453	62	58	9.1791506529054e-8	1.92394997684897e-6
K12056	group	IBS-D	-1.22961794584074	0.20251745123739	62	7	9.32379070481776e-8	1.93704832440179e-6
K12063	group	IBS-D	-1.22961794584074	0.20251745123739	62	7	9.32379070481776e-8	1.93704832440179e-6
K14335	group	IBS-D	-1.51883207158617	0.250355522628596	62	7	9.50389851729463e-8	1.96580637752463e-6
K03818	group	IBS-D	-1.61876194001384	0.267611183122299	62	9	1.01774367695709e-7	2.09592977315704e-6
K08352	group	IBS-D	-3.09521957876886	0.511818512740318	62	58	1.02339708461143e-7	2.0984089787076e-6
K01023	group	IBS-D	-2.91409626834318	0.482129771259347	62	57	1.0364046063184e-7	2.11588057289938e-6
K00344	group	IBS-D	-2.51121737787735	0.415970499072437	62	62	1.06557568648791e-7	2.16605816270559e-6
K01546	group	IBS-D	-3.52754871205341	0.587296867124896	62	62	1.19873664645518e-7	2.42286564193919e-6
K01548	group	IBS-D	-3.52693348935525	0.587267451863821	62	62	1.20218524218357e-7	2.42286564193919e-6
K00363	group	IBS-D	-2.55448129582928	0.427487694651247	62	62	1.34969652758418e-7	2.70858247833489e-6
K09980	group	IBS-D	3.02865070394856	0.507904534004763	62	53	1.41629288813576e-7	2.83018527985094e-6
K03828	group	IBS-D	-3.96683134738028	0.666921992133945	62	20	1.50063334370003e-7	2.98607040037525e-6
K07722	group	IBS-D	-2.94571072652895	0.496110438706863	62	59	1.56150183502438e-7	3.08118939496861e-6
K12136	group	IBS-D	-2.12789114141575	0.358335748932954	62	61	1.55761143605428e-7	3.08118939496861e-6
K03298	group	IBS-D	-2.044653566616	0.344736129917916	62	10	1.60120167838541e-7	3.14636129802733e-6
K07679	group	IBS-D	2.74644586378252	0.464838431587064	62	51	1.74672595534969e-7	3.41807452507432e-6
K12138	group	IBS-D	-2.18187039896818	0.36937879644356	62	60	1.75696055384652e-7	3.42389502972735e-6
K11909	group	IBS-D	3.00420191120043	0.511682694754677	62	53	2.01403733473112e-7	3.90872430888558e-6
K07288	group	IBS-D	-2.93300000851118	0.502109117127071	62	57	2.2578231730943e-7	4.36389101816095e-6
K08315	group	IBS-D	-2.09773197635622	0.359404222182568	62	60	2.29847976775904e-7	4.42433901418435e-6
K11535	group	IBS-D	-1.44497105732409	0.24781249337285	62	7	2.34990664925457e-7	4.50494299100998e-6
K00076	group	IBS-D	-2.85210802024074	0.489463895297287	62	57	2.38520845936173e-7	4.55410651593115e-6
K13935	group	IBS-D	3.08416404264519	0.530817764813319	62	52	2.54325322874584e-7	4.83628315595379e-6
K13525	group	IBS-D	-2.86479905050747	0.493274774391651	62	16	2.56763508028071e-7	4.86303897132683e-6
K02362	group	IBS-D	3.08608703860628	0.531961609005778	62	52	2.63096385245444e-7	4.94327710285862e-6
K02848	group	IBS-D	3.08608703860628	0.531961609005778	62	52	2.63096385245444e-7	4.94327710285862e-6
K06079	group	IBS-D	-3.01348384933959	0.524650168094179	62	54	3.2765447452065e-7	6.13181945174359e-6
K16238	group	IBS-D	3.02435301012745	0.526764934175113	62	53	3.30695638534543e-7	6.16427127007473e-6
K00252	group	IBS-D	-2.63734153540639	0.459866869969135	62	62	3.38803779862291e-7	6.29054577098647e-6
K04719	group	IBS-D	2.96312751461531	0.516928695246959	62	53	3.42477724104218e-7	6.30908182373238e-6
K05375	group	IBS-D	2.96312751461531	0.516928695246959	62	53	3.42477724104218e-7	6.30908182373238e-6
K05816	group	IBS-D	-3.06882479502179	0.536183331499196	62	19	3.54032702316195e-7	6.49656896545982e-6
K14261	group	IBS-D	-2.53244758135335	0.44361095959715	62	62	3.74468526807567e-7	6.84493632722669e-6
K00126	group	IBS-D	-2.82053554491813	0.494168752346395	62	18	3.76004930795091e-7	6.84648360474768e-6
K09181	group	IBS-D	-1.84860330266249	0.324510376279843	62	62	3.92132235397186e-7	7.11267546974281e-6
K02275	group	IBS-D	-3.45184756635122	0.607077490905235	62	62	4.08228914020406e-7	7.37627417057561e-6
K06976	group	IBS-D	-1.8604679871113	0.327555376737093	62	62	4.17880738779604e-7	7.52185329803287e-6
K12137	group	IBS-D	-1.93447910558181	0.34085371740638	62	62	4.25027160517055e-7	7.62139957794081e-6
K17737	group	IBS-D	2.91607425342825	0.514155148433389	62	53	4.31221445391757e-7	7.70318309268003e-6
K02482	group	IBS-D	-2.76600878504276	0.487833561132477	62	57	4.33848950580037e-7	7.72087415447342e-6
K17248	group	IBS-D	-2.78495349515208	0.491331924683545	62	57	4.36846592521187e-7	7.74499447492451e-6
K04065	group	IBS-D	-2.01806024008949	0.357275825803528	62	62	4.70771329949912e-7	8.31519697394676e-6
K19114	group	IBS-D	-2.99606193726383	0.530588458329713	62	54	4.73975614212684e-7	8.3405559575635e-6
K02274	group	IBS-D	-3.42150319259655	0.606473931334259	62	62	4.83132428328479e-7	8.47008376207103e-6
K00066	group	IBS-D	2.61096256261519	0.463347055005302	62	52	4.95430251967438e-7	8.65351506769792e-6
K07395	group	IBS-D	-4.22038864328772	0.750050554792272	62	52	5.11069231467781e-7	8.86103858677226e-6
K19333	group	IBS-D	-1.38313382624432	0.245802863653507	62	7	5.10684013881818e-7	8.86103858677226e-6
K09691	group	IBS-D	-2.75770732434915	0.491550875145161	62	62	5.44218354471206e-7	9.40122256295315e-6
K18924	group	IBS-D	-2.76147646055542	0.492400150660729	62	57	5.48400951887838e-7	9.40457777855653e-6
K18925	group	IBS-D	-2.76147646055542	0.492400150660729	62	57	5.48400951887838e-7	9.40457777855653e-6
K11785	group	IBS-D	-2.73312087759023	0.488021705235343	62	57	5.64810696185172e-7	9.65089580872924e-6
K02276	group	IBS-D	-3.39343721705293	0.606455654420994	62	62	5.75349688552364e-7	9.79548422820559e-6
K03813	group	IBS-D	-2.74279414251495	0.491991920827453	62	57	6.22089085096811e-7	9.8905204860092e-6
K05922	group	IBS-D	-2.73918076390958	0.491833820894892	62	57	6.35290573423179e-7	9.8905204860092e-6
K05927	group	IBS-D	-2.73918076390958	0.491833820894892	62	57	6.35290573423179e-7	9.8905204860092e-6
K07148	group	IBS-D	-3.3578204608692	0.600792715281525	62	37	5.89767463556557e-7	9.8905204860092e-6
K07231	group	IBS-D	2.8753550301692	0.516257896833129	62	55	6.34599129802169e-7	9.8905204860092e-6
K07338	group	IBS-D	2.8753550301692	0.516257896833129	62	55	6.34599129802169e-7	9.8905204860092e-6
K07771	group	IBS-D	-1.3361852979142	0.239921890658835	62	7	6.35459649546392e-7	9.8905204860092e-6
K08077	group	IBS-D	-2.73918076390958	0.491833820894892	62	57	6.35290573423179e-7	9.8905204860092e-6
K09804	group	IBS-D	-2.73918076390958	0.491833820894892	62	57	6.35290573423179e-7	9.8905204860092e-6
K09860	group	IBS-D	-2.73918076390958	0.491833820894892	62	57	6.35290573423179e-7	9.8905204860092e-6
K09944	group	IBS-D	-2.73918076390958	0.491833820894892	62	57	6.35290573423179e-7	9.8905204860092e-6
K11960	group	IBS-D	-3.63267226308052	0.651868611425509	62	61	6.27214226369395e-7	9.8905204860092e-6
K11961	group	IBS-D	-3.63267226308052	0.651868611425509	62	61	6.27214226369395e-7	9.8905204860092e-6
K11962	group	IBS-D	-3.63267226308052	0.651868611425509	62	61	6.27214226369395e-7	9.8905204860092e-6
K11963	group	IBS-D	-3.63414192418208	0.651905623635411	62	61	6.22635371637962e-7	9.8905204860092e-6
K13819	group	IBS-D	-2.7324899311515	0.49060532043761	62	57	6.34551502201758e-7	9.8905204860092e-6
K15895	group	IBS-D	-2.73918076390958	0.491833820894892	62	57	6.35290573423179e-7	9.8905204860092e-6
K15897	group	IBS-D	-2.7455001465583	0.491678855070867	62	57	6.01151028437157e-7	9.8905204860092e-6
K15910	group	IBS-D	-2.73918076390958	0.491833820894892	62	57	6.35290573423179e-7	9.8905204860092e-6
K15912	group	IBS-D	-2.73918076390958	0.491833820894892	62	57	6.35290573423179e-7	9.8905204860092e-6
K15913	group	IBS-D	-2.74114364458447	0.49189486663403	62	57	6.27416415816145e-7	9.8905204860092e-6
K15914	group	IBS-D	-2.73918076390958	0.491833820894892	62	57	6.35290573423179e-7	9.8905204860092e-6
K18284	group	IBS-D	-2.73918076390958	0.491833820894892	62	57	6.35290573423179e-7	9.8905204860092e-6
K18456	group	IBS-D	2.65542127570211	0.476597710652388	62	51	6.29795406308259e-7	9.8905204860092e-6
K18889	group	IBS-D	-1.3361852979142	0.239921890658835	62	7	6.35459649546392e-7	9.8905204860092e-6
K18890	group	IBS-D	-1.3361852979142	0.239921890658835	62	7	6.35459649546392e-7	9.8905204860092e-6
K12972	group	IBS-D	-4.0026708950801	0.718964961298916	62	52	6.40240235942564e-7	9.93214787074056e-6
K03749	group	IBS-D	-2.51672395504895	0.453046935620323	62	62	6.70348024393812e-7	1.03651189607909e-5
K01087	group	IBS-D	-3.05925524113107	0.550989596569382	62	24	6.77511674102951e-7	1.04076386158616e-5
K11689	group	IBS-D	-2.5313825648224	0.455846933117296	62	62	6.75341629188324e-7	1.04076386158616e-5
K10804	group	IBS-D	-3.62013789934887	0.652140497550917	62	61	6.80408441962463e-7	1.04182019879707e-5
K15834	group	IBS-D	-2.69656675060032	0.485867991356829	62	57	6.83405464437404e-7	1.04302270883068e-5
K11959	group	IBS-D	-3.65304642059252	0.65890392584003	62	61	6.98729178481719e-7	1.06296993732896e-5
K03795	group	IBS-D	-4.13698354546439	0.746555444875005	62	52	7.05881399720767e-7	1.06905660229614e-5
K06159	group	IBS-D	-2.69517258044831	0.486413341693642	62	57	7.07263909916018e-7	1.06905660229614e-5
K06883	group	IBS-D	-4.39091587463442	0.793520322895945	62	15	7.27422510280038e-7	1.09601423593631e-5
K00023	group	IBS-D	-3.96259645730287	0.717399317752344	62	52	7.55121274366041e-7	1.13412481844275e-5
K11712	group	IBS-D	-2.61646529304983	0.47406873729585	62	19	7.67723920592484e-7	1.14939238397275e-5
K15915	group	IBS-D	-2.73088947458899	0.495384388677552	62	57	7.86773380920552e-7	1.17418457734852e-5
K00685	group	IBS-D	-2.85919248571868	0.519071039751751	62	62	7.99870605100177e-7	1.18996522828153e-5
K14744	group	IBS-D	2.66671476833308	0.484551683116484	62	51	8.14529403898283e-7	1.20796247446047e-5
K03926	group	IBS-D	-2.92458040241569	0.531703526061008	62	61	8.24009470572362e-7	1.21819080351701e-5
K09919	group	IBS-D	-3.59709841802363	0.654314994202797	62	61	8.3304242575405e-7	1.22769627495503e-5
K01429	group	IBS-D	-2.77741132558154	0.50685979812581206	62	62	8.9098114726213e-7	1.28881785771919e-5
K01430	group	IBS-D	-2.77741132558154	0.50685979812581206	62	62	8.9098114726213e-7	1.28881785771919e-5
K03188	group	IBS-D	-2.7783164244661	0.506895877512863	62	62	8.86313832174388e-7	1.28881785771919e-5
K03189	group	IBS-D	-2.7783164244661	0.506895877512863	62	62	8.86313832174388e-7	1.28881785771919e-5
K03190	group	IBS-D	-2.77776011284742	0.50687366768545	62	62	8.8917838820116e-7	1.28881785771919e-5
K06985	group	IBS-D	-2.90895697995313	0.531021572420934	62	19	8.9637883234074e-7	1.28881785771919e-5
K09683	group	IBS-D	-1.89025013534185	0.345037366016902	62	10	8.95187650769592e-7	1.28881785771919e-5
K13543	group	IBS-D	-3.33500418218428	0.608775526986339	62	51	8.95780655986619e-7	1.28881785771919e-5
K18480	group	IBS-D	-2.68253350248656	0.490353560430969	62	62	9.21784386584519e-7	1.32131767997951e-5
K15577	group	IBS-D	-2.74062884530905	0.501338098414027	62	18	9.35697502100959e-7	1.33315692444354e-5
K15578	group	IBS-D	-2.74062884530905	0.501338098414027	62	18	9.35697502100959e-7	1.33315692444354e-5
K01195	group	IBS-D	-2.48626379223015	0.455539138964304	62	10	9.67099956473528e-7	1.37374801046059e-5
K07140	group	IBS-D	-3.27130517175978	0.600228911566748	62	61	9.95695044127348e-7	1.41011946789927e-5
K16267	group	IBS-D	-2.56744813339901	0.471734842680264	62	18	1.02426452468295e-6	1.44623697557029e-5
K03087	group	IBS-D	-3.64807271975403	0.67081564090778	62	62	1.04094860506908e-6	1.46540705119576e-5
K07649	group	IBS-D	-3.83018319570764	0.704961228594997	62	61	1.06100121808238e-6	1.48919099537991e-5
K11811	group	IBS-D	-2.64157771272612	0.486528629840672	62	18	1.07601650405713e-6	1.50578452021763e-5
K03187	group	IBS-D	-2.82022811194747	0.520640052187911	62	62	1.12807629184529e-6	1.57396680246817e-5
K07100	group	IBS-D	-2.67946935687025	0.496549852256926	62	58	1.21899255317157e-6	1.69529915807035e-5
K07250	group	IBS-D	-3.02927285778667	0.561447762935102	62	39	1.22222585611518e-6	1.69529915807035e-5
K02391	group	IBS-D	-3.39693048887883	0.629718060180159	62	61	1.22727231179322e-6	1.69730681009291e-5
K06596	group	IBS-D	-3.62194166577464	0.674385375396428	62	61	1.34084584361714e-6	1.84895584751416e-5
K03414	group	IBS-D	-3.37196039639327	0.628280261967243	62	61	1.35984923865292e-6	1.86969358877178e-5
K10960	group	IBS-D	-3.7026759536516	0.691325481743868	62	15	1.41727960525132e-6	1.9429914588271e-5
K02660	group	IBS-D	-3.48636426999976	0.65261018193897	62	61	1.4918705529537e-6	2.03932218195062e-5
K02259	group	IBS-D	-3.31178872470114	0.620613680120664	62	62	1.52495643476372e-6	2.07852443536004e-5
K01061	group	IBS-D	-3.82227409381032	0.718528472582515	62	61	1.62321438179672e-6	2.20607464684534e-5
K08276	group	IBS-D	-1.99501584751879	0.37597289504869	62	62	1.70583640060555e-6	2.31170243254477e-5
K10680	group	IBS-D	-3.09578766146286	0.584727803775108	62	61	1.78298572830249e-6	2.40244591276415e-5
K12266	group	IBS-D	2.84380207431724	0.537116295024141	62	53	1.7818830983112e-6	2.40244591276415e-5
K01432	group	IBS-D	-2.4907230338044	0.470746333615408	62	18	1.8057100779889e-6	2.42613354068252e-5
K01451	group	IBS-D	-3.45504315279411	0.654411662828845	62	59	1.88396183157195e-6	2.52408068116287e-5
K07708	group	IBS-D	-3.32314436702176	0.630342774105928	62	61	1.9384002887872e-6	2.58965885606811e-5
K01032	group	IBS-D	-2.56270703718722	0.486483623546743	62	18	1.96853605195572e-6	2.62249040141898e-5
K00822	group	IBS-D	-3.2934775118795	0.625841765481059	62	61	2.00803831133506e-6	2.66757990880455e-5
K01031	group	IBS-D	-2.55212757078496	0.485079207960495	62	18	2.01714680182453e-6	2.67215289814733e-5
K07516	group	IBS-D	-2.84485598117475	0.541045880563858	62	62	2.04122862344494e-6	2.69648016475247e-5
K07147	group	IBS-D	-3.28444376965014	0.626685213994806	62	61	2.17507054969815e-6	2.86526053418338e-5
K01167	group	IBS-D	-2.46155024966703	0.470783994432965	62	19	2.27721224872371e-6	2.99145765041254e-5
K03532	group	IBS-D	-2.82875075381529	0.542079094522858	62	58	2.36578312207782e-6	3.09059091515762e-5
K11711	group	IBS-D	-2.44276873363321	0.46806067354999	62	19	2.36070833327511e-6	3.09059091515762e-5
K03753	group	IBS-D	-1.85648147292121	0.35617270775789	62	62	2.41927659638218e-6	3.15174265981722e-5
K01816	group	IBS-D	-3.05025922320079	0.58535716424246	62	61	2.43159797730066e-6	3.15906778538564e-5
K17249	group	IBS-D	-2.92623391703327	0.562339606459103	62	57	2.49792106896545e-6	3.23631751682447e-5
K06151	group	IBS-D	2.56066801769152	0.492511043981312	62	51	2.53962337931037e-6	3.27236717399664e-5
K06152	group	IBS-D	2.56066801769152	0.492511043981312	62	51	2.53962337931037e-6	3.27236717399664e-5
K06882	group	IBS-D	-2.90692668807626	0.559956345397683	62	57	2.61469166777466e-6	3.35023464578208e-5
K09989	group	IBS-D	-3.26613076929765	0.62923266856131	62	61	2.62136680299743e-6	3.35023464578208e-5
K17251	group	IBS-D	-2.90692668807626	0.559956345397683	62	57	2.61469166777466e-6	3.35023464578208e-5
K09921	group	IBS-D	-3.1842563731578	0.614011251199877	62	61	2.66705255388589e-6	3.39941076868266e-5
K05973	group	IBS-D	-3.77082676607949	0.728163620012531	62	52	2.74158822292772e-6	3.48499462515557e-5
K18992	group	IBS-D	-2.51238440585388	0.485233614181874	62	55	2.75035862016527e-6	3.48674496040306e-5
K03738	group	IBS-D	-2.98344018759109	0.576577583755433	62	11	2.78399042743726e-6	3.51991926428797e-5
K09933	group	IBS-D	-3.23264667836015	0.625368012829338	62	61	2.83809886601241e-6	3.57873643104666e-5
K15576	group	IBS-D	-3.22898735913674	0.625424814814451	62	61	2.90520596060423e-6	3.65358701605588e-5
K14160	group	IBS-D	-3.75843168050911	0.728500846857642	62	52	2.94563708569458e-6	3.6945809830148e-5
K05591	group	IBS-D	-3.11948398500171	0.605148264576709	62	61	2.99196611402449e-6	3.74273532990438e-5
K01953	group	IBS-D	-0.693953143004718	0.134641521009589	62	62	3.00114235502121e-6	3.74428236674075e-5
K17226	group	IBS-D	-3.2252365308517	0.626181322979541	62	51	3.03948861748737e-6	3.78211829025605e-5
K06134	group	IBS-D	-3.23594077366433	0.628377259858636	62	61	3.05033990889562e-6	3.78563237114519e-5
K03821	group	IBS-D	-2.91612539450672	0.566661137517997	62	61	3.09030622727457e-6	3.82516644824852e-5
K19304	group	IBS-D	-2.285255818815	0.445257866531009	62	9	3.25086486797629e-6	4.0133713919833e-5
K01975	group	IBS-D	-2.57739999550825	0.502450442678965	62	61	3.28428317695022e-6	4.04404163511677e-5
K02298	group	IBS-D	-3.18872961566629	0.62237430502438	62	61	3.35986028259265e-6	4.1049484696132e-5
K02299	group	IBS-D	-3.18872961566629	0.62237430502438	62	61	3.35986028259265e-6	4.1049484696132e-5
K02300	group	IBS-D	-3.18872961566629	0.62237430502438	62	61	3.35986028259265e-6	4.1049484696132e-5
K02297	group	IBS-D	-3.18616852964817	0.622311948606907	62	61	3.40478165713566e-6	4.14908276357927e-5
K05982	group	IBS-D	-2.92985098833393	0.573879230135503	62	15	3.59225945425888e-6	4.36626174904249e-5
K17938	group	IBS-D	-2.67326263789308	0.524768864712807	62	58	3.7431160400779e-6	4.53792679820241e-5
K00019	group	IBS-D	-2.92369243653201	0.577389558456512	62	61	4.18783444709835e-6	5.06405826987585e-5
K01959	group	IBS-D	-2.2264902592499	0.441647661118215	62	62	4.54524144250156e-6	5.48218891121161e-5
K02844	group	IBS-D	-2.23633720943803	0.444115636488127	62	62	4.64367859570929e-6	5.58662965749108e-5
K01476	group	IBS-D	-3.48676596211599	0.697646051442391	62	56	5.32877127307167e-6	6.38592483852944e-5
K03403	group	IBS-D	-2.87467951525595	0.575587464380155	62	14	5.39860949721477e-6	6.38592483852944e-5
K03428	group	IBS-D	-2.87467951525595	0.575587464380155	62	14	5.39860949721477e-6	6.38592483852944e-5
K04035	group	IBS-D	-2.87467951525595	0.575587464380155	62	14	5.39860949721477e-6	6.38592483852944e-5
K04038	group	IBS-D	-2.87467951525595	0.575587464380155	62	14	5.39860949721477e-6	6.38592483852944e-5
K04040	group	IBS-D	-2.87467951525595	0.575587464380155	62	14	5.39860949721477e-6	6.38592483852944e-5
K05916	group	IBS-D	-2.27937092703228	0.456410442909713	62	62	5.40284989519348e-6	6.38592483852944e-5
K10218	group	IBS-D	-2.43127997773796	0.487142777248409	62	19	5.46696378913031e-6	6.44555030738463e-5
K07776	group	IBS-D	-1.92324194674845	0.385901434549268	62	62	5.61134427847759e-6	6.59927671254372e-5
K09129	group	IBS-D	-1.80009057052556	0.361534265671769	62	9	5.70919714242567e-6	6.69765515514415e-5
K07276	group	IBS-D	-1.78240279431715	0.358622903212485	62	9	5.89777046338798e-6	6.90170856211854e-5
K01428	group	IBS-D	-2.50321022151696	0.505104282370309	62	62	6.21365189639733e-6	7.08342992484343e-5
K05826	group	IBS-D	-1.75858682059768	0.354914238814931	62	9	6.23329817389742e-6	7.08342992484343e-5
K05827	group	IBS-D	-1.75858682059768	0.354914238814931	62	9	6.23329817389742e-6	7.08342992484343e-5
K05828	group	IBS-D	-1.75858682059768	0.354914238814931	62	9	6.23329817389742e-6	7.08342992484343e-5
K05829	group	IBS-D	-1.75858682059768	0.354914238814931	62	9	6.23329817389742e-6	7.08342992484343e-5
K05830	group	IBS-D	-1.75858682059768	0.354914238814931	62	9	6.23329817389742e-6	7.08342992484343e-5
K05831	group	IBS-D	-1.75858682059768	0.354914238814931	62	9	6.23329817389742e-6	7.08342992484343e-5
K09700	group	IBS-D	-1.75858682059768	0.354914238814931	62	9	6.23329817389742e-6	7.08342992484343e-5
K18016	group	IBS-D	-1.75858682059768	0.354914238814931	62	9	6.23329817389742e-6	7.08342992484343e-5
K18017	group	IBS-D	-1.75858682059768	0.354914238814931	62	9	6.23329817389742e-6	7.08342992484343e-5
K18023	group	IBS-D	-1.75858682059768	0.354914238814931	62	9	6.23329817389742e-6	7.08342992484343e-5
K18123	group	IBS-D	-1.75858682059768	0.354914238814931	62	9	6.23329817389742e-6	7.08342992484343e-5
K11473	group	IBS-D	-3.38744030553694	0.684813251055377	62	59	6.42816274015672e-6	7.28731141408151e-5
K03717	group	IBS-D	-3.1341150401229	0.635315555686467	62	61	6.74852244316444e-6	7.63214192852841e-5
K01555	group	IBS-D	-2.33948895976265	0.474664613763889	62	62	6.85853311468083e-6	7.73800051885999e-5
K01692	group	IBS-D	-2.70928074599841	0.551042146247841	62	62	7.16638511225721e-6	8.06603154878401e-5
K13590	group	IBS-D	-3.14124428490275	0.640609921064968	62	61	7.5165617783833e-6	8.44002508258468e-5
K07788	group	IBS-D	-3.10327260383261	0.633163741076711	62	61	7.57974213743785e-6	8.49075152497788e-5
K07222	group	IBS-D	2.65991789886727	0.544281045212421	62	54	7.98027912002305e-6	8.89716225296187e-5
K14287	group	IBS-D	-2.36455933893066	0.483800691395776	62	62	7.96767672197292e-6	8.89716225296187e-5
K07646	group	IBS-D	-2.33230416310161	0.478491004812845	62	62	8.35759166097996e-6	9.25220710638063e-5
K09913	group	IBS-D	-3.12064313906747	0.640168892319673	62	61	8.34463689449742e-6	9.25220710638063e-5
K16011	group	IBS-D	-2.91020547896834	0.597000976298999	62	61	8.3449521029557e-6	9.25220710638063e-5
K16784	group	IBS-D	-2.03200138164897	0.417223820321122	62	62	8.4796118877626e-6	9.36530437065302e-5
K04046	group	IBS-D	-3.0959967267692	0.636018585316049	62	61	8.55719377731826e-6	9.42890790977404e-5
K07157	group	IBS-D	-3.09673925199115	0.638051566472629	62	61	9.01343816634947e-6	9.90847887937159e-5
K17870	group	IBS-D	-1.88151948279609	0.388974688541807	62	10	9.56093991485331e-6	1.0485905264755e-4
K05796	group	IBS-D	-2.30819818905143	0.477774273752617	62	10	9.76971297003505e-6	1.0642635952574e-4
K07799	group	IBS-D	-2.74555732585742	0.568219527341979	62	61	9.74460424535958e-6	1.0642635952574e-4
K11472	group	IBS-D	-3.40717761837226	0.705259766431033	62	58	9.77154658071401e-6	1.0642635952574e-4
K05989	group	IBS-D	-3.84976248164873	0.798854672028704	62	30	1.02040403459944e-5	1.1088077021131e-4
K02225	group	IBS-D	-3.08780127073217	0.640987198908996	62	61	1.02721597245431e-5	1.1136437991021e-4
K16165	group	IBS-D	-3.08611188159966	0.641148106131774	62	61	1.04156276203375e-5	1.1262705713089e-4
K16850	group	IBS-D	-2.11968446961776	0.440420703080201	62	8	1.04363918503395e-5	1.1262705713089e-4
K09937	group	IBS-D	-3.54908543327387	0.738088460518271	62	52	1.06025989985619e-5	1.1415949058725e-4
K00510	group	IBS-D	-2.36463025731925	0.492368785685269	62	62	1.08314702529471e-5	1.1635811779703e-4
K00436	group	IBS-D	-1.84067209065868	0.383833865043196	62	10	1.1110888404208e-5	1.1881848007765e-4
K18007	group	IBS-D	-1.84067209065868	0.383833865043196	62	10	1.1110888404208e-5	1.1881848007765e-4
K00855	group	IBS-D	-3.75372929002008	0.783545342591563	62	15	1.13043966213624e-5	1.2061433137182e-4
K02457	group	IBS-D	-3.04012942269972	0.636212112508168	62	61	1.18125052335558e-5	1.257511843825e-4
K08715	group	IBS-D	-2.86243800772951	0.599155933656433	62	13	1.18564973214067e-5	1.2593522830575e-4
K09019	group	IBS-D	-2.30337707353203	0.482830085936872	62	62	1.21533696934596e-5	1.2879840780754e-4
K01965	group	IBS-D	-2.3354929118429	0.490181920086876	62	19	1.2419767790096e-5	1.3103271789282e-4
K18830	group	IBS-D	-2.64170910410898	0.554398155701274	62	7	1.23992402592602e-5	1.3103271789282e-4
K16783	group	IBS-D	-2.29717455745603	0.483598418174465	62	62	1.30778146636863e-5	1.3766735257576e-4
K10002	group	IBS-D	-3.02349178765348	0.637639254990114	62	61	1.34815818217721e-5	1.4097370259751e-4
K10003	group	IBS-D	-3.02349178765348	0.637639254990114	62	61	1.34815818217721e-5	1.4097370259751e-4
K10004	group	IBS-D	-3.02349178765348	0.637639254990114	62	61	1.34815818217721e-5	1.4097370259751e-4
K07264	group	IBS-D	2.33508261755718	0.493195684320661	62	52	1.38292637546099e-5	1.4397087829302e-4
K07677	group	IBS-D	2.33508261755718	0.493195684320661	62	52	1.38292637546099e-5	1.4397087829302e-4
K03921	group	IBS-D	-2.09548464831997	0.442702096575839	62	11	1.38888829883886e-5	1.4427306646088e-4
K03343	group	IBS-D	-2.71609486295127	0.57479348492995	62	39	1.4295731683131e-5	1.4797346495177e-4
K07337	group	IBS-D	-2.38245398444066	0.504212017022739	62	12	1.43078668401206e-5	1.4797346495177e-4
K02460	group	IBS-D	-3.02497990166306	0.64112937409331	62	61	1.46657739453887e-5	1.5101264176081e-4
K02461	group	IBS-D	-3.02497990166306	0.64112937409331	62	61	1.46657739453887e-5	1.5101264176081e-4
K01305	group	IBS-D	-2.25773203228701	0.478825052142078	62	62	1.48270536054576e-5	1.5234070763254e-4
K03928	group	IBS-D	-1.15982581677782	0.246262770235914	62	62	1.51186494807835e-5	1.5499902380733e-4
K16090	group	IBS-D	-2.54058268276585	0.539705844810205	62	61	1.52469145676712e-5	1.5597494382025e-4
K08195	group	IBS-D	-2.68813960613385	0.571192871006344	62	61	1.5310395051351e-5	1.562853313034e-4
K00249	group	IBS-D	-2.74942840170875	0.585333854146413	62	61	1.58104661708781e-5	1.6069430702987e-4
K02462	group	IBS-D	-3.00329855415487	0.639337630877959	62	61	1.57924640384506e-5	1.6069430702987e-4
K01966	group	IBS-D	-2.07777505526801	0.442613485338775	62	62	1.59731312625068e-5	1.6199846673974e-4
K02458	group	IBS-D	-3.01028006194522	0.642664590455892	62	61	1.65700947308527e-5	1.6769220332768e-4
K09939	group	IBS-D	-2.96207415971923	0.634048030642915	62	27	1.73181619401049e-5	1.7488747689407e-4
K17247	group	IBS-D	-2.86182216115795	0.614052281005186	62	61	1.80195386974965e-5	1.8158150533631e-4
K07117	group	IBS-D	-3.26287951073373	0.700328449398938	62	51	1.81148780508938e-5	1.8215301681879e-4
K01627	group	IBS-D	0.155028949500659	0.0333981139775742	62	62	1.92604412441637e-5	1.9326008703718e-4
K07789	group	IBS-D	-2.64316303792195	0.57013664596808	62	61	1.96640526167288e-5	1.9689102365285e-4
K01584	group	IBS-D	-2.94995123973386	0.638988937836905	62	61	2.10691146356411e-5	2.1051259453746e-4
K01473	group	IBS-D	-2.17866037850137	0.472045594397897	62	18	2.11614585423246e-5	2.1098824204144e-4
K01474	group	IBS-D	-2.17461895165678	0.471268721652284	62	18	2.12342430159528e-5	2.1126727861441e-4
K11738	group	IBS-D	-2.20781392144642	0.478549418587433	62	62	2.12974928571434e-5	2.1145047645113e-4
K10001	group	IBS-D	-2.68455133950886	0.58219348455148	62	61	2.14839619529315e-5	2.1285370707988e-4
K00979	group	IBS-D	0.154680775772726	0.0335869694533164	62	62	2.1924172787441e-5	2.1675974604941e-4
K02463	group	IBS-D	-2.95273104762492	0.64181423561556	62	61	2.22989175057792e-5	2.2000354593567e-4
K02001	group	IBS-D	-2.47919594266251	0.539552914386249	62	61	2.27534027268862e-5	2.2401888780792e-4
K19118	group	IBS-D	-1.43979885155257	0.3138782808122	62	62	2.33894040482353e-5	2.2980089477391e-4
K09940	group	IBS-D	-2.12475310866018	0.463548686376466	62	62	2.36774409172702e-5	2.3214721697681e-4
K04101	group	IBS-D	-2.08986271323853	0.456925051333982	62	18	2.45227235374874e-5	2.3993602531699e-4
K04100	group	IBS-D	-2.08619153540288	0.456319575179635	62	18	2.46947226321639e-5	2.4111865824696e-4
K07232	group	IBS-D	-2.93853236420456	0.643547809234426	62	61	2.51913991302592e-5	2.4545999648409e-4
K03824	group	IBS-D	-2.66203702188604	0.583282941386412	62	12	2.53932507045344e-5	2.4691663984038e-4
K08166	group	IBS-D	-3.08971178534941	0.679176941365431	62	40	2.67449163796409e-5	2.5952474412836e-4
K00912	group	IBS-D	0.156982029678766	0.034595727078561	62	62	2.7860563243447e-5	2.6979551592627e-4
K02415	group	IBS-D	-1.40434373730119	0.310876816591927	62	62	2.99200878873391e-5	2.8914576737026e-4
K02393	group	IBS-D	-1.88199136840884	0.416734994300807	62	62	3.00599318616174e-5	2.8990314654271e-4
K00356	group	IBS-D	-1.72698978232188	0.382501165818575	62	62	3.01708098223634e-5	2.9037865126993e-4
K06320	group	IBS-D	-2.12809766025654	0.471465761819559	62	62	3.02986258642779e-5	2.9101490748662e-4
K12254	group	IBS-D	2.385377303888	0.528736991922777	62	51	3.05476889134994e-5	2.9281077421964e-4
K06041	group	IBS-D	0.144406049719169	0.0320128715032245	62	62	3.06109479519408e-5	2.9282196864371e-4
K13671	group	IBS-D	-1.80963161910303	0.401750279460289	62	62	3.13190913593083e-5	2.9898954423177e-4
K00472	group	IBS-D	-2.08805257612391	0.463960882611766	62	18	3.17486356443943e-5	3.0247791050295e-4
K18661	group	IBS-D	-2.04633258183741	0.455282925808605	62	18	3.24081037975959e-5	3.0813834175294e-4
K01857	group	IBS-D	-2.59774659454271	0.578357491566649	62	61	3.27565610388191e-5	3.1060809420986e-4
K02536	group	IBS-D	0.166241813299966	0.0370148507568185	62	62	3.27995824674538e-5	3.1060809420986e-4
K18199	group	IBS-D	2.24281042388945	0.500907916743105	62	52	3.44179016604904e-5	3.252802088795e-4
K10219	group	IBS-D	-2.02125075207903	0.452281263160058	62	18	3.54557602300835e-5	3.3308638495034e-4
K10220	group	IBS-D	-2.02125075207903	0.452281263160058	62	18	3.54557602300835e-5	3.3308638495034e-4
K10221	group	IBS-D	-2.02125075207903	0.452281263160058	62	18	3.54557602300835e-5	3.3308638495034e-4
K12140	group	IBS-D	-1.72496561266576	0.386162064626575	62	62	3.57131943405636e-5	3.3483782208767e-4
K12141	group	IBS-D	-1.72424023447443	0.386151350816966	62	62	3.59333067839568e-5	3.3623308490702e-4
K00507	group	IBS-D	-4.19555838039393	0.942155002712015	62	53	3.74800197591166e-5	3.5001143204751e-4
K19338	group	IBS-D	-2.26534631825011	0.509241431446004	62	19	3.80982859782944e-5	3.5508204876212e-4
K02394	group	IBS-D	-1.85260697754746	0.416754391868953	62	62	3.85202909677242e-5	3.5830708521457e-4
K07768	group	IBS-D	-1.8269767010054	0.411768994790095	62	62	3.96707775531832e-5	3.682822577575e-4
K03270	group	IBS-D	0.148103164803305	0.0336438879017461	62	62	4.47904490521525e-5	4.1499363011778e-4
K00450	group	IBS-D	-2.09200912528658	0.475546890987643	62	18	4.52475388757279e-5	4.1840665360378e-4
K00856	group	IBS-D	-2.26484943403307	0.515018972758532	62	59	4.54939361043996e-5	4.1986184475214e-4
K04756	group	IBS-D	-2.10476498045963	0.480767289467081	62	62	4.87138335274874e-5	4.4870007600709e-4
K08368	group	IBS-D	2.44857626776457	0.559964084041851	62	58	4.95995776898029e-5	4.5596804753432e-4
K01768	group	IBS-D	-0.978326568883016	0.223883822848304	62	62	5.0108583743014e-5	4.59751130218e-4
K00818	group	IBS-D	-1.23604077142747	0.283379850852975	62	62	5.1520986665651e-5	4.7179218080623e-4
K02687	group	IBS-D	0.0972894090305175	0.0223094080141128	62	62	5.16760237792918e-5	4.7187320056251e-4
K04940	group	IBS-D	-1.69016909647453	0.387598960639408	62	12	5.17299501040758e-5	4.7187320056251e-4
K11891	group	IBS-D	-2.61469243540424	0.60089524335504	62	61	5.34211262490543e-5	4.8635913395857e-4
K01002	group	IBS-D	-1.47757012242318	0.339658514753558	62	62	5.36370003417892e-5	4.8738361004215e-4
K12508	group	IBS-D	-2.07597047622997	0.477301018466734	62	17	5.37800173618763e-5	4.8774338822809e-4
K01469	group	IBS-D	-2.96789053552369	0.683723823204866	62	23	5.54087541630948e-5	5.0155025841296e-4
K08967	group	IBS-D	2.1290636374015	0.490843129354895	62	53	5.60273071765447e-5	5.0617774069843e-4
K11896	group	IBS-D	-2.8896801590383	0.667825304651379	62	61	5.81109369324728e-5	5.2399842939491e-4
K02280	group	IBS-D	-2.41239900906785	0.559374173920559	62	61	6.10568425269161e-5	5.4951158274224e-4
K07175	group	IBS-D	-1.49236869438275	0.34732452663366	62	62	6.45005778871056e-5	5.7501838433948e-4
K10005	group	IBS-D	-1.75460293857045	0.408336531079971	62	62	6.4456769794716e-5	5.7501838433948e-4
K10006	group	IBS-D	-1.75460293857045	0.408336531079971	62	62	6.4456769794716e-5	5.7501838433948e-4
K10007	group	IBS-D	-1.75460293857045	0.408336531079971	62	62	6.4456769794716e-5	5.7501838433948e-4
K10008	group	IBS-D	-1.75558682482278	0.40852494710649	62	62	6.43621404041028e-5	5.7501838433948e-4
K07749	group	IBS-D	-2.83205572263831	0.659640243625978	62	61	6.52651030179608e-5	5.8073627515604e-4
K16164	group	IBS-D	-2.05898839602065	0.479758301399834	62	62	6.56286241652285e-5	5.8287117055219e-4
K08086	group	IBS-D	-3.25510525372853	0.758568270098458	62	61	6.5765009804386e-5	5.8298456059677e-4
K01578	group	IBS-D	-1.89958566063686	0.442849553138021	62	18	6.61410256835561e-5	5.8521778071979e-4
K02386	group	IBS-D	-1.83252633465525	0.427397123343328	62	62	6.65559360388643e-5	5.8778613175895e-4
K07657	group	IBS-D	-3.30709644640271	0.772833251117088	62	61	6.85203911241269e-5	6.0400404587174e-4
K10979	group	IBS-D	-2.61132767909009	0.610327820882256	62	61	6.86664136052594e-5	6.0416195254179e-4
K01455	group	IBS-D	-1.99161074621493	0.46625312170239003	62	17	7.03484819915102e-5	6.1780901503158e-4
K16320	group	IBS-D	-1.98496120503624	0.465392931824019	62	17	7.19098075795726e-5	6.3034693781647e-4
K07169	group	IBS-D	2.3331393974371	0.547290371806381	62	54	7.24189396960947e-5	6.3363213285117e-4
K00210	group	IBS-D	-3.66248747221332	0.860184324503522	62	44	7.3742833571375e-5	6.4402074652334e-4
K00153	group	IBS-D	-2.04773911716063	0.481604404857535	62	62	7.52453869912423e-5	6.5592836423419e-4
K06994	group	IBS-D	-1.79850964254351	0.424277773159626	62	62	7.8650312156148e-5	6.834080981104e-4
K19707	group	IBS-D	2.47847027463715	0.584703106737137	62	53	7.86875736373942e-5	6.834080981104e-4
K01728	group	IBS-D	-1.69253019822042	0.400978591458162	62	11	8.36415486123242e-5	7.2509842510242e-4
K16870	group	IBS-D	-1.739859846259	0.412275285543857	62	62	8.38870460380762e-5	7.2589231030379e-4
K00783	group	IBS-D	0.0975961530559702	0.0231482171965142	62	62	8.50408888607542e-5	7.3452899609398e-4
K01971	group	IBS-D	-2.71032289382774	0.643846652407299	62	61	8.69675130546838e-5	7.4979669390473e-4
K02389	group	IBS-D	-1.28542321490359	0.305420730175713	62	62	8.72295177235417e-5	7.5068322186902e-4
K03407	group	IBS-D	-1.29023297987692	0.306983464639544	62	62	8.89593264537176e-5	7.6278578828314e-4
K05524	group	IBS-D	-2.33770368464777	0.556163716532613	62	62	8.88605846808811e-5	7.6278578828314e-4
K08167	group	IBS-D	-1.81516500131614	0.433055604002649	62	62	9.24866425126146e-5	7.9159166259435e-4
K00496	group	IBS-D	2.30683595685372	0.551253050126963	62	54	9.46575873582316e-5	8.0870503982141e-4
K08138	group	IBS-D	-3.54273933748015	0.849373317927387	62	52	9.9174862721393e-5	8.4576609872348e-4
K00216	group	IBS-D	-2.00203845393534	0.480330523516787	62	62	1.001773544771e-4	8.497057620756e-4
K02363	group	IBS-D	-2.00203845393534	0.480330523516787	62	62	1.001773544771e-4	8.497057620756e-4
K02364	group	IBS-D	-2.00203845393534	0.480330523516787	62	62	1.001773544771e-4	8.497057620756e-4
K13950	group	IBS-D	-1.99483421514431	0.479058959359505	62	62	1.0153887216867e-4	8.5970793742815e-4
K09252	group	IBS-D	-1.6803029605069	0.403795605091195	62	22	1.0250766860763e-4	8.6635513468383e-4
K05818	group	IBS-D	-1.9824157481420701	0.47681219674222	62	18	1.0377690578305e-4	8.7551321587275e-4
K00906	group	IBS-D	-2.54775057383195	0.613482384947832	62	61	1.0544920982516e-4	8.8803298845619e-4
K07396	group	IBS-D	-3.47058969235387	0.835983056718986	62	61	1.0595985377069e-4	8.9074272795472e-4
K11085	group	IBS-D	0.148325496618842	0.0358205525059827	62	62	1.0987739389937e-4	9.2203165414489e-4
K01521	group	IBS-D	2.14872244909029	0.520219067844369	62	52	1.1380403965377e-4	9.2694274785354e-4
K03112	group	IBS-D	2.14872244909029	0.520219067844369	62	52	1.1380403965377e-4	9.2694274785354e-4
K03567	group	IBS-D	2.14872244909029	0.520219067844369	62	52	1.1380403965377e-4	9.2694274785354e-4
K03807	group	IBS-D	2.14872244909029	0.520219067844369	62	52	1.1380403965377e-4	9.2694274785354e-4
K05517	group	IBS-D	2.14872244909029	0.520219067844369	62	52	1.1380403965377e-4	9.2694274785354e-4
K06858	group	IBS-D	2.14872244909029	0.520219067844369	62	52	1.1380403965377e-4	9.2694274785354e-4
K07637	group	IBS-D	2.14872244909029	0.520219067844369	62	52	1.1380403965377e-4	9.2694274785354e-4
K07660	group	IBS-D	2.14872244909029	0.520219067844369	62	52	1.1380403965377e-4	9.2694274785354e-4
K09918	group	IBS-D	2.14872244909029	0.520219067844369	62	52	1.1380403965377e-4	9.2694274785354e-4
K10011	group	IBS-D	2.14872244909029	0.520219067844369	62	52	1.1380403965377e-4	9.2694274785354e-4
K10015	group	IBS-D	2.14872244909029	0.520219067844369	62	52	1.1380403965377e-4	9.2694274785354e-4
K10016	group	IBS-D	2.14872244909029	0.520219067844369	62	52	1.1380403965377e-4	9.2694274785354e-4
K10017	group	IBS-D	2.14872244909029	0.520219067844369	62	52	1.1380403965377e-4	9.2694274785354e-4
K12963	group	IBS-D	2.14872244909029	0.520219067844369	62	52	1.1380403965377e-4	9.2694274785354e-4
K13014	group	IBS-D	2.14872244909029	0.520219067844369	62	52	1.1380403965377e-4	9.2694274785354e-4
K13053	group	IBS-D	2.14872244909029	0.520219067844369	62	52	1.1380403965377e-4	9.2694274785354e-4
K18298	group	IBS-D	2.28984345670949	0.55391672034458606	62	54	1.1246655080764e-4	9.2694274785354e-4
K05596	group	IBS-D	-1.62936148259202	0.395010976927569	62	62	1.1596676828346e-4	9.4130684892399e-4
K16322	group	IBS-D	2.15052075458881	0.52133437101754	62	52	1.158960506002e-4	9.4130684892399e-4
K02410	group	IBS-D	-1.26436601247523	0.306853144961856	62	62	1.1771364634195e-4	9.5384459819353e-4
K16234	group	IBS-D	-1.84205037491017	0.447800756607521	62	62	1.204801109711e-4	9.7458696970792e-4
K08964	group	IBS-D	-2.39923635917736	0.583439164146248	62	13	1.210175570077e-4	9.7725821720602e-4
K02411	group	IBS-D	-1.20417995081086	0.293266670271196	62	62	1.235503906035e-4	9.9600622578825e-4
K00457	group	IBS-D	-2.47564374237228	0.603173708728159	62	62	1.2427310639357e-4	0.00100012281527662
K15520	group	IBS-D	-1.97995909457266	0.482942350590661	62	62	1.2620672843406e-4	0.00100539008664704
K15521	group	IBS-D	-1.97995909457266	0.482942350590661	62	62	1.2620672843406e-4	0.00100539008664704
K15525	group	IBS-D	-1.97995909457266	0.482942350590661	62	62	1.2620672843406e-4	0.00100539008664704
K15526	group	IBS-D	-1.97995909457266	0.482942350590661	62	62	1.2620672843406e-4	0.00100539008664704
K17883	group	IBS-D	-1.97995909457266	0.482942350590661	62	62	1.2620672843406e-4	0.00100539008664704
K18455	group	IBS-D	-1.98039671726643	0.482976789940601	62	62	1.2594589199259e-4	0.00100539008664704
K11534	group	IBS-D	-1.75657543704413	0.42902010639784	62	8	1.2852164977733e-4	0.00102210472234384
K02657	group	IBS-D	-3.41951861708757	0.838309243536948	62	61	1.3532400321668e-4	0.00106704086484221
K03649	group	IBS-D	2.29915545912347	0.563541996298053	62	52	1.3497677806804e-4	0.00106704086484221
K03889	group	IBS-D	-2.88904648199128	0.708340179113838	62	53	1.3552957549628e-4	0.00106704086484221
K03890	group	IBS-D	-2.88904648199128	0.708340179113838	62	53	1.3552957549628e-4	0.00106704086484221
K03891	group	IBS-D	-2.88904648199128	0.708340179113838	62	53	1.3552957549628e-4	0.00106704086484221
K15733	group	IBS-D	-2.88904648199128	0.708340179113838	62	53	1.3552957549628e-4	0.00106704086484221
K01608	group	IBS-D	2.07233037582402	0.50859698877577	62	53	1.3737002422873e-4	0.00107972839043784
K03776	group	IBS-D	-2.97939491483592	0.732222549460309	62	61	1.3999210882677e-4	0.00109850713016153
K00150	group	IBS-D	-2.80373298887674	0.689496870290827	62	13	1.4123322540351e-4	0.00110640513455641
K00748	group	IBS-D	0.138455179078563	0.0340588646717162	62	62	1.4179062046741e-4	0.0011089296287302
K09880	group	IBS-D	-2.80122737222941	0.689472248990536	62	13	1.4289712403265e-4	0.00111573317373843
K10873	group	IBS-D	-1.22523485132489	0.302008628555423	62	9	1.4575609393473e-4	0.00113617477520037
K00697	group	IBS-D	-3.02088434502404	0.745066291529843	62	39	1.4695148919206e-4	0.00114360267826693
K18778	group	IBS-D	-2.77282530296762	0.683973475373819	62	60	1.4720899806849e-4	0.00114371933260464
K17218	group	IBS-D	-3.26762187803545	0.807065761818761	62	61	1.4981111270594e-4	0.00116202172289679
K02419	group	IBS-D	-1.22106577140709	0.302196377233276	62	62	1.5394693395198e-4	0.00119214078902717
K00130	group	IBS-D	-2.71576579403807	0.673118262482832	62	62	1.5708623715638e-4	0.00121445687611393
K02400	group	IBS-D	-1.21789611416509	0.30192581680752	62	62	1.5753076962814e-4	0.00121590034298908
K07062	group	IBS-D	-2.10148233409411	0.521130671924829	62	62	1.5817249599957e-4	0.00121817042876856
K18968	group	IBS-D	2.34143461960962	0.580680599393456	62	54	1.5834149127123e-4	0.00121817042876856
K02401	group	IBS-D	-1.2232275336902	0.303457793652813	62	62	1.5901023923162e-4	0.00122132294497778
K02388	group	IBS-D	-1.21776125778339	0.302434089127463	62	62	1.6138248728233e-4	0.00123199513353167
K02397	group	IBS-D	-1.24779604881485	0.309889383974133	62	62	1.6135500826317e-4	0.00123199513353167
K02412	group	IBS-D	-1.21788525412566	0.302473541153031	62	62	1.61444654903e-4	0.00123199513353167
K02420	group	IBS-D	-1.21788525412566	0.302473541153031	62	62	1.61444654903e-4	0.00123199513353167
K07156	group	IBS-D	-2.57032602585912	0.638731178247314	62	62	1.6269388905074e-4	0.0012395224244965
K02014	group	IBS-D	0.199238070744034	0.0495311445549642	62	62	1.6358315763785e-4	0.00124428737325824
K02409	group	IBS-D	-1.21246657644354	0.301681551856196	62	62	1.6548036375031e-4	0.0012566914580459
K01150	group	IBS-D	2.11310806806776	0.526147067078383	62	52	1.6705403173617e-4	0.00126603104858502
K02421	group	IBS-D	-1.21893806222676	0.30353201665121	62	62	1.6724710417058e-4	0.00126603104858502
K07028	group	IBS-D	2.09728164903093	0.523253359509046	62	53	1.7159320049701e-4	0.00129684861144859
K12875	group	IBS-D	-2.49113920670003	0.621816569167752	62	35	1.7270020500703e-4	0.00130312666690108
K02658	group	IBS-D	-3.29930800831881	0.823752562630414	62	61	1.732833135213e-4	0.00130335583184446
K02659	group	IBS-D	-3.29933769707007	0.823732859630443	62	61	1.7320717270861e-4	0.00130335583184446
K09763	group	IBS-D	-2.33852264717581	0.584019271888313	62	13	1.7387916131113e-4	0.0013057549757059
K19119	group	IBS-D	-1.56790286703249	0.39262938998434	62	62	1.8027620336812e-4	0.00135164161380617
K16171	group	IBS-D	-3.69193448664426	0.924729184743382	62	52	1.8081173000673e-4	0.00135350495033611
K19117	group	IBS-D	-1.5668962917485	0.392559980024756	62	62	1.8139451544699e-4	0.00135571558613001
K02405	group	IBS-D	-1.20648644515848	0.302369943092907	62	62	1.8223066922955e-4	0.0013598098672256
K01252	group	IBS-D	-1.98106975406018	0.496902633134071	62	62	1.8421990217266e-4	0.00137248192519164
K00575	group	IBS-D	-1.21906680791726	0.306219320318091	62	62	1.8781427505971e-4	0.00139705381889842
K02387	group	IBS-D	-1.20825887438356	0.303700817917233	62	62	1.8942767153405e-4	0.00140683606134584
K05845	group	IBS-D	-1.08662413805353	0.27340341744168	62	62	1.9197170637898e-4	0.00142348831333854
K01613	group	IBS-D	0.151634632041102	0.038159413139564	62	62	1.9243133328033e-4	0.00142465646428577
K02408	group	IBS-D	-1.20525596484585	0.303447964834893	62	62	1.9361358395309e-4	0.00143116247950284
K11906	group	IBS-D	-2.89302778044191	0.728689855255984	62	61	1.9470491952824e-4	0.00143697715257468
K02556	group	IBS-D	-1.18845415736942	0.299773869387303	62	62	1.9840597881518e-4	0.00146200405639439
K02674	group	IBS-D	-2.87367276022962	0.728217184111476	62	60	2.1082658316454e-4	0.00155021676187907
K08296	group	IBS-D	-0.691426485150133	0.175227562378195	62	62	2.1103459735503e-4	0.00155021676187907
K09793	group	IBS-D	-1.89387427213591	0.480335836977653	62	61	2.1318539689818e-4	0.00156358060928744
K02416	group	IBS-D	-1.19720241298725	0.303702360553989	62	62	2.1374138912616e-4	0.00156522420981213
K00020	group	IBS-D	-1.03873112844459	0.263709537002367	62	62	2.1594682039096e-4	0.00157746758294423
K16650	group	IBS-D	-1.7047492510731	0.432816800424862	62	62	2.1608228553477e-4	0.00157746758294423
K01118	group	IBS-D	-0.815445875627642	0.20706180154612	62	62	2.1647945596313e-4	0.00157792444253805
K11735	group	IBS-D	-2.32358335253661	0.591866289491329	62	61	2.2547036685958e-4	0.00164092322547806
K01801	group	IBS-D	-3.3093902345055	0.844175146925393	62	52	2.2967087467513e-4	0.00166635053071993
K06075	group	IBS-D	2.33798651453814	0.596315021062283	62	54	2.2932346014866e-4	0.00166635053071993
K01829	group	IBS-D	-2.83266757442484	0.722832702090161	62	12	2.3075093018708e-4	0.00167161503342901
K03517	group	IBS-D	0.314101065949313	0.0802141774149291	62	62	2.3309313881801e-4	0.00168599270347505
K02452	group	IBS-D	-1.96754670883253	0.502777820434367	62	19	2.3496597824502e-4	0.00169693652894878
K12976	group	IBS-D	1.97739214238701	0.50604261298507	62	53	2.3949260577989e-4	0.0017269833774586601
K06861	group	IBS-D	0.13383829059848	0.0343011261732064	62	62	2.440274845876e-4	0.00175699788903072
K07065	group	IBS-D	-2.75277471730822	0.70731446393309	62	21	2.5218251937017e-4	0.00181294628254534
K07181	group	IBS-D	-1.66798207254065	0.430063028999937	62	62	2.6353558770947e-4	0.0018916801090379
K00793	group	IBS-D	0.113466643217731	0.0292704915210858	62	62	2.6524773523116e-4	0.00190107647317654
K01724	group	IBS-D	-3.40920524172132	0.880195333302852	62	61	2.6808896725542e-4	0.00191713990894744
K07347	group	IBS-D	-2.71574907280639	0.70120131183176	62	62	2.6830202288068e-4	0.00191713990894744
K10014	group	IBS-D	2.0539691910797	0.53302200981771	62	52	2.8604424610974e-4	0.00204082400098871
K00032	group	IBS-D	2.04237355097352	0.530419699209135	62	53	2.8882237956032e-4	0.00204517468769742
K00148	group	IBS-D	2.04237355097352	0.530419699209135	62	53	2.8882237956032e-4	0.00204517468769742
K00471	group	IBS-D	2.04237355097352	0.530419699209135	62	53	2.8882237956032e-4	0.00204517468769742
K00569	group	IBS-D	2.04237355097352	0.530419699209135	62	53	2.8882237956032e-4	0.00204517468769742
K11441	group	IBS-D	2.04237355097352	0.530419699209135	62	53	2.8882237956032e-4	0.00204517468769742
K01247	group	IBS-D	-3.13779419577398	0.815184526147433	62	61	2.9005541707687e-4	0.00205082660709826
K00050	group	IBS-D	-1.82737736817905	0.475256510206185	62	62	2.9401487370229e-4	0.00207570979697609
K02858	group	IBS-D	-1.41408941846092	0.367874447907801	62	62	2.9506185662109e-4	0.00207998761707785
K05566	group	IBS-D	-1.11376015019244	0.29005733633521	62	62	2.9909058493942e-4	0.00210210312753254
K07346	group	IBS-D	-3.20970255043721	0.835819779796025	62	61	2.9870814440676e-4	0.00210210312753254
K07245	group	IBS-D	-2.47804343154062	0.646409923547312	62	62	3.0524887634422e-4	0.00214219300720145
K13020	group	IBS-D	-2.26861573513893	0.591864665160882	62	51	3.0579754006903e-4	0.00214285467899787
K12573	group	IBS-D	0.0869056061779647	0.0227682928328916	62	62	3.2220527891754e-4	0.0022544808536723
K12343	group	IBS-D	-2.94170113050105	0.772349342609274	62	51	3.3090267530889e-4	0.00231190669149145
K09968	group	IBS-D	-3.05858911929838	0.80526700131661	62	48	3.4243160992613e-4	0.00238891637930717
K07782	group	IBS-D	2.07741499445235	0.547566311817096	62	55	3.4727173273963e-4	0.00241910412348613
K05569	group	IBS-D	-1.03172423011021	0.272412272704834	62	62	3.5472005280395e-4	0.00246371100003457
K05570	group	IBS-D	-1.03172423011021	0.272412272704834	62	62	3.5472005280395e-4	0.00246371100003457
K05794	group	IBS-D	-1.05171555230233	0.277918098868624	62	62	3.5830119987628e-4	0.00248492420384785
K15918	group	IBS-D	-2.26509507043574	0.598744303374669	62	12	3.5968390238368e-4	0.00249085063677158
K02418	group	IBS-D	-1.26233046338707	0.333822114586929	62	62	3.6158762001514e-4	0.00250036248679096
K17713	group	IBS-D	-3.06985054090001	0.814689553700466	62	61	3.7752157263834e-4	0.0026067228939421
K06216	group	IBS-D	-1.32212123978393	0.350982315187315	62	9	3.7899679969411e-4	0.002613083197891
K03774	group	IBS-D	-3.04757690699642	0.8099748141405	62	61	3.8437487173777e-4	0.0026462947373947
K07667	group	IBS-D	-1.87208342084821	0.497676159468431	62	61	3.8550400502356e-4	0.00265019954473928
K02058	group	IBS-D	-0.934402981086419	0.248435042533181	62	62	3.8611935042677e-4	0.00265056602127029
K13635	group	IBS-D	-3.48689347013795	0.927243192946686	62	52	3.8694478907381e-4	0.00265237154836059
K12339	group	IBS-D	-3.04575630122346	0.810052018001807	62	61	3.8762483089666e-4	0.00265317663644217
K00102	group	IBS-D	-3.4733032129877	0.930021390161949	62	52	4.2057719885591e-4	0.0026782302644621
K00214	group	IBS-D	-2.20280203534372	0.593208152985751	62	12	4.5034703132282e-4	0.0026782302644621
K00218	group	IBS-D	-2.20280203534372	0.593208152985751	62	12	4.5034703132282e-4	0.0026782302644621
K00367	group	IBS-D	-2.20280203534372	0.593208152985751	62	12	4.5034703132282e-4	0.0026782302644621
K00441	group	IBS-D	-2.20280203534372	0.593208152985751	62	12	4.5034703132282e-4	0.0026782302644621
K00464	group	IBS-D	-2.20280203534372	0.593208152985751	62	12	4.5034703132282e-4	0.0026782302644621
K00801	group	IBS-D	-2.20280203534372	0.593208152985751	62	12	4.5034703132282e-4	0.0026782302644621
K01602	group	IBS-D	-2.20984096813286	0.593777738411918	62	12	4.385128242963e-4	0.0026782302644621
K02092	group	IBS-D	-2.20280203534372	0.593208152985751	62	12	4.5034703132282e-4	0.0026782302644621
K02093	group	IBS-D	-2.20280203534372	0.593208152985751	62	12	4.5034703132282e-4	0.0026782302644621
K02094	group	IBS-D	-2.20280203534372	0.593208152985751	62	12	4.5034703132282e-4	0.0026782302644621
K02095	group	IBS-D	-2.20280203534372	0.593208152985751	62	12	4.5034703132282e-4	0.0026782302644621
K02096	group	IBS-D	-2.20280203534372	0.593208152985751	62	12	4.5034703132282e-4	0.0026782302644621
K02097	group	IBS-D	-2.20280203534372	0.593208152985751	62	12	4.5034703132282e-4	0.0026782302644621
K02284	group	IBS-D	-2.20280203534372	0.593208152985751	62	12	4.5034703132282e-4	0.0026782302644621
K02285	group	IBS-D	-2.20280203534372	0.593208152985751	62	12	4.5034703132282e-4	0.0026782302644621
K02288	group	IBS-D	-2.20280203534372	0.593208152985751	62	12	4.5034703132282e-4	0.0026782302644621
K02289	group	IBS-D	-2.20280203534372	0.593208152985751	62	12	4.5034703132282e-4	0.0026782302644621
K02290	group	IBS-D	-2.20280203534372	0.593208152985751	62	12	4.5034703132282e-4	0.0026782302644621
K02293	group	IBS-D	-2.20280203534372	0.593208152985751	62	12	4.5034703132282e-4	0.0026782302644621
K02294	group	IBS-D	-2.20280203534372	0.593208152985751	62	12	4.5034703132282e-4	0.0026782302644621
K02390	group	IBS-D	-1.23025090512581	0.329374702483771	62	62	4.1995252497408e-4	0.0026782302644621
K02634	group	IBS-D	-2.20280203534372	0.593208152985751	62	12	4.5034703132282e-4	0.0026782302644621
K02637	group	IBS-D	-2.20280203534372	0.593208152985751	62	12	4.5034703132282e-4	0.0026782302644621
K02638	group	IBS-D	-2.20280203534372	0.593208152985751	62	12	4.5034703132282e-4	0.0026782302644621
K02639	group	IBS-D	-2.20280203534373	0.593208152985751	62	12	4.503470313228e-4	0.0026782302644621
K02640	group	IBS-D	-2.20280203534372	0.593208152985751	62	12	4.5034703132282e-4	0.0026782302644621
K02641	group	IBS-D	-2.20280203534372	0.593208152985751	62	12	4.5034703132282e-4	0.0026782302644621
K02643	group	IBS-D	-2.20280203534372	0.593208152985751	62	12	4.5034703132282e-4	0.0026782302644621
K02691	group	IBS-D	-2.20280203534372	0.593208152985751	62	12	4.5034703132282e-4	0.0026782302644621
K02693	group	IBS-D	-2.20280203534372	0.593208152985751	62	12	4.5034703132282e-4	0.0026782302644621
K02694	group	IBS-D	-2.20280203534372	0.593208152985751	62	12	4.5034703132282e-4	0.0026782302644621
K02697	group	IBS-D	-2.20280203534372	0.593208152985751	62	12	4.5034703132282e-4	0.0026782302644621
K02698	group	IBS-D	-2.20280203534372	0.593208152985751	62	12	4.5034703132282e-4	0.0026782302644621
K02700	group	IBS-D	-2.20280203534372	0.593208152985751	62	12	4.5034703132282e-4	0.0026782302644621
K02703	group	IBS-D	-2.20280203534372	0.593208152985751	62	12	4.5034703132282e-4	0.0026782302644621
K02704	group	IBS-D	-2.20280203534372	0.593208152985751	62	12	4.5034703132282e-4	0.0026782302644621
K02705	group	IBS-D	-2.20280203534372	0.593208152985751	62	12	4.5034703132282e-4	0.0026782302644621
K02706	group	IBS-D	-2.20280203534372	0.593208152985751	62	12	4.5034703132282e-4	0.0026782302644621
K02707	group	IBS-D	-2.20280203534372	0.593208152985751	62	12	4.5034703132282e-4	0.0026782302644621
K02709	group	IBS-D	-2.20280203534372	0.593208152985751	62	12	4.5034703132282e-4	0.0026782302644621
K02711	group	IBS-D	-2.20280203534372	0.593208152985751	62	12	4.5034703132282e-4	0.0026782302644621
K02714	group	IBS-D	-2.20280203534372	0.593208152985751	62	12	4.5034703132282e-4	0.0026782302644621
K02715	group	IBS-D	-2.20280203534372	0.593208152985751	62	12	4.5034703132282e-4	0.0026782302644621
K02716	group	IBS-D	-2.20280203534372	0.593208152985751	62	12	4.5034703132282e-4	0.0026782302644621
K02717	group	IBS-D	-2.20280203534372	0.593208152985751	62	12	4.5034703132282e-4	0.0026782302644621
K02718	group	IBS-D	-2.20280203534372	0.593208152985751	62	12	4.5034703132282e-4	0.0026782302644621
K02720	group	IBS-D	-2.20280203534372	0.593208152985751	62	12	4.5034703132282e-4	0.0026782302644621
K02722	group	IBS-D	-2.20280203534372	0.593208152985751	62	12	4.5034703132282e-4	0.0026782302644621
K02723	group	IBS-D	-2.20280203534372	0.593208152985751	62	12	4.5034703132282e-4	0.0026782302644621
K02724	group	IBS-D	-2.20280203534372	0.593208152985751	62	12	4.5034703132282e-4	0.0026782302644621
K03092	group	IBS-D	0.309732226176775	0.0827357455147256	62	62	4.0858170093949e-4	0.0026782302644621
K03650	group	IBS-D	0.0861517879342751	0.0231787628877208	62	62	4.4535772563297e-4	0.0026782302644621
K04061	group	IBS-D	-1.14866913601955	0.30815457132418	62	62	4.3025942380536e-4	0.0026782302644621
K04068	group	IBS-D	0.102273090921468	0.0275139281333559	62	62	4.4493271738138e-4	0.0026782302644621
K04752	group	IBS-D	-3.26845957531201	0.87052056923768	62	61	3.9437667044825e-4	0.0026782302644621
K05356	group	IBS-D	-2.20280203534372	0.593208152985751	62	12	4.5034703132282e-4	0.0026782302644621
K05371	group	IBS-D	-2.20280203534372	0.593208152985751	62	12	4.5034703132282e-4	0.0026782302644621
K05572	group	IBS-D	-2.20280203534372	0.593208152985751	62	12	4.5034703132282e-4	0.0026782302644621
K05573	group	IBS-D	-2.20280203534372	0.593208152985751	62	12	4.5034703132282e-4	0.0026782302644621
K05574	group	IBS-D	-2.20280203534372	0.593208152985751	62	12	4.5034703132282e-4	0.0026782302644621
K05575	group	IBS-D	-2.20280203534372	0.593208152985751	62	12	4.5034703132282e-4	0.0026782302644621
K05576	group	IBS-D	-2.21964010676633	0.596676098359335	62	12	4.4085087196373e-4	0.0026782302644621
K05577	group	IBS-D	-2.21256311500636	0.594001866261137	62	12	4.3405614157527e-4	0.0026782302644621
K05578	group	IBS-D	-2.20280203534372	0.593208152985751	62	12	4.5034703132282e-4	0.0026782302644621
K05579	group	IBS-D	-2.20280203534372	0.593208152985751	62	12	4.5034703132282e-4	0.0026782302644621
K05580	group	IBS-D	-2.20280203534372	0.593208152985751	62	12	4.5034703132282e-4	0.0026782302644621
K05581	group	IBS-D	-2.20280203534372	0.593208152985751	62	12	4.5034703132282e-4	0.0026782302644621
K05582	group	IBS-D	-2.20280203534372	0.593208152985751	62	12	4.5034703132282e-4	0.0026782302644621
K05583	group	IBS-D	-2.20280203534372	0.593208152985751	62	12	4.5034703132282e-4	0.0026782302644621
K05584	group	IBS-D	-2.20280203534372	0.593208152985751	62	12	4.5034703132282e-4	0.0026782302644621
K05585	group	IBS-D	-2.20280203534372	0.593208152985751	62	12	4.5034703132282e-4	0.0026782302644621
K06118	group	IBS-D	-2.21655238771872	0.594334198532399	62	12	4.2764255190944e-4	0.0026782302644621
K06873	group	IBS-D	-2.20280203534372	0.593208152985751	62	12	4.5034703132282e-4	0.0026782302644621
K07769	group	IBS-D	-2.20280203534372	0.593208152985751	62	12	4.5034703132282e-4	0.0026782302644621
K07978	group	IBS-D	-2.20280203534372	0.593208152985751	62	12	4.5034703132282e-4	0.0026782302644621
K08481	group	IBS-D	-2.20280203534372	0.593208152985751	62	12	4.5034703132282e-4	0.0026782302644621
K08902	group	IBS-D	-2.20280203534372	0.593208152985751	62	12	4.5034703132282e-4	0.0026782302644621
K08903	group	IBS-D	-2.20280203534372	0.593208152985751	62	12	4.5034703132282e-4	0.0026782302644621
K08906	group	IBS-D	-2.20280203534372	0.593208152985751	62	12	4.5034703132282e-4	0.0026782302644621
K09012	group	IBS-D	-2.20280203534372	0.593208152985751	62	12	4.5034703132282e-4	0.0026782302644621
K09744	group	IBS-D	-2.20280203534372	0.593208152985751	62	12	4.5034703132282e-4	0.0026782302644621
K09942	group	IBS-D	-2.20280203534372	0.593208152985751	62	12	4.5034703132282e-4	0.0026782302644621
K11521	group	IBS-D	-2.20280203534372	0.593208152985751	62	12	4.5034703132282e-4	0.0026782302644621
K11720	group	IBS-D	0.128983347985194	0.0343974541376493	62	62	4.0054543130107e-4	0.0026782302644621
K11780	group	IBS-D	-2.20280203534372	0.593208152985751	62	12	4.5034703132282e-4	0.0026782302644621
K11781	group	IBS-D	-2.20280203534372	0.593208152985751	62	12	4.5034703132282e-4	0.0026782302644621
K12073	group	IBS-D	-2.20280203534372	0.593208152985751	62	12	4.5034703132282e-4	0.0026782302644621
K13799	group	IBS-D	-2.20280203534372	0.593208152985751	62	12	4.5034703132282e-4	0.0026782302644621
K14330	group	IBS-D	-2.20280203534372	0.593208152985751	62	12	4.5034703132282e-4	0.0026782302644621
K14331	group	IBS-D	-2.20280203534372	0.593208152985751	62	12	4.5034703132282e-4	0.0026782302644621
K14518	group	IBS-D	-2.20280203534372	0.593208152985751	62	12	4.5034703132282e-4	0.0026782302644621
K14605	group	IBS-D	-2.20280203534372	0.593208152985751	62	12	4.5034703132282e-4	0.0026782302644621
K14606	group	IBS-D	-2.20280203534372	0.593208152985751	62	12	4.5034703132282e-4	0.0026782302644621
K15226	group	IBS-D	-2.20280203534372	0.593208152985751	62	12	4.5034703132282e-4	0.0026782302644621
K16127	group	IBS-D	-2.20280203534372	0.593208152985751	62	12	4.5034703132282e-4	0.0026782302644621
K17244	group	IBS-D	-2.20280203534372	0.593208152985751	62	12	4.5034703132282e-4	0.0026782302644621
K17245	group	IBS-D	-2.20280203534372	0.593208152985751	62	12	4.5034703132282e-4	0.0026782302644621
K17246	group	IBS-D	-2.20280203534372	0.593208152985751	62	12	4.5034703132282e-4	0.0026782302644621
K17892	group	IBS-D	-2.20280203534372	0.593208152985751	62	12	4.5034703132282e-4	0.0026782302644621
K18534	group	IBS-D	-2.20280203534372	0.593208152985751	62	12	4.5034703132282e-4	0.0026782302644621
K18678	group	IBS-D	-2.20280203534372	0.593208152985751	62	12	4.5034703132282e-4	0.0026782302644621
K19003	group	IBS-D	-2.20280203534372	0.593208152985751	62	12	4.5034703132282e-4	0.0026782302644621
K19052	group	IBS-D	-1.13778892972215	0.305137268870742	62	7	4.2859830146996e-4	0.0026782302644621
K08357	group	IBS-D	-1.4431495846862	0.388702746660765	62	10	4.5127001811382e-4	0.00268033930154258
K00632	group	IBS-D	-2.23024553752989	0.600859685575812	62	62	4.5268488600059e-4	0.00268536090865257
K07277	group	IBS-D	0.128700629193223	0.0346956776897366	62	62	4.5610154609015e-4	0.00270222976301652
K00924	group	IBS-D	-1.30122153246458	0.351537589429506	62	62	4.6779944239788e-4	0.00276805793017369
K00025	group	IBS-D	-3.31441542340377	0.897607675859836	62	37	4.8150112108125e-4	0.00284556301631476
K02417	group	IBS-D	-1.1182899951003	0.303156969919197	62	62	4.8720950103156e-4	0.00287210000858107
K11907	group	IBS-D	-2.90064502135447	0.786333717413709	62	61	4.8719886892736e-4	0.00287210000858107
K02022	group	IBS-D	-2.88963849093768	0.783737377456913	62	26	4.9004817276019e-4	0.00288522744411618
K07566	group	IBS-D	0.084168425940718	0.0228883038892431	62	62	5.053832999181e-4	0.00297180504041616
K11903	group	IBS-D	-2.7625998971739	0.751628789511302	62	61	5.0841117334752e-4	0.00298588679141587
K02635	group	IBS-D	-2.17800371196882	0.594153308851458	62	13	5.244858603452e-4	0.0030726401458236
K02636	group	IBS-D	-2.17800371196882	0.594153308851458	62	13	5.244858603452e-4	0.0030726401458236
K03408	group	IBS-D	-1.19244764831721	0.325731114981374	62	62	5.3272734422935e-4	0.00311318730531059
K05567	group	IBS-D	-1.03514115795089	0.282756038614386	62	62	5.3261845173744e-4	0.00311318730531059
K05358	group	IBS-D	1.90423257313065	0.520631811757962	62	53	5.3834328392233e-4	0.00314211253338826
K03481	group	IBS-D	-1.41429739659449	0.386924118487858	62	62	5.4231658344522e-4	0.00316139061499097
K09912	group	IBS-D	1.90615556909174	0.521787279406696	62	53	5.4596065602779e-4	0.00317870426398404
K14393	group	IBS-D	-2.66115110341964	0.729968632355184	62	62	5.5924427086101e-4	0.00324964006076661
K17103	group	IBS-D	0.161236753739335	0.0442300413179335	62	62	5.5952241928381e-4	0.00324964006076661
K07659	group	IBS-D	-3.12837502835116	0.858551489786607	62	61	5.6242861044571e-4	0.00326250101705044
K03802	group	IBS-D	-2.72637911041978	0.748376784494737	62	58	5.6372743252648e-4	0.00326601790146795
K03284	group	IBS-D	0.0890518241884323	0.0244589890650417	62	62	5.6767044225464e-4	0.00328482675542689
K11900	group	IBS-D	-2.74182138137831	0.753378091694007	62	61	5.7036902545844e-4	0.00329639745595836
K09690	group	IBS-D	-1.55204574523228	0.426896505898722	62	62	5.7714724536019e-4	0.00333148887285027
K15269	group	IBS-D	-3.8882281550292	1.06970761255331	62	45	5.7860978952074e-4	0.00333584812638121
K11893	group	IBS-D	-2.7379440214572	0.753537948064061	62	61	5.8118480809515e-4	0.00333845012786451
K11895	group	IBS-D	-2.7379440214572	0.753537948064061	62	61	5.8118480809515e-4	0.00333845012786451
K11901	group	IBS-D	-2.7379440214572	0.753537948064061	62	61	5.8118480809515e-4	0.00333845012786451
K07246	group	IBS-D	-1.86165874451288	0.512454263320954	62	62	5.8233481546283e-4	0.00334098660550211
K04033	group	IBS-D	1.84478118226982	0.50854794358885	62	54	5.9217403276795e-4	0.00339330830927543
K02554	group	IBS-D	-1.33341861924812	0.367943658605724	62	10	5.9891507961639e-4	0.00342777125663948
K17316	group	IBS-D	-1.98760060180803	0.549212640543434	62	59	6.0842775407924e-4	0.00347799428877297
K18923	group	IBS-D	-1.51481658239971	0.418801315278153	62	13	6.1223611440649e-4	0.00349552725852423
K03724	group	IBS-D	-0.805578020111906	0.222774937740801	62	62	6.1402577367453e-4	0.00349727723266802
K07304	group	IBS-D	-0.815702291346051	0.225561306742609	62	62	6.1360835334262e-4	0.00349727723266802
K00065	group	IBS-D	-1.06996063262884	0.295968403709263	62	62	6.1595125039993e-4	0.00350045629266188
K17317	group	IBS-D	-1.98408731505693	0.548839744042195	62	59	6.1606843149053e-4	0.00350045629266188
K11904	group	IBS-D	-3.21689593391774	0.890017572514738	62	61	6.173158245088e-4	0.00350332301851205
K03978	group	IBS-D	0.0830023608649732	0.0229942327491657	62	62	6.2659182098207e-4	0.00355169113912437
K10843	group	IBS-D	-1.65133921284467	0.457633751436242	62	62	6.2912041594431e-4	0.0035617429550941
K00848	group	IBS-D	-0.596194150289952	0.165431105612104	62	62	6.3822831622943e-4	0.00360897450759952
K08717	group	IBS-D	1.92510148994026	0.534443340201663	62	56	6.4189480168244e-4	0.00362536034099932
K07734	group	IBS-D	-2.94691232711041	0.820820129572919	62	61	6.6638241783734e-4	0.0037591620604317
K07638	group	IBS-D	-2.93274792263812	0.819416696891801	62	61	6.9017802002495e-4	0.00388874497304385
K00794	group	IBS-D	0.10158272887375	0.0284192950779588	62	62	7.0032823023209e-4	0.00393184277830303
K05785	group	IBS-D	-1.38264150608558	0.38678553819326	62	7	6.9973395138781e-4	0.00393184277830303
K11752	group	IBS-D	0.101865020499038	0.0284931457489962	62	62	6.9891335224522e-4	0.00393184277830303
K01596	group	IBS-D	-1.10966607930398	0.311793253278753	62	62	7.3515805533657e-4	0.00412247965394446
K08994	group	IBS-D	-2.19625987625562	0.617171868438505	62	62	7.3606591064493e-4	0.00412266844964551
K01194	group	IBS-D	-2.25479517932875	0.633881882614578	62	23	7.394576641615e-4	0.00413675248420602
K01029	group	IBS-D	-2.24570779908173	0.631710796733566	62	62	7.4448532322115e-4	0.00415994405724048
K03484	group	IBS-D	-0.452772839474623	0.127383692964582	62	62	7.4579398636892e-4	0.00416232478072884
K00645	group	IBS-D	0.0817457066232404	0.023020487612514	62	62	7.5379589692174e-4	0.00420201117007439
K19745	group	IBS-D	-2.08338342710903	0.586779328381684	62	19	7.5487911875314e-4	0.0042030813743091
K00108	group	IBS-D	-2.46697436104842	0.695796430334099	62	61	7.6679674403435e-4	0.00426440264724765
K00767	group	IBS-D	0.272024449191727	0.0768284925121677	62	62	7.7857513703387e-4	0.00432480606154504
K05838	group	IBS-D	-0.691486039524084	0.195358891533433	62	62	7.8126877984987e-4	0.00433466301855532
K02407	group	IBS-D	-1.03650923006864	0.293111592704078	62	62	7.8947580138993e-4	0.0043750503870211
K11749	group	IBS-D	0.0812492188024557	0.0229994381371545	62	62	7.9832826655317e-4	0.00441891561627319
K03406	group	IBS-D	-1.11560502690559	0.316252760995915	62	62	8.1111895531153e-4	0.00448445134026868
K08169	group	IBS-D	-1.75115356372724	0.496505005526153	62	61	8.126746069952e-4	0.00448779092106486
K01805	group	IBS-D	-0.945749262640443	0.268477507524712	62	62	8.2371433655647e-4	0.00454122643234209
K06969	group	IBS-D	0.185915710991897	0.0527806771516208	62	62	8.2427689272366e-4	0.00454122643234209
K05837	group	IBS-D	0.0797907163780632	0.0226663118787225	62	62	8.2991918292941e-4	0.00456697650722882
K04708	group	IBS-D	-1.11959863242752	0.318456760519957	62	7	8.4173582324657e-4	0.00462121786080422
K11214	group	IBS-D	-1.11959863242752	0.318456760519957	62	7	8.4173582324657e-4	0.00462121786080422
K14645	group	IBS-D	-2.0730162717256	0.58974492708747	62	62	8.4329614889459e-4	0.00462440074207777
K01028	group	IBS-D	-2.21115094337362	0.629983584820918	62	62	8.5721037818006e-4	0.00469524290766226
K00018	group	IBS-D	0.129923089033978	0.0370207579645865	62	62	8.582494315224e-4	0.00469548064856109
K00863	group	IBS-D	-1.41443363027704	0.403779491260794	62	10	8.7574054717235e-4	0.00478396855829367
K07693	group	IBS-D	-0.839211199505312	0.239588144137127	62	62	8.7645225495456e-4	0.00478396855829367
K01182	group	IBS-D	-0.712134848169186	0.203760796488203	62	62	8.978839362557e-4	0.00489528398078835
K03570	group	IBS-D	0.0805158074440511	0.0230648063098169	62	62	9.0940503628261e-4	0.00495237199897091
K09858	group	IBS-D	-0.731346245650852	0.209532769699799	62	62	9.1077390791839e-4	0.00495410582438654
K08358	group	IBS-D	-1.74699573853235	0.500654958488581	62	10	9.1345411177579e-4	0.00496296035845006
K07094	group	IBS-D	-2.3011478708987	0.660180158302433	62	43	9.2424794382727e-4	0.00501582658583362
K03709	group	IBS-D	-0.422406325503882	0.121290140678535	62	62	9.3296468819295e-4	0.00505731203392871
K01520	group	IBS-D	0.0985651183803189	0.0284429995641724	62	62	9.8418518949594e-4	0.00532883737504351
K03782	group	IBS-D	-2.16480729754461	0.624884111207926	62	61	9.8730104139075e-4	0.00533957765045734
K19429	group	IBS-D	-1.94475200540673	0.563101915959872	62	15	0.00102046949554445	0.0055126393367556
K14652	group	IBS-D	0.0954609622134019	0.0276587648118695	62	62	0.00102761165283155	0.0055448701999469
K05962	group	IBS-D	2.02171433223893	0.586640330018588	62	54	0.00104398372902074	0.00562677401835638
K16925	group	IBS-D	-0.808831690361342	0.234739712803863	62	62	0.00104593423707001	0.00563085144066456
K02429	group	IBS-D	0.393818950010939	0.114595797144543	62	62	0.00107555217580184	0.00578369904342246
K02392	group	IBS-D	-1.09992148463513	0.320131518529376	62	62	0.00107803562302534	0.0057904510229926
K03181	group	IBS-D	-2.5997245103108	0.757104614974248	62	61	0.00108492926942038	0.00581423458475739
K09002	group	IBS-D	1.01940136361557	0.296867723743636	62	62	0.00108464436159673	0.00581423458475739
K09972	group	IBS-D	-2.09162801321213	0.609271671308684	62	61	0.00108751852523828	0.00582149530649688
K03520	group	IBS-D	-1.78277283207918	0.519817544416853	62	16	0.00109890236437645	0.00587576366258427
K16135	group	IBS-D	1.80008288263866	0.525090801103253	62	53	0.00110390290580071	0.00589581665204549
K11208	group	IBS-D	2.01179631771917	0.587612194670087	62	54	0.00111912788576761	0.00597037003312221
K01637	group	IBS-D	-2.0848135294322	0.609607175275678	62	62	0.00113209758600851	0.00602592800859606
K01638	group	IBS-D	-2.0848135294322	0.609607175275678	62	62	0.00113209758600851	0.00602592800859606
K03555	group	IBS-D	0.0884742274957419	0.0259051004261776	62	62	0.00114822832947896	0.00610489831096144
K03684	group	IBS-D	-0.533259096278686	0.156161450062529	62	62	0.00115008781894101	0.00610789882221376
K03750	group	IBS-D	-0.426182206066943	0.125165524820303	62	62	0.00118533096025741	0.0062879874112193
K10380	group	IBS-D	-1.40727256034857	0.413498585102136	62	10	0.00119121955236409	0.00631212517859443
K11939	group	IBS-D	-1.16465710306237	0.342883319616119	62	62	0.00121580540945028	0.00643517206618126
K00958	group	IBS-D	-2.39801764306451	0.70618327498121	62	56	0.00121920665633535	0.00644042692859196
K03741	group	IBS-D	-1.45026867982103	0.427095103407095	62	62	0.00121952952655484	0.00644042692859196
K03412	group	IBS-D	-1.16185566213467	0.34224560225482	62	62	0.0012227290840469	0.00645010107423397
K19138	group	IBS-D	1.02175161073495	0.301588170021729	62	62	0.00124878249689426	0.00658017682162383
K11892	group	IBS-D	-2.66944466934926	0.788262699066209	62	61	0.00125418162148508	0.00660125058808443
K15772	group	IBS-D	-0.667201059793235	0.197302446496134	62	62	0.00127299012627897	0.00669277752010213
K09966	group	IBS-D	-2.10771845702721	0.624268626908075	62	14	0.00129379947169758	0.00679460836138727
K15770	group	IBS-D	-0.644503421102473	0.190933120102163	62	62	0.00129678141932118	0.00680269318522659
K09859	group	IBS-D	-1.46208776155486	0.433760880999409	62	8	0.00131598121408708	0.00689574156181632
K03212	group	IBS-D	-0.658456459571654	0.195375355631042	62	62	0.00131802931576248	0.00689880827207089
K07225	group	IBS-D	-3.0608090749233	0.909630565116256	62	32	0.00133955317622471	0.00700369487702407
K11329	group	IBS-D	-2.31758892117305	0.689169874196979	62	22	0.00134782150241938	0.00703912093622345
K00140	group	IBS-D	-1.05166873704389	0.313703338887677	62	62	0.00139127992013335	0.00725804878689035
K10778	group	IBS-D	-0.837389950941876	0.249907308454961	62	62	0.00139817801104482	0.00728597513821807
K07305	group	IBS-D	-0.674892142196206	0.201526659923306	62	62	0.0014062859228149	0.00732013732008286
K03572	group	IBS-D	0.0861817576475127	0.0258048277438132	62	62	0.00144583605881903	0.00751770987143388
K17073	group	IBS-D	-1.06630558008256	0.319342023279643	62	10	0.00144883016027263	0.00752498131701073
K18384	group	IBS-D	-1.79638680350726	0.538249188536625	62	53	0.00145590455971902	0.00755340583458187
K08995	group	IBS-D	-2.10878787474545	0.631950956649471	62	59	0.00145817548635364	0.00755687427872941
K11261	group	IBS-D	-2.04017134422336	0.611505523383615	62	54	0.00146100376829704	0.00756322038560796
K07589	group	IBS-D	1.87867847727618	0.563493071035106	62	52	0.00147131429512018	0.00759991042254847
K13938	group	IBS-D	1.87867847727618	0.563493071035106	62	52	0.00147131429512018	0.00759991042254847
K01533	group	IBS-D	0.206400125681216	0.0621831314543922	62	62	0.00153845938013736	0.00793804642968029
K02431	group	IBS-D	-0.444272760484198	0.133951268200251	62	62	0.00155037782127537	0.00799079978703239
K03392	group	IBS-D	-1.45436154806633	0.439671574146567	62	17	0.00159227166195903	0.00819776545611223
K02347	group	IBS-D	-1.27700269059167	0.386303366749914	62	11	0.00160256071962131	0.00824174084376674
K06966	group	IBS-D	0.198033336008581	0.0599702090913882	62	62	0.00161956610247347	0.00832012389898137
K02422	group	IBS-D	-1.01795162919005	0.308322781231474	62	62	0.00162258036887481	0.00832653865028684
K09133	group	IBS-D	-1.84281639996849	0.559258853416457	62	16	0.00165450089185934	0.00847878539783027
K16649	group	IBS-D	-2.27377635508679	0.690103308655477	62	40	0.00165584422209535	0.00847878539783027
K00867	group	IBS-D	-0.55880197255732	0.169653584253179	62	62	0.00166109368413299	0.00849644014573881
K10805	group	IBS-D	-1.0911562161805901	0.331377206674966	62	62	0.00166604749113825	0.00851254601105959
K02771	group	IBS-D	3.57855592864574	1.08715218759135	62	29	0.00167163220580599	0.00853183710236042
K02414	group	IBS-D	-1.12938049224616	0.343703813286314	62	62	0.0017008501338118	0.00867157754708806
K13282	group	IBS-D	-2.66475905487442	0.812211136754306	62	56	0.00172678998096101	0.0087943213285228
K02398	group	IBS-D	-1.12288791127036	0.34312639783786	62	62	0.00177056990247275	0.00900755950384194
K06986	group	IBS-D	-1.12101882162971	0.343043298844867	62	10	0.00179543244369596	0.00912420194447216
K00610	group	IBS-D	0.221507139188283	0.067792274760787	62	62	0.00179771657325633	0.00912597562914622
K07044	group	IBS-D	1.76584442064501	0.541842392301201	62	53	0.00184388124259597	0.00935026230116407
K00570	group	IBS-D	-2.03070229669757	0.623228779468954	62	32	0.00184722146443381	0.00935236532769925
K09947	group	IBS-D	1.69131364547919	0.519099380898056	62	56	0.00184826218944353	0.00935236532769925
K10012	group	IBS-D	-1.70353220765286	0.523248916956363	62	60	0.00186204889423321	0.00941202849432351
K07016	group	IBS-D	0.983281862400865	0.302940539069483	62	62	0.00191784133492574	0.00968366138705545
K18292	group	IBS-D	3.01908830312078	0.93148885792929	62	54	0.00194460583817511	0.0098083006768276
K00278	group	IBS-D	0.373561719669042	0.115452347820561	62	62	0.00197676602534584	0.00995985958924248
K01720	group	IBS-D	1.84073207360737	0.569958961541757	62	53	0.00201266384765215	0.0101299068362087
K11902	group	IBS-D	-2.69679175173127	0.836257777253902	62	61	0.00204130790641897	0.0102631216275819
K08295	group	IBS-D	-1.59248453943403	0.494840784424015	62	16	0.00208206627348805	0.0104457707933719
K09461	group	IBS-D	-1.59248453943403	0.494840784424015	62	16	0.00208206627348805	0.0104457707933719
K02396	group	IBS-D	-1.00608503826026	0.312893534660458	62	62	0.00209914135267393	0.0105202450788632
K03770	group	IBS-D	0.276900394843719	0.0861578329090927	62	62	0.00210880881346619	0.0105574759706014
K02413	group	IBS-D	-1.09616248729252	0.34114527706658	62	62	0.00211312742422773	0.010559681821965
K19051	group	IBS-D	-1.60661512062965	0.500022127426913	62	14	0.00211372765901929	0.010559681821965
K03791	group	IBS-D	1.59795775152329	0.498014912670421	62	55	0.00214168792942192	0.0106880426192104
K01433	group	IBS-D	-0.651754337170672	0.203397379763472	62	62	0.00216923055833623	0.0108140500138622
K09386	group	IBS-D	-1.57581681875728	0.492559732667998	62	16	0.00220221553908029	0.0109668938567082
K06048	group	IBS-D	-1.15252347547915	0.36079039241553	62	62	0.0022336874120804	0.0111118880119949
K00172	group	IBS-D	-1.45064691929412	0.454636556547919	62	16	0.00225795006996221	0.0112207508218565
K02503	group	IBS-D	0.070970375161382	0.0222825149282886	62	62	0.00229665777454993	0.0114010926997658
K03305	group	IBS-D	0.324395907938778	0.101944816523946	62	62	0.00231674033267818	0.0114886933847637
K11905	group	IBS-D	-2.46458109450766	0.776391718632415	62	60	0.00236969300271643	0.0117266235055726
K11910	group	IBS-D	-2.46458109450766	0.776391718632415	62	60	0.00236969300271643	0.0117266235055726
K00301	group	IBS-D	1.91474317330307	0.603552788118915	62	54	0.00238334086132701	0.011768415957807
K01952	group	IBS-D	-0.105958177539431	0.0334028679000866	62	62	0.00238562460891932	0.011768415957807
K03647	group	IBS-D	-0.600366385847606	0.189242829042013	62	62	0.00238325542018002	0.011768415957807
K01818	group	IBS-D	-0.470570384563442	0.148618531005116	62	62	0.00242690256276663	0.0119595323782732
K07300	group	IBS-D	-1.50348099431673	0.475297024133368	62	62	0.00244877078105175	0.0120547004211274
K06221	group	IBS-D	-1.05119853983161	0.332876500789566	62	62	0.00248734735802542	0.0122318353914994
K07091	group	IBS-D	0.272488966815204	0.0863399605745448	62	62	0.00250142663573166	0.0122882583480318
K14059	group	IBS-D	-2.06252542984664	0.654191249255891	62	62	0.00252512517900289	0.0123917693487801
K12252	group	IBS-D	1.90702638725082	0.605036776973372	62	54	0.00253156527587951	0.0124104592942285
K03411	group	IBS-D	-1.01133628024055	0.321063071052854	62	62	0.00254613116847928	0.0124689040400294
K01792	group	IBS-D	-0.611944036053209	0.195122569562815	62	62	0.00265078618282329	0.0129679539815297
K07483	group	IBS-D	-0.315281057175438	0.10061903499948	62	62	0.00267249164827648	0.0130605913090901
K00067	group	IBS-D	0.15560208557159	0.0496809752024268	62	62	0.00268335383065563	0.0130922668872743
K09810	group	IBS-D	0.26686988501899	0.0852108670642259	62	62	0.00268452546225493	0.0130922668872743
K09808	group	IBS-D	0.270283461823182	0.0863361390984908	62	62	0.00269459425156792	0.0131277959611512
K01813	group	IBS-D	-0.564574268738383	0.180504992833728	62	62	0.00271708248620053	0.0132236955675147
K05522	group	IBS-D	-1.13394221526188	0.363028156482669	62	62	0.00275045731282153	0.0133723264817179
K01478	group	IBS-D	-0.488679849136234	0.156515150093213	62	62	0.00276100969346195	0.0134098060910057
K07664	group	IBS-D	-1.48638617143698	0.47655316354173	62	55	0.00278703172874431	0.0135222650542779
K08307	group	IBS-D	0.304116629721066	0.0976657768442067	62	62	0.00282945088604464	0.0137139675011167
K06940	group	IBS-D	-0.850032889898303	0.273021577309548	62	62	0.00283293818108032	0.0137167725482287
K00060	group	IBS-D	-2.62558164459415	0.844089731897095	62	27	0.00285678402942396	0.0138180445977061
K00169	group	IBS-D	-1.40039688524121	0.450274593960693	62	16	0.00286055041665224	0.0138220858247254
K05571	group	IBS-D	-0.91686786173373	0.295013091162752	62	62	0.00287897303375968	0.0138968647156711
K00097	group	IBS-D	0.274581828895273	0.0884932238297095	62	62	0.00292139853117646	0.0140872346349981
K15771	group	IBS-D	-0.587530886185424	0.189449701569901	62	62	0.00293507213765802	0.0141387131779318
K01424	group	IBS-D	0.0982309445752331	0.0317117082475766	62	62	0.0029661439829638	0.0142592609823214
K02038	group	IBS-D	-0.474585774127565	0.153204636234436	62	62	0.00296527653634209	0.0142592609823214
K02527	group	IBS-D	0.120317638439932	0.0389655491762744	62	62	0.00305191811687227	0.0146566658240016
K07263	group	IBS-D	0.273876535416515	0.088841472702068	62	62	0.00309679449703609	0.0148462704367137
K11897	group	IBS-D	-2.5904596533163202	0.840333944058848	62	61	0.00309769510384357	0.0148462704367137
K00346	group	IBS-D	0.346330177374698	0.112483946600357	62	62	0.00313127045157818	0.0149162337875179
K00347	group	IBS-D	0.346352700353699	0.112488060917118	62	62	0.00313047691424493	0.0149162337875179
K00348	group	IBS-D	0.346352700353699	0.112488060917118	62	62	0.00313047691424493	0.0149162337875179
K00349	group	IBS-D	0.346352700353699	0.112488060917118	62	62	0.00313047691424493	0.0149162337875179
K00350	group	IBS-D	0.346352700353699	0.112488060917118	62	62	0.00313047691424493	0.0149162337875179
K00351	group	IBS-D	0.346352700353699	0.112488060917118	62	62	0.00313047691424493	0.0149162337875179
K07778	group	IBS-D	-0.736438999730121	0.239278273484137	62	62	0.00314196374799959	0.0149520696625288
K00956	group	IBS-D	0.576923282339867	0.18750837797598	62	62	0.00315074027113642	0.0149787208857655
K03932	group	IBS-D	-2.62561570331299	0.853936281506948	62	46	0.00316961486819551	0.015053276654995
K02000	group	IBS-D	-0.90406397396966	0.294394142629562	62	62	0.00320452013990056	0.0152037394162686
K06959	group	IBS-D	0.0780202210672331	0.0254450442631126	62	62	0.00324835757721758	0.0153962355117167
K00517	group	IBS-D	-1.88337784681935	0.614819639367347	62	62	0.00327586975883507	0.0155110459665323
K10716	group	IBS-D	-0.418454494945566	0.137121424376019	62	62	0.00338714156478609	0.0160218250948157
K05286	group	IBS-D	-0.851353755395805	0.279326686470465	62	11	0.00342466155653098	0.0161668707713715
K18428	group	IBS-D	-0.851353755395805	0.279326686470465	62	11	0.00342466155653098	0.0161668707713715
K13928	group	IBS-D	1.75142486511639	0.575433214272273	62	55	0.00346641092909624	0.0163475939416179
K03775	group	IBS-D	0.298820430685688	0.0982367733826968	62	62	0.0034846267552661	0.0164170826951398
K00059	group	IBS-D	0.0730333755888659	0.0240172272257625	62	62	0.00349429075186664	0.0164461828201627
K02037	group	IBS-D	-0.470977524898392	0.154933906476974	62	62	0.00350447704668306	0.0164776807100273
K01640	group	IBS-D	-1.17587753320098	0.387028680061512	62	62	0.00352104449345522	0.0165390894732419
K06991	group	IBS-D	-1.98138137529565	0.652260805549697	62	59	0.00352614892469338	0.0165465854018448
K12990	group	IBS-D	-2.56559617677335	0.846387930227412	62	34	0.00359234070540916	0.0168404361498107
K00608	group	IBS-D	-1.94125071660157	0.640778797266985	62	18	0.00361000983009435	0.0168901245685555
K05782	group	IBS-D	-1.95618158283879	0.645709179156706	62	60	0.00361010296121796	0.0168901245685555
K03488	group	IBS-D	-0.539143874069015	0.178234123715569	62	62	0.00365787100785181	0.0170966498246077
K06902	group	IBS-D	-0.609127631765824	0.201616990206018	62	62	0.00369689279305494	0.0172619271406407
K16211	group	IBS-D	0.381306216636824	0.126305578406846	62	62	0.00372122532315916	0.0173583567003152
K19713	group	IBS-D	-1.43647125621131	0.475934515982267	62	9	0.00372874832577131	0.0173762619608078
K00128	group	IBS-D	-0.633729303355054	0.210656188202645	62	62	0.00383519363709714	0.0178194809778819
K07686	group	IBS-D	-1.71673233178915	0.570605546184289	62	26	0.00383238704379926	0.0178194809778819
K19334	group	IBS-D	-1.71673233178915	0.570605546184289	62	26	0.00383238704379926	0.0178194809778819
K02757	group	IBS-D	-0.487892112971735	0.162257047118226	62	62	0.00385109137019581	0.0178757351396097
K01649	group	IBS-D	-0.215319575464265	0.0716622868080811	62	62	0.00387606091641017	0.0179724117496431
K02609	group	IBS-D	-1.71960803116584	0.572573597532087	62	61	0.00389097379058218	0.0179724117496431
K02610	group	IBS-D	-1.71960803116584	0.572573597532087	62	61	0.00389097379058218	0.0179724117496431
K02611	group	IBS-D	-1.71960803116584	0.572573597532087	62	61	0.00389097379058218	0.0179724117496431
K02612	group	IBS-D	-1.71960803116584	0.572573597532087	62	61	0.00389097379058218	0.0179724117496431
K00480	group	IBS-D	-1.52670885706481	0.50855953350209	62	16	0.0039050882124674	0.0180023421407588
K01629	group	IBS-D	-0.529464994660321	0.176358287482374	62	62	0.00390301485397668	0.0180023421407588
K05568	group	IBS-D	-1.04048893735051	0.347056390854343	62	62	0.00394968780847868	0.0181900960126277
K07319	group	IBS-D	-0.845967064642098	0.282228018242647	62	11	0.00395622216385914	0.0181900960126277
K18344	group	IBS-D	1.62803489369898	0.543156976684566	62	61	0.00395738730045717	0.0181900960126277
K14977	group	IBS-D	-1.7112888655725	0.571259874517056	62	52	0.00397677193933456	0.0182613987009754
K07001	group	IBS-D	0.346814783513719	0.115831868977426	62	62	0.00399398621034513	0.018322605999988
K07216	group	IBS-D	-1.2028525043724	0.402566750122439	62	62	0.00406462623803944	0.0186285494058251
K02618	group	IBS-D	-1.70932695060746	0.572152028050086	62	61	0.00406945942060047	0.0186325928422833
K06158	group	IBS-D	0.101896493734857	0.034146046826469	62	62	0.00410898891576702	0.0187953363014134
K08998	group	IBS-D	0.149458086295732	0.05021237265809	62	62	0.00419879624206915	0.0191875223620137
K06191	group	IBS-D	-0.708475250020008	0.238656566086264	62	62	0.00429411439709788	0.0195851484494329
K09956	group	IBS-D	-1.83270886533168	0.617301971261534	62	62	0.00429041561766856	0.0195851484494329
K05516	group	IBS-D	0.25637897187973	0.0864176608565622	62	62	0.00431671805912629	0.0196502339448259
K15599	group	IBS-D	-1.21610959744769	0.409891138599055	62	62	0.00431469101276265	0.0196502339448259
K07146	group	IBS-D	-0.651476263113914	0.219968382572852	62	62	0.0043789709340932	0.0199143943347961
K00265	group	IBS-D	-1.52880386055135	0.518963864174175	62	62	0.00457876276385333	0.0208029337132296
K00852	group	IBS-D	-0.383279215564123	0.13014221013161	62	62	0.00458906320987254	0.0208296651566496
K09458	group	IBS-D	0.103582120832329	0.0351821456584934	62	62	0.00460088084360692	0.0208632250562021
K07177	group	IBS-D	-0.704463474622099	0.23940734134186	62	62	0.00462213986265983	0.02093949240375
K00957	group	IBS-D	0.543018917637394	0.184668624265067	62	62	0.00464858991970867	0.021039107544478
K00983	group	IBS-D	-0.826726387434546	0.281424965909552	62	62	0.00468616667962971	0.0211888418611061
K01676	group	IBS-D	0.260450142504274	0.0887295652947117	62	62	0.004716834357445	0.0213070793388033
K07107	group	IBS-D	0.152404589379852	0.0519310367662697	62	62	0.00472447808065183	0.0213211852902909
K03814	group	IBS-D	0.269153464579009	0.0917339462766754	62	62	0.00473356681470055	0.0213417792525122
K02024	group	IBS-D	1.86618871868812	0.636425649156655	62	53	0.00475717424744839	0.0214277304211716
K05878	group	IBS-D	-0.7334903131931	0.25017369869898	62	62	0.00476215556597303	0.0214297000468786
K02053	group	IBS-D	-0.888458519173931	0.303220383860816	62	62	0.00478696279094501	0.0215207974471846
K01750	group	IBS-D	-0.888047508037766	0.303967810093473	62	62	0.0049033362473914	0.0220020302023766
K05520	group	IBS-D	-0.802447629770592	0.274655768956831	62	62	0.00490154480003753	0.0220020302023766
K11788	group	IBS-D	-2.03910657243371	0.698471745063826	62	18	0.00493278115231293	0.0221131139869846
K09797	group	IBS-D	0.507351068939295	0.173848503196087	62	62	0.00494706270889911	0.0221560757219071
K03642	group	IBS-D	0.216749498088464	0.0743180142658914	62	62	0.00497260971017475	0.0222493618531159
K14161	group	IBS-D	-1.08304410181436	0.371998183122836	62	62	0.00504400065000241	0.0225273276026411
K16926	group	IBS-D	-0.478196620770818	0.164249556910217	62	62	0.00504428709677459	0.0225273276026411
K03771	group	IBS-D	0.272571557354935	0.0936888920816334	62	62	0.00507368221604131	0.022637166821997
K15780	group	IBS-D	-1.59359660717583	0.549195625209265	62	13	0.00518312179504811	0.0231035939370954
K10539	group	IBS-D	1.47064261229838	0.506941845849076	62	55	0.00519302717533317	0.0231125851564474
K13043	group	IBS-D	-1.35388459520405	0.466715679739229	62	62	0.00519494068401913	0.0231125851564474
K02039	group	IBS-D	-0.497729088431646	0.171800340891847	62	62	0.00524946154266572	0.0233331391472305
K02025	group	IBS-D	-0.521627170895442	0.18013078102871	62	62	0.00526871461569872	0.0233966649036112
K11927	group	IBS-D	-1.01186589743202	0.350075648064208	62	62	0.00534870437989725	0.0237295294972676
K00864	group	IBS-D	-0.250376525631342	0.0867823916376434	62	62	0.00542844461378085	0.0240606624046903
K09835	group	IBS-D	-2.01334373305465	0.69831446760943106	62	16	0.00545813350628764	0.0241695376672794
K15600	group	IBS-D	-1.18132158573611	0.41009714031725	62	62	0.00549711085491053	0.0243193009303547
K03590	group	IBS-D	0.25734002155199	0.0894189297078926	62	62	0.00553815103069485	0.0244779009004282
K04562	group	IBS-D	-1.03753927324137	0.360865149709524	62	62	0.00558094762201474	0.0246439597241775
K09705	group	IBS-D	-0.693774321247862	0.241363227900008	62	62	0.00559250220925936	0.0246718806537578
K14162	group	IBS-D	-1.06393373960598	0.370408837507673	62	62	0.0056248444996501	0.0247913707106073
K07110	group	IBS-D	-1.62772639781381	0.567984696388965	62	61	0.00572767636057786	0.0252210286801916
K01295	group	IBS-D	-1.77289663406808	0.619900044852076	62	60	0.00582080307396673	0.0255900746567071
K03669	group	IBS-D	-1.6764963416452	0.586212844379035	62	59	0.00582233886909389	0.0255900746567071
K03455	group	IBS-D	0.260774244587381	0.0912482286603608	62	62	0.00585500736097989	0.0257096971269843
K09922	group	IBS-D	-2.06717261226868	0.724377631814949	62	59	0.00592234194078146	0.0259811763653259
K01886	group	IBS-D	0.192400547706374	0.0675173724252765	62	62	0.00598946670517633	0.0262512313955498
K05879	group	IBS-D	-0.74800293034051	0.264021468512146	62	62	0.00626888378627491	0.0274503769137163
K03734	group	IBS-D	0.220466902387906	0.0778740329319915	62	62	0.0063042425509964	0.0275795991377542
K03762	group	IBS-D	-1.29788381598711	0.459030966300893	62	62	0.00636748005782567	0.0278304318375402
K02036	group	IBS-D	-0.434080512951849	0.153607021138893	62	62	0.00639427094060931	0.027921649773994
K17315	group	IBS-D	-1.72369534586618	0.611633217890802	62	62	0.00653151538024449	0.0284945666357382
K01144	group	IBS-D	0.90291330185649	0.320561768845808	62	62	0.00655891139812257	0.0285876396982865
K15371	group	IBS-D	-1.5857770525489	0.563398223537861	62	62	0.00659489834019182	0.0287009415624332
K16013	group	IBS-D	-0.510593513515769	0.181412509601722	62	62	0.00659707817083918	0.0287009415624332
K10112	group	IBS-D	-0.530173550218908	0.188594496417372	62	62	0.00665815619469758	0.0289399673863537
K16012	group	IBS-D	-0.509805390878426	0.181385979529421	62	62	0.00666859569506004	0.0289586531288243
K00966	group	IBS-D	-1.9376133778219	0.69138245276549	62	57	0.00681795085522956	0.0295799965347402
K03654	group	IBS-D	0.209268768349656	0.0748360048163435	62	62	0.00693364342006676	0.030054285265657
K04773	group	IBS-D	0.251046293618665	0.0898785742693831	62	62	0.00699436567030078	0.0302896496796496
K15894	group	IBS-D	-1.61523201025584	0.579657812286442	62	61	0.0071223057868362	0.030788746174944
K16922	group	IBS-D	-1.55856107527551	0.559324119508188	62	60	0.00712267219611193	0.030788746174944
K04045	group	IBS-D	-1.5198255572438	0.545757359975177	62	62	0.0071558866543959	0.0309039940129405
K01665	group	IBS-D	0.319957317238661	0.114970636056846	62	62	0.00719209645792565	0.0310319550737213
K09914	group	IBS-D	1.55004914578936	0.557220581487616	62	53	0.00721557480853904	0.0311047996316911
K03784	group	IBS-D	-0.25065397913668	0.0902654789262203	62	62	0.00731241112393092	0.0314934528406011
K01485	group	IBS-D	-0.81862714115118	0.295475650658203	62	62	0.00743897929233706	0.0320093306046182
K09009	group	IBS-D	-1.04066751231927	0.377038628559901	62	62	0.00765254079973224	0.0328982519704077
K05967	group	IBS-D	1.45490010685118	0.528074284258818	62	61	0.00775696019952439	0.0333167798733671
K19710	group	IBS-D	-1.03757721446582	0.376749979042629	62	62	0.00777976249312611	0.033384312936836
K18640	group	IBS-D	-1.80736331152845	0.657096835126374	62	20	0.00785362213260222	0.0336400381265686
K19270	group	IBS-D	-1.47395724788036	0.535839453450749	62	59	0.00784903434017492	0.0336400381265686
K03805	group	IBS-D	1.5356747243617	0.558832901821815	62	54	0.00790741429706396	0.033809035199414
K03812	group	IBS-D	1.5356747243617	0.558832901821815	62	54	0.00790741429706396	0.033809035199414
K17489	group	IBS-D	-1.89589447053076	0.692060836650323	62	54	0.00809128532422611	0.0345638601350094
K07114	group	IBS-D	0.260956012117546	0.0952938570950255	62	62	0.00811437303443256	0.0346311160455963
K07023	group	IBS-D	-0.587653543997902	0.214918854639711	62	62	0.00820523724057774	0.0349872502952664
K02348	group	IBS-D	-0.892686762977137	0.326567149581698	62	62	0.00822198954026761	0.0350270123504083
K09161	group	IBS-D	-0.949008546517585	0.347226597761425	62	8	0.00823167904107354	0.0350366411170603
K02056	group	IBS-D	-0.457479627733822	0.16762140581144	62	62	0.00831783880893505	0.0353714407781223
K02057	group	IBS-D	-0.448787949397217	0.16451958791814	62	62	0.00834865524586141	0.0354705028283625
K00354	group	IBS-D	-1.19890442914123	0.439862883138306	62	62	0.00839905352979468	0.0356204464447048
K02020	group	IBS-D	-0.302146615355819	0.110845581117289	62	62	0.00839450349536183	0.0356204464447048
K08151	group	IBS-D	-1.61727600717196	0.59345353292283	62	61	0.00840895711120132	0.0356304058727991
K08996	group	IBS-D	-0.558713433135282	0.205079084641807	62	62	0.00842737479363186	0.0356763909576013
K07335	group	IBS-D	-0.522727819398388	0.192086681238102	62	62	0.00849716186457938	0.0359088921065458
K15024	group	IBS-D	-1.29466555963993	0.475753252964062	62	62	0.00849752408628184	0.0359088921065458
K09118	group	IBS-D	-0.844113974303741	0.310651470606697	62	62	0.00859064796694631	0.0362699156778145
K02026	group	IBS-D	-0.51968031759039	0.191327301773216	62	62	0.00861496605198506	0.0363400535788565
K04023	group	IBS-D	-1.64556095430703	0.606543874887448	62	54	0.00868860699052221	0.0366179361638094
K07012	group	IBS-D	-0.338960418666375	0.125297450258678	62	62	0.00887131407859442	0.0373545689237958
K02021	group	IBS-D	-1.93911017926158	0.716919430728387	62	39	0.00888235879447712	0.0373677110390313
K07696	group	IBS-D	-1.69019919615841	0.626084876505759	62	27	0.00900555241697566	0.037852214971887
K03330	group	IBS-D	-1.57396854436621	0.58394298059929	62	24	0.00910764206663034	0.0380439681011769
K06877	group	IBS-D	-1.00229180775034	0.371818220685322	62	62	0.00910191982940003	0.0380439681011769
K07740	group	IBS-D	1.51641021656746	0.5624712431094	62	54	0.00909394393846449	0.0380439681011769
K09482	group	IBS-D	-1.57396854436621	0.58394298059929	62	24	0.00910764206663034	0.0380439681011769
K13527	group	IBS-D	-1.02296648839423	0.379447514448404	62	62	0.00909495201224964	0.0380439681011769
K13570	group	IBS-D	-1.02296648839423	0.379447514448404	62	62	0.00909495201224964	0.0380439681011769
K13571	group	IBS-D	-1.02296648839423	0.379447514448404	62	62	0.0090949520122496	0.0380439681011769
K02594	group	IBS-D	1.47785763324289	0.549184491350659	62	61	0.00921553352231194	0.0384605806117019
K00700	group	IBS-D	0.11080492272568	0.0412845858139648	62	62	0.00939101883628032	0.0391583066595031
K01448	group	IBS-D	0.13642490379863	0.0509386530178676	62	62	0.00953488149344952	0.0397230575292473
K03469	group	IBS-D	0.0852096249715969	0.0318587060294669	62	62	0.00962685580697133	0.0400708314083643
K04761	group	IBS-D	0.298762542140989	0.111828119785605	62	62	0.00970360081580806	0.0403546573609796
K01560	group	IBS-D	-0.54813962265308	0.205213769734128	62	62	0.00971794977049142	0.040378723451663
K07576	group	IBS-D	-0.714122444318386	0.267863360623294	62	62	0.00984967463740035	0.0408900225263909
K00854	group	IBS-D	-0.777024137734797	0.291704741154831	62	62	0.00990890693014259	0.041063624852858
K02404	group	IBS-D	-0.966012573970833	0.362647594553975	62	62	0.00990778581624929	0.041063624852858
K01652	group	IBS-D	-0.162884326623852	0.0612082263591215	62	62	0.00997702655418423	0.041309620043488
K02083	group	IBS-D	-0.645998881846071	0.243405531979798	62	62	0.0101676977622384	0.0420621602164178
K13626	group	IBS-D	-0.959048916549749	0.361986454225447	62	62	0.010292062973527	0.042539324262185
K03269	group	IBS-D	0.289694788636926	0.109359730937782	62	62	0.010302886259698	0.0425467702283151
K00451	group	IBS-D	-1.23556657574593	0.467285489034566	62	62	0.0104363198838143	0.0430600914891236
K02437	group	IBS-D	0.261186102616816	0.0988305228912915	62	62	0.0104740957236628	0.0431781778258687
K07713	group	IBS-D	0.917470711957987	0.347568841398544	62	62	0.0105597477009461	0.0434932490459929
K10117	group	IBS-D	-0.485285769545956	0.183975808327564	62	62	0.0106130917863432	0.0436748175081977
K02619	group	IBS-D	0.286970217530376	0.108879203774988	62	62	0.0106718307726012	0.0438782510231798
K04084	group	IBS-D	0.288373518851188	0.10943024401766	62	62	0.0106844440255117	0.043891844968914
K07481	group	IBS-D	0.454426802846025	0.172540019322194	62	62	0.0107261667556272	0.0439904515715929
K14153	group	IBS-D	-1.38185936925171	0.524680855313507	62	59	0.0107271033306471	0.0439904515715929
K10119	group	IBS-D	-0.490022504025929	0.186084597380768	62	62	0.0107379062728635	0.0439964952066241
K00981	group	IBS-D	0.0924652985748275	0.035131378974471	62	62	0.0107760244311243	0.044114350014915
K05807	group	IBS-D	0.287805081464073	0.109392525612541	62	62	0.0108057590393064	0.0441977099994526
K15268	group	IBS-D	-2.67914688892265	1.01918409700511	62	34	0.0108691163744131	0.0444183300015011
K03442	group	IBS-D	0.164616128194813	0.0626989681339313	62	62	0.0109614655848915	0.0447569451933753
K00533	group	IBS-D	-0.926601379983505	0.353622959929178	62	62	0.0111119628588665	0.0453321945003584
K07302	group	IBS-D	-1.6956338198902	0.647962973836429	62	57	0.0112127450747304	0.0456643400452751
K07303	group	IBS-D	-1.6956338198902	0.647962973836429	62	57	0.0112127450747304	0.0456643400452751
K01968	group	IBS-D	-1.64756888349691	0.630420492589552	62	60	0.0113138702269177	0.0459175662565784
K01969	group	IBS-D	-1.64756888349691	0.630420492589552	62	60	0.0113138702269177	0.0459175662565784
K03413	group	IBS-D	-0.762533359064487	0.291772945903272	62	62	0.0113137688000393	0.0459175662565784
K06044	group	IBS-D	-1.48895822084462	0.569620392552858	62	59	0.0112989369255823	0.0459175662565784
K03473	group	IBS-D	0.867187653167717	0.332054794133271	62	62	0.0113692813562517	0.0461027780533818
K01236	group	IBS-D	-1.48434857938567	0.569146047825074	62	59	0.0114755465363071	0.0464550296895634
K05602	group	IBS-D	-1.00226544414843	0.384301662937162	62	62	0.011475850209572	0.0464550296895634
K00613	group	IBS-D	-1.42179495450573	0.545545234864805	62	41	0.0115308450741194	0.0466376203855463
K16052	group	IBS-D	-1.56692212163531	0.601951939938776	62	62	0.0116254011578056	0.0469797702315435
K07284	group	IBS-D	-0.525953274788157	0.202083073329238	62	62	0.0116378623751122	0.0469898621241686
K02406	group	IBS-D	-0.848559488829456	0.326183512262264	62	62	0.0116738141442945	0.0470947027412255
K06901	group	IBS-D	-0.0861083823095584	0.0331367927832717	62	62	0.0117627754312622	0.0473725439229994
K07306	group	IBS-D	-1.33480306562631	0.513610488234829	62	11	0.0117538891599336	0.0473725439229994
K01008	group	IBS-D	-0.27822549520184803	0.107190389998842	62	62	0.0118538339767457	0.0476985333057447
K03430	group	IBS-D	-1.29823025839574	0.501153447075146	62	62	0.0120136860381839	0.0483005484706523
K10118	group	IBS-D	-0.504498579120776	0.194959727298521	62	62	0.012100972443043	0.0486100392175391
K19046	group	IBS-D	-0.766754424128482	0.296399992898296	62	62	0.0121267153773095	0.0486719912505461
K07442	group	IBS-D	-0.989120322085429	0.382455790382672	62	62	0.0121474654527349	0.0487052085059252
K07670	group	IBS-D	-0.989005746695617	0.382449720754502	62	62	0.0121556468217714	0.0487052085059252
K12510	group	IBS-D	-0.709008372871953	0.274291928026805	62	62	0.0121907678387193	0.0488044661522923
K03727	group	IBS-D	-0.987786542131715	0.382623011328442	62	62	0.0122942979746493	0.0490411743480561
K07503	group	IBS-D	-0.987786542131715	0.382623011328442	62	62	0.0122942979746493	0.0490411743480561
K07654	group	IBS-D	-0.987671966741902	0.38261693641612	62	62	0.0123025666934163	0.0490411743480561
K08981	group	IBS-D	-0.98780960993082	0.382715280477901	62	62	0.0123122880466706	0.0490411743480561
K11263	group	IBS-D	-0.983181324924234	0.380887515918549	62	62	0.0123047837344835	0.0490411743480561
K12503	group	IBS-D	-0.987671966741902	0.38261693641612	62	62	0.0123025666934163	0.0490411743480561
K00677	group	IBS-D	0.174850365467333	0.0677598161772688	62	62	0.0123319261491308	0.0490779440669206
K11782	group	IBS-D	-1.5012196493259	0.582206224463102	62	62	0.0123943439954534	0.0492017898001331
K11784	group	IBS-D	-1.5012196493259	0.582206224463102	62	62	0.0123943439954534	0.0492017898001331
K12267	group	IBS-D	0.0884789554090699	0.0343084539415501	62	62	0.0123806835604773	0.0492017898001331
K06860	group	IBS-D	-0.986204763537726	0.382660559375988	62	62	0.0124353312138789	0.0493229789778411
K15532	group	IBS-D	-0.95351443208042	0.370408112090425	62	62	0.0125327709784551	0.0496676873398273
K00257	group	IBS-D	0.544093452005819	0.211898953552757	62	62	0.0127467410480328	0.0504732416310013
K00010	group	IBS-D	-0.833031766676103	0.324579292339535	62	62	0.0127866357727872	0.0505887368326043
K05340	group	IBS-D	-0.835564378324609	0.325896556797211	62	62	0.0128731530266364	0.0508457199946544
K06603	group	IBS-D	-0.964844355195587	0.376301890141563	62	62	0.0128690754320962	0.0508457199946544
K03325	group	IBS-D	-0.9065719524479	0.353661657151569	62	62	0.0128900605693786	0.050869895937397
K00112	group	IBS-D	-0.35489455337164	0.138724482984731	62	62	0.0130619804397346	0.0514622387249694
K00113	group	IBS-D	-0.35489455337164	0.138724482984731	62	62	0.0130619804397346	0.0514622387249694
K01358	group	IBS-D	-0.0633843180284361	0.0248255608491026	62	62	0.0132346989986564	0.0520991990631581
K11537	group	IBS-D	0.808817198215225	0.317111912102321	62	62	0.013324368606222	0.0524084423243893
K10548	group	IBS-D	-0.700531928207857	0.275081581582575	62	62	0.0134605457722716	0.0528999448850275
K03198	group	IBS-D	-1.97566090012299	0.776513259654441	62	41	0.0135427647129645	0.0531787496972029
K11924	group	IBS-D	-1.99259087857678	0.783427948944926	62	46	0.0135723351868413	0.0532505264069415
K01512	group	IBS-D	-0.399123251100528	0.157278852930521	62	62	0.0137747279173342	0.0539548312775316
K03530	group	IBS-D	0.161174569838781	0.0635064376748064	62	62	0.0137660138402662	0.0539548312775316
K13668	group	IBS-D	-1.68032140038566	0.662830724538635	62	57	0.013867561176388	0.0542733763550589
K18816	group	IBS-D	2.88665281488881	1.13938940097811	62	31	0.0139233126819174	0.0544463869054082
K11745	group	IBS-D	-2.11686635660543	0.835700891368827	62	27	0.0139399869133226	0.0544664277408693
K03215	group	IBS-D	0.0642154732013219	0.025421307990027	62	62	0.0141926964514358	0.0554079109809365
K11645	group	IBS-D	-2.07172407063431	0.820384149883437	62	54	0.0142196543169843	0.055467237186847
K18005	group	IBS-D	-1.59350528240732	0.631209627249156	62	33	0.0142482683857007	0.0555329204189791
K00499	group	IBS-D	-1.09958007202885	0.435973933026771	62	16	0.0143363514693365	0.0558300854908266
K10773	group	IBS-D	0.0554826543162986	0.0220045825766025	62	62	0.0143624656146749	0.0558856335303687
K15746	group	IBS-D	-1.48585995377945	0.589825981754805	62	61	0.0144460435677349	0.0561645024447138
K09164	group	IBS-D	-1.51854810492481	0.603519478069527	62	61	0.0145573040469854	0.0565504496586351
K05020	group	IBS-D	-1.79244773818657	0.714835537215159	62	58	0.0148832400241363	0.0577690205381291
K00045	group	IBS-D	-1.41110913575233	0.563088694312645	62	59	0.0149396490571156	0.0579402836787479
K00091	group	IBS-D	-2.08324176692682	0.831450720279112	62	21	0.01495741031128	0.0579615012555436
K09767	group	IBS-D	-0.359146117329024	0.143548409051156	62	62	0.0150968026084269	0.0584536298040568
K01758	group	IBS-D	1.46000744052264	0.584336107043959	62	56	0.0152260107274682	0.0589055509357999
K03472	group	IBS-D	1.41881085997691	0.568205123805514	62	54	0.0152870624803379	0.0590932677518637
K03424	group	IBS-D	0.118631184247417	0.0475644921160022	62	62	0.0154001125650802	0.059481515853332
K05526	group	IBS-D	1.41324342503085	0.567091774482628	62	54	0.0154796233917589	0.0597396922385718
K10546	group	IBS-D	-0.693321343571853	0.27827878462	62	62	0.0155043148803067	0.0597860580339547
K09726	group	IBS-D	-1.87523629072483	0.752970509978668	62	24	0.0155442891904095	0.0598912318806953
K03335	group	IBS-D	-0.828991601346636	0.333624978093461	62	62	0.0157691957349242	0.0607081853762468
K04030	group	IBS-D	-1.68299258615161	0.678155817029395	62	54	0.0158930693535293	0.0611351672685514
K02523	group	IBS-D	0.143344282459083	0.0578683185795331	62	62	0.0160813743478095	0.061761404245771
K02549	group	IBS-D	-0.357264636998937	0.144229293473082	62	62	0.016082062004624	0.061761404245771
K02342	group	IBS-D	0.0753601337088951	0.0304921733527966	62	62	0.0163119612571119	0.0623505657584552
K04019	group	IBS-D	-1.67566768794855	0.678026538881821	62	54	0.0163148002853973	0.0623505657584552
K04026	group	IBS-D	-1.67566768794855	0.678026538881821	62	54	0.0163148002853973	0.0623505657584552
K04027	group	IBS-D	-1.67566768794855	0.678026538881821	62	54	0.0163148002853973	0.0623505657584552
K04032	group	IBS-D	-1.67566768794855	0.678026538881821	62	54	0.0163148002853973	0.0623505657584552
K09167	group	IBS-D	-0.81691214207553	0.33049133048837	62	62	0.0162973936418387	0.0623505657584552
K09684	group	IBS-D	-1.60028940250083	0.647627272359839	62	24	0.0163307443699376	0.0623609639260128
K00230	group	IBS-D	-0.509900485217422	0.206644756309696	62	62	0.0164752691162815	0.0628619491524137
K03707	group	IBS-D	-0.461562265954942	0.187297386041199	62	62	0.0166088469346877	0.0633203897687852
K07260	group	IBS-D	-0.443884430458454	0.180596256365784	62	62	0.0168814165690497	0.0643075610174786
K07480	group	IBS-D	-0.809654141291177	0.329508010005457	62	13	0.0169122003038878	0.0643728302123769
K07056	group	IBS-D	0.117532360250206	0.0478449484522827	62	62	0.0169393019433773	0.0644239902943284
K00605	group	IBS-D	0.221789689916299	0.0904246315948039	62	62	0.0171010201162112	0.0649866324480678
K00111	group	IBS-D	-0.234977577073521	0.0958338034301829	62	62	0.0171368044255679	0.0650635470316196
K00619	group	IBS-D	-1.41363930376442	0.57668263794458	62	62	0.0171626489625392	0.0650635470316196
K16146	group	IBS-D	-1.63008180314036	0.664923625186166	62	57	0.0171538894971027	0.0650635470316196
K06006	group	IBS-D	-0.854421843226203	0.349915190006811	62	7	0.0175792851808434	0.0665894850705682
K01223	group	IBS-D	-0.419614289403625	0.172192272032177	62	62	0.0177970977560553	0.0673604438343151
K00324	group	IBS-D	-0.855649665683289	0.351270269339148	62	62	0.0178427640234829	0.0674125359124771
K01421	group	IBS-D	-0.516368570590255	0.211966156847419	62	62	0.0178330517410693	0.0674125359124771
K02234	group	IBS-D	-1.59045804109819	0.652997230806254	62	59	0.0178537441379737	0.0674125359124771
K00899	group	IBS-D	-0.812807226545388	0.334086830644558	62	62	0.0179753116399326	0.0678172557551376
K07577	group	IBS-D	-1.1163062196603	0.459478024235268	62	62	0.0181297129421919	0.0683451049043781
K02440	group	IBS-D	-0.241101370638082	0.0993547206135222	62	62	0.0182589753791508	0.0687774184409546
K03336	group	IBS-D	-0.798509243885725	0.329690416507877	62	62	0.0184738087014105	0.0694756633459744
K10857	group	IBS-D	-0.738681578145212	0.304965300073092	62	7	0.0184652534509546	0.0694756633459744
K19126	group	IBS-D	-0.77856142708939	0.321618009977758	62	62	0.0185308293541829	0.0696345746887065
K00029	group	IBS-D	0.263365538632657	0.109041709094565	62	62	0.0187867391921386	0.0704838997853026
K00874	group	IBS-D	-0.443579410646142	0.183650924032825	62	62	0.0187836191469036	0.0704838997853026
K17686	group	IBS-D	-0.174533155050648	0.0722764678041857	62	62	0.0188089880533455	0.0705112779487896
K03338	group	IBS-D	-0.796071968381822	0.329951988886001	62	62	0.0189082165879996	0.0708269653923796
K18197	group	IBS-D	-1.92865574389692	0.799485699032242	62	54	0.0189233041704535	0.0708272241808404
K03606	group	IBS-D	-0.856376778261251	0.35575976727194	62	62	0.019169849370564	0.0716931083517685
K01999	group	IBS-D	-0.44368067836036	0.18491406300634	62	62	0.0195449936615458	0.0730381855054278
K13926	group	IBS-D	-2.08633546590044	0.870715453075549	62	61	0.0197045546653454	0.0735761518620498
K19125	group	IBS-D	-0.768535867545451	0.321360216431016	62	62	0.0199311885910153	0.0743635169266045
K00560	group	IBS-D	0.0566567791260931	0.0237241276655519	62	62	0.0200978837407343	0.0749261815978678
K00170	group	IBS-D	-1.09719590493863	0.459559641167914	62	15	0.0201305904199113	0.0749888344552146
K07462	group	IBS-D	0.0920695298472527	0.0385770361581345	62	62	0.0201731932259403	0.0750882235623791
K01733	group	IBS-D	-0.137118053540479	0.057623175541271	62	62	0.0205296614320361	0.0762537442472386
K03495	group	IBS-D	0.0964064831101499	0.040516074884238903	62	62	0.0205348293456304	0.0762537442472386
K16961	group	IBS-D	-0.851998286931365	0.357971372712392	62	62	0.020503810932699	0.0762537442472386
K11104	group	IBS-D	-1.8856382471228	0.793942673399967	62	45	0.0207609842511438	0.0770328888500348
K01226	group	IBS-D	-0.426033414929976	0.179774083653499	62	62	0.0210293860586073	0.0779595257535989
K02810	group	IBS-D	-0.231225345609261	0.0975819978718764	62	62	0.0210437820789507	0.0779595257535989
K11533	group	IBS-D	-0.916702194848093	0.387271601953155	62	62	0.0211723815147669	0.0783743730169863
K08972	group	IBS-D	-0.518669525853114	0.219411855153202	62	62	0.0213383849527763	0.078926920342975
K03337	group	IBS-D	-0.781208021826123	0.331096468775757	62	62	0.0215734386720507	0.0797338062518738
K02027	group	IBS-D	-0.447850594252348	0.189870683161088	62	62	0.021612935480517	0.0798172307957072
K09117	group	IBS-D	0.169283695715412	0.0717902146402464	62	62	0.0216491481609758	0.0798884058897979
K03735	group	IBS-D	-1.41687318535558	0.60105653548962	62	62	0.0216879687470873	0.0799066098525497
K03736	group	IBS-D	-1.41687318535558	0.60105653548962	62	62	0.0216879687470873	0.0799066098525497
K00925	group	IBS-D	0.0756427638030984	0.0321154508547519	62	62	0.0217930030461933	0.0802309151958218
K05396	group	IBS-D	0.975799283423661	0.414443400597306	62	62	0.0218389529276533	0.0803373650599166
K02018	group	IBS-D	-0.287315556378726	0.122117461232793	62	62	0.0219303889774735	0.0806108452203937
K13611	group	IBS-D	-1.46886416790984	0.626750699357391	62	17	0.0224287678024373	0.0823785583771762
K00287	group	IBS-D	0.0513025189454587	0.0219074427765465	62	62	0.022529675490385	0.0826847856907828
K01695	group	IBS-D	-0.199008732698724	0.0854457343716587	62	62	0.0232410813388421	0.0851631232276453
K19124	group	IBS-D	-0.705134357137247	0.302730501964653	62	62	0.0232307587742413	0.0851631232276453
K01077	group	IBS-D	0.663548717288721	0.285335631644946	62	62	0.0234439339772364	0.0857731517739697
K03839	group	IBS-D	0.295944942898863	0.127253834267957	62	62	0.0234368228335532	0.0857731517739697
K02346	group	IBS-D	0.0723297034469362	0.03111993833139	62	62	0.0235171066266271	0.0859741665512972
K11921	group	IBS-D	0.865436965051512	0.372719087965169	62	62	0.0236474483936736	0.0863837076875019
K12686	group	IBS-D	2.11485709373861	0.91162096145052	62	54	0.0237668477199842	0.0867526732565369
K03151	group	IBS-D	-0.205955723192716	0.0888036057761408	62	62	0.0238050199841166	0.0868248060673579
K19123	group	IBS-D	-0.765422352950244	0.330422754576698	62	62	0.0239638130794783	0.0873364315941421
K01447	group	IBS-D	0.607360948630395	0.263077426026651	62	62	0.0244231861023507	0.0888651707673593
K01641	group	IBS-D	-0.39785460652404	0.172345769689571	62	62	0.0244356386697798	0.0888651707673593
K09020	group	IBS-D	-1.2939711775464	0.560549619913403	62	24	0.0244398062945855	0.0888651707673593
K01770	group	IBS-D	0.121266513675857	0.0526145187831058	62	62	0.0246533095367719	0.0895724250966228
K01800	group	IBS-D	1.25862121156991	0.546805703135324	62	56	0.0248356059292646	0.0901563552364453
K18691	group	IBS-D	0.523217229004051	0.22733811360293	62	62	0.0248522607734052	0.0901563552364453
K02003	group	IBS-D	-0.282756933977849	0.122899785952652	62	62	0.0248993875585466	0.090257887568106
K15669	group	IBS-D	-0.823895731788077	0.359033463286773	62	62	0.0252604902215898	0.0914965221851132
K07505	group	IBS-D	-1.39322039564821	0.607412928566557	62	10	0.0253255779176666	0.0916618767918003
K02078	group	IBS-D	0.159631011912183	0.0697376503724778	62	62	0.0256130764149118	0.0926313407766289
K03862	group	IBS-D	-1.50881131789846	0.659499391917774	62	58	0.0256879094098062	0.0928307898671619
K02622	group	IBS-D	0.305835168967721	0.133856061284073	62	62	0.025874877186873	0.0934348551403469
K02004	group	IBS-D	-0.26526336142052	0.116201522144865	62	62	0.0260010960406348	0.0936039457462852
K03918	group	IBS-D	-1.31992776365063	0.578158001517055	62	61	0.0259885275515562	0.0936039457462852
K07009	group	IBS-D	-0.519046540868128	0.227329703036173	62	62	0.0259732249945549	0.0936039457462852
K08977	group	IBS-D	-1.18574767071132	0.519429203611037	62	18	0.026000942784638	0.0936039457462852
K13735	group	IBS-D	-1.19464165959457	0.523436314676293	62	30	0.0260312889682359	0.0936411584852789
K11210	group	IBS-D	-1.04826738751075	0.459999098834867	62	13	0.0262490297865022	0.0943524576777014
K02484	group	IBS-D	-0.464793336852979	0.204181651726211	62	62	0.0264058089519989	0.0948437128847118
K02621	group	IBS-D	0.225479922098095	0.0990999251408239	62	62	0.0264753298878048	0.0949514302000432
K03415	group	IBS-D	-0.751362054799167	0.330230299264536	62	62	0.0264760667330485	0.0949514302000432
K06400	group	IBS-D	-0.351154807862176	0.154399375452245	62	62	0.0265359046010709	0.0950937128409198
K00096	group	IBS-D	-0.903784195393938	0.397631572553499	62	62	0.0266259421809406	0.0953439205203613
K00002	group	IBS-D	-1.81225976341617	0.798128262733178	62	24	0.0267722657164244	0.0957951480414699
K00087	group	IBS-D	-0.697713494786034	0.307388557997614	62	62	0.026825527215736	0.0959129540177489
K02052	group	IBS-D	-0.812498706017264	0.358235316106259	62	62	0.0269385116881499	0.0962193576622686
K18120	group	IBS-D	-1.20852066616167	0.532892776473479	62	62	0.0269520295741851	0.0962193576622686
K05800	group	IBS-D	-1.43036484301583	0.631319759703996	62	57	0.0270930573648982	0.0966496660611647
K00286	group	IBS-D	-0.182836479037131	0.0809852825386131	62	62	0.027618847714539	0.0983101265849878
K13479	group	IBS-D	-0.693371619848453	0.307071654423312	62	62	0.0275949478772599	0.0983101265849878
K19084	group	IBS-D	1.99356258226262	0.883038348132356	62	55	0.0276210597381486	0.0983101265849878
K10547	group	IBS-D	-0.6994727518183	0.309972804687297	62	62	0.0276909037645815	0.0984843907645298
K02805	group	IBS-D	-2.80338036714507	1.24285854020091	62	32	0.0277552789889423	0.0986389568288259
K01657	group	IBS-D	-0.193259654529881	0.0857043785827661	62	62	0.027797408440749	0.0986400136994523
K07171	group	IBS-D	-0.503509818397647	0.223282911254185	62	62	0.0277924842525541	0.0986400136994523
K18349	group	IBS-D	-0.932747130827774	0.413714607227216	62	10	0.027823342574483	0.0986578072039562
K11175	group	IBS-D	0.0899556080280234	0.0399809551380655	62	62	0.0281311821695032	0.0996744215712825
K11531	group	IBS-D	-1.24383139913819	0.553354041185127	62	24	0.0282764373950859	0.100113872939358
K18987	group	IBS-D	-1.23973079281321	0.551872246907878	62	53	0.0283707040328221	0.1003722732324
K12511	group	IBS-D	-0.67390457833307	0.301250926103734	62	62	0.0290123935817798	0.102565553322094
K06896	group	IBS-D	-0.408368297446326	0.18287660231034	62	62	0.0292892644709508	0.103466794940078
K00694	group	IBS-D	-0.810421832405004	0.363045586985062	62	61	0.0293408000061863	0.103571267087706
K06911	group	IBS-D	-1.01635996055604	0.455374831011964	62	62	0.0293664095674555	0.103584134270845
K03474	group	IBS-D	0.612157879309544	0.274475171421257	62	62	0.0294806366477349	0.103831726983359
K04566	group	IBS-D	-2.02758963611115	0.909068703630763	62	51	0.0294723766077217	0.103831726983359
K00860	group	IBS-D	0.903690763314621	0.405434415187201	62	62	0.0295746284459379	0.104085035635107
K03628	group	IBS-D	0.11001961460331	0.0493759522139513	62	62	0.0296267610639141	0.104190757030141
K05559	group	IBS-D	1.25867253942307	0.565137937848152	62	56	0.0296976508527383	0.104206935581484
K05561	group	IBS-D	1.25867253942307	0.565137937848152	62	56	0.0296976508527383	0.104206935581484
K05562	group	IBS-D	1.25867253942307	0.565137937848152	62	56	0.0296976508527383	0.104206935581484
K02856	group	IBS-D	-1.8279730628027	0.823075820841523	62	50	0.0301438179034878	0.105693862626653
K16963	group	IBS-D	-0.48879683134675	0.220283191072495	62	62	0.0302838477110404	0.106027190649789
K18230	group	IBS-D	-1.40520182552724	0.633229228164224	62	59	0.0302725936669083	0.106027190649789
K00648	group	IBS-D	0.186756724749464	0.0841908041107487	62	62	0.0303334802049834	0.106085742999615
K03768	group	IBS-D	0.0631179147774789	0.0284600270103174	62	62	0.03036805620218	0.106085742999615
K07047	group	IBS-D	-0.39601361050058	0.178548713999618	62	62	0.0303548284390218	0.106085742999615
K17462	group	IBS-D	-0.780920718757483	0.352702526150827	62	62	0.0306326861403852	0.10693097545378
K00759	group	IBS-D	0.0857850826234947	0.0387559934114784	62	62	0.0306790323860488	0.107013547879147
K01991	group	IBS-D	0.169739197454343	0.076773953269367	62	62	0.0308659253310656	0.107585886076353
K09824	group	IBS-D	-0.247628835209113	0.112101966612489	62	62	0.0310072644156984	0.10799871416871
K02796	group	IBS-D	-0.294729132695016	0.133460772450673	62	62	0.0310514200943536	0.108072691634665
K02794	group	IBS-D	-0.349677882147167	0.158445002435706	62	62	0.0311558113040506	0.108356051703468
K19222	group	IBS-D	-1.25236761472732	0.567559358944604	62	61	0.0311816197564	0.108365894451866
K02795	group	IBS-D	-0.292418344458379	0.13266999935463	62	62	0.0313646049272996	0.108921558790239
K00666	group	IBS-D	-0.583247421613669	0.265225948394641	62	62	0.0317395055907823	0.110061403210389
K06920	group	IBS-D	0.120073950396511	0.054597855932034	62	62	0.031725739867353	0.110061403210389
K02552	group	IBS-D	-0.31764179818299	0.14448834668314	62	62	0.0317894645359195	0.11015364787024
K03787	group	IBS-D	0.117330342238485	0.0533795355121662	62	62	0.0318157074526522	0.110163639021078
K02283	group	IBS-D	-0.612281240228607	0.278728248925943	62	62	0.0319164495588373	0.110431383800056
K03451	group	IBS-D	-0.709535932161691	0.323365312750611	62	62	0.032102514139906	0.110993736571698
K07301	group	IBS-D	0.255346124694893	0.116607297410135	62	62	0.0324382288909778	0.11207229849806
K01788	group	IBS-D	-0.205568576813151	0.0939803235738409	62	62	0.0326243409004957	0.112632790400247
K06917	group	IBS-D	-0.77134143685984	0.353896669480919	62	62	0.0332254256158433	0.114624072570824
K03579	group	IBS-D	-0.904208158020511	0.415683864581834	62	62	0.0335641884818184	0.115707912352268
K10023	group	IBS-D	1.2209372986292	0.561532756896081	62	54	0.0336377327894317	0.115707912352268
K10024	group	IBS-D	1.2209372986292	0.561532756896081	62	54	0.0336377327894317	0.115707912352268
K10025	group	IBS-D	1.2209372986292	0.561532756896081	62	54	0.0336377327894317	0.115707912352268
K03670	group	IBS-D	-1.35188802908263	0.622559760867851	62	57	0.0338580835105235	0.116380992591566
K01239	group	IBS-D	-0.648590886352137	0.298786654523342	62	62	0.033917433280016	0.116415295013505
K10232	group	IBS-D	-1.75675216245435	0.809277981228515	62	56	0.0339161958927283	0.116415295013505
K00938	group	IBS-D	-0.385228264744933	0.177578243781104	62	62	0.0340288859216197	0.116712891640988
K08316	group	IBS-D	-0.277852550879463	0.128102344561981	62	62	0.034057090869487	0.116724738764899
K03519	group	IBS-D	-1.83346760985529	0.847712128593733	62	40	0.0345486781204297	0.118323577353629
K09799	group	IBS-D	-1.96180242824274	0.907543240771055	62	19	0.0346437185278773	0.118562972842866
K08693	group	IBS-D	-1.37629877354725	0.63694024167293	62	12	0.0347135983632369	0.118641284036738
K10441	group	IBS-D	-0.318353267886576	0.147334185384485	62	62	0.0347169151761447	0.118641284036738
K02426	group	IBS-D	0.262608201853157	0.121609952697389	62	62	0.0348242413314425	0.118915570283062
K06880	group	IBS-D	-0.67617975490184	0.313170589917164	62	62	0.034847607746224	0.118915570283062
K00611	group	IBS-D	-0.182811234858108	0.0847121797679752	62	62	0.0349380597207272	0.119138025772198
K05560	group	IBS-D	1.22681622467181	0.568884791978241	62	56	0.0350601023010701	0.11938154689664
K05563	group	IBS-D	1.22681622467181	0.568884791978241	62	56	0.0350601023010701	0.11938154689664
K03630	group	IBS-D	0.0705280796977188	0.0327375485684588	62	62	0.0352382323161362	0.119901517751009
K07448	group	IBS-D	0.586661558705589	0.272684732249146	62	62	0.0354780683137663	0.12063054806613
K03048	group	IBS-D	-0.382584897929556	0.178489390733879	62	62	0.0361397259995135	0.122791749145321
K07774	group	IBS-D	-1.33866752710237	0.624994587058909	62	57	0.0362716647763169	0.123151311076393
K01687	group	IBS-D	-0.139422837368582	0.0651180809187672	62	62	0.0363396950519629	0.123204889910178
K03534	group	IBS-D	0.740073532215172	0.345639120742629	62	62	0.0363315437773765	0.123204889910178
K18581	group	IBS-D	-0.395299314370396	0.184656221738826	62	62	0.0363688183017813	0.123215048212069
K00926	group	IBS-D	-0.257800590389931	0.120557754268739	62	62	0.0365655834652956	0.123792743447476
K02617	group	IBS-D	-1.26806136677746	0.593834834450706	62	60	0.0368219390103122	0.124571208301745
K13018	group	IBS-D	-0.904948703539957	0.424149383374537	62	62	0.0369767427285693	0.125005246385615
K00015	group	IBS-D	-2.14867701091827	1.00832593918354	62	43	0.0372016359682265	0.125675440706415
K00433	group	IBS-D	-1.58319669047924	0.743925127312792	62	55	0.037439976354506	0.126390070499535
K18955	group	IBS-D	-0.858141264480553	0.403990595607942	62	62	0.0377871730204552	0.127470892678445
K02851	group	IBS-D	-0.340662437978462	0.1605490051715	62	62	0.0379879876480273	0.128056718905001
K00886	group	IBS-D	-0.861689794798047	0.406777558853929	62	62	0.0382975509949609	0.12895538573315
K01884	group	IBS-D	-1.46589695044791	0.692048844499297	62	61	0.038309265354568	0.12895538573315
K02054	group	IBS-D	-0.657993739743955	0.310734537493693	62	62	0.0383670589728851	0.12905781035387
K01356	group	IBS-D	-0.245415036032916	0.115925602932854	62	62	0.038414568187534	0.129125519296087
K13057	group	IBS-D	-1.71094080243696	0.810202656474739	62	56	0.0388814778368332	0.130601887092953
K19267	group	IBS-D	-1.47142789974936	0.697351852184945	62	56	0.0390353958423932	0.13102557067098
K00147	group	IBS-D	-0.175214150345789	0.0830887221504517	62	62	0.0391485762772416	0.131312009760648
K00883	group	IBS-D	-1.22185761472778	0.580872132466894	62	58	0.0396242597836476	0.132813083965659
K10440	group	IBS-D	-0.324124226450068	0.154146776331599	62	62	0.0396959215396128	0.132868037123043
K19169	group	IBS-D	-1.05386750149272	0.501200416636259	62	15	0.0396970026094928	0.132868037123043
K03587	group	IBS-D	0.0709283412472577	0.0337623127264451	62	62	0.0398674671712043	0.133343954027943
K07079	group	IBS-D	-0.814678561125382	0.388312437445785	62	62	0.0401250313304438	0.134110310244063
K13497	group	IBS-D	-0.391290126456564	0.186774953098804	62	62	0.0404024281213864	0.134941820836019
K02495	group	IBS-D	0.0431205499506767	0.0205919089227215	62	62	0.0404881888829664	0.135132553978818
K01419	group	IBS-D	-0.366986704065061	0.175370540867427	62	62	0.0406193494979628	0.135474435807916
K14534	group	IBS-D	-1.1142363298622	0.532910369574928	62	62	0.0407850609740227	0.135930987670312
K11744	group	IBS-D	-1.24509463181179	0.595897208348334	62	33	0.0409160198000783	0.136174981917551
K19081	group	IBS-D	-0.582964276331155	0.278994532407695	62	62	0.04090918103055	0.136174981917551
K00299	group	IBS-D	-1.13053280406677	0.541723554841787	62	60	0.0411523169351604	0.136764913543343
K01996	group	IBS-D	-0.35177578478474	0.168555583097252	62	62	0.0411445021783541	0.136764913543343
K01998	group	IBS-D	-0.351593438664969	0.168547740392842	62	62	0.0412368904391389	0.136764913543343
K07106	group	IBS-D	-0.215849632963292	0.103485010262689	62	62	0.0412567225335147	0.136764913543343
K08591	group	IBS-D	-0.198874731684875	0.0953459188067879	62	62	0.0412550841654524	0.136764913543343
K13421	group	IBS-D	-1.23330045202764	0.591314337766472	62	61	0.0412672756514371	0.136764913543343
K00872	group	IBS-D	-0.212401393955442	0.101876154395932	62	62	0.0413420813925321	0.136916612252234
K00134	group	IBS-D	0.0538741374969489	0.0258440874180966	62	62	0.0413717692427602	0.136918781578145
K06903	group	IBS-D	0.826167391065909	0.396451675141147	62	62	0.0414356916382442	0.137034166736297
K17076	group	IBS-D	-0.370894180282281	0.178479926326212	62	62	0.0419888587944766	0.138766263542223
K02385	group	IBS-D	-0.771171964532927	0.371212622845958	62	62	0.0420492050329567	0.138868383008
K03667	group	IBS-D	-0.364446116682283	0.175551954499534	62	62	0.0421868013654145	0.139225301077183
K12256	group	IBS-D	-1.34220113686552	0.646680191390389	62	59	0.0422324271981381	0.139278410256237
K02441	group	IBS-D	-0.583188441410428	0.28129141436911	62	62	0.0424507163593324	0.139900474039561
K03219	group	IBS-D	1.05994689474058	0.511373705330854	62	57	0.0424997969077284	0.139964414955899
K07307	group	IBS-D	-0.800392085787568	0.386243871354717	62	11	0.0425479073212555	0.140025073919777
K01790	group	IBS-D	0.111304463920973	0.0537678343152858	62	62	0.0427559588367999	0.140611647053242
K00046	group	IBS-D	-0.335390227114034	0.162085915134987	62	62	0.0428414249667685	0.140794536685213
K12952	group	IBS-D	-0.453327495440186	0.219182278165633	62	62	0.0429332965492814	0.140998207887473
K19002	group	IBS-D	-0.361421700284795	0.174998768934416	62	62	0.0432245149660169	0.141855819470936
K04517	group	IBS-D	-0.180525557501384	0.0875585518369048	62	62	0.0435692366800976	0.142887705273533
K03733	group	IBS-D	0.198245910827087	0.0963320137762331	62	62	0.0439474406102099	0.144027887364663
K02071	group	IBS-D	-0.144720939434623	0.0704971592986634	62	62	0.0444543013085523	0.145587836785509
K03201	group	IBS-D	0.898695902607402	0.438387686519697	62	62	0.044741690939159	0.1464109361749
K18285	group	IBS-D	-1.34520982123877	0.656281734882791	62	62	0.0447677205182795	0.1464109361749
K00606	group	IBS-D	0.149606510010711	0.0731868193152842	62	62	0.0453326034410886	0.148155618730543
K00897	group	IBS-D	-0.649842700805011	0.318048605576916	62	7	0.0454300089921589	0.148199001508599
K00931	group	IBS-D	-0.169274564076798	0.0828510588941694	62	62	0.0454401518620512	0.148199001508599
K03665	group	IBS-D	0.100643772495633	0.0492532281752632	62	62	0.0454120139952274	0.148199001508599
K01551	group	IBS-D	-1.39469910297707	0.683300422667125	62	59	0.0456445864011846	0.148484287949866
K01628	group	IBS-D	-0.225161355764077	0.110299582589314	62	62	0.0456199377543213	0.148484287949866
K02017	group	IBS-D	-0.223770678119282	0.109617747595244	62	62	0.0456188210923594	0.148484287949866
K19611	group	IBS-D	0.911857633253483	0.446762628075232	62	62	0.0456535660575286	0.148484287949866
K15460	group	IBS-D	0.238384351946817	0.116962584243828	62	62	0.0459527520984749	0.149354361748041
K08482	group	IBS-D	-1.38035256933802	0.677712283097201	62	58	0.0460913773896306	0.149701746397726
K01710	group	IBS-D	0.105380190581548	0.0517657423922809	62	62	0.0462021041703932	0.149958102730609
K07658	group	IBS-D	-0.276827091370014	0.136112882633765	62	62	0.0464001519623163	0.150497329198269
K03203	group	IBS-D	0.890147137130242	0.43787682051654	62	62	0.0464973938986684	0.150709078780839
K19225	group	IBS-D	-0.316650926221713	0.155852931882353	62	62	0.0466165238684748	0.150991433079483
K07736	group	IBS-D	-0.6264052806138	0.308505671005411	62	62	0.0467502720177128	0.151320715741616
K13730	group	IBS-D	0.591127553112798	0.29152670037016	62	62	0.0470393077320616	0.152151834886422
K01810	group	IBS-D	0.0641592367231559	0.0316503292266779	62	62	0.0470992341555311	0.152241253103142
K01686	group	IBS-D	-0.541597527526344	0.267612650189393	62	62	0.0474496761145711	0.153268953805697
K02012	group	IBS-D	-0.165104676510581	0.0816404968875033	62	62	0.0476061279263891	0.153669061807564
K01940	group	IBS-D	-0.195180244881336	0.0965806222181827	62	62	0.04775873030995	0.154056205295297
K07568	group	IBS-D	0.121587603789831	0.060181085946419	62	62	0.0478165962750001	0.154137435429187
K01250	group	IBS-D	-1.16729211445801	0.57814863660023	62	57	0.0479603545379682	0.154284469304951
K11017	group	IBS-D	0.891012845190275	0.441196270455001	62	62	0.047904611188691	0.154284469304951
K19170	group	IBS-D	0.891125721931576	0.441350573779497	62	62	0.0479527738033998	0.154284469304951
K02529	group	IBS-D	-0.201331960598716	0.0997912336000129	62	62	0.0481195839950461	0.154691177996345
K01318	group	IBS-D	-1.42758292354307	0.709523376234514	62	38	0.0487130503172706	0.156492333308071
K07457	group	IBS-D	-0.812661635806556	0.404152468220479	62	62	0.0488488973473062	0.156715238020338
K08997	group	IBS-D	-0.592738416281482	0.29477735058419	62	7	0.0488466615536683	0.156715238020338
K10439	group	IBS-D	-0.293219069875966	0.145865509099375	62	62	0.0489118058778226	0.156810385125637
K15580	group	IBS-D	-0.211527720865392	0.105297795488244	62	62	0.0490588443543277	0.157174938841718
K18843	group	IBS-D	0.897975089006653	0.447094874232749	62	62	0.0491009585247656	0.157203068841001
K07042	group	IBS-D	-0.121276489558059	0.0604408650967918	62	62	0.049312678054698	0.157773805770662
K01635	group	IBS-D	-0.437397164240524	0.218086700053665	62	62	0.0494136018938768	0.157989523072219
K07266	group	IBS-D	0.89528453698869	0.446527130266841	62	62	0.0494813499771619	0.158098947488005
K11690	group	IBS-D	-0.804654692357758	0.402272335801887	62	62	0.0500026980496927	0.159656549764625
K03113	group	IBS-D	0.557763190106663	0.27900427551439	62	62	0.0501307253221079	0.15995703695471
K01653	group	IBS-D	-0.146503136751929	0.0733648677959845	62	62	0.0503768410747948	0.160427259693344
K09689	group	IBS-D	0.891626728198843	0.446453045537426	62	62	0.0503519467193709	0.160427259693344
K17074	group	IBS-D	-0.352458833817985	0.176504610993828	62	62	0.0503801466509419	0.160427259693344
K09688	group	IBS-D	0.891098010758797	0.446399138891478	62	62	0.0504572967263593	0.160564515088739
K07265	group	IBS-D	0.890851881597973	0.446472845582937	62	62	0.0505558465502913	0.160624504663048
K10107	group	IBS-D	0.890851881597973	0.446472845582937	62	62	0.0505558465502913	0.160624504663048
K15634	group	IBS-D	-0.116232126703098	0.0582585166769222	62	62	0.0505783268500056	0.160624504663048
K03279	group	IBS-D	0.876915070492937	0.439799999147297	62	62	0.0507145330955438	0.160948679729868
K03623	group	IBS-D	-1.27052282037736	0.637998057599733	62	61	0.0509929646313984	0.161723484331994
K13640	group	IBS-D	-0.800950134289909	0.402456202050681	62	62	0.0511359934060259	0.162068108133614
K07639	group	IBS-D	1.71132020626999	0.861535744565664	62	57	0.0515666485436284	0.16310917635126
K07661	group	IBS-D	1.71135414405453	0.86155885980066	62	57	0.051568231963471003	0.16310917635126
K13019	group	IBS-D	-0.968508595404216	0.487582020649591	62	61	0.0515677847057744	0.16310917635126
K03385	group	IBS-D	0.271864292503065	0.137026173770476	62	62	0.0518324128403709	0.163834892061119
K03811	group	IBS-D	0.200620129807257	0.10116444228545	62	62	0.0519380634713807	0.163949067825322
K06208	group	IBS-D	-1.1107985659057	0.560122813803131	62	62	0.0519352203990301	0.163949067825322
K07979	group	IBS-D	-0.502643992598971	0.253516407613823	62	62	0.0519863209911404	0.163991631969377
K00520	group	IBS-D	0.784402950476629	0.396330464781027	62	62	0.0523918794962538	0.164993423997516
K08659	group	IBS-D	-0.446461744829512	0.225597740248947	62	62	0.0524088526607885	0.164993423997516
K09920	group	IBS-D	1.13774610112837	0.5749010633536	62	54	0.0524074123085191	0.164993423997516
K08483	group	IBS-D	-0.120096555143943	0.0607072877149647	62	62	0.0524929864566738	0.165148048118528
K00616	group	IBS-D	-0.157182778899827	0.0795529645903928	62	62	0.0527785393870398	0.165714774799787
K02072	group	IBS-D	-0.139135635877793	0.0704066346427895	62	62	0.0527382713217969	0.165714774799787
K07124	group	IBS-D	-0.241991558308732	0.122473505538683	62	62	0.052773531901652	0.165714774799787
K09758	group	IBS-D	0.790444983101831	0.40051108336762	62	62	0.0530387388940087	0.16642095317641
K01993	group	IBS-D	0.258215165874012	0.130882500719311	62	62	0.0531219975217523	0.166571369888686
K03416	group	IBS-D	-1.3953765014839	0.708605204434771	62	38	0.0535546455994454	0.167593701822816
K12954	group	IBS-D	-1.3953765014839	0.708605204434771	62	38	0.0535546455994454	0.167593701822816
K17490	group	IBS-D	-1.3953765014839	0.708605204434771	62	38	0.0535546455994454	0.167593701822816
K02907	group	IBS-D	0.0427221148166424	0.0217045708418028	62	62	0.0536536724464562	0.16774313303971
K13052	group	IBS-D	-0.389355822987727	0.197825521804606	62	62	0.053673534299602	0.16774313303971
K13540	group	IBS-D	-1.38979111917125	0.706314095848825	62	38	0.0537337561691872	0.167820128538998
K01995	group	IBS-D	-0.333822196419145	0.169928372092221	62	62	0.0541100235848535	0.168883435622878
K03635	group	IBS-D	-0.631602874365941	0.322294897470632	62	62	0.0546802674745085	0.170550358075253
K19171	group	IBS-D	0.858579922263616	0.438211826009475	62	62	0.054731098879093	0.170596075554397
K07031	group	IBS-D	-0.663303326196257	0.339183730070902	62	62	0.0551753228939308	0.171867122039483
K07344	group	IBS-D	-1.30277224658069	0.666362964867448	62	61	0.0552402978096235	0.171955936944016
K03700	group	IBS-D	-0.297059311558747	0.151971409069921	62	62	0.0552818388391278	0.171971736124886
K00001	group	IBS-D	-0.375730350504718	0.192477987011969	62	62	0.0556012892260553	0.172851470000051
K07075	group	IBS-D	-0.595591748492455	0.305483789819723	62	62	0.0558937385849875	0.173646160188934
K07339	group	IBS-D	0.854351213509172	0.438299197956821	62	62	0.0559456529459878	0.173693021259564
K03389	group	IBS-D	-1.47576302756115	0.757751274680693	62	30	0.0561518854555057	0.174104070879793
K03390	group	IBS-D	-1.47576302756115	0.757751274680693	62	30	0.0561518854555057	0.174104070879793
K07030	group	IBS-D	-0.284778825834159	0.146271910388444	62	62	0.0562305853006162	0.174233535005063
K01443	group	IBS-D	-0.171456872317212	0.0880929012949122	62	62	0.0563036240359528	0.174345299378564
K00595	group	IBS-D	-0.623141638530926	0.320749468233052	62	62	0.0567411457369408	0.175431230213744
K07220	group	IBS-D	-0.345388784179413	0.17778604371120801	62	62	0.0567468201331871	0.175431230213744
K17675	group	IBS-D	-1.50719409865532	0.775877483612509	62	45	0.0567659154593241	0.175431230213744
K01990	group	IBS-D	-0.103255968761868	0.053196878359577	62	62	0.0569580474132218	0.175909725999184
K09959	group	IBS-D	-1.15820120351075	0.59689982492151	62	60	0.0570392554997669	0.176045241450851
K00325	group	IBS-D	-0.689621813888007	0.355986785542927	62	62	0.0574314131095721	0.177139662671512
K11748	group	IBS-D	-1.08108179427847	0.559296807473484	62	62	0.0579682375470355	0.178678567497921
K08641	group	IBS-D	0.331529598211217	0.171567670658754	62	62	0.0580407418361703	0.178785198236041
K05710	group	IBS-D	1.11678629359028	0.578321592813808	62	56	0.0582013403469186	0.179162872765058
K02760	group	IBS-D	-0.346882241604926	0.179667035533467	62	62	0.0582502174450609	0.179196363647037
K11189	group	IBS-D	-0.137062767584616	0.0710537400139287	62	62	0.0584646180506805	0.179621588747237
K16092	group	IBS-D	-0.273916784831085	0.141983193021449	62	62	0.0584369393851151	0.179621588747237
K02002	group	IBS-D	-0.575098379110232	0.298470286752576	62	62	0.0587418403928843	0.180355806831278
K01926	group	IBS-D	-0.207208919308007	0.10761912939154	62	62	0.0589239285403301	0.1806419607059
K03060	group	IBS-D	-0.117363549123457	0.0609470590284846	62	62	0.0588891264985403	0.1806419607059
K03327	group	IBS-D	0.135790548977387	0.0705340257474502	62	62	0.0589511519216072	0.1806419607059
K03710	group	IBS-D	-0.489331579637189	0.254213089537443	62	62	0.0589882568886951	0.1806419607059
K03789	group	IBS-D	-0.129661948817143	0.0674060285980517	62	62	0.0591534868309208	0.181030398374187
K18220	group	IBS-D	0.755358401636565	0.392841767843089	62	62	0.0592547354913774	0.181222654070905
K03195	group	IBS-D	0.74184480437918	0.3872573352371	62	62	0.0601801462037281	0.183933616005691
K01755	group	IBS-D	-0.183991294361753	0.0961679713456847	62	62	0.0604939621452831	0.184653414548321
K08303	group	IBS-D	0.0798137775798871	0.0417124665258526	62	62	0.060467987664284	0.184653414548321
K01138	group	IBS-D	-0.559459638469478	0.292720798573319	62	7	0.0607540144827575	0.185327252458399
K04759	group	IBS-D	0.100399786967812	0.05255211198369	62	62	0.0608535535740371	0.18551089764393
K10682	group	IBS-D	-0.664889158040616	0.348309452482767	62	62	0.0610607364271626	0.186022243533914
K11249	group	IBS-D	0.908994818068246	0.476328862948503	62	61	0.061135644315938	0.186130212132966
K00053	group	IBS-D	-0.123620799468114	0.0648108621872546	62	62	0.0612576928597559	0.186381470662328
K02469	group	IBS-D	-0.0574217508354319	0.0301267879391087	62	62	0.0614433690360284	0.186705495086282
K07738	group	IBS-D	-0.115986451434355	0.0608443291130961	62	62	0.0614064821922464	0.186705495086282
K11602	group	IBS-D	-0.828485156102606	0.435391831181743	62	62	0.0618616899138185	0.187855588946277
K02501	group	IBS-D	-0.197963845642463	0.104189821006777	62	62	0.0622376768740972	0.188875729818689
K02837	group	IBS-D	0.076878035520766	0.0404812565141104	62	62	0.0623619497354287	0.189131160741017
K03388	group	IBS-D	-1.30480727891474	0.688051554345471	62	30	0.0627274423797441	0.190113958628221
K16345	group	IBS-D	0.178421489443982	0.0940997412521682	62	62	0.0627666313791646	0.190113958628221
K13653	group	IBS-D	-0.4586191661581	0.242013661780581	62	62	0.0629116259799907	0.19043082677897
K09946	group	IBS-D	0.825489267406879	0.436131757357205	62	62	0.0632174365305175	0.191233759254599
K00757	group	IBS-D	0.211738798406291	0.111937074134728	62	62	0.0633753645556256	0.191588602079699
K00997	group	IBS-D	-0.141394089821029	0.0747733925577621	62	62	0.0634595720242197	0.191659168981815
K10681	group	IBS-D	-0.65416999668291	0.345971989199423	62	62	0.0634799876907538	0.191659168981815
K02433	group	IBS-D	-0.146322154360393	0.0774653201141518	62	62	0.0637449007587646	0.192335861790361
K01997	group	IBS-D	-0.322269820284652	0.17067100927555	62	62	0.0638297376368824	0.192353501526185
K08714	group	IBS-D	-0.477370820664729	0.252813545747897	62	7	0.0638323218593043	0.192353501526185
K06996	group	IBS-D	0.818194547470321	0.433429491526785	62	62	0.063902082710944	0.192440754830659
K07405	group	IBS-D	0.32314503445287	0.171428182894614	62	62	0.0642729358892973	0.193434055937413
K01633	group	IBS-D	0.0820281367253255	0.0435315187062519	62	62	0.0643661620440718	0.193591084311124
K01819	group	IBS-D	-0.425434243193735	0.225842039843024	62	62	0.064444613827856	0.193703504660401
K02919	group	IBS-D	-0.107647733047848	0.0571794176692517	62	62	0.064601539649031	0.194038755968355
K11209	group	IBS-D	-0.45871049532674	0.243688585232891	62	62	0.0646384405484067	0.194038755968355
K07074	group	IBS-D	-0.734242382652537	0.390295231436119	62	62	0.0647925259005435	0.194369305211803
K09163	group	IBS-D	-1.24519438674838	0.6622051392014	62	25	0.0649134130001252	0.194369305211803
K15011	group	IBS-D	-1.18333622866817	0.629289393636449	62	58	0.0649055285882579	0.194369305211803
K15012	group	IBS-D	-1.18333622866817	0.629289393636449	62	58	0.0649055285882579	0.194369305211803
K02379	group	IBS-D	-0.394418520256734	0.209848048244045	62	62	0.0650288157117784	0.194591303868494
K01183	group	IBS-D	-1.2559504181681	0.668672983514194	62	54	0.0652053275059994	0.194892037588225
K03686	group	IBS-D	-0.0715670157171294	0.0381035312315022	62	62	0.0652119667757037	0.194892037588225
K09153	group	IBS-D	-0.603114458337559	0.321444866568696	62	62	0.0654857084665887	0.19558619450819
K02970	group	IBS-D	0.0725201504671811	0.0386774355642559	62	62	0.0656620953887375	0.195988887248915
K01719	group	IBS-D	0.211452592484395	0.112943527017479	62	62	0.0660550640767013	0.196912567753302
K07132	group	IBS-D	0.752645460314377	0.401989676053293	62	62	0.0660405889166086	0.196912567753302
K07029	group	IBS-D	-0.577349653127283	0.308487383040141	62	62	0.0661461374200648	0.197059497203428
K07733	group	IBS-D	0.800477535705001	0.427814459401537	62	62	0.0662115706747541	0.197129903599836
K11741	group	IBS-D	0.802628615552702	0.429666622625713	62	62	0.0666438451844696	0.198291718542561
K00647	group	IBS-D	0.377313029523301	0.202253615583286	62	62	0.0669963536900795	0.199089353498686
K02067	group	IBS-D	0.10238690543789	0.0548785966307605	62	62	0.0669744016147286	0.199089353498686
K00604	group	IBS-D	0.0568849197714816	0.0305000016455311	62	62	0.0670625336278634	0.199160521781489
K04750	group	IBS-D	-0.452600781304687	0.242916429087998	62	62	0.0673313124543826	0.199832894609735
K04079	group	IBS-D	0.199169638855012	0.106927005048495	62	62	0.0674065570995792	0.199930392001016
K00766	group	IBS-D	-0.183828972409256	0.0987541714501234	62	62	0.067576775213652407	0.200309284668501
K00263	group	IBS-D	1.07556884320513	0.578065803252572	62	54	0.0676982432195749	0.200417398005973
K03584	group	IBS-D	0.0650229711149821	0.0349460690163396	62	62	0.0676936022522075	0.200417398005973
K03499	group	IBS-D	-0.102484226150889	0.0551118744626235	62	62	0.0678515662403451	0.200493725807937
K04488	group	IBS-D	-0.112309522473994	0.0603940759997793	62	62	0.0678451631853027	0.200493725807937
K08217	group	IBS-D	-0.509278546345374	0.273847792985844	62	62	0.0678304458456167	0.200493725807937
K01846	group	IBS-D	0.476942078722621	0.256565526781958	62	62	0.0679406076275682	0.200505572948443
K19268	group	IBS-D	0.476942078722621	0.256565526781958	62	62	0.0679406076275682	0.200505572948443
K13829	group	IBS-D	-0.788778146572788	0.42457209756758	62	62	0.0681034055785763	0.200860325646383
K00975	group	IBS-D	-0.18691274099276	0.100759914416151	62	62	0.0685067649539496	0.201876561540462
K03465	group	IBS-D	-0.780938121189099	0.421025883124854	62	62	0.0685335824907293	0.201876561540462
K02065	group	IBS-D	0.101716705907158	0.0548885399587194	62	62	0.0687799504715458	0.202475809253315
K12294	group	IBS-D	2.10919923389242	1.14020119816826	62	32	0.0692618111121641	0.203767124893928
K07127	group	IBS-D	-1.51846152760217	0.821202047612976	62	58	0.0693755442932746	0.20397448060292
K16291	group	IBS-D	1.06892382646437	0.579136785117378	62	54	0.0698684053448652	0.205295576078744
K02761	group	IBS-D	-0.352526206413446	0.191059250364981	62	62	0.069957587591516407	0.205429628319795
K18917	group	IBS-D	-1.34999968980192	0.732219926051899	62	38	0.0701654685178252	0.205911854094626
K02066	group	IBS-D	0.101145382075446	0.0548985088482298	62	62	0.0703582319260065	0.206349142887467
K01220	group	IBS-D	-0.400946313695249	0.217919669895259	62	62	0.0707336324744128	0.207162481553817
K02788	group	IBS-D	-0.400946313695249	0.217919669895259	62	62	0.0707336324744128	0.207162481553817
K17214	group	IBS-D	1.06996548558486	0.5816120154186	62	54	0.0707673362559793	0.207162481553817
K10556	group	IBS-D	-1.19159702331683	0.64790596081042	62	59	0.0708424638468855	0.207253758996223
K16962	group	IBS-D	-0.727533035327327	0.395757805751614	62	62	0.0709652066519159	0.207484137985391
K00878	group	IBS-D	-0.329494282344464	0.179278217004743	62	62	0.0710302735051922	0.207545706227067
K03306	group	IBS-D	-0.189908783682661	0.103379593842141	62	62	0.0711632899343459	0.207805619399613
K00052	group	IBS-D	-0.128883253848833	0.0702645171450295	62	62	0.0715755494279461	0.208880130632546
K00652	group	IBS-D	0.441238238983171	0.240808760127201	62	62	0.0718679490324243	0.209103692480645
K01616	group	IBS-D	-1.33576638100811	0.730769080824095	62	38	0.0725389399699607	0.209103692480645
K04763	group	IBS-D	0.13320396413892	0.0726718292302347	62	62	0.0717723098687888	0.209103692480645
K06169	group	IBS-D	-1.25798013795265	0.686491051469422	62	62	0.0718437180135581	0.209103692480645
K07653	group	IBS-D	-1.34135176332075	0.732957952364016	62	38	0.0722106449909748	0.209103692480645
K08969	group	IBS-D	-0.642252937888502	0.350563682783215	62	62	0.0719072483853808	0.209103692480645
K09146	group	IBS-D	-1.33576638100811	0.730769080824095	62	38	0.0725389399699607	0.209103692480645
K11387	group	IBS-D	-1.33576638100811	0.730769080824095	62	38	0.0725389399699607	0.209103692480645
K12428	group	IBS-D	-1.33576638100811	0.730769080824095	62	38	0.0725389399699607	0.209103692480645
K12437	group	IBS-D	-1.33576638100811	0.730769080824095	62	38	0.0725389399699607	0.209103692480645
K13686	group	IBS-D	-1.33576638100811	0.730769080824095	62	38	0.0725389399699607	0.209103692480645
K14136	group	IBS-D	-1.33576638100811	0.730769080824095	62	38	0.0725389399699607	0.209103692480645
K14337	group	IBS-D	-1.34678057886137	0.735025519935654	62	38	0.0718720475393133	0.209103692480645
K14339	group	IBS-D	-1.34135176332075	0.732957952364016	62	38	0.0722106449909748	0.209103692480645
K14743	group	IBS-D	-1.33576638100811	0.730769080824095	62	38	0.0725389399699607	0.209103692480645
K14949	group	IBS-D	-1.33576638100811	0.730769080824095	62	38	0.0725389399699607	0.209103692480645
K16647	group	IBS-D	-1.33576638100811	0.730769080824095	62	38	0.0725389399699607	0.209103692480645
K16648	group	IBS-D	-1.33576638100811	0.730769080824095	62	38	0.0725389399699607	0.209103692480645
K16652	group	IBS-D	-1.33576638100811	0.730769080824095	62	38	0.0725389399699607	0.209103692480645
K16653	group	IBS-D	-1.33576638100811	0.730769080824095	62	38	0.0725389399699607	0.209103692480645
K03431	group	IBS-D	-0.110450560882672	0.0605518224209811	62	62	0.0731228642382538	0.210443439424465
K07560	group	IBS-D	0.0546619214262392	0.0299658379186352	62	62	0.0731114374328407	0.210443439424465
K14347	group	IBS-D	-0.742230928126331	0.406931397671973	62	62	0.0731375736252539	0.210443439424465
K02006	group	IBS-D	-0.66893253464259	0.366888210334063	62	62	0.0732465533352318	0.210628503371313
K08218	group	IBS-D	0.162396907323044	0.0891025183069951	62	62	0.0733501496459372	0.210797870646094
K08676	group	IBS-D	-1.27999722892779	0.702423209173722	62	57	0.0734001774749939	0.21081317720589
K02770	group	IBS-D	-0.206403457780293	0.113370942219704	62	62	0.0736551138933458	0.211416626367023
K01737	group	IBS-D	0.164164185526851	0.0902314909646678	62	62	0.073845813452933	0.211835070708049
K01085	group	IBS-D	0.187969558463699	0.103336317585203	62	62	0.0739013073619524	0.211865389373232
K06908	group	IBS-D	0.635028381310732	0.34924986095875	62	62	0.0740163587958124	0.21206631110635
K02470	group	IBS-D	-0.0547622534463964	0.0301555819555813	62	62	0.0743688600739384	0.212946899883846
K09924	group	IBS-D	0.44360260424111	0.244557999167345	62	62	0.0746950197077412	0.213751039406376
K01322	group	IBS-D	0.138862246167378	0.0765830780598898	62	62	0.07479982702376	0.213828833879545
K03695	group	IBS-D	0.0845412957513418	0.0466270098997223	62	62	0.0748128871715966	0.213828833879545
K07053	group	IBS-D	-0.161118314733634	0.0888987331905146	62	62	0.0749315888775969	0.214038384704268
K10538	group	IBS-D	0.984282443831491	0.543208332940921	62	55	0.0749942606245042	0.214087731903851
K06905	group	IBS-D	0.632477783950007	0.34923096907032	62	62	0.0751384779307587	0.214287292821696
K09768	group	IBS-D	-0.700079185531286	0.386580535983855	62	62	0.0751550429022659	0.214287292821696
K05364	group	IBS-D	-0.558723518847443	0.308715715243246	62	62	0.0753309657959426	0.214659114618529
K07024	group	IBS-D	-0.140110510298303	0.077497567149011	62	62	0.0756294763020549	0.215379595555852
K07173	group	IBS-D	0.0586606077488044	0.0324687705133637	62	62	0.0758276875562549	0.215813744426855
K00016	group	IBS-D	-0.312543009962157	0.173202131413838	62	62	0.076172487893152	0.216618236309046
K06907	group	IBS-D	0.575391240842689	0.318898016284261	62	62	0.0762022167168589	0.216618236309046
K05815	group	IBS-D	-1.21846218218508	0.675418654325547	62	56	0.0762499403578979	0.216623324534847
K02786	group	IBS-D	-0.43419392924808897	0.240750250875761	62	62	0.076330371850825	0.216721272515648
K05349	group	IBS-D	-0.426295912682022	0.236652492996691	62	62	0.076671682996891	0.217544908617706
K07038	group	IBS-D	-0.666066123173577	0.369810571107203	62	62	0.076712719048186	0.217544908617706
K09981	group	IBS-D	-1.35972279402257	0.755425325781686	62	31	0.0768974786905628	0.217937806192725
K06888	group	IBS-D	-1.21815782463631	0.677271759124815	62	60	0.0771083943489999	0.218404316966897
K01440	group	IBS-D	1.01286877714123	0.563359629387451	62	61	0.0772232738212466	0.218598414970588
K03216	group	IBS-D	-0.108883288193107	0.0606000088543598	62	62	0.0774085540573921	0.218729023927298
K07650	group	IBS-D	1.41030833181872	0.784872289681505	62	55	0.077390916624766	0.218729023927298
K07770	group	IBS-D	1.41030833181872	0.784872289681505	62	55	0.077390916624766	0.218729023927298
K02759	group	IBS-D	-0.342964344968965	0.191134094712745	62	62	0.0777931266291388	0.219684062983843
K00841	group	IBS-D	-0.365479177230905	0.203764352700994	62	62	0.0779107503250422	0.219884559265649
K03098	group	IBS-D	-1.12011082993029	0.625003389703172	62	62	0.0781483358418709	0.220423176931975
K10954	group	IBS-D	0.781133063364005	0.436022242118383	62	62	0.0782568100537217	0.220597200366618
K00259	group	IBS-D	-0.255215282503229	0.142561533387588	62	62	0.0784656837551237	0.221053861761746
K01714	group	IBS-D	-0.0976845481625281	0.0545825266794437	62	62	0.0785541868169112	0.221171071658838
K09003	group	IBS-D	-1.40767034602435	0.787886090052624	62	33	0.0790475117521676	0.222427246672567
K09811	group	IBS-D	0.0505221576909717	0.0282941342992812	62	62	0.0792171530830511	0.222638911763807
K18775	group	IBS-D	-1.29073680746477	0.722851599513889	62	55	0.0792150862415	0.222638911763807
K08884	group	IBS-D	-0.379093753562243	0.212403550880573	62	62	0.0793523289330458	0.222885993596334
K10678	group	IBS-D	0.771875097839491	0.43289479436408	62	62	0.0796358630350752	0.223549244091318
K13481	group	IBS-D	-1.08747038242654	0.610977624283381	62	57	0.0801586345172833	0.224749179776164
K13482	group	IBS-D	-1.08747038242654	0.610977624283381	62	57	0.0801586345172833	0.224749179776164
K01812	group	IBS-D	-0.580872186935673	0.326710606555375	62	62	0.0804808711837194	0.225518590910529
K04479	group	IBS-D	-0.586822065790762	0.330350372294755	62	62	0.0807431883543743	0.226119285201443
K13639	group	IBS-D	0.984965578756234	0.554624685548824	62	55	0.0808179333439592	0.226194287032707
K05366	group	IBS-D	0.110575395996248	0.0623190344017159	62	62	0.0810797430842902	0.226792448627232
K03704	group	IBS-D	-0.127365291515519	0.0719357745703829	62	62	0.081716765044902	0.228354045755124
K04608	group	IBS-D	-1.08660491998337	0.61385040926459	62	17	0.0817832873792205	0.228354045755124
K16511	group	IBS-D	-0.361076709220328	0.203948840317567	62	62	0.0817359088101677	0.228354045755124
K02530	group	IBS-D	-0.371158471792213	0.209906764834442	62	62	0.0821101073305288	0.229076845361623
K07559	group	IBS-D	0.354009823774287	0.200228021219705	62	62	0.0821393014220747	0.229076845361623
K03197	group	IBS-D	-1.0878193506295	0.615850984263238	62	45	0.0824208700205082	0.229726254738012
K00963	group	IBS-D	-0.117197797152624	0.0663741740832607	62	62	0.0825316449793705	0.229899136280396
K07015	group	IBS-D	-0.316657919401874	0.17939250913307	62	62	0.0826241938156754	0.230021073220027
K16924	group	IBS-D	-0.326418953669407	0.185005673484474	62	62	0.0827592081934088	0.230261018194759
K04487	group	IBS-D	-0.131293653481644	0.0744912397188736	62	62	0.083071322216845	0.230993134183161
K05299	group	IBS-D	1.54001146411133	0.873966606156651	62	56	0.0831470092525526	0.231067351582226
K03453	group	IBS-D	0.0940571980565302	0.0534166989962008	62	62	0.0833645117614733	0.231535357754481
K00068	group	IBS-D	-0.657570204237132	0.373701576877475	62	62	0.0835709979856886	0.231653941128442
K01055	group	IBS-D	-1.12853404848006	0.641277770723216	62	57	0.0835354177344675	0.231653941128442
K06872	group	IBS-D	0.330779431903475	0.188004573409565	62	62	0.0836036912215029	0.231653941128442
K13498	group	IBS-D	-0.213890090186988	0.121568088592418	62	62	0.0836030025530553	0.231653941128442
K03698	group	IBS-D	-0.26216498665049	0.149038667015734	62	62	0.0836691860310448	0.231699284393663
K03272	group	IBS-D	-0.243105622981714	0.138426741239634	62	62	0.0841564851701694	0.23283492267784
K06919	group	IBS-D	0.753006280809982	0.428899569022512	62	62	0.084248469970223	0.23283492267784
K07724	group	IBS-D	0.748084486729137	0.426136025331858	62	62	0.0842767627249942	0.23283492267784
K10202	group	IBS-D	-0.556466891309733	0.316885508581771	62	62	0.0841829964925391	0.23283492267784
K05606	group	IBS-D	-0.240493764528612	0.13703237638477	62	62	0.0843616681935977	0.232933037002931
K02473	group	IBS-D	-0.530585923857657	0.302644447597121	62	62	0.0846811772223337	0.233678427021958
K00088	group	IBS-D	-0.0459527941476798	0.0262573927184168	62	62	0.085215164617687	0.235014453998253
K02753	group	IBS-D	-1.23556970954692	0.707082282032286	62	32	0.0856808719077148	0.23616071999812
K07172	group	IBS-D	-1.14781343893455	0.657027847231049	62	62	0.085758108029274	0.236162753346256
K15866	group	IBS-D	-0.36454528686531	0.208688043811511	62	62	0.0857817634610129	0.236162753346256
K12583	group	IBS-D	-1.30236174915879	0.746143287102841	62	38	0.0860244612422692	0.236692741667761
K16209	group	IBS-D	-0.928652478953098	0.532596794936245	62	62	0.0863453627883271	0.237412989091386
K18446	group	IBS-D	-1.03374916855839	0.592951690342473	62	51	0.0863869146057714	0.237412989091386
K01151	group	IBS-D	-0.245192492531635	0.140885714430908	62	62	0.0869217690166302	0.238743775586737
K05813	group	IBS-D	-1.18401457186656	0.680683034150414	62	56	0.0870835652120548	0.239048948509925
K00989	group	IBS-D	-0.160459389288326	0.0922720174241324	62	62	0.0871666253065854	0.239137757385606
K02081	group	IBS-D	-1.52392184927447	0.876562226910391	62	60	0.08724843024325	0.239223021527423
K01090	group	IBS-D	-0.191559252085887	0.110302178257518	62	62	0.0875762101198942	0.239982223663812
K04767	group	IBS-D	-0.376309026622947	0.216912679331707	62	62	0.087903550210559	0.240739339601043
K00692	group	IBS-D	-1.31490262746924	0.758619269859167	62	54	0.0881819745515919	0.241361690066922
K01278	group	IBS-D	0.292853154107936	0.169070592896245	62	62	0.0883878238593261	0.241784789629108
K07816	group	IBS-D	-0.262849872652345	0.151852492304288	62	62	0.0885997293385672	0.242223955687352
K14581	group	IBS-D	-0.742246912107056	0.429029745302828	62	15	0.0887608918918654	0.242523966490172
K07043	group	IBS-D	0.106602090125183	0.061630620776906	62	62	0.088826748547744	0.242563373567551
K11216	group	IBS-D	-1.02116312898677	0.591180283860271	62	59	0.089253428787865	0.243587482733548
K07165	group	IBS-D	0.868250462409023	0.502986168448458	62	58	0.089459409629654	0.24400843019864
K07506	group	IBS-D	-1.03458078237742	0.600016031766796	62	57	0.0898108020756755	0.24482528473346
K07317	group	IBS-D	-1.24608839122843	0.723823362346159	62	58	0.0903060969690952	0.246033248588245
K00073	group	IBS-D	-1.03822326828545	0.603609367733098	62	52	0.0905824341852512	0.246643625645291
K02466	group	IBS-D	-0.923288225591296	0.537044935580656	62	13	0.0907333852695027	0.246694465655507
K04762	group	IBS-D	0.145524074729711	0.0846580150032505	62	62	0.0907768618411463	0.246694465655507
K06999	group	IBS-D	-0.712190626232785	0.414357892339392	62	62	0.0908103461361237	0.246694465655507
K18829	group	IBS-D	-0.856596911389186	0.498339424574011	62	62	0.0907881182160502	0.246694465655507
K03863	group	IBS-D	-1.05525758625549	0.61457332727968	62	58	0.0911270692133349	0.247412353719106
K08321	group	IBS-D	-0.976877671631942	0.569106583346995	62	61	0.0912276178962982	0.247542834291681
K01198	group	IBS-D	-1.37026257586228	0.798697944817616	62	56	0.0913916944017637	0.247845446117722
K02217	group	IBS-D	0.220698489700266	0.128686440344546	62	62	0.0915043934326464	0.248008459441586
K05565	group	IBS-D	-0.558358882012166	0.325840826298302	62	62	0.0917660245214557	0.248574710880635
K06214	group	IBS-D	-1.01533132949058	0.592745123072733	62	60	0.0918888154512465	0.248621717537624
K12524	group	IBS-D	0.214836037425617	0.125418157233473	62	62	0.0918837597387425	0.248621717537624
K01704	group	IBS-D	-0.120407206885788	0.070317631988677	62	62	0.091999572695428	0.248778661027316
K01951	group	IBS-D	-0.0961820261189869	0.056202213518276103	62	62	0.0921807815974121	0.248991138127404
K07445	group	IBS-D	-0.904620942682551	0.528779275546456	62	29	0.0922893361846272	0.248991138127404
K11184	group	IBS-D	-0.576568144603936	0.336975149426229	62	62	0.092244997174072	0.248991138127404
K14956	group	IBS-D	-0.904620942682551	0.528779275546456	62	29	0.0922893361846272	0.248991138127404
K04096	group	IBS-D	0.0603025627757504	0.0352661321346725	62	62	0.0924463150746529	0.249272053683284
K19350	group	IBS-D	-0.51832246451631	0.303389793611414	62	62	0.0927242298575078	0.249878553147432
K01193	group	IBS-D	-0.188353402705866	0.110304305622962	62	62	0.0928843845498813	0.250024404987009
K09915	group	IBS-D	0.967801336920082	0.566724781963162	62	56	0.0928601320764004	0.250024404987009
K09970	group	IBS-D	-1.16065172832072	0.679939624231787	62	58	0.092994221406998	0.250034634068074
K09971	group	IBS-D	-1.16065172832072	0.679939624231787	62	58	0.092994221406998	0.250034634068074
K10555	group	IBS-D	-1.10624036148202	0.6487067755711	62	59	0.0933110375218744	0.250315616014311
K10557	group	IBS-D	-1.10624036148202	0.6487067755711	62	59	0.0933110375218744	0.250315616014311
K10558	group	IBS-D	-1.10624036148202	0.6487067755711	62	59	0.0933110375218744	0.250315616014311
K15533	group	IBS-D	-0.584546654302727	0.34274047619994	62	62	0.0932722110413222	0.250315616014311
K05808	group	IBS-D	0.0964138802769031	0.0565639314163867	62	62	0.0934592195805651	0.250570596669667
K01696	group	IBS-D	-0.126701020176823	0.074394708236756	62	62	0.0937262204923727	0.251143668092062
K01159	group	IBS-D	0.0461875854949745	0.0271459913383728	62	62	0.0940354859127324	0.251686351625679
K02030	group	IBS-D	-0.146719580005792	0.0862306638490635	62	62	0.0940304624751436	0.251686351625679
K01673	group	IBS-D	-0.14119666462014	0.083137103968068	62	62	0.0946207404792482	0.25296565311799
K19048	group	IBS-D	-1.00689333320254	0.592834038386353	62	51	0.0946053155283252	0.25296565311799
K00691	group	IBS-D	0.650067514152983	0.383177490898886	62	62	0.0949706330650471	0.253065500923558
K03533	group	IBS-D	1.67250923169979	0.985876968332981	62	22	0.0949800544178749	0.253065500923558
K05789	group	IBS-D	1.67250923169979	0.985876968332981	62	22	0.0949800544178749	0.253065500923558
K06206	group	IBS-D	-0.226476979342788	0.133490340799019	62	62	0.0949589252025318	0.253065500923558
K07811	group	IBS-D	1.67250923169979	0.985876968332981	62	22	0.0949800544178749	0.253065500923558
K13038	group	IBS-D	0.0440826500043623	0.0259688953556055	62	62	0.0947805928501106	0.253065500923558
K02902	group	IBS-D	0.060470210371271003	0.0356944660002118	62	62	0.0954306039894893	0.253603375420663
K08983	group	IBS-D	-0.72067404300151106	0.425427332434058	62	15	0.0954508039380146	0.253603375420663
K14578	group	IBS-D	-0.72067404300151106	0.425427332434058	62	15	0.0954508039380146	0.253603375420663
K18242	group	IBS-D	-0.72067404300151106	0.425427332434058	62	15	0.0954508039380146	0.253603375420663
K18243	group	IBS-D	-0.72067404300151106	0.425427332434058	62	15	0.0954508039380146	0.253603375420663
K12308	group	IBS-D	-0.314233127116762	0.185577775686776	62	62	0.0955906232449204	0.253831857670633
K02007	group	IBS-D	-0.629584174683118	0.371982381066218	62	62	0.0957358363754415	0.253929207909747
K07058	group	IBS-D	0.112445342738273	0.0664326443854579	62	62	0.0957145591079021	0.253929207909747
K19180	group	IBS-D	-0.536994764595938	0.317328857479787	62	62	0.0957888169786767	0.253929207909747
K01823	group	IBS-D	-0.249937756748293	0.147863428510519	62	62	0.0961546803210714	0.254755883367513
K02434	group	IBS-D	-0.129637590115154	0.0767179732315781	62	62	0.0962574320149228	0.254884923853103
K13787	group	IBS-D	-0.714773844130647	0.423106302503182	62	62	0.0963433131486223	0.254969172171101
K00943	group	IBS-D	-0.108114288966876	0.064009842567607	62	62	0.0964053649558343	0.254981288343703
K01838	group	IBS-D	0.533514253740422	0.315920119847479	62	62	0.0964560259552938	0.254981288343703
K07404	group	IBS-D	-0.247364828379601	0.146524067442074	62	62	0.0965608140802763	0.255115293670915
K00758	group	IBS-D	-0.740331832694039	0.438731439743845	62	62	0.0967118630748111	0.255371302497653
K07719	group	IBS-D	-0.945703646479871	0.560615025220649	62	61	0.0968149775127809	0.255500522635856
K03410	group	IBS-D	-0.633220431105152	0.375717676646721	62	62	0.0971134055961329	0.256144754357586
K12960	group	IBS-D	-0.191232951684536	0.11350866008426	62	62	0.0972334711540008	0.25631808270669
K08372	group	IBS-D	-0.712721832941785	0.423300759411009	62	62	0.0974313287407122	0.256696171140334
K09011	group	IBS-D	-1.31924058616364	0.783980220827298	62	60	0.0976214014091376	0.25705333838386
K01082	group	IBS-D	0.376980161811862	0.224184003110394	62	62	0.0978516167115176	0.257515750229641
K06878	group	IBS-D	-0.371610519786467	0.221067754207272	62	62	0.0979658975080299	0.257672712017774
K13573	group	IBS-D	-0.749269959896673	0.446076541783853	62	62	0.09821820801617	0.258192346156219
K00013	group	IBS-D	-0.174858387286481	0.104119608286289	62	62	0.0982749624796604	0.258197617300322
K03706	group	IBS-D	-0.256661340708187	0.152869287396484	62	62	0.0983610624536881	0.258241527070947
K04338	group	IBS-D	-0.994003883058458	0.592107895068515	62	60	0.0984011925671103	0.258241527070947
K01759	group	IBS-D	0.0875459967605532	0.0521628821083115	62	62	0.0984864336298472	0.258321479976841
K10537	group	IBS-D	0.921472199260545	0.550504145753399	62	55	0.0993621926511359	0.260473652330604
K03199	group	IBS-D	0.456945778099332	0.273299900651488	62	62	0.0997404823395288	0.261320063729565
K00831	group	IBS-D	0.101263259761937	0.0606177609851535	62	62	0.100025333660935	0.261920862601315
K16137	group	IBS-D	-0.6781591434759	0.406766136223207	62	62	0.100687340389981	0.263369942512676
K18918	group	IBS-D	-2.04278154350913	1.22529061721935	62	51	0.100690416953002	0.263369942512676
K09138	group	IBS-D	-1.08822025305784	0.652981287915499	62	57	0.100818268145301	0.263558177701352
K00042	group	IBS-D	-0.873757094807309	0.524893495294469	62	62	0.101199475721821	0.264115510516939
K03320	group	IBS-D	-0.764033260642857	0.458935169333577	62	62	0.101167663232202	0.264115510516939
K03593	group	IBS-D	0.108357956603434	0.0650835891379645	62	62	0.101145853743674	0.264115510516939
K01772	group	IBS-D	-0.201625220110711	0.121265754680232	62	62	0.101593972326719	0.264998436666377
K03367	group	IBS-D	0.422491500171592	0.254591416529502	62	62	0.102236004093766	0.266525702214595
K02435	group	IBS-D	-0.127180003851566	0.0767519541454957	62	62	0.102734743971035	0.26767792959525
K13017	group	IBS-D	-1.38157234213936	0.834178504889273	62	40	0.10290112182666	0.267963385165395
K09692	group	IBS-D	-0.57302909444898	0.346384556081593	62	62	0.103286286215253	0.268817950215857
K09693	group	IBS-D	-0.572816111197027	0.34638267083307	62	62	0.103409856768846	0.268991111153822
K00239	group	IBS-D	0.102125061143624	0.061778599932349	62	62	0.103537946128988	0.26902752283433
K01817	group	IBS-D	-0.105171456033285	0.0636127372436028	62	62	0.103491663711788	0.26902752283433
K01685	group	IBS-D	-0.590576031059471	0.357685879995901	62	62	0.103942831609874	0.269782275108512
K02647	group	IBS-D	-0.546305435275726	0.330838228694565	62	62	0.103907144470351	0.269782275108512
K09706	group	IBS-D	-1.18571810889041	0.719779564724592	62	39	0.104717144699209	0.271517880445201
K10536	group	IBS-D	-0.358545731543083	0.21765808840656	62	62	0.104726680349835	0.271517880445201
K01224	group	IBS-D	0.685262045149369	0.41672242560556	62	62	0.105321802494112	0.272910780528698
K00124	group	IBS-D	-0.497721718495786	0.303340704909921	62	62	0.106071228444567	0.274701764604382
K13572	group	IBS-D	-0.726804863591283	0.443576457818593	62	62	0.106549158754317	0.275788053065511
K01338	group	IBS-D	0.0686187330699978	0.0419297369642328	62	62	0.106966679147782	0.275907349692061
K01776	group	IBS-D	0.0452863520518425	0.0276628551449638	62	62	0.106848331981082	0.275907349692061
K02043	group	IBS-D	0.961104858850434	0.587952317853862	62	54	0.1073558071851	0.275907349692061
K05774	group	IBS-D	0.961104858850434	0.587952317853862	62	54	0.1073558071851	0.275907349692061
K05780	group	IBS-D	0.961104858850434	0.587952317853862	62	54	0.1073558071851	0.275907349692061
K05781	group	IBS-D	0.961104858850434	0.587952317853862	62	54	0.1073558071851	0.275907349692061
K06163	group	IBS-D	0.961104858850434	0.587952317853862	62	54	0.1073558071851	0.275907349692061
K06164	group	IBS-D	0.961104858850434	0.587952317853862	62	54	0.1073558071851	0.275907349692061
K06165	group	IBS-D	0.961104858850434	0.587952317853862	62	54	0.1073558071851	0.275907349692061
K06166	group	IBS-D	0.961104858850434	0.587952317853862	62	54	0.1073558071851	0.275907349692061
K08256	group	IBS-D	-0.72842388059136	0.445476212217344	62	62	0.107252113140459	0.275907349692061
K09951	group	IBS-D	0.121822526081552	0.0743994400261129	62	62	0.106779146969066	0.275907349692061
K16148	group	IBS-D	-0.72842388059136	0.445476212217344	62	62	0.107252113140459	0.275907349692061
K09770	group	IBS-D	-0.667071361426166	0.408212491701249	62	62	0.107468795937415	0.276047299368654
K01815	group	IBS-D	-0.587805986436349	0.360207612754696	62	62	0.107948533536972	0.276977847747748
K07465	group	IBS-D	-0.727207988234689	0.445562336381319	62	62	0.107893715466905	0.276977847747748
K16785	group	IBS-D	-0.299415455835544	0.183531447030731	62	62	0.108041760444021	0.277066309001632
K00123	group	IBS-D	-0.375837020459801	0.230432329339453	62	62	0.108127230368827	0.277134792619233
K07138	group	IBS-D	-0.740373004518821	0.455020580354504	62	62	0.108952521374461	0.279098365454621
K03705	group	IBS-D	-0.280326131804348	0.172325151195953	62	62	0.109035986292533	0.279160538195214
K09761	group	IBS-D	0.0271545991280525	0.0167133006264733	62	62	0.109462300734346	0.280099951309374
K06131	group	IBS-D	0.125227387414766	0.0770893390778728	62	62	0.109523209066958	0.280103825357796
K00331	group	IBS-D	0.122070851324211	0.0752200379219671	62	62	0.109864608394738	0.280225354458723
K00338	group	IBS-D	0.122070851324211	0.0752200379219671	62	62	0.109864608394738	0.280225354458723
K00339	group	IBS-D	0.122070851324211	0.0752200379219671	62	62	0.109864608394738	0.280225354458723
K00340	group	IBS-D	0.122070851324211	0.0752200379219671	62	62	0.109864608394738	0.280225354458723
K00341	group	IBS-D	0.122068997333585	0.075219591865836	62	62	0.109867828751946	0.280225354458723
K01912	group	IBS-D	-0.608012135175935	0.374838027545433	62	62	0.110032728152305	0.280470803108049
K19504	group	IBS-D	-1.23709277945303	0.76277488863974	62	36	0.110083006054495	0.280470803108049
K03830	group	IBS-D	-1.39858521129415	0.862884382770411	62	45	0.11029922766036	0.280869955532536
K01308	group	IBS-D	-0.598587070229418	0.369620863515541	62	62	0.110592712184375	0.28136544089505
K10022	group	IBS-D	0.945302293740301	0.583747813681076	62	54	0.110613131344237	0.28136544089505
K07714	group	IBS-D	-1.16766356023575	0.721320608898385	62	37	0.110738580170807	0.281532692229394
K09820	group	IBS-D	-0.687658936099675	0.424891230819523	62	62	0.110814227865959	0.281573221236996
K00330	group	IBS-D	0.121506798392539	0.0752045968780526	62	62	0.111409537069155	0.282933428550423
K00823	group	IBS-D	-1.20043674330678	0.74323279424191	62	56	0.111523903322298	0.283071435989212
K00337	group	IBS-D	0.12137326677853	0.075229243181188	62	62	0.111909974351993	0.283593465364857
K00343	group	IBS-D	0.12137326677853	0.075229243181188	62	62	0.111909974351993	0.283593465364857
K03475	group	IBS-D	-0.222713707260371	0.138008337913963	62	62	0.111824903124493	0.283593465364857
K00342	group	IBS-D	0.121326825016317	0.0752250725729991	62	62	0.112024880653229	0.283732189667362
K00980	group	IBS-D	-0.245794937867715	0.152487306253239	62	62	0.112231161043497	0.284034382761652
K02750	group	IBS-D	-0.533947270501174	0.331284030848731	62	62	0.11226465001436	0.284034382761652
K09004	group	IBS-D	-0.858707475854618	0.532951977485529	62	40	0.112378577832755	0.284170173222129
K09973	group	IBS-D	-1.28404932190282	0.797324061159136	62	59	0.1125489882397	0.284448568348566
K01782	group	IBS-D	0.961772784681894	0.59734724318849	62	55	0.11263103859333	0.284503469740837
K06518	group	IBS-D	0.235749387790984	0.146535891443591	62	62	0.112906107192195	0.284740749475076
K08191	group	IBS-D	-0.68994842614497	0.428741537239759	62	62	0.112813175816793	0.284740749475076
K16147	group	IBS-D	-0.708299115292383	0.440233276445819	62	62	0.112883972090619	0.284740749475076
K00034	group	IBS-D	-0.470861554670073	0.292813558649934	62	62	0.113072182130678	0.285007167786358
K01938	group	IBS-D	0.0723264573950258	0.0449956629041584	62	62	0.113214800044936	0.285068048840194
K09703	group	IBS-D	0.783852757255416	0.487653045059195	62	59	0.113217229745056	0.285068048840194
K02487	group	IBS-D	1.57654908748907	0.982536674882221	62	21	0.11383974403919	0.285568208983415
K07037	group	IBS-D	0.244939157936609	0.152559948203523	62	62	0.113628781695743	0.285568208983415
K12509	group	IBS-D	1.57654908748907	0.982536674882221	62	21	0.11383974403919	0.285568208983415
K12512	group	IBS-D	1.57654908748907	0.982536674882221	62	21	0.11383974403919	0.285568208983415
K12513	group	IBS-D	1.57654908748907	0.982536674882221	62	21	0.11383974403919	0.285568208983415
K12514	group	IBS-D	1.57654908748907	0.982536674882221	62	21	0.11383974403919	0.285568208983415
K12515	group	IBS-D	1.57654908748907	0.982536674882221	62	21	0.11383974403919	0.285568208983415
K02500	group	IBS-D	-0.167425084071898	0.104392767791127	62	62	0.114009829731294	0.285842826694728
K03790	group	IBS-D	-0.224670510394445	0.140277048792619	62	62	0.114492072079384	0.286899368717521
K05350	group	IBS-D	-0.365385732234271	0.228269209944564	62	62	0.114700735529278	0.28704656256642
K05521	group	IBS-D	1.55594148706658	0.972575840029202	62	57	0.114892605470533	0.28704656256642
K05833	group	IBS-D	-0.236901830035671	0.148069999685715	62	62	0.114866772994967	0.28704656256642
K05896	group	IBS-D	-0.114683559450321	0.071664477061048	62	62	0.114788295206018	0.28704656256642
K06024	group	IBS-D	-0.114648498165297	0.0716683119564422	62	62	0.114916011476972	0.28704656256642
K09459	group	IBS-D	-0.649214250731349	0.405757755392982	62	62	0.114850504603665	0.28704656256642
K06992	group	IBS-D	1.08005550273877	0.675393889909783	62	55	0.115040695957146	0.287205887842191
K13924	group	IBS-D	-1.23645887788378	0.773399711089813	62	45	0.11513350543143	0.287285508790807
K02279	group	IBS-D	-0.849941168402215	0.532929596535117	62	62	0.116000985268966	0.289297010327047
K10907	group	IBS-D	-0.611852720832378	0.383847879692599	62	62	0.116191275386957	0.289618422159031
K15738	group	IBS-D	0.0770407114689678	0.0484051731034846	62	62	0.116734510612931	0.290818780797985
K06218	group	IBS-D	-0.358323016558931	0.225175704381454	62	62	0.116796663492212	0.290819992095707
K10974	group	IBS-D	0.61843789350208	0.388857500351504	62	62	0.117001029057612	0.29117512033546
K01053	group	IBS-D	-0.921505884947598	0.579901716214552	62	61	0.117300082226837	0.291765394399663
K03574	group	IBS-D	-0.162688857835324	0.102428909356531	62	62	0.117472508229972	0.292040247133657
K00090	group	IBS-D	0.908890681965917	0.572498670654081	62	56	0.117636473720595	0.292293788233049
K01462	group	IBS-D	-0.0349337906457191	0.0220177113719322	62	62	0.117854854046314	0.292642470076716
K08651	group	IBS-D	-1.3410393664062	0.845375263295919	62	37	0.117922444180252	0.292642470076716
K09988	group	IBS-D	-0.586577401595383	0.369813032765168	62	61	0.117962963446955	0.292642470076716
K00842	group	IBS-D	-0.718367049046089	0.452995724851823	62	62	0.118038268773062	0.292675328882104
K03321	group	IBS-D	0.344310365071141	0.217350395354879	62	62	0.118422250377617	0.293473112338856
K00104	group	IBS-D	-1.04909849451667	0.663157159136197	62	62	0.118912685272048	0.294379120075055
K02338	group	IBS-D	0.0437821992995365	0.0276725579490298	62	62	0.118872351807284	0.294379120075055
K03326	group	IBS-D	-0.352184581346325	0.222760355937402	62	62	0.119135301311371	0.294775488449333
K18677	group	IBS-D	-0.527962300131506	0.334639610607818	62	9	0.119891854017671	0.29649186342283
K06346	group	IBS-D	-0.28551341345751	0.181169701288573	62	62	0.120297072944276	0.297338048220758
K01243	group	IBS-D	0.0478240278262795	0.0303589261530904	62	62	0.120448753895797	0.297451432174716
K10775	group	IBS-D	-0.863264437786139	0.548130167504532	62	22	0.120532164309983	0.297451432174716
K17754	group	IBS-D	-0.863264437786139	0.548130167504532	62	22	0.120532164309983	0.297451432174716
K01709	group	IBS-D	-0.554944156170645	0.352480254348522	62	62	0.120654194669582	0.297596852542756
K11601	group	IBS-D	-0.734647450824471	0.46682216107892	62	62	0.120810929542945	0.297827675757727
K19082	group	IBS-D	-0.45032500358941	0.286316261782751	62	62	0.121018515094511	0.298183551298702
K01905	group	IBS-D	-0.921460230268973	0.586819923149007	62	51	0.121613596011665	0.299337013982783
K06639	group	IBS-D	-0.921460230268972	0.586819923149007	62	51	0.121613596011665	0.299337013982783
K15598	group	IBS-D	-0.87348666488516	0.557230354490544	62	61	0.12224539851882	0.300735158797474
K01186	group	IBS-D	-0.264166083470384	0.16860667195099	62	62	0.122430295033878	0.301032988206345
K01004	group	IBS-D	-0.674752576856329	0.430973121700441	62	62	0.122690246372657	0.301044329809288
K03332	group	IBS-D	0.287252840888094	0.183470186746053	62	62	0.122686476761444	0.301044329809288
K06140	group	IBS-D	-0.977135642817111	0.623992054190142	62	58	0.12262148048125	0.301044329809288
K11603	group	IBS-D	-0.728049875752185	0.464860310268192	62	62	0.122568401332036	0.301044329809288
K01524	group	IBS-D	-0.1128310044682	0.0720952954862575	62	62	0.122836264687288	0.301245878453068
K01361	group	IBS-D	0.345618556300708	0.221045152540306	62	62	0.123179136232683	0.301929733094249
K13015	group	IBS-D	0.565927659940219	0.362121026099464	62	62	0.123355939292407	0.302206031014542
K04093	group	IBS-D	-0.575010390046547	0.368035728271539	62	62	0.123458808783205	0.302301008422428
K00869	group	IBS-D	-0.235662166371567	0.150932590235375	62	62	0.123695131691605	0.302672447224258
K01662	group	IBS-D	0.0710089309246926	0.045483901607848	62	62	0.123738863072173	0.302672447224258
K09766	group	IBS-D	-0.642892404503402	0.412698240603015	62	62	0.124545272797097	0.304487043292436
K01597	group	IBS-D	-0.234980037260596	0.150887212687457	62	62	0.124653431293504	0.304593565792832
K03381	group	IBS-D	-0.921229504488045	0.592256085671941	62	57	0.125096423418968	0.305359592569282
K03487	group	IBS-D	-0.645157034482107	0.414727101096332	62	62	0.125058319150141	0.305359592569282
K01841	group	IBS-D	-0.641107029923105	0.412495679214782	62	62	0.125392456627334	0.305923862107868
K19422	group	IBS-D	0.857435567896661	0.552154565442539	62	62	0.125708573333439	0.306536521117115
K06960	group	IBS-D	-0.276932930835118	0.178486629439825	62	62	0.126026429280593	0.307152785781539
K15383	group	IBS-D	-0.965879490943539	0.622966641001436	62	62	0.12629230316572	0.307641788083438
K00796	group	IBS-D	0.0292630116376542	0.0188794202491141	62	62	0.126401706983067	0.307749328927281
K13409	group	IBS-D	-1.81819236975696	1.17478189361243	62	25	0.126956966044225	0.308941719228363
K01284	group	IBS-D	0.264056675014115	0.170786240713943	62	62	0.127333309144149	0.309697723529555
K09001	group	IBS-D	-0.582206185321622	0.376682442446936	62	62	0.127456058083558	0.309836479341268
K12049	group	IBS-D	-0.841537312191236	0.544861917493937	62	30	0.12772653680976	0.310014589601044
K12050	group	IBS-D	-0.841537312191236	0.544861917493937	62	30	0.12772653680976	0.310014589601044
K12053	group	IBS-D	-0.841537312191236	0.544861917493937	62	30	0.12772653680976	0.310014589601044
K07394	group	IBS-D	1.42454561675129	0.923076761941803	62	56	0.128026442993788	0.310582667262709
K01609	group	IBS-D	-0.136709754532418	0.0886089231900738	62	62	0.128126803160501	0.3106663258123
K02825	group	IBS-D	-0.135348544909778	0.087804014807107	62	62	0.128456851003662	0.311306531003737
K07484	group	IBS-D	-0.296947825716695	0.192716505306773	62	62	0.128610423371551	0.311518621787485
K06178	group	IBS-D	0.028709669449217	0.0186392753359157	62	62	0.128750340492453	0.311537509370143
K06609	group	IBS-D	-0.673268900600619	0.437070464503897	62	62	0.128717592177684	0.311537509370143
K03225	group	IBS-D	0.811039950305664	0.527269183419215	62	56	0.129259682428801	0.31245492467423
K06160	group	IBS-D	0.810061794870167	0.526691388624081	62	56	0.129301144595947	0.31245492467423
K07706	group	IBS-D	-0.332267816651386	0.216051690650371	62	62	0.129328247023769	0.31245492467423
K16698	group	IBS-D	0.581787577232788	0.37840567844161	62	62	0.129435397351864	0.31255367839805
K15584	group	IBS-D	-1.19214584241778	0.775749297397918	62	60	0.129607532150994	0.312809171762583
K16787	group	IBS-D	-0.313270884720004	0.203979746225837	62	62	0.129845824721706	0.313223994571645
K00844	group	IBS-D	-1.09956325424929	0.716478371077344	62	62	0.130119749554962	0.313724304141717
K01575	group	IBS-D	-0.364610882157935	0.237628148062069	62	62	0.130193849338308	0.313742561818836
K02358	group	IBS-D	-0.0504096543169656	0.0328889366514346	62	62	0.130600180915739	0.314561007762322
K00054	group	IBS-D	-0.231309803739638	0.150944294082366	62	62	0.13067540956399	0.314581537265839
K06897	group	IBS-D	-0.596012997776787	0.389251844574199	62	62	0.130981825011791	0.315158309569186
K03788	group	IBS-D	-0.623596527181234	0.407568446325631	62	62	0.131262106168714	0.315671643391971
K17320	group	IBS-D	-0.260380484665493	0.170278779655522	62	62	0.131484517557879	0.316045354129946
K04080	group	IBS-D	-0.918253028769608	0.600824533199108	62	57	0.131687868737372	0.316372893003285
K07040	group	IBS-D	-0.157637956264018	0.103268038072945	62	62	0.132141697186348	0.317301549862942
K09955	group	IBS-D	-0.898697051038627	0.588845986235599	62	62	0.13221445936643	0.317314702479433
K01847	group	IBS-D	-0.200696255850226	0.131589808112098	62	62	0.132472004018237	0.317647472436103
K07045	group	IBS-D	-1.01222846001639	0.663711914309163	62	60	0.13248782406315	0.317647472436103
K05881	group	IBS-D	-0.65792095227607	0.431566709623982	62	62	0.13263931649733	0.317849093801527
K06298	group	IBS-D	-0.540008442451921	0.354905891846725	62	62	0.133373975618884	0.319447267150156
K01286	group	IBS-D	-0.362463496185003	0.238270834228275	62	62	0.133456409292557	0.319482449859745
K06403	group	IBS-D	-1.04733878832319	0.688767666168828	62	54	0.133613487802359	0.319534081377244
K06404	group	IBS-D	-1.04733878832319	0.688767666168828	62	54	0.133613487802359	0.319534081377244
K04042	group	IBS-D	-0.0971082704729465	0.0640017004733464	62	62	0.134448494277998	0.321205217332845
K07183	group	IBS-D	-0.430710829838119	0.283865464387039	62	62	0.13444098716874	0.321205217332845
K09819	group	IBS-D	-0.646710201137807	0.426582238124024	62	62	0.134763636206489	0.321632241067714
K17215	group	IBS-D	0.90298034575409	0.595604045391009	62	54	0.134751548506028	0.321632241067714
K03564	group	IBS-D	0.0860213011929765	0.056760357420216	62	62	0.134892386415477	0.321776678975917
K07309	group	IBS-D	-0.460603132009816	0.304007951685628	62	7	0.134997275002498	0.321864079328504
K13280	group	IBS-D	-0.623350241384517	0.41154255485907	62	61	0.135107156529431	0.321870954595298
K19341	group	IBS-D	0.57435894747512	0.37922717080932	62	62	0.13513666032627	0.321870954595298
K19342	group	IBS-D	0.531812373460173	0.35150731108355	62	62	0.135542713954895	0.322675133271725
K19340	group	IBS-D	0.573053268743694	0.379250171120729	62	62	0.136033358445581	0.323679777209566
K07814	group	IBS-D	-0.530008414712164	0.350906097457285	62	62	0.13619035272146	0.323889916003231
K02624	group	IBS-D	-1.04566207000771	0.692528846745461	62	58	0.136312884232224	0.324017924414904
K00208	group	IBS-D	0.178276304852186	0.118112709673679	62	62	0.136451531182405	0.324020856523778
K07230	group	IBS-D	-0.327177962657425	0.216758044686604	62	62	0.136441049938511	0.324020856523778
K03786	group	IBS-D	0.153688002974672	0.101843302591	62	62	0.136530849151259	0.324046041568865
K02802	group	IBS-D	-0.677094094128629	0.449755139047187	62	62	0.137449230021126	0.326061654315709
K02839	group	IBS-D	0.494564574547155	0.328815644536852	62	62	0.137807113255775	0.326622045618993
K03582	group	IBS-D	-0.553778895101475	0.368200874135834	62	62	0.137823975992747	0.326622045618993
K19271	group	IBS-D	-0.621911404792856	0.413706867736606	62	62	0.13801609372631	0.32691305776659
K09791	group	IBS-D	-0.54127489379665	0.360446777040137	62	62	0.138425165835026	0.327717410681719
K01492	group	IBS-D	-1.88898049455815	1.25846900581316	62	48	0.138596226553758	0.327957754353999
K02775	group	IBS-D	-0.350961881496268	0.23392457465437	62	62	0.138775466747944	0.328157871292892
K07280	group	IBS-D	0.639063381152352	0.426000076007336	62	62	0.13881996463726	0.328157871292892
K17195	group	IBS-D	-1.38283828626887	0.922100460615501	62	42	0.138945961712111	0.328291160037232
K13694	group	IBS-D	0.244847222060343	0.163403991714119	62	62	0.139268220877034	0.328887796522832
K00826	group	IBS-D	0.0278770994298736	0.018620291699856	62	62	0.139600447892388	0.329342527393948
K01693	group	IBS-D	-0.18137234436863	0.121131888237602	62	62	0.139554383279047	0.329342527393948
K01277	group	IBS-D	0.280656808199313	0.187512200414821	62	62	0.139703429812697	0.32942068749834
K04070	group	IBS-D	-0.742920171031267	0.496473725472293	62	62	0.13979311844641	0.329467439576847
K03639	group	IBS-D	-0.170995819142408	0.114297263934146	62	62	0.13987929513635	0.329505872059453
K01190	group	IBS-D	0.204287636733148	0.136594814879318	62	62	0.140006320651452	0.329640443430978
K06726	group	IBS-D	-0.192374499116388	0.128776904428925	62	62	0.140453178492862	0.330527539806556
K00127	group	IBS-D	-0.444040795114634	0.297322714847173	62	62	0.14055614839706	0.330604885706002
K00788	group	IBS-D	0.109357211842428	0.0732981824382472	62	62	0.140951817765712	0.33120516820284
K17319	group	IBS-D	-0.25753885805842	0.172590102523842	62	62	0.140886532431969	0.33120516820284
K07192	group	IBS-D	-0.304141618092052	0.204070122088139	62	62	0.141363470646684	0.332007035642311
K01834	group	IBS-D	-0.189970340222696	0.127576860851367	62	62	0.141707844613823	0.33215417256401
K07112	group	IBS-D	-0.319038886235083	0.214251125443868	62	62	0.14170188222225	0.33215417256401
K11635	group	IBS-D	-0.553474836487551	0.371637572211303	62	62	0.141649864927402	0.33215417256401
K17810	group	IBS-D	-0.506828968132087	0.340250394890147	62	62	0.141573755314148	0.33215417256401
K02241	group	IBS-D	-1.12881371287686	0.758334578010247	62	61	0.141845203515635	0.332237280705756
K03204	group	IBS-D	0.47692116809867	0.320426522136446	62	62	0.141884199181805	0.332237280705756
K09960	group	IBS-D	-1.35592468671439	0.91135028018395	62	16	0.142035546567153	0.332426619161635
K11636	group	IBS-D	-0.55265043707806	0.371628265579839	62	62	0.142223540577132	0.332701496707219
K03303	group	IBS-D	-0.106345335451599	0.0715475076149768	62	62	0.142420112245173	0.332831144374746
K05832	group	IBS-D	-0.242163550411817	0.162913312140024	62	62	0.142394599801707	0.332831144374746
K03462	group	IBS-D	-1.18915544600327	0.800863630504956	62	60	0.142821003135653	0.33343754989492
K07813	group	IBS-D	-1.09161932917248	0.735172061506897	62	61	0.1428190465366	0.33343754989492
K01270	group	IBS-D	0.1771115548894	0.119350147060421	62	62	0.143052536212726	0.333812845511735
K06990	group	IBS-D	-1.44185605968444	0.972547473072641	62	41	0.143426077607883	0.33451898219524
K01354	group	IBS-D	-0.384608483991314	0.259550998078124	62	62	0.143620720203669	0.334544022444754
K02073	group	IBS-D	-0.124837004250609	0.0842517816084349	62	62	0.143649627958148	0.334544022444754
K17318	group	IBS-D	-0.255358501794193	0.172336281025274	62	62	0.143641148826184	0.334544022444754
K16692	group	IBS-D	0.621655683872922	0.419725620708185	62	62	0.143812562384784	0.334758165946022
K12262	group	IBS-D	0.619977930640233	0.418817623903193	62	62	0.144023936640921	0.335084797828605
K05814	group	IBS-D	-1.09078235768936	0.737184519353745	62	56	0.144195729934644	0.335319064285887
K19339	group	IBS-D	0.61947304184275	0.419978303396297	62	62	0.145437708433564	0.338040528818477
K00853	group	IBS-D	-1.18761397804613	0.80644396615003	62	56	0.146070657393049	0.339038234941048
K03529	group	IBS-D	-0.103712226338808	0.0704274525610867	62	62	0.14608263218834	0.339038234941048
K03827	group	IBS-D	-0.676225553892055	0.459166545133552	62	61	0.14605219671786	0.339038234941048
K02803	group	IBS-D	-0.662298580395058	0.44995613584037	62	62	0.146269091391387	0.339304001476527
K01703	group	IBS-D	-0.10899822194425	0.0740801833885379	62	62	0.146420901049484	0.339489168804998
K19784	group	IBS-D	0.600155029391638	0.408213382404315	62	62	0.146732568074166	0.340044614760574
K00099	group	IBS-D	0.0438972170713237	0.0298688639774758	62	62	0.146876939941757	0.340212008234443
K01119	group	IBS-D	0.148429263662512	0.101129366231309	62	62	0.147404026249196	0.341265286102703
K10189	group	IBS-D	-0.585443562647433	0.39951505230374	62	61	0.14803674765534	0.34239396858390603
K10190	group	IBS-D	-0.585443562647433	0.39951505230374	62	61	0.14803674765534	0.34239396858390603
K09749	group	IBS-D	-0.576306020766151	0.393500571419635	62	62	0.148260734038471	0.342743932218347
K06975	group	IBS-D	0.227565028967237	0.155558241417276	62	62	0.148715643492028	0.343627131165313
K00294	group	IBS-D	-0.513660705804145	0.351431004372707	62	62	0.149061578343048	0.344000917861482
K00951	group	IBS-D	0.0788173974934656	0.053937136152536	62	62	0.14915548061016	0.344000917861482
K01256	group	IBS-D	-0.278223268241476	0.190334482056302	62	62	0.149025056748205	0.344000917861482
K07039	group	IBS-D	0.608512998118063	0.416514195343227	62	62	0.149242128486979	0.344000917861482
K09005	group	IBS-D	-0.990700950313622	0.678048926260953	62	62	0.149203939513237	0.344000917861482
K08680	group	IBS-D	-0.186929489424816	0.128078354046044	62	62	0.14964544844211	0.344762059039077
K11250	group	IBS-D	-1.33593813466835	0.916188332228187	62	37	0.150014643819348	0.345443877076193
K02237	group	IBS-D	-0.097917139762748	0.0672702476590996	62	62	0.150721722110476	0.345929501984205
K02258	group	IBS-D	-0.895606125241021	0.614871213454335	62	58	0.150447184511846	0.345929501984205
K07248	group	IBS-D	0.595841007307333	0.409231479905044	62	62	0.15060561750236	0.345929501984205
K10120	group	IBS-D	-0.555918679390223	0.381939233448646	62	61	0.150739000546553	0.345929501984205
K10121	group	IBS-D	-0.555918679390223	0.381939233448646	62	61	0.150739000546553	0.345929501984205
K10122	group	IBS-D	-0.555918679390223	0.381939233448646	62	61	0.150739000546553	0.345929501984205
K11089	group	IBS-D	0.610429824462283	0.419226289553847	62	62	0.150581710476762	0.345929501984205
K12992	group	IBS-D	-0.488127160571896	0.335472742407649	62	62	0.150869565835678	0.346060735642537
K06958	group	IBS-D	-0.0887528977391231	0.0610335453449201	62	62	0.151111657730145	0.346447534202899
K07473	group	IBS-D	-0.331566855055717	0.228170120328681	62	62	0.151390761982169	0.346918772355641
K00882	group	IBS-D	-0.160742223712216	0.110770631728143	62	62	0.151953108147844	0.347531938906514
K03701	group	IBS-D	0.078203752007886	0.0538892028637923	62	62	0.151934111006415	0.347531938906514
K09694	group	IBS-D	-0.690100538312981	0.475434236254686	62	15	0.151845044110988	0.347531938906514
K09695	group	IBS-D	-0.690100538312981	0.475434236254686	62	15	0.151845044110988	0.347531938906514
K01079	group	IBS-D	-0.114603821301	0.0791789851197557	62	62	0.152989361414567	0.349732345337419
K00302	group	IBS-D	-0.874825706212464	0.605311745343577	62	57	0.153591080306378	0.350801738777895
K02781	group	IBS-D	-0.407084564862608	0.281701369899139	62	62	0.153634620618911	0.350801738777895
K03339	group	IBS-D	-0.558110911421617	0.386254816712531	62	13	0.153680320677509	0.350801738777895
K03646	group	IBS-D	-0.209670063611293	0.14524931834245	62	62	0.154075675185709	0.351534051367105
K00304	group	IBS-D	-0.87052354355709	0.604643703891124	62	57	0.155141204881809	0.353793966258515
K00003	group	IBS-D	-0.105336306678315	0.0733581800070689	62	62	0.156219119210385	0.356079925662725
K00297	group	IBS-D	-0.0686400433327009	0.0478530738775222	62	62	0.156652282884792	0.356894766224483
K07669	group	IBS-D	-0.939776901164938	0.655632230122564	62	60	0.156936954232311	0.357370678976136
K02395	group	IBS-D	-0.574886096342734	0.402096996417344	62	62	0.157984010677699	0.359581367932446
K05499	group	IBS-D	-1.19994208510822	0.839649091046544	62	57	0.158161544939797	0.359771805532081
K06442	group	IBS-D	-0.258156294416619	0.180668558026588	62	62	0.158220255443922	0.359771805532081
K17736	group	IBS-D	0.760188000401486	0.532261507347767	62	56	0.15841266892809	0.360035733332468
K01066	group	IBS-D	-0.863216618182776	0.604647704730042	62	61	0.158581011453914	0.360244725441551
K09929	group	IBS-D	0.597650007358008	0.418817018359226	62	62	0.158764714110882	0.36048839275249
K01051	group	IBS-D	-0.446270259834373	0.312817043502694	62	62	0.15887328126909	0.36056130628731
K00024	group	IBS-D	0.116534385815785	0.0820504893614876	62	62	0.160702871675509	0.361954022629415
K02745	group	IBS-D	-0.356624025670672	0.251195786668541	62	62	0.160868454501962	0.361954022629415
K02746	group	IBS-D	-0.356624025670672	0.251195786668541	62	62	0.160868454501962	0.361954022629415
K02747	group	IBS-D	-0.356624025670672	0.251195786668541	62	62	0.160868454501962	0.361954022629415
K02793	group	IBS-D	-0.324062981427679	0.228253572178889	62	62	0.16085556641015	0.361954022629415
K03222	group	IBS-D	0.756715563423523	0.532323941399438	62	57	0.160339312314137	0.361954022629415
K03224	group	IBS-D	0.756715563423523	0.532323941399438	62	57	0.160339312314137	0.361954022629415
K03226	group	IBS-D	0.756715563423523	0.532323941399438	62	57	0.160339312314137	0.361954022629415
K03227	group	IBS-D	0.756715563423523	0.532323941399438	62	57	0.160339312314137	0.361954022629415
K03228	group	IBS-D	0.756715563423523	0.532323941399438	62	57	0.160339312314137	0.361954022629415
K03229	group	IBS-D	0.757660403949116	0.532858953702604	62	57	0.160239270846092	0.361954022629415
K03230	group	IBS-D	0.756715563423523	0.532323941399438	62	57	0.160339312314137	0.361954022629415
K04028	group	IBS-D	-0.480037713712999	0.337594439087482	62	62	0.16022246564984	0.361954022629415
K04063	group	IBS-D	-0.929479302055535	0.652702034895902	62	58	0.159612590595283	0.361954022629415
K10545	group	IBS-D	-0.618171473262588	0.434732725788654	62	62	0.160216263660854	0.361954022629415
K15974	group	IBS-D	0.590862425203486	0.416057398684037	62	62	0.160740588726205	0.361954022629415
K16202	group	IBS-D	0.57043763733252	0.401509305599163	62	62	0.160570541252102	0.361954022629415
K19168	group	IBS-D	0.589458170411302	0.414618639689179	62	62	0.160294331535041	0.361954022629415
K04771	group	IBS-D	-0.127325739674191	0.089719199398377	62	62	0.161027236003939	0.362138505004566
K01444	group	IBS-D	-0.868442762343744	0.612072961636477	62	60	0.161115281218495	0.362163806590288
K09137	group	IBS-D	0.789257603384239	0.557045680742477	62	61	0.161694443143885	0.36329251732566
K01893	group	IBS-D	0.122705228702822	0.0866243847025453	62	62	0.161794262291345	0.363343686174278
K03526	group	IBS-D	0.042692662867832	0.0301657733538991	62	62	0.162159437641983	0.363990436896522
K05341	group	IBS-D	0.51556883834802	0.364382263281923	62	62	0.162263449336351	0.364050631336931
K00661	group	IBS-D	-0.261736247274268	0.185346559486664	62	62	0.163072909553207	0.365518936051769
K01048	group	IBS-D	-0.453521900482746	0.321137731385921	62	62	0.16304661763025	0.365518936051769
K03652	group	IBS-D	-0.545272768029252	0.386302592193162	62	62	0.163257047225936	0.365757831219722
K06885	group	IBS-D	0.233111884042805	0.165303049680299	62	62	0.1636411387464	0.366444259415016
K04565	group	IBS-D	-0.472232123470579	0.335597210462399	62	62	0.164545252054869	0.36829397659742
K12452	group	IBS-D	-0.42529069054949	0.302459311010677	62	62	0.16484973045765	0.368800440625369
K01734	group	IBS-D	-0.20284973033328	0.144343905502861	62	62	0.165082282889166	0.369145588480469
K06390	group	IBS-D	-0.931901655292503	0.663660785538463	62	60	0.165419511276295	0.369277215096808
K06392	group	IBS-D	-0.931538981691516	0.663707704828178	62	60	0.165610964785782	0.369277215096808
K06393	group	IBS-D	-0.931901655292503	0.663660785538463	62	60	0.165419511276295	0.369277215096808
K06396	group	IBS-D	-0.931538981691516	0.663707704828178	62	60	0.165610964785782	0.369277215096808
K10188	group	IBS-D	-0.54862442096093	0.390793435913203	62	61	0.165511561685181	0.369277215096808
K15855	group	IBS-D	-1.13063262971732	0.804864520122566	62	21	0.165252036431636	0.369277215096808
K02033	group	IBS-D	-0.206812045493026	0.147402755957913	62	62	0.165758572871736	0.369298913588438
K18133	group	IBS-D	0.585209238274836	0.417119493411354	62	62	0.165777311294895	0.369298913588438
K15923	group	IBS-D	0.185419417860667	0.132826864256542	62	62	0.167874214277866	0.373770743037451
K16237	group	IBS-D	-0.61985242169723	0.444110067942754	62	62	0.167943215542061	0.373770743037451
K07707	group	IBS-D	-0.31151949757688	0.223260433871254	62	62	0.1680629300946	0.373860744493459
K03218	group	IBS-D	-0.0917908205845104	0.065804154875907	62	62	0.168185875730399	0.373957845329825
K00835	group	IBS-D	0.592111329101049	0.424673861215187	62	62	0.168376912688678	0.374206182959381
K04041	group	IBS-D	0.222898438820991	0.159921497249157	62	62	0.168519362533112	0.374346355961449
K02034	group	IBS-D	-0.202488926206486	0.145568696955998	62	62	0.169356559857733	0.375917064320041
K07238	group	IBS-D	0.207810026765665	0.149404451212328	62	62	0.169385869737084	0.375917064320041
K01960	group	IBS-D	0.25822580843175	0.18636183659076	62	62	0.170993608552756	0.379247408711941
K03929	group	IBS-D	-0.507730441935687	0.366511703082624	62	62	0.171088006588223	0.379247408711941
K09795	group	IBS-D	0.587309386540388	0.423996773404902	62	62	0.171127753549408	0.379247408711941
K18479	group	IBS-D	-0.621187660666651	0.448837263859528	62	62	0.171487355000663	0.379865836628993
K09121	group	IBS-D	-0.887213243885697	0.64199621299655	62	62	0.172107619247745	0.381060813320359
K10943	group	IBS-D	0.743827621783918	0.538630733623513	62	56	0.172413379617744	0.381558657098677
K06142	group	IBS-D	0.167159568887218	0.121081742703605	62	62	0.172538502923386	0.381656463314582
K07389	group	IBS-D	-0.551944124795868	0.400065095930191	62	11	0.1728189755637	0.382097650613413
K13693	group	IBS-D	-0.710631075532628	0.515609692366292	62	8	0.17324889669784	0.382868695795226
K01706	group	IBS-D	-0.827242214823511	0.600892892730337	62	59	0.173724238488053	0.383739348341761
K00274	group	IBS-D	0.85023408063097194	0.617855745638398	62	58	0.173903966759079	0.383956510878192
K02897	group	IBS-D	0.114060939420386	0.0829542996470722	62	62	0.174248945613345	0.384538150450415
K00657	group	IBS-D	0.190048146721568	0.138252639177344	62	62	0.174354266096406	0.384590607535384
K04029	group	IBS-D	-0.903925887007062	0.658465586407167	62	60	0.174931364841557	0.385683177462731
K03486	group	IBS-D	-0.336988383622655	0.245643101305006	62	62	0.175214442612986	0.386126781010674
K09928	group	IBS-D	-1.24965018799734	0.91131670179644	62	60	0.17540159397877	0.386358672211061
K03972	group	IBS-D	0.572803283975036	0.417958393912514	62	62	0.175643118762814	0.386710059797119
K04024	group	IBS-D	-0.85833360361679	0.626886136650926	62	59	0.176039903482992	0.38740279273252
K02477	group	IBS-D	0.294095555343308	0.214898762326536	62	62	0.176248614823834	0.387505158880502
K11102	group	IBS-D	-1.05073950778111	0.767790437792358	62	62	0.17625075610659	0.387505158880502
K05799	group	IBS-D	0.534761241656402	0.391058978001968	62	62	0.176579044045815	0.388046025964616
K07267	group	IBS-D	0.73538428753972	0.53790842212703	62	56	0.176688611982688	0.388105959063975
K06864	group	IBS-D	-0.844830714053383	0.618153846546932	62	62	0.176819037242273	0.388211629252589
K10747	group	IBS-D	-0.488598485984077	0.357837856232935	62	62	0.1772189955979	0.388908693922614
K03417	group	IBS-D	0.575470921837885	0.421709888706719	62	62	0.177470782153573	0.389280097040117
K06397	group	IBS-D	-0.902939426263805	0.662700764725466	62	60	0.178128216730793	0.390540525384668
K01725	group	IBS-D	-0.915644274095993	0.673128926571368	62	58	0.178830010448228	0.391896993156991
K06201	group	IBS-D	0.164132550212352	0.120737987342191	62	62	0.1791037951069	0.39215298457713
K06898	group	IBS-D	-0.861330256024198	0.633619284315082	62	62	0.179113131632557	0.39215298457713
K06407	group	IBS-D	-0.753197430700446	0.554410803113324	62	60	0.17937367436512	0.392541182508541
K02008	group	IBS-D	-0.550718036444749	0.405671992542199	62	62	0.179692287441176	0.392873818995172
K07259	group	IBS-D	0.103278881260109	0.0760755186601344	62	62	0.179680118467417	0.392873818995172
K03742	group	IBS-D	-0.144166585250724	0.106243518259085	62	62	0.179881953307455	0.39310625199164
K02671	group	IBS-D	0.564032956340644	0.415935605952123	62	62	0.180162259207138	0.39317224174959
K08314	group	IBS-D	-0.487612354964841	0.359518169754362	62	62	0.180087694469696	0.39317224174959
K13522	group	IBS-D	-1.07995306940778	0.796336744715429	62	15	0.180132870395443	0.39317224174959
K11073	group	IBS-D	0.556448498217883	0.410560731910289	62	62	0.180390353173689	0.393487930419573
K14414	group	IBS-D	0.568984575521786	0.421070533642319	62	62	0.181678765604174	0.396115144978864
K01872	group	IBS-D	0.0412217450672874	0.0305172246316792	62	62	0.181841585502941	0.396286930328959
K02028	group	IBS-D	-0.0994948675619025	0.0736737453352754	62	62	0.181934172687767	0.396305569697695
K06283	group	IBS-D	-0.894193142138771	0.66243661240173	62	60	0.182133381572045	0.396556337716419
K03767	group	IBS-D	-0.150353783610531	0.111496047906596	62	62	0.18256206451949	0.397170390899322
K03973	group	IBS-D	-0.782633070462259	0.580397124561405	62	62	0.182583843823098	0.397170390899322
K02909	group	IBS-D	0.0577981182476195	0.0429314618817482	62	62	0.183273976463263	0.397937418508632
K05836	group	IBS-D	-0.976028369006699	0.724939984359691	62	62	0.183251752182937	0.397937418508632
K07215	group	IBS-D	0.56231299481037	0.41763022315705	62	62	0.183226102589818	0.397937418508632
K12472	group	IBS-D	-1.03928945958061	0.771876072712268	62	53	0.183223375536781	0.397937418508632
K14597	group	IBS-D	-1.10139526185106	0.818601380907053	62	39	0.183539658178093	0.398330891839801
K01466	group	IBS-D	-1.08286776333967	0.805240170277519	62	54	0.183759163882486	0.398623834806717
K06394	group	IBS-D	-0.89434210395282	0.666057314453804	62	60	0.184413928364262	0.399860269501544
K02377	group	IBS-D	0.241103179502951	0.179672832818865	62	62	0.1846844051906	0.399895158346588
K07088	group	IBS-D	-0.128018991655559	0.0953914641725748	62	62	0.184640207090172	0.399895158346588
K09958	group	IBS-D	-0.7823097181663	0.582793171103057	62	57	0.184541209696657	0.399895158346588
K00978	group	IBS-D	-0.406628469182874	0.30336128332559	62	62	0.185165710545359	0.400670870645265
K02913	group	IBS-D	0.0266992885080419	0.0199248125969363	62	62	0.185297533689	0.400670870645265
K09950	group	IBS-D	0.712243921276578	0.531500257733785	62	56	0.185277757120527	0.400670870645265
K07080	group	IBS-D	-0.292969579303367	0.218826621105702	62	62	0.185679728038824	0.401313289381804
K06385	group	IBS-D	-0.89075723617915	0.665917167223426	62	60	0.186062336598132	0.401956014382405
K03300	group	IBS-D	-0.429665393293006	0.321368233810895	62	62	0.186273825573057	0.402228645330833
K10039	group	IBS-D	-0.306675497245564	0.229550163698914	62	62	0.186599584672185	0.402747661928615
K01304	group	IBS-D	-0.198462097018436	0.148697725392239	62	62	0.187027826826006	0.403455218449914
K09965	group	IBS-D	0.720945296606201	0.54025613676393	62	56	0.187098507792613	0.403455218449914
K03831	group	IBS-D	-0.483725813033778	0.36297823149268	62	62	0.187683046642821	0.404161300441802
K18926	group	IBS-D	0.546692887567088	0.410177217179692	62	62	0.18762975921047	0.404161300441802
K19696	group	IBS-D	-0.783389164714414	0.587640752612657	62	37	0.187535864050823	0.404161300441802
K00040	group	IBS-D	-0.477833044060144	0.358729785954215	62	62	0.187893355345366	0.404245010861655
K10041	group	IBS-D	-0.305744521654235	0.229505536997989	62	62	0.187836473406906	0.404245010861655
K18997	group	IBS-D	0.549700632016073	0.413217082870571	62	62	0.188455482720467	0.405269519612276
K00008	group	IBS-D	-0.605764695571517	0.455621247104884	62	62	0.188704233748692	0.405619492415147
K01483	group	IBS-D	0.740553423857137	0.557347656429755	62	59	0.188974969819368	0.4059994921258
K07720	group	IBS-D	-0.230029060009296	0.173153158466327	62	62	0.189053198623464	0.4059994921258
K02167	group	IBS-D	0.802567465513949	0.60558085418268	62	54	0.190101097722772	0.408064076859622
K06132	group	IBS-D	0.551876074323941	0.416656674188987	62	62	0.190348745645257	0.408409774550971
K00253	group	IBS-D	-0.826471621242749	0.624308883653028	62	58	0.190585023829163	0.408730774160223
K04764	group	IBS-D	0.352587796993477	0.266829475483767	62	62	0.19138570235779	0.410261351054244
K00179	group	IBS-D	-0.570893994751222	0.432275256638978	62	62	0.191626003370898	0.410321677805499
K03758	group	IBS-D	0.494647496513558	0.374583959017419	62	62	0.191674863487174	0.410321677805499
K06438	group	IBS-D	-0.874129537850938	0.661835558441055	62	60	0.191595149462072	0.410321677805499
K03634	group	IBS-D	0.328099360842739	0.248675182590336	62	62	0.192051802336811	0.410833342815974
K07777	group	IBS-D	-0.790358716694584	0.599083406858566	62	62	0.192088108759377	0.410833342815974
K12979	group	IBS-D	0.704562443722016	0.534310308133663	62	56	0.192301072689114	0.411102383863038
K06945	group	IBS-D	0.55438088455032	0.420726756450723	62	62	0.192621963023416	0.411601802273868
K09779	group	IBS-D	-0.923262227880362	0.700828222144626	62	59	0.192717538167828	0.411619524456285
K00887	group	IBS-D	-0.228701857115351	0.173682813987469	62	62	0.192920234906969	0.411865924771963
K02436	group	IBS-D	-0.591061453196562	0.449188448350934	62	62	0.193232314561863	0.412345518313912
K11692	group	IBS-D	-0.911867542710579	0.694019747790247	62	58	0.193883820755864	0.413548665167189
K01639	group	IBS-D	0.110426367703014	0.0842284933873895	62	62	0.194842069199581	0.414842076002359
K07588	group	IBS-D	-0.24051449082076	0.183367206002431	62	62	0.194633492832947	0.414842076002359
K12257	group	IBS-D	0.212335325788653	0.161927985828998	62	62	0.19475431901707	0.414842076002359
K14205	group	IBS-D	-0.272806981757632	0.20805564495686	62	62	0.194779007595085	0.414842076002359
K06177	group	IBS-D	0.216644170046478	0.165360120367698	62	62	0.195143695842698	0.415296782307836
K00573	group	IBS-D	0.360251367038188	0.275079812225394	62	62	0.195315401135577	0.415474709858088
K07178	group	IBS-D	0.748039671898007	0.572047293687573	62	55	0.195979321807815	0.416699044925903
K05873	group	IBS-D	1.1134354682123	0.85184709781891	62	59	0.196171549211158	0.416919795439307
K00389	group	IBS-D	-0.927678440184143	0.710113167587222	62	22	0.196408755130511	0.417235896034005
K01895	group	IBS-D	-0.31936884864942	0.244702574695421	62	62	0.196831446078398	0.417569545526642
K07812	group	IBS-D	-0.456090883445061	0.349413092138791	62	62	0.196772272500647	0.417569545526642
K10027	group	IBS-D	-0.722798207617945	0.553688450684514	62	61	0.196732235378527	0.417569545526642
K00481	group	IBS-D	-0.791949659163488	0.607204027787963	62	58	0.197127456417403	0.418009480424674
K03599	group	IBS-D	-0.493444892538774	0.378929064842911	62	62	0.197821730473806	0.419293159961558
K07050	group	IBS-D	0.754653785660363	0.579903074057242	62	55	0.198115456259754	0.419350310467235
K17734	group	IBS-D	-0.915197255908603	0.703252584078403	62	53	0.198104221429884	0.419350310467235
K18954	group	IBS-D	-0.760576910923758	0.584448297123849	62	57	0.198110672804895	0.419350310467235
K08744	group	IBS-D	0.319258869801341	0.245471587034556	62	62	0.198370797061688	0.419702413164163
K12349	group	IBS-D	-0.975149168957272	0.750455652195017	62	38	0.198774200126473	0.420367321881815
K01911	group	IBS-D	-0.184791038950857	0.14230701232815	62	62	0.199071431802856	0.420807204115764
K16149	group	IBS-D	-0.607001100513411	0.467557295858909	62	62	0.199173423565099	0.420834169145612
K07131	group	IBS-D	0.558483060356794	0.430611376993411	62	62	0.199612453742114	0.421449891476523
K15581	group	IBS-D	-0.120004343948886	0.0925343403571318	62	62	0.199643566064155	0.421449891476523
K07096	group	IBS-D	-1.2467235495923	0.961571691507895	62	45	0.199751337611951	0.421488728491258
K01241	group	IBS-D	0.456061799520023	0.352360050976922	62	62	0.200519189005177	0.422730663991244
K06382	group	IBS-D	-0.860679673977971	0.664929821604616	62	60	0.200489843776587	0.422730663991244
K07460	group	IBS-D	0.037812685185283	0.0292631834455867	62	62	0.201256820900024	0.424096142700854
K09926	group	IBS-D	0.537871597465387	0.416473592585981	62	62	0.201486950194994	0.424391450254396
K16235	group	IBS-D	-1.00098352617399	0.776134388586604	62	52	0.202102702098324	0.425308497588441
K18704	group	IBS-D	0.579189785233003	0.449087120524887	62	62	0.20210240471551	0.425308497588441
K02783	group	IBS-D	-0.496890835133194	0.385532502334891	62	62	0.202399963394714	0.425744080004224
K09974	group	IBS-D	0.420618698866226	0.326518257843382	62	62	0.202624401912434	0.426026161131984
K09457	group	IBS-D	0.0833060659193725	0.0647062765777796	62	62	0.202881746519617	0.426377146428927
K03675	group	IBS-D	0.52711972610968	0.410193586969426	62	62	0.203713044776412	0.42774297380479
K09964	group	IBS-D	-0.566473681133762	0.440813647093842	62	62	0.203708624987633	0.42774297380479
K00484	group	IBS-D	0.526006673130546	0.409925020521513	62	62	0.204364115849198	0.428327730385109
K00993	group	IBS-D	-1.24525441025479	0.971125780668521	62	46	0.204676950976488	0.428327730385109
K01654	group	IBS-D	-0.605088428664258	0.471611258175602	62	62	0.204417725187114	0.428327730385109
K03491	group	IBS-D	-0.388620845456013	0.303013524338678	62	62	0.204593156117461	0.428327730385109
K03608	group	IBS-D	0.342009854306571	0.266668815149375	62	62	0.204590781816189	0.428327730385109
K03644	group	IBS-D	0.115555942130302	0.0901442453315043	62	62	0.204808955050556	0.428327730385109
K06970	group	IBS-D	-0.870067385093244	0.678459962860697	62	59	0.204629578041295	0.428327730385109
K18148	group	IBS-D	0.530874162435699	0.414103723467401	62	62	0.204779968306448	0.428327730385109
K18814	group	IBS-D	-0.950018004178769	0.740542425726815	62	58	0.204472006504889	0.428327730385109
K00376	group	IBS-D	0.47585249797634	0.371376052360028	62	62	0.205010426619007	0.428442898275866
K08324	group	IBS-D	0.526149342405917	0.410662335170199	62	62	0.205045721248649	0.428442898275866
K00526	group	IBS-D	-0.0585952784926518	0.0457733533972795	62	62	0.205430972000046	0.428966308019605
K15582	group	IBS-D	-0.119039544388095	0.0930009038403466	62	62	0.205478136093361	0.428966308019605
K06928	group	IBS-D	-1.03458927684333	0.808738088469552	62	39	0.205729435781569	0.429300893427381
K00041	group	IBS-D	-0.475597121552756	0.372022177315219	62	62	0.206027890651808	0.429660522856419
K00372	group	IBS-D	-0.789383011581422	0.617549575858677	62	58	0.206083991242837	0.429660522856419
K01139	group	IBS-D	0.40469714146792	0.31692469074459	62	62	0.20653952177781	0.430284753699977
K07068	group	IBS-D	-0.988892598567041	0.77446290964238	62	45	0.206565878366571	0.430284753699977
K06904	group	IBS-D	0.598138025482719	0.468597280661039	62	62	0.20671733554741	0.430410134411295
K03718	group	IBS-D	0.174144159037896	0.136510654186574	62	62	0.206984823397495	0.430776887529825
K01745	group	IBS-D	0.242718937704561	0.190453353245914	62	62	0.207425881838957	0.431504392921271
K01921	group	IBS-D	-0.0402896685547543	0.0316283771252622	62	62	0.207630595852569	0.431531524813481
K05835	group	IBS-D	-0.445728782086414	0.349898183081195	62	8	0.207617991173321	0.431531524813481
K11381	group	IBS-D	-0.329809648931511	0.258956478504534	62	62	0.207713435395802	0.431531524813481
K09456	group	IBS-D	-0.780836166414979	0.613242100619226	62	58	0.207825630546243	0.431574493023373
K00626	group	IBS-D	-0.225756261372069	0.17741214217554	62	62	0.208106137502044	0.4319667889347
K16346	group	IBS-D	0.524349197516586	0.412279174708598	62	62	0.208341018462041	0.432264075260443
K07218	group	IBS-D	0.470693242429158	0.370572174722355	62	62	0.208924318252635	0.433283678486995
K00027	group	IBS-D	-0.132167192532279	0.104092116016248	62	62	0.209089166536003	0.433434949179687
K03610	group	IBS-D	0.328239125713194	0.258585257944572	62	62	0.209212563077145	0.433500196604489
K01947	group	IBS-D	0.522674178046192	0.412375798373611	62	62	0.209884224166054	0.43431258932511
K02822	group	IBS-D	-0.292742692533271	0.230975754546949	62	62	0.209903084031368	0.43431258932511
K03072	group	IBS-D	-0.102729680754526	0.0811110112347628	62	62	0.210217581028395	0.43431258932511
K03074	group	IBS-D	-0.102729680754526	0.0811110112347628	62	62	0.210217581028395	0.43431258932511
K03773	group	IBS-D	0.244247313898128	0.19290613285884	62	62	0.210354758018937	0.43431258932511
K09762	group	IBS-D	-0.226141007423909	0.178408215561228	62	62	0.209856673912988	0.43431258932511
K11074	group	IBS-D	0.520054649192355	0.410810149164056	62	62	0.210433474683604	0.43431258932511
K11075	group	IBS-D	0.520054649192355	0.410810149164056	62	62	0.210433474683604	0.43431258932511
K11076	group	IBS-D	0.520054649192355	0.410810149164056	62	62	0.210433474683604	0.43431258932511
K06387	group	IBS-D	-0.855923689318803	0.677182948052509	62	60	0.211137414558643	0.435526101256446
K11890	group	IBS-D	0.677310496053777	0.535950915599867	62	56	0.211206147916347	0.435526101256446
K02170	group	IBS-D	0.518644870547136	0.41053141272519	62	62	0.211350489705562	0.43563326462038
K05346	group	IBS-D	-0.570405026548365	0.451624538534869	62	62	0.21147283716478	0.435695019689428
K01058	group	IBS-D	0.507316064612932	0.402187412899557	62	62	0.212049827263029	0.436311948242777
K12340	group	IBS-D	0.339585973443089	0.269161235842438	62	62	0.21195936862418	0.436311948242777
K12500	group	IBS-D	0.52017521344593	0.412374622409095	62	62	0.212041950661314	0.436311948242777
K09961	group	IBS-D	-1.16373953616509	0.923195339460847	62	19	0.212348996204191	0.436736967334918
K03747	group	IBS-D	0.518706237421461	0.412126171166825	62	62	0.213046475012717	0.437656207072832
K12991	group	IBS-D	-0.568371809810816	0.451468521824303	62	62	0.212928147319702	0.437656207072832
K16091	group	IBS-D	0.557398315584841	0.44289541074774	62	62	0.213074353570658	0.437656207072832
K06416	group	IBS-D	-0.840181710700192	0.668399269138342	62	62	0.213622896769985	0.438591894282651
K09977	group	IBS-D	0.51571706023988	0.410562478773742	62	62	0.213940423769573	0.438787843488548
K12541	group	IBS-D	0.519029526146234	0.413085384073308	62	62	0.213815492863991	0.438787843488548
K13923	group	IBS-D	-1.06058711154406	0.844440167882314	62	15	0.213997463957519	0.438787843488548
K01070	group	IBS-D	0.512211657946741	0.40800578988994	62	62	0.214199844103318	0.439011936024011
K02532	group	IBS-D	-1.49356191106191	1.19161075594855	62	52	0.214923342066124	0.440303423624606
K02099	group	IBS-D	-1.38978049897283	1.1097046024006	62	26	0.215288284276643	0.440859552170494
K02587	group	IBS-D	-0.991894566415517	0.792380106447216	62	60	0.215504078566464	0.441109910815731
K02588	group	IBS-D	-0.726324129542238	0.580786829308195	62	62	0.21594051075282	0.441619882354857
K02673	group	IBS-D	0.51359411504821	0.410622765297088	62	62	0.215874439284954	0.441619882354857
K00917	group	IBS-D	-0.331713914510331	0.265361845729581	62	62	0.216137291262531	0.4418307176394
K12543	group	IBS-D	0.514112023211966	0.412827211887142	62	62	0.217846842708191	0.444710243094835
K15585	group	IBS-D	-0.990018241473268	0.795015214572875	62	60	0.217869531751253	0.444710243094835
K18991	group	IBS-D	0.507526172313872	0.407607244219472	62	62	0.217923106826159	0.444710243094835
K19337	group	IBS-D	0.507197508861798	0.407103192491112	62	62	0.217655247909165	0.444710243094835
K03111	group	IBS-D	-0.0477865834465267	0.0383964189351233	62	62	0.218133735302969	0.444947532737371
K01449	group	IBS-D	-0.489129813282513	0.393329752060374	62	62	0.218497924353855	0.445497713468561
K12542	group	IBS-D	0.513215062302553	0.412853888141169	62	62	0.218669981837379	0.445655848895887
K03471	group	IBS-D	-0.262829372014276	0.211668715670474	62	62	0.219178847091314	0.446239158489291
K03577	group	IBS-D	0.50937445359032	0.410278120170551	62	62	0.219240061539374	0.446239158489291
K07491	group	IBS-D	-0.344744266343782	0.277667887747236	62	62	0.219226866632212	0.446239158489291
K09963	group	IBS-D	-0.374771567971868	0.302315499680116	62	62	0.219924159274289	0.447438453467449
K16079	group	IBS-D	-0.750881764705096	0.6061896970339	62	57	0.22028416591377	0.447977631069142
K01572	group	IBS-D	-0.117851596824066	0.0951747162250569	62	62	0.220440634183511	0.448102599486827
K00937	group	IBS-D	-0.116976093919755	0.0946008427200612	62	62	0.221082817220919	0.448441533769399
K01674	group	IBS-D	0.459101886171561	0.371196012303335	62	62	0.220973965951355	0.448441533769399
K06405	group	IBS-D	-0.694701180628331	0.561680691888759	62	60	0.220971060759985	0.448441533769399
K06406	group	IBS-D	-0.694701180628331	0.561680691888759	62	60	0.220971060759985	0.448441533769399
K11107	group	IBS-D	0.511936646635482	0.413978725236176	62	62	0.221044923920277	0.448441533769399
K06330	group	IBS-D	-0.957426218271436	0.775307853813066	62	52	0.22168260022013	0.449464807669017
K07673	group	IBS-D	0.51596448434209	0.418437878885348	62	62	0.222357803442976	0.450640052014213
K02050	group	IBS-D	-0.0888860832623357	0.072170402058361	62	62	0.222898667037243	0.451542145080601
K07718	group	IBS-D	-0.208064191553894	0.169014500385492	62	62	0.223110470773961	0.451777149063976
K02204	group	IBS-D	0.302236426352004	0.24597219255249	62	62	0.223966094053656	0.453315064187571
K09788	group	IBS-D	0.458873926279938	0.373643568268001	62	62	0.22420307105314	0.45360003564419
K07067	group	IBS-D	-0.255140860034706	0.207920373274583	62	62	0.224575008106433	0.454157692208378
K10040	group	IBS-D	-0.282968511853084	0.230667777749543	62	62	0.224713944951039	0.454243876720575
K18302	group	IBS-D	0.803002296674162	0.655230954425113	62	58	0.225166140475971	0.454962947079982
K07318	group	IBS-D	-0.458067703803919	0.373922664945075	62	62	0.225350223463329	0.455087635090812
K08987	group	IBS-D	0.105277135169858	0.0859514313554322	62	62	0.225420847237518	0.455087635090812
K07085	group	IBS-D	0.153328431380732	0.125246117581485	62	62	0.225655663926635	0.45536675698674
K00690	group	IBS-D	-0.231209413094825	0.188918951842853	62	62	0.225791221737829	0.455445424172626
K18234	group	IBS-D	-0.777247487428778	0.635236322168553	62	56	0.225903092440938	0.455476265049792
K07213	group	IBS-D	0.10188741996393	0.0834441623600037	62	62	0.226853015659351	0.457196077713462
K00394	group	IBS-D	-1.28019517241788	1.04939361582088	62	57	0.22726187544888	0.45762895158707
K00395	group	IBS-D	-1.28019517241788	1.04939361582088	62	57	0.22726187544888	0.45762895158707
K00782	group	IBS-D	-0.0959522126595564	0.0786996830877873	62	62	0.227532287211624	0.457782536898473
K07090	group	IBS-D	-0.109275018475959	0.0896214185607766	62	62	0.227503668561969	0.457782536898473
K07726	group	IBS-D	0.404974999165529	0.332404916625615	62	62	0.227872037299325	0.458075246335727
K08319	group	IBS-D	1.31161721305343	1.07653528171273	62	27	0.227852927500405	0.458075246335727
K13599	group	IBS-D	0.577950780376552	0.474686901004026	62	61	0.228165274274957	0.458469294197145
K00121	group	IBS-D	0.491457517150292	0.404556936197691	62	62	0.229199911984673	0.459178753151962
K00336	group	IBS-D	-0.133460987939371	0.109852914549159	62	62	0.229161333866714	0.459178753151962
K00381	group	IBS-D	0.333725094624292	0.274620732199332	62	62	0.229041870065428	0.459178753151962
K01586	group	IBS-D	-0.0733488683667523	0.0603683953241399	62	62	0.229117870676224	0.459178753151962
K01620	group	IBS-D	-0.25361408478489	0.208674092283774	62	62	0.228989667378753	0.459178753151962
K07444	group	IBS-D	0.134875817054469	0.110997685011967	62	62	0.229079337604212	0.459178753151962
K11358	group	IBS-D	-0.487453253001547	0.401185775218981	62	62	0.229113993050075	0.459178753151962
K03799	group	IBS-D	-0.0793902904667363	0.0654957898013181	62	62	0.23020917272312	0.461004865631521
K08600	group	IBS-D	-0.27931434174024	0.230678257205049	62	62	0.230704924767113	0.4618015387104
K07717	group	IBS-D	-0.775465117545117	0.64161655881513	62	59	0.231553817102999	0.462063581794256
K09712	group	IBS-D	0.369990020139413	0.305831594414877	62	62	0.23110697200055	0.462063581794256
K09775	group	IBS-D	-0.354178812887924	0.292659181493377	62	62	0.230944862682999	0.462063581794256
K16371	group	IBS-D	-0.593974329223784	0.491218281994577	62	33	0.231334646050712	0.462063581794256
K17321	group	IBS-D	-0.717702766759825	0.594035226305659	62	57	0.231717635908273	0.462063581794256
K17322	group	IBS-D	-0.717702766759825	0.594035226305659	62	57	0.231717635908273	0.462063581794256
K17323	group	IBS-D	-0.717702766759825	0.594035226305659	62	57	0.231717635908273	0.462063581794256
K17324	group	IBS-D	-0.717702766759825	0.594035226305659	62	57	0.231717635908273	0.462063581794256
K17325	group	IBS-D	-0.717702766759825	0.594035226305659	62	57	0.231717635908273	0.462063581794256
K00131	group	IBS-D	-0.221542383242903	0.183953768421034	62	62	0.233188651567794	0.464800372271224
K00180	group	IBS-D	-0.523390098508932	0.434904350740802	62	62	0.233525149088127	0.465262888261178
K02228	group	IBS-D	-0.738128158402485	0.613592502988022	62	61	0.23371666291152	0.465262888261178
K07322	group	IBS-D	0.0886291212341938	0.0736751392226389	62	62	0.233712673757309	0.465262888261178
K19310	group	IBS-D	-1.10409552764085	0.918168710631049	62	54	0.233894958042492	0.465421359547845
K04074	group	IBS-D	-0.263679409699907	0.219478725592639	62	62	0.234321087002859	0.466072647113236
K05786	group	IBS-D	-0.157142588813952	0.130970207507919	62	62	0.234919951845827	0.466869992796006
K11065	group	IBS-D	0.0802047744884709	0.0668399366487562	62	62	0.234874360250302	0.466869992796006
K19147	group	IBS-D	0.445258508013545	0.371785194538385	62	62	0.235773730191062	0.468369381457898
K01160	group	IBS-D	-1.43079226814725	1.19653008734883	62	34	0.236485151855207	0.469584832062802
K03518	group	IBS-D	-0.34856177037369	0.291607643183397	62	62	0.236668751982521	0.469751613783489
K08986	group	IBS-D	-0.27124960392085	0.226982171135425	62	62	0.236779157524199	0.46977303613131
K00756	group	IBS-D	-0.27477403809559803	0.230289683454285	62	62	0.237500812642635	0.4709795436428
K15792	group	IBS-D	-1.11798738969016	0.937165783556265	62	60	0.237587008975026	0.4709795436428
K11933	group	IBS-D	-0.82180811415927	0.68910614836323	62	53	0.237732421744761	0.471069790314409
K00805	group	IBS-D	-0.217937533584726	0.182992035902813	62	62	0.238356713355689	0.472108467108538
K15540	group	IBS-D	-0.822841543922345	0.691088965821387	62	53	0.238482360670113	0.472159031452668
K03409	group	IBS-D	-0.70793137737826894	0.596133833144097	62	62	0.239695679516404	0.474362074947277
K03316	group	IBS-D	-0.197931134058975	0.166849036810076	62	62	0.24018461541878	0.475130304662317
K00803	group	IBS-D	-1.10842950199338	0.93512407062905	62	46	0.24056090652531	0.475675151016084
K00857	group	IBS-D	0.108074655366854	0.0912109997550995	62	62	0.240734549947642	0.475819001489136
K11737	group	IBS-D	-0.346591585021866	0.292698300780504	62	62	0.241033117382955	0.476209544020954
K04091	group	IBS-D	0.613824281212809	0.518501691626984	62	57	0.241144419807307	0.47622993459433
K01989	group	IBS-D	-0.238133205561667	0.201394702459852	62	62	0.241703593027831	0.477134426420783
K01083	group	IBS-D	-0.720371440119847	0.610696560791051	62	60	0.242819463537597	0.478736032626801
K12999	group	IBS-D	-0.915467251357123	0.775927027738266	62	52	0.242721953227934	0.478736032626801
K18672	group	IBS-D	-0.242432353724765	0.205503968162106	62	62	0.242777257021301	0.478736032626801
K07316	group	IBS-D	0.30762717969804	0.261032897827716	62	62	0.243250211345388	0.479384871167927
K06155	group	IBS-D	-0.587715519388825	0.498892825119561	62	62	0.243432142987543	0.479543018516813
K02055	group	IBS-D	0.465571859026092	0.395327655939932	62	62	0.243572051484371	0.479551476998667
K03148	group	IBS-D	0.321264147819897	0.272832355937211	62	62	0.243639808924683	0.479551476998667
K01075	group	IBS-D	0.664376573402192	0.565941876956683	62	57	0.245061485742734	0.482148505115868
K07391	group	IBS-D	0.0347900285597313	0.029665903722132	62	62	0.245540007449871	0.482888521740448
K06168	group	IBS-D	0.0344193647813341	0.0293613270210615	62	62	0.245722781047505	0.483046534147575
K00138	group	IBS-D	-0.757698650979086	0.647290970402689	62	62	0.246400441986892	0.483975212165841
K01262	group	IBS-D	0.0733052473852625	0.0626218266155799	62	62	0.246387140279792	0.483975212165841
K13921	group	IBS-D	-1.22207338145764	1.04591872016408	62	31	0.247258630504871	0.485458660058689
K01266	group	IBS-D	0.450441972154351	0.385610241902948	62	62	0.247376013861837	0.485487008477913
K00009	group	IBS-D	-0.303004864778656	0.259655662586347	62	62	0.247848083258406	0.486211131716574
K05306	group	IBS-D	-0.589298097621337	0.505710096122403	62	59	0.248514116786189	0.487314999901734
K01113	group	IBS-D	0.751225379094602	0.645300280930726	62	62	0.248972073869333	0.488010099903481
K02069	group	IBS-D	0.304805776511652	0.262228606791559	62	62	0.249689217187217	0.489212442149945
K09798	group	IBS-D	-0.281533042423138	0.242299174090263	62	62	0.249867880523603	0.489359187935761
K02082	group	IBS-D	-0.287730070365839	0.247861108283256	62	62	0.250299927348105	0.4900018503004
K00791	group	IBS-D	0.064770816355094	0.0558090304309588	62	62	0.250409931947684	0.490013792143268
K00689	group	IBS-D	-0.897553843845982	0.773848719402274	62	52	0.250701730396078	0.490269401659067
K04561	group	IBS-D	0.447317266558471	0.385704349811002	62	62	0.250748472604256	0.490269401659067
K00260	group	IBS-D	0.11261471889913	0.0971772968787741	62	62	0.251105461483622	0.490763927209598
K00316	group	IBS-D	-1.0582469837999	0.9140730288075	62	17	0.251563399491597	0.491251756522722
K04477	group	IBS-D	-0.369989046836611	0.31952410305255	62	62	0.251477998568393	0.491251756522722
K09157	group	IBS-D	-0.10245147767626	0.0885545371575143	62	62	0.251885985440774	0.491678107342173
K07084	group	IBS-D	0.363447220065026	0.31461288261236	62	62	0.252580094247793	0.492829013021345
K01914	group	IBS-D	0.110034264296473	0.0953134017108322	62	62	0.252894415408793	0.493034337770924
K08681	group	IBS-D	-0.245540078525283	0.212649812180638	62	62	0.252804272323232	0.493034337770924
K16898	group	IBS-D	-0.235459171858959	0.204301225271472	62	62	0.253682837565656	0.494367050396543
K08325	group	IBS-D	-0.337504014915617	0.292932869185013	62	62	0.253827527086451	0.494444699603347
K02879	group	IBS-D	0.0247990057844958	0.0215343354411364	62	62	0.254052524544351	0.494678656379505
K00074	group	IBS-D	-0.295293822161111	0.256549331816589	62	62	0.254289759404432	0.494865005199045
K01581	group	IBS-D	-0.350542599804078	0.304661442087687	62	62	0.254463027482546	0.494865005199045
K01856	group	IBS-D	-0.663753001861298	0.576761809243405	62	57	0.254369238863062	0.494865005199045
K07119	group	IBS-D	-0.692452443262024	0.602949516295958	62	58	0.255344275298783	0.49637411471931697
K15725	group	IBS-D	-0.730312508680212	0.636092046932635	62	58	0.255474429527806	0.496422500887159
K09952	group	IBS-D	0.209038430422192	0.182248347101906	62	62	0.25593594930501	0.4971144715496
K04088	group	IBS-D	-0.430841842342659	0.376223225447342	62	62	0.256683651428722	0.498156419809815
K13049	group	IBS-D	-0.822259810090351	0.717902442089205	62	61	0.256606335665081	0.498156419809815
K09979	group	IBS-D	0.463593440103165	0.404916731412908	62	62	0.256792774367998	0.498163193714305
K12998	group	IBS-D	-0.885850606152798	0.774224379138312	62	52	0.257093938574517	0.498542357860782
K02116	group	IBS-D	0.303998301845396	0.265774499908684	62	62	0.25724111599556	0.498622730388435
K09888	group	IBS-D	0.098844554282894	0.0865109861245951	62	62	0.257757512997528	0.499418418774174
K01267	group	IBS-D	-0.258103353865599	0.225993213814977	62	62	0.257956192621492	0.499598112691152
K02528	group	IBS-D	-0.02913225940781	0.0255419161418619	62	62	0.258582592216062	0.499785042988093
K02819	group	IBS-D	-0.191682719660031	0.168043860469944	62	62	0.258539614908048	0.499785042988093
K02968	group	IBS-D	0.0238902931317735	0.0209323775164397	62	62	0.258276467530402	0.499785042988093
K03523	group	IBS-D	-0.241956526270753	0.212027400205208	62	62	0.258338904816026	0.499785042988093
K16089	group	IBS-D	0.22028065077164	0.19307349449346	62	62	0.258438322613872	0.499785042988093
K14055	group	IBS-D	-0.788265062223108	0.691738791252844	62	53	0.259006306212149	0.500398910322202
K02650	group	IBS-D	0.351042957120879	0.308206568418831	62	62	0.259236110965223	0.500637796606058
K01209	group	IBS-D	-0.532354015224376	0.467871953313442	62	62	0.25971894683711	0.501364941990918
K00760	group	IBS-D	0.0308900691795744	0.0271864460430585	62	62	0.260378091013117	0.501610734157623
K03464	group	IBS-D	-0.654412465167771	0.575826027501401	62	57	0.260276197691679	0.501610734157623
K07285	group	IBS-D	-0.786512218221989	0.691881213321903	62	53	0.260152773694735	0.501610734157623
K08589	group	IBS-D	-0.823248366947367	0.723892778107111	62	60	0.259954405519443	0.501610734157623
K11734	group	IBS-D	-0.680171107423309	0.598585797098105	62	62	0.260350584431543	0.501610734157623
K00817	group	IBS-D	-0.0640935400337224	0.0565151471435594	62	62	0.261265623797443	0.502704480550281
K03480	group	IBS-D	-0.263407265951754	0.23223650145757	62	62	0.261213607267669	0.502704480550281
K03715	group	IBS-D	-1.04580556394471	0.921893943547171	62	49	0.261134601384573	0.502704480550281
K01556	group	IBS-D	-0.679360573689869	0.599554748854722	62	58	0.26167628898259	0.502879127482435
K07032	group	IBS-D	0.406773663614518	0.358835988766216	62	62	0.261474867607232	0.502879127482435
K07168	group	IBS-D	-0.660019229288581	0.582459560390571	62	57	0.261655293296832	0.502879127482435
K06929	group	IBS-D	-0.258187450083651	0.22793933492872	62	62	0.261845450801223	0.502999244797788
K02586	group	IBS-D	-0.93831014021871	0.82866337550046	62	59	0.262005874601384	0.503102485594514
K06076	group	IBS-D	0.22588689112861	0.200011593839175	62	62	0.263237277627554	0.505055736896479
K15876	group	IBS-D	0.291325889470614	0.257916753410608	62	62	0.26316801828974	0.505055736896479
K07078	group	IBS-D	0.382483512564123	0.339361778281282	62	62	0.264201408649012	0.506699407559471
K00479	group	IBS-D	-0.664911628636678	0.590140077096629	62	57	0.264354849986375	0.506787590461685
K04087	group	IBS-D	-0.420693405238207	0.373729264762336	62	62	0.264790541175786	0.507416575451039
K06411	group	IBS-D	-0.939574304971829	0.836212766396237	62	54	0.265655502201087	0.508867322656509
K19746	group	IBS-D	-0.671073196462824	0.59777004704851	62	58	0.26606794106862097	0.509450430401794
K02948	group	IBS-D	0.0240091242667855	0.0214037840928502	62	62	0.266449294538722	0.509973568605768
K01207	group	IBS-D	-0.112125007818123	0.100077035806168	62	62	0.267013542654604	0.510846193573677
K06971	group	IBS-D	-0.730919036436797	0.653358008843541	62	39	0.267722216030046	0.511994310947971
K06410	group	IBS-D	-0.93459900145212	0.835989152003315	62	54	0.26804216843244	0.512398405483334
K02654	group	IBS-D	-0.0952279678426879	0.0852787823165648	62	62	0.268588819426335	0.512453667913355
K02863	group	IBS-D	0.0233513883942965	0.0209072436906701	62	62	0.268488017625719	0.512453667913355
K05822	group	IBS-D	-0.34886247295661	0.312386460609222	62	62	0.268546789213992	0.512453667913355
K06447	group	IBS-D	-0.656685460655884	0.588108307249014	62	57	0.268614390814634	0.512453667913355
K14761	group	IBS-D	-0.0898837539326638	0.0804719202767712	62	62	0.268465205675544	0.512453667913355
K00176	group	IBS-D	0.20971902300710701	0.188232592567332	62	62	0.269658819883875	0.512629129559314
K02229	group	IBS-D	-0.700889029492168	0.62873733242803	62	61	0.269400126578619	0.512629129559314
K03149	group	IBS-D	0.210782847278074	0.189108293835411	62	62	0.269460508273079	0.512629129559314
K06995	group	IBS-D	-0.668695255183399	0.600217861463018	62	60	0.269684662942463	0.512629129559314
K07093	group	IBS-D	-0.931037092434372	0.835463772374782	62	62	0.269553642257883	0.512629129559314
K08984	group	IBS-D	0.136492516810211	0.122383182994964	62	62	0.269174127435145	0.512629129559314
K12506	group	IBS-D	-0.365105333848522	0.327241519547421	62	62	0.268996606272823	0.512629129559314
K18149	group	IBS-D	-0.271704852567248	0.24358002794062	62	62	0.269099243612067	0.512629129559314
K19508	group	IBS-D	-0.278406602909343	0.24979357360913	62	62	0.269489344711403	0.512629129559314
K06167	group	IBS-D	0.264745742782431	0.23791031778524	62	62	0.270234468186786	0.513467265096247
K01727	group	IBS-D	-0.277185396056066	0.249155725214763	62	62	0.270361383327446	0.513501523871218
K00098	group	IBS-D	-1.22136593610658	1.09874361712216	62	26	0.270743632539729	0.513606987553244
K13766	group	IBS-D	-0.737318629358414	0.663194884788242	62	62	0.270673080970442	0.513606987553244
K15726	group	IBS-D	0.613535428202218	0.551825692222152	62	62	0.270647209605102	0.513606987553244
K15552	group	IBS-D	-0.654128563388635	0.588646006848817	62	57	0.270897111989762	0.513691507898559
K02383	group	IBS-D	-1.0668930394234	0.960961175147769	62	50	0.271327347658805	0.514127935214602
K03546	group	IBS-D	-0.196394623460304	0.176901284575016	62	62	0.27134529914104	0.514127935214602
K02956	group	IBS-D	0.0231979423147151	0.0209288284897401	62	62	0.272103664012333	0.515357782924564
K03293	group	IBS-D	-0.622767015941508	0.562191511467133	62	62	0.272391348654871	0.515695544061168
K00177	group	IBS-D	0.207697997823018	0.18780084676164	62	62	0.27316374566393	0.516774309440689
K02224	group	IBS-D	-0.251927608827954	0.227801276019417	62	62	0.273180312433341	0.516774309440689
K02334	group	IBS-D	0.1586043789188	0.143685204212938	62	62	0.274073235865232	0.518047847831838
K19134	group	IBS-D	-0.84748006162386	0.767688955027494	62	38	0.274028309051332	0.518047847831838
K15515	group	IBS-D	-0.858227421595181	0.778215724356416	62	30	0.274511621999881	0.51866859349016
K11615	group	IBS-D	-0.434714379424434	0.394320403884203	62	62	0.274673141526982	0.518765933296454
K06988	group	IBS-D	1.0116597120698	0.918817902962449	62	58	0.275274719042566	0.519693985190049
K03492	group	IBS-D	-0.277953571165492	0.252701759180419	62	62	0.275757423958996	0.520396963341586
K01585	group	IBS-D	0.261454097556471	0.237928859017167	62	62	0.276212473558179	0.52083887457032
K07742	group	IBS-D	-0.181174675565433	0.164865149213682	62	62	0.276190246059371	0.52083887457032
K01658	group	IBS-D	0.0487663505998349	0.0444970896568552	62	62	0.277482508425268	0.523024584226044
K03183	group	IBS-D	0.052407850851769	0.0479037165336241	62	62	0.278316846073502	0.524102993885438
K05946	group	IBS-D	-0.315268705458583	0.28821640032664	62	62	0.278388040645255	0.524102993885438
K14742	group	IBS-D	0.0399245631483382	0.0364966877244183	62	62	0.278361140276205	0.524102993885438
K01784	group	IBS-D	-0.0475875160178386	0.0435241037219697	62	62	0.278606097605091	0.524304212412454
K04720	group	IBS-D	-0.255200975254724	0.233609389364056	62	62	0.27901290910567	0.524441960678493
K16328	group	IBS-D	-0.397332198078178	0.363645149255754	62	62	0.278920917356564	0.524441960678493
K17759	group	IBS-D	0.0736968073434589	0.0674423534412321	62	62	0.278877078347412	0.524441960678493
K00525	group	IBS-D	0.0413888993034201	0.0379168069043735	62	62	0.279385528836797	0.524538619885349
K02227	group	IBS-D	-0.252853915392593	0.231631155489324	62	62	0.279362957032287	0.524538619885349
K06973	group	IBS-D	0.261154288691379	0.239252468125969	62	62	0.279398009574215	0.524538619885349
K13637	group	IBS-D	-1.24241358028096	1.13980627571285	62	27	0.280062003368509	0.525575968120131
K03777	group	IBS-D	0.420152712572162	0.385948698581924	62	62	0.280673481184711	0.526513976637669
K03154	group	IBS-D	0.235616575926665	0.216646276885927	62	62	0.281137464612653	0.526974785712001
K16201	group	IBS-D	-0.887822030765986	0.816349253231415	62	31	0.281142612563909	0.526974785712001
K07336	group	IBS-D	-0.645791058216688	0.59398053832917	62	58	0.281285347414852	0.527032855942964
K02233	group	IBS-D	-0.252278380692414	0.232356414760646	62	62	0.281937587935669	0.5280451408676
K12995	group	IBS-D	0.750731024169403	0.69195298984371	62	62	0.282286126080941	0.52848803914161
K07486	group	IBS-D	0.439647652430166	0.405771962016818	62	62	0.2829282933922	0.529480091919688
K03657	group	IBS-D	-0.0898600951314365	0.0830123308081149	62	62	0.283365736551746	0.530088383013896
K02231	group	IBS-D	-0.251692767080946	0.232572286554896	62	62	0.283488150581402	0.530107104735088
K02019	group	IBS-D	-0.294658185042035	0.272370025963954	62	62	0.283656777329576	0.530212192582751
K01621	group	IBS-D	-0.679715914704358	0.628583013759679	62	62	0.283870243588392	0.530400978115236
K03648	group	IBS-D	0.0458623171510611	0.0424342228365357	62	62	0.284117393954209	0.530652526688336
K08301	group	IBS-D	0.097082814111741	0.090111374901791	62	62	0.28563002529397	0.533266508031021
K18928	group	IBS-D	-0.0819273908091878	0.0762921852447117	62	62	0.287183726354055	0.535955066674208
K07704	group	IBS-D	-0.411974779514628	0.384351092199073	62	62	0.288070521003729	0.537397380163602
K02744	group	IBS-D	-0.285496923539733	0.266428105915768	62	62	0.288203705425365	0.537433244280751
K02614	group	IBS-D	-0.253147353603192	0.236425054417384	62	62	0.288579267276066	0.537741699602271
K02666	group	IBS-D	0.286622779723093	0.267699207434918	62	62	0.288597167449819	0.537741699602271
K08234	group	IBS-D	-0.215347333041326	0.201178898120175	62	62	0.288714349032843	0.5377475790043
K03781	group	IBS-D	-0.382131950886429	0.357107207578137	62	62	0.288870900923815	0.537826754345327
K06148	group	IBS-D	-0.161311806512204	0.150797810118041	62	62	0.289028866917952	0.537908498968058
K02670	group	IBS-D	0.440062634426412	0.411624547215538	62	62	0.289312546137271	0.538222269711811
K09792	group	IBS-D	0.432789264106792	0.404917108446893	62	62	0.289425715858599	0.538222269711811
K01907	group	IBS-D	0.670202599052466	0.62789632038238	62	56	0.290077223095238	0.538584324455567
K04031	group	IBS-D	-0.358445796538554	0.335808908107894	62	62	0.290062798964161	0.538584324455567
K07011	group	IBS-D	0.174125350713479	0.163070980490986	62	62	0.289893313417432	0.538584324455567
K07467	group	IBS-D	-0.402957502746085	0.377266630765177	62	62	0.289755203630785	0.538584324455567
K11931	group	IBS-D	-0.839505060014005	0.787696296381495	62	60	0.290796502164722	0.539707321609142
K13677	group	IBS-D	-0.314993467246139	0.295626963573162	62	62	0.290914269820942	0.539713491925871
K03088	group	IBS-D	0.111800318176168	0.105129908475872	62	62	0.291839670049208	0.541039566517167
K11754	group	IBS-D	-0.0243857627073546	0.0229317231527428	62	62	0.291858493897301	0.541039566517167
K11003	group	IBS-D	-0.945929681493742	0.890703052290585	62	44	0.292490136546149	0.541997439666655
K03437	group	IBS-D	0.0381517489321181	0.0359433142538252	62	62	0.292742916192374	0.542051293365445
K07502	group	IBS-D	-0.328913530695343	0.309878184461155	62	62	0.292749076378666	0.542051293365445
K03153	group	IBS-D	0.426640582393774	0.402070065224883	62	62	0.292892565626852	0.542104136379998
K03402	group	IBS-D	-0.154308744417461	0.145604775846016	62	62	0.293493282993259	0.543002872732918
K01711	group	IBS-D	0.184882045059232	0.174517684250999	62	62	0.293669078520029	0.543115048745277
K11706	group	IBS-D	-0.242310002859126	0.22892711986371	62	62	0.29408892943247	0.543678318778334
K06016	group	IBS-D	-0.30967226894398	0.292693050872304	62	62	0.294291816421756	0.543840206208856
K18941	group	IBS-D	-0.978184145293695	0.925008032585594	62	46	0.294528416933495	0.544064243736138
K02800	group	IBS-D	-0.279391958816133	0.264338686039435	62	62	0.294772908112511	0.544302676060533
K00640	group	IBS-D	-0.0682528893680389	0.0645939753858661	62	62	0.294909677300179	0.544342089294577
K12574	group	IBS-D	-0.17447562144293	0.165169156440405	62	62	0.295045433319866	0.54437960232257
K03609	group	IBS-D	0.0943509124697509	0.089437292546373	62	62	0.295682649679251	0.545341953808114
K03641	group	IBS-D	-0.400737384125983	0.379993475545959	62	62	0.295841038800226	0.5454207736442
K02035	group	IBS-D	-0.141139844268433	0.134053848676823	62	62	0.296627188472483	0.545751009270654
K03483	group	IBS-D	-0.312494891899122	0.296860078439665	62	62	0.296714501223486	0.545751009270654
K05952	group	IBS-D	0.406781350144709	0.386391028821167	62	62	0.296667248224632	0.545751009270654
K06381	group	IBS-D	-0.341520892390404	0.324312853924095	62	62	0.296535969674089	0.545751009270654
K07224	group	IBS-D	0.272416701137241	0.258745818991885	62	62	0.296638163606169	0.545751009270654
K16301	group	IBS-D	0.272430379519333	0.258746367905275	62	62	0.296615146357268	0.545751009270654
K13832	group	IBS-D	-0.982608254522511	0.935209183405333	62	50	0.297617769789268	0.547198987261671
K09943	group	IBS-D	0.42365902974736	0.403718876562393	62	62	0.298206721781773	0.548068160531116
K08083	group	IBS-D	0.427751085226338	0.407895112851881	62	62	0.298531739371495	0.548238194266343
K18929	group	IBS-D	-0.0791470401452705	0.0754709508781693	62	62	0.29851824590195303	0.548238194266343
K02773	group	IBS-D	-0.235103254227919	0.224577475973158	62	62	0.299358923968894	0.549543279656405
K01659	group	IBS-D	0.428831846906316	0.409942577581113	62	62	0.299721124446635	0.549994094509857
K03699	group	IBS-D	-0.198830648370901	0.190310469736946	62	62	0.300320385179459	0.550879399652403
K02774	group	IBS-D	-0.234000571212956	0.224529718302875	62	62	0.301509013207281	0.55262524443599
K06175	group	IBS-D	0.4037269050662	0.387296835872059	62	62	0.301397969871414	0.55262524443599
K08094	group	IBS-D	-0.753537568711528	0.723212266368516	62	53	0.301623702115827	0.55262524443599
K00014	group	IBS-D	0.0283584522296669	0.0272312273420005	62	62	0.301870626326475	0.552862863594429
K00752	group	IBS-D	-0.802958815319535	0.771892410336239	62	55	0.302398900398318	0.553114901681893
K06012	group	IBS-D	-0.625721902648807	0.601611301908079	62	60	0.302477381560136	0.553114901681893
K06379	group	IBS-D	-0.625721902648807	0.601611301908079	62	60	0.302477381560136	0.553114901681893
K06398	group	IBS-D	-0.625721902648807	0.601611301908079	62	60	0.302477381560136	0.553114901681893
K18908	group	IBS-D	-0.714087013196134	0.687107550393805	62	29	0.302851389543782	0.55358416786375
K03671	group	IBS-D	-0.0601810724134089	0.0579325778743388	62	62	0.30306032503989	0.553751450169749
K01713	group	IBS-D	-0.625711254846968	0.602496494672066	62	61	0.303190124499506	0.553774061634264
K07792	group	IBS-D	0.279919150425092	0.269685808008866	62	62	0.303460404394911	0.554053142518931
K06378	group	IBS-D	-0.622945173623131	0.600511650451472	62	60	0.303732028126384	0.554120017270416
K07729	group	IBS-D	-0.175459161798678	0.16913464005613	62	62	0.303715365006473	0.554120017270416
K02188	group	IBS-D	-0.238315790831527	0.230052690808746	62	62	0.304397405625936	0.554904586367188
K05795	group	IBS-D	-0.347343328364857	0.335286156439996	62	62	0.304377718907054	0.554904586367188
K07407	group	IBS-D	-0.216142885758634	0.208711537282585	62	62	0.304542008463723	0.554953675392163
K00832	group	IBS-D	0.0941158695498401	0.0910025436419015	62	62	0.305187901428743	0.555915852892218
K02315	group	IBS-D	-0.46634496613473	0.451093172288983	62	62	0.305373666574037	0.55603946392399894
K01515	group	IBS-D	-0.0651002842053612	0.0630819996722004	62	62	0.306216636241985	0.557359188157932
K01095	group	IBS-D	0.322479949847336	0.313382548224195	62	62	0.307596225657076	0.559438411183482
K07257	group	IBS-D	-0.948693164499632	0.921833320777834	62	56	0.307546030201435	0.559438411183482
K02765	group	IBS-D	-0.310704486296964	0.302247965338476	62	62	0.308086247557855	0.560113625089762
K02651	group	IBS-D	-0.573957687711334	0.559458376205819	62	59	0.30904925376851	0.561318178188962
K06023	group	IBS-D	0.184308709779263	0.179673915640898	62	62	0.309105875478527	0.561318178188962
K07666	group	IBS-D	-0.386954423492921	0.377044940583179	62	62	0.308878518055679	0.561318178188962
K02496	group	IBS-D	-0.379456154793491	0.370070038729316	62	62	0.309308145041255	0.561469288689206
K07401	group	IBS-D	0.637193819575893	0.621748853551715	62	54	0.309552347210396	0.561696371467576
K01804	group	IBS-D	-0.513979721110087	0.502078635197733	62	62	0.310085048609538	0.562446572785609
K12585	group	IBS-D	0.961685780822906	0.939669657250272	62	59	0.310213448051043	0.562463137642722
K06113	group	IBS-D	-0.624212000319309	0.610467790955784	62	62	0.310642702911264	0.563024975760769
K07007	group	IBS-D	-0.137125864604976	0.134557631145366	62	62	0.312253594114763	0.565727218534468
K01885	group	IBS-D	-0.0379055708028098	0.0372295015121046	62	62	0.312690208628058	0.565788968726513
K03527	group	IBS-D	0.031385542413111	0.0308303990356871	62	62	0.312762377853148	0.565788968726513
K07454	group	IBS-D	-0.789922946034194	0.775435467007345	62	61	0.312443579194216	0.565788968726513
K12941	group	IBS-D	-0.475615179031475	0.467207611990851	62	62	0.312767566045381	0.565788968726513
K02791	group	IBS-D	-0.348556619344262	0.343088002963551	62	62	0.313737558855814	0.56726451441142
K19055	group	IBS-D	-0.255465570347274	0.251502698098707	62	62	0.313823816390881	0.56726451441142
K00684	group	IBS-D	0.39314524140332	0.387493979111113	62	62	0.314378078293174	0.567521531636564
K01814	group	IBS-D	-0.102304675600472	0.100848658687095	62	62	0.314447362630692	0.567521531636564
K11312	group	IBS-D	-0.528480047242949	0.520625918652156	62	62	0.314140815257902	0.567521531636564
K16841	group	IBS-D	-0.571875582203544	0.563620683162713	62	58	0.314348725401771	0.567521531636564
K16323	group	IBS-D	-0.781720272440512	0.771565179932117	62	55	0.315051296435609	0.56839399923119
K07584	group	IBS-D	-0.166295458979558	0.164265907610966	62	62	0.315433379548021	0.568516744545188
K09165	group	IBS-D	-0.597253339312174	0.590158681136265	62	57	0.315591568280213	0.568516744545188
K09932	group	IBS-D	-0.686295410806444	0.678157123305488	62	58	0.315601534609691	0.568516744545188
K13010	group	IBS-D	-0.854039794151969	0.843820319831279	62	46	0.315549203699236	0.568516744545188
K05834	group	IBS-D	-0.583059847474109	0.576784070178829	62	57	0.316132894913158	0.569102682007196
K08082	group	IBS-D	0.406297146528854	0.401953492924861	62	62	0.316168156670665	0.569102682007196
K00209	group	IBS-D	-0.472826851376976	0.468019275543901	62	62	0.316421829525183	0.569341987043404
K01579	group	IBS-D	0.056393103858111	0.0559015987056794	62	62	0.31712529348538	0.570390115971415
K15461	group	IBS-D	-0.382905092295866	0.379833063525861	62	62	0.31746054977139	0.570775429935905
K13652	group	IBS-D	0.595987076626087	0.591885569502673	62	62	0.318012276295923	0.571549502672093
K01571	group	IBS-D	-0.117388828368565	0.116627098428394	62	62	0.31820211616678	0.571563200362707
K02557	group	IBS-D	0.194671605035645	0.193481498319789	62	62	0.318383487564214	0.571563200362707
K12251	group	IBS-D	0.157677259369437	0.156687624136441	62	62	0.318304808165772	0.571563200362707
K07048	group	IBS-D	-0.965088920862371	0.96003379036279	62	51	0.31880601453768	0.5718863311372
K16087	group	IBS-D	0.37085504230653	0.36882900714694	62	62	0.318697378049195	0.5718863311372
K05595	group	IBS-D	0.195984703250894	0.195087706948615	62	62	0.319124870006877	0.572240641426779
K03835	group	IBS-D	0.386033964993539	0.384618788726638	62	62	0.319563861287618	0.572592389753954
K05297	group	IBS-D	-0.474965355900398	0.473160421860022	62	62	0.319499212830946	0.572592389753954
K01626	group	IBS-D	-0.185194793655953	0.184587733247461	62	62	0.319750714069933	0.572709596488341
K03594	group	IBS-D	0.40041199102543	0.399793614790095	62	62	0.320584741095055	0.573985436220303
K03817	group	IBS-D	-0.431127304292825	0.430591371100626	62	62	0.320729524731938	0.574026731930102
K07166	group	IBS-D	-0.101182180957088	0.101142152469583	62	62	0.321136598994835	0.574308912635076
K16169	group	IBS-D	-0.228897918000761	0.228862638339345	62	62	0.321252525770002	0.574308912635076
K18332	group	IBS-D	-0.488336063271331	0.488120171834176	62	62	0.321114278380793	0.574308912635076
K00390	group	IBS-D	0.391122820862329	0.391182803862906	62	62	0.321400101203167	0.574355012229684
K13927	group	IBS-D	-0.505495229789646	0.505815677220485	62	62	0.321630651884791	0.574549300866922
K01699	group	IBS-D	-1.04187535630294	1.04461330946349	62	44	0.322586075309738	0.575461795775975
K03566	group	IBS-D	-0.359412035538559	0.36038918665213	62	62	0.322629556410449	0.575461795775975
K13919	group	IBS-D	-1.04187535630294	1.04461330946349	62	44	0.322586075309738	0.575461795775975
K13920	group	IBS-D	-1.04187535630294	1.04461330946349	62	44	0.322586075309738	0.575461795775975
K01744	group	IBS-D	-0.05254171214038	0.0527062772764258	62	62	0.322827351387068	0.575596895705639
K04652	group	IBS-D	-0.338889138685202	0.340387373390728	62	62	0.323443620704571	0.576477745745562
K01580	group	IBS-D	0.378900072011565	0.380739692231362	62	62	0.323651015065667	0.576629462429046
K06399	group	IBS-D	-0.597122347221096	0.600663999057707	62	60	0.324164661214864	0.577326488779946
K15987	group	IBS-D	0.204940648764575	0.206285345622122	62	62	0.324465226777771	0.577643642689305
K01468	group	IBS-D	0.211409534929774	0.213103512485406	62	62	0.325156722494358	0.578656265389959
K03585	group	IBS-D	0.0806803507909921	0.0814395669505108	62	62	0.325821543265051	0.579402110874051
K08988	group	IBS-D	-0.746178228799034	0.753160835909229	62	59	0.325796655811936	0.579402110874051
K15270	group	IBS-D	-0.573587243552431	0.579379866911228	62	57	0.32614888372973	0.579765599573844
K00101	group	IBS-D	0.371581818259879	0.375631454350918	62	62	0.326528532425196	0.580221762968057
K01081	group	IBS-D	-0.191068724903669	0.193460393422392	62	62	0.327296432795644	0.580711052319133
K01854	group	IBS-D	-0.170618971001313	0.172734742250074	62	62	0.327241094185645	0.580711052319133
K10254	group	IBS-D	-0.315941083301389	0.319786599744265	62	62	0.327132568064339	0.580711052319133
K19075	group	IBS-D	-0.462997459311869	0.468701400792625	62	62	0.327202715226323	0.580711052319133
K01069	group	IBS-D	0.310134249970808	0.31433929625462	62	62	0.32778975976179	0.581367622052126
K02032	group	IBS-D	-0.150479673074541	0.152633197779122	62	62	0.328145774824949	0.581561621223022
K17992	group	IBS-D	-0.877554296613345	0.890084453128279	62	52	0.328130366620298	0.581561621223022
K04651	group	IBS-D	-0.334797394463322	0.340531736988382	62	62	0.329476390586259	0.583316896549629
K09469	group	IBS-D	-0.743238485753466	0.755675114343987	62	53	0.329290129782723	0.583316896549629
K13016	group	IBS-D	-0.72300345448564	0.735434218841414	62	61	0.329507254539485	0.583316896549629
K00952	group	IBS-D	-0.852565353892174	0.868136349730336	62	55	0.33001191017425	0.583991057554132
K00945	group	IBS-D	0.0185855182090484	0.0189430408133056	62	62	0.330470104665492	0.584363334684088
K09471	group	IBS-D	0.376269382025292	0.383420265071391	62	62	0.330360918249729	0.584363334684088
K00588	group	IBS-D	0.40932454302204	0.417491920577732	62	62	0.330807332916251	0.584521312114291
K01712	group	IBS-D	0.208574619726144	0.212702199399227	62	62	0.330730260042508	0.584521312114291
K07025	group	IBS-D	0.0590552088227202	0.0602582715186326	62	62	0.331004152283418	0.584650030774756
K00765	group	IBS-D	-0.173440589774425	0.177220914857452	62	62	0.331673304836965	0.584984027347414
K01470	group	IBS-D	-0.478735191542207	0.489131336968044	62	62	0.331635639784676	0.584984027347414
K02574	group	IBS-D	-0.356841477396185	0.364672871400013	62	62	0.331743883216035	0.584984027347414
K03797	group	IBS-D	0.133003701135401	0.135903287437783	62	62	0.331675517732556	0.584984027347414
K19689	group	IBS-D	-0.229370747877192	0.23443861483226	62	62	0.331813459108213	0.584984027347414
K03168	group	IBS-D	0.0199957909008639	0.0204644849670043	62	62	0.332444286710568	0.585877151019072
K07694	group	IBS-D	-0.736276612722963	0.75401761582513	62	44	0.332751619397694	0.586199715009162
K00145	group	IBS-D	-0.0972018827273128	0.0999485934229526	62	62	0.334697009701047	0.586421072244819
K00322	group	IBS-D	0.898582282345232	0.923646603316235	62	57	0.334526925276741	0.586421072244819
K00930	group	IBS-D	-0.0979408020803993	0.100540153529896	62	62	0.333895142994091	0.586421072244819
K01438	group	IBS-D	-0.336038723350434	0.345032360974768	62	62	0.33399963278484	0.586421072244819
K01825	group	IBS-D	0.898582282345232	0.923646603316235	62	57	0.334526925276741	0.586421072244819
K02314	group	IBS-D	0.0149044857964132	0.0153268363996262	62	62	0.334734018555348	0.586421072244819
K02575	group	IBS-D	-0.204582903080054	0.210438467084369	62	62	0.334866825181361	0.586421072244819
K02686	group	IBS-D	-0.36957405101689	0.378997174577635	62	62	0.333407681192503	0.586421072244819
K03476	group	IBS-D	-0.124922612479923	0.128496406210065	62	62	0.334860344378889	0.586421072244819
K04656	group	IBS-D	-0.320826540477063	0.329564505905652	62	62	0.334220102430773	0.586421072244819
K06222	group	IBS-D	-0.565553974588714	0.580760395698305	62	57	0.33405753338919	0.586421072244819
K07070	group	IBS-D	0.898582282345232	0.923646603316235	62	57	0.334526925276741	0.586421072244819
K09916	group	IBS-D	0.898582282345232	0.923646603316235	62	57	0.334526925276741	0.586421072244819
K10238	group	IBS-D	-0.735154191879571	0.75392794735307	62	44	0.333426348712445	0.586421072244819
K13012	group	IBS-D	-0.850398906938849	0.872422271751488	62	52	0.333594931943757	0.586421072244819
K16899	group	IBS-D	-0.209281086283063	0.214955530365509	62	62	0.334163227884485	0.586421072244819
K07240	group	IBS-D	0.159195474997589	0.16380769744129	62	62	0.335030024538055	0.586489085271518
K07017	group	IBS-D	0.36200191847324	0.37373196139793	62	62	0.336626340862095	0.589064869575377
K06383	group	IBS-D	-0.734463278469401	0.758674768628935	62	58	0.336887088739269	0.589302489055784
K05501	group	IBS-D	-0.367079502888852	0.379714674954898	62	62	0.337562352753023	0.590050459269238
K11041	group	IBS-D	-0.168781341576933	0.174591864379183	62	62	0.3375649149933	0.590050459269238
K03077	group	IBS-D	-0.436840422811423	0.452032482864198	62	62	0.337727467180666	0.590115870775851
K00374	group	IBS-D	-0.269023429428095	0.278485904110524	62	62	0.337911022008679	0.590217918441826
K00371	group	IBS-D	-0.268737232897012	0.278460351639432	62	62	0.338377276995869	0.590459233419554
K06956	group	IBS-D	-0.257019503922271	0.266254359166012	62	62	0.338261514047095	0.590459233419554
K12658	group	IBS-D	0.534427342485356	0.553818223578822	62	56	0.338424789638052	0.590459233419554
K00566	group	IBS-D	0.0452184382592027	0.0468808305106843	62	62	0.338646821474666	0.590628110234662
K04486	group	IBS-D	-0.240380842331791	0.249302325794398	62	62	0.338808777533611	0.590692123788729
K04655	group	IBS-D	-0.314205818972181	0.326023475890263	62	62	0.339038530202634	0.590874245541619
K02454	group	IBS-D	-0.217510738943217	0.225881159633351	62	62	0.339440969492714	0.59093431168946
K04653	group	IBS-D	-0.317588549268775	0.329944898174013	62	62	0.339636606587314	0.59093431168946
K05995	group	IBS-D	0.17587142220946	0.18272533946324	62	62	0.339666313917119	0.59093431168946
K09772	group	IBS-D	-0.160006945298038	0.166254122506178	62	62	0.339699516325302	0.59093431168946
K13896	group	IBS-D	0.38457352982388	0.399560602160539	62	62	0.339666058672856	0.59093431168946
K07341	group	IBS-D	-0.375445462675531	0.390359833272913	62	62	0.340013658750549	0.591262689774185
K06408	group	IBS-D	-0.757411495108044	0.788672047191354	62	44	0.340726794656239	0.592066161974511
K07451	group	IBS-D	-0.406588201447893	0.423284653235202	62	62	0.340631015883331	0.592066161974511
K01537	group	IBS-D	0.146252810995873	0.152393850607618	62	62	0.341056321200404	0.592420482792304
K01259	group	IBS-D	0.271303183747275	0.282994439902848	62	62	0.341563590828885	0.592646760246145
K04516	group	IBS-D	0.153426331567645	0.159973401757426	62	62	0.341370377848043	0.592646760246145
K06143	group	IBS-D	0.396478048588512	0.413460598307218	62	62	0.341444408423477	0.592646760246145
K02399	group	IBS-D	-0.557025238957093	0.581545906611179	62	57	0.341989544824789	0.592949519630039
K19411	group	IBS-D	-0.302559051717928	0.315854121505187	62	62	0.341953437366048	0.592949519630039
K12975	group	IBS-D	-0.39404722995593	0.412114783925804	62	8	0.342828733131354	0.594186073299326
K03778	group	IBS-D	0.135009205498004	0.141256241268875	62	62	0.343021031963338	0.594300950308267
K05812	group	IBS-D	0.563992616027967	0.590451385019835	62	55	0.343314916292254	0.594591680218241
K08963	group	IBS-D	-0.299900327988186	0.314059660258527	62	62	0.343452209969675	0.594611094793314
K00955	group	IBS-D	0.563556346344613	0.590372983460434	62	59	0.343621952099437	0.594686651780163
K07668	group	IBS-D	-0.200037040502723	0.209654693731773	62	62	0.343848067678926	0.594859679814311
K02336	group	IBS-D	-0.549233362799332	0.576132033186739	62	57	0.344257117829579	0.595108968288206
K07652	group	IBS-D	-0.199728554692093	0.20963509777237	62	62	0.3445424012207	0.595108968288206
K09930	group	IBS-D	0.381406440189683	0.40020391839498	62	62	0.344398482569501	0.595108968288206
K10192	group	IBS-D	-0.486417768967306	0.510630163979818	62	53	0.344623111194888	0.595108968288206
K19167	group	IBS-D	0.302715565830591	0.317705389144332	62	62	0.344504903378753	0.595108968288206
K08281	group	IBS-D	0.0832374371185525	0.0874351196624354	62	62	0.344921000022268	0.595405357285877
K12373	group	IBS-D	0.146027719520482	0.153475952218471	62	62	0.345183206450392	0.595639956684979
K10543	group	IBS-D	-0.538151504816556	0.566036826481857	62	61	0.345552632388797	0.595841394641889
K15342	group	IBS-D	-0.104282330535678	0.109656999163645	62	62	0.345426404878478	0.595841394641889
K08282	group	IBS-D	0.890733775390058	0.937167266231385	62	59	0.345694909998705	0.595868858024084
K01251	group	IBS-D	-0.28710153952866	0.302368559800892	62	62	0.346171027135155	0.596471525016219
K03892	group	IBS-D	-0.209370544666954	0.220689152008713	62	62	0.346572562007663	0.596824518359859
K04835	group	IBS-D	0.378887578696121	0.399417395202906	62	62	0.346628998258621	0.596824518359859
K02509	group	IBS-D	-0.411241347016518	0.433672560082181	62	14	0.346792737972022	0.596856178922483
K03394	group	IBS-D	-0.226772749180479	0.239195947829597	62	62	0.346900506027677	0.596856178922483
K01775	group	IBS-D	0.0335996871655939	0.0354581426590586	62	62	0.347140535366178	0.597051336537891
K03436	group	IBS-D	-0.121898133089244	0.128722518578793	62	62	0.347445491862068	0.597234271768204
K12410	group	IBS-D	0.0948333655282959	0.100153991826221	62	62	0.347500178484299	0.597234271768204
K01599	group	IBS-D	-0.0984047339952894	0.103978068230471	62	62	0.347741121274309	0.597430647697501
K04772	group	IBS-D	-0.250326847365809	0.264609614563529	62	62	0.347931128696199	0.597539403835132
K03536	group	IBS-D	0.0194984012027649	0.0206392836854443	62	62	0.348589368834499	0.598451934264106
K00261	group	IBS-D	-0.263225813755015	0.278797196281004	62	62	0.348880549051373	0.598658514405981
K01918	group	IBS-D	0.0503547404056836	0.0533427817676993	62	62	0.348963582718838	0.598658514405981
K06714	group	IBS-D	0.37456024999218	0.397457953812756	62	62	0.349772325523877	0.599391819466062
K11746	group	IBS-D	0.647711309997894	0.687125884756677	62	62	0.349646016007378	0.599391819466062
K12555	group	IBS-D	-0.221752453432219	0.235212461248683	62	62	0.349576694982368	0.599391819466062
K02076	group	IBS-D	-0.269111498501333	0.28569155575574	62	62	0.349987804873013	0.599543221133719
K01561	group	IBS-D	-0.575613415427222	0.611524114184251	62	58	0.350337506418785	0.599924357396873
K03445	group	IBS-D	-0.666604668640301	0.709033169695157	62	52	0.350905197506989	0.600678370759695
K03597	group	IBS-D	-0.354403929102905	0.377066834528078	62	62	0.35103909780349	0.600689544717437
K00824	group	IBS-D	-0.283048761848808	0.301986166048704	62	62	0.352366774884972	0.602742731359277
K01684	group	IBS-D	-0.538595933199509	0.575694910641347	62	60	0.353251146334694	0.603619410397606
K02226	group	IBS-D	-0.146769597651792	0.156883199935628	62	62	0.353263268171627	0.603619410397606
K11617	group	IBS-D	-0.219966030228063	0.235033677471828	62	62	0.353080742298946	0.603619410397606
K06286	group	IBS-D	-0.219044316567771	0.234463421660051	62	62	0.353926551054948	0.603877574086518
K07552	group	IBS-D	-0.0998074531693978	0.106814250663637	62	62	0.353841954526229	0.603877574086518
K09024	group	IBS-D	-0.890154863283661	0.952353439868989	62	16	0.353694907380492	0.603877574086518
K19405	group	IBS-D	-0.301484948098576	0.322642308781188	62	62	0.353830354788117	0.603877574086518
K06077	group	IBS-D	-0.35155776429636	0.376564275352747	62	62	0.354255867335098	0.60422085727028
K09790	group	IBS-D	-0.0755103033256167	0.0809044487718165	62	62	0.354392031659273	0.604234570247697
K01839	group	IBS-D	-0.224331395192445	0.240729677488417	62	62	0.35513278864486	0.604495901630925
K02062	group	IBS-D	-0.318127737506162	0.341202474494169	62	62	0.354880959575483	0.604495901630925
K03637	group	IBS-D	-0.0989574660306354	0.10620298079608	62	62	0.355186205135558	0.604495901630925
K07498	group	IBS-D	-0.288501458415315	0.309534569311794	62	62	0.355046518905438	0.604495901630925
K16210	group	IBS-D	-0.352055357641647	0.377617653378648	62	62	0.354914725207497	0.604495901630925
K04654	group	IBS-D	-0.308639572766169	0.331686789096856	62	62	0.355833367143101	0.605378845399302
K13894	group	IBS-D	0.3718647470281	0.400244121549552	62	62	0.356562836336741	0.606182529258857
K13895	group	IBS-D	0.3718647470281	0.400244121549552	62	62	0.356562836336741	0.606182529258857
K01679	group	IBS-D	-0.0994583913173862	0.107147501149158	62	62	0.357003337897869	0.606712699649135
K00655	group	IBS-D	0.0708124821733372	0.0763448642267761	62	62	0.357365440668253	0.606890679939316
K12940	group	IBS-D	-0.298843737245896	0.322152938969381	62	62	0.357308201960437	0.606890679939316
K03809	group	IBS-D	0.371969154805213	0.401210955328852	62	62	0.357580717237281	0.607037675482728
K03605	group	IBS-D	-0.298825986911314	0.322499690841174	62	62	0.357850098744005	0.607276382035526
K06333	group	IBS-D	-0.598029686846778	0.646253105176584	62	60	0.35847538026909	0.608118666672313
K01945	group	IBS-D	0.0153619390201664	0.0166105814075127	62	62	0.35875986836825	0.608281328749954
K07783	group	IBS-D	-0.706031620567108	0.763529948450871	62	40	0.358829231675652	0.608281328749954
K03497	group	IBS-D	-0.0534084232651946	0.0578134435017664	62	62	0.359287560916679	0.608839431291073
K01347	group	IBS-D	-0.65948012781935	0.714611971271194	62	52	0.359781346939423	0.609238359844279
K09890	group	IBS-D	-0.339886083899327	0.36827728047722	62	62	0.359751655703409	0.609238359844279
K00865	group	IBS-D	-0.126257295837355	0.136955494382405	62	62	0.360280450546629	0.609864538685536
K03598	group	IBS-D	-0.347507100608812	0.377207497294092	62	62	0.360602953932006	0.610191435501737
K00703	group	IBS-D	0.0789458251420814	0.085878477596075	62	62	0.361633465270053	0.610320563384953
K01460	group	IBS-D	-0.649093311990057	0.705736144721491	62	52	0.36139199904064	0.610320563384953
K03694	group	IBS-D	0.362957571335772	0.394273353724348	62	62	0.360959768863124	0.610320563384953
K06198	group	IBS-D	-0.21657539108106	0.235426492895261	62	62	0.361294283430217	0.610320563384953
K06207	group	IBS-D	0.0191345979004372	0.0207949115651576	62	62	0.361175167737829	0.610320563384953
K06954	group	IBS-D	-0.520495278769069	0.566299077487015	62	42	0.361714583261438	0.610320563384953
K07447	group	IBS-D	0.019133559444541	0.020794942351934	62	62	0.36120175329392	0.610320563384953
K15984	group	IBS-D	0.350100324464422	0.380782136067492	62	62	0.361555391718692	0.610320563384953
K00448	group	IBS-D	-0.534829286297685	0.582703555452996	62	57	0.362376950256846	0.610346320504031
K00449	group	IBS-D	-0.534829286297685	0.582703555452996	62	57	0.362376950256846	0.610346320504031
K05541	group	IBS-D	0.349713358143944	0.380993072005249	62	62	0.362346623969689	0.610346320504031
K07126	group	IBS-D	0.183969204307325	0.20024687058498	62	62	0.361924855994587	0.610346320504031
K08978	group	IBS-D	0.229914941583967	0.250340922756808	62	62	0.362082972626921	0.610346320504031
K02443	group	IBS-D	0.33452854402459	0.365234175245299	62	62	0.363370888300281	0.611801895474518
K00523	group	IBS-D	0.367769265766609	0.401781839482491	62	62	0.363674403864312	0.611876021628289
K02246	group	IBS-D	-0.215553704965981	0.235457904789424	62	62	0.363611774072585	0.611876021628289
K01567	group	IBS-D	-0.663364977432845	0.725379249053117	62	58	0.364110702658976	0.61239160975026
K02244	group	IBS-D	-0.209037942661926	0.22865367363133	62	62	0.364264786080713	0.612432346223402
K17363	group	IBS-D	0.788090109752819	0.863510886452619	62	57	0.36507512508361	0.613576012079225
K02248	group	IBS-D	-0.214686719157719	0.235412501941364	62	62	0.365439603334454	0.613969778883251
K01071	group	IBS-D	-0.21417758765194	0.235282695855631	62	62	0.366307422393258	0.614099369118193
K02005	group	IBS-D	-0.140181223548008	0.153847093002543	62	62	0.365850846572774	0.614099369118193
K03713	group	IBS-D	-0.20788522884011	0.228499385459792	62	62	0.366576432741438	0.614099369118193
K04062	group	IBS-D	0.345916228483347	0.379588176444032	62	62	0.365787581565862	0.614099369118193
K06195	group	IBS-D	0.364399559468948	0.40037069780346	62	62	0.366382477875773	0.614099369118193
K07130	group	IBS-D	0.484018186046964	0.532139509451836	62	61	0.366688681814426	0.614099369118193
K10094	group	IBS-D	-0.642950813235214	0.706395038571628	62	52	0.366366528648853	0.614099369118193
K12144	group	IBS-D	-0.640853181611336	0.704248481640989	62	52	0.36647337564876	0.614099369118193
K19239	group	IBS-D	-0.642950813235214	0.706395038571628	62	52	0.366366528648853	0.614099369118193
K06967	group	IBS-D	-0.19179579116792	0.211060234825662	62	62	0.36713087898359	0.614403557589287
K07258	group	IBS-D	-0.0508416891911332	0.0559392944977677	62	62	0.367053811767855	0.614403557589287
K00687	group	IBS-D	-0.213421237872527	0.235279099509686	62	62	0.367983657553204	0.614672739450532
K01215	group	IBS-D	-0.212746289346435	0.234593749290812	62	62	0.368102757642034	0.614672739450532
K03095	group	IBS-D	-0.213156077103896	0.235115937070223	62	62	0.368245051059477	0.614672739450532
K03693	group	IBS-D	-0.207079890714398	0.228458768424296	62	62	0.368338759225973	0.614672739450532
K03719	group	IBS-D	0.159597017149112	0.17618528058118	62	62	0.368639887762181	0.614672739450532
K06287	group	IBS-D	0.0402928331285504	0.044481481370444	62	62	0.368647099055885	0.614672739450532
K07098	group	IBS-D	0.0638694172011382	0.0703468700145854	62	62	0.367552147700659	0.614672739450532
K12139	group	IBS-D	-0.63898208158528	0.70438925071772	62	52	0.367959914421961	0.614672739450532
K12142	group	IBS-D	-0.63898208158528	0.70438925071772	62	52	0.367959914421962	0.614672739450532
K12145	group	IBS-D	-0.63898208158528	0.70438925071772	62	52	0.367959914421962	0.614672739450532
K14982	group	IBS-D	-0.213071828640081	0.235260494829451	62	62	0.368725441031712	0.614672739450532
K01261	group	IBS-D	-0.206706032802146	0.228464589461722	62	62	0.369210286952789	0.615263502922033
K01191	group	IBS-D	-0.206505248796711	0.228552843711694	62	62	0.369855983372109	0.616121800629766
K00688	group	IBS-D	0.032209803835278	0.0356662316469799	62	62	0.370089804232618	0.616293614675504
K03602	group	IBS-D	-0.0842636725913771	0.093351209231945	62	62	0.370320109260083	0.616459454737222
K09941	group	IBS-D	0.363136420658821	0.402590510531599	62	62	0.370663924023176	0.616814066934826
K02668	group	IBS-D	0.3669854401471	0.407412349350419	62	62	0.371311272878141	0.617673355517924
K03502	group	IBS-D	-0.226497954398001	0.251617986228704	62	62	0.371630760505449	0.61776900477395
K03636	group	IBS-D	-0.34985676148446	0.388651276082431	62	62	0.371622477573279	0.61776900477395
K11618	group	IBS-D	-0.205303720190163	0.228162579258324	62	62	0.371816936666535	0.617860702367646
K15635	group	IBS-D	-0.30959449896342	0.344203320121683	62	62	0.372007496790326	0.617959617774983
K03769	group	IBS-D	0.238818028202691	0.265601803968688	62	62	0.372162904255542	0.618000090306033
K03118	group	IBS-D	-0.0740680142291035	0.0824655866117925	62	62	0.372685777968415	0.618650520555807
K18893	group	IBS-D	0.341192585503323	0.381039615700283	62	62	0.374137986462846	0.620842626375363
K13408	group	IBS-D	0.906459776928519	1.01598268591194	62	22	0.375850037332689	0.623335997310664
K18346	group	IBS-D	0.549301982502273	0.615742583165375	62	62	0.375904914408721	0.623335997310664
K01811	group	IBS-D	-0.396292041316118	0.444517594352284	62	62	0.376216746796895	0.623459718110894
K04075	group	IBS-D	0.0177931828727992	0.0199596141150853	62	62	0.376243926578373	0.623459718110894
K00600	group	IBS-D	-0.0252668100501847	0.0283782052250726	62	62	0.376829088430926	0.624210039002545
K02667	group	IBS-D	0.361839828371339	0.407384557459164	62	62	0.377978960059237	0.625028725066392
K06019	group	IBS-D	-0.532192776604742	0.599309730516263	62	61	0.378081687286183	0.625028725066392
K06384	group	IBS-D	-0.666746721355742	0.749988703513636	62	58	0.377548667170576	0.625028725066392
K17898	group	IBS-D	0.368671645098612	0.415198575279223	62	62	0.378118522606959	0.625028725066392
K17899	group	IBS-D	0.368671645098612	0.415198575279223	62	62	0.378118522606959	0.625028725066392
K18231	group	IBS-D	-0.206003242025356	0.231831835366012	62	62	0.37777255788701	0.625028725066392
K00813	group	IBS-D	0.335120724715682	0.377876413791659	62	62	0.378699246674601	0.625226104099667
K02676	group	IBS-D	0.360862381226519	0.407141042690556	62	62	0.37897710420714	0.625226104099667
K04757	group	IBS-D	0.222514715592174	0.251109826665666	62	62	0.379088004885323	0.625226104099667
K07533	group	IBS-D	-0.136172173890989	0.153584345397599	62	62	0.378819305846938	0.625226104099667
K07636	group	IBS-D	0.120498902820628	0.135835611847304	62	62	0.378570601446622	0.625226104099667
K10793	group	IBS-D	-0.243083456368776	0.274049385634381	62	62	0.378617370452094	0.625226104099667
K11068	group	IBS-D	-0.050247473821365	0.0567140536835697	62	62	0.379165957956965	0.625226104099667
K01281	group	IBS-D	-0.212363766737841	0.239865828457262	62	62	0.379505609031993	0.625567442221208
K02194	group	IBS-D	-0.282567798092829	0.32006739538719	62	62	0.380847113323963	0.625841694645779
K02195	group	IBS-D	-0.282567798092829	0.32006739538719	62	62	0.380847113323963	0.625841694645779
K02197	group	IBS-D	-0.282567798092829	0.32006739538719	62	62	0.380847113323963	0.625841694645779
K02198	group	IBS-D	-0.283160977506236	0.320048531382263	62	62	0.379826641720496	0.625841694645779
K02245	group	IBS-D	-0.197107306347237	0.223337132201105	62	62	0.380999046931305	0.625841694645779
K03745	group	IBS-D	0.335963977106311	0.380316249938677	62	62	0.380556605089514	0.625841694645779
K05823	group	IBS-D	-0.207068387526191	0.2345915997127	62	62	0.380934156781467	0.625841694645779
K06373	group	IBS-D	-0.547562082531359	0.619962664354862	62	60	0.380643784645761	0.625841694645779
K06374	group	IBS-D	-0.547562082531359	0.619962664354862	62	60	0.380643784645761	0.625841694645779
K18828	group	IBS-D	-0.301572207472348	0.341258123302963	62	62	0.38038170914024	0.625841694645779
K07071	group	IBS-D	-0.320294840921567	0.363685455370535	62	62	0.381998760584505	0.627265374274556
K02769	group	IBS-D	-0.357415414342536	0.406104967005571	62	62	0.382313501313551	0.627563686806371
K19068	group	IBS-D	0.329445261522174	0.374680696637254	62	62	0.382763187361259	0.628083226024948
K05362	group	IBS-D	-0.200862135916402	0.228630450174537	62	62	0.383152817352092	0.628503891002597
K00364	group	IBS-D	-0.194839130966091	0.222191512697115	62	62	0.38404001142641	0.628599320308648
K02193	group	IBS-D	-0.280575081095648	0.320033903539915	62	62	0.384144029077507	0.628599320308648
K03282	group	IBS-D	0.0219200639743517	0.0249917428264477	62	62	0.383934959089917	0.628599320308648
K03697	group	IBS-D	-0.200443048574486	0.228474048481825	62	62	0.383816526791114	0.628599320308648
K04769	group	IBS-D	-0.543982416582126	0.619935183633359	62	60	0.383724630590961	0.628599320308648
K07234	group	IBS-D	0.356829812033898	0.406815280889579	62	62	0.383914722409327	0.628599320308648
K14983	group	IBS-D	-0.200590431621078	0.228649695856164	62	62	0.383832344462899	0.628599320308648
K07684	group	IBS-D	0.355943006913949	0.406704653141163	62	62	0.384961742213932	0.6297188956923
K00602	group	IBS-D	0.0590413611171384	0.0674896680084557	62	62	0.38515993057205	0.629824629881342
K01173	group	IBS-D	0.195140918447213	0.223214463893394	62	62	0.385478568264934	0.629908845439164
K02665	group	IBS-D	0.355995713428528	0.407114888637067	62	62	0.385367919152816	0.629908845439164
K03708	group	IBS-D	-0.204839368560191	0.234516198330682	62	62	0.385897564540094	0.63037510023245
K01480	group	IBS-D	-0.307356701513956	0.352068511475304	62	62	0.386142207093347	0.630556318785396
K00116	group	IBS-D	0.340065780924526	0.389771715897172	62	62	0.386427908086485	0.630804435630275
K00228	group	IBS-D	0.353195246427867	0.405862685827279	62	62	0.3876412498247	0.632195574421338
K00773	group	IBS-D	0.0173568921711753	0.0199419085888119	62	62	0.387565748425366	0.632195574421338
K00992	group	IBS-D	0.352655741340585	0.405508441577641	62	62	0.387950380062627	0.632195574421338
K02361	group	IBS-D	0.198484314352749	0.228192985381792	62	62	0.387871282491734	0.632195574421338
K07102	group	IBS-D	0.352659335373287	0.405509431547762	62	62	0.38794672531389	0.632195574421338
K00615	group	IBS-D	-0.0636067817876785	0.0731922477380414	62	62	0.388289920535987	0.632311900983327
K16329	group	IBS-D	-0.330169909548004	0.379823351622172	62	62	0.388162360470502	0.632311900983327
K06045	group	IBS-D	0.382726695099846	0.440915326669627	62	60	0.38883786508851	0.632985630568661
K00161	group	IBS-D	-0.144464380825528	0.166552103156317	62	62	0.389188296760165	0.633337476715299
K01845	group	IBS-D	-0.0764210474172917	0.0881317807737035	62	62	0.389329600676702	0.633348877816945
K00162	group	IBS-D	-0.144281868921343	0.166543544207156	62	62	0.389759770908691	0.633608638684309
K03825	group	IBS-D	0.785666853695392	0.907337113251672	62	57	0.389992130670539	0.633608638684309
K11004	group	IBS-D	-1.05102158463622	1.21422063472118	62	37	0.390161044686012	0.633608638684309
K11705	group	IBS-D	-0.200606168891208	0.231680279698552	62	62	0.390007902956751	0.633608638684309
K13893	group	IBS-D	0.345505550867056	0.399124320333345	62	62	0.390125457039644	0.633608638684309
K03763	group	IBS-D	-0.14736794690258	0.170317258865603	62	62	0.390345042368416	0.633689232292409
K07226	group	IBS-D	-0.232572097046771	0.268949874413694	62	62	0.390624945433171	0.633925410413914
K03565	group	IBS-D	0.0169646759316983	0.0196358169375149	62	62	0.391047435552373	0.634392743744407
K01647	group	IBS-D	-0.131709421385701	0.152605211320598	62	62	0.391534261345075	0.634964090957144
K01114	group	IBS-D	-0.754744956780351	0.875599303025613	62	52	0.3921331559335	0.635671605601109
K03554	group	IBS-D	0.324697178341046	0.376775297559884	62	62	0.392240112870913	0.635671605601109
K06938	group	IBS-D	0.341130582873834	0.396235666714755	62	62	0.392704840573742	0.636206124405966
K00784	group	IBS-D	0.10589186860697	0.123096034861306	62	62	0.393082321801394	0.636598979950335
K00674	group	IBS-D	-0.127253473495618	0.14810380771543	62	62	0.393640076116694	0.637283418800662
K05805	group	IBS-D	0.343367701083373	0.400068620691563	62	62	0.394157986276426	0.637902904351278
K02566	group	IBS-D	-0.202588266139921	0.236354075570865	62	62	0.394778845878103	0.638688520466942
K00311	group	IBS-D	0.346945048227479	0.405064551501239	62	62	0.395119328361552	0.638801080751826
K07141	group	IBS-D	-0.259928015501171	0.303403235109252	62	62	0.39501501863474	0.638801080751826
K01791	group	IBS-D	0.1079695055802	0.126145625855819	62	62	0.395451960488679	0.63911975519692
K11733	group	IBS-D	-0.271876834155954	0.317987697872526	62	62	0.395956980535771	0.6397167249766
K00799	group	IBS-D	-0.303440159551138	0.355059445639364	62	62	0.396162284063626	0.639829223165774
K00850	group	IBS-D	-0.0896688327079164	0.104985833190659	62	62	0.396444602574693	0.64006598621782
K00891	group	IBS-D	-0.0482072259084547	0.0564718862019124	62	62	0.396694237495788	0.640249837108192
K03578	group	IBS-D	-0.224504888672737	0.263250588002049	62	62	0.397151754346703	0.64049047134888
K03923	group	IBS-D	0.334957390245299	0.392848190188093	62	62	0.397250769443485	0.64049047134888
K18431	group	IBS-D	-0.760808079351079	0.891909831540729	62	57	0.397046177848756	0.64049047134888
K17948	group	IBS-D	-0.602515893236714	0.706880885264959	62	52	0.397404759417773	0.640519769451203
K00384	group	IBS-D	0.0346614848905525	0.0408161862607695	62	62	0.399140488103069	0.640843170022681
K01273	group	IBS-D	-0.261612098714872	0.307445340637455	62	62	0.398195742418659	0.640843170022681
K01598	group	IBS-D	-0.20536366447555	0.24141508951307	62	62	0.398336883547681	0.640843170022681
K01922	group	IBS-D	-0.20536366447555	0.24141508951307	62	62	0.398336883547681	0.640843170022681
K02169	group	IBS-D	0.262228539225789	0.308943951236738	62	62	0.39937194162355	0.640843170022681
K03563	group	IBS-D	-0.219788454875139	0.258920216925813	62	62	0.399330230540181	0.640843170022681
K03930	group	IBS-D	-0.20536366447555	0.24141508951307	62	62	0.398336883547681	0.640843170022681
K07003	group	IBS-D	-0.12498973517835	0.147137896743548	62	62	0.398994721016731	0.640843170022681
K07705	group	IBS-D	-0.325695397808604	0.383597486744129	62	62	0.399225604810255	0.640843170022681
K09806	group	IBS-D	0.337102727819985	0.397134042406188	62	62	0.399345082265558	0.640843170022681
K10010	group	IBS-D	0.318680275249937	0.374904927844937	62	62	0.398687924768691	0.640843170022681
K12143	group	IBS-D	-0.585269158060378	0.688846012349605	62	53	0.398904396855714	0.640843170022681
K12556	group	IBS-D	-0.20536366447555	0.24141508951307	62	62	0.398336883547681	0.640843170022681
K01588	group	IBS-D	0.0175499754108244	0.0206853983551896	62	62	0.399574398804199	0.640949954000205
K01933	group	IBS-D	0.017538092981863	0.0206857729207623	62	62	0.399900212064046	0.64121207872794
K09927	group	IBS-D	-0.482420428073752	0.569136728550731	62	57	0.40000974037693	0.64121207872794
K11753	group	IBS-D	0.0168363752381438	0.0198918095624594	62	62	0.400694297816705	0.64209116836683
K10193	group	IBS-D	-0.433059500912266	0.512268142216265	62	53	0.40125927042953	0.642232838468261
K10194	group	IBS-D	-0.433059500912266	0.512268142216265	62	53	0.40125927042953	0.642232838468261
K15986	group	IBS-D	-0.150202840229029	0.177701528443703	62	62	0.40132743319889	0.642232838468261
K17716	group	IBS-D	0.309431162953047	0.3660527730176	62	62	0.401291470222882	0.642232838468261
K02341	group	IBS-D	0.0167994766822574	0.019896732610225	62	62	0.401837144798205	0.642830384962122
K02573	group	IBS-D	-0.308357163595004	0.365384016347398	62	62	0.402062850900842	0.642973348541326
K07665	group	IBS-D	-0.467973850964754	0.555509666851389	62	60	0.402897055706002	0.643870726773807
K14267	group	IBS-D	0.336595061157121	0.399471859809517	62	62	0.402798439946958	0.643870726773807
K06972	group	IBS-D	-0.271010656175531	0.321861035276109	62	62	0.403125317071869	0.644017274834327
K07570	group	IBS-D	-0.17138225867889	0.203703190810102	62	62	0.403502018521612	0.644182640266731
K08177	group	IBS-D	-0.301392012464683	0.358144093180637	62	62	0.403388010572466	0.644182640266731
K00768	group	IBS-D	-0.222496341573271	0.264766179389073	62	62	0.404048360546955	0.644836571350065
K06020	group	IBS-D	0.337147556702137	0.401395717531305	62	62	0.404277623519452	0.644984192326704
K02103	group	IBS-D	-0.40712776319075	0.485972505127277	62	62	0.405491004812186	0.645059643665615
K02106	group	IBS-D	0.312920407788818	0.37291862768974	62	62	0.404737453758425	0.645059643665615
K02453	group	IBS-D	-0.186602023027183	0.222651599312701	62	62	0.405306616779635	0.645059643665615
K02483	group	IBS-D	-0.214323587656776	0.255623492522944	62	62	0.405114498560971	0.645059643665615
K02525	group	IBS-D	0.55487240631143	0.66094744960557	62	57	0.404515460649733	0.645059643665615
K06187	group	IBS-D	-0.073389777723033	0.0876403709869915	62	62	0.405692727547119	0.645059643665615
K07089	group	IBS-D	-0.131115169788272	0.156408428937082	62	62	0.405196668169548	0.645059643665615
K08678	group	IBS-D	0.54431912969978	0.649883895464284	62	62	0.405599792002339	0.645059643665615
K09857	group	IBS-D	0.334918846224454	0.399411440642045	62	62	0.405060862723675	0.645059643665615
K11704	group	IBS-D	-0.194309164286896	0.231843269436117	62	62	0.405297733180367	0.645059643665615
K00305	group	IBS-D	-0.499876741666524	0.597649152156708	62	57	0.406245925252707	0.645317327505657
K02526	group	IBS-D	-0.628398354099825	0.751747312854471	62	62	0.406518257877593	0.645317327505657
K07008	group	IBS-D	0.318234083663439	0.380392176708388	62	62	0.406140089356111	0.645317327505657
K10228	group	IBS-D	-0.480799120157399	0.575201206685796	62	57	0.406538969469743	0.645317327505657
K10229	group	IBS-D	-0.480799120157399	0.575201206685796	62	57	0.406538969469743	0.645317327505657
K18369	group	IBS-D	0.269428490008122	0.322938648987034	62	62	0.407420072980186	0.646498339224278
K02672	group	IBS-D	0.333126614153566	0.39959157543578	62	62	0.407774878698785	0.646843702638234
K10764	group	IBS-D	0.335297662149744	0.402662241991328	62	62	0.408315155105262	0.647482942661874
K07501	group	IBS-D	0.329784338644965	0.39661504692689	62	62	0.408989741012325	0.648192207219108
K09787	group	IBS-D	-0.1407363465376	0.169273818846161	62	62	0.409037321603916	0.648192207219108
K00662	group	IBS-D	-0.5216710514806	0.628011018424797	62	62	0.409452361957495	0.648631958008581
K02662	group	IBS-D	0.322455608788438	0.388326885595754	62	62	0.409620700594048	0.64868073337862
K11050	group	IBS-D	-0.273746659555789	0.329958631221944	62	62	0.410031437832087	0.64911321276137
K02474	group	IBS-D	-0.188018810390899	0.226731467520439	62	62	0.410245620415969	0.649222848376018
K03743	group	IBS-D	0.0530266642416687	0.0639626551937274	62	62	0.410376020146079	0.649222848376018
K00215	group	IBS-D	0.0173195692904902	0.0209214520263125	62	62	0.411043029333484	0.650060002124987
K03976	group	IBS-D	-0.0816725469781774	0.0987072348443564	62	62	0.411276685991183	0.650211482110096
K18104	group	IBS-D	-0.219220415938734	0.265213883621798	62	62	0.411750386951735	0.65074223353364
K08602	group	IBS-D	-0.122225576991894	0.147984953157052	62	62	0.412114583916977	0.651029555787254
K11051	group	IBS-D	-0.272551005272708	0.330058399868005	62	62	0.412208281081582	0.651029555787254
K16509	group	IBS-D	-0.182200711670291	0.221075359074719	62	62	0.413114851240733	0.652242932189922
K03856	group	IBS-D	-0.172251470696661	0.209325569528514	62	62	0.413830357454272	0.653153937668791
K00241	group	IBS-D	0.0437152411387471	0.053236267305598	62	62	0.41480868971465	0.653563051833443
K04085	group	IBS-D	-0.308156159973553	0.375309533434835	62	62	0.414855724852161	0.653563051833443
K06192	group	IBS-D	0.329482426497064	0.401025784630389	62	62	0.414557935301531	0.653563051833443
K06910	group	IBS-D	-0.216769135945426	0.264107454211956	62	62	0.415031430375741	0.653563051833443
K07323	group	IBS-D	0.312584232992163	0.38091942187796	62	62	0.415119917148539	0.653563051833443
K08084	group	IBS-D	0.328071477308666	0.399267736494485	62	62	0.41451059760471	0.653563051833443
K13934	group	IBS-D	-0.464185091807597	0.564601099001098	62	57	0.4142485311007	0.653563051833443
K14623	group	IBS-D	-0.120596489618101	0.146985346617564	62	62	0.415198240732187	0.653563051833443
K08159	group	IBS-D	0.308053974783518	0.375963223729076	62	62	0.41581673716622	0.654318229054352
K06282	group	IBS-D	-0.264770621951849	0.323524945173333	62	62	0.416371204472771	0.654535533431196
K07152	group	IBS-D	0.321299880048767	0.392531107879237	62	62	0.4162917349131	0.654535533431196
K08973	group	IBS-D	0.324692241282958	0.396547612182416	62	62	0.416142209456376	0.654535533431196
K01222	group	IBS-D	-0.218315263928524	0.267476106215695	62	62	0.417611778016904	0.656266959389442
K01690	group	IBS-D	0.325397547133163	0.399381261305759	62	62	0.41843527963455	0.65724479459074
K08384	group	IBS-D	-0.256756423220827	0.315186365188831	62	62	0.418512747700592	0.65724479459074
K06281	group	IBS-D	-0.262647754734751	0.322690818423249	62	62	0.418903574947986	0.657639567062151
K00004	group	IBS-D	0.206807379405342	0.254830571145256	62	62	0.420258617918604	0.658399965171295
K01619	group	IBS-D	-0.0866934348937661	0.106814582365731	62	62	0.42021481171846	0.658399965171295
K02371	group	IBS-D	-0.135849196401713	0.167546672118607	62	62	0.420677065282855	0.658399965171295
K02438	group	IBS-D	-0.124651948064336	0.153506428934774	62	62	0.41998401006231	0.658399965171295
K02664	group	IBS-D	0.321423883256404	0.396191304902079	62	62	0.420408991809972	0.658399965171295
K02914	group	IBS-D	0.0166132415614465	0.0204943266367684	62	62	0.420784032024233	0.658399965171295
K03312	group	IBS-D	0.100029113771232	0.123080175572685	62	62	0.419594551627607	0.658399965171295
K03612	group	IBS-D	0.0818860476025575	0.100893879968803	62	62	0.420226069727747	0.658399965171295
K04754	group	IBS-D	0.196693409876936	0.242533941389829	62	62	0.420574904049175	0.658399965171295
K06042	group	IBS-D	-0.189705301191139	0.233535029647517	62	62	0.419819075876204	0.658399965171295
K02086	group	IBS-D	-0.178951699725545	0.220876890162303	62	62	0.421034206218581	0.658572907637422
K13378	group	IBS-D	0.249259752594432	0.307820682915655	62	62	0.421280090066161	0.65873902677454
K07113	group	IBS-D	0.30350396044502	0.375033408661954	62	62	0.421556520110664	0.658952783838877
K03446	group	IBS-D	0.319497497688907	0.395919600371279	62	62	0.422867888311654	0.660783618713638
K01787	group	IBS-D	0.113376083385157	0.140565002666744	62	62	0.423097536025168	0.660923477937956
K02655	group	IBS-D	0.325788174287561	0.40580318810128	62	62	0.425245773818391	0.664059294479316
K07795	group	IBS-D	-0.531977919987185	0.662883458024061	62	58	0.425419055930904	0.664109986021233
K02313	group	IBS-D	-0.0272211364715261	0.0339835447374286	62	62	0.426286892005524	0.665244534314378
K00680	group	IBS-D	0.267650625086774	0.334458393489376	62	62	0.426722698628982	0.665704348903168
K03458	group	IBS-D	-0.0931573460523193	0.116489689500214	62	62	0.427036732939273	0.665973952560056
K01915	group	IBS-D	-0.0478588201411352	0.0598714316755014	62	62	0.427235015300087	0.66606291972073
K18785	group	IBS-D	0.11421619949939	0.143179589527006	62	62	0.428182991912713	0.667320221368259
K09765	group	IBS-D	0.109594219292934	0.137428887194966	62	62	0.428327890626798	0.667325514435408
K01929	group	IBS-D	0.0211764671064101	0.0265857208257069	62	62	0.428861486157383	0.667936185177747
K09013	group	IBS-D	-0.120203359697871	0.150956612502088	62	62	0.429010143802213	0.667947123859768
K00370	group	IBS-D	-0.219360274055653	0.276740484362137	62	62	0.431100844986961	0.668944014264121
K01434	group	IBS-D	-0.250006468144809	0.315367553670978	62	62	0.431049176462362	0.668944014264121
K03169	group	IBS-D	0.125893681930886	0.1586438047944	62	62	0.430577715283351	0.668944014264121
K03616	group	IBS-D	0.276150865463395	0.3480576947098	62	62	0.43066814936544	0.668944014264121
K03785	group	IBS-D	-0.0941507568838195	0.118807169041157	62	62	0.431210730144811	0.668944014264121
K05846	group	IBS-D	-0.090343495542368	0.113988921367388	62	62	0.431154711931988	0.668944014264121
K08484	group	IBS-D	-0.474305464696346	0.597771582651498	62	57	0.430638909045485	0.668944014264121
K10914	group	IBS-D	-0.15371690668841	0.193493128285029	62	62	0.430075771108691	0.668944014264121
K15256	group	IBS-D	-0.295295623093317	0.372191383766586	62	62	0.430672873564027	0.668944014264121
K16958	group	IBS-D	0.246623981793486	0.310603330652192	62	62	0.430315422789831	0.668944014264121
K19090	group	IBS-D	-0.369875149458296	0.466498150927043	62	62	0.430974242092814	0.668944014264121
K07217	group	IBS-D	-0.67925990706748	0.857588109618583	62	52	0.431447045439774	0.669090518347246
K10823	group	IBS-D	-0.130147612938343	0.164601830221268	62	62	0.432244165092757	0.670106338782854
K06997	group	IBS-D	0.0164494414072586	0.0208360020961633	62	62	0.432944977031855	0.670972235189691
K02499	group	IBS-D	-0.238769707689926	0.302554917011939	62	62	0.433115432221955	0.670975144381412
K04069	group	IBS-D	-0.0551251661520287	0.0698690701582898	62	62	0.433231406836598	0.670975144381412
K00942	group	IBS-D	0.0166727263277694	0.0211553310433748	62	62	0.433735106544798	0.671314329657128
K16264	group	IBS-D	-0.140983875770807	0.178843088011502	62	62	0.433618731946851	0.671314329657128
K00240	group	IBS-D	0.041310512881414	0.0524704737239361	62	62	0.43419968935525	0.671585140764086
K02806	group	IBS-D	0.196626511601061	0.249745426129651	62	62	0.434200816478215	0.671585140764086
K16881	group	IBS-D	-0.676319654364362	0.859284774215775	62	54	0.434337294175247	0.671585140764086
K01934	group	IBS-D	0.0167354466693269	0.0213448389723719	62	62	0.436094502171104	0.674081177397222
K00133	group	IBS-D	0.0163130004904202	0.0208642605694017	62	62	0.437369479108738	0.67416422639613
K00428	group	IBS-D	0.296614339923206	0.379422870453373	62	62	0.437434803386802	0.67416422639613
K00970	group	IBS-D	0.155959359069658	0.199307158157021	62	62	0.436993829251946	0.67416422639613
K01057	group	IBS-D	-0.10733684898611	0.13720372618198	62	62	0.437104752445374	0.67416422639613
K02236	group	IBS-D	-0.169989642616936	0.21737149136262	62	62	0.437275996732502	0.67416422639613
K03322	group	IBS-D	-0.24174000135667	0.30910300676652	62	62	0.437249307969613	0.67416422639613
K03346	group	IBS-D	-0.172864909895978	0.220954422099368	62	62	0.437082475417347	0.67416422639613
K15975	group	IBS-D	-0.232156512920228	0.296874687623958	62	62	0.437288780712613	0.67416422639613
K18331	group	IBS-D	-0.424048053799083	0.542083946455113	62	62	0.43714088897126	0.67416422639613
K02663	group	IBS-D	0.315624166728553	0.40410825571704	62	62	0.437850638417315	0.674423902532317
K15587	group	IBS-D	-0.369643807002844	0.473312259718908	62	62	0.437889310762077	0.674423902532317
K12997	group	IBS-D	0.208606490806373	0.267294248669337	62	62	0.43820149365044	0.674684376119972
K03185	group	IBS-D	-0.312198478299841	0.400403785916987	62	62	0.438627006805113	0.675119113607348
K12152	group	IBS-D	-0.870249036860417	1.11709826450951	62	27	0.4390259802056	0.675512731696447
K03660	group	IBS-D	-0.223132364270953	0.286805613073191	62	62	0.439631107262752	0.67591600240139
K14392	group	IBS-D	0.212857353439348	0.273564886583829	62	62	0.43957515791101	0.67591600240139
K16214	group	IBS-D	0.274086222599371	0.352367010496447	62	62	0.439718043971049	0.67591600240139
K03560	group	IBS-D	-0.306446617368601	0.394693720658852	62	62	0.440553314207513	0.676676267093591
K07019	group	IBS-D	0.31351122298558	0.403999894633477	62	62	0.440786576020253	0.676676267093591
K11144	group	IBS-D	-0.166860847198602	0.214852534798573	62	62	0.440428328693675	0.676676267093591
K15125	group	IBS-D	-0.0822731156388603	0.10599283540987	62	62	0.44067182898574	0.676676267093591
K03561	group	IBS-D	0.0488415638466292	0.0630892157492507	62	62	0.441872199728096	0.677901526973878
K16786	group	IBS-D	-0.134213965215848	0.17333835721302	62	62	0.441800444353712	0.677901526973878
K12700	group	IBS-D	-0.578535134461553	0.747927786107511	62	60	0.442253251849273	0.678265475031275
K03562	group	IBS-D	-0.304664246217362	0.394295381126327	62	62	0.442744875995294	0.67873465837311
K09802	group	IBS-D	0.243358403404391	0.315024462062758	62	62	0.44284701946863	0.67873465837311
K09794	group	IBS-D	0.289506199449149	0.375280032223581	62	62	0.443473542531966	0.679474082709795
K03746	group	IBS-D	-0.306061673070185	0.396993821620822	62	62	0.443763055481859	0.679696839770201
K00851	group	IBS-D	0.216899723971853	0.28143165491278	62	62	0.44390834773230903	0.679698625943366
K06223	group	IBS-D	0.154278074670063	0.200289637966208	62	62	0.444159246570377	0.679862059988932
K11996	group	IBS-D	-0.289639186186908	0.376397017755151	62	62	0.444612807684389	0.680335496768196
K06334	group	IBS-D	-0.507836815837342	0.660408765303592	62	60	0.444925583454143	0.680593270051813
K01752	group	IBS-D	-0.0465668195619221	0.060601539169355	62	62	0.445257709739199	0.680880466643989
K01523	group	IBS-D	-0.10238856468458	0.133395045951642	62	62	0.445759386335497	0.680997898706387
K02192	group	IBS-D	0.310119984326083	0.403995346138592	62	62	0.445715983534511	0.680997898706387
K07010	group	IBS-D	-0.11710899995048	0.15257609735185	62	62	0.445767708504372	0.680997898706387
K15977	group	IBS-D	0.0846378605904933	0.110332755117889	62	62	0.446021557233563	0.681165046604107
K03313	group	IBS-D	-0.0949943947719332	0.1239200867005	62	62	0.446338262769229	0.68142805024917
K07287	group	IBS-D	0.302202232524252	0.395020041455838	62	62	0.447252345046709	0.682602608168375
K00453	group	IBS-D	-0.449188252090131	0.589893809790125	62	58	0.44935725337596	0.683382395008394
K00728	group	IBS-D	-0.397193989505613	0.520527052252267	62	53	0.448416767272685	0.683382395008394
K01011	group	IBS-D	-0.211818094528766	0.277371154035645	62	62	0.448060655213477	0.683382395008394
K03177	group	IBS-D	0.0152209143016914	0.0199745287586661	62	62	0.449035488472158	0.683382395008394
K07488	group	IBS-D	0.308037362158317	0.403902954324335	62	62	0.448659028229405	0.683382395008394
K09789	group	IBS-D	0.310163238256112	0.407092211448174	62	62	0.449104775163893	0.683382395008394
K11717	group	IBS-D	-0.115480756415926	0.151651726797283	62	62	0.449349243299191	0.683382395008394
K18303	group	IBS-D	-0.526400118493254	0.689441236530781	62	61	0.448147031985515	0.683382395008394
K18887	group	IBS-D	-0.236443105023376	0.310437289120646	62	62	0.449255199108567	0.683382395008394
K18888	group	IBS-D	-0.236443105023376	0.310437289120646	62	62	0.449255199108567	0.683382395008394
K19005	group	IBS-D	-0.238484124704567	0.312576465145198	62	62	0.448475169237954	0.683382395008394
K01101	group	IBS-D	0.145419687279636	0.191400231466629	62	62	0.450368539332709	0.684478901544652
K03676	group	IBS-D	0.307085606953528	0.404084493323009	62	62	0.450257955899097	0.684478901544652
K07663	group	IBS-D	-0.730307082014518	0.962977678870875	62	60	0.451189760966926	0.685285318106288
K18850	group	IBS-D	-0.299170402777906	0.394404974095055	62	62	0.451099570479496	0.685285318106288
K16923	group	IBS-D	-0.299917976995188	0.395649949218259	62	62	0.45139501352788	0.68537633090711
K00868	group	IBS-D	-0.106895072371201	0.141157097460937	62	62	0.45184748813158	0.685842534286621
K01937	group	IBS-D	0.0272193453161911	0.0359757749259456	62	62	0.45224903069119	0.686010430601367
K02203	group	IBS-D	-0.28056320026473	0.370801210031668	62	62	0.452226186537128	0.686010430601367
K04782	group	IBS-D	-0.590067422132937	0.780203913687504	62	62	0.452429315708081	0.686063232437076
K07002	group	IBS-D	0.283982893906321	0.375656445726429	62	62	0.452628394332791	0.686144489769669
K01920	group	IBS-D	0.305323717222196	0.404065600193517	62	62	0.452827948357715	0.686226415313298
K01840	group	IBS-D	0.0756429055167777	0.100157866567788	62	62	0.453061480385019	0.686357248916601
K18692	group	IBS-D	-0.15951672623618	0.211281787119047	62	62	0.45320535901745	0.686357248916601
K07402	group	IBS-D	-0.236207338652315	0.312991364363707	62	62	0.453394931978754	0.686423916279874
K02240	group	IBS-D	-0.158780459530283	0.211309386470971	62	62	0.455341901058798	0.688470785482786
K02243	group	IBS-D	-0.158780459530283	0.211309386470971	62	62	0.455341901058798	0.688470785482786
K02492	group	IBS-D	-0.0677323601580046	0.090192852971843	62	62	0.455604472010017	0.688470785482786
K09976	group	IBS-D	-0.158780459530283	0.211309386470971	62	62	0.455341901058798	0.688470785482786
K18891	group	IBS-D	-0.179300113547586	0.238441159307354	62	62	0.455010134108226	0.688470785482786
K18892	group	IBS-D	-0.179044177628585	0.238426159587879	62	62	0.455622841707332	0.688470785482786
K00500	group	IBS-D	-0.669176183949675	0.894618430682842	62	59	0.457380990462525	0.690684838623525
K08961	group	IBS-D	-0.468892835949556	0.6267837772877	62	61	0.457326118781468	0.690684838623525
K09014	group	IBS-D	-0.112901546816186	0.151104488943984	62	62	0.457875911750838	0.690989695941424
K13256	group	IBS-D	-0.214826082484507	0.28750359758682	62	62	0.457854063086856	0.690989695941424
K04844	group	IBS-D	-1.01318388266924	1.35662883201324	62	48	0.458077164341865	0.691072267126115
K10831	group	IBS-D	-0.421844298503611	0.565677767575919	62	57	0.458740686958175	0.691851960247763
K07290	group	IBS-D	-0.434919444823668	0.58351071719465	62	58	0.458970378534794	0.691977079657956
K03803	group	IBS-D	0.158749933026746	0.213399471190047	62	62	0.459834556196494	0.693058410681581
K00764	group	IBS-D	0.016474604347917	0.0221810335266125	62	62	0.460540965562873	0.693901339806552
K00064	group	IBS-D	0.42959561045663	0.579704712195458	62	56	0.461548014720324	0.69497459687773
K00681	group	IBS-D	0.22177987601609	0.299230608885332	62	62	0.46148320162418	0.69497459687773
K01644	group	IBS-D	-0.144260862601334	0.194917465138605	62	62	0.462118001989589	0.69561075562812
K01708	group	IBS-D	-0.430272955114681	0.582481578258463	62	58	0.46297551161309	0.696679168081472
K02935	group	IBS-D	0.0150745119936794	0.0204408074469245	62	62	0.463710073365297	0.697119032073828
K06955	group	IBS-D	0.399727623533296	0.541781937730162	62	58	0.463510840275565	0.697119032073828
K16868	group	IBS-D	0.209173363362771	0.283636647992436	62	62	0.463711281513062	0.697119032073828
K02965	group	IBS-D	0.0153549454085494	0.0208419433444487	62	62	0.464155837149645	0.697342761388252
K03429	group	IBS-D	-0.21624134687528	0.293458878822938	62	62	0.464072448367424	0.697342761388252
K05343	group	IBS-D	-0.337977342602047	0.45998714680752	62	62	0.465351507294261	0.698693953645252
K19158	group	IBS-D	-0.137019801799921	0.18647416899311	62	62	0.465328221290628	0.698693953645252
K07478	group	IBS-D	0.0150656516913873	0.020541785683062	62	62	0.466161480049068	0.699687313784661
K03756	group	IBS-D	-0.318022267461885	0.434066497985379	62	62	0.466619730370325	0.700152290304312
K00557	group	IBS-D	0.268737908971156	0.367186424292401	62	62	0.467088462391458	0.700304101020078
K09698	group	IBS-D	-0.164740697872479	0.225111022331318	62	62	0.467127442833547	0.700304101020078
K15051	group	IBS-D	-0.148914115638025	0.203502557920037	62	62	0.467166391392953	0.700304101020078
K01155	group	IBS-D	0.169217687990926	0.231573803860264	62	62	0.467788656872726	0.700724697410926
K06395	group	IBS-D	-0.617581232275022	0.845356230561964	62	54	0.46789272098113	0.700724697410926
K08313	group	IBS-D	-0.359127853065202	0.491306679774362	62	62	0.467645704622979	0.700724697410926
K01494	group	IBS-D	-0.134050829369514	0.183808849441666	62	62	0.468658850364096	0.70164925025939
K02459	group	IBS-D	-0.454424848577095	0.623522923166035	62	58	0.468957940274333	0.70187421337155
K00048	group	IBS-D	-0.0791300016360739	0.108659197422078	62	62	0.46929923746236	0.701939487431808
K01607	group	IBS-D	-0.205672787402238	0.282371468019363	62	62	0.469216370574302	0.701939487431808
K04751	group	IBS-D	-0.109336589956163	0.150289457099232	62	62	0.46974499932498	0.702160829418892
K08974	group	IBS-D	0.156501097147229	0.21505866761474	62	62	0.469619312782873	0.702160829418892
K16212	group	IBS-D	-0.312243400325814	0.430175555711184	62	62	0.470751983858981	0.703443078542128
K01505	group	IBS-D	-0.454935893082954	0.628274358872683	62	62	0.47181601279644	0.704809729600257
K00231	group	IBS-D	-0.128886813652666	0.178934717475956	62	62	0.474136716840396	0.706709467958061
K00303	group	IBS-D	-0.415869368356771	0.576601475458439	62	57	0.473561587074191	0.706709467958061
K01129	group	IBS-D	-0.086177938300575	0.119556046651555	62	62	0.473821798916408	0.706709467958061
K02626	group	IBS-D	0.43670437507143	0.605975392277335	62	62	0.473915065122825	0.706709467958061
K03690	group	IBS-D	0.26981357048011	0.373918568319636	62	62	0.473353091041814	0.706709467958061
K09786	group	IBS-D	-0.410563546446296	0.569395608876373	62	60	0.473678111115474	0.706709467958061
K10559	group	IBS-D	-0.623471739526632	0.865555364394528	62	42	0.474128563248889	0.706709467958061
K03100	group	IBS-D	-0.0219793305077134	0.0305686539764852	62	62	0.474922563527417	0.707370655075331
K09516	group	IBS-D	0.270803604599761	0.376707803150774	62	62	0.475011991758563	0.707370655075331
K16203	group	IBS-D	0.315467498132389	0.438856841323793	62	61	0.475030293601267	0.707370655075331
K01012	group	IBS-D	-0.0453454564279598	0.0631656887545864	62	62	0.475616546180087	0.707796665126315
K10231	group	IBS-D	-0.878546477171232	1.22346059843638	62	48	0.475492878264016	0.707796665126315
K13678	group	IBS-D	-0.187612205920353	0.261576673736177	62	62	0.476011548699442	0.708161029547813
K07485	group	IBS-D	0.286211829541817	0.399530722417401	62	62	0.476542054790343	0.7085566408804
K09158	group	IBS-D	0.269710100672794	0.376526315762096	62	62	0.47657796116892	0.7085566408804
K03826	group	IBS-D	-0.653909484200757	0.913513909380965	62	53	0.476880540953256	0.708783054250096
K01439	group	IBS-D	-0.0790729782884826	0.110588098096394	62	62	0.477368212814601	0.709248574589211
K09007	group	IBS-D	0.255059577849496	0.356818219324118	62	62	0.477494534419157	0.709248574589211
K02242	group	IBS-D	0.131138289379482	0.183720953713054	62	62	0.478124190621007	0.709513430764213
K02653	group	IBS-D	0.0619249359191875	0.0867325523505443	62	62	0.478010548533446	0.709513430764213
K09967	group	IBS-D	-0.437616254507472	0.612763674081713	62	56	0.477892472928504	0.709513430764213
K03631	group	IBS-D	0.0143960472109454	0.0202125792405061	62	62	0.479081567171175	0.710710497256766
K01232	group	IBS-D	-0.356636724067218	0.501325774731264	62	62	0.479601025541674	0.711146952526835
K08302	group	IBS-D	-0.508968656841208	0.715584283676107	62	61	0.479677365561463	0.711146952526835
K01707	group	IBS-D	-0.417540451978197	0.587805209344925	62	58	0.480246429578434	0.711699563972397
K10561	group	IBS-D	-0.614337708372789	0.865061248726657	62	42	0.480351932172209	0.711699563972397
K01736	group	IBS-D	0.0149694188965315	0.0210874720397673	62	62	0.480532984050854	0.711744206276328
K02340	group	IBS-D	0.0143508707268973	0.0202329529389139	62	62	0.480896640462457	0.712059201388053
K01887	group	IBS-D	0.0161978167901855	0.0228492737382415	62	62	0.481132899475799	0.712185421822934
K03342	group	IBS-D	0.196393265744155	0.277637382220126	62	62	0.482073119958486	0.713239308289378
K03558	group	IBS-D	0.180151446034039	0.254719972047515	62	62	0.482147352592565	0.713239308289378
K00105	group	IBS-D	-0.167367771681293	0.237188724048338	62	62	0.483148227466658	0.713600701764096
K00404	group	IBS-D	0.279734138429267	0.396176379285797	62	62	0.48286814964636	0.713600701764096
K00968	group	IBS-D	-0.275394095348217	0.390161577755501	62	62	0.483015442977434	0.713600701764096
K02669	group	IBS-D	0.0631831576207586	0.0894645231594199	62	62	0.482774217643042	0.713600701764096
K16788	group	IBS-D	-0.165416238113124	0.234279099924119	62	62	0.482880493521022	0.713600701764096
K03289	group	IBS-D	0.226880916842773	0.322091380118436	62	62	0.483909371147085	0.714501125338025
K10562	group	IBS-D	-0.60856615858716	0.864757780779579	62	42	0.484315828686346	0.714877448539845
K00407	group	IBS-D	0.27832632582073	0.395970242322334	62	62	0.484838304092249	0.715112883970452
K01489	group	IBS-D	-0.0748332926907821	0.106523733240308	62	62	0.485081873583858	0.715112883970452
K01883	group	IBS-D	0.0142028905061324	0.0201996763206091	62	62	0.484697503020237	0.715112883970452
K19309	group	IBS-D	0.294353405958702	0.41894026015859	62	62	0.485013302660397	0.715112883970452
K01426	group	IBS-D	0.199760278944035	0.284493498237566	62	62	0.485293772630469	0.715201697414153
K07180	group	IBS-D	-0.399067993416798	0.569209637677355	62	60	0.485956240825666	0.715954274206136
K01501	group	IBS-D	0.278325483045675	0.397451128570778	62	62	0.486461565995304	0.716251247341196
K09823	group	IBS-D	0.278423217765871	0.397505033456855	62	62	0.486368026083522	0.716251247341196
K01179	group	IBS-D	-0.336562207450077	0.481860240135784	62	62	0.487585279434579	0.716568890226277
K01390	group	IBS-D	-0.182663717889366	0.261308897289495	62	62	0.487231996631863	0.716568890226277
K02232	group	IBS-D	-0.151430552003211	0.216711565910672	62	62	0.487398432399098	0.716568890226277
K03493	group	IBS-D	-0.182991607299591	0.261599766164482	62	62	0.486936626410304	0.716568890226277
K10530	group	IBS-D	-0.182449983388624	0.261401306976458	62	62	0.487892855495457	0.716568890226277
K11014	group	IBS-D	0.497745383899755	0.71298046918239	62	22	0.487799516629543	0.716568890226277
K12097	group	IBS-D	0.497745383899755	0.71298046918239	62	22	0.487799516629543	0.716568890226277
K16213	group	IBS-D	-0.300094067255085	0.429621450863369	62	62	0.487558130018162	0.716568890226277
K00405	group	IBS-D	0.276221946822127	0.396166401919412	62	62	0.488347290311415	0.716956049804601
K03116	group	IBS-D	-0.0580217816992016	0.0832575519514208	62	62	0.488559810326711	0.716956049804601
K06188	group	IBS-D	0.0961118418728141	0.137979592891076	62	62	0.488764567455851	0.716956049804601
K09807	group	IBS-D	-0.188637739865138	0.270750496357021	62	62	0.488667587976314	0.716956049804601
K00785	group	IBS-D	0.438698478663328	0.632825837825007	62	62	0.49083555383005	0.717316539157892
K00969	group	IBS-D	0.0265834806861511	0.0383363035523767	62	62	0.490716533610818	0.717316539157892
K02444	group	IBS-D	0.171455589992838	0.246462230298837	62	62	0.489323373179157	0.717316539157892
K04066	group	IBS-D	0.0141911791500414	0.0203991568732847	62	62	0.489318402237665	0.717316539157892
K05895	group	IBS-D	-0.169614461248227	0.244639080365765	62	62	0.49078074522544	0.717316539157892
K07492	group	IBS-D	-0.181531021610716	0.261324516088246	62	62	0.489951305702302	0.717316539157892
K13925	group	IBS-D	-0.181531021610716	0.261324516088246	62	62	0.489951305702302	0.717316539157892
K13929	group	IBS-D	-0.388977843151955	0.560889422287409	62	57	0.490670779162539	0.717316539157892
K13931	group	IBS-D	-0.388977843151955	0.560889422287409	62	57	0.490670779162539	0.717316539157892
K13932	group	IBS-D	-0.388977843151955	0.560889422287409	62	57	0.490670779162539	0.717316539157892
K13933	group	IBS-D	-0.388977843151955	0.560889422287409	62	57	0.490670779162539	0.717316539157892
K19088	group	IBS-D	-0.324344899359003	0.467314615806765	62	62	0.490322509368044	0.717316539157892
K02172	group	IBS-D	-0.546373768674298	0.788553900888828	62	44	0.491057739291816	0.717418927664252
K00876	group	IBS-D	0.0864846167840629	0.124886110172156	62	62	0.491290063170288	0.717536060052982
K00786	group	IBS-D	0.837070383828263	1.21071732185914	62	36	0.491990933940524	0.718114900793411
K01962	group	IBS-D	0.135645543793579	0.196159690817163	62	62	0.491914923244778	0.718114900793411
K07641	group	IBS-D	-0.658665736531909	0.953331512769053	62	60	0.492286895775005	0.718324566978627
K00373	group	IBS-D	-0.199079297910114	0.288511274026275	62	62	0.49284042795117	0.71861742259842
K00567	group	IBS-D	0.0176944103065572	0.0256494428025963	62	62	0.492944733270969	0.71861742259842
K03073	group	IBS-D	-0.0627371270830587	0.0909147147522833	62	62	0.492813509808379	0.71861742259842
K08365	group	IBS-D	0.391399144448924	0.567878368311358	62	62	0.493335054684267	0.718964189706738
K00412	group	IBS-D	0.273714742001885	0.397544408689553	62	62	0.493783055423291	0.719394775834489
K00411	group	IBS-D	0.273360082349213	0.397521132248668	62	62	0.494315636169606	0.719503870424649
K00413	group	IBS-D	0.273360082349213	0.397521132248668	62	62	0.494315636169606	0.719503870424649
K07154	group	IBS-D	-0.162456905132267	0.236137379331801	62	62	0.494118992734576	0.719503870424649
K01894	group	IBS-D	0.273846733873498	0.398754356460356	62	62	0.494882594048739	0.720106853913562
K08153	group	IBS-D	-0.344527363954698	0.502444056973053	62	62	0.49554148050485203	0.720843190024948
K07004	group	IBS-D	0.25082247935783	0.366189662290669	62	62	0.49601162362221	0.721044377204215
K13622	group	IBS-D	-0.346079835255326	0.505134217557171	62	62	0.495903776473403	0.721044377204215
K17850	group	IBS-D	-0.385962366887773	0.563654467989776	62	57	0.496138465654724	0.721044377204215
K02652	group	IBS-D	0.0599347158936468	0.087843302127275	62	62	0.497680499419247	0.722919232506865
K13930	group	IBS-D	-0.383410408205899	0.562017027030531	62	57	0.497735103466877	0.722919232506865
K16014	group	IBS-D	-0.215444255808541	0.316710735757851	62	62	0.498959170272482	0.72447396767396
K05603	group	IBS-D	-0.382493623166681	0.562878841126085	62	57	0.499414762403893	0.724912286702604
K01060	group	IBS-D	-0.123331412157421	0.181987761201973	62	62	0.500572856029009	0.725181550097711
K01624	group	IBS-D	-0.0296368695304522	0.0436707674683665	62	62	0.499973266085002	0.725181550097711
K02015	group	IBS-D	0.0472517536082351	0.0697919204552394	62	62	0.500984200640022	0.725181550097711
K02517	group	IBS-D	0.0284082638801685	0.0419223470087308	62	62	0.500604708060505	0.725181550097711
K03752	group	IBS-D	0.26470433132011	0.390330858621271	62	62	0.500281327340919	0.725181550097711
K06219	group	IBS-D	0.623084958442748	0.919991124188282	62	57	0.50083604123724	0.725181550097711
K09701	group	IBS-D	0.419206315128011	0.618878195826959	62	56	0.500778080859381	0.725181550097711
K09969	group	IBS-D	-0.430045504735814	0.634409874101296	62	58	0.500461857863289	0.725181550097711
K19166	group	IBS-D	0.647060296797437	0.955276175966287	62	56	0.500784788898808	0.725181550097711
K00561	group	IBS-D	-0.231105018095669	0.341684136063593	62	62	0.501404638978471	0.72524576194022
K03722	group	IBS-D	-0.0891001716746349	0.131725774900422	62	62	0.501381848041936	0.72524576194022
K03919	group	IBS-D	-0.415295382801982	0.614794011508481	62	58	0.501951265261424	0.72524576194022
K04095	group	IBS-D	0.16464550477773	0.243499699709756	62	62	0.50153528620347	0.72524576194022
K05936	group	IBS-D	-0.160847038613351	0.2380494124599	62	62	0.50183504011728	0.72524576194022
K10824	group	IBS-D	-0.402184936574538	0.595195641374697	62	62	0.501815318446288	0.72524576194022
K03543	group	IBS-D	0.239198128840502	0.354300346911944	62	62	0.502187891599558	0.725365420148091
K09803	group	IBS-D	-0.480055598390544	0.713830978486893	62	58	0.503843398111213	0.727334387768752
K14682	group	IBS-D	0.252225484666846	0.375067369408788	62	62	0.503859509084078	0.727334387768752
K05337	group	IBS-D	-0.141386268665523	0.210427545994804	62	62	0.504226401590585	0.727338802760112
K18122	group	IBS-D	0.210510978994209	0.31326402823297	62	62	0.504168127337683	0.727338802760112
K18139	group	IBS-D	0.26608142975539	0.396105614128405	62	62	0.504325251277686	0.727338802760112
K03294	group	IBS-D	-0.0915447149164808	0.136335353355953	62	62	0.504500063728505	0.727368480753173
K08643	group	IBS-D	-0.155029109439025	0.231321854053341	62	62	0.505309376435161	0.727690381195519
K09127	group	IBS-D	-0.563959757525452	0.840986387748198	62	40	0.505052894573303	0.727690381195519
K13990	group	IBS-D	0.217843396772961	0.325072119712761	62	62	0.505340542496888	0.727690381195519
K19141	group	IBS-D	-0.563959757525452	0.840986387748198	62	40	0.505052894573303	0.727690381195519
K00184	group	IBS-D	0.519730425383271	0.776477636387693	62	62	0.505843827788185	0.728186336628259
K01496	group	IBS-D	-0.0892991882787385	0.133693183742811	62	62	0.50673240825947	0.728186336628259
K01667	group	IBS-D	0.169814032854003	0.253983612227645	62	62	0.506313448285348	0.728186336628259
K02291	group	IBS-D	0.261539495280579	0.391877334124104	62	62	0.507074624573199	0.728186336628259
K02337	group	IBS-D	0.0133981436566352	0.0200542979514631	62	62	0.506635964900685	0.728186336628259
K04485	group	IBS-D	0.0129771154002031	0.0194217242322798	62	62	0.50658407662531	0.728186336628259
K06909	group	IBS-D	-0.653753670541928	0.979249760356639	62	53	0.506944494599949	0.728186336628259
K07272	group	IBS-D	-0.248976310490903	0.372894449685419	62	62	0.506894357093964	0.728186336628259
K09162	group	IBS-D	-0.210662018570621	0.314962070099057	62	62	0.506157263456836	0.728186336628259
K03673	group	IBS-D	0.247580916515493	0.371324383138089	62	62	0.507487135401643	0.728335158415748
K07274	group	IBS-D	0.303378313333228	0.454959209938694	62	62	0.507440021594159	0.728335158415748
K01777	group	IBS-D	-0.178080051493526	0.26749054759899	62	62	0.508126610534004	0.729031060321985
K11105	group	IBS-D	0.220272620362344	0.331058274177542	62	62	0.508370592150905	0.729159279982867
K07586	group	IBS-D	-0.124126402754887	0.186646552354732	62	62	0.508576677342408	0.729233083109394
K01756	group	IBS-D	0.0136786627758659	0.0205914505195471	62	62	0.509050641104222	0.729690827795597
K03387	group	IBS-D	-0.177825383331523	0.268050693573107	62	62	0.509614045313916	0.730054628706084
K03696	group	IBS-D	-0.0984169279783731	0.148351342502615	62	62	0.50961258304496	0.730054628706084
K03798	group	IBS-D	-0.0176443960863921	0.0266208594475174	62	62	0.509994757922621	0.730378159235676
K01631	group	IBS-D	-0.380169522169513	0.573906262510118	62	57	0.510235842649512	0.730501588929902
K01497	group	IBS-D	0.25870460427888903	0.391455298435483	62	62	0.511219551929441	0.730677281846906
K01902	group	IBS-D	-0.0549134145830961	0.0831050234556807	62	62	0.511288174320354	0.730677281846906
K01903	group	IBS-D	-0.0549134145830961	0.0831050234556807	62	62	0.511288174320354	0.730677281846906
K02040	group	IBS-D	-0.108027450531177	0.163214215991459	62	62	0.510585298429808	0.730677281846906
K02493	group	IBS-D	0.0132973535128844	0.0201057513498487	62	62	0.510906520954032	0.730677281846906
K07504	group	IBS-D	-0.390472600893837	0.590389868236831	62	62	0.510899964832384	0.730677281846906
K00262	group	IBS-D	0.0379932693119593	0.0576020027715459	62	62	0.512045694103914	0.73124539037161
K01464	group	IBS-D	0.186311588973234	0.282539675421997	62	62	0.512150874554162	0.73124539037161
K02446	group	IBS-D	-0.0631118107085431	0.0957014073149232	62	62	0.512120007290139	0.73124539037161
K00158	group	IBS-D	-0.159903793698178	0.242940002642642	62	62	0.512925510335716	0.732129753856911
K00005	group	IBS-D	-0.137255701763492	0.208680611821452	62	62	0.513226600658678	0.732337866476952
K01271	group	IBS-D	-0.100254484771952	0.152582642107996	62	62	0.513661056131475	0.732736098220217
K00568	group	IBS-D	0.246427798532035	0.375807500186421	62	62	0.51450527187623	0.733464183962893
K00574	group	IBS-D	-0.220113714820916	0.335784354204419	62	62	0.514638037475236	0.733464183962893
K03470	group	IBS-D	0.0132404783200287	0.0201872320222261	62	62	0.51440622184184	0.733464183962893
K01939	group	IBS-D	0.0135345755587383	0.0206612025702047	62	62	0.514925087190436	0.733651574377673
K01046	group	IBS-D	0.287489386263806	0.439218093250508	62	62	0.515260078349181	0.733907136664071
K00185	group	IBS-D	0.510125151709668	0.779869003963699	62	62	0.515536204824302	0.734003938793755
K00702	group	IBS-D	0.648468443186821	0.99197873596986	62	56	0.515794964623093	0.734003938793755
K01227	group	IBS-D	-0.165453736760491	0.253073844223348	62	62	0.515753704831265	0.734003938793755
K01255	group	IBS-D	0.154292525467041	0.237319760568262	62	62	0.518079524501398	0.736810324954341
K13059	group	IBS-D	0.599262819198084	0.921465460528589	62	57	0.517957292438131	0.736810324954341
K05589	group	IBS-D	0.159669734834522	0.246035677710916	62	62	0.51883431383814	0.737329531888767
K12293	group	IBS-D	-0.157563849292637	0.242677329731053	62	62	0.518639701466869	0.737329531888767
K15778	group	IBS-D	0.254011908971874	0.391482419984087	62	62	0.518913637900512	0.737329531888767
K17624	group	IBS-D	-0.167394344935495	0.258096177085926	62	62	0.51908875428495	0.737356194339706
K01531	group	IBS-D	-0.138341932400996	0.213476556134582	62	62	0.519429614264872	0.737396165223701
K07464	group	IBS-D	-0.191940700178537	0.296106497170074	62	62	0.51931891851328	0.737396165223701
K09861	group	IBS-D	0.0215001830581561	0.0331904851231783	62	62	0.519597408359054	0.737412391760849
K02075	group	IBS-D	0.254718753617877	0.394020662833627	62	62	0.520446486314294	0.737536676993491
K02456	group	IBS-D	-0.190932821167718	0.295476847847037	62	62	0.520623324366271	0.737536676993491
K06182	group	IBS-D	0.166994242972447	0.258352161286745	62	62	0.520496753572365	0.737536676993491
K09962	group	IBS-D	-0.1568883436786	0.242454092069077	62	62	0.520045132950075	0.737536676993491
K12292	group	IBS-D	-0.156854303081633	0.24272965431876	62	62	0.520607567131219	0.737536676993491
K16331	group	IBS-D	0.59592051904434	0.921537768262576	62	57	0.520318918732557	0.737536676993491
K01274	group	IBS-D	-0.156490729632268	0.242704151764936	62	62	0.521527661535674	0.738238913633361
K02045	group	IBS-D	0.202773896820277	0.314540657462272	62	62	0.521600432184991	0.738238913633361
K02531	group	IBS-D	-0.156667162130405	0.242874607342035	62	62	0.521351367635393	0.738238913633361
K03273	group	IBS-D	-0.0631391564115544	0.0979749437801574	62	62	0.521745186416453	0.738238913633361
K03924	group	IBS-D	-0.101563661449574	0.15778330474096	62	62	0.522228858229712	0.738480148549122
K05825	group	IBS-D	-0.232431320381533	0.360980443987127	62	62	0.522101228993478	0.738480148549122
K00057	group	IBS-D	0.0129758956093405	0.020188587955005	62	62	0.522845233240599	0.738604489317497
K01488	group	IBS-D	-0.107426211154751	0.167242195510388	62	62	0.52309987156922	0.738604489317497
K01992	group	IBS-D	-0.0487408583715756	0.0758620307448437	62	62	0.523000401328731	0.738604489317497
K13542	group	IBS-D	-0.144508550195201	0.224845753228639	62	62	0.522866737053574	0.738604489317497
K16957	group	IBS-D	-0.126748531623889	0.197209977249976	62	62	0.522861777930137	0.738604489317497
K00275	group	IBS-D	0.24994791759986	0.389366934056914	62	62	0.523361036474634	0.738752064655604
K00547	group	IBS-D	-0.200008670492583	0.311795235043259	62	62	0.523657514393611	0.738949382968363
K00720	group	IBS-D	0.273314355976988	0.433058381001238	62	62	0.530355208921211	0.7393499841359
K00870	group	IBS-D	0.273478352298253	0.433040236927576	62	62	0.530092152784624	0.7393499841359
K00946	group	IBS-D	0.0296641936236702	0.0466615699297723	62	62	0.527369408285627	0.7393499841359
K01121	group	IBS-D	0.273478352298253	0.433040236927576	62	62	0.530092152784624	0.7393499841359
K01269	group	IBS-D	0.273478352298253	0.433040236927576	62	62	0.530092152784624	0.7393499841359
K01303	group	IBS-D	0.27272769408342	0.427485584730707	62	62	0.525913500032567	0.7393499841359
K01436	group	IBS-D	-0.138241516072078	0.216406064154619	62	62	0.525380216840173	0.7393499841359
K02046	group	IBS-D	0.199875710481627	0.314541530604686	62	62	0.527550572221521	0.7393499841359
K02047	group	IBS-D	0.199795516202692	0.314539714867134	62	62	0.527713311822065	0.7393499841359
K02190	group	IBS-D	-0.145648467897359	0.228436883550285	62	62	0.526168050548792	0.7393499841359
K02230	group	IBS-D	-0.120093668166282	0.18884096443324	62	62	0.527226567438363	0.7393499841359
K02278	group	IBS-D	-0.430707883518606	0.673919808946393	62	62	0.525184835650452	0.7393499841359
K02316	group	IBS-D	0.0128821809346831	0.0202189489571698	62	62	0.526461231022677	0.7393499841359
K02850	group	IBS-D	0.273583736580703	0.432986371493736	62	62	0.529883163765272	0.7393499841359
K02878	group	IBS-D	0.0130769605972847	0.0207174334306392	62	62	0.53030343076652	0.7393499841359
K03075	group	IBS-D	0.0132073750694069	0.0206936315693991	62	62	0.525750096065865	0.7393499841359
K03287	group	IBS-D	0.273478352298253	0.433040236927576	62	62	0.530092152784624	0.7393499841359
K03311	group	IBS-D	0.0503521444083933	0.0793482457440071	62	62	0.528120152718259	0.7393499841359
K03315	group	IBS-D	0.0555769565604341	0.0872490652846725	62	62	0.526553125991446	0.7393499841359
K03583	group	IBS-D	0.237074875119137	0.373560046280057	62	62	0.528078051849703	0.7393499841359
K03823	group	IBS-D	-0.0583750853179405	0.0916293015075337	62	62	0.526496975111503	0.7393499841359
K03893	group	IBS-D	0.349577077879859	0.548622038298433	62	59	0.526424333719091	0.7393499841359
K04044	group	IBS-D	0.235794397015188	0.373674920259818	62	62	0.530427362652814	0.7393499841359
K04082	group	IBS-D	0.235794397015188	0.373674920259818	62	62	0.530427362652814	0.7393499841359
K04086	group	IBS-D	-0.153642388553536	0.242942187637914	62	62	0.529512834533905	0.7393499841359
K05592	group	IBS-D	-0.0681344579867338	0.10664748923927	62	62	0.525335440998357	0.7393499841359
K06015	group	IBS-D	0.259909622789827	0.408112435445409	62	62	0.526639891398955	0.7393499841359
K07571	group	IBS-D	-0.203388407050611	0.317751333427179	62	62	0.52455307081889	0.7393499841359
K07644	group	IBS-D	0.333935704228284	0.524295909174896	62	58	0.526598281775464	0.7393499841359
K07645	group	IBS-D	0.238964777807342	0.373772792184994	62	62	0.525040683230431	0.7393499841359
K08068	group	IBS-D	-0.538799936096416	0.853434745008476	62	57	0.530221931990751	0.7393499841359
K08298	group	IBS-D	0.504340117565357	0.799444775393117	62	38	0.530525942815073	0.7393499841359
K09685	group	IBS-D	-0.134849118211038	0.213256019384432	62	62	0.529570749477041	0.7393499841359
K09862	group	IBS-D	0.2380303446868	0.374403578860488	62	62	0.527351274287804	0.7393499841359
K11707	group	IBS-D	-0.14593560703456	0.231081494486013	62	62	0.530090832650801	0.7393499841359
K11708	group	IBS-D	-0.146511513425946	0.230502746139779	62	62	0.52744290256752	0.7393499841359
K11710	group	IBS-D	-0.146772015961898	0.230491496277195	62	62	0.526691291141886	0.7393499841359
K12733	group	IBS-D	-0.553852465473147	0.875332752043387	62	56	0.529311744902372	0.7393499841359
K12943	group	IBS-D	0.486365911672471	0.761830120194931	62	12	0.525631160630942	0.7393499841359
K13922	group	IBS-D	-0.277287952101846	0.435997237283111	62	62	0.527204420658302	0.7393499841359
K16789	group	IBS-D	-0.167799189637954	0.265006952881887	62	62	0.529017117840983	0.7393499841359
K19091	group	IBS-D	0.170456042262509	0.268649716814727	62	62	0.528171868674228	0.7393499841359
K02946	group	IBS-D	0.0127480251650453	0.0202848202308827	62	62	0.532093346857246	0.741096344884458
K09710	group	IBS-D	-0.0339880406763244	0.0540639332874157	62	62	0.531955209833048	0.741096344884458
K06886	group	IBS-D	0.246606929605539	0.392755620032668	62	62	0.532459288340298	0.741387069327678
K04749	group	IBS-D	0.154825645168561	0.246768016121051	62	62	0.532768575783565	0.741598761332732
K00383	group	IBS-D	-0.145637006640695	0.234686830299475	62	62	0.537240007582617	0.74167635159218
K00634	group	IBS-D	0.2119599853731	0.33910626038301	62	62	0.534305165484264	0.74167635159218
K00639	group	IBS-D	0.116140178568468	0.186628918817509	62	62	0.53609895849315	0.74167635159218
K01453	group	IBS-D	-0.364719836161084	0.583139738216638	62	57	0.534053051072382	0.74167635159218
K01525	group	IBS-D	0.23171590055521	0.373550850399565	62	62	0.53740524267747	0.74167635159218
K02063	group	IBS-D	0.222738199609011	0.356887850738474	62	62	0.534919524925185	0.74167635159218
K02494	group	IBS-D	0.232002028012257	0.373560409852842	62	62	0.536914948251735	0.74167635159218
K02656	group	IBS-D	0.232998787666757	0.37358927894853	62	62	0.535204118644656	0.74167635159218
K03043	group	IBS-D	0.0126075972692786	0.0203169495293737	62	62	0.537248600084143	0.74167635159218
K03496	group	IBS-D	-0.0648444050217094	0.103700045466369	62	62	0.534140502296684	0.74167635159218
K03557	group	IBS-D	0.232002028012257	0.373560409852842	62	62	0.536914948251735	0.74167635159218
K03576	group	IBS-D	0.231659579200067	0.37358635141828	62	62	0.537542359996198	0.74167635159218
K03586	group	IBS-D	0.23278407411012	0.373477516223577	62	62	0.535457469129425	0.74167635159218
K03600	group	IBS-D	0.23171590055521	0.373550850399565	62	62	0.53740524267747	0.74167635159218
K03656	group	IBS-D	0.232002028012257	0.373560409852842	62	62	0.536914948251735	0.74167635159218
K03716	group	IBS-D	0.248435200730336	0.39881527610501	62	62	0.535689193106829	0.74167635159218
K03796	group	IBS-D	0.270324107870091	0.43365160080105	62	62	0.535405934823872	0.74167635159218
K03806	group	IBS-D	0.232273047246891	0.373534068465177	62	62	0.536412292485522	0.74167635159218
K06186	group	IBS-D	0.23171590055521	0.373550850399565	62	62	0.53740524267747	0.74167635159218
K06189	group	IBS-D	0.23171590055521	0.373550850399565	62	62	0.53740524267747	0.74167635159218
K06916	group	IBS-D	0.243652838973369	0.392344909379072	62	62	0.536940632702072	0.74167635159218
K07120	group	IBS-D	0.257711249279675	0.414956457845584	62	62	0.536915031946792	0.74167635159218
K07320	group	IBS-D	0.23171590055521	0.373550850399565	62	62	0.53740524267747	0.74167635159218
K09472	group	IBS-D	0.356467195271165	0.573030786528047	62	56	0.536250462085799	0.74167635159218
K09801	group	IBS-D	0.23176361189182	0.37352307620165	62	62	0.537291578001288	0.74167635159218
K09889	group	IBS-D	0.231718910823254	0.373551562701607	62	62	0.537400747256327	0.74167635159218
K10763	group	IBS-D	0.231986624102648	0.373544118320719	62	62	0.536924195964906	0.74167635159218
K13888	group	IBS-D	-0.0603083909885557	0.0967229404902053	62	62	0.535308116341977	0.74167635159218
K15724	group	IBS-D	0.231986624102648	0.373544118320719	62	62	0.536924195964906	0.74167635159218
K19140	group	IBS-D	0.351532369660241	0.565124822511089	62	62	0.536269803237753	0.74167635159218
K07262	group	IBS-D	0.231520230196658	0.373617588351068	62	62	0.537820185165218	0.741842642070538
K04748	group	IBS-D	-0.263067037249391	0.424866123120559	62	13	0.538144231743433	0.742072572193577
K00313	group	IBS-D	-0.202254803884704	0.327191662248713	62	62	0.538813381010958	0.742302854211318
K02189	group	IBS-D	-0.144942004699661	0.234444818503091	62	62	0.538760255660814	0.742302854211318
K02904	group	IBS-D	0.012777784063807	0.0206854358006934	62	62	0.539098234875692	0.742302854211318
K06925	group	IBS-D	0.0125361791690879	0.0202941258291868	62	62	0.539094534920325	0.742302854211318
K18981	group	IBS-D	-0.347956852707605	0.562975873659816	62	57	0.538870228852742	0.742302854211318
K01916	group	IBS-D	0.0559277733712543	0.0906149786945333	62	62	0.539436578237646	0.742391970763562
K02478	group	IBS-D	0.266968808684212	0.432590782329086	62	62	0.5394777955485	0.742391970763562
K19294	group	IBS-D	0.200564134441367	0.325127357155751	62	62	0.539648600115657	0.742410384523174
K00242	group	IBS-D	0.235089545056173	0.39526478230077	62	62	0.554237174056511	0.742918340961681
K00380	group	IBS-D	0.22097789215924	0.368034273739477	62	62	0.550482671811222	0.742918340961681
K00705	group	IBS-D	-0.056435949896328	0.0939650777468921	62	62	0.550364799264158	0.742918340961681
K00806	group	IBS-D	0.0119855936743484	0.0202855427079282	62	62	0.556844091252425	0.742918340961681
K00812	group	IBS-D	0.127183573850895	0.210602455296142	62	62	0.548184348594505	0.742918340961681
K00954	group	IBS-D	0.011989361126379	0.0202847982582941	62	62	0.556706023716211	0.742918340961681
K00962	group	IBS-D	0.0122599304413935	0.0202903942267819	62	62	0.547973142689639	0.742918340961681
K01154	group	IBS-D	0.0510541855343188	0.0855728496731868	62	62	0.553007909864489	0.742918340961681
K01192	group	IBS-D	0.382929832890475	0.631307139623949	62	62	0.546426885702737	0.742918340961681
K01218	group	IBS-D	-0.260327191214778	0.436223288213368	62	62	0.552902795243436	0.742918340961681
K01467	group	IBS-D	-0.143791241216749	0.235107284588567	62	62	0.543114008572695	0.742918340961681
K01479	group	IBS-D	0.25654968449289	0.425481103194469	62	62	0.548805253665226	0.742918340961681
K01589	group	IBS-D	-0.134164697502966	0.220532921335961	62	62	0.54524111208478	0.742918340961681
K01611	group	IBS-D	-0.0811580703281186	0.135427395039211	62	62	0.551246632847301	0.742918340961681
K01678	group	IBS-D	-0.183120892581794	0.303694270135683	62	62	0.54879599561447	0.742918340961681
K01754	group	IBS-D	-0.043027446416854	0.0708955012434504	62	62	0.546198080230984	0.742918340961681
K01809	group	IBS-D	-0.0536136922483148	0.0900758481878689	62	62	0.553944082224568	0.742918340961681
K01868	group	IBS-D	0.0119903114854042	0.0202856662025136	62	62	0.556691672868711	0.742918340961681
K01875	group	IBS-D	0.0119883230590289	0.0202848342115833	62	62	0.556740784758584	0.742918340961681
K01890	group	IBS-D	0.0119883230590289	0.0202848342115833	62	62	0.556740784758584	0.742918340961681
K01919	group	IBS-D	0.180618742365848	0.305077744457965	62	62	0.556047145845598	0.742918340961681
K01963	group	IBS-D	0.102769362444939	0.168238581428863	62	62	0.543602877661207	0.742918340961681
K02357	group	IBS-D	0.0119883230590289	0.0202848342115833	62	62	0.556740784758584	0.742918340961681
K02520	group	IBS-D	0.0123313278630918	0.0204175147548593	62	62	0.548148186968534	0.742918340961681
K02533	group	IBS-D	0.238188148006938	0.398199291812931	62	62	0.551982408703119	0.742918340961681
K02558	group	IBS-D	0.225563374491465	0.372840844914648	62	62	0.547469864017144	0.742918340961681
K02563	group	IBS-D	0.0119679718058564	0.0202852157168093	62	62	0.557416203217375	0.742918340961681
K02600	group	IBS-D	0.0119979850953455	0.020284327336993	62	62	0.556413933952866	0.742918340961681
K02779	group	IBS-D	-0.13905047469345	0.225916886020604	62	62	0.540556295412356	0.742918340961681
K02798	group	IBS-D	-0.162027581540778	0.268013244226212	62	62	0.547757044704674	0.742918340961681
K02834	group	IBS-D	0.012002315890909	0.0202837810508747	62	62	0.556261262634486	0.742918340961681
K02835	group	IBS-D	0.0119556736498468	0.0202845891267828	62	62	0.55780794753427	0.742918340961681
K02836	group	IBS-D	0.0119883230590289	0.0202848342115833	62	62	0.556740784758584	0.742918340961681
K02838	group	IBS-D	0.0119883230590289	0.0202848342115833	62	62	0.556740784758584	0.742918340961681
K02849	group	IBS-D	0.0818639850866702	0.138144604678808	62	62	0.555678242802039	0.742918340961681
K02860	group	IBS-D	0.0119883230590289	0.0202848342115833	62	62	0.556740784758584	0.742918340961681
K02864	group	IBS-D	0.0119883230590289	0.0202848342115833	62	62	0.556740784758584	0.742918340961681
K02867	group	IBS-D	0.0126324108695198	0.0206974311897855	62	62	0.54394345252396	0.742918340961681
K02876	group	IBS-D	0.0126324108695198	0.0206974311897855	62	62	0.54394345252396	0.742918340961681
K02884	group	IBS-D	0.0119515461508559	0.0202845374445003	62	62	0.557942530774401	0.742918340961681
K02886	group	IBS-D	0.0119883230590289	0.0202848342115833	62	62	0.556740784758584	0.742918340961681
K02887	group	IBS-D	0.0119883230590289	0.0202848342115833	62	62	0.556740784758584	0.742918340961681
K02888	group	IBS-D	0.0120075717739523	0.0202853524130645	62	62	0.556119375908376	0.742918340961681
K02890	group	IBS-D	0.0126324108695198	0.0206974311897855	62	62	0.54394345252396	0.742918340961681
K02892	group	IBS-D	0.0119883230590289	0.0202848342115833	62	62	0.556740784758584	0.742918340961681
K02899	group	IBS-D	0.0119883230590289	0.0202848342115833	62	62	0.556740784758584	0.742918340961681
K02906	group	IBS-D	0.0119883230590289	0.0202848342115833	62	62	0.556740784758584	0.742918340961681
K02916	group	IBS-D	0.0119883230590289	0.0202848342115833	62	62	0.556740784758584	0.742918340961681
K02926	group	IBS-D	0.0119556736498468	0.0202845891267828	62	62	0.55780794753427	0.742918340961681
K02931	group	IBS-D	0.0119883230590289	0.0202848342115833	62	62	0.556740784758584	0.742918340961681
K02933	group	IBS-D	0.0119883230590289	0.0202848342115833	62	62	0.556740784758584	0.742918340961681
K02939	group	IBS-D	0.0119883230590289	0.0202848342115833	62	62	0.556740784758584	0.742918340961681
K02950	group	IBS-D	0.0119883230590289	0.0202848342115833	62	62	0.556740784758584	0.742918340961681
K02952	group	IBS-D	0.0126324108695198	0.0206974311897855	62	62	0.54394345252396	0.742918340961681
K02959	group	IBS-D	0.0119777379376663	0.0200825418444462	62	62	0.553134787133304	0.742918340961681
K02961	group	IBS-D	0.0126919694752122	0.020697935720969	62	62	0.542061844304174	0.742918340961681
K02963	group	IBS-D	0.0119883230590289	0.0202848342115833	62	62	0.556740784758584	0.742918340961681
K02967	group	IBS-D	0.0119883230590289	0.0202848342115833	62	62	0.556740784758584	0.742918340961681
K02982	group	IBS-D	0.0119883230590289	0.0202848342115833	62	62	0.556740784758584	0.742918340961681
K02986	group	IBS-D	0.0119934938564007	0.020285226808448	62	62	0.556578733486857	0.742918340961681
K02988	group	IBS-D	0.0119883230590289	0.0202848342115833	62	62	0.556740784758584	0.742918340961681
K02990	group	IBS-D	0.0120786028635379	0.0202901506612312	62	62	0.553885773694775	0.742918340961681
K02992	group	IBS-D	0.0119883230590289	0.0202848342115833	62	62	0.556740784758584	0.742918340961681
K02994	group	IBS-D	0.0119883230590289	0.0202848342115833	62	62	0.556740784758584	0.742918340961681
K03089	group	IBS-D	0.224038061989956	0.373626443428813	62	62	0.551009861247894	0.742918340961681
K03106	group	IBS-D	0.0119676867448365	0.0202845779786818	62	62	0.557413208804783	0.742918340961681
K03192	group	IBS-D	-0.352170524937877	0.581363882628096	62	58	0.546954886345054	0.742918340961681
K03286	group	IBS-D	-0.0814842950390925	0.134494879715421	62	62	0.546896722072051	0.742918340961681
K03405	group	IBS-D	-0.204798253714343	0.339888027634916	62	62	0.549081207968238	0.742918340961681
K03501	group	IBS-D	0.0120168997210538	0.0202861953619302	62	62	0.555829871184746	0.742918340961681
K03524	group	IBS-D	-0.0587753411716242	0.0979898225663227	62	62	0.550891003500563	0.742918340961681
K03550	group	IBS-D	0.0119883230590289	0.0202848342115833	62	62	0.556740784758584	0.742918340961681
K03551	group	IBS-D	0.0119883230590289	0.0202848342115833	62	62	0.556740784758584	0.742918340961681
K03553	group	IBS-D	0.0119883230590289	0.0202848342115833	62	62	0.556740784758584	0.742918340961681
K03595	group	IBS-D	0.0121514853886471	0.0202947010671761	62	62	0.551592447502298	0.742918340961681
K03596	group	IBS-D	0.0124316288133763	0.0203042301367566	62	62	0.542673982492214	0.742918340961681
K03625	group	IBS-D	0.012177944290046	0.0203750408107906	62	62	0.552296511597103	0.742918340961681
K03643	group	IBS-D	0.226698850384435	0.373589255810285	62	62	0.546264369307284	0.742918340961681
K03702	group	IBS-D	0.0119883230590289	0.0202848342115833	62	62	0.556740784758584	0.742918340961681
K03703	group	IBS-D	0.0119841955600383	0.0202847826619421	62	62	0.556875237654752	0.742918340961681
K03832	group	IBS-D	0.0888298716324056	0.145793654411255	62	62	0.544635924454377	0.742918340961681
K03977	group	IBS-D	0.0119883230590289	0.0202848342115833	62	62	0.556740784758584	0.742918340961681
K03979	group	IBS-D	0.0119883230590289	0.0202848342115833	62	62	0.556740784758584	0.742918340961681
K04078	group	IBS-D	0.0119476974495463	0.0202797553838281	62	62	0.557976412995393	0.742918340961681
K05527	group	IBS-D	0.226622687213705	0.3735881978528	62	62	0.546397657148241	0.742918340961681
K05934	group	IBS-D	-0.145272296715019	0.24052844450994	62	62	0.548139559457167	0.742918340961681
K06190	group	IBS-D	0.226627577518324	0.373591165170976	62	62	0.546392202782053	0.742918340961681
K06213	group	IBS-D	0.104261528427353	0.170255204161599	62	62	0.542597844675119	0.742918340961681
K06284	group	IBS-D	0.242238460634963	0.405740098704031	62	62	0.552734613628536	0.742918340961681
K06317	group	IBS-D	-0.379537003670746	0.642431621242821	62	62	0.556885483019922	0.742918340961681
K06941	group	IBS-D	0.0120114736908119	0.020292634010539	62	62	0.556132761817361	0.742918340961681
K06942	group	IBS-D	0.0119883230590289	0.0202848342115833	62	62	0.556740784758584	0.742918340961681
K06980	group	IBS-D	-0.160818897223879	0.262930492384875	62	62	0.543086441211189	0.742918340961681
K07018	group	IBS-D	0.243013671913895	0.395562315633534	62	62	0.541306800259855	0.742918340961681
K07033	group	IBS-D	0.445058701287356	0.72868228015519	62	59	0.543657431471614	0.742918340961681
K07278	group	IBS-D	0.226157553024635	0.373601978853754	62	62	0.547233675051662	0.742918340961681
K07699	group	IBS-D	-0.379352277403842	0.634665508066209	62	60	0.552276161330697	0.742918340961681
K07794	group	IBS-D	0.251138243975811	0.425327736469186	62	62	0.557101042062754	0.742918340961681
K08297	group	IBS-D	0.483850041089069	0.792702696865594	62	38	0.543915113113684	0.742918340961681
K08300	group	IBS-D	-0.161091323542552	0.262930834225373	62	62	0.542406090986347	0.742918340961681
K09022	group	IBS-D	0.0537123150869881	0.0905409212797708	62	62	0.555251602732434	0.742918340961681
K09134	group	IBS-D	-0.0908904865268651	0.149181032063512	62	62	0.544650324187607	0.742918340961681
K09159	group	IBS-D	0.226520210114775	0.37360059747959	62	62	0.546591817940309	0.742918340961681
K09748	group	IBS-D	0.0121843803569208	0.0202947055834564	62	62	0.550519154102928	0.742918340961681
K09777	group	IBS-D	-0.206714889944944	0.349897677624931	62	62	0.556882326722708	0.742918340961681
K09903	group	IBS-D	0.0119883230590289	0.0202848342115833	62	62	0.556740784758584	0.742918340961681
K11928	group	IBS-D	-0.0531260035005744	0.0887060961312688	62	62	0.55149472897959	0.742918340961681
K13771	group	IBS-D	0.236906509683664	0.3969287974832	62	62	0.552853844367289	0.742918340961681
K14058	group	IBS-D	0.229007442870715	0.37358604886506	62	62	0.542194461864241	0.742918340961681
K17722	group	IBS-D	-0.34327230155871	0.570605904593704	62	53	0.549711761759373	0.742918340961681
K17733	group	IBS-D	0.270114574322234	0.457930210114642	62	62	0.557499626508355	0.742918340961681
K18574	group	IBS-D	0.384280037999845	0.623999805012135	62	62	0.540333585694372	0.742918340961681
K18702	group	IBS-D	-0.344459711587539	0.570673435594322	62	53	0.548383448243506	0.742918340961681
K19139	group	IBS-D	0.331625011516687	0.554398373797114	62	62	0.551977236307257	0.742918340961681
K11382	group	IBS-D	0.332457353892776	0.564583429890476	62	62	0.558169553635905	0.742965739471332
K01925	group	IBS-D	0.011937454941721	0.0202847758639578	62	62	0.55841014645109	0.743076255830514
K07054	group	IBS-D	-0.0643227443328596	0.109433530236242	62	62	0.558886357915634	0.743500159077611
K01689	group	IBS-D	0.0119132934721133	0.0202897857849701	62	62	0.559301222035117	0.74384223438173
K01200	group	IBS-D	-0.146001619571128	0.248953361298652	62	62	0.559765303773693	0.744039789345191
K06179	group	IBS-D	0.111590644113614	0.190271183471361	62	62	0.559751706559989	0.744039789345191
K01889	group	IBS-D	0.0118724936563836	0.020287916709973	62	62	0.56060760173008	0.744209324065303
K02871	group	IBS-D	0.0119982391423216	0.0204950205556608	62	62	0.560459380279047	0.744209324065303
K02996	group	IBS-D	0.0119982391423216	0.0204950205556608	62	62	0.560459380279047	0.744209324065303
K04564	group	IBS-D	0.0516667360975484	0.0882574347492827	62	62	0.560467868624602	0.744209324065303
K15586	group	IBS-D	-0.214805620243832	0.367133213672274	62	62	0.560681876251913	0.744209324065303
K01873	group	IBS-D	0.0118628419748093	0.0202837644463899	62	62	0.560845440806151	0.744216966472089
K18427	group	IBS-D	-0.441094458984706	0.754742024140602	62	61	0.561121684485789	0.744374082710262
K00332	group	IBS-D	-0.144293531046417	0.248074412067735	62	62	0.562978627557565	0.744379664585141
K00333	group	IBS-D	-0.144293531046417	0.248074412067735	62	62	0.562978627557565	0.744379664585141
K00762	group	IBS-D	0.0137932278558102	0.0237163122254101	62	62	0.563019988035453	0.744379664585141
K00927	group	IBS-D	0.0118129610326826	0.0202745375552407	62	62	0.562312251428086	0.744379664585141
K01698	group	IBS-D	-0.0523242865884677	0.0898071348165624	62	62	0.562326018030477	0.744379664585141
K02874	group	IBS-D	0.0118419622411224	0.0202981685449154	62	62	0.561810351361557	0.744379664585141
K02881	group	IBS-D	0.0118419622411224	0.0202981685449154	62	62	0.561810351361557	0.744379664585141
K02895	group	IBS-D	0.0118377117984114	0.0202982494402018	62	62	0.561951931381386	0.744379664585141
K06202	group	IBS-D	0.214974323671992	0.369521911274587	62	62	0.562905556868685	0.744379664585141
K07118	group	IBS-D	-0.104030360419815	0.17843540258521	62	62	0.562068750702774	0.744379664585141
K07494	group	IBS-D	-0.145841925200875	0.250728272761762	62	62	0.562965907342307	0.744379664585141
K18930	group	IBS-D	-0.180077225091063	0.309335199654543	62	62	0.562651726110199	0.744379664585141
K15539	group	IBS-D	0.214509799998874	0.369246447687678	62	62	0.563457213808418	0.744748940672785
K00154	group	IBS-D	-0.34650278077173	0.59741981973936	62	58	0.564087218398437	0.745372743616427
K01677	group	IBS-D	-0.176174037893832	0.304244628238029	62	62	0.564720477280016	0.74600049603713
K01583	group	IBS-D	-0.143647525635213	0.248205958706332	62	62	0.564928737910386	0.746066627831247
K07104	group	IBS-D	-0.100927650073594	0.174467043921522	62	62	0.565097751940868	0.746080906537832
K00769	group	IBS-D	-0.220530535858268	0.381887574966339	62	62	0.56577939303011	0.746145306915547
K01858	group	IBS-D	0.19915961295165	0.344618919790374	62	62	0.56548582758923	0.746145306915547
K05919	group	IBS-D	-0.193842631486085	0.335306954077606	62	62	0.565356754591586	0.746145306915547
K06162	group	IBS-D	-0.389045500294077	0.673594229588354	62	61	0.565717975802284	0.746145306915547
K07326	group	IBS-D	-0.571296265329187	0.989754916292265	62	62	0.565957348371477	0.746171332099493
K00549	group	IBS-D	-0.104732291252891	0.181772382406877	62	62	0.566653540363978	0.746880407030889
K00529	group	IBS-D	-0.353979483542256	0.615398532138216	62	58	0.56730446121662	0.747529432550316
K00459	group	IBS-D	0.13422848008248	0.233635953343669	62	62	0.567764019437814	0.747759685485193
K01414	group	IBS-D	0.216791224335463	0.377975663468202	62	62	0.568410202934181	0.747759685485193
K01491	group	IBS-D	0.011628984382893	0.0202781657618282	62	62	0.568467701735078	0.747759685485193
K01779	group	IBS-D	-0.131256915417624	0.229738441729821	62	62	0.569908676532914	0.747759685485193
K02171	group	IBS-D	-0.473576758893144	0.826724152498184	62	55	0.568896809155024	0.747759685485193
K02339	group	IBS-D	0.210642294677871	0.369398255671213	62	62	0.570650362184311	0.747759685485193
K02954	group	IBS-D	0.0113999979380049	0.0199038799853934	62	62	0.568952471818482	0.747759685485193
K03308	group	IBS-D	0.0732390034809949	0.127887823624067	62	62	0.569000207408736	0.747759685485193
K03808	group	IBS-D	0.210086016015898	0.368388982864989	62	62	0.570615171466096	0.747759685485193
K05964	group	IBS-D	0.247433831628023	0.431418704495115	62	62	0.56842596772811	0.747759685485193
K07122	group	IBS-D	0.211000488433939	0.369345738830201	62	62	0.569942475924534	0.747759685485193
K07496	group	IBS-D	0.229464858659631	0.400888374911221	62	62	0.569195822636932	0.747759685485193
K07678	group	IBS-D	-0.499895620006773	0.875815675132271	62	61	0.570282305938071	0.747759685485193
K08305	group	IBS-D	0.210620659025294	0.368529311025811	62	62	0.569784279541377	0.747759685485193
K08310	group	IBS-D	0.211472230047332	0.370309418227312	62	62	0.570085765192293	0.747759685485193
K08989	group	IBS-D	0.0785035452881199	0.136874307419295	62	62	0.56841955033921	0.747759685485193
K09771	group	IBS-D	-0.19148176433105	0.334396277764853	62	62	0.569042123753852	0.747759685485193
K11145	group	IBS-D	-0.0918524024623959	0.160897076878197	62	62	0.570215242969371	0.747759685485193
K13634	group	IBS-D	0.21088714673507	0.369402825530212	62	62	0.570208574219371	0.747759685485193
K13747	group	IBS-D	0.0922382262034061	0.161730642138777	62	62	0.57059029110287	0.747759685485193
K01876	group	IBS-D	0.0115450773807929	0.0202721105097759	62	62	0.57113927384478	0.748031273156368
K06215	group	IBS-D	-0.0886046902031267	0.155596233932268	62	62	0.571174854672621	0.748031273156368
K02507	group	IBS-D	-0.140474846620378	0.246868539928708	62	62	0.571461886874689	0.748199405469471
K01185	group	IBS-D	0.184528209937326	0.325121037170036	62	62	0.572446205549266	0.748677204683254
K03071	group	IBS-D	0.208860904869996	0.368092118549039	62	62	0.572549436221729	0.748677204683254
K03664	group	IBS-D	0.0115128738405708	0.0202657439050423	62	62	0.572090233599469	0.748677204683254
K13954	group	IBS-D	-0.530222227576664	0.933836275041023	62	60	0.572296703828621	0.748677204683254
K19159	group	IBS-D	-0.109749341597984	0.193455900064795	62	62	0.57262058466762	0.748677204683254
K02428	group	IBS-D	0.0337102848635402	0.0594842723453318	62	62	0.573025720270327	0.748933058764571
K11709	group	IBS-D	-0.130308590353569	0.230004091043534	62	62	0.573133886573651	0.748933058764571
K00290	group	IBS-D	0.0916749882477296	0.162056571816542	62	62	0.573709040177116	0.749476962181518
K01007	group	IBS-D	-0.0547308052116267	0.0969198156472003	62	62	0.574381781829205	0.749515416023531
K01442	group	IBS-D	-0.122004186272377	0.216079308086539	62	62	0.57443249890191	0.749515416023531
K02011	group	IBS-D	-0.082632817107675	0.146393387249524	62	62	0.574547135264218	0.749515416023531
K02519	group	IBS-D	0.0128468967463111	0.0227551451698334	62	62	0.574470225687353	0.749515416023531
K03969	group	IBS-D	-0.127178265942777	0.225206095747801	62	62	0.57436991678891	0.749515416023531
K07443	group	IBS-D	-0.23279039603515	0.412571206796804	62	62	0.574692057748323	0.749515416023531
K02498	group	IBS-D	0.208335447212218	0.369444791499772	62	62	0.574913840411017	0.749597365600872
K16088	group	IBS-D	0.222901254745823	0.395490271714178	62	62	0.575121834079641	0.749661296163513
K00368	group	IBS-D	0.207530386556345	0.368889772693412	62	62	0.575816271373261	0.749787038497499
K01601	group	IBS-D	-0.183878510107314	0.326566649525849	62	62	0.575488238252126	0.749787038497499
K07139	group	IBS-D	0.0760234413912077	0.135146800845455	62	62	0.575854252213304	0.749787038497499
K07403	group	IBS-D	-0.189858310238398	0.337309942944099	62	62	0.575627412452555	0.749787038497499
K00248	group	IBS-D	0.169953885542632	0.302438343428948	62	62	0.576246411242197	0.750090553524207
K03841	group	IBS-D	0.206881789731393	0.36831504748692	62	62	0.576414093905901	0.750101784453706
K07219	group	IBS-D	-0.489152830381558	0.872601745015486	62	52	0.577179242427846	0.750683206643607
K18248	group	IBS-D	0.211097749715943	0.376495096345649	62	12	0.57709546681662	0.750683206643607
K03310	group	IBS-D	0.0401634657239735	0.0717181717210575	62	62	0.577552130955859	0.750961083426476
K01835	group	IBS-D	0.0262964443826295	0.047008019946143	62	62	0.577968766080378	0.751295672777029
K02821	group	IBS-D	-0.044663196365996	0.079879073634044	62	62	0.57815063783849	0.751324995328278
K06409	group	IBS-D	-0.18729534013768	0.335375756398176	62	62	0.578605707266584	0.751709232911628
K00982	group	IBS-D	-0.146722409843638	0.263080884379601	62	62	0.57911851278473	0.751904504669621
K00996	group	IBS-D	0.235852725278606	0.423091195388424	62	62	0.579292999185337	0.751904504669621
K01881	group	IBS-D	0.0112876695368822	0.0202611657393045	62	62	0.579525612328797	0.751904504669621
K02911	group	IBS-D	0.0110978890779583	0.0199219661729389	62	62	0.579553196453366	0.751904504669621
K11203	group	IBS-D	-0.250634136495645	0.449322997619286	62	62	0.579053656033942	0.751904504669621
K00163	group	IBS-D	-0.146235497324059	0.262781969145597	62	62	0.579945736133208	0.752007671704859
K03274	group	IBS-D	0.0579696308675946	0.104171775895029	62	62	0.579951633161699	0.752007671704859
K01507	group	IBS-D	-0.140802148608842	0.253408802569528	62	62	0.580528155062296	0.752341516700683
K03620	group	IBS-D	-0.192589060902397	0.346555828050789	62	62	0.580466587406288	0.752341516700683
K00382	group	IBS-D	0.0571788212622948	0.103140350528133	62	62	0.58138023267372	0.753031908071756
K09123	group	IBS-D	-0.443356620166155	0.799622989413068	62	11	0.581327000181588	0.753031908071756
K06923	group	IBS-D	0.137065134076711	0.247765945858932	62	62	0.582179183070158	0.753628738539442
K07735	group	IBS-D	0.202044150521562	0.365362438586811	62	62	0.582320424774751	0.753628738539442
K16300	group	IBS-D	-0.411167515659281	0.742922429823902	62	24	0.582014543561174	0.753628738539442
K09704	group	IBS-D	0.116246459232012	0.210468870830896	62	62	0.582779885687492	0.75380963820686
K13821	group	IBS-D	-0.146084402868612	0.264457789515435	62	62	0.582731730731035	0.75380963820686
K03449	group	IBS-D	-0.129387072568378	0.234501115326925	62	62	0.58316574927594	0.754101912142948
K00281	group	IBS-D	0.216447158501044	0.392505208735472	62	62	0.583372903654532	0.754162997158654
K07115	group	IBS-D	0.205472633463677	0.373241570300159	62	62	0.584014583517942	0.754785633288741
K01867	group	IBS-D	0.0111503099176489	0.0202650435811459	62	62	0.584208525469918	0.754829426333187
K02191	group	IBS-D	-0.125319958302919	0.227894792736847	62	62	0.584427404770335	0.754905406983539
K01000	group	IBS-D	0.0110918142500093	0.0202245613265864	62	62	0.585429662527116	0.755786008343246
K01892	group	IBS-D	0.0110918142500093	0.0202245613265864	62	62	0.585429662527116	0.755786008343246
K10544	group	IBS-D	-0.347883906308213	0.63471481652645	62	58	0.585660290627817	0.755876828297971
K00366	group	IBS-D	-0.176732680017617	0.322697935992742	62	62	0.585948699967579	0.755892079211812
K06926	group	IBS-D	-0.230178760512335	0.420335109286327	62	62	0.585992672094653	0.755892079211812
K06181	group	IBS-D	0.203812071787334	0.372922980482542	62	62	0.586731227467869	0.756637809335103
K01956	group	IBS-D	0.0221900382982262	0.0406303697119274	62	62	0.586991964836062	0.756767114862457
K02121	group	IBS-D	0.148257847561263	0.271964117814357	62	62	0.587679708253759	0.757239755225336
K07452	group	IBS-D	0.263709438254808	0.483640919293747	62	62	0.58759687428602	0.757239755225336
K01669	group	IBS-D	0.205087126115274	0.377050475143638	62	62	0.588508747272086	0.758100861003867
K00282	group	IBS-D	0.158785432292433	0.292143302574816	62	62	0.588786342052291	0.758251335095195
K02859	group	IBS-D	-0.166170926869258	0.306249559035515	62	62	0.589415301322775	0.758646987182916
K13288	group	IBS-D	-0.142754691683525	0.263093069988043	62	62	0.589414094461062	0.758646987182916
K06296	group	IBS-D	0.478165417793191	0.882787865555021	62	51	0.590062823168058	0.758859087554012
K09000	group	IBS-D	-0.572138317561992	1.05574778304391	62	41	0.589875724229112	0.758859087554012
K12111	group	IBS-D	-0.246441469211534	0.454954757008723	62	62	0.590042523125654	0.758859087554012
K00283	group	IBS-D	0.158139462398681	0.292095620187886	62	62	0.590239225380142	0.758879004060183
K09155	group	IBS-D	0.0658519798153119	0.121741766326799	62	62	0.590568633161146	0.759095577538284
K01802	group	IBS-D	0.0618362807659799	0.11448488106436	62	62	0.591109281312526	0.75958347974656
K00117	group	IBS-D	-0.314344113569363	0.584966504103269	62	57	0.592998731368531	0.759783492166868
K00950	group	IBS-D	0.036779797640102	0.068160923035159	62	62	0.591468275312149	0.759783492166868
K03617	group	IBS-D	0.117124108939508	0.217696463298523	62	62	0.592556442874509	0.759783492166868
K04755	group	IBS-D	0.198955783014021	0.370277594576413	62	62	0.593037115069178	0.759783492166868
K07082	group	IBS-D	0.0129426634295745	0.0240812044412881	62	62	0.592938331491548	0.759783492166868
K07390	group	IBS-D	0.200566964949097	0.37297879213111	62	62	0.592743110330987	0.759783492166868
K07642	group	IBS-D	-0.134681438502633	0.250068820035595	62	62	0.592171041051114	0.759783492166868
K11202	group	IBS-D	0.292643904466243	0.542562384476472	62	62	0.591625028116368	0.759783492166868
K13651	group	IBS-D	-0.439828031476531	0.81664108497458	62	51	0.592168082855786	0.759783492166868
K16299	group	IBS-D	0.409599930974564	0.76055805915594	62	23	0.59218864706945	0.759783492166868
K19221	group	IBS-D	-0.133428729930213	0.248307814470668	62	62	0.593011782841206	0.759783492166868
K00901	group	IBS-D	0.0994691617637296	0.185366854214707	62	62	0.593523250770339	0.760199796478251
K06297	group	IBS-D	0.479235199657684	0.896600878531219	62	51	0.594969257851858	0.761844968783428
K01174	group	IBS-D	-0.160823167551492	0.301306950672672	62	62	0.595485138969895	0.762057708898148
K02427	group	IBS-D	0.199055555650468	0.372932985613997	62	62	0.595481721269684	0.762057708898148
K05788	group	IBS-D	0.198963337538677	0.372900859708591	62	62	0.595620168574761	0.762057708898148
K00929	group	IBS-D	0.178856324716805	0.335857087529831	62	62	0.596320898207138	0.762747316502539
K00991	group	IBS-D	0.030472160076714	0.0573202975431416	62	62	0.596957548873122	0.763157184308625
K07662	group	IBS-D	-0.203556296095062	0.382911627649221	62	62	0.596964981534037	0.763157184308625
K05985	group	IBS-D	-0.087940371110805493	0.165802447482127	62	62	0.597797454494662	0.763370137397099
K07727	group	IBS-D	0.0832906870160079	0.157097619367617	62	62	0.597940900666854	0.763370137397099
K08369	group	IBS-D	0.145538203815085	0.274294227935749	62	62	0.597660306431835	0.763370137397099
K13292	group	IBS-D	-0.0326829756680204	0.0616149126902924	62	62	0.597765148268154	0.763370137397099
K14445	group	IBS-D	0.0505664189523538	0.0952110831547001	62	62	0.597311474385343	0.763370137397099
K06001	group	IBS-D	0.154818363071665	0.292702568745664	62	62	0.598807284679009	0.76426932464038
K00627	group	IBS-D	-0.103612239549541	0.196003074340337	62	62	0.599015285688172	0.764327945699518
K02518	group	IBS-D	0.0106852096032154	0.0202286907795744	62	62	0.599294636403269	0.764477550791944
K03613	group	IBS-D	0.114913503081547	0.217768693581943	62	62	0.59966332334697	0.76474100403037
K03820	group	IBS-D	-0.140777956824451	0.267476038689789	62	62	0.600606220997929	0.765663800224365
K07052	group	IBS-D	-0.0608574771943634	0.11566185809353	62	62	0.600711632915638	0.765663800224365
K05791	group	IBS-D	0.407655227131021	0.776029234881696	62	59	0.601304269479238	0.766212087236986
K01092	group	IBS-D	0.145103433569868	0.276759535795492	62	62	0.602005519366585	0.766898441202813
K02472	group	IBS-D	-0.415889760383809	0.79765231283964	62	57	0.60401281053957	0.769247748988553
K00254	group	IBS-D	-0.138699626629132	0.266147087991569	62	62	0.604188154183106	0.769263319418879
K01749	group	IBS-D	-0.0447124331062776	0.0858803209038377	62	62	0.604536063425808	0.769419806469319
K06306	group	IBS-D	-0.466427216721591	0.896130527461499	62	51	0.604637362759816	0.769419806469319
K05539	group	IBS-D	0.139737050234072	0.26869106174006	62	62	0.604931316779858	0.769586212552956
K09935	group	IBS-D	0.188575847572903	0.362917955868754	62	62	0.605247048454806	0.76978022667553
K07101	group	IBS-D	-0.136425065582982	0.263266929282032	62	62	0.606224088942811	0.770814991494822
K00971	group	IBS-D	0.100661695497983	0.194353514061614	62	62	0.606411052673737	0.770844885285538
K03152	group	IBS-D	0.0665071964170957	0.128558049770086	62	62	0.606826449794116	0.771165059883872
K04760	group	IBS-D	0.19137362490141	0.370632003800113	62	62	0.6075120052159	0.771828291109424
K03711	group	IBS-D	-0.0490613061958866	0.0953160603503691	62	62	0.60863804575905	0.773050639321217
K14155	group	IBS-D	-0.0966458437980471	0.188388152998219	62	62	0.609824976456152	0.774349647002481
K01056	group	IBS-D	0.0103841931192496	0.0202572630764995	62	62	0.610102172444325	0.774493094279257
K03559	group	IBS-D	-0.0350762711189314	0.0685372069165569	62	62	0.610680489288571	0.775018618806485
K00609	group	IBS-D	0.0223535854161467	0.0436983963660206	62	62	0.610848795418965	0.775023653267646
K12268	group	IBS-D	-0.19557141035279	0.383194727064186	62	62	0.611664272405906	0.775432448566197
K12269	group	IBS-D	-0.19557141035279	0.383194727064186	62	62	0.611664272405906	0.775432448566197
K15551	group	IBS-D	0.270516600899708	0.529702816008459	62	57	0.611438566791142	0.775432448566197
K01104	group	IBS-D	-0.0321920577377848	0.0631752655565682	62	62	0.612223735026671	0.775933118620205
K00763	group	IBS-D	0.022034779420604	0.0433063360168184	62	62	0.612750070632755	0.776366048931474
K02200	group	IBS-D	-0.199277365320144	0.391891401150306	62	62	0.612966375290781	0.776366048931474
K16153	group	IBS-D	0.461174423289314	0.907165947849089	62	60	0.613059195551486	0.776366048931474
K03601	group	IBS-D	-0.0454087271716288	0.0895476630272266	62	62	0.613950381847702	0.777077294899024
K08363	group	IBS-D	-0.194498329368688	0.383554819708575	62	62	0.613947646890281	0.777077294899024
K07723	group	IBS-D	0.405804753057681	0.802743732005491	62	56	0.615044252744766	0.778252936931666
K00284	group	IBS-D	-0.173156843142893	0.342866984682757	62	62	0.615390398849291	0.778371396507143
K07687	group	IBS-D	0.268063044137221	0.530907069596696	62	57	0.615467968103295	0.778371396507143
K00833	group	IBS-D	0.0570039320284802	0.113022387047605	62	62	0.615855887894914	0.778463308606075
K02304	group	IBS-D	-0.11775285228348	0.233589344258907	62	62	0.61603584981295	0.778463308606075
K13628	group	IBS-D	0.185406998883305	0.36773934166102	62	62	0.615981022888444	0.778463308606075
K00245	group	IBS-D	-0.192367977119454	0.382459439798551	62	62	0.616822437792179	0.778619114090708
K00246	group	IBS-D	-0.192367977119454	0.382459439798551	62	62	0.616822437792179	0.778619114090708
K00527	group	IBS-D	0.0129226125797662	0.0256992412211932	62	62	0.616917426933234	0.778619114090708
K03535	group	IBS-D	-0.50187397074524	0.996834078938285	62	60	0.616478804449047	0.778619114090708
K07345	group	IBS-D	-0.380201299602175	0.75625220654892	62	60	0.616984654231759	0.778619114090708
K06949	group	IBS-D	0.0105144512315971	0.0209509904898011	62	62	0.617603135024051	0.779191114171596
K09986	group	IBS-D	-0.452715468739734	0.903173578066767	62	59	0.618029548315216	0.779520553585065
K09948	group	IBS-D	-0.291468546120218	0.58237637333487	62	57	0.618567050773439	0.779989896108967
K01495	group	IBS-D	-0.0523650509851003	0.104694414111329	62	62	0.618784670023356	0.780055734784856
K01848	group	IBS-D	-0.17274766212801	0.345952883715082	62	62	0.619366901785792	0.780372511039753
K07590	group	IBS-D	-0.18013951423295	0.360701924799602	62	62	0.619314327486763	0.780372511039753
K18707	group	IBS-D	0.0795534277579897	0.159618148929824	62	62	0.620025428957703	0.780993569167875
K00948	group	IBS-D	-0.0116726186018325	0.0234509366033544	62	62	0.620482236976594	0.781360274921661
K00598	group	IBS-D	-0.276918091651486	0.556612327280893	62	57	0.620650531604784	0.781363563013391
K06204	group	IBS-D	0.182386762848782	0.3670460157313	62	62	0.621072386272976	0.781685981762305
K02182	group	IBS-D	0.392636087500849	0.794931485655692	62	38	0.623162937873272	0.782437810173149
K03399	group	IBS-D	-0.112921061100752	0.228562820399805	62	62	0.623076016890834	0.782437810173149
K03571	group	IBS-D	-0.0489059752181557	0.0989531769121758	62	62	0.622945969388416	0.782437810173149
K07793	group	IBS-D	0.209991407408529	0.424883835255498	62	62	0.622946661111178	0.782437810173149
K08161	group	IBS-D	-0.163773584172894	0.331038592757751	62	62	0.622599904185435	0.782437810173149
K08304	group	IBS-D	0.182717910935779	0.368874200145818	62	62	0.622169912047181	0.782437810173149
K09949	group	IBS-D	-0.121064602981239	0.244264372590185	62	62	0.621966447804736	0.782437810173149
K12996	group	IBS-D	-0.193938752704416	0.391896838802495	62	62	0.622497874800165	0.782437810173149
K13953	group	IBS-D	0.109579198060856	0.221748400340033	62	62	0.622997539370435	0.782437810173149
K00031	group	IBS-D	-0.105132230694114	0.213548056068107	62	62	0.624295572078389	0.783442766876446
K03833	group	IBS-D	-0.109567027515804	0.22249002751247	62	62	0.624192753649103	0.783442766876446
K02567	group	IBS-D	-0.187326545550005	0.382065123762383	62	62	0.625709826323289	0.783782975127768
K02568	group	IBS-D	-0.187713896856654	0.382442047489709	62	62	0.625337378262803	0.783782975127768
K02572	group	IBS-D	-0.188065093133437	0.382729065835913	62	62	0.624951029528456	0.783782975127768
K05970	group	IBS-D	0.1036949391754	0.210914632349395	62	62	0.624764794904477	0.783782975127768
K07286	group	IBS-D	-0.186443324687198	0.380117559519441	62	62	0.625577219886904	0.783782975127768
K14086	group	IBS-D	0.441579437509323	0.900683857241737	62	50	0.625730046937245	0.783782975127768
K14088	group	IBS-D	0.441579437509323	0.900683857241737	62	50	0.625730046937245	0.783782975127768
K12270	group	IBS-D	-0.187985879085962	0.383822053168911	62	62	0.626080195831548	0.784013330733293
K02570	group	IBS-D	-0.186719094109037	0.382070680511952	62	62	0.626833522830283	0.784123844474168
K03981	group	IBS-D	0.180381270039177	0.368629600674538	62	62	0.626392741119748	0.784123844474168
K06209	group	IBS-D	-0.112058264192321	0.2290837401139	62	62	0.62651292838007	0.784123844474168
K19242	group	IBS-D	-0.533220944217859	1.09066352224996	62	42	0.626697746281877	0.784123844474168
K02335	group	IBS-D	-0.00969881060875339	0.0198776596235646	62	62	0.627381146903082	0.784600766055406
K09125	group	IBS-D	0.0248926225287529	0.0510651015317843	62	62	0.627702842950885	0.784794964834669
K01849	group	IBS-D	-0.168715563249073	0.346738298756383	62	62	0.628329421082215	0.785040521522092
K01924	group	IBS-D	0.0098900626353335	0.0203388574382781	62	62	0.62855108230839	0.785040521522092
K03110	group	IBS-D	0.0098223982766654	0.0201846614562168	62	62	0.628295679541994	0.785040521522092
K07399	group	IBS-D	0.188299640932804	0.387252978085927	62	62	0.62856509950539	0.785040521522092
K00712	group	IBS-D	-0.186669569401805	0.384508951655278	62	62	0.629107369911133	0.785161666672645
K00761	group	IBS-D	0.00982325389990534	0.020220812804907	62	62	0.628879006085457	0.785161666672645
K02199	group	IBS-D	-0.191052032678435	0.393598434060686	62	62	0.62916156453688	0.785161666672645
K03070	group	IBS-D	0.010199671958129	0.021036651393966	62	62	0.629546504991602	0.785434210989523
K06423	group	IBS-D	0.431876940286404	0.89425107757898	62	50	0.630890081776169	0.786694242637867
K07406	group	IBS-D	-0.587828467495337	1.21671997054261	62	46	0.63076491245896	0.786694242637867
K08311	group	IBS-D	0.177460908620002	0.368675644898903	62	62	0.632020807583716	0.787895883839493
K10009	group	IBS-D	0.164063804512316	0.341090130616976	62	62	0.632267087258575	0.787994604522051
K00919	group	IBS-D	-0.047366983731957	0.0988173957037794	62	62	0.633440373004751	0.789141352406713
K03666	group	IBS-D	0.163577504118594	0.341338822356271	62	62	0.633521874514804	0.789141352406713
K03217	group	IBS-D	-0.0125636061996544	0.0262758279573458	62	62	0.634285929498669	0.789884458282473
K14170	group	IBS-D	-0.0348413100441163	0.0730048480054046	62	62	0.634920444833339	0.790465896999479
K00226	group	IBS-D	0.0930947384773841	0.196326602331325	62	62	0.637090569159919	0.790771446537286
K00641	group	IBS-D	-0.125546080384902	0.265163563337486	62	62	0.637598543636645	0.790771446537286
K00795	group	IBS-D	0.174279803017622	0.369545863773071	62	62	0.638919002214573	0.790771446537286
K00990	group	IBS-D	0.173458965213896	0.366307889224789	62	62	0.637551252394031	0.790771446537286
K01372	group	IBS-D	0.0789558381331409	0.167278207472328	62	62	0.638636685762846	0.790771446537286
K01716	group	IBS-D	-0.18104721251204	0.379919929349116	62	62	0.63542033061987	0.790771446537286
K01735	group	IBS-D	-0.0170416942875023	0.0358508407530428	62	62	0.636263577371342	0.790771446537286
K01935	group	IBS-D	0.0530270065427111	0.112280853970952	62	62	0.638446512398826	0.790771446537286
K02502	group	IBS-D	-0.0555824794471068	0.117564687687121	62	62	0.638084006397746	0.790771446537286
K03288	group	IBS-D	0.26359760854979	0.557864573416382	62	56	0.638275741142394	0.790771446537286
K03324	group	IBS-D	0.0784679999627224	0.166436330109009	62	62	0.63902247301815	0.790771446537286
K03607	group	IBS-D	-0.180900578531724	0.382907136129269	62	62	0.638326828166673	0.790771446537286
K03668	group	IBS-D	-0.39255245750952	0.829252787115215	62	59	0.637659267664952	0.790771446537286
K07474	group	IBS-D	-0.180775407105893	0.381869920454646	62	62	0.637649112824493	0.790771446537286
K11444	group	IBS-D	0.26359760854979	0.557864573416382	62	56	0.638275741142394	0.790771446537286
K13487	group	IBS-D	0.26359760854979	0.557864573416382	62	56	0.638275741142394	0.790771446537286
K13488	group	IBS-D	0.26359760854979	0.557864573416382	62	56	0.638275741142394	0.790771446537286
K13489	group	IBS-D	0.26359760854979	0.557864573416382	62	56	0.638275741142394	0.790771446537286
K13490	group	IBS-D	0.26359760854979	0.557864573416382	62	56	0.638275741142394	0.790771446537286
K13491	group	IBS-D	0.26359760854979	0.557864573416382	62	56	0.638275741142394	0.790771446537286
K18289	group	IBS-D	0.26359760854979	0.557864573416382	62	56	0.638275741142394	0.790771446537286
K18330	group	IBS-D	-0.217734599940683	0.457021127474951	62	62	0.635504699145925	0.790771446537286
K18530	group	IBS-D	-0.240747204623142	0.510630846094275	62	62	0.639014956074888	0.790771446537286
K09776	group	IBS-D	0.420650317061313	0.895082574607192	62	50	0.640089416130103	0.791883968118983
K11755	group	IBS-D	-0.0808396716533299	0.172319321777721	62	62	0.640679001202995	0.792405499520935
K00030	group	IBS-D	-0.185873940734402	0.397680740851322	62	62	0.641910480768397	0.792569321113884
K01844	group	IBS-D	0.168449998614854	0.361033420823835	62	62	0.642492051445797	0.792569321113884
K03435	group	IBS-D	-0.270782034630391	0.579415366257011	62	57	0.641951893776947	0.792569321113884
K03685	group	IBS-D	0.00943075554408001	0.0202055569911316	62	62	0.642375810707694	0.792569321113884
K03975	group	IBS-D	-0.0959125835328986	0.20499824135037	62	62	0.641572416814017	0.792569321113884
K06890	group	IBS-D	0.0581828427748697	0.12467842229057	62	62	0.642430872817403	0.792569321113884
K09983	group	IBS-D	-0.269427072785776	0.577169099049485	62	58	0.64232802219311	0.792569321113884
K18011	group	IBS-D	0.168449998614854	0.361033420823835	62	62	0.642492051445797	0.792569321113884
K18012	group	IBS-D	0.168420907938464	0.360363316250766	62	62	0.641932307932952	0.792569321113884
K18118	group	IBS-D	-0.138693029016636	0.296576781698402	62	62	0.641731693152132	0.792569321113884
K00285	group	IBS-D	0.183525494181002	0.394269187237051	62	62	0.643271015006418	0.792700837933176
K02591	group	IBS-D	0.418528011216988	0.898352937113413	62	50	0.642985592677455	0.792700837933176
K02592	group	IBS-D	0.418528011216988	0.898352937113413	62	50	0.642985592677455	0.792700837933176
K18013	group	IBS-D	0.168045595112147	0.360990384742045	62	62	0.643249701830713	0.792700837933176
K01682	group	IBS-D	0.172209716017116	0.370241201261653	62	62	0.643523220610059	0.792804469278224
K02589	group	IBS-D	0.416350884092987	0.897968449705155	62	50	0.644569984038655	0.793265147371162
K02590	group	IBS-D	0.416350884092987	0.897968449705155	62	50	0.644569984038655	0.793265147371162
K04094	group	IBS-D	-0.0794218439456641	0.171047130487519	62	62	0.644093748636512	0.793265147371162
K06183	group	IBS-D	-0.0353594264741206	0.0762041864823198	62	62	0.644320450609451	0.793265147371162
K03498	group	IBS-D	0.0228571333364444	0.0493544728832631	62	62	0.644952532733389	0.7933314521585
K09780	group	IBS-D	-0.12179389249074	0.262990760775056	62	62	0.64496030270901	0.7933314521585
K03744	group	IBS-D	-0.0532529207918424	0.11546263285675	62	62	0.646313095188937	0.794788150433123
K03296	group	IBS-D	0.0781875982779291	0.169637764731551	62	62	0.646530166215227	0.794847826869397
K02569	group	IBS-D	-0.176897015686654	0.384303772278162	62	62	0.646961084558955	0.794860899919492
K07228	group	IBS-D	0.412646171055633	0.898077729598251	62	50	0.647552073259264	0.794860899919492
K07651	group	IBS-D	-0.139798083115822	0.304141403918598	62	62	0.647429874838528	0.794860899919492
K09145	group	IBS-D	0.412646171055633	0.898077729598251	62	50	0.647552073259264	0.794860899919492
K13281	group	IBS-D	0.412646171055633	0.898077729598251	62	50	0.647552073259264	0.794860899919492
K15924	group	IBS-D	0.412646171055633	0.898077729598251	62	50	0.647552073259264	0.794860899919492
K00406	group	IBS-D	0.178368055145631	0.38930092391352	62	62	0.648481677986637	0.795768786926736
K03780	group	IBS-D	-0.162421118026626	0.354655443997304	62	62	0.648629180862251	0.795768786926736
K00881	group	IBS-D	-0.393679012724053	0.861932015471977	62	42	0.64950704679444	0.79581066060862
K01156	group	IBS-D	0.143146513761066	0.31324311870235	62	62	0.64933413180015	0.79581066060862
K01870	group	IBS-D	0.0106146800121515	0.0232248991644907	62	62	0.649293646871829	0.79581066060862
K03779	group	IBS-D	-0.162242439189027	0.354645150797251	62	62	0.648979630607647	0.79581066060862
K07787	group	IBS-D	-0.146594735634333	0.320938950052938	62	62	0.649486978623224	0.79581066060862
K01091	group	IBS-D	0.0253643844033552	0.0556264925127412	62	62	0.650052867837965	0.796272551876323
K01615	group	IBS-D	-0.127406058362869	0.279892096796154	62	62	0.650610417037185	0.796748565761455
K01866	group	IBS-D	0.00918660849490967	0.0202067316235008	62	62	0.651015281495551	0.796835436268266
K06412	group	IBS-D	-0.137896977514022	0.303319934988477	62	62	0.651019282430371	0.796835436268266
K06895	group	IBS-D	-0.0459683715602193	0.101483457583087	62	62	0.652208328288875	0.797528660429587
K06934	group	IBS-D	-0.156355442756451	0.344868848900161	62	61	0.651913115860003	0.797528660429587
K09773	group	IBS-D	0.0526204633889528	0.116141426750852	62	62	0.652130919140846	0.797528660429587
K16869	group	IBS-D	-0.124307559732686	0.27447682490284	62	62	0.65226209569061	0.797528660429587
K03404	group	IBS-D	-0.155229043574284	0.343033503879656	62	62	0.652527392653163	0.79764623736452
K02074	group	IBS-D	0.171310892735611	0.378975677237299	62	62	0.652872587405569	0.797861394714865
K01972	group	IBS-D	0.00906080066709783	0.0201410472407506	62	62	0.654427188179322	0.799442460717733
K03093	group	IBS-D	0.403429990380418	0.896992744341095	62	50	0.654505373373869	0.799442460717733
K02221	group	IBS-D	-0.056487978301089	0.125794980122811	62	62	0.655014855957095	0.799857602458224
K03200	group	IBS-D	0.153503613943159	0.343028674177783	62	62	0.65612915730799	0.801010899783713
K18138	group	IBS-D	0.163779043619234	0.366576044743363	62	62	0.656642063912164	0.801429599743728
K10540	group	IBS-D	-0.0642552376661564	0.144067186303286	62	62	0.657196261565203	0.801898465599352
K00721	group	IBS-D	0.0630667441789236	0.14206861523734	62	62	0.658699113410584	0.802693803318944
K03531	group	IBS-D	0.0241588997766461	0.0544003486509544	62	62	0.658571808415347	0.802693803318944
K10819	group	IBS-D	-0.077557679185675	0.174463238623773	62	62	0.658244250937508	0.802693803318944
K13581	group	IBS-D	0.370116112235055	0.832705017758923	62	60	0.658298737815534	0.802693803318944
K19548	group	IBS-D	-0.386345633146584	0.870092200988406	62	41	0.65861939465241	0.802693803318944
K07275	group	IBS-D	-0.181383972590156	0.409416136150677	62	62	0.659336704340761	0.803263213038241
K00858	group	IBS-D	0.00893342485215207	0.020196897836645	62	62	0.659850428994573	0.803266552178215
K01465	group	IBS-D	0.01886559638987	0.0426475771249944	62	62	0.659819024964263	0.803266552178215
K19416	group	IBS-D	0.161305847639078	0.364480442450967	62	62	0.659672650727444	0.803266552178215
K01697	group	IBS-D	0.314398234744112	0.711326364158857	62	62	0.660086398172145	0.803346439685119
K02031	group	IBS-D	-0.0955197915198451	0.216252341866793	62	62	0.660290403910571	0.803387395470138
K11607	group	IBS-D	-0.0965431750351645	0.218941367515923	62	62	0.660830790128629	0.80383750483534
K00425	group	IBS-D	-0.044828172601228	0.10205365680024	62	62	0.662050518568649	0.804514184299319
K00426	group	IBS-D	-0.044898848522158	0.102055871872159	62	62	0.661558536798445	0.804514184299319
K05966	group	IBS-D	0.18789262871242501	0.427573232257181	62	62	0.661921688305128	0.804514184299319
K06906	group	IBS-D	0.270216295071742	0.615198203084724	62	58	0.662069454890936	0.804514184299319
K03604	group	IBS-D	-0.0958424537686619	0.218323101797178	62	62	0.662243014414767	0.804517788763534
K00198	group	IBS-D	-0.142510913731851	0.325327017068679	62	62	0.662919949718665	0.804734472637764
K14260	group	IBS-D	0.123903863343092	0.282584769492556	62	62	0.662623115897381	0.804734472637764
K15524	group	IBS-D	0.233028592670634	0.5319852315118	62	62	0.662933296479583	0.804734472637764
K10551	group	IBS-D	-0.376263398639015	0.861543297612136	62	42	0.663873528501591	0.805668440662249
K00973	group	IBS-D	0.0207080080218838	0.0474703758904933	62	62	0.664235441086287	0.805692988725033
K06211	group	IBS-D	-0.0880860268221972	0.201829094724725	62	62	0.66408498204559	0.805692988725033
K02113	group	IBS-D	0.0188332567149953	0.0433124639228692	62	62	0.665250859432785	0.806509782284065
K10806	group	IBS-D	0.158496451059077	0.364399337683442	62	62	0.665157305541935	0.806509782284065
K00335	group	IBS-D	0.118679310709184	0.27367387015505	62	62	0.666096164583289	0.80732703988044
K12296	group	IBS-D	-0.162198068094951	0.375980641850167	62	62	0.66772364467716006	0.809091651669446
K01928	group	IBS-D	0.00889308079261932	0.0206906945369552	62	62	0.668873103587763	0.810075146392594
K06921	group	IBS-D	-0.164604195011585	0.382976164726826	62	62	0.668878842250373	0.810075146392594
K01778	group	IBS-D	0.0260828176513791	0.0608321155729007	62	62	0.669628136727713	0.810738733519799
K06962	group	IBS-D	-0.126966693234345	0.296256315860025	62	62	0.669770590711013	0.810738733519799
K10549	group	IBS-D	-0.366808697132004	0.860452761236121	62	42	0.671416773533068	0.812072464999286
K10550	group	IBS-D	-0.366808697132004	0.860452761236121	62	42	0.671416773533068	0.812072464999286
K11475	group	IBS-D	-0.20152966168045	0.472219513414333	62	14	0.671073489916578	0.812072464999286
K18475	group	IBS-D	-0.146381477617675	0.343539471033568	62	62	0.671561198790758	0.812072464999286
K09796	group	IBS-D	0.162745846813736	0.382476960913952	62	62	0.671990967354882	0.81238385081918
K06133	group	IBS-D	0.128152304292204	0.302400161582886	62	62	0.673238902125846	0.813683921687722
K00243	group	IBS-D	0.0575399808919743	0.136086092806471	62	62	0.673937849627743	0.814319984331139
K03800	group	IBS-D	-0.0476196339885464	0.112730178982449	62	62	0.674227468722885	0.81445832754664
K06295	group	IBS-D	0.387827106297559	0.919893484567686	62	52	0.674823666901771	0.81445832754664
K18901	group	IBS-D	-0.241602455018721	0.573233462645598	62	58	0.674915849035681	0.81445832754664
K18902	group	IBS-D	-0.241602455018721	0.573233462645598	62	58	0.674915849035681	0.81445832754664
K18903	group	IBS-D	-0.241602455018721	0.573233462645598	62	58	0.674915849035681	0.81445832754664
K08317	group	IBS-D	-0.113737173705132	0.27116577680964	62	62	0.676394208857201	0.816033535167706
K01147	group	IBS-D	0.154303362800111	0.368935120303371	62	62	0.677264971633837	0.816875091106183
K08724	group	IBS-D	0.111253106845121	0.266239186390867	62	62	0.677534597827453	0.816991348339112
K07775	group	IBS-D	-0.113301518231428	0.271721847160734	62	62	0.67818401903104	0.817565397175456
K00036	group	IBS-D	-0.0949416564595603	0.229687478860265	62	62	0.680822769625653	0.820327077556101
K01042	group	IBS-D	-0.0955434632355597	0.231094162051257	62	62	0.680758607482807	0.820327077556101
K13486	group	IBS-D	0.231950242070264	0.561792448409512	62	56	0.681169698654841	0.820535453092268
K03525	group	IBS-D	0.0593828754674032	0.143953397711888	62	62	0.681432597284696	0.820642525228454
K04072	group	IBS-D	0.0677291929944714	0.164559037849023	62	62	0.682113935078958	0.821253336183908
K02551	group	IBS-D	-0.0562420430950715	0.136828795668799	62	62	0.682507969134013	0.821518014914754
K01582	group	IBS-D	0.12653878200443	0.308337773361406	62	62	0.68298160466537	0.821878348456719
K19131	group	IBS-D	-0.289200896660786	0.708791393944185	62	32	0.684711549951687	0.82332984945746
K19132	group	IBS-D	-0.289200896660786	0.708791393944185	62	32	0.684711549951687	0.82332984945746
K19133	group	IBS-D	-0.289200896660786	0.708791393944185	62	32	0.684711549951687	0.82332984945746
K00033	group	IBS-D	-0.0793808390904751	0.195379630678731	62	62	0.685974851865079	0.824355458109738
K05564	group	IBS-D	-0.124997246091003	0.307664870188397	62	62	0.685984330652231	0.824355458109738
K18430	group	IBS-D	-0.185180165237603	0.45595807083985	62	62	0.686088883180815	0.824355458109738
K02238	group	IBS-D	-0.0191108131830107	0.0471505713075785	62	62	0.68668792895294	0.824865072068788
K01297	group	IBS-D	-0.0418952168356683	0.10349376982353	62	62	0.687057477494068	0.825098819419919
K02173	group	IBS-D	-0.177276438550025	0.438289146783008	62	61	0.687302689466392	0.825183167903133
K01923	group	IBS-D	0.00887565339395972	0.021981978691921	62	62	0.687817687373151	0.825519218775857
K19577	group	IBS-D	0.22229954969169	0.55077492257178	62	58	0.687932682313214	0.825519218775857
K00972	group	IBS-D	0.114616429732311	0.284471352870166	62	7	0.688446314209191	0.825925417911612
K03925	group	IBS-D	-0.0268636951067831	0.0668326524764637	62	62	0.68914569370192	0.826554194175548
K02049	group	IBS-D	-0.0311961993877529	0.0777964599610849	62	62	0.689846332024644	0.82718416013939
K03046	group	IBS-D	0.00803586238656869	0.0201373031403752	62	62	0.691270539237871	0.827629312781365
K03179	group	IBS-D	0.0915774908784816	0.229330601726456	62	62	0.691071463572901	0.827629312781365
K04092	group	IBS-D	-0.101406110858496	0.253514743581144	62	62	0.690576442242669	0.827629312781365
K06194	group	IBS-D	0.148590283634526	0.37146120469714	62	62	0.690565617040711	0.827629312781365
K07270	group	IBS-D	-0.154251938329514	0.386045490554861	62	62	0.690892586091648	0.827629312781365
K10126	group	IBS-D	-0.228926488311555	0.573380212014824	62	58	0.691120904622983	0.827629312781365
K03503	group	IBS-D	-0.258751384090319	0.649308832622806	62	61	0.691674214490697	0.827902435415768
K01163	group	IBS-D	0.0601755299222349	0.153027724341968	62	62	0.695541299707459	0.831721588086608
K06866	group	IBS-D	-0.150889089405498	0.383123106849582	62	62	0.695095584527305	0.831721588086608
K10227	group	IBS-D	0.213060825376189	0.541307695340901	62	57	0.695268756412632	0.831721588086608
K13818	group	IBS-D	-0.144061563940777	0.366388686721611	62	62	0.695570386644101	0.831721588086608
K08722	group	IBS-D	-0.147343743705762	0.375225738911438	62	62	0.695947266498567	0.831961295008173
K06915	group	IBS-D	-0.0777105464422978	0.199030161383865	62	62	0.697589538118139	0.833713193554268
K19353	group	IBS-D	-0.133086478747598	0.34148896530057	62	62	0.698120553437543	0.834136440337333
K02784	group	IBS-D	0.0894808591019167	0.229899134167124	62	62	0.698492946714426	0.834369994099603
K01133	group	IBS-D	-0.217075096676811	0.558693878942561	62	58	0.69899154629878	0.834542818315202
K03220	group	IBS-D	0.219384848975633	0.564531158261955	62	56	0.698937141157725	0.834542818315202
K02010	group	IBS-D	-0.0620187532390132	0.160094611971301	62	62	0.699839679444529	0.835343945396204
K08223	group	IBS-D	-0.130481076665352	0.337953497174351	62	62	0.700794379452075	0.836271835398781
K00879	group	IBS-D	-0.0966354093169687	0.25092287654387	62	62	0.70151042594287	0.836702875252042
K01142	group	IBS-D	-0.0121383972471065	0.0315127999855997	62	62	0.701459240383149	0.836702875252042
K13531	group	IBS-D	-0.11826140937102	0.307283943485142	62	62	0.701701745948395	0.836719452311664
K03182	group	IBS-D	0.129517452650862	0.33826269368059	62	62	0.703154364226241	0.838239631367784
K00432	group	IBS-D	0.0747157623988476	0.195267954125044	62	62	0.703344796663314	0.838254753870151
K01643	group	IBS-D	-0.0852716684148703	0.22308664581284	62	62	0.70363716691877	0.838332329407759
K07005	group	IBS-D	0.0758291149528684	0.19847341714911	62	62	0.703765413936666	0.838332329407759
K15727	group	IBS-D	0.250108336598069	0.657518381705673	62	62	0.705005002109422	0.839596866148494
K02051	group	IBS-D	0.0190769674569095	0.0502701171094076	62	62	0.705664447647229	0.840091211102024
K12297	group	IBS-D	-0.0827410094400231	0.218258437535704	62	62	0.705954510092731	0.840091211102024
K18967	group	IBS-D	-0.116424073211846	0.30702119371768	62	62	0.705874122603771	0.840091211102024
K16959	group	IBS-D	-0.0714060128989343	0.188683875324158	62	62	0.706437589308148	0.840454003828765
K02824	group	IBS-D	-0.0154067678134211	0.0408152628342628	62	62	0.707152130531726	0.840879840541508
K03319	group	IBS-D	-0.0398455561944065	0.105511552564427	62	62	0.707029444809302	0.840879840541508
K00164	group	IBS-D	-0.101060340609502	0.267901112940422	62	62	0.707333690979789	0.840883712291577
K03611	group	IBS-D	0.136825541843078	0.363231266333562	62	62	0.707732990926824	0.841146367240651
K01803	group	IBS-D	0.00816120451352517	0.0217766163677791	62	62	0.709153558280704	0.841566503858121
K03547	group	IBS-D	-0.0764451486944532	0.20355710324023	62	62	0.708578549472883	0.841566503858121
K05685	group	IBS-D	0.131331070284406	0.350146310653717	62	62	0.708927417996909	0.841566503858121
K05979	group	IBS-D	0.230349663975674	0.614652147516869	62	62	0.709157185396983	0.841566503858121
K13940	group	IBS-D	-0.0594243800526441	0.158548373267653	62	62	0.709128651665337	0.841566503858121
K19142	group	IBS-D	-0.310534256298525	0.827674639142818	62	59	0.708843109271922	0.841566503858121
K01235	group	IBS-D	-0.24134513129633	0.648301030333666	62	62	0.71100111015864	0.843289131907405
K01625	group	IBS-D	-0.0423654581982963	0.114240233453896	62	62	0.712058872604918	0.843289131907405
K02475	group	IBS-D	-0.113864523449952	0.306937798829062	62	62	0.71196696753636	0.843289131907405
K03186	group	IBS-D	0.125407007537724	0.338004827352052	62	62	0.71192845720285	0.843289131907405
K03549	group	IBS-D	-0.139529891605747	0.375967689007761	62	62	0.711853863196749	0.843289131907405
K03629	group	IBS-D	-0.0337581538502498	0.0910830568135778	62	62	0.712218111193214	0.843289131907405
K06147	group	IBS-D	-0.0499730997499151	0.134147322316149	62	62	0.710815404261932	0.843289131907405
K11070	group	IBS-D	-0.046115412290725	0.123965850107425	62	62	0.711202789719043	0.843289131907405
K13530	group	IBS-D	-0.113864523449952	0.306937798829062	62	62	0.71196696753636	0.843289131907405
K06196	group	IBS-D	-0.059055686217646	0.1606373072227	62	62	0.714440061088564	0.8455067737205
K09816	group	IBS-D	-0.0282411376563683	0.0768213850713068	62	62	0.714449638099278	0.8455067737205
K01646	group	IBS-D	-0.082079164580308	0.223473729706915	62	62	0.714696716365062	0.845586983035031
K01246	group	IBS-D	-0.0170435374139089	0.0464589404879073	62	62	0.715020341908291	0.845757695620643
K16248	group	IBS-D	-0.290051245188941	0.793345041592901	62	43	0.715945340417216	0.846639474776226
K10670	group	IBS-D	0.119099196101428	0.326411642118855	62	62	0.716488268947571	0.846644619483024
K16960	group	IBS-D	-0.0638587172445949	0.174958513554399	62	62	0.716399709085689	0.846644619483024
K18014	group	IBS-D	0.13421290355092	0.367586309930882	62	62	0.716306184350815	0.846644619483024
K02476	group	IBS-D	-0.110758863075181	0.304060364545303	62	62	0.716939982595505	0.846966171823747
K01664	group	IBS-D	-0.0888832863421302	0.245414215287017	62	62	0.71849260294477	0.84773858280899
K10795	group	IBS-D	-0.0952848714878021	0.263026604836256	62	62	0.71842819535369	0.84773858280899
K10796	group	IBS-D	-0.0952848714878021	0.263026604836256	62	62	0.71842819535369	0.84773858280899
K18030	group	IBS-D	-0.200374867761612	0.551837017776061	62	57	0.717802460957237	0.84773858280899
K19302	group	IBS-D	-0.0327999843634659	0.0904858306161003	62	62	0.718261488724513	0.84773858280899
K10213	group	IBS-D	-0.151165285982734	0.418581681855816	62	62	0.719265639796768	0.848438408524652
K01808	group	IBS-D	-0.0238620281940425	0.0661725720789661	62	62	0.719662703239367	0.8486945007444
K03271	group	IBS-D	-0.0328344078548843	0.0911526254615317	62	62	0.719952421780552	0.848823905279271
K01958	group	IBS-D	-0.107932381353837	0.301597627916901	62	62	0.721697409399912	0.850668578537861
K02343	group	IBS-D	0.00686332001807199	0.0192325525488388	62	62	0.722448973994198	0.851341669504407
K00789	group	IBS-D	0.00820803117258933	0.0230206742318852	62	62	0.722679225685119	0.851400256890087
K00895	group	IBS-D	0.0619478274489075	0.173867395588729	62	62	0.722870596817172	0.851413020626819
K00385	group	IBS-D	0.108272701676093	0.305779594117304	62	62	0.724514733790824	0.851435705097814
K00563	group	IBS-D	-0.0778235807723824	0.219777549554883	62	62	0.724504151430504	0.851435705097814
K01668	group	IBS-D	0.149285717158713	0.42107464081913	62	62	0.724181016023786	0.851435705097814
K03196	group	IBS-D	0.114698253695087	0.323893458970397	62	62	0.724487892726449	0.851435705097814
K03214	group	IBS-D	-0.141461922534617	0.398501413250442	62	62	0.723845821390806	0.851435705097814
K03521	group	IBS-D	-0.0241805536655366	0.067970912200137	62	62	0.723276621805039	0.851435705097814
K16363	group	IBS-D	0.0607432163365462	0.17136726374367	62	62	0.72423532303165306	0.851435705097814
K16950	group	IBS-D	0.108272701676093	0.305779594117304	62	62	0.724514733790824	0.851435705097814
K16951	group	IBS-D	0.108272701676093	0.305779594117304	62	62	0.724514733790824	0.851435705097814
K01910	group	IBS-D	0.119798654057601	0.340013561744915	62	62	0.725821710385607	0.852759139556184
K09774	group	IBS-D	-0.0441007305441359	0.125389348274007	62	62	0.726287719413739	0.853094118245378
K02048	group	IBS-D	0.110848001679977	0.316160088235911	62	62	0.727111039313056	0.853848521265033
K00800	group	IBS-D	0.00908778816292746	0.0259435817344533	62	62	0.727347519463056	0.853913592678061
K03592	group	IBS-D	0.128206211162032	0.366697568665069	62	62	0.72784522824642	0.854285240520188
K03588	group	IBS-D	0.00699069146495121	0.0200346511467522	62	62	0.72836338770967	0.854680700780991
K03568	group	IBS-D	0.127488244759865	0.366726420609552	62	62	0.729328245252631	0.855387218257003
K09817	group	IBS-D	-0.0268056849024138	0.0771079064825851	62	62	0.729328212968243	0.855387218257003
K00790	group	IBS-D	-0.00716307337761856	0.0207299733053942	62	62	0.730895629088813	0.857012378613337
K00847	group	IBS-D	0.0197305286049413	0.0572374626111683	62	62	0.73151514490874	0.857099484071954
K02064	group	IBS-D	-0.0908840408000957	0.263541385851668	62	62	0.731407981832542	0.857099484071954
K06199	group	IBS-D	0.0129534024665339	0.0375444001999924	62	62	0.731289233647092	0.857099484071954
K03772	group	IBS-D	-0.155358767025304	0.451163366164699	62	62	0.731786009458834	0.857203879932404
K02445	group	IBS-D	0.076175903408039	0.221824722490306	62	62	0.732493586289257	0.857606691395267
K09954	group	IBS-D	0.254319428957289	0.740432541383473	62	62	0.732442468128192	0.857606691395267
K07020	group	IBS-D	0.199012682753939	0.580139272959525	62	56	0.732765183125848	0.857711740784686
K03522	group	IBS-D	-0.0232971086697517	0.0680259894563783	62	62	0.733191327754618	0.857997593471658
K07315	group	IBS-D	0.113503906324905	0.331894514998502	62	62	0.733555003222808	0.858210219597808
K00974	group	IBS-D	0.0434756063047293	0.127491569580063	62	62	0.734289050306944	0.85885594276973
K18029	group	IBS-D	-0.187091007375526	0.550424748842662	62	57	0.735116649748711	0.859610741436877
K01807	group	IBS-D	0.0927752735317993	0.273169939718541	62	62	0.735325124586067	0.859641370239934
K10672	group	IBS-D	-0.124692562725993	0.36794301602029	62	62	0.735875068478185	0.860071083752942
K00754	group	IBS-D	0.0718343121660345	0.213154102478803	62	62	0.737288044160634	0.861295619584233
K01610	group	IBS-D	0.0428619850590324	0.12716339172877	62	62	0.737246173363071	0.861295619584233
K00537	group	IBS-D	0.0228354963731607	0.068105274473198	62	62	0.738570557522575	0.862412430897872
K06891	group	IBS-D	-0.0863984670378228	0.257717588581175	62	62	0.738609798218089	0.862412430897872
K07027	group	IBS-D	0.0559491134136146	0.167500561299001	62	62	0.739526560190676	0.863269123232483
K07000	group	IBS-D	0.0789448631410521	0.23725976339139	62	62	0.740493379687252	0.864183810592695
K00219	group	IBS-D	0.308524304567201	0.929018463912533	62	57	0.740973346306888	0.864397497533571
K01950	group	IBS-D	-0.0610298118343143	0.183822370245351	62	62	0.741043062452975	0.864397497533571
K03638	group	IBS-D	-0.11120591657782	0.33553766089288	62	62	0.741477537736323	0.864690422345326
K06968	group	IBS-D	-0.13107483562972	0.39598659982785	62	62	0.741791498589024	0.864842696500825
K01484	group	IBS-D	-0.189667715617479	0.57358910515444	62	57	0.742047038675909	0.864926800394361
K01666	group	IBS-D	-0.1361974731737	0.416185157822221	62	62	0.744616244812426	0.86749264094254
K07223	group	IBS-D	0.043864208557016	0.133961850844139	62	62	0.744476324809563	0.86749264094254
K07097	group	IBS-D	0.137232543950638	0.419818295411925	62	62	0.744892086245843	0.867599673681254
K07160	group	IBS-D	-0.0708109577356477	0.217832782295422	62	62	0.746258698581832	0.868908768169237
K15583	group	IBS-D	0.0224370057852397	0.0690575160948266	62	62	0.746384524990157	0.868908768169237
K00772	group	IBS-D	0.0406772874722717	0.125606894770585	62	62	0.74718082375419	0.869192097884746
K13788	group	IBS-D	-0.086075942451268	0.265701945850604	62	62	0.747097363551913	0.869192097884746
K13995	group	IBS-D	0.184044685486918	0.567919213655363	62	56	0.747013247334215	0.869192097884746
K06948	group	IBS-D	-0.0549378116707485	0.170023366396085	62	62	0.747728418053149	0.869614604078582
K03624	group	IBS-D	-0.0120340536800236	0.0372785241267434	62	62	0.747957907330907	0.869667034263451
K01715	group	IBS-D	-0.0897783938536446	0.278554636642068	62	62	0.748345148388591	0.869902814838697
K12516	group	IBS-D	0.129304502895928	0.401833512277365	62	62	0.748733038677348	0.870139233711772
K08364	group	IBS-D	-0.128096788848374	0.400419740430884	62	62	0.750150715915134	0.871572006961265
K02013	group	IBS-D	0.0128776818311296	0.0403968563392836	62	62	0.751000970748445	0.872130159578839
K15555	group	IBS-D	0.0961247580409674	0.301378685571106	62	62	0.750872103338167	0.872130159578839
K00334	group	IBS-D	-0.0676712714888138	0.21489984346016	62	62	0.753932538058605	0.874027986598914
K01874	group	IBS-D	-0.00962978834240674	0.0304739413125173	62	62	0.753098600772879	0.874027986598914
K02535	group	IBS-D	0.0284199799050244	0.0900748713946604	62	62	0.753465446491412	0.874027986598914
K03748	group	IBS-D	-0.0413418010948603	0.131007021003939	62	62	0.753424445234857	0.874027986598914
K04083	group	IBS-D	-0.0235200680610223	0.0746465756699476	62	62	0.753789820380918	0.874027986598914
K09805	group	IBS-D	0.227931488511508	0.72372346084716	62	62	0.753897782947991	0.874027986598914
K10679	group	IBS-D	0.194069573338057	0.616256386864484	62	62	0.75391731890868	0.874027986598914
K00845	group	IBS-D	-0.0155745448787682	0.0495571549799424	62	62	0.754402831587455	0.874273909126217
K02564	group	IBS-D	-0.0334382679751051	0.106531982134084	62	62	0.754700823590507	0.874273909126217
K10947	group	IBS-D	0.0417538157933807	0.132979373889214	62	62	0.754619902750097	0.874273909126217
K07455	group	IBS-D	-0.109628417782327	0.349942687834057	62	62	0.755157920438428	0.874588593513661
K03427	group	IBS-D	-0.0231599868467651	0.0740254443154365	62	62	0.755467970751846	0.874732862770858
K06176	group	IBS-D	-0.123131368827246	0.396978336504392	62	62	0.757505364507388	0.87687660751518
K00675	group	IBS-D	0.169997440956908	0.549832524295952	62	57	0.758255424001057	0.8775294673838
K01785	group	IBS-D	0.0329422554511779	0.106961126218265	62	62	0.759161586612671	0.878362620820745
K16651	group	IBS-D	-0.109598524536385	0.356269040062514	62	62	0.759430328489084	0.878458040018278
K15257	group	IBS-D	-0.121619362648291	0.396952066504482	62	62	0.760373734696837	0.879333627471869
K07034	group	IBS-D	0.0537911597638763	0.17624081336657	62	62	0.761259508024387	0.880142152449868
K02068	group	IBS-D	0.134636784242671	0.442410453798894	62	62	0.761932927286233	0.880704824774969
K02823	group	IBS-D	0.0437071163246189	0.144053245158691	62	62	0.762627441623651	0.881291598798613
K01783	group	IBS-D	0.00678294241391815	0.022657821279184	62	62	0.765696669934653	0.884621630429158
K17723	group	IBS-D	-0.103380227312711	0.345667398825366	62	62	0.765916854269568	0.884659290897693
K01210	group	IBS-D	-0.231741555735462	0.779166865612062	62	61	0.767171516329819	0.885241221191932
K01906	group	IBS-D	-0.103239999817373	0.346457236438069	62	62	0.766741989638198	0.885241221191932
K03466	group	IBS-D	0.0184594953913298	0.062030506796369	62	62	0.767046078778417	0.885241221191932
K07006	group	IBS-D	0.125862232988681	0.422539632902082	62	62	0.766830764028391	0.885241221191932
K02768	group	IBS-D	0.0762407343438568	0.257021250869359	62	62	0.767771878594172	0.885284151454795
K03150	group	IBS-D	-0.058376005616605	0.196664201274064	62	62	0.7676207956865	0.885284151454795
K05540	group	IBS-D	0.0405985019500299	0.13683171576567	62	62	0.76771727648575006	0.885284151454795
K01661	group	IBS-D	-0.0410562559314305	0.138746401774557	62	62	0.768321609652849	0.885485022268533
K01739	group	IBS-D	0.0303103146756821	0.102407136004377	62	62	0.768268468502208	0.885485022268533
K11106	group	IBS-D	-0.102057638323086	0.346472295331497	62	62	0.769345101537764	0.886447959651135
K03688	group	IBS-D	0.0926416789185504	0.314947011819099	62	62	0.769658475303419	0.886592420500959
K03581	group	IBS-D	-0.0275238247812965	0.093912748706032	62	62	0.770473272602694	0.887314274382003
K08309	group	IBS-D	-0.0357613383832854	0.122225370143104	62	62	0.770848640592235	0.887355135543498
K09696	group	IBS-D	-0.253699130917801	0.868119044217388	62	52	0.771111273056595	0.887355135543498
K09697	group	IBS-D	-0.253699130917801	0.868119044217388	62	52	0.771111273056595	0.887355135543498
K09769	group	IBS-D	-0.0846571421099266	0.29037101650829	62	62	0.771637703745522	0.887355135543498
K13643	group	IBS-D	-0.0313639496388795	0.107521628290471	62	62	0.771522948590925	0.887355135543498
K15921	group	IBS-D	0.263086504961528	0.901209731388625	62	50	0.7713502444324	0.887355135543498
K09477	group	IBS-D	-0.100738606206637	0.346441641943107	62	62	0.77222167758861	0.887810197832249
K02852	group	IBS-D	-0.401794136902339	1.38659677095222	62	46	0.772991242509759	0.888379844507361
K04567	group	IBS-D	-0.00717809999432307	0.0247832485919028	62	62	0.773093910487322	0.888379844507361
K02455	group	IBS-D	-0.0991484387300461	0.344134269635834	62	62	0.774255640651486	0.889083398094265
K02613	group	IBS-D	0.228100307250565	0.792469958666505	62	62	0.774465215657421	0.889083398094265
K04047	group	IBS-D	-0.0234080129464889	0.0812646273306346	62	62	0.774303621893556	0.889083398094265
K05311	group	IBS-D	-0.0862554395211997	0.299921186223848	62	62	0.774648787694939	0.889083398094265
K07164	group	IBS-D	0.046086327977983003	0.160016239826877	62	62	0.774331386467671	0.889083398094265
K03810	group	IBS-D	0.0847409124605977	0.296940400735136	62	62	0.776335726622186	0.890802746167939
K07243	group	IBS-D	-0.0478991602740527	0.168150843109759	62	62	0.776733652821972	0.891042546024914
K11942	group	IBS-D	-0.115206104061365	0.40493061613978	62	62	0.777000553044495	0.891131957236828
K00836	group	IBS-D	0.119639255516975	0.42168531044915	62	62	0.777604066124848	0.89160728807313006
K08194	group	IBS-D	0.295822754440684	1.0466413797933	62	58	0.778425565514767	0.892332271990189
K02584	group	IBS-D	-0.087044978285439	0.311017673234735	62	62	0.78053871526354	0.894537200773476
K02598	group	IBS-D	-0.160969455634115	0.575856703617285	62	62	0.780799169935844	0.894618290917745
K06153	group	IBS-D	-0.0140402466205761	0.0503071006320237	62	62	0.781134926144392	0.8946976275471
K13695	group	IBS-D	-0.108746156917507	0.389850946279118	62	62	0.78124784356212	0.8946976275471
K01126	group	IBS-D	-0.0250366971593958	0.0901029232655881	62	62	0.782069140085054	0.894998638965664
K01201	group	IBS-D	-0.213640318478586	0.768895514032443	62	62	0.782080023574533	0.894998638965664
K02042	group	IBS-D	-0.0957833479769237	0.344222873728257	62	62	0.78176972252532	0.894998638965664
K01039	group	IBS-D	0.101360178093408	0.367181499546929	62	62	0.783458842450044	0.895056177566475
K01040	group	IBS-D	0.101360178093408	0.367181499546929	62	62	0.783458842450044	0.895056177566475
K01205	group	IBS-D	-0.180889804328306	0.654551214403124	62	61	0.783223617541973	0.895056177566475
K02372	group	IBS-D	0.0168581132828591	0.0609748439757359	62	62	0.783132252143632	0.895056177566475
K02601	group	IBS-D	0.00558028912982748	0.0201331659950854	62	62	0.782603059614274	0.895056177566475
K09747	group	IBS-D	-0.017097002428142	0.0618047925729083	62	62	0.783015666058952	0.895056177566475
K09945	group	IBS-D	0.156742993414624	0.567152058494415	62	56	0.783214781116224	0.895056177566475
K03589	group	IBS-D	-0.0105256703402749	0.0384263057024535	62	62	0.785088177642425	0.896700374367081
K03855	group	IBS-D	-0.095004496692597	0.347331673091539	62	62	0.785387726567823	0.896797492909711
K07099	group	IBS-D	-0.0894074690938521	0.327426235990767	62	62	0.785743689716482	0.896797492909711
K17865	group	IBS-D	0.141907364953984	0.519449770625808	62	62	0.78564696092122	0.896797492909711
K03640	group	IBS-D	-0.114412771837027	0.420015621402678	62	62	0.786248793833584	0.896939843183159
K13789	group	IBS-D	0.0361132840985691	0.132459499584903	62	62	0.78606883674777706	0.896939843183159
K01869	group	IBS-D	-0.0136105826259318	0.0502091638067362	62	62	0.787261738243259	0.89787820013427
K02029	group	IBS-D	-0.0188549094492638	0.0697219073945344	62	62	0.787757380760334	0.898202582984312
K07313	group	IBS-D	-0.0448854016523123	0.166266980372842	62	62	0.788117533585472	0.898202582984312
K11936	group	IBS-D	0.189974063476595	0.70333722054247	62	56	0.788007272712918	0.898202582984312
K01034	group	IBS-D	0.0884892976580692	0.329628559997772	62	62	0.789272623857044	0.898867349459024
K01035	group	IBS-D	0.0884892976580692	0.329628559997772	62	62	0.789272623857044	0.898867349459024
K07487	group	IBS-D	-0.205439680540726	0.764284334427823	62	34	0.789005670862376	0.898867349459024
K06402	group	IBS-D	-0.2168718464069	0.809584640537762	62	57	0.789710170254479	0.899148518329339
K06987	group	IBS-D	-0.148166852659445	0.556098615387283	62	61	0.790813983756841	0.900187967028062
K00984	group	IBS-D	-0.247768711105488	0.93392083852898	62	44	0.791688152681019	0.900467287886878
K01740	group	IBS-D	-0.026391632612662	0.0993842461940653	62	62	0.791494968296127	0.900467287886878
K03801	group	IBS-D	-0.075522287561434	0.284857081828384	62	62	0.791823121897134	0.900467287886878
K11934	group	IBS-D	0.0980250779901942	0.369474368187268	62	62	0.791680431809944	0.900467287886878
K07387	group	IBS-D	-0.0725592676576448	0.274855936563624	62	62	0.79269211394744	0.901020971168023
K09812	group	IBS-D	0.0127628122547271	0.048323713077065	62	62	0.792599643211268	0.901020971168023
K10563	group	IBS-D	-0.0550052824894739	0.208587888424647	62	62	0.79291225481839	0.901054022583982
K03076	group	IBS-D	0.00542136560651465	0.0206566124888134	62	62	0.793872163080604	0.901927516523279
K12950	group	IBS-D	0.0742245597703268	0.283109718091632	62	62	0.794083831156147	0.901950709954815
K00656	group	IBS-D	0.00933117534173485	0.0358689159197453	62	62	0.795641395548233	0.9028541913622
K01974	group	IBS-D	-0.104359570613242	0.401164148930734	62	14	0.795645042260667	0.9028541913622
K13687	group	IBS-D	-0.0841395935189153	0.323014047765371	62	62	0.795383300914455	0.9028541913622
K14519	group	IBS-D	-0.155380259526755	0.596794656432232	62	56	0.79547908515808	0.9028541913622
K00965	group	IBS-D	-0.0303363523872472	0.116763287828115	62	62	0.795899250662557	0.902925394785812
K03490	group	IBS-D	-0.205560025698526	0.796932778130737	62	43	0.797336681851355	0.904338574221018
K00077	group	IBS-D	0.0205440230939867	0.0801527428583265	62	62	0.798587554854643	0.904709358418665
K00355	group	IBS-D	0.0715766012977981	0.28146212156292	62	62	0.800131176794039	0.904709358418665
K00556	group	IBS-D	0.200737429619676	0.791022392248334	62	62	0.800541168931529	0.904709358418665
K00873	group	IBS-D	0.00718842931184424	0.0281368899254352	62	62	0.799225716011237	0.904709358418665
K01153	group	IBS-D	0.0219248675608373	0.0862675726255405	62	62	0.800248974020447	0.904709358418665
K01843	group	IBS-D	0.0926724271216386	0.360888491957739	62	62	0.798219684653841	0.904709358418665
K02562	group	IBS-D	0.27172406568144303	1.06995121186273	62	24	0.800395285185503	0.904709358418665
K02853	group	IBS-D	0.27172406568144303	1.06995121186273	62	24	0.800395285185503	0.904709358418665
K05593	group	IBS-D	-0.0649111300918326	0.255136354662745	62	62	0.80004304580842	0.904709358418665
K05775	group	IBS-D	0.27172406568144303	1.06995121186273	62	24	0.800395285185503	0.904709358418665
K05820	group	IBS-D	-0.0592589231485181	0.231993110661314	62	62	0.799261546479485	0.904709358418665
K07393	group	IBS-D	0.0998338787186938	0.392253214004522	62	62	0.799968890313446	0.904709358418665
K12554	group	IBS-D	-0.0553758541703426	0.216214223403291	62	62	0.798737591313688	0.904709358418665
K12582	group	IBS-D	0.27172406568144303	1.06995121186273	62	24	0.800395285185503	0.904709358418665
K16704	group	IBS-D	0.27172406568144303	1.06995121186273	62	24	0.800395285185503	0.904709358418665
K02847	group	IBS-D	-0.0848780016929565	0.335043543758771	62	62	0.800875968826225	0.904870883800785
K19286	group	IBS-D	0.0775957986673056	0.30690248745435	62	62	0.801259676494891	0.905087577089798
K00075	group	IBS-D	0.00659891115893152	0.0264561375121722	62	62	0.803881388477934	0.907614227450787
K12055	group	IBS-D	0.287027007848963	1.14992339922415	62	24	0.803745158208058	0.907614227450787
K19137	group	IBS-D	-0.299141432087392	1.20658463170988	62	43	0.80503964457627	0.908704395361822
K00798	group	IBS-D	0.0392739719423736	0.160094128343195	62	62	0.807047366310454	0.910752663201747
K10026	group	IBS-D	-0.0857211877865399	0.350650049222059	62	62	0.807705841827899	0.911277691402003
K01880	group	IBS-D	0.035477071666796	0.146888273573465	62	62	0.809972402414225	0.913616323794663
K00318	group	IBS-D	0.165027476604246	0.685361991367378	62	62	0.810539724676347	0.914037623523112
K16927	group	IBS-D	-0.156020165255159	0.65242418828935	62	62	0.811812672617479	0.915254258681336
K03119	group	IBS-D	-0.132499635452343	0.554923891881647	62	58	0.81209696233189	0.915355945114052
K07739	group	IBS-D	-0.185728453626054	0.787361221566205	62	61	0.814323533620686	0.917646304553203
K01591	group	IBS-D	0.00676874015212718	0.0287677898333197	62	62	0.814785763106204	0.917753189107417
K07482	group	IBS-D	0.0873741394902636	0.371393009211016	62	62	0.814807591771152	0.917753189107417
K00797	group	IBS-D	0.0308150306083516	0.131466704170321	62	62	0.815476992197322	0.918068630986529
K05801	group	IBS-D	0.0299481508598115	0.127736524446122	62	62	0.815431910392286	0.918068630986529
K13655	group	IBS-D	0.16308679280919	0.696668299502807	62	60	0.815707924413891	0.918109444280647
K10771	group	IBS-D	-0.0968948798678058	0.41447185952508	62	62	0.815952256565881	0.918165316622451
K01493	group	IBS-D	0.029862753302892	0.128785397188091	62	62	0.817420290747137	0.919253417676342
K13745	group	IBS-D	0.0996721979725697	0.430044721693343	62	62	0.817503993582396	0.919253417676342
K17828	group	IBS-D	0.0332147757272554	0.143158637585216	62	62	0.817316837279684	0.919253417676342
K03297	group	IBS-D	0.0982452735486111	0.425093051823397	62	62	0.818011973587733	0.91933394382989
K12527	group	IBS-D	0.0754362465415154	0.326673040367192	62	62	0.818160424566168	0.91933394382989
K19285	group	IBS-D	-0.082785777917977	0.358118098382133	62	62	0.817970074667927	0.91933394382989
K02168	group	IBS-D	0.0582051550441939	0.253054858036473	62	62	0.818866355720978	0.91990798798955
K00819	group	IBS-D	-0.148612940067103	0.647223181367443	62	62	0.819170977895543	0.92003103876051
K07574	group	IBS-D	0.0161655863697374	0.0705122019994002	62	62	0.81944699830638	0.920121915241163
K00821	group	IBS-D	-0.0232612288041793	0.101897156969565	62	62	0.820203682309177	0.920752336531797
K01961	group	IBS-D	0.042656868731513	0.187816249222488	62	62	0.821102348993561	0.921541808151745
K00849	group	IBS-D	0.0171579449222812	0.0759343476067901	62	62	0.822002334506568	0.922332383900303
K18216	group	IBS-D	-0.0794225244947758	0.352414705447883	62	62	0.822459903917634	0.922406874405603
K18217	group	IBS-D	-0.0794225244947758	0.352414705447883	62	62	0.822459903917634	0.922406874405603
K02471	group	IBS-D	0.0775453054143812	0.344480088436983	62	62	0.822660011509854	0.922411938725742
K09131	group	IBS-D	-0.0912857870128033	0.406657671806467	62	62	0.823147918934041	0.922739621034689
K07458	group	IBS-D	-0.0746384265126485	0.333647180517686	62	62	0.823747078852958	0.92297249319804
K15777	group	IBS-D	-0.0566742264927939	0.253313280056845	62	62	0.823726079260204	0.92297249319804
K01197	group	IBS-D	0.0371092218357835	0.166366845032847	62	62	0.824249112850264	0.923315633302101
K01420	group	IBS-D	-0.0225101781904033	0.101875673019223	62	62	0.825875852729777	0.924899844388536
K09384	group	IBS-D	-0.233153014777867	1.05630319502638	62	61	0.826055586209609	0.924899844388536
K18474	group	IBS-D	-0.0683583007694319	0.310597206700346	62	62	0.826550787231046	0.925234633890722
K03146	group	IBS-D	-0.0788483115017407	0.35935234210956	62	62	0.827069332470931	0.925375794052885
K03438	group	IBS-D	0.004971712433454	0.0226336243370513	62	62	0.826881208147191	0.925375794052885
K06200	group	IBS-D	0.0274709680862784	0.126084057087038	62	62	0.828263308835056	0.926491879617202
K03147	group	IBS-D	0.0122516996137234	0.0564745071442464	62	62	0.828989435878135	0.927084225658355
K14441	group	IBS-D	0.0235309396958195	0.109800520654659	62	62	0.831034901842905	0.929043043936938
K19165	group	IBS-D	-0.116043032644709	0.541808190903732	62	62	0.831134987779886	0.929043043936938
K03980	group	IBS-D	0.0338881968230879	0.15842990732648	62	62	0.831350081679056	0.929063266634698
K06331	group	IBS-D	0.189183456198068	0.888004823954054	62	51	0.832015419385353	0.929586524004104
K03457	group	IBS-D	-0.0631294629488807	0.296783315476299	62	62	0.832272411449866	0.929653408905156
K14415	group	IBS-D	0.121795800191421	0.573939611411311	62	62	0.832662373734294	0.929868755512889
K00633	group	IBS-D	-0.0781765431536783	0.369390075582856	62	62	0.833107624978924	0.929943564278626
K03478	group	IBS-D	0.0415578974473607	0.196514290361439	62	62	0.833233165570462	0.929943564278626
K11072	group	IBS-D	-0.0292096221245931	0.138197000434001	62	62	0.833320929313289	0.929943564278626
K02160	group	IBS-D	0.0358568471749135	0.171218333568548	62	62	0.834828435615117	0.930539091393227
K03117	group	IBS-D	0.0553279526690834	0.263761038884339	62	62	0.834561391260421	0.930539091393227
K06120	group	IBS-D	-0.181114589505341	0.868056890627054	62	34	0.835433102832681	0.930539091393227
K12962	group	IBS-D	-0.0910444968063638	0.433545171736774	62	62	0.834379130592468	0.930539091393227
K16053	group	IBS-D	-0.0646106351515044	0.308532793036561	62	62	0.834835612822104	0.930539091393227
K16872	group	IBS-D	0.195226888703205	0.933603975988317	62	57	0.835069909184423	0.930539091393227
K19212	group	IBS-D	-0.181114589505341	0.868056890627054	62	34	0.835433102832681	0.930539091393227
K19265	group	IBS-D	0.057655820984189	0.276267526502065	62	62	0.835392745878435	0.930539091393227
K00939	group	IBS-D	0.00515336847831497	0.0247660642888038	62	62	0.835869778581036	0.930805637730381
K03615	group	IBS-D	0.0403237927088642	0.194026991963597	62	62	0.836068894224114	0.93080757912203
K02282	group	IBS-D	-0.144416391593739	0.696725627812935	62	62	0.836494090611	0.930841465625643
K03687	group	IBS-D	0.00514554074440408	0.0248093752334549	62	62	0.836397411049414	0.930841465625643
K03672	group	IBS-D	-0.116791475388311	0.565715975683234	62	58	0.837139202718374	0.931339580094327
K06893	group	IBS-D	-0.1620666376582	0.790491088932947	62	60	0.83825029582104	0.93235575355944
K02565	group	IBS-D	0.108951687721639	0.53226843152907	62	62	0.838504693257275	0.932418800613371
K06285	group	IBS-D	0.17837100068487	0.879796956801147	62	51	0.840023341817163	0.933667235448914
K16188	group	IBS-D	0.17837100068487	0.879796956801147	62	51	0.840023341817163	0.933667235448914
K18119	group	IBS-D	-0.163109426228871	0.809411149072332	62	59	0.840976638624476	0.934506556963485
K12942	group	IBS-D	0.0387628584373277	0.192975596431768	62	62	0.84148020629012	0.934845854620543
K03500	group	IBS-D	-0.019376305049158	0.0966540221215793	62	62	0.841790402142853	0.934970215851553
K00603	group	IBS-D	-0.071185618131278	0.358166732020735	62	62	0.843130297512374	0.935659270003875
K03307	group	IBS-D	0.0394516173856605	0.198492169458852	62	62	0.843125158915402	0.935659270003875
K08260	group	IBS-D	-0.0696243182184515	0.350025058422572	62	62	0.84300379692721	0.935659270003875
K15633	group	IBS-D	-0.0539735612456382	0.271695218177056	62	62	0.843204388786359	0.935659270003875
K00571	group	IBS-D	-0.0273572918675635	0.139232058592121	62	62	0.844893013493597	0.93709206294351
K01681	group	IBS-D	0.0285595770716409	0.14519789117891	62	62	0.844731626338843	0.93709206294351
K15862	group	IBS-D	0.133385207519663	0.680968861143262	62	62	0.845369389531462	0.937399962621767
K06889	group	IBS-D	0.0285551647411299	0.146292237786843	62	62	0.845901649967154	0.937549278788508
K07133	group	IBS-D	-0.0360335451482137	0.184555584752337	62	62	0.845860868694133	0.937549278788508
K09729	group	IBS-D	-0.0430604000404247	0.221787914876363	62	62	0.846713306396837	0.938228372407773
K00820	group	IBS-D	-0.00747125288823205	0.0386441361479923	62	62	0.847349839997823	0.938492683285518
K09017	group	IBS-D	0.107741711348082	0.556778067054065	62	58	0.847213761401846	0.938492683285518
K17213	group	IBS-D	-0.11856385351203	0.618048177222643	62	61	0.84851847816321	0.939566363704554
K02107	group	IBS-D	0.0692794094609188	0.363751431331929	62	62	0.849593118834431	0.940535480850511
K13993	group	IBS-D	-0.05881945371335	0.313452235211507	62	62	0.851783835169389	0.942739396071072
K19509	group	IBS-D	-0.136930137799868	0.732924182471702	62	62	0.852426450804498	0.943229268417178
K03651	group	IBS-D	-0.0751112231168166	0.404449073572716	62	62	0.853296686470923	0.94397071860119
K01026	group	IBS-D	-0.122815035046874	0.669276677693837	62	62	0.85502120616469	0.945061795932076
K01486	group	IBS-D	-0.0399160291517057	0.217843449071484	62	62	0.855233273180882	0.945061795932076
K03885	group	IBS-D	0.0171506221921238	0.0935593520943119	62	62	0.855170693071397	0.945061795932076
K09607	group	IBS-D	-0.0699958501298232	0.382103783686714	62	62	0.855270137606208	0.945061795932076
K09818	group	IBS-D	-0.146830965873369	0.801625657656168	62	61	0.855284933214186	0.945061795932076
K01746	group	IBS-D	-0.0410076295102543	0.225874017228117	62	62	0.85654712909307	0.946227256272355
K05988	group	IBS-D	-0.191085806285727	1.05395932489197	62	59	0.856740963588413	0.946227256272355
K03040	group	IBS-D	0.004256462780293	0.0235712829557515	62	62	0.857307131641717	0.946390273146599
K04794	group	IBS-D	-0.144544826429042	0.801620018864188	62	61	0.857512231978968	0.946390273146599
K06434	group	IBS-D	0.159140231454099	0.88368620213611	62	51	0.857691269598932	0.946390273146599
K09936	group	IBS-D	-0.0682420285682522	0.377481533436046	62	62	0.857147625062251	0.946390273146599
K02117	group	IBS-D	0.0425824194148697	0.238542247501561	62	62	0.85892305441892	0.946766057736847
K02118	group	IBS-D	0.0425824194148697	0.238542247501561	62	62	0.85892305441892	0.946766057736847
K02123	group	IBS-D	0.0425492649797983	0.238548915901762	62	62	0.859035615151817	0.946766057736847
K02124	group	IBS-D	0.0425824194148697	0.238542247501561	62	62	0.85892305441892	0.946766057736847
K09136	group	IBS-D	-0.0700666981039751	0.391488944687859	62	62	0.858560398416602	0.946766057736847
K17735	group	IBS-D	0.0984466395309046	0.553549556065073	62	57	0.859442906826156	0.946993632848633
K03366	group	IBS-D	-0.073532143386443	0.41412087779003	62	62	0.859665040633835	0.947017129555984
K00651	group	IBS-D	-0.0375387326669726	0.212131156731889	62	62	0.86013580366095	0.947181993890005
K00941	group	IBS-D	-0.00937509607027767	0.0530094798876626	62	62	0.86021638673259	0.947181993890005
K01761	group	IBS-D	-0.0561523430572032	0.320449985934186	62	62	0.861489187249429	0.948362046467859
K00548	group	IBS-D	-0.0289408734658559	0.166018434731526	62	62	0.8621982973557	0.948921159936868
K00631	group	IBS-D	-0.0712773830096699	0.411948199600663	62	62	0.863214066942506	0.949525662901851
K01409	group	IBS-D	0.00752499130534188	0.0434662235329509	62	62	0.863137673580645	0.949525662901851
K03292	group	IBS-D	-0.0475215521728644	0.27493039136294	62	62	0.863351578143159	0.949525662901851
K07271	group	IBS-D	-0.0349863750556576	0.203383411755947	62	62	0.86399931815105	0.95001650370724
K00809	group	IBS-D	-0.132996465758171	0.774913276691032	62	62	0.864307891266844	0.950134269280755
K00375	group	IBS-D	0.04091214555394	0.239016919369785	62	62	0.864667302848408	0.950299860559193
K09781	group	IBS-D	-0.0456706666058731	0.267204468225293	62	62	0.864861535521641	0.950299860559193
K07791	group	IBS-D	-0.0404914279491154	0.242439904979	62	62	0.867918797267957	0.953437001610922
K00564	group	IBS-D	-0.0259126530338887	0.155674146753473	62	62	0.868359007873934	0.953698435289584
K03299	group	IBS-D	0.0331286959348236	0.200061590062659	62	62	0.869034362007377	0.953984142844303
K13963	group	IBS-D	-0.0686951999142566	0.414192569623462	62	62	0.868830008435932	0.953984142844303
K14540	group	IBS-D	0.0115436636456613	0.0698143918740731	62	62	0.869226009712038	0.953984142844303
K00635	group	IBS-D	-0.153124136355903	0.932375794302724	62	12	0.870102037998253	0.954501328494943
K14159	group	IBS-D	-0.153124136355903	0.932375794302724	62	12	0.870102037998253	0.954501328494943
K00554	group	IBS-D	0.00360984561237641	0.022070893675192	62	62	0.870629707322803	0.95485806970566
K01342	group	IBS-D	-0.104789268882527	0.644207785634166	62	35	0.871329778563049	0.954959617872029
K03783	group	IBS-D	0.021242155170212	0.130465205454077	62	62	0.87120844438419	0.954959617872029
K04568	group	IBS-D	-0.0679299101477181	0.417192856302303	62	62	0.871202477375997	0.954959617872029
K02120	group	IBS-D	0.0380332188498809	0.238638882470171	62	62	0.873908237907356	0.956678613791954
K04744	group	IBS-D	-0.0199955422289803	0.124947202215325	62	62	0.873393466400596	0.956678613791954
K07798	group	IBS-D	0.0640407257706501	0.401010309769542	62	62	0.873655019516819	0.956678613791954
K11177	group	IBS-D	-0.0952490767317538	0.598630881232826	62	57	0.874115383127551	0.956678613791954
K11178	group	IBS-D	-0.0952490767317538	0.598630881232826	62	57	0.874115383127551	0.956678613791954
K13483	group	IBS-D	-0.0952490767317538	0.598630881232826	62	57	0.874115383127551	0.956678613791954
K00949	group	IBS-D	-0.0185991106293162	0.118779240561122	62	62	0.876097203378691	0.958625153395338
K01425	group	IBS-D	0.0484730866445069	0.313857434771728	62	62	0.877778785132744	0.960242345322667
K02804	group	IBS-D	-0.0427268441123339	0.281040515517764	62	62	0.879672625939858	0.962090933193963
K02585	group	IBS-D	-0.13627690483661	0.900417760783216	62	52	0.880208515217518	0.962453827443963
K03793	group	IBS-D	-0.152652495633735	1.01286432958485	62	13	0.88070714380079	0.962775820622282
K07273	group	IBS-D	0.0417353430866652	0.277979247708874	62	62	0.881159050505473	0.963046600737847
K01826	group	IBS-D	0.13357998539213	0.902037833866826	62	59	0.882770742565053	0.964137754038163
K03655	group	IBS-D	-0.0144452170436714	0.0974691143065884	62	62	0.882679500332563	0.964137754038163
K06950	group	IBS-D	0.0282351797856086	0.190444769285239	62	62	0.882635395431727	0.964137754038163
K02841	group	IBS-D	0.0176378179970435	0.119505698904325	62	62	0.88316138531419	0.964341072734827
K02111	group	IBS-D	0.00586677658782545	0.0402973844139906	62	62	0.884735406417271	0.965836152005521
K01212	group	IBS-D	-0.0665873390236815	0.458486177096396	62	62	0.885013674145267	0.96591633586417
K07214	group	IBS-D	-0.0632274066624885	0.436803174665558	62	62	0.885393134142341	0.966106899725886
K03340	group	IBS-D	0.0265394055435318	0.184958755437758	62	62	0.886385427347099	0.96696592074229
K02777	group	IBS-D	-0.0293467696305753	0.204907386397285	62	62	0.886596598547765	0.966972608406859
K00175	group	IBS-D	0.0249340901786366	0.17444725586441	62	62	0.886822833665837	0.966995718744066
K00135	group	IBS-D	0.053294485584716	0.376389299001956	62	62	0.887875022143884	0.967710590411066
K03426	group	IBS-D	-0.0211319431855592	0.149261664220685	62	62	0.887888830514988	0.967710590411066
K01573	group	IBS-D	-0.057084035880205	0.407420770053966	62	62	0.889041767830011	0.968297893483048
K01799	group	IBS-D	-0.0793532619591951	0.565247432823117	62	57	0.888824644188459	0.968297893483048
K08999	group	IBS-D	0.0355181788059481	0.253978163340557	62	62	0.889248977242384	0.968297893483048
K14188	group	IBS-D	-0.0256515634659501	0.183259771823923	62	62	0.889149530216474	0.968297893483048
K00174	group	IBS-D	0.0241787282819844	0.174272757903182	62	62	0.890119656453109	0.968482218526183
K03739	group	IBS-D	-0.0254511854117992	0.183262945568002	62	62	0.890011668474474	0.968482218526183
K12295	group	IBS-D	-0.0496989476113668	0.357069732051821	62	62	0.889769661624857	0.968482218526183
K18979	group	IBS-D	0.0232085385058949	0.167464078320496	62	62	0.890239698327184	0.968482218526183
K00928	group	IBS-D	0.00391036914072508	0.0284335102667858	62	62	0.891074905068293	0.968830491093532
K02109	group	IBS-D	-0.0056872968594862	0.0412973952161922	62	62	0.890926288254022	0.968830491093532
K07069	group	IBS-D	0.0504656774758281	0.367295189990084	62	62	0.891176138753974	0.968830491093532
K01753	group	IBS-D	0.0599610390952845	0.437986289965526	62	61	0.891566895160303	0.969031914629175
K03720	group	IBS-D	-0.054896327026984	0.40381034893698	62	62	0.892319207851987	0.969626125398611
K09809	group	IBS-D	-0.0994837409095561	0.736103003452396	62	56	0.892946279232029	0.970084002040601
K02016	group	IBS-D	0.00603362832641301	0.0448229095511219	62	62	0.893370486784612	0.970321330187984
K07459	group	IBS-D	-0.0304735721464555	0.227435342650711	62	62	0.893860606587142	0.970630122188571
K01187	group	IBS-D	-0.0287289275920445	0.217011105398711	62	62	0.895123064077057	0.97177724912233
K02077	group	IBS-D	0.0292699845934161	0.222579286987771	62	62	0.895816883103329	0.97209751774783
K04076	group	IBS-D	0.11001971977103	0.836737346499882	62	54	0.895830324879573	0.97209751774783
K00612	group	IBS-D	-0.0918304524329133	0.703724715936393	62	56	0.896613704466362	0.972500052958456
K08156	group	IBS-D	0.109009820125179	0.835198609743333	62	60	0.896591941185834	0.972500052958456
K13732	group	IBS-D	0.138320212882846	1.06571566631856	62	58	0.897165995335772	0.972875335480225
K01073	group	IBS-D	-0.0464069035292637	0.358408752375827	62	62	0.897410634145305	0.972916908190635
K07461	group	IBS-D	0.0127375097778547	0.099142908896146	62	62	0.89820176485379	0.973550798218909
K03569	group	IBS-D	-0.0151090930603245	0.11845485617911	62	62	0.898930461244081	0.974116740631223
K06391	group	IBS-D	0.1037967677958	0.817560751863227	62	55	0.899397303399565	0.974174938638574
K09975	group	IBS-D	0.0444411938224949	0.349739200699854	62	62	0.899310271348554	0.974174938638574
K05365	group	IBS-D	0.0531479561566912	0.420909827795837	62	62	0.899941001006452	0.974294716374322
K06871	group	IBS-D	-0.037787604966911	0.299824564869614	62	62	0.900127667354309	0.974294716374322
K11614	group	IBS-D	-0.0453235747791991	0.358285964538565	62	62	0.899758233967462	0.974294716374322
K13853	group	IBS-D	-0.101310198368208	0.806587821177581	62	59	0.90046576810149	0.974437026701842
K03761	group	IBS-D	-0.0678773127732454	0.547970352079785	62	57	0.901831922404149	0.975691522380813
K07289	group	IBS-D	-0.099415256717224	0.810530951591962	62	58	0.902790624759336	0.976504721643355
K01878	group	IBS-D	-0.00838611436053176	0.0690424339284988	62	62	0.903730047083169	0.976624862979886
K01879	group	IBS-D	-0.00838611436053176	0.0690424339284988	62	62	0.903730047083169	0.976624862979886
K03091	group	IBS-D	-0.0244937731446773	0.201383314208778	62	62	0.903600375078249	0.976624862979886
K19157	group	IBS-D	-0.0235731591627156	0.193386098549514	62	62	0.903388047585947	0.976624862979886
K06881	group	IBS-D	0.0165393845353499	0.136804767457178	62	62	0.904176010564526	0.976882947496519
K07397	group	IBS-D	-0.0319945731847202	0.269495948637832	62	62	0.905893735475113	0.978514625859055
K11031	group	IBS-D	-0.0318070469191923	0.269212087204397	62	62	0.906344521179163	0.978777367043951
K01760	group	IBS-D	0.0121557864139443	0.103812612130431	62	62	0.907177007703167	0.979047379573269
K03090	group	IBS-D	-0.0428217512250684	0.36542715883015	62	62	0.907106635889504	0.979047379573269
K17869	group	IBS-D	-0.0944062352785374	0.806598546023133	62	59	0.907217355541812	0.979047379573269
K02843	group	IBS-D	0.00847745285468073	0.0727804070054198	62	62	0.907661236842658	0.97911507777229
K19354	group	IBS-D	-0.0779735873175975	0.669665111768575	62	60	0.907695318070495	0.97911507777229
K03210	group	IBS-D	-0.00214570648075186	0.0185277395616614	62	62	0.908189480364268	0.979239099396999
K07757	group	IBS-D	-0.0933047045405544	0.805985496256849	62	59	0.908225576921645	0.979239099396999
K01897	group	IBS-D	-0.00380314977656585	0.0331146920094968	62	62	0.90894923737909	0.979557463639886
K02108	group	IBS-D	0.00465765269128095	0.0411454561217925	62	62	0.910250155500228	0.979557463639886
K02110	group	IBS-D	0.00448618682375834	0.041136914820895903	62	62	0.913522766245618	0.979557463639886
K02112	group	IBS-D	0.00464247013541819	0.041143520982304	62	62	0.910537261799606	0.979557463639886
K02115	group	IBS-D	0.00465765269128095	0.0411454561217925	62	62	0.910250155500228	0.979557463639886
K03528	group	IBS-D	0.0458567215044317	0.420899226795887	62	62	0.913606172269555	0.979557463639886
K03580	group	IBS-D	0.0467147707962009	0.420879850392943	62	62	0.911992251613353	0.979557463639886
K03683	group	IBS-D	0.0458567215044317	0.420899226795887	62	62	0.913606172269555	0.979557463639886
K03816	group	IBS-D	-0.0236217068916664	0.205854018984148	62	62	0.909026593463686	0.979557463639886
K04691	group	IBS-D	0.0465978113215428	0.420884434066813	62	62	0.912212633316279	0.979557463639886
K05352	group	IBS-D	-0.0224602678569549	0.199423223394998	62	62	0.910702932318002	0.979557463639886
K05810	group	IBS-D	0.00567687857707772	0.0511137386858549	62	62	0.911936563578504	0.979557463639886
K07035	group	IBS-D	0.0246992000419145	0.220265103115085	62	62	0.911091493575672	0.979557463639886
K07235	group	IBS-D	0.0467147707962009	0.420879850392943	62	62	0.911992251613353	0.979557463639886
K07236	group	IBS-D	0.0469021034037124	0.420872520784341	62	62	0.911639275820594	0.979557463639886
K07400	group	IBS-D	0.0467147707962009	0.420879850392943	62	62	0.911992251613353	0.979557463639886
K09825	group	IBS-D	-0.0246563777835648	0.226593206340637	62	62	0.913713588327366	0.979557463639886
K09895	group	IBS-D	0.0458567215044317	0.420899226795887	62	62	0.913606172269555	0.979557463639886
K09902	group	IBS-D	0.0467147707962009	0.420879850392943	62	62	0.911992251613353	0.979557463639886
K09925	group	IBS-D	-0.021214988696992	0.190605390264906	62	62	0.911747425085186	0.979557463639886
K11179	group	IBS-D	0.0467507165607652	0.420886690740148	62	62	0.911926239995826	0.979557463639886
K13541	group	IBS-D	-0.0767524572153523	0.702405739611343	62	56	0.913352322568914	0.979557463639886
K18006	group	IBS-D	-0.0497484142016661	0.456689516662194	62	14	0.913619381578664	0.979557463639886
K18820	group	IBS-D	-0.0497484142016661	0.456689516662194	62	14	0.913619381578664	0.979557463639886
K19355	group	IBS-D	-0.0398295855402153	0.358623789801007	62	62	0.911937626781774	0.979557463639886
K07343	group	IBS-D	0.0438566288741159	0.40626925368918	62	62	0.914395802262655	0.979843354571843
K07456	group	IBS-D	0.0141819032367862	0.131334232397445	62	62	0.91436923649717206	0.979843354571843
K04014	group	IBS-D	-0.0433138956760768	0.405065596629477	62	62	0.915200801584391	0.980386220198776
K09909	group	IBS-D	0.045285604548508	0.424094039694626	62	62	0.915318178018493	0.980386220198776
K07221	group	IBS-D	0.0319704629070823	0.300200949908661	62	62	0.915543413892032	0.980404800162312
K05776	group	IBS-D	-0.0427433789132291	0.406251172638703	62	62	0.916556822314851	0.981267190473742
K01141	group	IBS-D	-0.0419194616092849	0.403187652099873	62	62	0.917539834000739	0.982096653914545
K07014	group	IBS-D	-0.0360579919321113	0.348293327967823	62	62	0.917889469281238	0.982247954874137
K01534	group	IBS-D	0.0168667951554765	0.16624328782589	62	62	0.91952479476701	0.98230772474143
K02548	group	IBS-D	-0.0100548522085124	0.097450747170889	62	62	0.918165149499776	0.98230772474143
K05515	group	IBS-D	0.0132007300649879	0.128318721573077	62	62	0.918405608488742	0.98230772474143
K06217	group	IBS-D	-0.00399895975170463	0.0395636789103945	62	62	0.919826712757685	0.98230772474143
K06415	group	IBS-D	-0.0895790213834772	0.883584656012438	62	51	0.919585764096358	0.98230772474143
K07150	group	IBS-D	0.027038548423317	0.266999407191974	62	62	0.919675218632803	0.98230772474143
K12552	group	IBS-D	-0.0361225517517916	0.358281944914943	62	62	0.920028248554474	0.98230772474143
K14941	group	IBS-D	-0.0361225517517916	0.358281944914943	62	62	0.920028248554474	0.98230772474143
K15640	group	IBS-D	-0.0361225517517916	0.358281944914943	62	62	0.920028248554474	0.98230772474143
K19349	group	IBS-D	-0.0361225517517916	0.358281944914943	62	62	0.920028248554474	0.98230772474143
K00058	group	IBS-D	0.00829285669881978	0.107513283805127	62	62	0.938774126722062	0.982542613122097
K00100	group	IBS-D	0.0177321644697277	0.208838338485775	62	62	0.93261676628636	0.982542613122097
K00156	group	IBS-D	0.020527432941047	0.261892273501859	62	62	0.937785639392233	0.982542613122097
K00166	group	IBS-D	0.0468063384689318	0.560586762696359	62	57	0.933735693937065	0.982542613122097
K00167	group	IBS-D	0.0468063384689318	0.560586762696359	62	57	0.933735693937065	0.982542613122097
K00247	group	IBS-D	-0.0243629830374768	0.407121717679624	62	62	0.952480340522098	0.982542613122097
K00558	group	IBS-D	-0.0140537861835901	0.160564022443964	62	62	0.930543606086527	0.982542613122097
K00673	group	IBS-D	-0.056279845340751	0.561897029121812	62	57	0.920550890791548	0.982542613122097
K00880	group	IBS-D	0.0346461566062775	0.379169529002336	62	62	0.927499969732216	0.982542613122097
K00884	group	IBS-D	-0.0240558286644514	0.407485570416771	62	62	0.95312057539393	0.982542613122097
K00936	group	IBS-D	0.0154187321394403	0.223908100719519	62	62	0.945328548039751	0.982542613122097
K00986	group	IBS-D	0.102519771139992	1.06467679029096	62	56	0.923609639167693	0.982542613122097
K01096	group	IBS-D	-0.0247966075199344	0.407663176425459	62	62	0.951699772503169	0.982542613122097
K01130	group	IBS-D	-0.044650080242309	0.471410879773638	62	62	0.92485614241257	0.982542613122097
K01166	group	IBS-D	-0.0261355357805465	0.404016168842477	62	62	0.948636407414171	0.982542613122097
K01175	group	IBS-D	-0.0309303277758061	0.407460328813336	62	62	0.939743221326812	0.982542613122097
K01181	group	IBS-D	0.0441865522461576	0.477256418663091	62	62	0.926542097867505	0.982542613122097
K01206	group	IBS-D	0.0126339125560429	0.158637292433606	62	62	0.936788421409734	0.982542613122097
K01299	group	IBS-D	-0.0150793604821061	0.246642965353318	62	62	0.951452174532371	0.982542613122097
K01406	group	IBS-D	0.0891077252447091	0.906176482425613	62	58	0.921995063627776	0.982542613122097
K01407	group	IBS-D	0.0320700276218489	0.413360306890232	62	62	0.938417347091195	0.982542613122097
K01487	group	IBS-D	0.0186757622649046	0.241533431199742	62	62	0.938624943972225	0.982542613122097
K01738	group	IBS-D	0.00531553916876717	0.0604724764583849	62	62	0.93024876619124	0.982542613122097
K01751	group	IBS-D	-0.0172841385140542	0.270650150836435	62	62	0.949292754271073	0.982542613122097
K01821	group	IBS-D	0.00949197780453264	0.131005403466831	62	62	0.942480921730616	0.982542613122097
K01955	group	IBS-D	-0.00360906714690055	0.0487599046493819	62	62	0.941242988095394	0.982542613122097
K02009	group	IBS-D	-0.0220373364360329	0.361055464069904	62	62	0.951533496104715	0.982542613122097
K02114	group	IBS-D	0.00401350486878422	0.0412112200658155	62	62	0.922742360962793	0.982542613122097
K02196	group	IBS-D	0.0420757936179384	0.420742310548902	62	62	0.920674776135413	0.982542613122097
K02344	group	IBS-D	-0.023634147996873	0.407468220418318	62	62	0.953939432950124	0.982542613122097
K02355	group	IBS-D	0.00491237933315271	0.0793498864397866	62	62	0.950841998930801	0.982542613122097
K02380	group	IBS-D	-0.0326231745746581	0.338578185115646	62	62	0.923560982467512	0.982542613122097
K02430	group	IBS-D	0.0300474363971464	0.413586338338634	62	62	0.942325536852352	0.982542613122097
K02504	group	IBS-D	-0.023634147996873	0.407468220418318	62	62	0.953939432950124	0.982542613122097
K02505	group	IBS-D	-0.023634147996873	0.407468220418318	62	62	0.953939432950124	0.982542613122097
K02521	group	IBS-D	-0.0309118008065687	0.407461421776292	62	62	0.93977940541784	0.982542613122097
K02560	group	IBS-D	-0.023634147996873	0.407468220418318	62	62	0.953939432950124	0.982542613122097
K02679	group	IBS-D	-0.023634147996873	0.407468220418318	62	62	0.953939432950124	0.982542613122097
K02680	group	IBS-D	-0.023634147996873	0.407468220418318	62	62	0.953939432950124	0.982542613122097
K02681	group	IBS-D	-0.023634147996873	0.407468220418318	62	62	0.953939432950124	0.982542613122097
K02682	group	IBS-D	-0.023634147996873	0.407468220418318	62	62	0.953939432950124	0.982542613122097
K02945	group	IBS-D	-0.0036360136517499	0.0372041493288865	62	62	0.922471332157312	0.982542613122097
K03078	group	IBS-D	0.0308466678989602	0.413419565053023	62	62	0.940770467926843	0.982542613122097
K03079	group	IBS-D	-0.0514827823697165	0.76417245963771	62	60	0.946510650231659	0.982542613122097
K03184	group	IBS-D	0.0314630924551608	0.413548577527131	62	62	0.939607961851423	0.982542613122097
K03314	group	IBS-D	-0.023634147996873	0.407468220418318	62	62	0.953939432950124	0.982542613122097
K03556	group	IBS-D	0.0401617600823486	0.41001480915368	62	62	0.922296922843194	0.982542613122097
K03573	group	IBS-D	-0.023634147996873	0.407468220418318	62	62	0.953939432950124	0.982542613122097
K03575	group	IBS-D	-0.00321472287888335	0.0458111469106249	62	62	0.944289030330081	0.982542613122097
K03591	group	IBS-D	-0.023634147996873	0.407468220418318	62	62	0.953939432950124	0.982542613122097
K03603	group	IBS-D	-0.023634147996873	0.407468220418318	62	62	0.953939432950124	0.982542613122097
K03632	group	IBS-D	-0.023634147996873	0.407468220418318	62	62	0.953939432950124	0.982542613122097
K03633	group	IBS-D	-0.023634147996873	0.407468220418318	62	62	0.953939432950124	0.982542613122097
K03645	group	IBS-D	-0.023634147996873	0.407468220418318	62	62	0.953939432950124	0.982542613122097
K03674	group	IBS-D	-0.0309303277758061	0.407460328813336	62	62	0.939743221326812	0.982542613122097
K03721	group	IBS-D	-0.0250477800701215	0.402703525358753	62	62	0.950611051481034	0.982542613122097
K03737	group	IBS-D	-0.022027789123741	0.222705705803982	62	62	0.921539561190581	0.982542613122097
K03740	group	IBS-D	0.0105624012097853	0.176644018187811	62	62	0.952517752538374	0.982542613122097
K03764	group	IBS-D	-0.023634147996873	0.407468220418318	62	62	0.953939432950124	0.982542613122097
K03804	group	IBS-D	-0.023634147996873	0.407468220418318	62	62	0.953939432950124	0.982542613122097
K04017	group	IBS-D	0.0359832302004302	0.41358012757574403	62	62	0.930957846658426	0.982542613122097
K04018	group	IBS-D	0.0352978598048959	0.413616446957236	62	62	0.932275546801455	0.982542613122097
K04043	group	IBS-D	0.00135722574995607	0.0203482704074183	62	62	0.947042448807514	0.982542613122097
K04067	group	IBS-D	-0.023634147996873	0.407468220418318	62	62	0.953939432950124	0.982542613122097
K04753	group	IBS-D	-0.023634147996873	0.407468220418318	62	62	0.953939432950124	0.982542613122097
K04758	group	IBS-D	0.00561226252382591	0.0732189803627893	62	62	0.939156706320118	0.982542613122097
K04765	group	IBS-D	0.029052627584578	0.420483256904911	62	62	0.945145013696555	0.982542613122097
K04770	group	IBS-D	-0.023634147996873	0.407468220418318	62	62	0.953939432950124	0.982542613122097
K04774	group	IBS-D	0.0366703666321385	0.421526810535144	62	62	0.930965843533916	0.982542613122097
K05590	group	IBS-D	-0.023634147996873	0.407468220418318	62	62	0.953939432950124	0.982542613122097
K05597	group	IBS-D	-0.0408093073742996	0.555270395628513	62	58	0.941657107025035	0.982542613122097
K05803	group	IBS-D	-0.023634147996873	0.407468220418318	62	62	0.953939432950124	0.982542613122097
K05809	group	IBS-D	-0.023634147996873	0.407468220418318	62	62	0.953939432950124	0.982542613122097
K06180	group	IBS-D	-0.00700417324286899	0.0871687624978367	62	62	0.936224820932894	0.982542613122097
K06203	group	IBS-D	-0.028015291326324	0.404570705025082	62	62	0.945023314877491	0.982542613122097
K06212	group	IBS-D	-0.023634147996873	0.407468220418318	62	62	0.953939432950124	0.982542613122097
K06425	group	IBS-D	0.0591402314541009	0.881537606171759	62	51	0.946735032670404	0.982542613122097
K06436	group	IBS-D	-0.0631188855700943	0.86887183017925	62	52	0.942330525607449	0.982542613122097
K06445	group	IBS-D	-0.0338408785397135	0.553090226914252	62	57	0.95141515557501	0.982542613122097
K06879	group	IBS-D	0.0259813509467874	0.419779756649166	62	62	0.950853906429311	0.982542613122097
K06894	group	IBS-D	-0.0214645788306169	0.370548882597743	62	62	0.953999708542426	0.982542613122097
K06918	group	IBS-D	-0.0382511434346182	0.407647203313008	62	62	0.925553716888626	0.982542613122097
K06946	group	IBS-D	-0.0664134792430554	0.668883331395076	62	60	0.921238951739782	0.982542613122097
K06957	group	IBS-D	-0.0317890436240233	0.407480685433255	62	62	0.938076806315651	0.982542613122097
K07109	group	IBS-D	-0.0243094879663351	0.407510743295684	62	62	0.952629765812968	0.982542613122097
K07121	group	IBS-D	-0.0374924750334696	0.402969537298787	62	62	0.926181391073044	0.982542613122097
K07184	group	IBS-D	-0.0317705166547859	0.40748177834161	62	62	0.938112987107569	0.982542613122097
K07186	group	IBS-D	-0.023634147996873	0.407468220418318	62	62	0.953939432950124	0.982542613122097
K07261	group	IBS-D	-0.0323438677811271	0.407690440143526	62	62	0.937030672028467	0.982542613122097
K07308	group	IBS-D	-0.0399310113059483	0.417132060815355	62	62	0.924056007812692	0.982542613122097
K07334	group	IBS-D	0.0253279640375246	0.394478252624481	62	62	0.949019448937498	0.982542613122097
K07386	group	IBS-D	-0.0101952036369632	0.151905250973879	62	62	0.94671286986152	0.982542613122097
K07479	group	IBS-D	-0.023634147996873	0.407468220418318	62	62	0.953939432950124	0.982542613122097
K07507	group	IBS-D	0.0132191087649662	0.176060051211681	62	62	0.940398491192022	0.982542613122097
K07640	group	IBS-D	-0.0236156210276356	0.407469313360106	62	62	0.953975622353283	0.982542613122097
K07648	group	IBS-D	-0.023634147996873	0.407468220418318	62	62	0.953939432950124	0.982542613122097
K07685	group	IBS-D	-0.0293030169981248	0.406916358234599	62	62	0.942831565279686	0.982542613122097
K07751	group	IBS-D	-0.023634147996873	0.407468220418318	62	62	0.953939432950124	0.982542613122097
K07773	group	IBS-D	-0.023634147996873	0.407468220418318	62	62	0.953939432950124	0.982542613122097
K07821	group	IBS-D	0.0352231783724491	0.413621962905564	62	62	0.932419381669272	0.982542613122097
K08306	group	IBS-D	-0.023634147996873	0.407468220418318	62	62	0.953939432950124	0.982542613122097
K08312	group	IBS-D	0.0350469961515541	0.410194565189968	62	62	0.932196115985538	0.982542613122097
K08586	group	IBS-D	-0.0629191078028297	0.853176808563385	62	37	0.941457126244468	0.982542613122097
K08990	group	IBS-D	-0.0382511434346182	0.407647203313008	62	62	0.925553716888626	0.982542613122097
K08992	group	IBS-D	-0.031117660383317602	0.407467976946225	62	62	0.939380124304985	0.982542613122097
K09015	group	IBS-D	0.011168656690019	0.122714095340382	62	62	0.927784924072979	0.982542613122097
K09160	group	IBS-D	0.0283619989938766	0.420571799619285	62	62	0.94645823011783	0.982542613122097
K09699	group	IBS-D	0.0468063384689318	0.560586762696359	62	57	0.933735693937065	0.982542613122097
K09760	group	IBS-D	0.00681773225053202	0.0975262532442762	62	62	0.944500446333085	0.982542613122097
K09778	group	IBS-D	-0.0237576595802025	0.361632742100612	62	62	0.947838629562436	0.982542613122097
K09891	group	IBS-D	-0.0309303277758061	0.407460328813336	62	62	0.939743221326812	0.982542613122097
K09893	group	IBS-D	-0.023634147996873	0.407468220418318	62	62	0.953939432950124	0.982542613122097
K09894	group	IBS-D	-0.023634147996873	0.407468220418318	62	62	0.953939432950124	0.982542613122097
K09896	group	IBS-D	-0.023634147996873	0.407468220418318	62	62	0.953939432950124	0.982542613122097
K09897	group	IBS-D	-0.023634147996873	0.407468220418318	62	62	0.953939432950124	0.982542613122097
K09899	group	IBS-D	-0.023634147996873	0.407468220418318	62	62	0.953939432950124	0.982542613122097
K09900	group	IBS-D	0.0310770886146423	0.413583985460339	62	62	0.940352551111768	0.982542613122097
K09901	group	IBS-D	-0.023634147996873	0.407468220418318	62	62	0.953939432950124	0.982542613122097
K09904	group	IBS-D	-0.023634147996873	0.407468220418318	62	62	0.953939432950124	0.982542613122097
K09906	group	IBS-D	0.0351353379844794	0.424009428480068	62	62	0.934235100691263	0.982542613122097
K09907	group	IBS-D	-0.023634147996873	0.407468220418318	62	62	0.953939432950124	0.982542613122097
K09910	group	IBS-D	-0.023634147996873	0.407468220418318	62	62	0.953939432950124	0.982542613122097
K09911	group	IBS-D	-0.023634147996873	0.407468220418318	62	62	0.953939432950124	0.982542613122097
K09917	group	IBS-D	-0.023634147996873	0.407468220418318	62	62	0.953939432950124	0.982542613122097
K09923	group	IBS-D	-0.0237136206925079	0.405048828902817	62	62	0.953508997808188	0.982542613122097
K09997	group	IBS-D	-0.023634147996873	0.407468220418318	62	62	0.953939432950124	0.982542613122097
K09998	group	IBS-D	-0.023634147996873	0.407468220418318	62	62	0.953939432950124	0.982542613122097
K09999	group	IBS-D	-0.023634147996873	0.407468220418318	62	62	0.953939432950124	0.982542613122097
K10000	group	IBS-D	-0.023634147996873	0.407468220418318	62	62	0.953939432950124	0.982542613122097
K10108	group	IBS-D	0.0283784436249422	0.4136244656801	62	62	0.945528835589933	0.982542613122097
K10109	group	IBS-D	0.0287772932188772	0.413611486519101	62	62	0.944762777274392	0.982542613122097
K10110	group	IBS-D	0.0287772932188772	0.413611486519101	62	62	0.944762777274392	0.982542613122097
K10125	group	IBS-D	0.0428908271637371	0.631070409475232	62	58	0.946039324490529	0.982542613122097
K10206	group	IBS-D	0.0316112764057833	0.343076278281206	62	62	0.926893237597561	0.982542613122097
K10709	group	IBS-D	-0.0730895226115803	0.812601345959168	62	59	0.928630413456745	0.982542613122097
K10794	group	IBS-D	0.0171548940339987	0.271504364298744	62	62	0.949829537234915	0.982542613122097
K11066	group	IBS-D	0.0248820512600921	0.356941032932391	62	62	0.94465698425126	0.982542613122097
K11211	group	IBS-D	-0.0274826371037343	0.40747620137789903	62	62	0.946450909689952	0.982542613122097
K11258	group	IBS-D	-0.023634147996873	0.407468220418318	62	62	0.953939432950124	0.982542613122097
K11751	group	IBS-D	0.0239880482086219	0.413044752795828	62	62	0.953880961307042	0.982542613122097
K11991	group	IBS-D	0.00703877111216712	0.0917107678787868	62	62	0.939078048254322	0.982542613122097
K12368	group	IBS-D	0.0236105718966382	0.403687994072336	62	62	0.953554933183799	0.982542613122097
K12982	group	IBS-D	-0.0274826371037343	0.40747620137789903	62	62	0.946450909689952	0.982542613122097
K12984	group	IBS-D	-0.0314025814883772	0.407865342561081	62	62	0.938885664019567	0.982542613122097
K14187	group	IBS-D	-0.023634147996873	0.407468220418318	62	62	0.953939432950124	0.982542613122097
K15396	group	IBS-D	0.0397449569048166	0.42088938628075	62	62	0.925081536556129	0.982542613122097
K15536	group	IBS-D	0.031988143408133	0.413356727204678	62	62	0.938573735609874	0.982542613122097
K15545	group	IBS-D	0.0318371404426233	0.4135422996684	62	62	0.938890499524437	0.982542613122097
K15554	group	IBS-D	-0.0263296589514626	0.35416199851483	62	62	0.940984335707017	0.982542613122097
K15856	group	IBS-D	-0.0293830349487315	0.359937299782927	62	61	0.935209665941665	0.982542613122097
K16074	group	IBS-D	0.0427288836987043	0.551290119413524	62	57	0.938478057017785	0.982542613122097
K16915	group	IBS-D	-0.0377486279955309	0.404359085380416	62	62	0.925933191701861	0.982542613122097
K17836	group	IBS-D	-0.0182357203370563	0.2238973101678	62	62	0.935357713405158	0.982542613122097
K18682	group	IBS-D	0.0101779175269935	0.137044210694961	62	62	0.941044667711185	0.982542613122097
K18800	group	IBS-D	0.0367332507378556	0.409968938214025	62	62	0.928903445155228	0.982542613122097
K18831	group	IBS-D	-0.0285726583531325	0.322255465220162	62	62	0.929643737485962	0.982542613122097
K19226	group	IBS-D	-0.023634147996873	0.407468220418318	62	62	0.953939432950124	0.982542613122097
K19227	group	IBS-D	-0.023634147996873	0.407468220418318	62	62	0.953939432950124	0.982542613122097
K19228	group	IBS-D	-0.023634147996873	0.407468220418318	62	62	0.953939432950124	0.982542613122097
K19229	group	IBS-D	-0.023634147996873	0.407468220418318	62	62	0.953939432950124	0.982542613122097
K19230	group	IBS-D	-0.023634147996873	0.407468220418318	62	62	0.953939432950124	0.982542613122097
K19237	group	IBS-D	-0.0629191078028321	0.853176808563385	62	37	0.941457126244466	0.982542613122097
K00859	group	IBS-D	-0.00280143501340602	0.0488170675488185	62	62	0.954428096906429	0.982643798970451
K00885	group	IBS-D	-0.023018774957494	0.407489634327692	62	62	0.955139774062881	0.982643798970451
K02424	group	IBS-D	0.0141714087442164	0.249697235120905	62	62	0.954929445860117	0.982643798970451
K05790	group	IBS-D	-0.0233068950878425	0.407320830668414	62	62	0.954560085690776	0.982643798970451
K05802	group	IBS-D	-0.0229321774737567	0.404318651081273	62	62	0.954958232129637	0.982643798970451
K01258	group	IBS-D	-0.00774754807398834	0.139346224513095	62	62	0.955845779100115	0.982843216716105
K02506	group	IBS-D	-0.0225970942899155	0.407472263175563	62	62	0.955958828472598	0.982843216716105
K04077	group	IBS-D	0.00110511737569186	0.0198298544861482	62	62	0.955742083785943	0.982843216716105
K00266	group	IBS-D	-0.0110212169217878	0.20166112918197	62	62	0.956597155884452	0.983066384665144
K06039	group	IBS-D	-0.0221538883900088	0.407278704525292	62	62	0.956801252250427	0.983066384665144
K07105	group	IBS-D	0.00726515128502486	0.132995469297103	62	62	0.956617072899649	0.983066384665144
K04518	group	IBS-D	-0.00909133822194761	0.168394274464179	62	62	0.957123766090009	0.983183550616528
K02439	group	IBS-D	-0.0192199536118604	0.404323131326942	62	62	0.96224381790172	0.98319105174473
K02742	group	IBS-D	-0.0195339884410362	0.404330224183071	62	62	0.961628076122791	0.98319105174473
K03477	group	IBS-D	0.019796886272721	0.41305353948562	62	62	0.961932696724224	0.98319105174473
K03548	group	IBS-D	-0.0203927042892537	0.404350735189733	62	62	0.959944696161097	0.98319105174473
K03621	group	IBS-D	-0.0033068565793673	0.0688018284274755	62	62	0.961825268090553	0.98319105174473
K03834	group	IBS-D	-0.0213729463815181	0.407478883567658	62	62	0.958343051028668	0.98319105174473
K04013	group	IBS-D	-0.0200652005825707	0.407480747138968	62	62	0.960889930176451	0.98319105174473
K04015	group	IBS-D	-0.0207935732286086	0.407472598195484	62	62	0.959470643845916	0.98319105174473
K04016	group	IBS-D	-0.0200652005825707	0.407480747138968	62	62	0.960889930176451	0.98319105174473
K05844	group	IBS-D	-0.0198476748120376	0.404337327862429	62	62	0.96101306437114	0.98319105174473
K06149	group	IBS-D	-0.0203233034307475	0.404346037829869	62	62	0.960080432961997	0.98319105174473
K07153	group	IBS-D	-0.020579370340317	0.40435845332168	62	62	0.959579138259782	0.98319105174473
K07182	group	IBS-D	0.0464950563218865	0.955775082586082	62	58	0.96136263125041	0.98319105174473
K07237	group	IBS-D	-0.0195339884410362	0.404330224183071	62	62	0.961628076122791	0.98319105174473
K07268	group	IBS-D	-0.0201372945219728	0.407486381384909	62	62	0.960750066645386	0.98319105174473
K07340	group	IBS-D	-0.0210522790355088	0.404315571469012	62	62	0.958646739017103	0.98319105174473
K07674	group	IBS-D	-0.0200652005825707	0.407480747138968	62	62	0.960889930176451	0.98319105174473
K07712	group	IBS-D	0.0192228059534955	0.407708627797097	62	62	0.962551544933294	0.98319105174473
K08224	group	IBS-D	-0.027918382249746	0.587765464846929	62	58	0.962273130698232	0.98319105174473
K09892	group	IBS-D	-0.0191198891804665	0.40398775348799	62	62	0.962409080520529	0.98319105174473
K09898	group	IBS-D	-0.0195339884410362	0.404330224183071	62	62	0.961628076122791	0.98319105174473
K09908	group	IBS-D	-0.0195339884410362	0.404330224183071	62	62	0.961628076122791	0.98319105174473
K10542	group	IBS-D	-0.0075490792390905	0.157407958911929	62	62	0.961908449320163	0.98319105174473
K11747	group	IBS-D	-0.0214562736815825	0.401457712103191	62	62	0.957554180821402	0.98319105174473
K13283	group	IBS-D	0.0218461310076219	0.413042527230593	62	62	0.957994657364096	0.98319105174473
K18136	group	IBS-D	-0.0201372945219728	0.407486381384909	62	62	0.960750066645386	0.98319105174473
K02044	group	IBS-D	0.0145491218275026	0.315937626338586	62	62	0.963422840023319	0.983229195747668
K03614	group	IBS-D	-0.00861097395696461	0.1842261010434	62	62	0.962874616194589	0.983229195747668
K05787	group	IBS-D	-0.0187565260694895	0.404022578607401	62	62	0.963126125101686	0.983229195747668
K09800	group	IBS-D	-0.00495489691465263	0.107322758457032	62	62	0.963329523641642	0.983229195747668
K00392	group	IBS-D	0.01722303922902	0.399383295115483	62	62	0.965745814419428	0.984281539202027
K00658	group	IBS-D	-0.0124612199284478	0.293013980394002	62	62	0.966219215737367	0.984281539202027
K01595	group	IBS-D	0.00730934045876113	0.171319964606874	62	62	0.966110367065949	0.984281539202027
K02481	group	IBS-D	0.0171837313304088	0.403536777597	62	62	0.966175489803462	0.984281539202027
K03086	group	IBS-D	0.00401489245902037	0.0947239852018057	62	62	0.966332384755171	0.984281539202027
K03545	group	IBS-D	0.00108966640224495	0.025400664005813	62	62	0.965924387910586	0.984281539202027
K11183	group	IBS-D	0.017830650296344	0.416065909526393	62	62	0.965959141803035	0.984281539202027
K19506	group	IBS-D	-0.0324761831436135	0.748052600532166	62	61	0.965515435284102	0.984281539202027
K19507	group	IBS-D	-0.0324761831436135	0.748052600532166	62	61	0.965515435284102	0.984281539202027
K03723	group	IBS-D	8.1838387536008e-4	0.0200714911928486	62	62	0.967611884084144	0.985371981287157
K01623	group	IBS-D	0.0126854242858897	0.331521815696001	62	62	0.969604048944376	0.987187542059947
K10038	group	IBS-D	-0.0208248092459676	0.558675644225874	62	62	0.970389234095142	0.987773716380896
K00244	group	IBS-D	-0.00717822163002029	0.195989881788051	62	62	0.970905218975952	0.987847590399044
K12369	group	IBS-D	-0.0147176899189401	0.404415544305506	62	62	0.971090209730697	0.987847590399044
K12371	group	IBS-D	-0.0147176899189401	0.404415544305506	62	62	0.971090209730697	0.987847590399044
K12372	group	IBS-D	-0.0142994053384053	0.404398007497603	62	62	0.971910270672	0.988255462804906
K16066	group	IBS-D	0.0150333933851313	0.423086489846877	62	62	0.971772946469979	0.988255462804906
K05601	group	IBS-D	-0.00802304910816148	0.230590892543814	62	62	0.97235995106808	0.988499575175052
K00940	group	IBS-D	0.00271341257345936	0.0798726168630681	62	62	0.973012442269484	0.988949715030794
K07227	group	IBS-D	-0.014109420508466	0.422093869349279	62	62	0.973444865965643	0.989035706664013
K08289	group	IBS-D	0.00490133051665199	0.148107899517849	62	62	0.973710291667674	0.989035706664013
K11071	group	IBS-D	-0.004571232592375	0.138216732680026	62	62	0.973726205691478	0.989035706664013
K00528	group	IBS-D	-0.00637472494685952	0.212355786536029	62	62	0.976151469369775	0.989626794394431
K00998	group	IBS-D	-0.011827462689388	0.40399546630612	62	62	0.976741451328735	0.989626794394431
K01006	group	IBS-D	0.00599373018654135	0.200119739379716	62	62	0.976205760044833	0.989626794394431
K01766	group	IBS-D	-0.0122415619499578	0.404337930468512	62	62	0.975947762256	0.989626794394431
K02119	group	IBS-D	0.00801360151343344	0.277237280237926	62	62	0.977036122710024	0.989626794394431
K02122	group	IBS-D	-0.00802917688470191	0.27713318062543	62	62	0.976982862172651	0.989626794394431
K02302	group	IBS-D	0.00575704460123737	0.183153575438806	62	62	0.975028646920151	0.989626794394431
K05851	group	IBS-D	-0.0122415619499578	0.404337930468512	62	62	0.975947762256	0.989626794394431
K06205	group	IBS-D	-0.0122415619499578	0.404337930468512	62	62	0.975947762256	0.989626794394431
K07149	group	IBS-D	-0.0105073253703684	0.356544456086757	62	62	0.97658764116432	0.989626794394431
K07282	group	IBS-D	0.00336023023187251	0.107088353098146	62	62	0.975072143795122	0.989626794394431
K10111	group	IBS-D	-0.0123311560544098	0.407776218959018	62	62	0.975976006881137	0.989626794394431
K19510	group	IBS-D	-0.0238354795068019	0.770200120971804	62	62	0.975414422009257	0.989626794394431
K05363	group	IBS-D	0.008051993150726	0.281266486769198	62	62	0.977256584389278	0.989637546055365
K13580	group	IBS-D	0.0180663220220358	0.643230948634566	62	61	0.977686106743837	0.989859956935152
K07137	group	IBS-D	0.00489242064699362	0.183199262710366	62	62	0.978783283455073	0.990758095036301
K00995	group	IBS-D	0.00321391428201193	0.146262643374423	62	62	0.982541942235435	0.991242888196702
K02041	group	IBS-D	-0.00878612935345041	0.342264665864102	62	62	0.979605285967502	0.991242888196702
K02553	group	IBS-D	0.00914752273298915	0.418773105969243	62	62	0.982645177026616	0.991242888196702
K03281	group	IBS-D	-0.0033458749786407	0.154491724663535	62	62	0.982793182290307	0.991242888196702
K03439	group	IBS-D	7.0883276105798e-4	0.0281473603621991	62	62	0.979992628928842	0.991242888196702
K03732	group	IBS-D	-0.0102623172067738	0.415329701587165	62	62	0.980369195255751	0.991242888196702
K06173	group	IBS-D	4.7999987208005e-4	0.0227475064954522	62	62	0.983234938779831	0.991242888196702
K06597	group	IBS-D	-0.0182411860719791	0.783165233508676	62	11	0.981494946793252	0.991242888196702
K06899	group	IBS-D	-0.00845983238108521	0.401415914636315	62	62	0.983255774169672	0.991242888196702
K07095	group	IBS-D	0.00469038331624152	0.219197188886205	62	62	0.982999165181006	0.991242888196702
K08679	group	IBS-D	0.0116433654380419	0.486780330771771	62	62	0.980996482654687	0.991242888196702
K09128	group	IBS-D	-0.0141131068580859	0.620891066760154	62	9	0.981940746945823	0.991242888196702
K09680	group	IBS-D	-0.00745272637146914	0.34060601090185	62	62	0.982615659392268	0.991242888196702
K09707	group	IBS-D	-0.0180853858766996	0.804327746235463	62	42	0.9821356133329	0.991242888196702
K09759	group	IBS-D	-0.0180853858766996	0.804327746235463	62	42	0.9821356133329	0.991242888196702
K10541	group	IBS-D	0.00398713893714547	0.156854168679607	62	62	0.979804791458056	0.991242888196702
K11604	group	IBS-D	0.00912930830051541	0.420725516840455	62	62	0.982760091433162	0.991242888196702
K11605	group	IBS-D	0.00942514749652992	0.420718809256546	62	62	0.982201234517497	0.991242888196702
K11606	group	IBS-D	0.00942514749652992	0.420718809256546	62	62	0.982201234517497	0.991242888196702
K12247	group	IBS-D	0.0133351260655308	0.661587908248183	62	10	0.98398561536611	0.991539717895878
K16093	group	IBS-D	-0.016009529860019	0.804081255969768	62	42	0.984180962567982	0.991539717895878
K19130	group	IBS-D	0.0133351260655308	0.661587908248183	62	10	0.98398561536611	0.991539717895878
K05367	group	IBS-D	0.00696986023995291	0.381237592613743	62	62	0.985474391306268	0.992630762366587
K00012	group	IBS-D	-0.00237326091543827	0.139600129918166	62	62	0.98649268644148	0.993053060733121
K01265	group	IBS-D	0.00103013387871518	0.0617059323430746	62	62	0.986735929303521	0.993053060733121
K06145	group	IBS-D	-0.00682565838518927	0.404102737897093	62	62	0.986579696237452	0.993053060733121
K07862	group	IBS-D	0.00215706118401521	0.124982784595861	62	62	0.986287364470567	0.993053060733121
K03653	group	IBS-D	0.00532928465892259	0.363812473574265	62	62	0.988361255674386	0.994052395342376
K03837	group	IBS-D	0.0059595732617367	0.40078401583027	62	62	0.988185398320266	0.994052395342376
K15553	group	IBS-D	-0.00511004159140931	0.34524720648694	62	62	0.988239961987201	0.994052395342376
K03544	group	IBS-D	-3.1012724203634e-4	0.0237994177004982	62	62	0.98964639302479	0.995132705651367
K02356	group	IBS-D	2.4541871326741e-4	0.0204278008861667	62	62	0.990454338663853	0.995383807579524
K06193	group	IBS-D	0.00130208941656623	0.111729497195826	62	62	0.990740371666304	0.995383807579524
K08092	group	IBS-D	0.00349910320532554	0.296288088329956	62	62	0.990616542708219	0.995383807579524
K13979	group	IBS-D	-0.00711192628939054	0.602669144540145	62	62	0.990623761905462	0.995383807579524
K00625	group	IBS-D	-0.00132335180700027	0.144572414764337	62	62	0.992726988088995	0.996715906574748
K03101	group	IBS-D	2.2280106825261e-4	0.0244771724276904	62	62	0.99276763210921	0.996715906574748
K03328	group	IBS-D	0.00183366752581912	0.233375878841788	62	62	0.993757038319437	0.996715906574748
K09124	group	IBS-D	0.00509564784359118	0.631582520655632	62	24	0.99358945284479006	0.996715906574748
K09474	group	IBS-D	-0.00327676149718096	0.356110545448734	62	62	0.992688872601848	0.996715906574748
K12255	group	IBS-D	-0.00484440238550038	0.584523976078777	62	56	0.993414884301086	0.996715906574748
K12370	group	IBS-D	-0.0032289985324932	0.401483934124382	62	62	0.993609637401243	0.996715906574748
K16370	group	IBS-D	0.0071048337961056	0.810262910775963	62	61	0.993032886430628	0.996715906574748
K11719	group	IBS-D	9.5780636183409e-4	0.131182289080839	62	62	0.994198648573755	0.99694680558661
K01176	group	IBS-D	0.00118401574286726	0.190358813688871	62	62	0.995057892075333	0.997596305065321
K05847	group	IBS-D	8.0015732041045e-4	0.134426687574269	62	62	0.995270471322381	0.997597352339288
K00620	group	IBS-D	-0.00122407669993277	0.215792354421532	62	62	0.995492862629601	0.997608232078453
K15973	group	IBS-D	0.0014285215554998	0.327285735053004	62	62	0.996531921619459	0.99843733638355
K03386	group	IBS-D	-5.896163739252e-4	0.149145152275634	62	62	0.996858841663127	0.998552739439955
K09764	group	IBS-D	0.00267680793481175	0.830703400177555	62	56	0.997439639941021	0.998922349110608
K03205	group	IBS-D	3.4968617961171e-4	0.133998492848619	62	62	0.997926478043635	0.99919772196471
K01089	group	IBS-D	7.0885995789674e-4	0.419536968574694	62	62	0.998657480558495	0.99947881879231
K03317	group	IBS-D	3.2581360862467e-4	0.353124422992849	62	62	0.99926688520054	0.99947881879231
K07497	group	IBS-D	3.1545930266843e-4	0.270638733264636	62	62	0.999073844581716	0.99947881879231
K09815	group	IBS-D	-1.3117032916835e-4	0.0711432428575849	62	62	0.998535018009573	0.99947881879231
K11069	group	IBS-D	-2.2041991246822e-4	0.156746161768393	62	62	0.998882662564072	0.99947881879231
K13607	group	IBS-D	1.3354613765519e-4	0.515289097357882	62	62	0.99979407410678	0.99979407410678
