feature	metadata	value	coef	stderr	N	N.not.0	pval	qval
K13051	group	IBS-D	-4.09409190245676	0.271960773402635	62	13	4.8468664066619005e-22	2.28578219738175e-18
K06989	group	IBS-D	-4.13482043631985	0.305797920524346	62	16	7.177155236322689e-20	1.69237320472489e-16
K05882	group	IBS-D	-4.51813795007156	0.368471350233069	62	11	5.46145849322075e-18	3.67946260771844e-15
K06605	group	IBS-D	-4.51813795007156	0.368471350233069	62	11	5.46145849322075e-18	3.67946260771844e-15
K07064	group	IBS-D	-4.51813795007156	0.368471350233069	62	11	5.46145849322075e-18	3.67946260771844e-15
K18351	group	IBS-D	-4.51813795007156	0.368471350233069	62	11	5.46145849322075e-18	3.67946260771844e-15
K18352	group	IBS-D	-4.51813795007156	0.368471350233069	62	11	5.46145849322075e-18	3.67946260771844e-15
K01458	group	IBS-D	-2.8344126541842	0.266066815326828	62	8	1.84561836298871e-15	1.08799202498184e-12
K01730	group	IBS-D	-2.39669146573275	0.237989635047379	62	11	1.63692915171292e-14	8.57750875497571e-12
K03275	group	IBS-D	-3.00366137886663	0.304736907680747	62	8	3.68299216094496e-14	1.7368991031016397e-11
K09702	group	IBS-D	-3.30926965667117	0.34084088063866	62	12	6.45626565415633e-14	2.7679771659092e-11
K00146	group	IBS-D	-3.02941918792191	0.33055713818188	62	9	5.22199821352639e-13	1.89438027499927e-10
K07675	group	IBS-D	-2.82766057027665	0.308212299943069	62	9	5.027942559515319e-13	1.89438027499927e-10
K09709	group	IBS-D	-2.92478098713263	0.321580487148844	62	8	6.8327552800694e-13	2.30166242148623e-10
K01457	group	IBS-D	-1.97161943605033	0.219460343900169	62	8	1.05041406101549e-12	3.16862649418395e-10
K05874	group	IBS-D	-3.49260804250101	0.389019811502132	62	9	1.07502171134316e-12	3.16862649418395e-10
K13598	group	IBS-D	-3.06853236357874	0.349840282301821	62	8	2.3992992343511e-12	6.11766979106934e-10
K13889	group	IBS-D	-2.56536277078797	0.293146007881545	62	9	2.5944316331930996e-12	6.11766979106934e-10
K13890	group	IBS-D	-2.56536277078797	0.293146007881545	62	9	2.5944316331930996e-12	6.11766979106934e-10
K13891	group	IBS-D	-2.56536277078797	0.293146007881545	62	9	2.5944316331930996e-12	6.11766979106934e-10
K13892	group	IBS-D	-2.57985115984369	0.295311791904834	62	9	2.75168494197655e-12	6.17949818398163e-10
K07711	group	IBS-D	-3.11157266103805	0.359290074245496	62	10	3.69520093903629e-12	7.57676853412832e-10
K07715	group	IBS-D	-3.11157266103805	0.359290074245496	62	10	3.69520093903629e-12	7.57676853412832e-10
K05875	group	IBS-D	-3.20142996558777	0.372570441063598	62	10	4.8082000740813195e-12	9.44811314556979e-10
K03516	group	IBS-D	-2.65872905642139	0.309833446750051	62	9	5.03204851791027e-12	9.49245632418593e-10
K13641	group	IBS-D	-3.12208079030445	0.373124242792026	62	11	1.16020496146972e-11	2.1044333070350704e-9
K15509	group	IBS-D	-2.96737625980221	0.356259623265585	62	12	1.3470732254145499e-11	2.3164509752917703e-9
K16055	group	IBS-D	-2.74875267656684	0.330222149397553	62	9	1.3753313678577099e-11	2.3164509752917703e-9
K18333	group	IBS-D	-3.2852110786391	0.397125168391863	62	11	1.68249737837242e-11	2.73608884013942e-9
K12973	group	IBS-D	-2.52661526469989	0.307433552907188	62	9	2.0796279622096498e-11	3.26917515659357e-9
K17837	group	IBS-D	-2.04215866138401	0.248865913591882	62	7	2.1845217803842897e-11	3.32329184396526e-9
K00007	group	IBS-D	-1.43784691118203	0.182711929534147	62	7	8.184278135124459e-11	4.37497052914472e-9
K00141	group	IBS-D	-1.66098703494193	0.207419777416492	62	8	4.75142824044571e-11	4.37497052914472e-9
K01003	group	IBS-D	3.6658785749659	0.468030290555639	62	51	9.46240445234857e-11	4.37497052914472e-9
K01545	group	IBS-D	3.6658785749659	0.468030290555639	62	51	9.46240445234857e-11	4.37497052914472e-9
K01795	group	IBS-D	3.6658785749659	0.468030290555639	62	51	9.46240445234857e-11	4.37497052914472e-9
K04058	group	IBS-D	3.6658785749659	0.468030290555639	62	51	9.46240445234857e-11	4.37497052914472e-9
K05599	group	IBS-D	3.6658785749659	0.468030290555639	62	51	9.46240445234857e-11	4.37497052914472e-9
K05600	group	IBS-D	3.6658785749659	0.468030290555639	62	51	9.46240445234857e-11	4.37497052914472e-9
K06135	group	IBS-D	3.6658785749659	0.468030290555639	62	51	9.46240445234857e-11	4.37497052914472e-9
K06598	group	IBS-D	3.6658785749659	0.468030290555639	62	51	9.46240445234857e-11	4.37497052914472e-9
K06600	group	IBS-D	3.6658785749659	0.468030290555639	62	51	9.46240445234857e-11	4.37497052914472e-9
K06876	group	IBS-D	-2.30078358795601	0.292335204954358	62	7	8.155812688173769e-11	4.37497052914472e-9
K07051	group	IBS-D	3.6658785749659	0.468030290555639	62	51	9.46240445234857e-11	4.37497052914472e-9
K08985	group	IBS-D	3.6658785749659	0.468030290555639	62	51	9.46240445234857e-11	4.37497052914472e-9
K09938	group	IBS-D	3.6658785749659	0.468030290555639	62	51	9.46240445234857e-11	4.37497052914472e-9
K09992	group	IBS-D	-3.24172926860548	0.406402336657269	62	7	5.3709971385675795e-11	4.37497052914472e-9
K10253	group	IBS-D	3.6658785749659	0.468030290555639	62	51	9.46240445234857e-11	4.37497052914472e-9
K10941	group	IBS-D	3.6658785749659	0.468030290555639	62	51	9.46240445234857e-11	4.37497052914472e-9
K11311	group	IBS-D	3.6658785749659	0.468030290555639	62	51	9.46240445234857e-11	4.37497052914472e-9
K11383	group	IBS-D	3.6658785749659	0.468030290555639	62	51	9.46240445234857e-11	4.37497052914472e-9
K11384	group	IBS-D	3.6658785749659	0.468030290555639	62	51	9.46240445234857e-11	4.37497052914472e-9
K11731	group	IBS-D	3.6658785749659	0.468030290555639	62	51	9.46240445234857e-11	4.37497052914472e-9
K11912	group	IBS-D	3.6658785749659	0.468030290555639	62	51	9.46240445234857e-11	4.37497052914472e-9
K11914	group	IBS-D	3.6658785749659	0.468030290555639	62	51	9.46240445234857e-11	4.37497052914472e-9
K11916	group	IBS-D	3.6658785749659	0.468030290555639	62	51	9.46240445234857e-11	4.37497052914472e-9
K11937	group	IBS-D	3.6658785749659	0.468030290555639	62	51	9.46240445234857e-11	4.37497052914472e-9
K12253	group	IBS-D	3.6658785749659	0.468030290555639	62	51	9.46240445234857e-11	4.37497052914472e-9
K12536	group	IBS-D	3.6658785749659	0.468030290555639	62	51	9.46240445234857e-11	4.37497052914472e-9
K12537	group	IBS-D	3.6658785749659	0.468030290555639	62	51	9.46240445234857e-11	4.37497052914472e-9
K12538	group	IBS-D	3.6658785749659	0.468030290555639	62	51	9.46240445234857e-11	4.37497052914472e-9
K12988	group	IBS-D	3.6658785749659	0.468030290555639	62	51	9.46240445234857e-11	4.37497052914472e-9
K13007	group	IBS-D	3.6658785749659	0.468030290555639	62	51	9.46240445234857e-11	4.37497052914472e-9
K13701	group	IBS-D	3.6658785749659	0.468030290555639	62	51	9.46240445234857e-11	4.37497052914472e-9
K13774	group	IBS-D	3.6658785749659	0.468030290555639	62	51	9.46240445234857e-11	4.37497052914472e-9
K13777	group	IBS-D	3.6658785749659	0.468030290555639	62	51	9.46240445234857e-11	4.37497052914472e-9
K13778	group	IBS-D	3.6658785749659	0.468030290555639	62	51	9.46240445234857e-11	4.37497052914472e-9
K13779	group	IBS-D	3.6658785749659	0.468030290555639	62	51	9.46240445234857e-11	4.37497052914472e-9
K13875	group	IBS-D	-1.51555815188437	0.193034247759568	62	7	8.7925653681715e-11	4.37497052914472e-9
K14268	group	IBS-D	3.6658785749659	0.468030290555639	62	51	9.46240445234857e-11	4.37497052914472e-9
K14475	group	IBS-D	3.6658785749659	0.468030290555639	62	51	9.46240445234857e-11	4.37497052914472e-9
K15658	group	IBS-D	3.6658785749659	0.468030290555639	62	51	9.46240445234857e-11	4.37497052914472e-9
K15659	group	IBS-D	3.6658785749659	0.468030290555639	62	51	9.46240445234857e-11	4.37497052914472e-9
K15660	group	IBS-D	3.6658785749659	0.468030290555639	62	51	9.46240445234857e-11	4.37497052914472e-9
K16081	group	IBS-D	3.6658785749659	0.468030290555639	62	51	9.46240445234857e-11	4.37497052914472e-9
K16422	group	IBS-D	-1.57488333486868	0.199751800881541	62	7	7.72393463583692e-11	4.37497052914472e-9
K16638	group	IBS-D	3.6658785749659	0.468030290555639	62	51	9.46240445234857e-11	4.37497052914472e-9
K17060	group	IBS-D	3.6658785749659	0.468030290555639	62	51	9.46240445234857e-11	4.37497052914472e-9
K17061	group	IBS-D	3.6658785749659	0.468030290555639	62	51	9.46240445234857e-11	4.37497052914472e-9
K17205	group	IBS-D	3.6658785749659	0.468030290555639	62	51	9.46240445234857e-11	4.37497052914472e-9
K17207	group	IBS-D	3.6658785749659	0.468030290555639	62	51	9.46240445234857e-11	4.37497052914472e-9
K17229	group	IBS-D	3.6658785749659	0.468030290555639	62	51	9.46240445234857e-11	4.37497052914472e-9
K17623	group	IBS-D	3.6658785749659	0.468030290555639	62	51	9.46240445234857e-11	4.37497052914472e-9
K17680	group	IBS-D	-2.59052771938883	0.325749483211426	62	15	5.9052296858291e-11	4.37497052914472e-9
K18072	group	IBS-D	3.6658785749659	0.468030290555639	62	51	9.46240445234857e-11	4.37497052914472e-9
K18073	group	IBS-D	3.6658785749659	0.468030290555639	62	51	9.46240445234857e-11	4.37497052914472e-9
K18093	group	IBS-D	3.6658785749659	0.468030290555639	62	51	9.46240445234864e-11	4.37497052914472e-9
K18291	group	IBS-D	3.6658785749659	0.468030290555639	62	51	9.46240445234857e-11	4.37497052914472e-9
K18297	group	IBS-D	4.01431999267026	0.506817066803537	62	53	6.693008914303549e-11	4.37497052914472e-9
K18457	group	IBS-D	3.6658785749659	0.468030290555639	62	51	9.46240445234857e-11	4.37497052914472e-9
K18540	group	IBS-D	3.6658785749659	0.468030290555639	62	51	9.46240445234857e-11	4.37497052914472e-9
K19113	group	IBS-D	3.6658785749659	0.468030290555639	62	51	9.46240445234857e-11	4.37497052914472e-9
K19290	group	IBS-D	3.6658785749659	0.468030290555639	62	51	9.46240445234857e-11	4.37497052914472e-9
K19291	group	IBS-D	3.6658785749659	0.468030290555639	62	51	9.46240445234857e-11	4.37497052914472e-9
K19292	group	IBS-D	3.6658785749659	0.468030290555639	62	51	9.46240445234857e-11	4.37497052914472e-9
K19293	group	IBS-D	3.6658785749659	0.468030290555639	62	51	9.46240445234857e-11	4.37497052914472e-9
K19295	group	IBS-D	3.6658785749659	0.468030290555639	62	51	9.46240445234857e-11	4.37497052914472e-9
K19296	group	IBS-D	3.6658785749659	0.468030290555639	62	51	9.46240445234857e-11	4.37497052914472e-9
K19591	group	IBS-D	3.6658785749659	0.468030290555639	62	51	9.46240445234857e-11	4.37497052914472e-9
K19609	group	IBS-D	3.6658785749659	0.468030290555639	62	51	9.46240445234857e-11	4.37497052914472e-9
K19610	group	IBS-D	3.6658785749659	0.468030290555639	62	51	9.46240445234857e-11	4.37497052914472e-9
K19736	group	IBS-D	3.6658785749659	0.468030290555639	62	51	9.46240445234857e-11	4.37497052914472e-9
K02442	group	IBS-D	3.67144600991196	0.46942256946453	62	51	9.895092518137619e-11	4.53060740927544e-9
K09978	group	IBS-D	-2.96543059255097	0.379364649053074	62	10	1.00662842670371e-10	4.55429317579038e-9
K11935	group	IBS-D	3.66780157092699	0.469329634114668	62	51	1.01399657221796e-10	4.55429317579038e-9
K11941	group	IBS-D	-1.98087650520489	0.254276581364474	62	9	1.1175953202324901e-10	4.972244839826831e-9
K07746	group	IBS-D	-4.90063423070224	0.629316695522706	62	20	1.13091748253667e-10	4.98449238097471e-9
K02688	group	IBS-D	-2.11776493891106	0.272982083680565	62	7	1.26925889154845e-10	5.542430493094891e-9
K03970	group	IBS-D	-2.02782503353501	0.265205922943995	62	9	1.9694148819216003e-10	8.44341871194749e-9
K03974	group	IBS-D	-2.02782503353501	0.265205922943995	62	9	1.9694148819216003e-10	8.44341871194749e-9
K07136	group	IBS-D	-2.04121060820849	0.268509533503595	62	9	2.34377029097684e-10	9.9578564795016e-9
K01941	group	IBS-D	-1.77991755117193	0.23423390190763	62	8	2.37267451502852e-10	9.990654475780781e-9
K03829	group	IBS-D	-2.37479019615622	0.313781512523452	62	8	2.67628082972594e-10	1.11693277814049e-8
K18335	group	IBS-D	-1.8167323454878	0.240287122397186	62	7	2.75774493401888e-10	1.14083553586255e-8
K00055	group	IBS-D	-1.41737516701927	0.188407851075479	62	7	3.19961899196945e-10	1.3121220144459e-8
K15785	group	IBS-D	-2.17879748910479	0.290432208362178	62	7	3.47522336814582e-10	1.41285805208411e-8
K07241	group	IBS-D	-1.77097548102668	0.236241575282655	62	8	3.55062749292892e-10	1.43117600484212e-8
K11940	group	IBS-D	-2.33730611350379	0.313880893143456	62	9	4.32253028351045e-10	1.7275468489013e-8
K14987	group	IBS-D	-1.49465949054862	0.204679991843429	62	7	7.61927200685185e-10	3.01953670456414e-8
K03931	group	IBS-D	-3.57292233903293	0.490789072391176	62	18	8.32333551291787e-10	3.27107085657672e-8
K11527	group	IBS-D	-4.10253403575379	0.571798829707731	62	22	1.25872603054453e-9	4.90591071078347e-8
K10713	group	IBS-D	3.41802617573081	0.478595824145631	62	52	1.4331280959548302e-9	5.52199091933095e-8
K11443	group	IBS-D	-1.93851321872834	0.271480468986703	62	7	1.4402139166193902e-9	5.52199091933095e-8
K10942	group	IBS-D	3.42359361067686	0.479957455129849	62	52	1.4827617300448702e-9	5.63927767652548e-8
K17206	group	IBS-D	3.39663233721216	0.480569934417421	62	52	1.91575683847331e-9	7.2277674001921e-8
K02281	group	IBS-D	-1.80310236866469	0.25665575729766	62	7	2.2643111425923403e-9	8.47499313370275e-8
K00220	group	IBS-D	-1.81033745308716	0.259136964619036	62	7	2.6426505513778703e-9	8.77657746499862e-8
K06953	group	IBS-D	-1.81033745308716	0.259136964619036	62	7	2.6426505513778703e-9	8.77657746499862e-8
K09882	group	IBS-D	-1.81033745308716	0.259136964619036	62	7	2.6426505513778703e-9	8.77657746499862e-8
K09883	group	IBS-D	-1.81033745308716	0.259136964619036	62	7	2.6426505513778703e-9	8.77657746499862e-8
K09985	group	IBS-D	-1.81033745308716	0.259136964619036	62	7	2.6426505513778703e-9	8.77657746499862e-8
K09987	group	IBS-D	-1.81033745308716	0.259136964619036	62	7	2.6426505513778703e-9	8.77657746499862e-8
K09991	group	IBS-D	-1.81033745308716	0.259136964619036	62	7	2.6426505513778703e-9	8.77657746499862e-8
K13584	group	IBS-D	-1.81033745308716	0.259136964619036	62	7	2.6426505513778703e-9	8.77657746499862e-8
K13587	group	IBS-D	-1.81033745308716	0.259136964619036	62	7	2.6426505513778703e-9	8.77657746499862e-8
K13588	group	IBS-D	-1.81033745308716	0.259136964619036	62	7	2.6426505513778703e-9	8.77657746499862e-8
K13589	group	IBS-D	-1.81033745308716	0.259136964619036	62	7	2.6426505513778703e-9	8.77657746499862e-8
K13592	group	IBS-D	-1.81033745308716	0.259136964619036	62	7	2.6426505513778703e-9	8.77657746499862e-8
K14980	group	IBS-D	-1.81033745308716	0.259136964619036	62	7	2.6426505513778703e-9	8.77657746499862e-8
K14981	group	IBS-D	-1.81033745308716	0.259136964619036	62	7	2.6426505513778703e-9	8.77657746499862e-8
K17662	group	IBS-D	-1.81033745308716	0.259136964619036	62	7	2.6426505513778703e-9	8.77657746499862e-8
K18588	group	IBS-D	-1.81033745308716	0.259136964619036	62	7	2.6426505513778703e-9	8.77657746499862e-8
K00643	group	IBS-D	-1.59694156128963	0.229071081126281	62	7	2.7990470167396504e-9	9.10365912478911e-8
K11913	group	IBS-D	3.36948349301378	0.483307371158948	62	52	2.79531788746241e-9	9.10365912478911e-8
K11915	group	IBS-D	3.36948349301378	0.483307371158948	62	52	2.79531788746241e-9	9.10365912478911e-8
K13583	group	IBS-D	-1.81572414028503	0.260992257130972	62	7	2.96154233683358e-9	9.56618743870354e-8
K08323	group	IBS-D	-2.6129944108862	0.377811975611508	62	10	3.47686830575202e-9	1.11543611768208e-7
K13776	group	IBS-D	3.35021898521954	0.48540520576568	62	52	3.67637162604867e-9	1.16360863009702e-7
K17228	group	IBS-D	3.35021898521954	0.48540520576568	62	52	3.67637162604867e-9	1.16360863009702e-7
K09018	group	IBS-D	-1.68477066661258	0.244244092762419	62	7	3.73457459063603e-9	1.17415025129597e-7
K19425	group	IBS-D	-1.24773862534963	0.181769856881848	62	7	4.25908678139279e-9	1.33018895768532e-7
K12060	group	IBS-D	-1.48437486525572	0.216603149315373	62	7	4.454068277457111e-9	1.33792267493552e-7
K12061	group	IBS-D	-1.48437486525572	0.216603149315373	62	7	4.454068277457111e-9	1.33792267493552e-7
K12064	group	IBS-D	-1.48437486525572	0.216603149315373	62	7	4.454068277457111e-9	1.33792267493552e-7
K12066	group	IBS-D	-1.48437486525572	0.216603149315373	62	7	4.454068277457111e-9	1.33792267493552e-7
K12067	group	IBS-D	-1.48437486525572	0.216603149315373	62	7	4.454068277457111e-9	1.33792267493552e-7
K12072	group	IBS-D	-1.48437486525572	0.216603149315373	62	7	4.454068277457111e-9	1.33792267493552e-7
K00315	group	IBS-D	-2.16624168520554	0.316254614079283	62	7	4.51195603810796e-9	1.34673320732387e-7
K05772	group	IBS-D	-3.31808437392049	0.48479223398783	62	56	4.6072785373933404e-9	1.34956059517683e-7
K05773	group	IBS-D	-3.31808437392049	0.48479223398783	62	56	4.6072785373933404e-9	1.34956059517683e-7
K06857	group	IBS-D	-3.31808437392049	0.48479223398783	62	56	4.6072785373933404e-9	1.34956059517683e-7
K11688	group	IBS-D	-2.89177056155703	0.422782792381217	62	62	4.68915762923475e-9	1.36506588762167e-7
K19244	group	IBS-D	-2.47839379420218	0.365207959080971	62	11	5.7849883269514e-9	1.67374263496336e-7
K08738	group	IBS-D	-2.80584825314937	0.4175681042691	62	62	7.51293596963488e-9	2.16042719712184e-7
K18429	group	IBS-D	-2.6420511445478	0.393357856065009	62	10	7.59683966590358e-9	2.1713149008728001e-07
K12685	group	IBS-D	3.23117053817636	0.482345298875928	62	53	8.144329638422911e-9	2.31377461293991e-7
K01093	group	IBS-D	-1.51877030537745	0.227461149470455	62	7	8.869961741979421e-9	2.5048347051003e-7
K06978	group	IBS-D	-2.07217097134064	0.310572430266583	62	62	9.043386221094031e-9	2.53860770349282e-7
K03444	group	IBS-D	-2.5821210077315	0.39119555598267	62	9	1.19592976037591e-8	3.31803043607456e-7
K07823	group	IBS-D	3.26948349301378	0.495559143536681	62	52	1.21013832698224e-8	3.31803043607456e-7
K18299	group	IBS-D	3.26948349301378	0.495559143536681	62	52	1.21013832698224e-8	3.31803043607456e-7
K18300	group	IBS-D	3.26948349301378	0.495559143536681	62	52	1.21013832698224e-8	3.31803043607456e-7
K10255	group	IBS-D	-3.66744816842177	0.557454023964924	62	15	1.3015002050337e-8	3.547904605167e-7
K04060	group	IBS-D	3.17668940255581	0.48764610394368	62	53	1.67452762205657e-8	4.4117722154295e-7
K10531	group	IBS-D	3.17668940255581	0.48764610394368	62	53	1.67452762205657e-8	4.4117722154295e-7
K14974	group	IBS-D	3.17668940255581	0.48764610394368	62	53	1.67452762205657e-8	4.4117722154295e-7
K15357	group	IBS-D	3.17668940255581	0.48764610394368	62	53	1.67452762205657e-8	4.4117722154295e-7
K18028	group	IBS-D	3.17668940255581	0.48764610394368	62	53	1.67452762205657e-8	4.4117722154295e-7
K18100	group	IBS-D	3.17668940255581	0.48764610394368	62	53	1.67452762205657e-8	4.4117722154295e-7
K05939	group	IBS-D	-3.23107826973942	0.496642784225573	62	56	1.73091190080675e-8	4.53498918011368e-7
K11894	group	IBS-D	3.1786123985169	0.488893316861728	62	53	1.75942580639585e-8	4.58422768119493e-7
K06013	group	IBS-D	-2.83401532801728	0.435993442899629	62	60	1.76984981067263e-8	4.58605038853415e-7
K11740	group	IBS-D	-1.55526998705538	0.239411767513916	62	7	1.79709562166763e-8	4.63120379878937e-7
K03223	group	IBS-D	3.29679041180076	0.508535491698866	62	53	1.89271989285989e-8	4.85112337756916e-7
K13002	group	IBS-D	-1.47825782206594	0.228158382441875	62	7	1.92114074119863e-8	4.89735120837445e-7
K13609	group	IBS-D	3.23322648507531	0.500810005653096	62	52	2.10196592502469e-8	5.3295007002239e-7
K19092	group	IBS-D	-4.06034223246569	0.632392480078874	62	27	2.41245294093793e-8	6.08402570559533e-7
K03304	group	IBS-D	-2.22853914095316	0.348100598501939	62	62	2.59358115993423e-8	6.50602593098396e-7
K18301	group	IBS-D	3.20427582335581	0.505297731737853	62	52	3.28293220862903e-8	8.19169751105529e-7
K14998	group	IBS-D	-3.3156866496857	0.524248794493648	62	18	3.50315575927444e-8	8.65188961308982e-7
K19115	group	IBS-D	-3.14552031113267	0.49745447441242	62	56	3.5223978068559e-8	8.65188961308982e-7
K19116	group	IBS-D	-3.14552031113267	0.49745447441242	62	56	3.5223978068559e-8	8.65188961308982e-7
K06136	group	IBS-D	3.19786278961384	0.506326507950591	62	52	3.62535433364295e-8	8.72304644768375e-7
K06137	group	IBS-D	3.19786278961384	0.506326507950591	62	52	3.62535433364295e-8	8.72304644768375e-7
K06138	group	IBS-D	3.19786278961384	0.506326507950591	62	52	3.62535433364295e-8	8.72304644768375e-7
K06139	group	IBS-D	3.19786278961384	0.506326507950591	62	52	3.62535433364295e-8	8.72304644768375e-7
K16293	group	IBS-D	-3.12138676155534	0.49674893972987	62	56	4.10753940816817e-8	9.78341204490964e-7
K16294	group	IBS-D	-3.12138676155534	0.49674893972987	62	56	4.10753940816817e-8	9.78341204490964e-7
K02303	group	IBS-D	-2.76089283452668	0.440246286440665	62	62	4.3096272979775e-8	1.0162101168631e-6
K17250	group	IBS-D	-3.08281462511428	0.49153079987229	62	56	4.29930521259962e-8	1.0162101168631e-6
K00466	group	IBS-D	3.18017501340543	0.509228064855666	62	52	4.76947615227037e-8	1.10259066343662e-6
K01078	group	IBS-D	3.18017501340543	0.509228064855666	62	52	4.76947615227037e-8	1.10259066343662e-6
K06606	group	IBS-D	3.18017501340543	0.509228064855666	62	52	4.76947615227037e-8	1.10259066343662e-6
K13472	group	IBS-D	3.18017501340543	0.509228064855666	62	52	4.76947615227037e-8	1.10259066343662e-6
K04090	group	IBS-D	-3.2286847237637	0.517558203920185	62	18	4.89655951887914e-8	1.1264475459041e-6
K15034	group	IBS-D	-1.96249626079551	0.315218801306204	62	62	5.13908038431973e-8	1.17650015011902e-6
K02423	group	IBS-D	-3.68109634162171	0.592315282611539	62	51	5.364031425085e-8	1.22206628988893e-6
K01908	group	IBS-D	-3.91634412203997	0.630531280051807	62	24	5.43882877055676e-8	1.23207674028005e-6
K11103	group	IBS-D	-2.47054148321441	0.397822051172789	62	62	5.46022134687298e-8	1.23207674028005e-6
K14189	group	IBS-D	-1.53476853487336	0.247277724443268	62	8	5.53487590943084e-8	1.24297498994647e-6
K02402	group	IBS-D	-3.67220982254263	0.592174109707972	62	51	5.65233683130748e-8	1.25737832530406e-6
K02403	group	IBS-D	-3.67220982254263	0.592174109707972	62	51	5.65233683130748e-8	1.25737832530406e-6
K01547	group	IBS-D	-2.76191089109666	0.445535605863129	62	62	5.69963522745988e-8	1.26194740529112e-6
K15899	group	IBS-D	-2.69949648833879	0.436099102192213	62	57	5.90119316264023e-8	1.30046854929959e-6
K01729	group	IBS-D	3.1650880954062	0.51151027704893	62	53	5.95549272447752e-8	1.3063304041226e-6
K06867	group	IBS-D	-2.43308720592029	0.394887193351657	62	62	6.59198908775935e-8	1.4345129082787e-6
K15898	group	IBS-D	-2.70694205933646	0.439357890610143	62	57	6.60070613012039e-8	1.4345129082787e-6
K15896	group	IBS-D	-2.70456913753939	0.439294677535051	62	57	6.71691802884713e-8	1.45307272587353e-6
K00362	group	IBS-D	-2.62610569533787	0.427253994130782	62	62	6.98543600419325e-8	1.50426101350573e-6
K02510	group	IBS-D	-3.37234405923662	0.549030808378838	62	18	7.09741018997733e-8	1.52142665708787e-6
K07690	group	IBS-D	2.8663924547585	0.467252199525718	62	52	7.31413280809843e-8	1.56078960737521e-6
K05712	group	IBS-D	-3.15601011120131	0.516536514398583	62	19	8.0437666161229e-8	1.70875690818178e-6
K01477	group	IBS-D	3.14147270109451	0.515898381407547	62	52	8.70994766267709e-8	1.83375505255291e-6
K07116	group	IBS-D	3.14147270109451	0.515898381407547	62	52	8.70994766267709e-8	1.83375505255291e-6
K03760	group	IBS-D	-2.64972123566366	0.436116464550453	62	58	9.1791506529054e-8	1.92394997684897e-6
K12056	group	IBS-D	-1.22961794584074	0.20251745123739	62	7	9.32379070481776e-8	1.93704832440179e-6
K12063	group	IBS-D	-1.22961794584074	0.20251745123739	62	7	9.32379070481776e-8	1.93704832440179e-6
K14335	group	IBS-D	-1.51883207158617	0.250355522628596	62	7	9.50389851729463e-8	1.96580637752463e-6
K03818	group	IBS-D	-1.61876194001384	0.267611183122299	62	9	1.01774367695709e-7	2.09592977315704e-6
K08352	group	IBS-D	-3.09521957876886	0.511818512740318	62	58	1.02339708461143e-7	2.0984089787076e-6
K01023	group	IBS-D	-2.91409626834318	0.482129771259347	62	57	1.0364046063184e-7	2.11588057289938e-6
K00344	group	IBS-D	-2.51121737787735	0.415970499072437	62	62	1.06557568648791e-7	2.16605816270559e-6
K01546	group	IBS-D	-3.52754871205341	0.587296867124896	62	62	1.19873664645518e-7	2.42286564193919e-6
K01548	group	IBS-D	-3.52693348935525	0.587267451863821	62	62	1.20218524218357e-7	2.42286564193919e-6
K00363	group	IBS-D	-2.55448129582928	0.427487694651247	62	62	1.34969652758418e-7	2.70858247833489e-6
K09980	group	IBS-D	3.02865070394856	0.507904534004763	62	53	1.41629288813576e-7	2.83018527985094e-6
K03828	group	IBS-D	-3.96683134738028	0.666921992133945	62	20	1.50063334370003e-7	2.98607040037525e-6
K07722	group	IBS-D	-2.94571072652895	0.496110438706863	62	59	1.56150183502438e-7	3.08118939496861e-6
K12136	group	IBS-D	-2.12789114141575	0.358335748932954	62	61	1.55761143605428e-7	3.08118939496861e-6
K03298	group	IBS-D	-2.044653566616	0.344736129917916	62	10	1.60120167838541e-7	3.14636129802733e-6
K07679	group	IBS-D	2.74644586378252	0.464838431587064	62	51	1.74672595534969e-7	3.41807452507432e-6
K12138	group	IBS-D	-2.18187039896818	0.36937879644356	62	60	1.75696055384652e-7	3.42389502972735e-6
K11909	group	IBS-D	3.00420191120043	0.511682694754677	62	53	2.01403733473112e-7	3.90872430888558e-6
K07288	group	IBS-D	-2.93300000851118	0.502109117127071	62	57	2.2578231730943e-7	4.36389101816095e-6
K08315	group	IBS-D	-2.09773197635622	0.359404222182568	62	60	2.29847976775904e-7	4.42433901418435e-6
K11535	group	IBS-D	-1.44497105732409	0.24781249337285	62	7	2.34990664925457e-7	4.50494299100998e-6
K00076	group	IBS-D	-2.85210802024074	0.489463895297287	62	57	2.38520845936173e-7	4.55410651593115e-6
K13935	group	IBS-D	3.08416404264519	0.530817764813319	62	52	2.54325322874584e-7	4.83628315595379e-6
K13525	group	IBS-D	-2.86479905050747	0.493274774391651	62	16	2.56763508028071e-7	4.86303897132683e-6
K02362	group	IBS-D	3.08608703860628	0.531961609005778	62	52	2.63096385245444e-7	4.94327710285862e-6
K02848	group	IBS-D	3.08608703860628	0.531961609005778	62	52	2.63096385245444e-7	4.94327710285862e-6
K06079	group	IBS-D	-3.01348384933959	0.524650168094179	62	54	3.2765447452065e-7	6.13181945174359e-6
K16238	group	IBS-D	3.02435301012745	0.526764934175113	62	53	3.30695638534543e-7	6.16427127007473e-6
K00252	group	IBS-D	-2.63734153540639	0.459866869969135	62	62	3.38803779862291e-7	6.29054577098647e-6
K04719	group	IBS-D	2.96312751461531	0.516928695246959	62	53	3.42477724104218e-7	6.30908182373238e-6
K05375	group	IBS-D	2.96312751461531	0.516928695246959	62	53	3.42477724104218e-7	6.30908182373238e-6
K05816	group	IBS-D	-3.06882479502179	0.536183331499196	62	19	3.54032702316195e-7	6.49656896545982e-6
K14261	group	IBS-D	-2.53244758135335	0.44361095959715	62	62	3.74468526807567e-7	6.84493632722669e-6
K00126	group	IBS-D	-2.82053554491813	0.494168752346395	62	18	3.76004930795091e-7	6.84648360474768e-6
K09181	group	IBS-D	-1.84860330266249	0.324510376279843	62	62	3.92132235397186e-7	7.11267546974281e-6
K02275	group	IBS-D	-3.45184756635122	0.607077490905235	62	62	4.08228914020406e-7	7.37627417057561e-6
K06976	group	IBS-D	-1.8604679871113	0.327555376737093	62	62	4.17880738779604e-7	7.52185329803287e-6
K12137	group	IBS-D	-1.93447910558181	0.34085371740638	62	62	4.25027160517055e-7	7.62139957794081e-6
K17737	group	IBS-D	2.91607425342825	0.514155148433389	62	53	4.31221445391757e-7	7.70318309268003e-6
K02482	group	IBS-D	-2.76600878504276	0.487833561132477	62	57	4.33848950580037e-7	7.72087415447342e-6
K17248	group	IBS-D	-2.78495349515208	0.491331924683545	62	57	4.36846592521187e-7	7.74499447492451e-6
K04065	group	IBS-D	-2.01806024008949	0.357275825803528	62	62	4.70771329949912e-7	8.31519697394676e-6
K19114	group	IBS-D	-2.99606193726383	0.530588458329713	62	54	4.73975614212684e-7	8.3405559575635e-6
K02274	group	IBS-D	-3.42150319259655	0.606473931334259	62	62	4.83132428328479e-7	8.47008376207103e-6
K00066	group	IBS-D	2.61096256261519	0.463347055005302	62	52	4.95430251967438e-7	8.65351506769792e-6
K07395	group	IBS-D	-4.22038864328772	0.750050554792272	62	52	5.11069231467781e-7	8.86103858677226e-6
K19333	group	IBS-D	-1.38313382624432	0.245802863653507	62	7	5.10684013881818e-7	8.86103858677226e-6
K09691	group	IBS-D	-2.75770732434915	0.491550875145161	62	62	5.44218354471206e-7	9.40122256295315e-6
K18924	group	IBS-D	-2.76147646055542	0.492400150660729	62	57	5.48400951887838e-7	9.40457777855653e-6
K18925	group	IBS-D	-2.76147646055542	0.492400150660729	62	57	5.48400951887838e-7	9.40457777855653e-6
K11785	group	IBS-D	-2.73312087759023	0.488021705235343	62	57	5.64810696185172e-7	9.65089580872924e-6
K02276	group	IBS-D	-3.39343721705293	0.606455654420994	62	62	5.75349688552364e-7	9.79548422820559e-6
K03813	group	IBS-D	-2.74279414251495	0.491991920827453	62	57	6.22089085096811e-7	9.8905204860092e-6
K05922	group	IBS-D	-2.73918076390958	0.491833820894892	62	57	6.35290573423179e-7	9.8905204860092e-6
K05927	group	IBS-D	-2.73918076390958	0.491833820894892	62	57	6.35290573423179e-7	9.8905204860092e-6
K07148	group	IBS-D	-3.3578204608692	0.600792715281525	62	37	5.89767463556557e-7	9.8905204860092e-6
K07231	group	IBS-D	2.8753550301692	0.516257896833129	62	55	6.34599129802169e-7	9.8905204860092e-6
K07338	group	IBS-D	2.8753550301692	0.516257896833129	62	55	6.34599129802169e-7	9.8905204860092e-6
K07771	group	IBS-D	-1.3361852979142	0.239921890658835	62	7	6.35459649546392e-7	9.8905204860092e-6
K08077	group	IBS-D	-2.73918076390958	0.491833820894892	62	57	6.35290573423179e-7	9.8905204860092e-6
K09804	group	IBS-D	-2.73918076390958	0.491833820894892	62	57	6.35290573423179e-7	9.8905204860092e-6
K09860	group	IBS-D	-2.73918076390958	0.491833820894892	62	57	6.35290573423179e-7	9.8905204860092e-6
K09944	group	IBS-D	-2.73918076390958	0.491833820894892	62	57	6.35290573423179e-7	9.8905204860092e-6
K11960	group	IBS-D	-3.63267226308052	0.651868611425509	62	61	6.27214226369395e-7	9.8905204860092e-6
K11961	group	IBS-D	-3.63267226308052	0.651868611425509	62	61	6.27214226369395e-7	9.8905204860092e-6
K11962	group	IBS-D	-3.63267226308052	0.651868611425509	62	61	6.27214226369395e-7	9.8905204860092e-6
K11963	group	IBS-D	-3.63414192418208	0.651905623635411	62	61	6.22635371637962e-7	9.8905204860092e-6
K13819	group	IBS-D	-2.7324899311515	0.49060532043761	62	57	6.34551502201758e-7	9.8905204860092e-6
K15895	group	IBS-D	-2.73918076390958	0.491833820894892	62	57	6.35290573423179e-7	9.8905204860092e-6
K15897	group	IBS-D	-2.7455001465583	0.491678855070867	62	57	6.01151028437157e-7	9.8905204860092e-6
K15910	group	IBS-D	-2.73918076390958	0.491833820894892	62	57	6.35290573423179e-7	9.8905204860092e-6
K15912	group	IBS-D	-2.73918076390958	0.491833820894892	62	57	6.35290573423179e-7	9.8905204860092e-6
K15913	group	IBS-D	-2.74114364458447	0.49189486663403	62	57	6.27416415816145e-7	9.8905204860092e-6
K15914	group	IBS-D	-2.73918076390958	0.491833820894892	62	57	6.35290573423179e-7	9.8905204860092e-6
K18284	group	IBS-D	-2.73918076390958	0.491833820894892	62	57	6.35290573423179e-7	9.8905204860092e-6
K18456	group	IBS-D	2.65542127570211	0.476597710652388	62	51	6.29795406308259e-7	9.8905204860092e-6
K18889	group	IBS-D	-1.3361852979142	0.239921890658835	62	7	6.35459649546392e-7	9.8905204860092e-6
K18890	group	IBS-D	-1.3361852979142	0.239921890658835	62	7	6.35459649546392e-7	9.8905204860092e-6
K12972	group	IBS-D	-4.0026708950801	0.718964961298916	62	52	6.40240235942564e-7	9.93214787074056e-6
K03749	group	IBS-D	-2.51672395504895	0.453046935620323	62	62	6.70348024393812e-7	1.03651189607909e-5
K01087	group	IBS-D	-3.05925524113107	0.550989596569382	62	24	6.77511674102951e-7	1.04076386158616e-5
K11689	group	IBS-D	-2.5313825648224	0.455846933117296	62	62	6.75341629188324e-7	1.04076386158616e-5
K10804	group	IBS-D	-3.62013789934887	0.652140497550917	62	61	6.80408441962463e-7	1.04182019879707e-5
K15834	group	IBS-D	-2.69656675060032	0.485867991356829	62	57	6.83405464437404e-7	1.04302270883068e-5
K11959	group	IBS-D	-3.65304642059252	0.65890392584003	62	61	6.98729178481719e-7	1.06296993732896e-5
K03795	group	IBS-D	-4.13698354546439	0.746555444875005	62	52	7.05881399720767e-7	1.06905660229614e-5
K06159	group	IBS-D	-2.69517258044831	0.486413341693642	62	57	7.07263909916018e-7	1.06905660229614e-5
K06883	group	IBS-D	-4.39091587463442	0.793520322895945	62	15	7.27422510280038e-7	1.09601423593631e-5
K00023	group	IBS-D	-3.96259645730287	0.717399317752344	62	52	7.55121274366041e-7	1.13412481844275e-5
K11712	group	IBS-D	-2.61646529304983	0.47406873729585	62	19	7.67723920592484e-7	1.14939238397275e-5
K15915	group	IBS-D	-2.73088947458899	0.495384388677552	62	57	7.86773380920552e-7	1.17418457734852e-5
K00685	group	IBS-D	-2.85919248571868	0.519071039751751	62	62	7.99870605100177e-7	1.18996522828153e-5
K14744	group	IBS-D	2.66671476833308	0.484551683116484	62	51	8.14529403898283e-7	1.20796247446047e-5
K03926	group	IBS-D	-2.92458040241569	0.531703526061008	62	61	8.24009470572362e-7	1.21819080351701e-5
K09919	group	IBS-D	-3.59709841802363	0.654314994202797	62	61	8.3304242575405e-7	1.22769627495503e-5
K01429	group	IBS-D	-2.77741132558154	0.50685979812581206	62	62	8.9098114726213e-7	1.28881785771919e-5
K01430	group	IBS-D	-2.77741132558154	0.50685979812581206	62	62	8.9098114726213e-7	1.28881785771919e-5
K03188	group	IBS-D	-2.7783164244661	0.506895877512863	62	62	8.86313832174388e-7	1.28881785771919e-5
K03189	group	IBS-D	-2.7783164244661	0.506895877512863	62	62	8.86313832174388e-7	1.28881785771919e-5
K03190	group	IBS-D	-2.77776011284742	0.50687366768545	62	62	8.8917838820116e-7	1.28881785771919e-5
K06985	group	IBS-D	-2.90895697995313	0.531021572420934	62	19	8.9637883234074e-7	1.28881785771919e-5
K09683	group	IBS-D	-1.89025013534185	0.345037366016902	62	10	8.95187650769592e-7	1.28881785771919e-5
K13543	group	IBS-D	-3.33500418218428	0.608775526986339	62	51	8.95780655986619e-7	1.28881785771919e-5
K18480	group	IBS-D	-2.68253350248656	0.490353560430969	62	62	9.21784386584519e-7	1.32131767997951e-5
K15577	group	IBS-D	-2.74062884530905	0.501338098414027	62	18	9.35697502100959e-7	1.33315692444354e-5
K15578	group	IBS-D	-2.74062884530905	0.501338098414027	62	18	9.35697502100959e-7	1.33315692444354e-5
K01195	group	IBS-D	-2.48626379223015	0.455539138964304	62	10	9.67099956473528e-7	1.37374801046059e-5
K07140	group	IBS-D	-3.27130517175978	0.600228911566748	62	61	9.95695044127348e-7	1.41011946789927e-5
K16267	group	IBS-D	-2.56744813339901	0.471734842680264	62	18	1.02426452468295e-6	1.44623697557029e-5
K03087	group	IBS-D	-3.64807271975403	0.67081564090778	62	62	1.04094860506908e-6	1.46540705119576e-5
K07649	group	IBS-D	-3.83018319570764	0.704961228594997	62	61	1.06100121808238e-6	1.48919099537991e-5
K11811	group	IBS-D	-2.64157771272612	0.486528629840672	62	18	1.07601650405713e-6	1.50578452021763e-5
K03187	group	IBS-D	-2.82022811194747	0.520640052187911	62	62	1.12807629184529e-6	1.57396680246817e-5
K07100	group	IBS-D	-2.67946935687025	0.496549852256926	62	58	1.21899255317157e-6	1.69529915807035e-5
K07250	group	IBS-D	-3.02927285778667	0.561447762935102	62	39	1.22222585611518e-6	1.69529915807035e-5
K02391	group	IBS-D	-3.39693048887883	0.629718060180159	62	61	1.22727231179322e-6	1.69730681009291e-5
K06596	group	IBS-D	-3.62194166577464	0.674385375396428	62	61	1.34084584361714e-6	1.84895584751416e-5
K03414	group	IBS-D	-3.37196039639327	0.628280261967243	62	61	1.35984923865292e-6	1.86969358877178e-5
K10960	group	IBS-D	-3.7026759536516	0.691325481743868	62	15	1.41727960525132e-6	1.9429914588271e-5
K02660	group	IBS-D	-3.48636426999976	0.65261018193897	62	61	1.4918705529537e-6	2.03932218195062e-5
K02259	group	IBS-D	-3.31178872470114	0.620613680120664	62	62	1.52495643476372e-6	2.07852443536004e-5
K01061	group	IBS-D	-3.82227409381032	0.718528472582515	62	61	1.62321438179672e-6	2.20607464684534e-5
K08276	group	IBS-D	-1.99501584751879	0.37597289504869	62	62	1.70583640060555e-6	2.31170243254477e-5
K10680	group	IBS-D	-3.09578766146286	0.584727803775108	62	61	1.78298572830249e-6	2.40244591276415e-5
K12266	group	IBS-D	2.84380207431724	0.537116295024141	62	53	1.7818830983112e-6	2.40244591276415e-5
K01432	group	IBS-D	-2.4907230338044	0.470746333615408	62	18	1.8057100779889e-6	2.42613354068252e-5
K01451	group	IBS-D	-3.45504315279411	0.654411662828845	62	59	1.88396183157195e-6	2.52408068116287e-5
K07708	group	IBS-D	-3.32314436702176	0.630342774105928	62	61	1.9384002887872e-6	2.58965885606811e-5
K01032	group	IBS-D	-2.56270703718722	0.486483623546743	62	18	1.96853605195572e-6	2.62249040141898e-5
K00822	group	IBS-D	-3.2934775118795	0.625841765481059	62	61	2.00803831133506e-6	2.66757990880455e-5
K01031	group	IBS-D	-2.55212757078496	0.485079207960495	62	18	2.01714680182453e-6	2.67215289814733e-5
K07516	group	IBS-D	-2.84485598117475	0.541045880563858	62	62	2.04122862344494e-6	2.69648016475247e-5
K07147	group	IBS-D	-3.28444376965014	0.626685213994806	62	61	2.17507054969815e-6	2.86526053418338e-5
K01167	group	IBS-D	-2.46155024966703	0.470783994432965	62	19	2.27721224872371e-6	2.99145765041254e-5
K03532	group	IBS-D	-2.82875075381529	0.542079094522858	62	58	2.36578312207782e-6	3.09059091515762e-5
K11711	group	IBS-D	-2.44276873363321	0.46806067354999	62	19	2.36070833327511e-6	3.09059091515762e-5
K03753	group	IBS-D	-1.85648147292121	0.35617270775789	62	62	2.41927659638218e-6	3.15174265981722e-5
K01816	group	IBS-D	-3.05025922320079	0.58535716424246	62	61	2.43159797730066e-6	3.15906778538564e-5
K17249	group	IBS-D	-2.92623391703327	0.562339606459103	62	57	2.49792106896545e-6	3.23631751682447e-5
K06151	group	IBS-D	2.56066801769152	0.492511043981312	62	51	2.53962337931037e-6	3.27236717399664e-5
K06152	group	IBS-D	2.56066801769152	0.492511043981312	62	51	2.53962337931037e-6	3.27236717399664e-5
K06882	group	IBS-D	-2.90692668807626	0.559956345397683	62	57	2.61469166777466e-6	3.35023464578208e-5
K09989	group	IBS-D	-3.26613076929765	0.62923266856131	62	61	2.62136680299743e-6	3.35023464578208e-5
K17251	group	IBS-D	-2.90692668807626	0.559956345397683	62	57	2.61469166777466e-6	3.35023464578208e-5
K09921	group	IBS-D	-3.1842563731578	0.614011251199877	62	61	2.66705255388589e-6	3.39941076868266e-5
K05973	group	IBS-D	-3.77082676607949	0.728163620012531	62	52	2.74158822292772e-6	3.48499462515557e-5
K18992	group	IBS-D	-2.51238440585388	0.485233614181874	62	55	2.75035862016527e-6	3.48674496040306e-5
K03738	group	IBS-D	-2.98344018759109	0.576577583755433	62	11	2.78399042743726e-6	3.51991926428797e-5
K09933	group	IBS-D	-3.23264667836015	0.625368012829338	62	61	2.83809886601241e-6	3.57873643104666e-5
K15576	group	IBS-D	-3.22898735913674	0.625424814814451	62	61	2.90520596060423e-6	3.65358701605588e-5
K14160	group	IBS-D	-3.75843168050911	0.728500846857642	62	52	2.94563708569458e-6	3.6945809830148e-5
K05591	group	IBS-D	-3.11948398500171	0.605148264576709	62	61	2.99196611402449e-6	3.74273532990438e-5
K01953	group	IBS-D	-0.693953143004718	0.134641521009589	62	62	3.00114235502121e-6	3.74428236674075e-5
K17226	group	IBS-D	-3.2252365308517	0.626181322979541	62	51	3.03948861748737e-6	3.78211829025605e-5
K06134	group	IBS-D	-3.23594077366433	0.628377259858636	62	61	3.05033990889562e-6	3.78563237114519e-5
K03821	group	IBS-D	-2.91612539450672	0.566661137517997	62	61	3.09030622727457e-6	3.82516644824852e-5
K19304	group	IBS-D	-2.285255818815	0.445257866531009	62	9	3.25086486797629e-6	4.0133713919833e-5
K01975	group	IBS-D	-2.57739999550825	0.502450442678965	62	61	3.28428317695022e-6	4.04404163511677e-5
K02298	group	IBS-D	-3.18872961566629	0.62237430502438	62	61	3.35986028259265e-6	4.1049484696132e-5
K02299	group	IBS-D	-3.18872961566629	0.62237430502438	62	61	3.35986028259265e-6	4.1049484696132e-5
K02300	group	IBS-D	-3.18872961566629	0.62237430502438	62	61	3.35986028259265e-6	4.1049484696132e-5
K02297	group	IBS-D	-3.18616852964817	0.622311948606907	62	61	3.40478165713566e-6	4.14908276357927e-5
K05982	group	IBS-D	-2.92985098833393	0.573879230135503	62	15	3.59225945425888e-6	4.36626174904249e-5
K17938	group	IBS-D	-2.67326263789308	0.524768864712807	62	58	3.7431160400779e-6	4.53792679820241e-5
K00019	group	IBS-D	-2.92369243653201	0.577389558456512	62	61	4.18783444709835e-6	5.06405826987585e-5
K01959	group	IBS-D	-2.2264902592499	0.441647661118215	62	62	4.54524144250156e-6	5.48218891121161e-5
K02844	group	IBS-D	-2.23633720943803	0.444115636488127	62	62	4.64367859570929e-6	5.58662965749108e-5
K01476	group	IBS-D	-3.48676596211599	0.697646051442391	62	56	5.32877127307167e-6	6.38592483852944e-5
K03403	group	IBS-D	-2.87467951525595	0.575587464380155	62	14	5.39860949721477e-6	6.38592483852944e-5
K03428	group	IBS-D	-2.87467951525595	0.575587464380155	62	14	5.39860949721477e-6	6.38592483852944e-5
K04035	group	IBS-D	-2.87467951525595	0.575587464380155	62	14	5.39860949721477e-6	6.38592483852944e-5
K04038	group	IBS-D	-2.87467951525595	0.575587464380155	62	14	5.39860949721477e-6	6.38592483852944e-5
K04040	group	IBS-D	-2.87467951525595	0.575587464380155	62	14	5.39860949721477e-6	6.38592483852944e-5
K05916	group	IBS-D	-2.27937092703228	0.456410442909713	62	62	5.40284989519348e-6	6.38592483852944e-5
K10218	group	IBS-D	-2.43127997773796	0.487142777248409	62	19	5.46696378913031e-6	6.44555030738463e-5
K07776	group	IBS-D	-1.92324194674845	0.385901434549268	62	62	5.61134427847759e-6	6.59927671254372e-5
K09129	group	IBS-D	-1.80009057052556	0.361534265671769	62	9	5.70919714242567e-6	6.69765515514415e-5
K07276	group	IBS-D	-1.78240279431715	0.358622903212485	62	9	5.89777046338798e-6	6.90170856211854e-5
K01428	group	IBS-D	-2.50321022151696	0.505104282370309	62	62	6.21365189639733e-6	7.08342992484343e-5
K05826	group	IBS-D	-1.75858682059768	0.354914238814931	62	9	6.23329817389742e-6	7.08342992484343e-5
K05827	group	IBS-D	-1.75858682059768	0.354914238814931	62	9	6.23329817389742e-6	7.08342992484343e-5
K05828	group	IBS-D	-1.75858682059768	0.354914238814931	62	9	6.23329817389742e-6	7.08342992484343e-5
K05829	group	IBS-D	-1.75858682059768	0.354914238814931	62	9	6.23329817389742e-6	7.08342992484343e-5
K05830	group	IBS-D	-1.75858682059768	0.354914238814931	62	9	6.23329817389742e-6	7.08342992484343e-5
K05831	group	IBS-D	-1.75858682059768	0.354914238814931	62	9	6.23329817389742e-6	7.08342992484343e-5
K09700	group	IBS-D	-1.75858682059768	0.354914238814931	62	9	6.23329817389742e-6	7.08342992484343e-5
K18016	group	IBS-D	-1.75858682059768	0.354914238814931	62	9	6.23329817389742e-6	7.08342992484343e-5
K18017	group	IBS-D	-1.75858682059768	0.354914238814931	62	9	6.23329817389742e-6	7.08342992484343e-5
K18023	group	IBS-D	-1.75858682059768	0.354914238814931	62	9	6.23329817389742e-6	7.08342992484343e-5
K18123	group	IBS-D	-1.75858682059768	0.354914238814931	62	9	6.23329817389742e-6	7.08342992484343e-5
K11473	group	IBS-D	-3.38744030553694	0.684813251055377	62	59	6.42816274015672e-6	7.28731141408151e-5
K03717	group	IBS-D	-3.1341150401229	0.635315555686467	62	61	6.74852244316444e-6	7.63214192852841e-5
K01555	group	IBS-D	-2.33948895976265	0.474664613763889	62	62	6.85853311468083e-6	7.73800051885999e-5
K01692	group	IBS-D	-2.70928074599841	0.551042146247841	62	62	7.16638511225721e-6	8.06603154878401e-5
K13590	group	IBS-D	-3.14124428490275	0.640609921064968	62	61	7.5165617783833e-6	8.44002508258468e-5
K07788	group	IBS-D	-3.10327260383261	0.633163741076711	62	61	7.57974213743785e-6	8.49075152497788e-5
K07222	group	IBS-D	2.65991789886727	0.544281045212421	62	54	7.98027912002305e-6	8.89716225296187e-5
K14287	group	IBS-D	-2.36455933893066	0.483800691395776	62	62	7.96767672197292e-6	8.89716225296187e-5
K07646	group	IBS-D	-2.33230416310161	0.478491004812845	62	62	8.35759166097996e-6	9.25220710638063e-5
K09913	group	IBS-D	-3.12064313906747	0.640168892319673	62	61	8.34463689449742e-6	9.25220710638063e-5
K16011	group	IBS-D	-2.91020547896834	0.597000976298999	62	61	8.3449521029557e-6	9.25220710638063e-5
K16784	group	IBS-D	-2.03200138164897	0.417223820321122	62	62	8.4796118877626e-6	9.36530437065302e-5
K04046	group	IBS-D	-3.0959967267692	0.636018585316049	62	61	8.55719377731826e-6	9.42890790977404e-5
K07157	group	IBS-D	-3.09673925199115	0.638051566472629	62	61	9.01343816634947e-6	9.90847887937159e-5
K17870	group	IBS-D	-1.88151948279609	0.388974688541807	62	10	9.56093991485331e-6	1.0485905264755e-4
K05796	group	IBS-D	-2.30819818905143	0.477774273752617	62	10	9.76971297003505e-6	1.0642635952574e-4
K07799	group	IBS-D	-2.74555732585742	0.568219527341979	62	61	9.74460424535958e-6	1.0642635952574e-4
K11472	group	IBS-D	-3.40717761837226	0.705259766431033	62	58	9.77154658071401e-6	1.0642635952574e-4
K05989	group	IBS-D	-3.84976248164873	0.798854672028704	62	30	1.02040403459944e-5	1.1088077021131e-4
K02225	group	IBS-D	-3.08780127073217	0.640987198908996	62	61	1.02721597245431e-5	1.1136437991021e-4
K16165	group	IBS-D	-3.08611188159966	0.641148106131774	62	61	1.04156276203375e-5	1.1262705713089e-4
K16850	group	IBS-D	-2.11968446961776	0.440420703080201	62	8	1.04363918503395e-5	1.1262705713089e-4
K09937	group	IBS-D	-3.54908543327387	0.738088460518271	62	52	1.06025989985619e-5	1.1415949058725e-4
K00510	group	IBS-D	-2.36463025731925	0.492368785685269	62	62	1.08314702529471e-5	1.1635811779703e-4
K00436	group	IBS-D	-1.84067209065868	0.383833865043196	62	10	1.1110888404208e-5	1.1881848007765e-4
K18007	group	IBS-D	-1.84067209065868	0.383833865043196	62	10	1.1110888404208e-5	1.1881848007765e-4
K00855	group	IBS-D	-3.75372929002008	0.783545342591563	62	15	1.13043966213624e-5	1.2061433137182e-4
K02457	group	IBS-D	-3.04012942269972	0.636212112508168	62	61	1.18125052335558e-5	1.257511843825e-4
K08715	group	IBS-D	-2.86243800772951	0.599155933656433	62	13	1.18564973214067e-5	1.2593522830575e-4
K09019	group	IBS-D	-2.30337707353203	0.482830085936872	62	62	1.21533696934596e-5	1.2879840780754e-4
K01965	group	IBS-D	-2.3354929118429	0.490181920086876	62	19	1.2419767790096e-5	1.3103271789282e-4
K18830	group	IBS-D	-2.64170910410898	0.554398155701274	62	7	1.23992402592602e-5	1.3103271789282e-4
K16783	group	IBS-D	-2.29717455745603	0.483598418174465	62	62	1.30778146636863e-5	1.3766735257576e-4
K10002	group	IBS-D	-3.02349178765348	0.637639254990114	62	61	1.34815818217721e-5	1.4097370259751e-4
K10003	group	IBS-D	-3.02349178765348	0.637639254990114	62	61	1.34815818217721e-5	1.4097370259751e-4
K10004	group	IBS-D	-3.02349178765348	0.637639254990114	62	61	1.34815818217721e-5	1.4097370259751e-4
K07264	group	IBS-D	2.33508261755718	0.493195684320661	62	52	1.38292637546099e-5	1.4397087829302e-4
K07677	group	IBS-D	2.33508261755718	0.493195684320661	62	52	1.38292637546099e-5	1.4397087829302e-4
K03921	group	IBS-D	-2.09548464831997	0.442702096575839	62	11	1.38888829883886e-5	1.4427306646088e-4
K03343	group	IBS-D	-2.71609486295127	0.57479348492995	62	39	1.4295731683131e-5	1.4797346495177e-4
K07337	group	IBS-D	-2.38245398444066	0.504212017022739	62	12	1.43078668401206e-5	1.4797346495177e-4
K02460	group	IBS-D	-3.02497990166306	0.64112937409331	62	61	1.46657739453887e-5	1.5101264176081e-4
K02461	group	IBS-D	-3.02497990166306	0.64112937409331	62	61	1.46657739453887e-5	1.5101264176081e-4
K01305	group	IBS-D	-2.25773203228701	0.478825052142078	62	62	1.48270536054576e-5	1.5234070763254e-4
K03928	group	IBS-D	-1.15982581677782	0.246262770235914	62	62	1.51186494807835e-5	1.5499902380733e-4
K16090	group	IBS-D	-2.54058268276585	0.539705844810205	62	61	1.52469145676712e-5	1.5597494382025e-4
K08195	group	IBS-D	-2.68813960613385	0.571192871006344	62	61	1.5310395051351e-5	1.562853313034e-4
K00249	group	IBS-D	-2.74942840170875	0.585333854146413	62	61	1.58104661708781e-5	1.6069430702987e-4
K02462	group	IBS-D	-3.00329855415487	0.639337630877959	62	61	1.57924640384506e-5	1.6069430702987e-4
K01966	group	IBS-D	-2.07777505526801	0.442613485338775	62	62	1.59731312625068e-5	1.6199846673974e-4
K02458	group	IBS-D	-3.01028006194522	0.642664590455892	62	61	1.65700947308527e-5	1.6769220332768e-4
K09939	group	IBS-D	-2.96207415971923	0.634048030642915	62	27	1.73181619401049e-5	1.7488747689407e-4
K17247	group	IBS-D	-2.86182216115795	0.614052281005186	62	61	1.80195386974965e-5	1.8158150533631e-4
K07117	group	IBS-D	-3.26287951073373	0.700328449398938	62	51	1.81148780508938e-5	1.8215301681879e-4
K01627	group	IBS-D	0.155028949500659	0.0333981139775742	62	62	1.92604412441637e-5	1.9326008703718e-4
K07789	group	IBS-D	-2.64316303792195	0.57013664596808	62	61	1.96640526167288e-5	1.9689102365285e-4
K01584	group	IBS-D	-2.94995123973386	0.638988937836905	62	61	2.10691146356411e-5	2.1051259453746e-4
K01473	group	IBS-D	-2.17866037850137	0.472045594397897	62	18	2.11614585423246e-5	2.1098824204144e-4
K01474	group	IBS-D	-2.17461895165678	0.471268721652284	62	18	2.12342430159528e-5	2.1126727861441e-4
K11738	group	IBS-D	-2.20781392144642	0.478549418587433	62	62	2.12974928571434e-5	2.1145047645113e-4
K10001	group	IBS-D	-2.68455133950886	0.58219348455148	62	61	2.14839619529315e-5	2.1285370707988e-4
K00979	group	IBS-D	0.154680775772726	0.0335869694533164	62	62	2.1924172787441e-5	2.1675974604941e-4
K02463	group	IBS-D	-2.95273104762492	0.64181423561556	62	61	2.22989175057792e-5	2.2000354593567e-4
K02001	group	IBS-D	-2.47919594266251	0.539552914386249	62	61	2.27534027268862e-5	2.2401888780792e-4
K19118	group	IBS-D	-1.43979885155257	0.3138782808122	62	62	2.33894040482353e-5	2.2980089477391e-4
K09940	group	IBS-D	-2.12475310866018	0.463548686376466	62	62	2.36774409172702e-5	2.3214721697681e-4
K04101	group	IBS-D	-2.08986271323853	0.456925051333982	62	18	2.45227235374874e-5	2.3993602531699e-4
K04100	group	IBS-D	-2.08619153540288	0.456319575179635	62	18	2.46947226321639e-5	2.4111865824696e-4
K07232	group	IBS-D	-2.93853236420456	0.643547809234426	62	61	2.51913991302592e-5	2.4545999648409e-4
K03824	group	IBS-D	-2.66203702188604	0.583282941386412	62	12	2.53932507045344e-5	2.4691663984038e-4
K08166	group	IBS-D	-3.08971178534941	0.679176941365431	62	40	2.67449163796409e-5	2.5952474412836e-4
K00912	group	IBS-D	0.156982029678766	0.034595727078561	62	62	2.7860563243447e-5	2.6979551592627e-4
K02415	group	IBS-D	-1.40434373730119	0.310876816591927	62	62	2.99200878873391e-5	2.8914576737026e-4
K02393	group	IBS-D	-1.88199136840884	0.416734994300807	62	62	3.00599318616174e-5	2.8990314654271e-4
K00356	group	IBS-D	-1.72698978232188	0.382501165818575	62	62	3.01708098223634e-5	2.9037865126993e-4
K06320	group	IBS-D	-2.12809766025654	0.471465761819559	62	62	3.02986258642779e-5	2.9101490748662e-4
K12254	group	IBS-D	2.385377303888	0.528736991922777	62	51	3.05476889134994e-5	2.9281077421964e-4
K06041	group	IBS-D	0.144406049719169	0.0320128715032245	62	62	3.06109479519408e-5	2.9282196864371e-4
K13671	group	IBS-D	-1.80963161910303	0.401750279460289	62	62	3.13190913593083e-5	2.9898954423177e-4
K00472	group	IBS-D	-2.08805257612391	0.463960882611766	62	18	3.17486356443943e-5	3.0247791050295e-4
K18661	group	IBS-D	-2.04633258183741	0.455282925808605	62	18	3.24081037975959e-5	3.0813834175294e-4
K01857	group	IBS-D	-2.59774659454271	0.578357491566649	62	61	3.27565610388191e-5	3.1060809420986e-4
K02536	group	IBS-D	0.166241813299966	0.0370148507568185	62	62	3.27995824674538e-5	3.1060809420986e-4
K18199	group	IBS-D	2.24281042388945	0.500907916743105	62	52	3.44179016604904e-5	3.252802088795e-4
K10219	group	IBS-D	-2.02125075207903	0.452281263160058	62	18	3.54557602300835e-5	3.3308638495034e-4
K10220	group	IBS-D	-2.02125075207903	0.452281263160058	62	18	3.54557602300835e-5	3.3308638495034e-4
K10221	group	IBS-D	-2.02125075207903	0.452281263160058	62	18	3.54557602300835e-5	3.3308638495034e-4
K12140	group	IBS-D	-1.72496561266576	0.386162064626575	62	62	3.57131943405636e-5	3.3483782208767e-4
K12141	group	IBS-D	-1.72424023447443	0.386151350816966	62	62	3.59333067839568e-5	3.3623308490702e-4
K00507	group	IBS-D	-4.19555838039393	0.942155002712015	62	53	3.74800197591166e-5	3.5001143204751e-4
K19338	group	IBS-D	-2.26534631825011	0.509241431446004	62	19	3.80982859782944e-5	3.5508204876212e-4
K02394	group	IBS-D	-1.85260697754746	0.416754391868953	62	62	3.85202909677242e-5	3.5830708521457e-4
K07768	group	IBS-D	-1.8269767010054	0.411768994790095	62	62	3.96707775531832e-5	3.682822577575e-4
K03270	group	IBS-D	0.148103164803305	0.0336438879017461	62	62	4.47904490521525e-5	4.1499363011778e-4
K00450	group	IBS-D	-2.09200912528658	0.475546890987643	62	18	4.52475388757279e-5	4.1840665360378e-4
K00856	group	IBS-D	-2.26484943403307	0.515018972758532	62	59	4.54939361043996e-5	4.1986184475214e-4
K04756	group	IBS-D	-2.10476498045963	0.480767289467081	62	62	4.87138335274874e-5	4.4870007600709e-4
K08368	group	IBS-D	2.44857626776457	0.559964084041851	62	58	4.95995776898029e-5	4.5596804753432e-4
K01768	group	IBS-D	-0.978326568883016	0.223883822848304	62	62	5.0108583743014e-5	4.59751130218e-4
K00818	group	IBS-D	-1.23604077142747	0.283379850852975	62	62	5.1520986665651e-5	4.7179218080623e-4
K02687	group	IBS-D	0.0972894090305175	0.0223094080141128	62	62	5.16760237792918e-5	4.7187320056251e-4
K04940	group	IBS-D	-1.69016909647453	0.387598960639408	62	12	5.17299501040758e-5	4.7187320056251e-4
K11891	group	IBS-D	-2.61469243540424	0.60089524335504	62	61	5.34211262490543e-5	4.8635913395857e-4
K01002	group	IBS-D	-1.47757012242318	0.339658514753558	62	62	5.36370003417892e-5	4.8738361004215e-4
K12508	group	IBS-D	-2.07597047622997	0.477301018466734	62	17	5.37800173618763e-5	4.8774338822809e-4
K01469	group	IBS-D	-2.96789053552369	0.683723823204866	62	23	5.54087541630948e-5	5.0155025841296e-4
K08967	group	IBS-D	2.1290636374015	0.490843129354895	62	53	5.60273071765447e-5	5.0617774069843e-4
K11896	group	IBS-D	-2.8896801590383	0.667825304651379	62	61	5.81109369324728e-5	5.2399842939491e-4
K02280	group	IBS-D	-2.41239900906785	0.559374173920559	62	61	6.10568425269161e-5	5.4951158274224e-4
K07175	group	IBS-D	-1.49236869438275	0.34732452663366	62	62	6.45005778871056e-5	5.7501838433948e-4
K10005	group	IBS-D	-1.75460293857045	0.408336531079971	62	62	6.4456769794716e-5	5.7501838433948e-4
K10006	group	IBS-D	-1.75460293857045	0.408336531079971	62	62	6.4456769794716e-5	5.7501838433948e-4
K10007	group	IBS-D	-1.75460293857045	0.408336531079971	62	62	6.4456769794716e-5	5.7501838433948e-4
K10008	group	IBS-D	-1.75558682482278	0.40852494710649	62	62	6.43621404041028e-5	5.7501838433948e-4
K07749	group	IBS-D	-2.83205572263831	0.659640243625978	62	61	6.52651030179608e-5	5.8073627515604e-4
K16164	group	IBS-D	-2.05898839602065	0.479758301399834	62	62	6.56286241652285e-5	5.8287117055219e-4
K08086	group	IBS-D	-3.25510525372853	0.758568270098458	62	61	6.5765009804386e-5	5.8298456059677e-4
K01578	group	IBS-D	-1.89958566063686	0.442849553138021	62	18	6.61410256835561e-5	5.8521778071979e-4
K02386	group	IBS-D	-1.83252633465525	0.427397123343328	62	62	6.65559360388643e-5	5.8778613175895e-4
K07657	group	IBS-D	-3.30709644640271	0.772833251117088	62	61	6.85203911241269e-5	6.0400404587174e-4
K10979	group	IBS-D	-2.61132767909009	0.610327820882256	62	61	6.86664136052594e-5	6.0416195254179e-4
K01455	group	IBS-D	-1.99161074621493	0.46625312170239003	62	17	7.03484819915102e-5	6.1780901503158e-4
K16320	group	IBS-D	-1.98496120503624	0.465392931824019	62	17	7.19098075795726e-5	6.3034693781647e-4
K07169	group	IBS-D	2.3331393974371	0.547290371806381	62	54	7.24189396960947e-5	6.3363213285117e-4
K00210	group	IBS-D	-3.66248747221332	0.860184324503522	62	44	7.3742833571375e-5	6.4402074652334e-4
K00153	group	IBS-D	-2.04773911716063	0.481604404857535	62	62	7.52453869912423e-5	6.5592836423419e-4
K06994	group	IBS-D	-1.79850964254351	0.424277773159626	62	62	7.8650312156148e-5	6.834080981104e-4
K19707	group	IBS-D	2.47847027463715	0.584703106737137	62	53	7.86875736373942e-5	6.834080981104e-4
K01728	group	IBS-D	-1.69253019822042	0.400978591458162	62	11	8.36415486123242e-5	7.2509842510242e-4
K16870	group	IBS-D	-1.739859846259	0.412275285543857	62	62	8.38870460380762e-5	7.2589231030379e-4
K00783	group	IBS-D	0.0975961530559702	0.0231482171965142	62	62	8.50408888607542e-5	7.3452899609398e-4
K01971	group	IBS-D	-2.71032289382774	0.643846652407299	62	61	8.69675130546838e-5	7.4979669390473e-4
K02389	group	IBS-D	-1.28542321490359	0.305420730175713	62	62	8.72295177235417e-5	7.5068322186902e-4
K03407	group	IBS-D	-1.29023297987692	0.306983464639544	62	62	8.89593264537176e-5	7.6278578828314e-4
K05524	group	IBS-D	-2.33770368464777	0.556163716532613	62	62	8.88605846808811e-5	7.6278578828314e-4
K08167	group	IBS-D	-1.81516500131614	0.433055604002649	62	62	9.24866425126146e-5	7.9159166259435e-4
K00496	group	IBS-D	2.30683595685372	0.551253050126963	62	54	9.46575873582316e-5	8.0870503982141e-4
K08138	group	IBS-D	-3.54273933748015	0.849373317927387	62	52	9.9174862721393e-5	8.4576609872348e-4
K00216	group	IBS-D	-2.00203845393534	0.480330523516787	62	62	1.001773544771e-4	8.497057620756e-4
K02363	group	IBS-D	-2.00203845393534	0.480330523516787	62	62	1.001773544771e-4	8.497057620756e-4
K02364	group	IBS-D	-2.00203845393534	0.480330523516787	62	62	1.001773544771e-4	8.497057620756e-4
K13950	group	IBS-D	-1.99483421514431	0.479058959359505	62	62	1.0153887216867e-4	8.5970793742815e-4
K09252	group	IBS-D	-1.6803029605069	0.403795605091195	62	22	1.0250766860763e-4	8.6635513468383e-4
K05818	group	IBS-D	-1.9824157481420701	0.47681219674222	62	18	1.0377690578305e-4	8.7551321587275e-4
K00906	group	IBS-D	-2.54775057383195	0.613482384947832	62	61	1.0544920982516e-4	8.8803298845619e-4
K07396	group	IBS-D	-3.47058969235387	0.835983056718986	62	61	1.0595985377069e-4	8.9074272795472e-4
K11085	group	IBS-D	0.148325496618842	0.0358205525059827	62	62	1.0987739389937e-4	9.2203165414489e-4
K01521	group	IBS-D	2.14872244909029	0.520219067844369	62	52	1.1380403965377e-4	9.2694274785354e-4
K03112	group	IBS-D	2.14872244909029	0.520219067844369	62	52	1.1380403965377e-4	9.2694274785354e-4
K03567	group	IBS-D	2.14872244909029	0.520219067844369	62	52	1.1380403965377e-4	9.2694274785354e-4
K03807	group	IBS-D	2.14872244909029	0.520219067844369	62	52	1.1380403965377e-4	9.2694274785354e-4
K05517	group	IBS-D	2.14872244909029	0.520219067844369	62	52	1.1380403965377e-4	9.2694274785354e-4
K06858	group	IBS-D	2.14872244909029	0.520219067844369	62	52	1.1380403965377e-4	9.2694274785354e-4
K07637	group	IBS-D	2.14872244909029	0.520219067844369	62	52	1.1380403965377e-4	9.2694274785354e-4
K07660	group	IBS-D	2.14872244909029	0.520219067844369	62	52	1.1380403965377e-4	9.2694274785354e-4
K09918	group	IBS-D	2.14872244909029	0.520219067844369	62	52	1.1380403965377e-4	9.2694274785354e-4
K10011	group	IBS-D	2.14872244909029	0.520219067844369	62	52	1.1380403965377e-4	9.2694274785354e-4
K10015	group	IBS-D	2.14872244909029	0.520219067844369	62	52	1.1380403965377e-4	9.2694274785354e-4
K10016	group	IBS-D	2.14872244909029	0.520219067844369	62	52	1.1380403965377e-4	9.2694274785354e-4
K10017	group	IBS-D	2.14872244909029	0.520219067844369	62	52	1.1380403965377e-4	9.2694274785354e-4
K12963	group	IBS-D	2.14872244909029	0.520219067844369	62	52	1.1380403965377e-4	9.2694274785354e-4
K13014	group	IBS-D	2.14872244909029	0.520219067844369	62	52	1.1380403965377e-4	9.2694274785354e-4
K13053	group	IBS-D	2.14872244909029	0.520219067844369	62	52	1.1380403965377e-4	9.2694274785354e-4
K18298	group	IBS-D	2.28984345670949	0.55391672034458606	62	54	1.1246655080764e-4	9.2694274785354e-4
K05596	group	IBS-D	-1.62936148259202	0.395010976927569	62	62	1.1596676828346e-4	9.4130684892399e-4
K16322	group	IBS-D	2.15052075458881	0.52133437101754	62	52	1.158960506002e-4	9.4130684892399e-4
K02410	group	IBS-D	-1.26436601247523	0.306853144961856	62	62	1.1771364634195e-4	9.5384459819353e-4
K16234	group	IBS-D	-1.84205037491017	0.447800756607521	62	62	1.204801109711e-4	9.7458696970792e-4
K08964	group	IBS-D	-2.39923635917736	0.583439164146248	62	13	1.210175570077e-4	9.7725821720602e-4
K02411	group	IBS-D	-1.20417995081086	0.293266670271196	62	62	1.235503906035e-4	9.9600622578825e-4
K00457	group	IBS-D	-2.47564374237228	0.603173708728159	62	62	1.2427310639357e-4	0.00100012281527662
K15520	group	IBS-D	-1.97995909457266	0.482942350590661	62	62	1.2620672843406e-4	0.00100539008664704
K15521	group	IBS-D	-1.97995909457266	0.482942350590661	62	62	1.2620672843406e-4	0.00100539008664704
K15525	group	IBS-D	-1.97995909457266	0.482942350590661	62	62	1.2620672843406e-4	0.00100539008664704
K15526	group	IBS-D	-1.97995909457266	0.482942350590661	62	62	1.2620672843406e-4	0.00100539008664704
K17883	group	IBS-D	-1.97995909457266	0.482942350590661	62	62	1.2620672843406e-4	0.00100539008664704
K18455	group	IBS-D	-1.98039671726643	0.482976789940601	62	62	1.2594589199259e-4	0.00100539008664704
K11534	group	IBS-D	-1.75657543704413	0.42902010639784	62	8	1.2852164977733e-4	0.00102210472234384
K02657	group	IBS-D	-3.41951861708757	0.838309243536948	62	61	1.3532400321668e-4	0.00106704086484221
K03649	group	IBS-D	2.29915545912347	0.563541996298053	62	52	1.3497677806804e-4	0.00106704086484221
K03889	group	IBS-D	-2.88904648199128	0.708340179113838	62	53	1.3552957549628e-4	0.00106704086484221
K03890	group	IBS-D	-2.88904648199128	0.708340179113838	62	53	1.3552957549628e-4	0.00106704086484221
K03891	group	IBS-D	-2.88904648199128	0.708340179113838	62	53	1.3552957549628e-4	0.00106704086484221
K15733	group	IBS-D	-2.88904648199128	0.708340179113838	62	53	1.3552957549628e-4	0.00106704086484221
K01608	group	IBS-D	2.07233037582402	0.50859698877577	62	53	1.3737002422873e-4	0.00107972839043784
K03776	group	IBS-D	-2.97939491483592	0.732222549460309	62	61	1.3999210882677e-4	0.00109850713016153
K00150	group	IBS-D	-2.80373298887674	0.689496870290827	62	13	1.4123322540351e-4	0.00110640513455641
K00748	group	IBS-D	0.138455179078563	0.0340588646717162	62	62	1.4179062046741e-4	0.0011089296287302
K09880	group	IBS-D	-2.80122737222941	0.689472248990536	62	13	1.4289712403265e-4	0.00111573317373843
K10873	group	IBS-D	-1.22523485132489	0.302008628555423	62	9	1.4575609393473e-4	0.00113617477520037
K00697	group	IBS-D	-3.02088434502404	0.745066291529843	62	39	1.4695148919206e-4	0.00114360267826693
K18778	group	IBS-D	-2.77282530296762	0.683973475373819	62	60	1.4720899806849e-4	0.00114371933260464
K17218	group	IBS-D	-3.26762187803545	0.807065761818761	62	61	1.4981111270594e-4	0.00116202172289679
K02419	group	IBS-D	-1.22106577140709	0.302196377233276	62	62	1.5394693395198e-4	0.00119214078902717
K00130	group	IBS-D	-2.71576579403807	0.673118262482832	62	62	1.5708623715638e-4	0.00121445687611393
K02400	group	IBS-D	-1.21789611416509	0.30192581680752	62	62	1.5753076962814e-4	0.00121590034298908
K07062	group	IBS-D	-2.10148233409411	0.521130671924829	62	62	1.5817249599957e-4	0.00121817042876856
K18968	group	IBS-D	2.34143461960962	0.580680599393456	62	54	1.5834149127123e-4	0.00121817042876856
K02401	group	IBS-D	-1.2232275336902	0.303457793652813	62	62	1.5901023923162e-4	0.00122132294497778
K02388	group	IBS-D	-1.21776125778339	0.302434089127463	62	62	1.6138248728233e-4	0.00123199513353167
K02397	group	IBS-D	-1.24779604881485	0.309889383974133	62	62	1.6135500826317e-4	0.00123199513353167
K02412	group	IBS-D	-1.21788525412566	0.302473541153031	62	62	1.61444654903e-4	0.00123199513353167
K02420	group	IBS-D	-1.21788525412566	0.302473541153031	62	62	1.61444654903e-4	0.00123199513353167
K07156	group	IBS-D	-2.57032602585912	0.638731178247314	62	62	1.6269388905074e-4	0.0012395224244965
K02014	group	IBS-D	0.199238070744034	0.0495311445549642	62	62	1.6358315763785e-4	0.00124428737325824
K02409	group	IBS-D	-1.21246657644354	0.301681551856196	62	62	1.6548036375031e-4	0.0012566914580459
K01150	group	IBS-D	2.11310806806776	0.526147067078383	62	52	1.6705403173617e-4	0.00126603104858502
K02421	group	IBS-D	-1.21893806222676	0.30353201665121	62	62	1.6724710417058e-4	0.00126603104858502
K07028	group	IBS-D	2.09728164903093	0.523253359509046	62	53	1.7159320049701e-4	0.00129684861144859
K12875	group	IBS-D	-2.49113920670003	0.621816569167752	62	35	1.7270020500703e-4	0.00130312666690108
K02658	group	IBS-D	-3.29930800831881	0.823752562630414	62	61	1.732833135213e-4	0.00130335583184446
K02659	group	IBS-D	-3.29933769707007	0.823732859630443	62	61	1.7320717270861e-4	0.00130335583184446
K09763	group	IBS-D	-2.33852264717581	0.584019271888313	62	13	1.7387916131113e-4	0.0013057549757059
K19119	group	IBS-D	-1.56790286703249	0.39262938998434	62	62	1.8027620336812e-4	0.00135164161380617
K16171	group	IBS-D	-3.69193448664426	0.924729184743382	62	52	1.8081173000673e-4	0.00135350495033611
K19117	group	IBS-D	-1.5668962917485	0.392559980024756	62	62	1.8139451544699e-4	0.00135571558613001
K02405	group	IBS-D	-1.20648644515848	0.302369943092907	62	62	1.8223066922955e-4	0.0013598098672256
K01252	group	IBS-D	-1.98106975406018	0.496902633134071	62	62	1.8421990217266e-4	0.00137248192519164
K00575	group	IBS-D	-1.21906680791726	0.306219320318091	62	62	1.8781427505971e-4	0.00139705381889842
K02387	group	IBS-D	-1.20825887438356	0.303700817917233	62	62	1.8942767153405e-4	0.00140683606134584
K05845	group	IBS-D	-1.08662413805353	0.27340341744168	62	62	1.9197170637898e-4	0.00142348831333854
K01613	group	IBS-D	0.151634632041102	0.038159413139564	62	62	1.9243133328033e-4	0.00142465646428577
K02408	group	IBS-D	-1.20525596484585	0.303447964834893	62	62	1.9361358395309e-4	0.00143116247950284
K11906	group	IBS-D	-2.89302778044191	0.728689855255984	62	61	1.9470491952824e-4	0.00143697715257468
K02556	group	IBS-D	-1.18845415736942	0.299773869387303	62	62	1.9840597881518e-4	0.00146200405639439
K02674	group	IBS-D	-2.87367276022962	0.728217184111476	62	60	2.1082658316454e-4	0.00155021676187907
K08296	group	IBS-D	-0.691426485150133	0.175227562378195	62	62	2.1103459735503e-4	0.00155021676187907
K09793	group	IBS-D	-1.89387427213591	0.480335836977653	62	61	2.1318539689818e-4	0.00156358060928744
K02416	group	IBS-D	-1.19720241298725	0.303702360553989	62	62	2.1374138912616e-4	0.00156522420981213
K00020	group	IBS-D	-1.03873112844459	0.263709537002367	62	62	2.1594682039096e-4	0.00157746758294423
K16650	group	IBS-D	-1.7047492510731	0.432816800424862	62	62	2.1608228553477e-4	0.00157746758294423
K01118	group	IBS-D	-0.815445875627642	0.20706180154612	62	62	2.1647945596313e-4	0.00157792444253805
K11735	group	IBS-D	-2.32358335253661	0.591866289491329	62	61	2.2547036685958e-4	0.00164092322547806
K01801	group	IBS-D	-3.3093902345055	0.844175146925393	62	52	2.2967087467513e-4	0.00166635053071993
K06075	group	IBS-D	2.33798651453814	0.596315021062283	62	54	2.2932346014866e-4	0.00166635053071993
K01829	group	IBS-D	-2.83266757442484	0.722832702090161	62	12	2.3075093018708e-4	0.00167161503342901
K03517	group	IBS-D	0.314101065949313	0.0802141774149291	62	62	2.3309313881801e-4	0.00168599270347505
K02452	group	IBS-D	-1.96754670883253	0.502777820434367	62	19	2.3496597824502e-4	0.00169693652894878
K12976	group	IBS-D	1.97739214238701	0.50604261298507	62	53	2.3949260577989e-4	0.0017269833774586601
K06861	group	IBS-D	0.13383829059848	0.0343011261732064	62	62	2.440274845876e-4	0.00175699788903072
K07065	group	IBS-D	-2.75277471730822	0.70731446393309	62	21	2.5218251937017e-4	0.00181294628254534
K07181	group	IBS-D	-1.66798207254065	0.430063028999937	62	62	2.6353558770947e-4	0.0018916801090379
K00793	group	IBS-D	0.113466643217731	0.0292704915210858	62	62	2.6524773523116e-4	0.00190107647317654
K01724	group	IBS-D	-3.40920524172132	0.880195333302852	62	61	2.6808896725542e-4	0.00191713990894744
K07347	group	IBS-D	-2.71574907280639	0.70120131183176	62	62	2.6830202288068e-4	0.00191713990894744
K10014	group	IBS-D	2.0539691910797	0.53302200981771	62	52	2.8604424610974e-4	0.00204082400098871
K00032	group	IBS-D	2.04237355097352	0.530419699209135	62	53	2.8882237956032e-4	0.00204517468769742
K00148	group	IBS-D	2.04237355097352	0.530419699209135	62	53	2.8882237956032e-4	0.00204517468769742
K00471	group	IBS-D	2.04237355097352	0.530419699209135	62	53	2.8882237956032e-4	0.00204517468769742
K00569	group	IBS-D	2.04237355097352	0.530419699209135	62	53	2.8882237956032e-4	0.00204517468769742
K11441	group	IBS-D	2.04237355097352	0.530419699209135	62	53	2.8882237956032e-4	0.00204517468769742
K01247	group	IBS-D	-3.13779419577398	0.815184526147433	62	61	2.9005541707687e-4	0.00205082660709826
K00050	group	IBS-D	-1.82737736817905	0.475256510206185	62	62	2.9401487370229e-4	0.00207570979697609
K02858	group	IBS-D	-1.41408941846092	0.367874447907801	62	62	2.9506185662109e-4	0.00207998761707785
K05566	group	IBS-D	-1.11376015019244	0.29005733633521	62	62	2.9909058493942e-4	0.00210210312753254
K07346	group	IBS-D	-3.20970255043721	0.835819779796025	62	61	2.9870814440676e-4	0.00210210312753254
K07245	group	IBS-D	-2.47804343154062	0.646409923547312	62	62	3.0524887634422e-4	0.00214219300720145
K13020	group	IBS-D	-2.26861573513893	0.591864665160882	62	51	3.0579754006903e-4	0.00214285467899787
K12573	group	IBS-D	0.0869056061779647	0.0227682928328916	62	62	3.2220527891754e-4	0.0022544808536723
K12343	group	IBS-D	-2.94170113050105	0.772349342609274	62	51	3.3090267530889e-4	0.00231190669149145
K09968	group	IBS-D	-3.05858911929838	0.80526700131661	62	48	3.4243160992613e-4	0.00238891637930717
K07782	group	IBS-D	2.07741499445235	0.547566311817096	62	55	3.4727173273963e-4	0.00241910412348613
K05569	group	IBS-D	-1.03172423011021	0.272412272704834	62	62	3.5472005280395e-4	0.00246371100003457
K05570	group	IBS-D	-1.03172423011021	0.272412272704834	62	62	3.5472005280395e-4	0.00246371100003457
K05794	group	IBS-D	-1.05171555230233	0.277918098868624	62	62	3.5830119987628e-4	0.00248492420384785
K15918	group	IBS-D	-2.26509507043574	0.598744303374669	62	12	3.5968390238368e-4	0.00249085063677158
K02418	group	IBS-D	-1.26233046338707	0.333822114586929	62	62	3.6158762001514e-4	0.00250036248679096
K17713	group	IBS-D	-3.06985054090001	0.814689553700466	62	61	3.7752157263834e-4	0.0026067228939421
K06216	group	IBS-D	-1.32212123978393	0.350982315187315	62	9	3.7899679969411e-4	0.002613083197891
K03774	group	IBS-D	-3.04757690699642	0.8099748141405	62	61	3.8437487173777e-4	0.0026462947373947
K07667	group	IBS-D	-1.87208342084821	0.497676159468431	62	61	3.8550400502356e-4	0.00265019954473928
K02058	group	IBS-D	-0.934402981086419	0.248435042533181	62	62	3.8611935042677e-4	0.00265056602127029
K13635	group	IBS-D	-3.48689347013795	0.927243192946686	62	52	3.8694478907381e-4	0.00265237154836059
K12339	group	IBS-D	-3.04575630122346	0.810052018001807	62	61	3.8762483089666e-4	0.00265317663644217
K00102	group	IBS-D	-3.4733032129877	0.930021390161949	62	52	4.2057719885591e-4	0.0026782302644621
K00214	group	IBS-D	-2.20280203534372	0.593208152985751	62	12	4.5034703132282e-4	0.0026782302644621
K00218	group	IBS-D	-2.20280203534372	0.593208152985751	62	12	4.5034703132282e-4	0.0026782302644621
K00367	group	IBS-D	-2.20280203534372	0.593208152985751	62	12	4.5034703132282e-4	0.0026782302644621
K00441	group	IBS-D	-2.20280203534372	0.593208152985751	62	12	4.5034703132282e-4	0.0026782302644621
K00464	group	IBS-D	-2.20280203534372	0.593208152985751	62	12	4.5034703132282e-4	0.0026782302644621
K00801	group	IBS-D	-2.20280203534372	0.593208152985751	62	12	4.5034703132282e-4	0.0026782302644621
K01602	group	IBS-D	-2.20984096813286	0.593777738411918	62	12	4.385128242963e-4	0.0026782302644621
K02092	group	IBS-D	-2.20280203534372	0.593208152985751	62	12	4.5034703132282e-4	0.0026782302644621
K02093	group	IBS-D	-2.20280203534372	0.593208152985751	62	12	4.5034703132282e-4	0.0026782302644621
K02094	group	IBS-D	-2.20280203534372	0.593208152985751	62	12	4.5034703132282e-4	0.0026782302644621
K02095	group	IBS-D	-2.20280203534372	0.593208152985751	62	12	4.5034703132282e-4	0.0026782302644621
K02096	group	IBS-D	-2.20280203534372	0.593208152985751	62	12	4.5034703132282e-4	0.0026782302644621
K02097	group	IBS-D	-2.20280203534372	0.593208152985751	62	12	4.5034703132282e-4	0.0026782302644621
K02284	group	IBS-D	-2.20280203534372	0.593208152985751	62	12	4.5034703132282e-4	0.0026782302644621
K02285	group	IBS-D	-2.20280203534372	0.593208152985751	62	12	4.5034703132282e-4	0.0026782302644621
K02288	group	IBS-D	-2.20280203534372	0.593208152985751	62	12	4.5034703132282e-4	0.0026782302644621
K02289	group	IBS-D	-2.20280203534372	0.593208152985751	62	12	4.5034703132282e-4	0.0026782302644621
K02290	group	IBS-D	-2.20280203534372	0.593208152985751	62	12	4.5034703132282e-4	0.0026782302644621
K02293	group	IBS-D	-2.20280203534372	0.593208152985751	62	12	4.5034703132282e-4	0.0026782302644621
K02294	group	IBS-D	-2.20280203534372	0.593208152985751	62	12	4.5034703132282e-4	0.0026782302644621
K02390	group	IBS-D	-1.23025090512581	0.329374702483771	62	62	4.1995252497408e-4	0.0026782302644621
K02634	group	IBS-D	-2.20280203534372	0.593208152985751	62	12	4.5034703132282e-4	0.0026782302644621
K02637	group	IBS-D	-2.20280203534372	0.593208152985751	62	12	4.5034703132282e-4	0.0026782302644621
K02638	group	IBS-D	-2.20280203534372	0.593208152985751	62	12	4.5034703132282e-4	0.0026782302644621
K02639	group	IBS-D	-2.20280203534373	0.593208152985751	62	12	4.503470313228e-4	0.0026782302644621
K02640	group	IBS-D	-2.20280203534372	0.593208152985751	62	12	4.5034703132282e-4	0.0026782302644621
K02641	group	IBS-D	-2.20280203534372	0.593208152985751	62	12	4.5034703132282e-4	0.0026782302644621
K02643	group	IBS-D	-2.20280203534372	0.593208152985751	62	12	4.5034703132282e-4	0.0026782302644621
K02691	group	IBS-D	-2.20280203534372	0.593208152985751	62	12	4.5034703132282e-4	0.0026782302644621
K02693	group	IBS-D	-2.20280203534372	0.593208152985751	62	12	4.5034703132282e-4	0.0026782302644621
K02694	group	IBS-D	-2.20280203534372	0.593208152985751	62	12	4.5034703132282e-4	0.0026782302644621
K02697	group	IBS-D	-2.20280203534372	0.593208152985751	62	12	4.5034703132282e-4	0.0026782302644621
K02698	group	IBS-D	-2.20280203534372	0.593208152985751	62	12	4.5034703132282e-4	0.0026782302644621
K02700	group	IBS-D	-2.20280203534372	0.593208152985751	62	12	4.5034703132282e-4	0.0026782302644621
K02703	group	IBS-D	-2.20280203534372	0.593208152985751	62	12	4.5034703132282e-4	0.0026782302644621
K02704	group	IBS-D	-2.20280203534372	0.593208152985751	62	12	4.5034703132282e-4	0.0026782302644621
K02705	group	IBS-D	-2.20280203534372	0.593208152985751	62	12	4.5034703132282e-4	0.0026782302644621
K02706	group	IBS-D	-2.20280203534372	0.593208152985751	62	12	4.5034703132282e-4	0.0026782302644621
K02707	group	IBS-D	-2.20280203534372	0.593208152985751	62	12	4.5034703132282e-4	0.0026782302644621
K02709	group	IBS-D	-2.20280203534372	0.593208152985751	62	12	4.5034703132282e-4	0.0026782302644621
K02711	group	IBS-D	-2.20280203534372	0.593208152985751	62	12	4.5034703132282e-4	0.0026782302644621
K02714	group	IBS-D	-2.20280203534372	0.593208152985751	62	12	4.5034703132282e-4	0.0026782302644621
K02715	group	IBS-D	-2.20280203534372	0.593208152985751	62	12	4.5034703132282e-4	0.0026782302644621
K02716	group	IBS-D	-2.20280203534372	0.593208152985751	62	12	4.5034703132282e-4	0.0026782302644621
K02717	group	IBS-D	-2.20280203534372	0.593208152985751	62	12	4.5034703132282e-4	0.0026782302644621
K02718	group	IBS-D	-2.20280203534372	0.593208152985751	62	12	4.5034703132282e-4	0.0026782302644621
K02720	group	IBS-D	-2.20280203534372	0.593208152985751	62	12	4.5034703132282e-4	0.0026782302644621
K02722	group	IBS-D	-2.20280203534372	0.593208152985751	62	12	4.5034703132282e-4	0.0026782302644621
K02723	group	IBS-D	-2.20280203534372	0.593208152985751	62	12	4.5034703132282e-4	0.0026782302644621
K02724	group	IBS-D	-2.20280203534372	0.593208152985751	62	12	4.5034703132282e-4	0.0026782302644621
K03092	group	IBS-D	0.309732226176775	0.0827357455147256	62	62	4.0858170093949e-4	0.0026782302644621
K03650	group	IBS-D	0.0861517879342751	0.0231787628877208	62	62	4.4535772563297e-4	0.0026782302644621
K04061	group	IBS-D	-1.14866913601955	0.30815457132418	62	62	4.3025942380536e-4	0.0026782302644621
K04068	group	IBS-D	0.102273090921468	0.0275139281333559	62	62	4.4493271738138e-4	0.0026782302644621
K04752	group	IBS-D	-3.26845957531201	0.87052056923768	62	61	3.9437667044825e-4	0.0026782302644621
K05356	group	IBS-D	-2.20280203534372	0.593208152985751	62	12	4.5034703132282e-4	0.0026782302644621
K05371	group	IBS-D	-2.20280203534372	0.593208152985751	62	12	4.5034703132282e-4	0.0026782302644621
K05572	group	IBS-D	-2.20280203534372	0.593208152985751	62	12	4.5034703132282e-4	0.0026782302644621
K05573	group	IBS-D	-2.20280203534372	0.593208152985751	62	12	4.5034703132282e-4	0.0026782302644621
K05574	group	IBS-D	-2.20280203534372	0.593208152985751	62	12	4.5034703132282e-4	0.0026782302644621
K05575	group	IBS-D	-2.20280203534372	0.593208152985751	62	12	4.5034703132282e-4	0.0026782302644621
K05576	group	IBS-D	-2.21964010676633	0.596676098359335	62	12	4.4085087196373e-4	0.0026782302644621
K05577	group	IBS-D	-2.21256311500636	0.594001866261137	62	12	4.3405614157527e-4	0.0026782302644621
K05578	group	IBS-D	-2.20280203534372	0.593208152985751	62	12	4.5034703132282e-4	0.0026782302644621
K05579	group	IBS-D	-2.20280203534372	0.593208152985751	62	12	4.5034703132282e-4	0.0026782302644621
K05580	group	IBS-D	-2.20280203534372	0.593208152985751	62	12	4.5034703132282e-4	0.0026782302644621
K05581	group	IBS-D	-2.20280203534372	0.593208152985751	62	12	4.5034703132282e-4	0.0026782302644621
K05582	group	IBS-D	-2.20280203534372	0.593208152985751	62	12	4.5034703132282e-4	0.0026782302644621
K05583	group	IBS-D	-2.20280203534372	0.593208152985751	62	12	4.5034703132282e-4	0.0026782302644621
K05584	group	IBS-D	-2.20280203534372	0.593208152985751	62	12	4.5034703132282e-4	0.0026782302644621
K05585	group	IBS-D	-2.20280203534372	0.593208152985751	62	12	4.5034703132282e-4	0.0026782302644621
K06118	group	IBS-D	-2.21655238771872	0.594334198532399	62	12	4.2764255190944e-4	0.0026782302644621
K06873	group	IBS-D	-2.20280203534372	0.593208152985751	62	12	4.5034703132282e-4	0.0026782302644621
K07769	group	IBS-D	-2.20280203534372	0.593208152985751	62	12	4.5034703132282e-4	0.0026782302644621
K07978	group	IBS-D	-2.20280203534372	0.593208152985751	62	12	4.5034703132282e-4	0.0026782302644621
K08481	group	IBS-D	-2.20280203534372	0.593208152985751	62	12	4.5034703132282e-4	0.0026782302644621
K08902	group	IBS-D	-2.20280203534372	0.593208152985751	62	12	4.5034703132282e-4	0.0026782302644621
K08903	group	IBS-D	-2.20280203534372	0.593208152985751	62	12	4.5034703132282e-4	0.0026782302644621
K08906	group	IBS-D	-2.20280203534372	0.593208152985751	62	12	4.5034703132282e-4	0.0026782302644621
K09012	group	IBS-D	-2.20280203534372	0.593208152985751	62	12	4.5034703132282e-4	0.0026782302644621
K09744	group	IBS-D	-2.20280203534372	0.593208152985751	62	12	4.5034703132282e-4	0.0026782302644621
K09942	group	IBS-D	-2.20280203534372	0.593208152985751	62	12	4.5034703132282e-4	0.0026782302644621
K11521	group	IBS-D	-2.20280203534372	0.593208152985751	62	12	4.5034703132282e-4	0.0026782302644621
K11720	group	IBS-D	0.128983347985194	0.0343974541376493	62	62	4.0054543130107e-4	0.0026782302644621
K11780	group	IBS-D	-2.20280203534372	0.593208152985751	62	12	4.5034703132282e-4	0.0026782302644621
K11781	group	IBS-D	-2.20280203534372	0.593208152985751	62	12	4.5034703132282e-4	0.0026782302644621
K12073	group	IBS-D	-2.20280203534372	0.593208152985751	62	12	4.5034703132282e-4	0.0026782302644621
K13799	group	IBS-D	-2.20280203534372	0.593208152985751	62	12	4.5034703132282e-4	0.0026782302644621
K14330	group	IBS-D	-2.20280203534372	0.593208152985751	62	12	4.5034703132282e-4	0.0026782302644621
K14331	group	IBS-D	-2.20280203534372	0.593208152985751	62	12	4.5034703132282e-4	0.0026782302644621
K14518	group	IBS-D	-2.20280203534372	0.593208152985751	62	12	4.5034703132282e-4	0.0026782302644621
K14605	group	IBS-D	-2.20280203534372	0.593208152985751	62	12	4.5034703132282e-4	0.0026782302644621
K14606	group	IBS-D	-2.20280203534372	0.593208152985751	62	12	4.5034703132282e-4	0.0026782302644621
K15226	group	IBS-D	-2.20280203534372	0.593208152985751	62	12	4.5034703132282e-4	0.0026782302644621
K16127	group	IBS-D	-2.20280203534372	0.593208152985751	62	12	4.5034703132282e-4	0.0026782302644621
K17244	group	IBS-D	-2.20280203534372	0.593208152985751	62	12	4.5034703132282e-4	0.0026782302644621
K17245	group	IBS-D	-2.20280203534372	0.593208152985751	62	12	4.5034703132282e-4	0.0026782302644621
K17246	group	IBS-D	-2.20280203534372	0.593208152985751	62	12	4.5034703132282e-4	0.0026782302644621
K17892	group	IBS-D	-2.20280203534372	0.593208152985751	62	12	4.5034703132282e-4	0.0026782302644621
K18534	group	IBS-D	-2.20280203534372	0.593208152985751	62	12	4.5034703132282e-4	0.0026782302644621
K18678	group	IBS-D	-2.20280203534372	0.593208152985751	62	12	4.5034703132282e-4	0.0026782302644621
K19003	group	IBS-D	-2.20280203534372	0.593208152985751	62	12	4.5034703132282e-4	0.0026782302644621
K19052	group	IBS-D	-1.13778892972215	0.305137268870742	62	7	4.2859830146996e-4	0.0026782302644621
K08357	group	IBS-D	-1.4431495846862	0.388702746660765	62	10	4.5127001811382e-4	0.00268033930154258
K00632	group	IBS-D	-2.23024553752989	0.600859685575812	62	62	4.5268488600059e-4	0.00268536090865257
K07277	group	IBS-D	0.128700629193223	0.0346956776897366	62	62	4.5610154609015e-4	0.00270222976301652
K00924	group	IBS-D	-1.30122153246458	0.351537589429506	62	62	4.6779944239788e-4	0.00276805793017369
K00025	group	IBS-D	-3.31441542340377	0.897607675859836	62	37	4.8150112108125e-4	0.00284556301631476
K02417	group	IBS-D	-1.1182899951003	0.303156969919197	62	62	4.8720950103156e-4	0.00287210000858107
K11907	group	IBS-D	-2.90064502135447	0.786333717413709	62	61	4.8719886892736e-4	0.00287210000858107
K02022	group	IBS-D	-2.88963849093768	0.783737377456913	62	26	4.9004817276019e-4	0.00288522744411618
K07566	group	IBS-D	0.084168425940718	0.0228883038892431	62	62	5.053832999181e-4	0.00297180504041616
K11903	group	IBS-D	-2.7625998971739	0.751628789511302	62	61	5.0841117334752e-4	0.00298588679141587
K02635	group	IBS-D	-2.17800371196882	0.594153308851458	62	13	5.244858603452e-4	0.0030726401458236
K02636	group	IBS-D	-2.17800371196882	0.594153308851458	62	13	5.244858603452e-4	0.0030726401458236
K03408	group	IBS-D	-1.19244764831721	0.325731114981374	62	62	5.3272734422935e-4	0.00311318730531059
K05567	group	IBS-D	-1.03514115795089	0.282756038614386	62	62	5.3261845173744e-4	0.00311318730531059
K05358	group	IBS-D	1.90423257313065	0.520631811757962	62	53	5.3834328392233e-4	0.00314211253338826
K03481	group	IBS-D	-1.41429739659449	0.386924118487858	62	62	5.4231658344522e-4	0.00316139061499097
K09912	group	IBS-D	1.90615556909174	0.521787279406696	62	53	5.4596065602779e-4	0.00317870426398404
K14393	group	IBS-D	-2.66115110341964	0.729968632355184	62	62	5.5924427086101e-4	0.00324964006076661
K17103	group	IBS-D	0.161236753739335	0.0442300413179335	62	62	5.5952241928381e-4	0.00324964006076661
K07659	group	IBS-D	-3.12837502835116	0.858551489786607	62	61	5.6242861044571e-4	0.00326250101705044
K03802	group	IBS-D	-2.72637911041978	0.748376784494737	62	58	5.6372743252648e-4	0.00326601790146795
K03284	group	IBS-D	0.0890518241884323	0.0244589890650417	62	62	5.6767044225464e-4	0.00328482675542689
K11900	group	IBS-D	-2.74182138137831	0.753378091694007	62	61	5.7036902545844e-4	0.00329639745595836
K09690	group	IBS-D	-1.55204574523228	0.426896505898722	62	62	5.7714724536019e-4	0.00333148887285027
K15269	group	IBS-D	-3.8882281550292	1.06970761255331	62	45	5.7860978952074e-4	0.00333584812638121
K11893	group	IBS-D	-2.7379440214572	0.753537948064061	62	61	5.8118480809515e-4	0.00333845012786451
K11895	group	IBS-D	-2.7379440214572	0.753537948064061	62	61	5.8118480809515e-4	0.00333845012786451
K11901	group	IBS-D	-2.7379440214572	0.753537948064061	62	61	5.8118480809515e-4	0.00333845012786451
K07246	group	IBS-D	-1.86165874451288	0.512454263320954	62	62	5.8233481546283e-4	0.00334098660550211
K04033	group	IBS-D	1.84478118226982	0.50854794358885	62	54	5.9217403276795e-4	0.00339330830927543
K02554	group	IBS-D	-1.33341861924812	0.367943658605724	62	10	5.9891507961639e-4	0.00342777125663948
K17316	group	IBS-D	-1.98760060180803	0.549212640543434	62	59	6.0842775407924e-4	0.00347799428877297
K18923	group	IBS-D	-1.51481658239971	0.418801315278153	62	13	6.1223611440649e-4	0.00349552725852423
K03724	group	IBS-D	-0.805578020111906	0.222774937740801	62	62	6.1402577367453e-4	0.00349727723266802
K07304	group	IBS-D	-0.815702291346051	0.225561306742609	62	62	6.1360835334262e-4	0.00349727723266802
K00065	group	IBS-D	-1.06996063262884	0.295968403709263	62	62	6.1595125039993e-4	0.00350045629266188
K17317	group	IBS-D	-1.98408731505693	0.548839744042195	62	59	6.1606843149053e-4	0.00350045629266188
K11904	group	IBS-D	-3.21689593391774	0.890017572514738	62	61	6.173158245088e-4	0.00350332301851205
K03978	group	IBS-D	0.0830023608649732	0.0229942327491657	62	62	6.2659182098207e-4	0.00355169113912437
K10843	group	IBS-D	-1.65133921284467	0.457633751436242	62	62	6.2912041594431e-4	0.0035617429550941
K00848	group	IBS-D	-0.596194150289952	0.165431105612104	62	62	6.3822831622943e-4	0.00360897450759952
K08717	group	IBS-D	1.92510148994026	0.534443340201663	62	56	6.4189480168244e-4	0.00362536034099932
K07734	group	IBS-D	-2.94691232711041	0.820820129572919	62	61	6.6638241783734e-4	0.0037591620604317
K07638	group	IBS-D	-2.93274792263812	0.819416696891801	62	61	6.9017802002495e-4	0.00388874497304385
K00794	group	IBS-D	0.10158272887375	0.0284192950779588	62	62	7.0032823023209e-4	0.00393184277830303
K05785	group	IBS-D	-1.38264150608558	0.38678553819326	62	7	6.9973395138781e-4	0.00393184277830303
K11752	group	IBS-D	0.101865020499038	0.0284931457489962	62	62	6.9891335224522e-4	0.00393184277830303
K01596	group	IBS-D	-1.10966607930398	0.311793253278753	62	62	7.3515805533657e-4	0.00412247965394446
K08994	group	IBS-D	-2.19625987625562	0.617171868438505	62	62	7.3606591064493e-4	0.00412266844964551
K01194	group	IBS-D	-2.25479517932875	0.633881882614578	62	23	7.394576641615e-4	0.00413675248420602
K01029	group	IBS-D	-2.24570779908173	0.631710796733566	62	62	7.4448532322115e-4	0.00415994405724048
K03484	group	IBS-D	-0.452772839474623	0.127383692964582	62	62	7.4579398636892e-4	0.00416232478072884
K00645	group	IBS-D	0.0817457066232404	0.023020487612514	62	62	7.5379589692174e-4	0.00420201117007439
K19745	group	IBS-D	-2.08338342710903	0.586779328381684	62	19	7.5487911875314e-4	0.0042030813743091
K00108	group	IBS-D	-2.46697436104842	0.695796430334099	62	61	7.6679674403435e-4	0.00426440264724765
K00767	group	IBS-D	0.272024449191727	0.0768284925121677	62	62	7.7857513703387e-4	0.00432480606154504
K05838	group	IBS-D	-0.691486039524084	0.195358891533433	62	62	7.8126877984987e-4	0.00433466301855532
K02407	group	IBS-D	-1.03650923006864	0.293111592704078	62	62	7.8947580138993e-4	0.0043750503870211
K11749	group	IBS-D	0.0812492188024557	0.0229994381371545	62	62	7.9832826655317e-4	0.00441891561627319
K03406	group	IBS-D	-1.11560502690559	0.316252760995915	62	62	8.1111895531153e-4	0.00448445134026868
K08169	group	IBS-D	-1.75115356372724	0.496505005526153	62	61	8.126746069952e-4	0.00448779092106486
K01805	group	IBS-D	-0.945749262640443	0.268477507524712	62	62	8.2371433655647e-4	0.00454122643234209
K06969	group	IBS-D	0.185915710991897	0.0527806771516208	62	62	8.2427689272366e-4	0.00454122643234209
K05837	group	IBS-D	0.0797907163780632	0.0226663118787225	62	62	8.2991918292941e-4	0.00456697650722882
K04708	group	IBS-D	-1.11959863242752	0.318456760519957	62	7	8.4173582324657e-4	0.00462121786080422
K11214	group	IBS-D	-1.11959863242752	0.318456760519957	62	7	8.4173582324657e-4	0.00462121786080422
K14645	group	IBS-D	-2.0730162717256	0.58974492708747	62	62	8.4329614889459e-4	0.00462440074207777
K01028	group	IBS-D	-2.21115094337362	0.629983584820918	62	62	8.5721037818006e-4	0.00469524290766226
K00018	group	IBS-D	0.129923089033978	0.0370207579645865	62	62	8.582494315224e-4	0.00469548064856109
K00863	group	IBS-D	-1.41443363027704	0.403779491260794	62	10	8.7574054717235e-4	0.00478396855829367
K07693	group	IBS-D	-0.839211199505312	0.239588144137127	62	62	8.7645225495456e-4	0.00478396855829367
K01182	group	IBS-D	-0.712134848169186	0.203760796488203	62	62	8.978839362557e-4	0.00489528398078835
K03570	group	IBS-D	0.0805158074440511	0.0230648063098169	62	62	9.0940503628261e-4	0.00495237199897091
K09858	group	IBS-D	-0.731346245650852	0.209532769699799	62	62	9.1077390791839e-4	0.00495410582438654
K08358	group	IBS-D	-1.74699573853235	0.500654958488581	62	10	9.1345411177579e-4	0.00496296035845006
K07094	group	IBS-D	-2.3011478708987	0.660180158302433	62	43	9.2424794382727e-4	0.00501582658583362
K03709	group	IBS-D	-0.422406325503882	0.121290140678535	62	62	9.3296468819295e-4	0.00505731203392871
K01520	group	IBS-D	0.0985651183803189	0.0284429995641724	62	62	9.8418518949594e-4	0.00532883737504351
K03782	group	IBS-D	-2.16480729754461	0.624884111207926	62	61	9.8730104139075e-4	0.00533957765045734
K19429	group	IBS-D	-1.94475200540673	0.563101915959872	62	15	0.00102046949554445	0.0055126393367556
K14652	group	IBS-D	0.0954609622134019	0.0276587648118695	62	62	0.00102761165283155	0.0055448701999469
K05962	group	IBS-D	2.02171433223893	0.586640330018588	62	54	0.00104398372902074	0.00562677401835638
K16925	group	IBS-D	-0.808831690361342	0.234739712803863	62	62	0.00104593423707001	0.00563085144066456
K02429	group	IBS-D	0.393818950010939	0.114595797144543	62	62	0.00107555217580184	0.00578369904342246
K02392	group	IBS-D	-1.09992148463513	0.320131518529376	62	62	0.00107803562302534	0.0057904510229926
K03181	group	IBS-D	-2.5997245103108	0.757104614974248	62	61	0.00108492926942038	0.00581423458475739
K09002	group	IBS-D	1.01940136361557	0.296867723743636	62	62	0.00108464436159673	0.00581423458475739
K09972	group	IBS-D	-2.09162801321213	0.609271671308684	62	61	0.00108751852523828	0.00582149530649688
K03520	group	IBS-D	-1.78277283207918	0.519817544416853	62	16	0.00109890236437645	0.00587576366258427
K16135	group	IBS-D	1.80008288263866	0.525090801103253	62	53	0.00110390290580071	0.00589581665204549
K11208	group	IBS-D	2.01179631771917	0.587612194670087	62	54	0.00111912788576761	0.00597037003312221
K01637	group	IBS-D	-2.0848135294322	0.609607175275678	62	62	0.00113209758600851	0.00602592800859606
K01638	group	IBS-D	-2.0848135294322	0.609607175275678	62	62	0.00113209758600851	0.00602592800859606
K03555	group	IBS-D	0.0884742274957419	0.0259051004261776	62	62	0.00114822832947896	0.00610489831096144
K03684	group	IBS-D	-0.533259096278686	0.156161450062529	62	62	0.00115008781894101	0.00610789882221376
K03750	group	IBS-D	-0.426182206066943	0.125165524820303	62	62	0.00118533096025741	0.0062879874112193
K10380	group	IBS-D	-1.40727256034857	0.413498585102136	62	10	0.00119121955236409	0.00631212517859443
K11939	group	IBS-D	-1.16465710306237	0.342883319616119	62	62	0.00121580540945028	0.00643517206618126
K00958	group	IBS-D	-2.39801764306451	0.70618327498121	62	56	0.00121920665633535	0.00644042692859196
K03741	group	IBS-D	-1.45026867982103	0.427095103407095	62	62	0.00121952952655484	0.00644042692859196
K03412	group	IBS-D	-1.16185566213467	0.34224560225482	62	62	0.0012227290840469	0.00645010107423397
K19138	group	IBS-D	1.02175161073495	0.301588170021729	62	62	0.00124878249689426	0.00658017682162383
K11892	group	IBS-D	-2.66944466934926	0.788262699066209	62	61	0.00125418162148508	0.00660125058808443
K15772	group	IBS-D	-0.667201059793235	0.197302446496134	62	62	0.00127299012627897	0.00669277752010213
K09966	group	IBS-D	-2.10771845702721	0.624268626908075	62	14	0.00129379947169758	0.00679460836138727
K15770	group	IBS-D	-0.644503421102473	0.190933120102163	62	62	0.00129678141932118	0.00680269318522659
K09859	group	IBS-D	-1.46208776155486	0.433760880999409	62	8	0.00131598121408708	0.00689574156181632
K03212	group	IBS-D	-0.658456459571654	0.195375355631042	62	62	0.00131802931576248	0.00689880827207089
K07225	group	IBS-D	-3.0608090749233	0.909630565116256	62	32	0.00133955317622471	0.00700369487702407
K11329	group	IBS-D	-2.31758892117305	0.689169874196979	62	22	0.00134782150241938	0.00703912093622345
K00140	group	IBS-D	-1.05166873704389	0.313703338887677	62	62	0.00139127992013335	0.00725804878689035
K10778	group	IBS-D	-0.837389950941876	0.249907308454961	62	62	0.00139817801104482	0.00728597513821807
K07305	group	IBS-D	-0.674892142196206	0.201526659923306	62	62	0.0014062859228149	0.00732013732008286
K03572	group	IBS-D	0.0861817576475127	0.0258048277438132	62	62	0.00144583605881903	0.00751770987143388
K17073	group	IBS-D	-1.06630558008256	0.319342023279643	62	10	0.00144883016027263	0.00752498131701073
K18384	group	IBS-D	-1.79638680350726	0.538249188536625	62	53	0.00145590455971902	0.00755340583458187
K08995	group	IBS-D	-2.10878787474545	0.631950956649471	62	59	0.00145817548635364	0.00755687427872941
K11261	group	IBS-D	-2.04017134422336	0.611505523383615	62	54	0.00146100376829704	0.00756322038560796
K07589	group	IBS-D	1.87867847727618	0.563493071035106	62	52	0.00147131429512018	0.00759991042254847
K13938	group	IBS-D	1.87867847727618	0.563493071035106	62	52	0.00147131429512018	0.00759991042254847
K01533	group	IBS-D	0.206400125681216	0.0621831314543922	62	62	0.00153845938013736	0.00793804642968029
K02431	group	IBS-D	-0.444272760484198	0.133951268200251	62	62	0.00155037782127537	0.00799079978703239
K03392	group	IBS-D	-1.45436154806633	0.439671574146567	62	17	0.00159227166195903	0.00819776545611223
K02347	group	IBS-D	-1.27700269059167	0.386303366749914	62	11	0.00160256071962131	0.00824174084376674
K06966	group	IBS-D	0.198033336008581	0.0599702090913882	62	62	0.00161956610247347	0.00832012389898137
K02422	group	IBS-D	-1.01795162919005	0.308322781231474	62	62	0.00162258036887481	0.00832653865028684
K09133	group	IBS-D	-1.84281639996849	0.559258853416457	62	16	0.00165450089185934	0.00847878539783027
K16649	group	IBS-D	-2.27377635508679	0.690103308655477	62	40	0.00165584422209535	0.00847878539783027
K00867	group	IBS-D	-0.55880197255732	0.169653584253179	62	62	0.00166109368413299	0.00849644014573881
K10805	group	IBS-D	-1.0911562161805901	0.331377206674966	62	62	0.00166604749113825	0.00851254601105959
K02771	group	IBS-D	3.57855592864574	1.08715218759135	62	29	0.00167163220580599	0.00853183710236042
K02414	group	IBS-D	-1.12938049224616	0.343703813286314	62	62	0.0017008501338118	0.00867157754708806
K13282	group	IBS-D	-2.66475905487442	0.812211136754306	62	56	0.00172678998096101	0.0087943213285228
K02398	group	IBS-D	-1.12288791127036	0.34312639783786	62	62	0.00177056990247275	0.00900755950384194
K06986	group	IBS-D	-1.12101882162971	0.343043298844867	62	10	0.00179543244369596	0.00912420194447216
K00610	group	IBS-D	0.221507139188283	0.067792274760787	62	62	0.00179771657325633	0.00912597562914622
K07044	group	IBS-D	1.76584442064501	0.541842392301201	62	53	0.00184388124259597	0.00935026230116407
K00570	group	IBS-D	-2.03070229669757	0.623228779468954	62	32	0.00184722146443381	0.00935236532769925
K09947	group	IBS-D	1.69131364547919	0.519099380898056	62	56	0.00184826218944353	0.00935236532769925
K10012	group	IBS-D	-1.70353220765286	0.523248916956363	62	60	0.00186204889423321	0.00941202849432351
K07016	group	IBS-D	0.983281862400865	0.302940539069483	62	62	0.00191784133492574	0.00968366138705545
K18292	group	IBS-D	3.01908830312078	0.93148885792929	62	54	0.00194460583817511	0.0098083006768276
K00278	group	IBS-D	0.373561719669042	0.115452347820561	62	62	0.00197676602534584	0.00995985958924248
K01720	group	IBS-D	1.84073207360737	0.569958961541757	62	53	0.00201266384765215	0.0101299068362087
K11902	group	IBS-D	-2.69679175173127	0.836257777253902	62	61	0.00204130790641897	0.0102631216275819
K08295	group	IBS-D	-1.59248453943403	0.494840784424015	62	16	0.00208206627348805	0.0104457707933719
K09461	group	IBS-D	-1.59248453943403	0.494840784424015	62	16	0.00208206627348805	0.0104457707933719
K02396	group	IBS-D	-1.00608503826026	0.312893534660458	62	62	0.00209914135267393	0.0105202450788632
K03770	group	IBS-D	0.276900394843719	0.0861578329090927	62	62	0.00210880881346619	0.0105574759706014
K02413	group	IBS-D	-1.09616248729252	0.34114527706658	62	62	0.00211312742422773	0.010559681821965
K19051	group	IBS-D	-1.60661512062965	0.500022127426913	62	14	0.00211372765901929	0.010559681821965
K03791	group	IBS-D	1.59795775152329	0.498014912670421	62	55	0.00214168792942192	0.0106880426192104
K01433	group	IBS-D	-0.651754337170672	0.203397379763472	62	62	0.00216923055833623	0.0108140500138622
K09386	group	IBS-D	-1.57581681875728	0.492559732667998	62	16	0.00220221553908029	0.0109668938567082
K06048	group	IBS-D	-1.15252347547915	0.36079039241553	62	62	0.0022336874120804	0.0111118880119949
K00172	group	IBS-D	-1.45064691929412	0.454636556547919	62	16	0.00225795006996221	0.0112207508218565
K02503	group	IBS-D	0.070970375161382	0.0222825149282886	62	62	0.00229665777454993	0.0114010926997658
K03305	group	IBS-D	0.324395907938778	0.101944816523946	62	62	0.00231674033267818	0.0114886933847637
K11905	group	IBS-D	-2.46458109450766	0.776391718632415	62	60	0.00236969300271643	0.0117266235055726
K11910	group	IBS-D	-2.46458109450766	0.776391718632415	62	60	0.00236969300271643	0.0117266235055726
K00301	group	IBS-D	1.91474317330307	0.603552788118915	62	54	0.00238334086132701	0.011768415957807
K01952	group	IBS-D	-0.105958177539431	0.0334028679000866	62	62	0.00238562460891932	0.011768415957807
K03647	group	IBS-D	-0.600366385847606	0.189242829042013	62	62	0.00238325542018002	0.011768415957807
K01818	group	IBS-D	-0.470570384563442	0.148618531005116	62	62	0.00242690256276663	0.0119595323782732
K07300	group	IBS-D	-1.50348099431673	0.475297024133368	62	62	0.00244877078105175	0.0120547004211274
K06221	group	IBS-D	-1.05119853983161	0.332876500789566	62	62	0.00248734735802542	0.0122318353914994
K07091	group	IBS-D	0.272488966815204	0.0863399605745448	62	62	0.00250142663573166	0.0122882583480318
K14059	group	IBS-D	-2.06252542984664	0.654191249255891	62	62	0.00252512517900289	0.0123917693487801
K12252	group	IBS-D	1.90702638725082	0.605036776973372	62	54	0.00253156527587951	0.0124104592942285
K03411	group	IBS-D	-1.01133628024055	0.321063071052854	62	62	0.00254613116847928	0.0124689040400294
K01792	group	IBS-D	-0.611944036053209	0.195122569562815	62	62	0.00265078618282329	0.0129679539815297
K07483	group	IBS-D	-0.315281057175438	0.10061903499948	62	62	0.00267249164827648	0.0130605913090901
K00067	group	IBS-D	0.15560208557159	0.0496809752024268	62	62	0.00268335383065563	0.0130922668872743
K09810	group	IBS-D	0.26686988501899	0.0852108670642259	62	62	0.00268452546225493	0.0130922668872743
K09808	group	IBS-D	0.270283461823182	0.0863361390984908	62	62	0.00269459425156792	0.0131277959611512
K01813	group	IBS-D	-0.564574268738383	0.180504992833728	62	62	0.00271708248620053	0.0132236955675147
K05522	group	IBS-D	-1.13394221526188	0.363028156482669	62	62	0.00275045731282153	0.0133723264817179
K01478	group	IBS-D	-0.488679849136234	0.156515150093213	62	62	0.00276100969346195	0.0134098060910057
K07664	group	IBS-D	-1.48638617143698	0.47655316354173	62	55	0.00278703172874431	0.0135222650542779
K08307	group	IBS-D	0.304116629721066	0.0976657768442067	62	62	0.00282945088604464	0.0137139675011167
K06940	group	IBS-D	-0.850032889898303	0.273021577309548	62	62	0.00283293818108032	0.0137167725482287
K00060	group	IBS-D	-2.62558164459415	0.844089731897095	62	27	0.00285678402942396	0.0138180445977061
K00169	group	IBS-D	-1.40039688524121	0.450274593960693	62	16	0.00286055041665224	0.0138220858247254
K05571	group	IBS-D	-0.91686786173373	0.295013091162752	62	62	0.00287897303375968	0.0138968647156711
K00097	group	IBS-D	0.274581828895273	0.0884932238297095	62	62	0.00292139853117646	0.0140872346349981
K15771	group	IBS-D	-0.587530886185424	0.189449701569901	62	62	0.00293507213765802	0.0141387131779318
K01424	group	IBS-D	0.0982309445752331	0.0317117082475766	62	62	0.0029661439829638	0.0142592609823214
K02038	group	IBS-D	-0.474585774127565	0.153204636234436	62	62	0.00296527653634209	0.0142592609823214
K02527	group	IBS-D	0.120317638439932	0.0389655491762744	62	62	0.00305191811687227	0.0146566658240016
K07263	group	IBS-D	0.273876535416515	0.088841472702068	62	62	0.00309679449703609	0.0148462704367137
K11897	group	IBS-D	-2.5904596533163202	0.840333944058848	62	61	0.00309769510384357	0.0148462704367137
K00346	group	IBS-D	0.346330177374698	0.112483946600357	62	62	0.00313127045157818	0.0149162337875179
K00347	group	IBS-D	0.346352700353699	0.112488060917118	62	62	0.00313047691424493	0.0149162337875179
K00348	group	IBS-D	0.346352700353699	0.112488060917118	62	62	0.00313047691424493	0.0149162337875179
K00349	group	IBS-D	0.346352700353699	0.112488060917118	62	62	0.00313047691424493	0.0149162337875179
K00350	group	IBS-D	0.346352700353699	0.112488060917118	62	62	0.00313047691424493	0.0149162337875179
K00351	group	IBS-D	0.346352700353699	0.112488060917118	62	62	0.00313047691424493	0.0149162337875179
K07778	group	IBS-D	-0.736438999730121	0.239278273484137	62	62	0.00314196374799959	0.0149520696625288
K00956	group	IBS-D	0.576923282339867	0.18750837797598	62	62	0.00315074027113642	0.0149787208857655
K03932	group	IBS-D	-2.62561570331299	0.853936281506948	62	46	0.00316961486819551	0.015053276654995
K02000	group	IBS-D	-0.90406397396966	0.294394142629562	62	62	0.00320452013990056	0.0152037394162686
K06959	group	IBS-D	0.0780202210672331	0.0254450442631126	62	62	0.00324835757721758	0.0153962355117167
K00517	group	IBS-D	-1.88337784681935	0.614819639367347	62	62	0.00327586975883507	0.0155110459665323
K10716	group	IBS-D	-0.418454494945566	0.137121424376019	62	62	0.00338714156478609	0.0160218250948157
K05286	group	IBS-D	-0.851353755395805	0.279326686470465	62	11	0.00342466155653098	0.0161668707713715
K18428	group	IBS-D	-0.851353755395805	0.279326686470465	62	11	0.00342466155653098	0.0161668707713715
K13928	group	IBS-D	1.75142486511639	0.575433214272273	62	55	0.00346641092909624	0.0163475939416179
K03775	group	IBS-D	0.298820430685688	0.0982367733826968	62	62	0.0034846267552661	0.0164170826951398
K00059	group	IBS-D	0.0730333755888659	0.0240172272257625	62	62	0.00349429075186664	0.0164461828201627
K02037	group	IBS-D	-0.470977524898392	0.154933906476974	62	62	0.00350447704668306	0.0164776807100273
K01640	group	IBS-D	-1.17587753320098	0.387028680061512	62	62	0.00352104449345522	0.0165390894732419
K06991	group	IBS-D	-1.98138137529565	0.652260805549697	62	59	0.00352614892469338	0.0165465854018448
K12990	group	IBS-D	-2.56559617677335	0.846387930227412	62	34	0.00359234070540916	0.0168404361498107
K00608	group	IBS-D	-1.94125071660157	0.640778797266985	62	18	0.00361000983009435	0.0168901245685555
K05782	group	IBS-D	-1.95618158283879	0.645709179156706	62	60	0.00361010296121796	0.0168901245685555
K03488	group	IBS-D	-0.539143874069015	0.178234123715569	62	62	0.00365787100785181	0.0170966498246077
K06902	group	IBS-D	-0.609127631765824	0.201616990206018	62	62	0.00369689279305494	0.0172619271406407
K16211	group	IBS-D	0.381306216636824	0.126305578406846	62	62	0.00372122532315916	0.0173583567003152
K19713	group	IBS-D	-1.43647125621131	0.475934515982267	62	9	0.00372874832577131	0.0173762619608078
K00128	group	IBS-D	-0.633729303355054	0.210656188202645	62	62	0.00383519363709714	0.0178194809778819
K07686	group	IBS-D	-1.71673233178915	0.570605546184289	62	26	0.00383238704379926	0.0178194809778819
K19334	group	IBS-D	-1.71673233178915	0.570605546184289	62	26	0.00383238704379926	0.0178194809778819
K02757	group	IBS-D	-0.487892112971735	0.162257047118226	62	62	0.00385109137019581	0.0178757351396097
K01649	group	IBS-D	-0.215319575464265	0.0716622868080811	62	62	0.00387606091641017	0.0179724117496431
K02609	group	IBS-D	-1.71960803116584	0.572573597532087	62	61	0.00389097379058218	0.0179724117496431
K02610	group	IBS-D	-1.71960803116584	0.572573597532087	62	61	0.00389097379058218	0.0179724117496431
K02611	group	IBS-D	-1.71960803116584	0.572573597532087	62	61	0.00389097379058218	0.0179724117496431
K02612	group	IBS-D	-1.71960803116584	0.572573597532087	62	61	0.00389097379058218	0.0179724117496431
K00480	group	IBS-D	-1.52670885706481	0.50855953350209	62	16	0.0039050882124674	0.0180023421407588
K01629	group	IBS-D	-0.529464994660321	0.176358287482374	62	62	0.00390301485397668	0.0180023421407588
K05568	group	IBS-D	-1.04048893735051	0.347056390854343	62	62	0.00394968780847868	0.0181900960126277
K07319	group	IBS-D	-0.845967064642098	0.282228018242647	62	11	0.00395622216385914	0.0181900960126277
K18344	group	IBS-D	1.62803489369898	0.543156976684566	62	61	0.00395738730045717	0.0181900960126277
K14977	group	IBS-D	-1.7112888655725	0.571259874517056	62	52	0.00397677193933456	0.0182613987009754
K07001	group	IBS-D	0.346814783513719	0.115831868977426	62	62	0.00399398621034513	0.018322605999988
K07216	group	IBS-D	-1.2028525043724	0.402566750122439	62	62	0.00406462623803944	0.0186285494058251
K02618	group	IBS-D	-1.70932695060746	0.572152028050086	62	61	0.00406945942060047	0.0186325928422833
K06158	group	IBS-D	0.101896493734857	0.034146046826469	62	62	0.00410898891576702	0.0187953363014134
K08998	group	IBS-D	0.149458086295732	0.05021237265809	62	62	0.00419879624206915	0.0191875223620137
K06191	group	IBS-D	-0.708475250020008	0.238656566086264	62	62	0.00429411439709788	0.0195851484494329
K09956	group	IBS-D	-1.83270886533168	0.617301971261534	62	62	0.00429041561766856	0.0195851484494329
K05516	group	IBS-D	0.25637897187973	0.0864176608565622	62	62	0.00431671805912629	0.0196502339448259
K15599	group	IBS-D	-1.21610959744769	0.409891138599055	62	62	0.00431469101276265	0.0196502339448259
K07146	group	IBS-D	-0.651476263113914	0.219968382572852	62	62	0.0043789709340932	0.0199143943347961
K00265	group	IBS-D	-1.52880386055135	0.518963864174175	62	62	0.00457876276385333	0.0208029337132296
K00852	group	IBS-D	-0.383279215564123	0.13014221013161	62	62	0.00458906320987254	0.0208296651566496
K09458	group	IBS-D	0.103582120832329	0.0351821456584934	62	62	0.00460088084360692	0.0208632250562021
K07177	group	IBS-D	-0.704463474622099	0.23940734134186	62	62	0.00462213986265983	0.02093949240375
K00957	group	IBS-D	0.543018917637394	0.184668624265067	62	62	0.00464858991970867	0.021039107544478
K00983	group	IBS-D	-0.826726387434546	0.281424965909552	62	62	0.00468616667962971	0.0211888418611061
K01676	group	IBS-D	0.260450142504274	0.0887295652947117	62	62	0.004716834357445	0.0213070793388033
K07107	group	IBS-D	0.152404589379852	0.0519310367662697	62	62	0.00472447808065183	0.0213211852902909
K03814	group	IBS-D	0.269153464579009	0.0917339462766754	62	62	0.00473356681470055	0.0213417792525122
K02024	group	IBS-D	1.86618871868812	0.636425649156655	62	53	0.00475717424744839	0.0214277304211716
K05878	group	IBS-D	-0.7334903131931	0.25017369869898	62	62	0.00476215556597303	0.0214297000468786
K02053	group	IBS-D	-0.888458519173931	0.303220383860816	62	62	0.00478696279094501	0.0215207974471846
K01750	group	IBS-D	-0.888047508037766	0.303967810093473	62	62	0.0049033362473914	0.0220020302023766
K05520	group	IBS-D	-0.802447629770592	0.274655768956831	62	62	0.00490154480003753	0.0220020302023766
K11788	group	IBS-D	-2.03910657243371	0.698471745063826	62	18	0.00493278115231293	0.0221131139869846
K09797	group	IBS-D	0.507351068939295	0.173848503196087	62	62	0.00494706270889911	0.0221560757219071
K03642	group	IBS-D	0.216749498088464	0.0743180142658914	62	62	0.00497260971017475	0.0222493618531159
K14161	group	IBS-D	-1.08304410181436	0.371998183122836	62	62	0.00504400065000241	0.0225273276026411
K16926	group	IBS-D	-0.478196620770818	0.164249556910217	62	62	0.00504428709677459	0.0225273276026411
K03771	group	IBS-D	0.272571557354935	0.0936888920816334	62	62	0.00507368221604131	0.022637166821997
K15780	group	IBS-D	-1.59359660717583	0.549195625209265	62	13	0.00518312179504811	0.0231035939370954
K10539	group	IBS-D	1.47064261229838	0.506941845849076	62	55	0.00519302717533317	0.0231125851564474
K13043	group	IBS-D	-1.35388459520405	0.466715679739229	62	62	0.00519494068401913	0.0231125851564474
K02039	group	IBS-D	-0.497729088431646	0.171800340891847	62	62	0.00524946154266572	0.0233331391472305
K02025	group	IBS-D	-0.521627170895442	0.18013078102871	62	62	0.00526871461569872	0.0233966649036112
K11927	group	IBS-D	-1.01186589743202	0.350075648064208	62	62	0.00534870437989725	0.0237295294972676
K00864	group	IBS-D	-0.250376525631342	0.0867823916376434	62	62	0.00542844461378085	0.0240606624046903
K09835	group	IBS-D	-2.01334373305465	0.69831446760943106	62	16	0.00545813350628764	0.0241695376672794
K15600	group	IBS-D	-1.18132158573611	0.41009714031725	62	62	0.00549711085491053	0.0243193009303547
K03590	group	IBS-D	0.25734002155199	0.0894189297078926	62	62	0.00553815103069485	0.0244779009004282
K04562	group	IBS-D	-1.03753927324137	0.360865149709524	62	62	0.00558094762201474	0.0246439597241775
K09705	group	IBS-D	-0.693774321247862	0.241363227900008	62	62	0.00559250220925936	0.0246718806537578
K14162	group	IBS-D	-1.06393373960598	0.370408837507673	62	62	0.0056248444996501	0.0247913707106073
K07110	group	IBS-D	-1.62772639781381	0.567984696388965	62	61	0.00572767636057786	0.0252210286801916
K01295	group	IBS-D	-1.77289663406808	0.619900044852076	62	60	0.00582080307396673	0.0255900746567071
K03669	group	IBS-D	-1.6764963416452	0.586212844379035	62	59	0.00582233886909389	0.0255900746567071
K03455	group	IBS-D	0.260774244587381	0.0912482286603608	62	62	0.00585500736097989	0.0257096971269843
K09922	group	IBS-D	-2.06717261226868	0.724377631814949	62	59	0.00592234194078146	0.0259811763653259
K01886	group	IBS-D	0.192400547706374	0.0675173724252765	62	62	0.00598946670517633	0.0262512313955498
K05879	group	IBS-D	-0.74800293034051	0.264021468512146	62	62	0.00626888378627491	0.0274503769137163
K03734	group	IBS-D	0.220466902387906	0.0778740329319915	62	62	0.0063042425509964	0.0275795991377542
K03762	group	IBS-D	-1.29788381598711	0.459030966300893	62	62	0.00636748005782567	0.0278304318375402
K02036	group	IBS-D	-0.434080512951849	0.153607021138893	62	62	0.00639427094060931	0.027921649773994
K17315	group	IBS-D	-1.72369534586618	0.611633217890802	62	62	0.00653151538024449	0.0284945666357382
K01144	group	IBS-D	0.90291330185649	0.320561768845808	62	62	0.00655891139812257	0.0285876396982865
K15371	group	IBS-D	-1.5857770525489	0.563398223537861	62	62	0.00659489834019182	0.0287009415624332
K16013	group	IBS-D	-0.510593513515769	0.181412509601722	62	62	0.00659707817083918	0.0287009415624332
K10112	group	IBS-D	-0.530173550218908	0.188594496417372	62	62	0.00665815619469758	0.0289399673863537
K16012	group	IBS-D	-0.509805390878426	0.181385979529421	62	62	0.00666859569506004	0.0289586531288243
K00966	group	IBS-D	-1.9376133778219	0.69138245276549	62	57	0.00681795085522956	0.0295799965347402
K03654	group	IBS-D	0.209268768349656	0.0748360048163435	62	62	0.00693364342006676	0.030054285265657
K04773	group	IBS-D	0.251046293618665	0.0898785742693831	62	62	0.00699436567030078	0.0302896496796496
K15894	group	IBS-D	-1.61523201025584	0.579657812286442	62	61	0.0071223057868362	0.030788746174944
K16922	group	IBS-D	-1.55856107527551	0.559324119508188	62	60	0.00712267219611193	0.030788746174944
K04045	group	IBS-D	-1.5198255572438	0.545757359975177	62	62	0.0071558866543959	0.0309039940129405
K01665	group	IBS-D	0.319957317238661	0.114970636056846	62	62	0.00719209645792565	0.0310319550737213
K09914	group	IBS-D	1.55004914578936	0.557220581487616	62	53	0.00721557480853904	0.0311047996316911
K03784	group	IBS-D	-0.25065397913668	0.0902654789262203	62	62	0.00731241112393092	0.0314934528406011
K01485	group	IBS-D	-0.81862714115118	0.295475650658203	62	62	0.00743897929233706	0.0320093306046182
K09009	group	IBS-D	-1.04066751231927	0.377038628559901	62	62	0.00765254079973224	0.0328982519704077
K05967	group	IBS-D	1.45490010685118	0.528074284258818	62	61	0.00775696019952439	0.0333167798733671
K19710	group	IBS-D	-1.03757721446582	0.376749979042629	62	62	0.00777976249312611	0.033384312936836
K18640	group	IBS-D	-1.80736331152845	0.657096835126374	62	20	0.00785362213260222	0.0336400381265686
K19270	group	IBS-D	-1.47395724788036	0.535839453450749	62	59	0.00784903434017492	0.0336400381265686
K03805	group	IBS-D	1.5356747243617	0.558832901821815	62	54	0.00790741429706396	0.033809035199414
K03812	group	IBS-D	1.5356747243617	0.558832901821815	62	54	0.00790741429706396	0.033809035199414
K17489	group	IBS-D	-1.89589447053076	0.692060836650323	62	54	0.00809128532422611	0.0345638601350094
K07114	group	IBS-D	0.260956012117546	0.0952938570950255	62	62	0.00811437303443256	0.0346311160455963
K07023	group	IBS-D	-0.587653543997902	0.214918854639711	62	62	0.00820523724057774	0.0349872502952664
K02348	group	IBS-D	-0.892686762977137	0.326567149581698	62	62	0.00822198954026761	0.0350270123504083
K09161	group	IBS-D	-0.949008546517585	0.347226597761425	62	8	0.00823167904107354	0.0350366411170603
K02056	group	IBS-D	-0.457479627733822	0.16762140581144	62	62	0.00831783880893505	0.0353714407781223
K02057	group	IBS-D	-0.448787949397217	0.16451958791814	62	62	0.00834865524586141	0.0354705028283625
K00354	group	IBS-D	-1.19890442914123	0.439862883138306	62	62	0.00839905352979468	0.0356204464447048
K02020	group	IBS-D	-0.302146615355819	0.110845581117289	62	62	0.00839450349536183	0.0356204464447048
K08151	group	IBS-D	-1.61727600717196	0.59345353292283	62	61	0.00840895711120132	0.0356304058727991
K08996	group	IBS-D	-0.558713433135282	0.205079084641807	62	62	0.00842737479363186	0.0356763909576013
K07335	group	IBS-D	-0.522727819398388	0.192086681238102	62	62	0.00849716186457938	0.0359088921065458
K15024	group	IBS-D	-1.29466555963993	0.475753252964062	62	62	0.00849752408628184	0.0359088921065458
K09118	group	IBS-D	-0.844113974303741	0.310651470606697	62	62	0.00859064796694631	0.0362699156778145
K02026	group	IBS-D	-0.51968031759039	0.191327301773216	62	62	0.00861496605198506	0.0363400535788565
K04023	group	IBS-D	-1.64556095430703	0.606543874887448	62	54	0.00868860699052221	0.0366179361638094
K07012	group	IBS-D	-0.338960418666375	0.125297450258678	62	62	0.00887131407859442	0.0373545689237958
K02021	group	IBS-D	-1.93911017926158	0.716919430728387	62	39	0.00888235879447712	0.0373677110390313
K07696	group	IBS-D	-1.69019919615841	0.626084876505759	62	27	0.00900555241697566	0.037852214971887
K03330	group	IBS-D	-1.57396854436621	0.58394298059929	62	24	0.00910764206663034	0.0380439681011769
K06877	group	IBS-D	-1.00229180775034	0.371818220685322	62	62	0.00910191982940003	0.0380439681011769
K07740	group	IBS-D	1.51641021656746	0.5624712431094	62	54	0.00909394393846449	0.0380439681011769
K09482	group	IBS-D	-1.57396854436621	0.58394298059929	62	24	0.00910764206663034	0.0380439681011769
K13527	group	IBS-D	-1.02296648839423	0.379447514448404	62	62	0.00909495201224964	0.0380439681011769
K13570	group	IBS-D	-1.02296648839423	0.379447514448404	62	62	0.00909495201224964	0.0380439681011769
K13571	group	IBS-D	-1.02296648839423	0.379447514448404	62	62	0.0090949520122496	0.0380439681011769
K02594	group	IBS-D	1.47785763324289	0.549184491350659	62	61	0.00921553352231194	0.0384605806117019
K00700	group	IBS-D	0.11080492272568	0.0412845858139648	62	62	0.00939101883628032	0.0391583066595031
K01448	group	IBS-D	0.13642490379863	0.0509386530178676	62	62	0.00953488149344952	0.0397230575292473
K03469	group	IBS-D	0.0852096249715969	0.0318587060294669	62	62	0.00962685580697133	0.0400708314083643
K04761	group	IBS-D	0.298762542140989	0.111828119785605	62	62	0.00970360081580806	0.0403546573609796
K01560	group	IBS-D	-0.54813962265308	0.205213769734128	62	62	0.00971794977049142	0.040378723451663
K07576	group	IBS-D	-0.714122444318386	0.267863360623294	62	62	0.00984967463740035	0.0408900225263909
K00854	group	IBS-D	-0.777024137734797	0.291704741154831	62	62	0.00990890693014259	0.041063624852858
K02404	group	IBS-D	-0.966012573970833	0.362647594553975	62	62	0.00990778581624929	0.041063624852858
K01652	group	IBS-D	-0.162884326623852	0.0612082263591215	62	62	0.00997702655418423	0.041309620043488
K02083	group	IBS-D	-0.645998881846071	0.243405531979798	62	62	0.0101676977622384	0.0420621602164178
K13626	group	IBS-D	-0.959048916549749	0.361986454225447	62	62	0.010292062973527	0.042539324262185
K03269	group	IBS-D	0.289694788636926	0.109359730937782	62	62	0.010302886259698	0.0425467702283151
K00451	group	IBS-D	-1.23556657574593	0.467285489034566	62	62	0.0104363198838143	0.0430600914891236
K02437	group	IBS-D	0.261186102616816	0.0988305228912915	62	62	0.0104740957236628	0.0431781778258687
K07713	group	IBS-D	0.917470711957987	0.347568841398544	62	62	0.0105597477009461	0.0434932490459929
K10117	group	IBS-D	-0.485285769545956	0.183975808327564	62	62	0.0106130917863432	0.0436748175081977
K02619	group	IBS-D	0.286970217530376	0.108879203774988	62	62	0.0106718307726012	0.0438782510231798
K04084	group	IBS-D	0.288373518851188	0.10943024401766	62	62	0.0106844440255117	0.043891844968914
K07481	group	IBS-D	0.454426802846025	0.172540019322194	62	62	0.0107261667556272	0.0439904515715929
K14153	group	IBS-D	-1.38185936925171	0.524680855313507	62	59	0.0107271033306471	0.0439904515715929
K10119	group	IBS-D	-0.490022504025929	0.186084597380768	62	62	0.0107379062728635	0.0439964952066241
K00981	group	IBS-D	0.0924652985748275	0.035131378974471	62	62	0.0107760244311243	0.044114350014915
K05807	group	IBS-D	0.287805081464073	0.109392525612541	62	62	0.0108057590393064	0.0441977099994526
K15268	group	IBS-D	-2.67914688892265	1.01918409700511	62	34	0.0108691163744131	0.0444183300015011
K03442	group	IBS-D	0.164616128194813	0.0626989681339313	62	62	0.0109614655848915	0.0447569451933753
K00533	group	IBS-D	-0.926601379983505	0.353622959929178	62	62	0.0111119628588665	0.0453321945003584
K07302	group	IBS-D	-1.6956338198902	0.647962973836429	62	57	0.0112127450747304	0.0456643400452751
K07303	group	IBS-D	-1.6956338198902	0.647962973836429	62	57	0.0112127450747304	0.0456643400452751
K01968	group	IBS-D	-1.64756888349691	0.630420492589552	62	60	0.0113138702269177	0.0459175662565784
K01969	group	IBS-D	-1.64756888349691	0.630420492589552	62	60	0.0113138702269177	0.0459175662565784
K03413	group	IBS-D	-0.762533359064487	0.291772945903272	62	62	0.0113137688000393	0.0459175662565784
K06044	group	IBS-D	-1.48895822084462	0.569620392552858	62	59	0.0112989369255823	0.0459175662565784
K03473	group	IBS-D	0.867187653167717	0.332054794133271	62	62	0.0113692813562517	0.0461027780533818
K01236	group	IBS-D	-1.48434857938567	0.569146047825074	62	59	0.0114755465363071	0.0464550296895634
K05602	group	IBS-D	-1.00226544414843	0.384301662937162	62	62	0.011475850209572	0.0464550296895634
K00613	group	IBS-D	-1.42179495450573	0.545545234864805	62	41	0.0115308450741194	0.0466376203855463
K16052	group	IBS-D	-1.56692212163531	0.601951939938776	62	62	0.0116254011578056	0.0469797702315435
K07284	group	IBS-D	-0.525953274788157	0.202083073329238	62	62	0.0116378623751122	0.0469898621241686
K02406	group	IBS-D	-0.848559488829456	0.326183512262264	62	62	0.0116738141442945	0.0470947027412255
K06901	group	IBS-D	-0.0861083823095584	0.0331367927832717	62	62	0.0117627754312622	0.0473725439229994
K07306	group	IBS-D	-1.33480306562631	0.513610488234829	62	11	0.0117538891599336	0.0473725439229994
K01008	group	IBS-D	-0.27822549520184803	0.107190389998842	62	62	0.0118538339767457	0.0476985333057447
K03430	group	IBS-D	-1.29823025839574	0.501153447075146	62	62	0.0120136860381839	0.0483005484706523
K10118	group	IBS-D	-0.504498579120776	0.194959727298521	62	62	0.012100972443043	0.0486100392175391
K19046	group	IBS-D	-0.766754424128482	0.296399992898296	62	62	0.0121267153773095	0.0486719912505461
K07442	group	IBS-D	-0.989120322085429	0.382455790382672	62	62	0.0121474654527349	0.0487052085059252
K07670	group	IBS-D	-0.989005746695617	0.382449720754502	62	62	0.0121556468217714	0.0487052085059252
K12510	group	IBS-D	-0.709008372871953	0.274291928026805	62	62	0.0121907678387193	0.0488044661522923
K03727	group	IBS-D	-0.987786542131715	0.382623011328442	62	62	0.0122942979746493	0.0490411743480561
K07503	group	IBS-D	-0.987786542131715	0.382623011328442	62	62	0.0122942979746493	0.0490411743480561
K07654	group	IBS-D	-0.987671966741902	0.38261693641612	62	62	0.0123025666934163	0.0490411743480561
K08981	group	IBS-D	-0.98780960993082	0.382715280477901	62	62	0.0123122880466706	0.0490411743480561
K11263	group	IBS-D	-0.983181324924234	0.380887515918549	62	62	0.0123047837344835	0.0490411743480561
K12503	group	IBS-D	-0.987671966741902	0.38261693641612	62	62	0.0123025666934163	0.0490411743480561
K00677	group	IBS-D	0.174850365467333	0.0677598161772688	62	62	0.0123319261491308	0.0490779440669206
K11782	group	IBS-D	-1.5012196493259	0.582206224463102	62	62	0.0123943439954534	0.0492017898001331
K11784	group	IBS-D	-1.5012196493259	0.582206224463102	62	62	0.0123943439954534	0.0492017898001331
K12267	group	IBS-D	0.0884789554090699	0.0343084539415501	62	62	0.0123806835604773	0.0492017898001331
K06860	group	IBS-D	-0.986204763537726	0.382660559375988	62	62	0.0124353312138789	0.0493229789778411
K15532	group	IBS-D	-0.95351443208042	0.370408112090425	62	62	0.0125327709784551	0.0496676873398273
K00257	group	IBS-D	0.544093452005819	0.211898953552757	62	62	0.0127467410480328	0.0504732416310013
K00010	group	IBS-D	-0.833031766676103	0.324579292339535	62	62	0.0127866357727872	0.0505887368326043
K05340	group	IBS-D	-0.835564378324609	0.325896556797211	62	62	0.0128731530266364	0.0508457199946544
K06603	group	IBS-D	-0.964844355195587	0.376301890141563	62	62	0.0128690754320962	0.0508457199946544
K03325	group	IBS-D	-0.9065719524479	0.353661657151569	62	62	0.0128900605693786	0.050869895937397
K00112	group	IBS-D	-0.35489455337164	0.138724482984731	62	62	0.0130619804397346	0.0514622387249694
K00113	group	IBS-D	-0.35489455337164	0.138724482984731	62	62	0.0130619804397346	0.0514622387249694
K01358	group	IBS-D	-0.0633843180284361	0.0248255608491026	62	62	0.0132346989986564	0.0520991990631581
K11537	group	IBS-D	0.808817198215225	0.317111912102321	62	62	0.013324368606222	0.0524084423243893
K10548	group	IBS-D	-0.700531928207857	0.275081581582575	62	62	0.0134605457722716	0.0528999448850275
K03198	group	IBS-D	-1.97566090012299	0.776513259654441	62	41	0.0135427647129645	0.0531787496972029
K11924	group	IBS-D	-1.99259087857678	0.783427948944926	62	46	0.0135723351868413	0.0532505264069415
K01512	group	IBS-D	-0.399123251100528	0.157278852930521	62	62	0.0137747279173342	0.0539548312775316
K03530	group	IBS-D	0.161174569838781	0.0635064376748064	62	62	0.0137660138402662	0.0539548312775316
K13668	group	IBS-D	-1.68032140038566	0.662830724538635	62	57	0.013867561176388	0.0542733763550589
K18816	group	IBS-D	2.88665281488881	1.13938940097811	62	31	0.0139233126819174	0.0544463869054082
K11745	group	IBS-D	-2.11686635660543	0.835700891368827	62	27	0.0139399869133226	0.0544664277408693
K03215	group	IBS-D	0.0642154732013219	0.025421307990027	62	62	0.0141926964514358	0.0554079109809365
K11645	group	IBS-D	-2.07172407063431	0.820384149883437	62	54	0.0142196543169843	0.055467237186847
K18005	group	IBS-D	-1.59350528240732	0.631209627249156	62	33	0.0142482683857007	0.0555329204189791
K00499	group	IBS-D	-1.09958007202885	0.435973933026771	62	16	0.0143363514693365	0.0558300854908266
K10773	group	IBS-D	0.0554826543162986	0.0220045825766025	62	62	0.0143624656146749	0.0558856335303687
K15746	group	IBS-D	-1.48585995377945	0.589825981754805	62	61	0.0144460435677349	0.0561645024447138
K09164	group	IBS-D	-1.51854810492481	0.603519478069527	62	61	0.0145573040469854	0.0565504496586351
K05020	group	IBS-D	-1.79244773818657	0.714835537215159	62	58	0.0148832400241363	0.0577690205381291
K00045	group	IBS-D	-1.41110913575233	0.563088694312645	62	59	0.0149396490571156	0.0579402836787479
K00091	group	IBS-D	-2.08324176692682	0.831450720279112	62	21	0.01495741031128	0.0579615012555436
K09767	group	IBS-D	-0.359146117329024	0.143548409051156	62	62	0.0150968026084269	0.0584536298040568
K01758	group	IBS-D	1.46000744052264	0.584336107043959	62	56	0.0152260107274682	0.0589055509357999
K03472	group	IBS-D	1.41881085997691	0.568205123805514	62	54	0.0152870624803379	0.0590932677518637
K03424	group	IBS-D	0.118631184247417	0.0475644921160022	62	62	0.0154001125650802	0.059481515853332
K05526	group	IBS-D	1.41324342503085	0.567091774482628	62	54	0.0154796233917589	0.0597396922385718
K10546	group	IBS-D	-0.693321343571853	0.27827878462	62	62	0.0155043148803067	0.0597860580339547
K09726	group	IBS-D	-1.87523629072483	0.752970509978668	62	24	0.0155442891904095	0.0598912318806953
K03335	group	IBS-D	-0.828991601346636	0.333624978093461	62	62	0.0157691957349242	0.0607081853762468
K04030	group	IBS-D	-1.68299258615161	0.678155817029395	62	54	0.0158930693535293	0.0611351672685514
K02523	group	IBS-D	0.143344282459083	0.0578683185795331	62	62	0.0160813743478095	0.061761404245771
K02549	group	IBS-D	-0.357264636998937	0.144229293473082	62	62	0.016082062004624	0.061761404245771
K02342	group	IBS-D	0.0753601337088951	0.0304921733527966	62	62	0.0163119612571119	0.0623505657584552
K04019	group	IBS-D	-1.67566768794855	0.678026538881821	62	54	0.0163148002853973	0.0623505657584552
K04026	group	IBS-D	-1.67566768794855	0.678026538881821	62	54	0.0163148002853973	0.0623505657584552
K04027	group	IBS-D	-1.67566768794855	0.678026538881821	62	54	0.0163148002853973	0.0623505657584552
K04032	group	IBS-D	-1.67566768794855	0.678026538881821	62	54	0.0163148002853973	0.0623505657584552
K09167	group	IBS-D	-0.81691214207553	0.33049133048837	62	62	0.0162973936418387	0.0623505657584552
K09684	group	IBS-D	-1.60028940250083	0.647627272359839	62	24	0.0163307443699376	0.0623609639260128
K00230	group	IBS-D	-0.509900485217422	0.206644756309696	62	62	0.0164752691162815	0.0628619491524137
K03707	group	IBS-D	-0.461562265954942	0.187297386041199	62	62	0.0166088469346877	0.0633203897687852
K07260	group	IBS-D	-0.443884430458454	0.180596256365784	62	62	0.0168814165690497	0.0643075610174786
K07480	group	IBS-D	-0.809654141291177	0.329508010005457	62	13	0.0169122003038878	0.0643728302123769
K07056	group	IBS-D	0.117532360250206	0.0478449484522827	62	62	0.0169393019433773	0.0644239902943284
K00605	group	IBS-D	0.221789689916299	0.0904246315948039	62	62	0.0171010201162112	0.0649866324480678
K00111	group	IBS-D	-0.234977577073521	0.0958338034301829	62	62	0.0171368044255679	0.0650635470316196
K00619	group	IBS-D	-1.41363930376442	0.57668263794458	62	62	0.0171626489625392	0.0650635470316196
K16146	group	IBS-D	-1.63008180314036	0.664923625186166	62	57	0.0171538894971027	0.0650635470316196
K06006	group	IBS-D	-0.854421843226203	0.349915190006811	62	7	0.0175792851808434	0.0665894850705682
K01223	group	IBS-D	-0.419614289403625	0.172192272032177	62	62	0.0177970977560553	0.0673604438343151
K00324	group	IBS-D	-0.855649665683289	0.351270269339148	62	62	0.0178427640234829	0.0674125359124771
K01421	group	IBS-D	-0.516368570590255	0.211966156847419	62	62	0.0178330517410693	0.0674125359124771
K02234	group	IBS-D	-1.59045804109819	0.652997230806254	62	59	0.0178537441379737	0.0674125359124771
K00899	group	IBS-D	-0.812807226545388	0.334086830644558	62	62	0.0179753116399326	0.0678172557551376
K07577	group	IBS-D	-1.1163062196603	0.459478024235268	62	62	0.0181297129421919	0.0683451049043781
K02440	group	IBS-D	-0.241101370638082	0.0993547206135222	62	62	0.0182589753791508	0.0687774184409546
K03336	group	IBS-D	-0.798509243885725	0.329690416507877	62	62	0.0184738087014105	0.0694756633459744
K10857	group	IBS-D	-0.738681578145212	0.304965300073092	62	7	0.0184652534509546	0.0694756633459744
K19126	group	IBS-D	-0.77856142708939	0.321618009977758	62	62	0.0185308293541829	0.0696345746887065
K00029	group	IBS-D	0.263365538632657	0.109041709094565	62	62	0.0187867391921386	0.0704838997853026
K00874	group	IBS-D	-0.443579410646142	0.183650924032825	62	62	0.0187836191469036	0.0704838997853026
K17686	group	IBS-D	-0.174533155050648	0.0722764678041857	62	62	0.0188089880533455	0.0705112779487896
K03338	group	IBS-D	-0.796071968381822	0.329951988886001	62	62	0.0189082165879996	0.0708269653923796
K18197	group	IBS-D	-1.92865574389692	0.799485699032242	62	54	0.0189233041704535	0.0708272241808404
K03606	group	IBS-D	-0.856376778261251	0.35575976727194	62	62	0.019169849370564	0.0716931083517685
K01999	group	IBS-D	-0.44368067836036	0.18491406300634	62	62	0.0195449936615458	0.0730381855054278
K13926	group	IBS-D	-2.08633546590044	0.870715453075549	62	61	0.0197045546653454	0.0735761518620498
K19125	group	IBS-D	-0.768535867545451	0.321360216431016	62	62	0.0199311885910153	0.0743635169266045
K00560	group	IBS-D	0.0566567791260931	0.0237241276655519	62	62	0.0200978837407343	0.0749261815978678
K00170	group	IBS-D	-1.09719590493863	0.459559641167914	62	15	0.0201305904199113	0.0749888344552146
K07462	group	IBS-D	0.0920695298472527	0.0385770361581345	62	62	0.0201731932259403	0.0750882235623791
K01733	group	IBS-D	-0.137118053540479	0.057623175541271	62	62	0.0205296614320361	0.0762537442472386
K03495	group	IBS-D	0.0964064831101499	0.040516074884238903	62	62	0.0205348293456304	0.0762537442472386
K16961	group	IBS-D	-0.851998286931365	0.357971372712392	62	62	0.020503810932699	0.0762537442472386
K11104	group	IBS-D	-1.8856382471228	0.793942673399967	62	45	0.0207609842511438	0.0770328888500348
K01226	group	IBS-D	-0.426033414929976	0.179774083653499	62	62	0.0210293860586073	0.0779595257535989
K02810	group	IBS-D	-0.231225345609261	0.0975819978718764	62	62	0.0210437820789507	0.0779595257535989
K11533	group	IBS-D	-0.916702194848093	0.387271601953155	62	62	0.0211723815147669	0.0783743730169863
K08972	group	IBS-D	-0.518669525853114	0.219411855153202	62	62	0.0213383849527763	0.078926920342975
K03337	group	IBS-D	-0.781208021826123	0.331096468775757	62	62	0.0215734386720507	0.0797338062518738
K02027	group	IBS-D	-0.447850594252348	0.189870683161088	62	62	0.021612935480517	0.0798172307957072
K09117	group	IBS-D	0.169283695715412	0.0717902146402464	62	62	0.0216491481609758	0.0798884058897979
K03735	group	IBS-D	-1.41687318535558	0.60105653548962	62	62	0.0216879687470873	0.0799066098525497
K03736	group	IBS-D	-1.41687318535558	0.60105653548962	62	62	0.0216879687470873	0.0799066098525497
K00925	group	IBS-D	0.0756427638030984	0.0321154508547519	62	62	0.0217930030461933	0.0802309151958218
K05396	group	IBS-D	0.975799283423661	0.414443400597306	62	62	0.0218389529276533	0.0803373650599166
K02018	group	IBS-D	-0.287315556378726	0.122117461232793	62	62	0.0219303889774735	0.0806108452203937
K13611	group	IBS-D	-1.46886416790984	0.626750699357391	62	17	0.0224287678024373	0.0823785583771762
K00287	group	IBS-D	0.0513025189454587	0.0219074427765465	62	62	0.022529675490385	0.0826847856907828
K01695	group	IBS-D	-0.199008732698724	0.0854457343716587	62	62	0.0232410813388421	0.0851631232276453
K19124	group	IBS-D	-0.705134357137247	0.302730501964653	62	62	0.0232307587742413	0.0851631232276453
K01077	group	IBS-D	0.663548717288721	0.285335631644946	62	62	0.0234439339772364	0.0857731517739697
K03839	group	IBS-D	0.295944942898863	0.127253834267957	62	62	0.0234368228335532	0.0857731517739697
K02346	group	IBS-D	0.0723297034469362	0.03111993833139	62	62	0.0235171066266271	0.0859741665512972
K11921	group	IBS-D	0.865436965051512	0.372719087965169	62	62	0.0236474483936736	0.0863837076875019
K12686	group	IBS-D	2.11485709373861	0.91162096145052	62	54	0.0237668477199842	0.0867526732565369
K03151	group	IBS-D	-0.205955723192716	0.0888036057761408	62	62	0.0238050199841166	0.0868248060673579
K19123	group	IBS-D	-0.765422352950244	0.330422754576698	62	62	0.0239638130794783	0.0873364315941421
K01447	group	IBS-D	0.607360948630395	0.263077426026651	62	62	0.0244231861023507	0.0888651707673593
K01641	group	IBS-D	-0.39785460652404	0.172345769689571	62	62	0.0244356386697798	0.0888651707673593
K09020	group	IBS-D	-1.2939711775464	0.560549619913403	62	24	0.0244398062945855	0.0888651707673593
K01770	group	IBS-D	0.121266513675857	0.0526145187831058	62	62	0.0246533095367719	0.0895724250966228
K01800	group	IBS-D	1.25862121156991	0.546805703135324	62	56	0.0248356059292646	0.0901563552364453
K18691	group	IBS-D	0.523217229004051	0.22733811360293	62	62	0.0248522607734052	0.0901563552364453
K02003	group	IBS-D	-0.282756933977849	0.122899785952652	62	62	0.0248993875585466	0.090257887568106
K15669	group	IBS-D	-0.823895731788077	0.359033463286773	62	62	0.0252604902215898	0.0914965221851132
K07505	group	IBS-D	-1.39322039564821	0.607412928566557	62	10	0.0253255779176666	0.0916618767918003
K02078	group	IBS-D	0.159631011912183	0.0697376503724778	62	62	0.0256130764149118	0.0926313407766289
K03862	group	IBS-D	-1.50881131789846	0.659499391917774	62	58	0.0256879094098062	0.0928307898671619
K02622	group	IBS-D	0.305835168967721	0.133856061284073	62	62	0.025874877186873	0.0934348551403469
K02004	group	IBS-D	-0.26526336142052	0.116201522144865	62	62	0.0260010960406348	0.0936039457462852
K03918	group	IBS-D	-1.31992776365063	0.578158001517055	62	61	0.0259885275515562	0.0936039457462852
K07009	group	IBS-D	-0.519046540868128	0.227329703036173	62	62	0.0259732249945549	0.0936039457462852
K08977	group	IBS-D	-1.18574767071132	0.519429203611037	62	18	0.026000942784638	0.0936039457462852
K13735	group	IBS-D	-1.19464165959457	0.523436314676293	62	30	0.0260312889682359	0.0936411584852789
K11210	group	IBS-D	-1.04826738751075	0.459999098834867	62	13	0.0262490297865022	0.0943524576777014
K02484	group	IBS-D	-0.464793336852979	0.204181651726211	62	62	0.0264058089519989	0.0948437128847118
K02621	group	IBS-D	0.225479922098095	0.0990999251408239	62	62	0.0264753298878048	0.0949514302000432
K03415	group	IBS-D	-0.751362054799167	0.330230299264536	62	62	0.0264760667330485	0.0949514302000432
K06400	group	IBS-D	-0.351154807862176	0.154399375452245	62	62	0.0265359046010709	0.0950937128409198
K00096	group	IBS-D	-0.903784195393938	0.397631572553499	62	62	0.0266259421809406	0.0953439205203613
K00002	group	IBS-D	-1.81225976341617	0.798128262733178	62	24	0.0267722657164244	0.0957951480414699
K00087	group	IBS-D	-0.697713494786034	0.307388557997614	62	62	0.026825527215736	0.0959129540177489
K02052	group	IBS-D	-0.812498706017264	0.358235316106259	62	62	0.0269385116881499	0.0962193576622686
K18120	group	IBS-D	-1.20852066616167	0.532892776473479	62	62	0.0269520295741851	0.0962193576622686
K05800	group	IBS-D	-1.43036484301583	0.631319759703996	62	57	0.0270930573648982	0.0966496660611647
K00286	group	IBS-D	-0.182836479037131	0.0809852825386131	62	62	0.027618847714539	0.0983101265849878
K13479	group	IBS-D	-0.693371619848453	0.307071654423312	62	62	0.0275949478772599	0.0983101265849878
K19084	group	IBS-D	1.99356258226262	0.883038348132356	62	55	0.0276210597381486	0.0983101265849878
K10547	group	IBS-D	-0.6994727518183	0.309972804687297	62	62	0.0276909037645815	0.0984843907645298
K02805	group	IBS-D	-2.80338036714507	1.24285854020091	62	32	0.0277552789889423	0.0986389568288259
K01657	group	IBS-D	-0.193259654529881	0.0857043785827661	62	62	0.027797408440749	0.0986400136994523
K07171	group	IBS-D	-0.503509818397647	0.223282911254185	62	62	0.0277924842525541	0.0986400136994523
K18349	group	IBS-D	-0.932747130827774	0.413714607227216	62	10	0.027823342574483	0.0986578072039562
K11175	group	IBS-D	0.0899556080280234	0.0399809551380655	62	62	0.0281311821695032	0.0996744215712825
K11531	group	IBS-D	-1.24383139913819	0.553354041185127	62	24	0.0282764373950859	0.100113872939358
K18987	group	IBS-D	-1.23973079281321	0.551872246907878	62	53	0.0283707040328221	0.1003722732324
K12511	group	IBS-D	-0.67390457833307	0.301250926103734	62	62	0.0290123935817798	0.102565553322094
K06896	group	IBS-D	-0.408368297446326	0.18287660231034	62	62	0.0292892644709508	0.103466794940078
K00694	group	IBS-D	-0.810421832405004	0.363045586985062	62	61	0.0293408000061863	0.103571267087706
K06911	group	IBS-D	-1.01635996055604	0.455374831011964	62	62	0.0293664095674555	0.103584134270845
K03474	group	IBS-D	0.612157879309544	0.274475171421257	62	62	0.0294806366477349	0.103831726983359
K04566	group	IBS-D	-2.02758963611115	0.909068703630763	62	51	0.0294723766077217	0.103831726983359
K00860	group	IBS-D	0.903690763314621	0.405434415187201	62	62	0.0295746284459379	0.104085035635107
K03628	group	IBS-D	0.11001961460331	0.0493759522139513	62	62	0.0296267610639141	0.104190757030141
K05559	group	IBS-D	1.25867253942307	0.565137937848152	62	56	0.0296976508527383	0.104206935581484
K05561	group	IBS-D	1.25867253942307	0.565137937848152	62	56	0.0296976508527383	0.104206935581484
K05562	group	IBS-D	1.25867253942307	0.565137937848152	62	56	0.0296976508527383	0.104206935581484
K02856	group	IBS-D	-1.8279730628027	0.823075820841523	62	50	0.0301438179034878	0.105693862626653
K16963	group	IBS-D	-0.48879683134675	0.220283191072495	62	62	0.0302838477110404	0.106027190649789
K18230	group	IBS-D	-1.40520182552724	0.633229228164224	62	59	0.0302725936669083	0.106027190649789
K00648	group	IBS-D	0.186756724749464	0.0841908041107487	62	62	0.0303334802049834	0.106085742999615
K03768	group	IBS-D	0.0631179147774789	0.0284600270103174	62	62	0.03036805620218	0.106085742999615
K07047	group	IBS-D	-0.39601361050058	0.178548713999618	62	62	0.0303548284390218	0.106085742999615
K17462	group	IBS-D	-0.780920718757483	0.352702526150827	62	62	0.0306326861403852	0.10693097545378
K00759	group	IBS-D	0.0857850826234947	0.0387559934114784	62	62	0.0306790323860488	0.107013547879147
K01991	group	IBS-D	0.169739197454343	0.076773953269367	62	62	0.0308659253310656	0.107585886076353
K09824	group	IBS-D	-0.247628835209113	0.112101966612489	62	62	0.0310072644156984	0.10799871416871
K02796	group	IBS-D	-0.294729132695016	0.133460772450673	62	62	0.0310514200943536	0.108072691634665
K02794	group	IBS-D	-0.349677882147167	0.158445002435706	62	62	0.0311558113040506	0.108356051703468
K19222	group	IBS-D	-1.25236761472732	0.567559358944604	62	61	0.0311816197564	0.108365894451866
K02795	group	IBS-D	-0.292418344458379	0.13266999935463	62	62	0.0313646049272996	0.108921558790239
K00666	group	IBS-D	-0.583247421613669	0.265225948394641	62	62	0.0317395055907823	0.110061403210389
K06920	group	IBS-D	0.120073950396511	0.054597855932034	62	62	0.031725739867353	0.110061403210389
K02552	group	IBS-D	-0.31764179818299	0.14448834668314	62	62	0.0317894645359195	0.11015364787024
K03787	group	IBS-D	0.117330342238485	0.0533795355121662	62	62	0.0318157074526522	0.110163639021078
K02283	group	IBS-D	-0.612281240228607	0.278728248925943	62	62	0.0319164495588373	0.110431383800056
K03451	group	IBS-D	-0.709535932161691	0.323365312750611	62	62	0.032102514139906	0.110993736571698
K07301	group	IBS-D	0.255346124694893	0.116607297410135	62	62	0.0324382288909778	0.11207229849806
K01788	group	IBS-D	-0.205568576813151	0.0939803235738409	62	62	0.0326243409004957	0.112632790400247
K06917	group	IBS-D	-0.77134143685984	0.353896669480919	62	62	0.0332254256158433	0.114624072570824
K03579	group	IBS-D	-0.904208158020511	0.415683864581834	62	62	0.0335641884818184	0.115707912352268
K10023	group	IBS-D	1.2209372986292	0.561532756896081	62	54	0.0336377327894317	0.115707912352268
K10024	group	IBS-D	1.2209372986292	0.561532756896081	62	54	0.0336377327894317	0.115707912352268
K10025	group	IBS-D	1.2209372986292	0.561532756896081	62	54	0.0336377327894317	0.115707912352268
K03670	group	IBS-D	-1.35188802908263	0.622559760867851	62	57	0.0338580835105235	0.116380992591566
K01239	group	IBS-D	-0.648590886352137	0.298786654523342	62	62	0.033917433280016	0.116415295013505
K10232	group	IBS-D	-1.75675216245435	0.809277981228515	62	56	0.0339161958927283	0.116415295013505
K00938	group	IBS-D	-0.385228264744933	0.177578243781104	62	62	0.0340288859216197	0.116712891640988
K08316	group	IBS-D	-0.277852550879463	0.128102344561981	62	62	0.034057090869487	0.116724738764899
K03519	group	IBS-D	-1.83346760985529	0.847712128593733	62	40	0.0345486781204297	0.118323577353629
K09799	group	IBS-D	-1.96180242824274	0.907543240771055	62	19	0.0346437185278773	0.118562972842866
K08693	group	IBS-D	-1.37629877354725	0.63694024167293	62	12	0.0347135983632369	0.118641284036738
K10441	group	IBS-D	-0.318353267886576	0.147334185384485	62	62	0.0347169151761447	0.118641284036738
K02426	group	IBS-D	0.262608201853157	0.121609952697389	62	62	0.0348242413314425	0.118915570283062
K06880	group	IBS-D	-0.67617975490184	0.313170589917164	62	62	0.034847607746224	0.118915570283062
K00611	group	IBS-D	-0.182811234858108	0.0847121797679752	62	62	0.0349380597207272	0.119138025772198
K05560	group	IBS-D	1.22681622467181	0.568884791978241	62	56	0.0350601023010701	0.11938154689664
K05563	group	IBS-D	1.22681622467181	0.568884791978241	62	56	0.0350601023010701	0.11938154689664
K03630	group	IBS-D	0.0705280796977188	0.0327375485684588	62	62	0.0352382323161362	0.119901517751009
K07448	group	IBS-D	0.586661558705589	0.272684732249146	62	62	0.0354780683137663	0.12063054806613
K03048	group	IBS-D	-0.382584897929556	0.178489390733879	62	62	0.0361397259995135	0.122791749145321
K07774	group	IBS-D	-1.33866752710237	0.624994587058909	62	57	0.0362716647763169	0.123151311076393
K01687	group	IBS-D	-0.139422837368582	0.0651180809187672	62	62	0.0363396950519629	0.123204889910178
K03534	group	IBS-D	0.740073532215172	0.345639120742629	62	62	0.0363315437773765	0.123204889910178
K18581	group	IBS-D	-0.395299314370396	0.184656221738826	62	62	0.0363688183017813	0.123215048212069
K00926	group	IBS-D	-0.257800590389931	0.120557754268739	62	62	0.0365655834652956	0.123792743447476
K02617	group	IBS-D	-1.26806136677746	0.593834834450706	62	60	0.0368219390103122	0.124571208301745
K13018	group	IBS-D	-0.904948703539957	0.424149383374537	62	62	0.0369767427285693	0.125005246385615
K00015	group	IBS-D	-2.14867701091827	1.00832593918354	62	43	0.0372016359682265	0.125675440706415
K00433	group	IBS-D	-1.58319669047924	0.743925127312792	62	55	0.037439976354506	0.126390070499535
K18955	group	IBS-D	-0.858141264480553	0.403990595607942	62	62	0.0377871730204552	0.127470892678445
K02851	group	IBS-D	-0.340662437978462	0.1605490051715	62	62	0.0379879876480273	0.128056718905001
K00886	group	IBS-D	-0.861689794798047	0.406777558853929	62	62	0.0382975509949609	0.12895538573315
K01884	group	IBS-D	-1.46589695044791	0.692048844499297	62	61	0.038309265354568	0.12895538573315
K02054	group	IBS-D	-0.657993739743955	0.310734537493693	62	62	0.0383670589728851	0.12905781035387
K01356	group	IBS-D	-0.245415036032916	0.115925602932854	62	62	0.038414568187534	0.129125519296087
K13057	group	IBS-D	-1.71094080243696	0.810202656474739	62	56	0.0388814778368332	0.130601887092953
K19267	group	IBS-D	-1.47142789974936	0.697351852184945	62	56	0.0390353958423932	0.13102557067098
K00147	group	IBS-D	-0.175214150345789	0.0830887221504517	62	62	0.0391485762772416	0.131312009760648
K00883	group	IBS-D	-1.22185761472778	0.580872132466894	62	58	0.0396242597836476	0.132813083965659
K10440	group	IBS-D	-0.324124226450068	0.154146776331599	62	62	0.0396959215396128	0.132868037123043
K19169	group	IBS-D	-1.05386750149272	0.501200416636259	62	15	0.0396970026094928	0.132868037123043
K03587	group	IBS-D	0.0709283412472577	0.0337623127264451	62	62	0.0398674671712043	0.133343954027943
K07079	group	IBS-D	-0.814678561125382	0.388312437445785	62	62	0.0401250313304438	0.134110310244063
K13497	group	IBS-D	-0.391290126456564	0.186774953098804	62	62	0.0404024281213864	0.134941820836019
K02495	group	IBS-D	0.0431205499506767	0.0205919089227215	62	62	0.0404881888829664	0.135132553978818
K01419	group	IBS-D	-0.366986704065061	0.175370540867427	62	62	0.0406193494979628	0.135474435807916
K14534	group	IBS-D	-1.1142363298622	0.532910369574928	62	62	0.0407850609740227	0.135930987670312
K11744	group	IBS-D	-1.24509463181179	0.595897208348334	62	33	0.0409160198000783	0.136174981917551
K19081	group	IBS-D	-0.582964276331155	0.278994532407695	62	62	0.04090918103055	0.136174981917551
K00299	group	IBS-D	-1.13053280406677	0.541723554841787	62	60	0.0411523169351604	0.136764913543343
K01996	group	IBS-D	-0.35177578478474	0.168555583097252	62	62	0.0411445021783541	0.136764913543343
K01998	group	IBS-D	-0.351593438664969	0.168547740392842	62	62	0.0412368904391389	0.136764913543343
K07106	group	IBS-D	-0.215849632963292	0.103485010262689	62	62	0.0412567225335147	0.136764913543343
K08591	group	IBS-D	-0.198874731684875	0.0953459188067879	62	62	0.0412550841654524	0.136764913543343
K13421	group	IBS-D	-1.23330045202764	0.591314337766472	62	61	0.0412672756514371	0.136764913543343
K00872	group	IBS-D	-0.212401393955442	0.101876154395932	62	62	0.0413420813925321	0.136916612252234
K00134	group	IBS-D	0.0538741374969489	0.0258440874180966	62	62	0.0413717692427602	0.136918781578145
K06903	group	IBS-D	0.826167391065909	0.396451675141147	62	62	0.0414356916382442	0.137034166736297
K17076	group	IBS-D	-0.370894180282281	0.178479926326212	62	62	0.0419888587944766	0.138766263542223
K02385	group	IBS-D	-0.771171964532927	0.371212622845958	62	62	0.0420492050329567	0.138868383008
K03667	group	IBS-D	-0.364446116682283	0.175551954499534	62	62	0.0421868013654145	0.139225301077183
K12256	group	IBS-D	-1.34220113686552	0.646680191390389	62	59	0.0422324271981381	0.139278410256237
K02441	group	IBS-D	-0.583188441410428	0.28129141436911	62	62	0.0424507163593324	0.139900474039561
K03219	group	IBS-D	1.05994689474058	0.511373705330854	62	57	0.0424997969077284	0.139964414955899
K07307	group	IBS-D	-0.800392085787568	0.386243871354717	62	11	0.0425479073212555	0.140025073919777
K01790	group	IBS-D	0.111304463920973	0.0537678343152858	62	62	0.0427559588367999	0.140611647053242
K00046	group	IBS-D	-0.335390227114034	0.162085915134987	62	62	0.0428414249667685	0.140794536685213
K12952	group	IBS-D	-0.453327495440186	0.219182278165633	62	62	0.0429332965492814	0.140998207887473
K19002	group	IBS-D	-0.361421700284795	0.174998768934416	62	62	0.0432245149660169	0.141855819470936
K04517	group	IBS-D	-0.180525557501384	0.0875585518369048	62	62	0.0435692366800976	0.142887705273533
K03733	group	IBS-D	0.198245910827087	0.0963320137762331	62	62	0.0439474406102099	0.144027887364663
K02071	group	IBS-D	-0.144720939434623	0.0704971592986634	62	62	0.0444543013085523	0.145587836785509
K03201	group	IBS-D	0.898695902607402	0.438387686519697	62	62	0.044741690939159	0.1464109361749
K18285	group	IBS-D	-1.34520982123877	0.656281734882791	62	62	0.0447677205182795	0.1464109361749
K00606	group	IBS-D	0.149606510010711	0.0731868193152842	62	62	0.0453326034410886	0.148155618730543
K00897	group	IBS-D	-0.649842700805011	0.318048605576916	62	7	0.0454300089921589	0.148199001508599
K00931	group	IBS-D	-0.169274564076798	0.0828510588941694	62	62	0.0454401518620512	0.148199001508599
K03665	group	IBS-D	0.100643772495633	0.0492532281752632	62	62	0.0454120139952274	0.148199001508599
K01551	group	IBS-D	-1.39469910297707	0.683300422667125	62	59	0.0456445864011846	0.148484287949866
K01628	group	IBS-D	-0.225161355764077	0.110299582589314	62	62	0.0456199377543213	0.148484287949866
K02017	group	IBS-D	-0.223770678119282	0.109617747595244	62	62	0.0456188210923594	0.148484287949866
K19611	group	IBS-D	0.911857633253483	0.446762628075232	62	62	0.0456535660575286	0.148484287949866
K15460	group	IBS-D	0.238384351946817	0.116962584243828	62	62	0.0459527520984749	0.149354361748041
K08482	group	IBS-D	-1.38035256933802	0.677712283097201	62	58	0.0460913773896306	0.149701746397726
K01710	group	IBS-D	0.105380190581548	0.0517657423922809	62	62	0.0462021041703932	0.149958102730609
K07658	group	IBS-D	-0.276827091370014	0.136112882633765	62	62	0.0464001519623163	0.150497329198269
K03203	group	IBS-D	0.890147137130242	0.43787682051654	62	62	0.0464973938986684	0.150709078780839
K19225	group	IBS-D	-0.316650926221713	0.155852931882353	62	62	0.0466165238684748	0.150991433079483
K07736	group	IBS-D	-0.6264052806138	0.308505671005411	62	62	0.0467502720177128	0.151320715741616
K13730	group	IBS-D	0.591127553112798	0.29152670037016	62	62	0.0470393077320616	0.152151834886422
K01810	group	IBS-D	0.0641592367231559	0.0316503292266779	62	62	0.0470992341555311	0.152241253103142
K01686	group	IBS-D	-0.541597527526344	0.267612650189393	62	62	0.0474496761145711	0.153268953805697
K02012	group	IBS-D	-0.165104676510581	0.0816404968875033	62	62	0.0476061279263891	0.153669061807564
K01940	group	IBS-D	-0.195180244881336	0.0965806222181827	62	62	0.04775873030995	0.154056205295297
K07568	group	IBS-D	0.121587603789831	0.060181085946419	62	62	0.0478165962750001	0.154137435429187
K01250	group	IBS-D	-1.16729211445801	0.57814863660023	62	57	0.0479603545379682	0.154284469304951
K11017	group	IBS-D	0.891012845190275	0.441196270455001	62	62	0.047904611188691	0.154284469304951
K19170	group	IBS-D	0.891125721931576	0.441350573779497	62	62	0.0479527738033998	0.154284469304951
K02529	group	IBS-D	-0.201331960598716	0.0997912336000129	62	62	0.0481195839950461	0.154691177996345
K01318	group	IBS-D	-1.42758292354307	0.709523376234514	62	38	0.0487130503172706	0.156492333308071
K07457	group	IBS-D	-0.812661635806556	0.404152468220479	62	62	0.0488488973473062	0.156715238020338
K08997	group	IBS-D	-0.592738416281482	0.29477735058419	62	7	0.0488466615536683	0.156715238020338
K10439	group	IBS-D	-0.293219069875966	0.145865509099375	62	62	0.0489118058778226	0.156810385125637
K15580	group	IBS-D	-0.211527720865392	0.105297795488244	62	62	0.0490588443543277	0.157174938841718
K18843	group	IBS-D	0.897975089006653	0.447094874232749	62	62	0.0491009585247656	0.157203068841001
K07042	group	IBS-D	-0.121276489558059	0.0604408650967918	62	62	0.049312678054698	0.157773805770662
K01635	group	IBS-D	-0.437397164240524	0.218086700053665	62	62	0.0494136018938768	0.157989523072219
K07266	group	IBS-D	0.89528453698869	0.446527130266841	62	62	0.0494813499771619	0.158098947488005
K11690	group	IBS-D	-0.804654692357758	0.402272335801887	62	62	0.0500026980496927	0.159656549764625
K03113	group	IBS-D	0.557763190106663	0.27900427551439	62	62	0.0501307253221079	0.15995703695471
K01653	group	IBS-D	-0.146503136751929	0.0733648677959845	62	62	0.0503768410747948	0.160427259693344
K09689	group	IBS-D	0.891626728198843	0.446453045537426	62	62	0.0503519467193709	0.160427259693344
K17074	group	IBS-D	-0.352458833817985	0.176504610993828	62	62	0.0503801466509419	0.160427259693344
K09688	group	IBS-D	0.891098010758797	0.446399138891478	62	62	0.0504572967263593	0.160564515088739
K07265	group	IBS-D	0.890851881597973	0.446472845582937	62	62	0.0505558465502913	0.160624504663048
K10107	group	IBS-D	0.890851881597973	0.446472845582937	62	62	0.0505558465502913	0.160624504663048
K15634	group	IBS-D	-0.116232126703098	0.0582585166769222	62	62	0.0505783268500056	0.160624504663048
K03279	group	IBS-D	0.876915070492937	0.439799999147297	62	62	0.0507145330955438	0.160948679729868
K03623	group	IBS-D	-1.27052282037736	0.637998057599733	62	61	0.0509929646313984	0.161723484331994
K13640	group	IBS-D	-0.800950134289909	0.402456202050681	62	62	0.0511359934060259	0.162068108133614
K07639	group	IBS-D	1.71132020626999	0.861535744565664	62	57	0.0515666485436284	0.16310917635126
K07661	group	IBS-D	1.71135414405453	0.86155885980066	62	57	0.051568231963471003	0.16310917635126
K13019	group	IBS-D	-0.968508595404216	0.487582020649591	62	61	0.0515677847057744	0.16310917635126
K03385	group	IBS-D	0.271864292503065	0.137026173770476	62	62	0.0518324128403709	0.163834892061119
K03811	group	IBS-D	0.200620129807257	0.10116444228545	62	62	0.0519380634713807	0.163949067825322
K06208	group	IBS-D	-1.1107985659057	0.560122813803131	62	62	0.0519352203990301	0.163949067825322
K07979	group	IBS-D	-0.502643992598971	0.253516407613823	62	62	0.0519863209911404	0.163991631969377
K00520	group	IBS-D	0.784402950476629	0.396330464781027	62	62	0.0523918794962538	0.164993423997516
K08659	group	IBS-D	-0.446461744829512	0.225597740248947	62	62	0.0524088526607885	0.164993423997516
K09920	group	IBS-D	1.13774610112837	0.5749010633536	62	54	0.0524074123085191	0.164993423997516
K08483	group	IBS-D	-0.120096555143943	0.0607072877149647	62	62	0.0524929864566738	0.165148048118528
K00616	group	IBS-D	-0.157182778899827	0.0795529645903928	62	62	0.0527785393870398	0.165714774799787
K02072	group	IBS-D	-0.139135635877793	0.0704066346427895	62	62	0.0527382713217969	0.165714774799787
K07124	group	IBS-D	-0.241991558308732	0.122473505538683	62	62	0.052773531901652	0.165714774799787
K09758	group	IBS-D	0.790444983101831	0.40051108336762	62	62	0.0530387388940087	0.16642095317641
K01993	group	IBS-D	0.258215165874012	0.130882500719311	62	62	0.0531219975217523	0.166571369888686
K03416	group	IBS-D	-1.3953765014839	0.708605204434771	62	38	0.0535546455994454	0.167593701822816
K12954	group	IBS-D	-1.3953765014839	0.708605204434771	62	38	0.0535546455994454	0.167593701822816
K17490	group	IBS-D	-1.3953765014839	0.708605204434771	62	38	0.0535546455994454	0.167593701822816
K02907	group	IBS-D	0.0427221148166424	0.0217045708418028	62	62	0.0536536724464562	0.16774313303971
K13052	group	IBS-D	-0.389355822987727	0.197825521804606	62	62	0.053673534299602	0.16774313303971
K13540	group	IBS-D	-1.38979111917125	0.706314095848825	62	38	0.0537337561691872	0.167820128538998
K01995	group	IBS-D	-0.333822196419145	0.169928372092221	62	62	0.0541100235848535	0.168883435622878
K03635	group	IBS-D	-0.631602874365941	0.322294897470632	62	62	0.0546802674745085	0.170550358075253
K19171	group	IBS-D	0.858579922263616	0.438211826009475	62	62	0.054731098879093	0.170596075554397
K07031	group	IBS-D	-0.663303326196257	0.339183730070902	62	62	0.0551753228939308	0.171867122039483
K07344	group	IBS-D	-1.30277224658069	0.666362964867448	62	61	0.0552402978096235	0.171955936944016
K03700	group	IBS-D	-0.297059311558747	0.151971409069921	62	62	0.0552818388391278	0.171971736124886
K00001	group	IBS-D	-0.375730350504718	0.192477987011969	62	62	0.0556012892260553	0.172851470000051
K07075	group	IBS-D	-0.595591748492455	0.305483789819723	62	62	0.0558937385849875	0.173646160188934
K07339	group	IBS-D	0.854351213509172	0.438299197956821	62	62	0.0559456529459878	0.173693021259564
K03389	group	IBS-D	-1.47576302756115	0.757751274680693	62	30	0.0561518854555057	0.174104070879793
K03390	group	IBS-D	-1.47576302756115	0.757751274680693	62	30	0.0561518854555057	0.174104070879793
K07030	group	IBS-D	-0.284778825834159	0.146271910388444	62	62	0.0562305853006162	0.174233535005063
K01443	group	IBS-D	-0.171456872317212	0.0880929012949122	62	62	0.0563036240359528	0.174345299378564
K00595	group	IBS-D	-0.623141638530926	0.320749468233052	62	62	0.0567411457369408	0.175431230213744
K07220	group	IBS-D	-0.345388784179413	0.17778604371120801	62	62	0.0567468201331871	0.175431230213744
K17675	group	IBS-D	-1.50719409865532	0.775877483612509	62	45	0.0567659154593241	0.175431230213744
K01990	group	IBS-D	-0.103255968761868	0.053196878359577	62	62	0.0569580474132218	0.175909725999184
K09959	group	IBS-D	-1.15820120351075	0.59689982492151	62	60	0.0570392554997669	0.176045241450851
K00325	group	IBS-D	-0.689621813888007	0.355986785542927	62	62	0.0574314131095721	0.177139662671512
K11748	group	IBS-D	-1.08108179427847	0.559296807473484	62	62	0.0579682375470355	0.178678567497921
K08641	group	IBS-D	0.331529598211217	0.171567670658754	62	62	0.0580407418361703	0.178785198236041
K05710	group	IBS-D	1.11678629359028	0.578321592813808	62	56	0.0582013403469186	0.179162872765058
K02760	group	IBS-D	-0.346882241604926	0.179667035533467	62	62	0.0582502174450609	0.179196363647037
K11189	group	IBS-D	-0.137062767584616	0.0710537400139287	62	62	0.0584646180506805	0.179621588747237
K16092	group	IBS-D	-0.273916784831085	0.141983193021449	62	62	0.0584369393851151	0.179621588747237
K02002	group	IBS-D	-0.575098379110232	0.298470286752576	62	62	0.0587418403928843	0.180355806831278
K01926	group	IBS-D	-0.207208919308007	0.10761912939154	62	62	0.0589239285403301	0.1806419607059
K03060	group	IBS-D	-0.117363549123457	0.0609470590284846	62	62	0.0588891264985403	0.1806419607059
K03327	group	IBS-D	0.135790548977387	0.0705340257474502	62	62	0.0589511519216072	0.1806419607059
K03710	group	IBS-D	-0.489331579637189	0.254213089537443	62	62	0.0589882568886951	0.1806419607059
K03789	group	IBS-D	-0.129661948817143	0.0674060285980517	62	62	0.0591534868309208	0.181030398374187
K18220	group	IBS-D	0.755358401636565	0.392841767843089	62	62	0.0592547354913774	0.181222654070905
K03195	group	IBS-D	0.74184480437918	0.3872573352371	62	62	0.0601801462037281	0.183933616005691
K01755	group	IBS-D	-0.183991294361753	0.0961679713456847	62	62	0.0604939621452831	0.184653414548321
K08303	group	IBS-D	0.0798137775798871	0.0417124665258526	62	62	0.060467987664284	0.184653414548321
K01138	group	IBS-D	-0.559459638469478	0.292720798573319	62	7	0.0607540144827575	0.185327252458399
K04759	group	IBS-D	0.100399786967812	0.05255211198369	62	62	0.0608535535740371	0.18551089764393
K10682	group	IBS-D	-0.664889158040616	0.348309452482767	62	62	0.0610607364271626	0.186022243533914
K11249	group	IBS-D	0.908994818068246	0.476328862948503	62	61	0.061135644315938	0.186130212132966
K00053	group	IBS-D	-0.123620799468114	0.0648108621872546	62	62	0.0612576928597559	0.186381470662328
K02469	group	IBS-D	-0.0574217508354319	0.0301267879391087	62	62	0.0614433690360284	0.186705495086282
K07738	group	IBS-D	-0.115986451434355	0.0608443291130961	62	62	0.0614064821922464	0.186705495086282
K11602	group	IBS-D	-0.828485156102606	0.435391831181743	62	62	0.0618616899138185	0.187855588946277
K02501	group	IBS-D	-0.197963845642463	0.104189821006777	62	62	0.0622376768740972	0.188875729818689
K02837	group	IBS-D	0.076878035520766	0.0404812565141104	62	62	0.0623619497354287	0.189131160741017
K03388	group	IBS-D	-1.30480727891474	0.688051554345471	62	30	0.0627274423797441	0.190113958628221
K16345	group	IBS-D	0.178421489443982	0.0940997412521682	62	62	0.0627666313791646	0.190113958628221
K13653	group	IBS-D	-0.4586191661581	0.242013661780581	62	62	0.0629116259799907	0.19043082677897
K09946	group	IBS-D	0.825489267406879	0.436131757357205	62	62	0.0632174365305175	0.191233759254599
K00757	group	IBS-D	0.211738798406291	0.111937074134728	62	62	0.0633753645556256	0.191588602079699
K00997	group	IBS-D	-0.141394089821029	0.0747733925577621	62	62	0.0634595720242197	0.191659168981815
K10681	group	IBS-D	-0.65416999668291	0.345971989199423	62	62	0.0634799876907538	0.191659168981815
K02433	group	IBS-D	-0.146322154360393	0.0774653201141518	62	62	0.0637449007587646	0.192335861790361
K01997	group	IBS-D	-0.322269820284652	0.17067100927555	62	62	0.0638297376368824	0.192353501526185
K08714	group	IBS-D	-0.477370820664729	0.252813545747897	62	7	0.0638323218593043	0.192353501526185
K06996	group	IBS-D	0.818194547470321	0.433429491526785	62	62	0.063902082710944	0.192440754830659
K07405	group	IBS-D	0.32314503445287	0.171428182894614	62	62	0.0642729358892973	0.193434055937413
K01633	group	IBS-D	0.0820281367253255	0.0435315187062519	62	62	0.0643661620440718	0.193591084311124
K01819	group	IBS-D	-0.425434243193735	0.225842039843024	62	62	0.064444613827856	0.193703504660401
K02919	group	IBS-D	-0.107647733047848	0.0571794176692517	62	62	0.064601539649031	0.194038755968355
K11209	group	IBS-D	-0.45871049532674	0.243688585232891	62	62	0.0646384405484067	0.194038755968355
K07074	group	IBS-D	-0.734242382652537	0.390295231436119	62	62	0.0647925259005435	0.194369305211803
K09163	group	IBS-D	-1.24519438674838	0.6622051392014	62	25	0.0649134130001252	0.194369305211803
K15011	group	IBS-D	-1.18333622866817	0.629289393636449	62	58	0.0649055285882579	0.194369305211803
K15012	group	IBS-D	-1.18333622866817	0.629289393636449	62	58	0.0649055285882579	0.194369305211803
K02379	group	IBS-D	-0.394418520256734	0.209848048244045	62	62	0.0650288157117784	0.194591303868494
K01183	group	IBS-D	-1.2559504181681	0.668672983514194	62	54	0.0652053275059994	0.194892037588225
K03686	group	IBS-D	-0.0715670157171294	0.0381035312315022	62	62	0.0652119667757037	0.194892037588225
K09153	group	IBS-D	-0.603114458337559	0.321444866568696	62	62	0.0654857084665887	0.19558619450819
K02970	group	IBS-D	0.0725201504671811	0.0386774355642559	62	62	0.0656620953887375	0.195988887248915
K01719	group	IBS-D	0.211452592484395	0.112943527017479	62	62	0.0660550640767013	0.196912567753302
K07132	group	IBS-D	0.752645460314377	0.401989676053293	62	62	0.0660405889166086	0.196912567753302
K07029	group	IBS-D	-0.577349653127283	0.308487383040141	62	62	0.0661461374200648	0.197059497203428
K07733	group	IBS-D	0.800477535705001	0.427814459401537	62	62	0.0662115706747541	0.197129903599836
K11741	group	IBS-D	0.802628615552702	0.429666622625713	62	62	0.0666438451844696	0.198291718542561
K00647	group	IBS-D	0.377313029523301	0.202253615583286	62	62	0.0669963536900795	0.199089353498686
K02067	group	IBS-D	0.10238690543789	0.0548785966307605	62	62	0.0669744016147286	0.199089353498686
K00604	group	IBS-D	0.0568849197714816	0.0305000016455311	62	62	0.0670625336278634	0.199160521781489
K04750	group	IBS-D	-0.452600781304687	0.242916429087998	62	62	0.0673313124543826	0.199832894609735
K04079	group	IBS-D	0.199169638855012	0.106927005048495	62	62	0.0674065570995792	0.199930392001016
K00766	group	IBS-D	-0.183828972409256	0.0987541714501234	62	62	0.067576775213652407	0.200309284668501
K00263	group	IBS-D	1.07556884320513	0.578065803252572	62	54	0.0676982432195749	0.200417398005973
K03584	group	IBS-D	0.0650229711149821	0.0349460690163396	62	62	0.0676936022522075	0.200417398005973
K03499	group	IBS-D	-0.102484226150889	0.0551118744626235	62	62	0.0678515662403451	0.200493725807937
K04488	group	IBS-D	-0.112309522473994	0.0603940759997793	62	62	0.0678451631853027	0.200493725807937
K08217	group	IBS-D	-0.509278546345374	0.273847792985844	62	62	0.0678304458456167	0.200493725807937
K01846	group	IBS-D	0.476942078722621	0.256565526781958	62	62	0.0679406076275682	0.200505572948443
K19268	group	IBS-D	0.476942078722621	0.256565526781958	62	62	0.0679406076275682	0.200505572948443
K13829	group	IBS-D	-0.788778146572788	0.42457209756758	62	62	0.0681034055785763	0.200860325646383
K00975	group	IBS-D	-0.18691274099276	0.100759914416151	62	62	0.0685067649539496	0.201876561540462
K03465	group	IBS-D	-0.780938121189099	0.421025883124854	62	62	0.0685335824907293	0.201876561540462
K02065	group	IBS-D	0.101716705907158	0.0548885399587194	62	62	0.0687799504715458	0.202475809253315
K12294	group	IBS-D	2.10919923389242	1.14020119816826	62	32	0.0692618111121641	0.203767124893928
K07127	group	IBS-D	-1.51846152760217	0.821202047612976	62	58	0.0693755442932746	0.20397448060292
K16291	group	IBS-D	1.06892382646437	0.579136785117378	62	54	0.0698684053448652	0.205295576078744
K02761	group	IBS-D	-0.352526206413446	0.191059250364981	62	62	0.069957587591516407	0.205429628319795
K18917	group	IBS-D	-1.34999968980192	0.732219926051899	62	38	0.0701654685178252	0.205911854094626
K02066	group	IBS-D	0.101145382075446	0.0548985088482298	62	62	0.0703582319260065	0.206349142887467
K01220	group	IBS-D	-0.400946313695249	0.217919669895259	62	62	0.0707336324744128	0.207162481553817
K02788	group	IBS-D	-0.400946313695249	0.217919669895259	62	62	0.0707336324744128	0.207162481553817
K17214	group	IBS-D	1.06996548558486	0.5816120154186	62	54	0.0707673362559793	0.207162481553817
K10556	group	IBS-D	-1.19159702331683	0.64790596081042	62	59	0.0708424638468855	0.207253758996223
K16962	group	IBS-D	-0.727533035327327	0.395757805751614	62	62	0.0709652066519159	0.207484137985391
K00878	group	IBS-D	-0.329494282344464	0.179278217004743	62	62	0.0710302735051922	0.207545706227067
K03306	group	IBS-D	-0.189908783682661	0.103379593842141	62	62	0.0711632899343459	0.207805619399613
K00052	group	IBS-D	-0.128883253848833	0.0702645171450295	62	62	0.0715755494279461	0.208880130632546
K00652	group	IBS-D	0.441238238983171	0.240808760127201	62	62	0.0718679490324243	0.209103692480645
K01616	group	IBS-D	-1.33576638100811	0.730769080824095	62	38	0.0725389399699607	0.209103692480645
K04763	group	IBS-D	0.13320396413892	0.0726718292302347	62	62	0.0717723098687888	0.209103692480645
K06169	group	IBS-D	-1.25798013795265	0.686491051469422	62	62	0.0718437180135581	0.209103692480645
K07653	group	IBS-D	-1.34135176332075	0.732957952364016	62	38	0.0722106449909748	0.209103692480645
K08969	group	IBS-D	-0.642252937888502	0.350563682783215	62	62	0.0719072483853808	0.209103692480645
K09146	group	IBS-D	-1.33576638100811	0.730769080824095	62	38	0.0725389399699607	0.209103692480645
K11387	group	IBS-D	-1.33576638100811	0.730769080824095	62	38	0.0725389399699607	0.209103692480645
K12428	group	IBS-D	-1.33576638100811	0.730769080824095	62	38	0.0725389399699607	0.209103692480645
K12437	group	IBS-D	-1.33576638100811	0.730769080824095	62	38	0.0725389399699607	0.209103692480645
K13686	group	IBS-D	-1.33576638100811	0.730769080824095	62	38	0.0725389399699607	0.209103692480645
K14136	group	IBS-D	-1.33576638100811	0.730769080824095	62	38	0.0725389399699607	0.209103692480645
K14337	group	IBS-D	-1.34678057886137	0.735025519935654	62	38	0.0718720475393133	0.209103692480645
K14339	group	IBS-D	-1.34135176332075	0.732957952364016	62	38	0.0722106449909748	0.209103692480645
K14743	group	IBS-D	-1.33576638100811	0.730769080824095	62	38	0.0725389399699607	0.209103692480645
K14949	group	IBS-D	-1.33576638100811	0.730769080824095	62	38	0.0725389399699607	0.209103692480645
K16647	group	IBS-D	-1.33576638100811	0.730769080824095	62	38	0.0725389399699607	0.209103692480645
K16648	group	IBS-D	-1.33576638100811	0.730769080824095	62	38	0.0725389399699607	0.209103692480645
K16652	group	IBS-D	-1.33576638100811	0.730769080824095	62	38	0.0725389399699607	0.209103692480645
K16653	group	IBS-D	-1.33576638100811	0.730769080824095	62	38	0.0725389399699607	0.209103692480645
K03431	group	IBS-D	-0.110450560882672	0.0605518224209811	62	62	0.0731228642382538	0.210443439424465
K07560	group	IBS-D	0.0546619214262392	0.0299658379186352	62	62	0.0731114374328407	0.210443439424465
K14347	group	IBS-D	-0.742230928126331	0.406931397671973	62	62	0.0731375736252539	0.210443439424465
K02006	group	IBS-D	-0.66893253464259	0.366888210334063	62	62	0.0732465533352318	0.210628503371313
K08218	group	IBS-D	0.162396907323044	0.0891025183069951	62	62	0.0733501496459372	0.210797870646094
K08676	group	IBS-D	-1.27999722892779	0.702423209173722	62	57	0.0734001774749939	0.21081317720589
K02770	group	IBS-D	-0.206403457780293	0.113370942219704	62	62	0.0736551138933458	0.211416626367023
K01737	group	IBS-D	0.164164185526851	0.0902314909646678	62	62	0.073845813452933	0.211835070708049
K01085	group	IBS-D	0.187969558463699	0.103336317585203	62	62	0.0739013073619524	0.211865389373232
K06908	group	IBS-D	0.635028381310732	0.34924986095875	62	62	0.0740163587958124	0.21206631110635
K02470	group	IBS-D	-0.0547622534463964	0.0301555819555813	62	62	0.0743688600739384	0.212946899883846
K09924	group	IBS-D	0.44360260424111	0.244557999167345	62	62	0.0746950197077412	0.213751039406376
K01322	group	IBS-D	0.138862246167378	0.0765830780598898	62	62	0.07479982702376	0.213828833879545
K03695	group	IBS-D	0.0845412957513418	0.0466270098997223	62	62	0.0748128871715966	0.213828833879545
K07053	group	IBS-D	-0.161118314733634	0.0888987331905146	62	62	0.0749315888775969	0.214038384704268
K10538	group	IBS-D	0.984282443831491	0.543208332940921	62	55	0.0749942606245042	0.214087731903851
K06905	group	IBS-D	0.632477783950007	0.34923096907032	62	62	0.0751384779307587	0.214287292821696
K09768	group	IBS-D	-0.700079185531286	0.386580535983855	62	62	0.0751550429022659	0.214287292821696
K05364	group	IBS-D	-0.558723518847443	0.308715715243246	62	62	0.0753309657959426	0.214659114618529
K07024	group	IBS-D	-0.140110510298303	0.077497567149011	62	62	0.0756294763020549	0.215379595555852
K07173	group	IBS-D	0.0586606077488044	0.0324687705133637	62	62	0.0758276875562549	0.215813744426855
K00016	group	IBS-D	-0.312543009962157	0.173202131413838	62	62	0.076172487893152	0.216618236309046
K06907	group	IBS-D	0.575391240842689	0.318898016284261	62	62	0.0762022167168589	0.216618236309046
K05815	group	IBS-D	-1.21846218218508	0.675418654325547	62	56	0.0762499403578979	0.216623324534847
K02786	group	IBS-D	-0.43419392924808897	0.240750250875761	62	62	0.076330371850825	0.216721272515648
K05349	group	IBS-D	-0.426295912682022	0.236652492996691	62	62	0.076671682996891	0.217544908617706
K07038	group	IBS-D	-0.666066123173577	0.369810571107203	62	62	0.076712719048186	0.217544908617706
K09981	group	IBS-D	-1.35972279402257	0.755425325781686	62	31	0.0768974786905628	0.217937806192725
K06888	group	IBS-D	-1.21815782463631	0.677271759124815	62	60	0.0771083943489999	0.218404316966897
K01440	group	IBS-D	1.01286877714123	0.563359629387451	62	61	0.0772232738212466	0.218598414970588
K03216	group	IBS-D	-0.108883288193107	0.0606000088543598	62	62	0.0774085540573921	0.218729023927298
K07650	group	IBS-D	1.41030833181872	0.784872289681505	62	55	0.077390916624766	0.218729023927298
K07770	group	IBS-D	1.41030833181872	0.784872289681505	62	55	0.077390916624766	0.218729023927298
K02759	group	IBS-D	-0.342964344968965	0.191134094712745	62	62	0.0777931266291388	0.219684062983843
K00841	group	IBS-D	-0.365479177230905	0.203764352700994	62	62	0.0779107503250422	0.219884559265649
K03098	group	IBS-D	-1.12011082993029	0.625003389703172	62	62	0.0781483358418709	0.220423176931975
K10954	group	IBS-D	0.781133063364005	0.436022242118383	62	62	0.0782568100537217	0.220597200366618
K00259	group	IBS-D	-0.255215282503229	0.142561533387588	62	62	0.0784656837551237	0.221053861761746
K01714	group	IBS-D	-0.0976845481625281	0.0545825266794437	62	62	0.0785541868169112	0.221171071658838
K09003	group	IBS-D	-1.40767034602435	0.787886090052624	62	33	0.0790475117521676	0.222427246672567
K09811	group	IBS-D	0.0505221576909717	0.0282941342992812	62	62	0.0792171530830511	0.222638911763807
K18775	group	IBS-D	-1.29073680746477	0.722851599513889	62	55	0.0792150862415	0.222638911763807
K08884	group	IBS-D	-0.379093753562243	0.212403550880573	62	62	0.0793523289330458	0.222885993596334
K10678	group	IBS-D	0.771875097839491	0.43289479436408	62	62	0.0796358630350752	0.223549244091318
K13481	group	IBS-D	-1.08747038242654	0.610977624283381	62	57	0.0801586345172833	0.224749179776164
K13482	group	IBS-D	-1.08747038242654	0.610977624283381	62	57	0.0801586345172833	0.224749179776164
K01812	group	IBS-D	-0.580872186935673	0.326710606555375	62	62	0.0804808711837194	0.225518590910529
K04479	group	IBS-D	-0.586822065790762	0.330350372294755	62	62	0.0807431883543743	0.226119285201443
K13639	group	IBS-D	0.984965578756234	0.554624685548824	62	55	0.0808179333439592	0.226194287032707
K05366	group	IBS-D	0.110575395996248	0.0623190344017159	62	62	0.0810797430842902	0.226792448627232
K03704	group	IBS-D	-0.127365291515519	0.0719357745703829	62	62	0.081716765044902	0.228354045755124
K04608	group	IBS-D	-1.08660491998337	0.61385040926459	62	17	0.0817832873792205	0.228354045755124
K16511	group	IBS-D	-0.361076709220328	0.203948840317567	62	62	0.0817359088101677	0.228354045755124
K02530	group	IBS-D	-0.371158471792213	0.209906764834442	62	62	0.0821101073305288	0.229076845361623
K07559	group	IBS-D	0.354009823774287	0.200228021219705	62	62	0.0821393014220747	0.229076845361623
K03197	group	IBS-D	-1.0878193506295	0.615850984263238	62	45	0.0824208700205082	0.229726254738012
K00963	group	IBS-D	-0.117197797152624	0.0663741740832607	62	62	0.0825316449793705	0.229899136280396
K07015	group	IBS-D	-0.316657919401874	0.17939250913307	62	62	0.0826241938156754	0.230021073220027
K16924	group	IBS-D	-0.326418953669407	0.185005673484474	62	62	0.0827592081934088	0.230261018194759
K04487	group	IBS-D	-0.131293653481644	0.0744912397188736	62	62	0.083071322216845	0.230993134183161
K05299	group	IBS-D	1.54001146411133	0.873966606156651	62	56	0.0831470092525526	0.231067351582226
K03453	group	IBS-D	0.0940571980565302	0.0534166989962008	62	62	0.0833645117614733	0.231535357754481
K00068	group	IBS-D	-0.657570204237132	0.373701576877475	62	62	0.0835709979856886	0.231653941128442
K01055	group	IBS-D	-1.12853404848006	0.641277770723216	62	57	0.0835354177344675	0.231653941128442
K06872	group	IBS-D	0.330779431903475	0.188004573409565	62	62	0.0836036912215029	0.231653941128442
K13498	group	IBS-D	-0.213890090186988	0.121568088592418	62	62	0.0836030025530553	0.231653941128442
K03698	group	IBS-D	-0.26216498665049	0.149038667015734	62	62	0.0836691860310448	0.231699284393663
K03272	group	IBS-D	-0.243105622981714	0.138426741239634	62	62	0.0841564851701694	0.23283492267784
K06919	group	IBS-D	0.753006280809982	0.428899569022512	62	62	0.084248469970223	0.23283492267784
K07724	group	IBS-D	0.748084486729137	0.426136025331858	62	62	0.0842767627249942	0.23283492267784
K10202	group	IBS-D	-0.556466891309733	0.316885508581771	62	62	0.0841829964925391	0.23283492267784
K05606	group	IBS-D	-0.240493764528612	0.13703237638477	62	62	0.0843616681935977	0.232933037002931
K02473	group	IBS-D	-0.530585923857657	0.302644447597121	62	62	0.0846811772223337	0.233678427021958
K00088	group	IBS-D	-0.0459527941476798	0.0262573927184168	62	62	0.085215164617687	0.235014453998253
K02753	group	IBS-D	-1.23556970954692	0.707082282032286	62	32	0.0856808719077148	0.23616071999812
K07172	group	IBS-D	-1.14781343893455	0.657027847231049	62	62	0.085758108029274	0.236162753346256
K15866	group	IBS-D	-0.36454528686531	0.208688043811511	62	62	0.0857817634610129	0.236162753346256
K12583	group	IBS-D	-1.30236174915879	0.746143287102841	62	38	0.0860244612422692	0.236692741667761
K16209	group	IBS-D	-0.928652478953098	0.532596794936245	62	62	0.0863453627883271	0.237412989091386
K18446	group	IBS-D	-1.03374916855839	0.592951690342473	62	51	0.0863869146057714	0.237412989091386
K01151	group	IBS-D	-0.245192492531635	0.140885714430908	62	62	0.0869217690166302	0.238743775586737
K05813	group	IBS-D	-1.18401457186656	0.680683034150414	62	56	0.0870835652120548	0.239048948509925
K00989	group	IBS-D	-0.160459389288326	0.0922720174241324	62	62	0.0871666253065854	0.239137757385606
K02081	group	IBS-D	-1.52392184927447	0.876562226910391	62	60	0.08724843024325	0.239223021527423
K01090	group	IBS-D	-0.191559252085887	0.110302178257518	62	62	0.0875762101198942	0.239982223663812
K04767	group	IBS-D	-0.376309026622947	0.216912679331707	62	62	0.087903550210559	0.240739339601043
K00692	group	IBS-D	-1.31490262746924	0.758619269859167	62	54	0.0881819745515919	0.241361690066922
K01278	group	IBS-D	0.292853154107936	0.169070592896245	62	62	0.0883878238593261	0.241784789629108
K07816	group	IBS-D	-0.262849872652345	0.151852492304288	62	62	0.0885997293385672	0.242223955687352
K14581	group	IBS-D	-0.742246912107056	0.429029745302828	62	15	0.0887608918918654	0.242523966490172
K07043	group	IBS-D	0.106602090125183	0.061630620776906	62	62	0.088826748547744	0.242563373567551
K11216	group	IBS-D	-1.02116312898677	0.591180283860271	62	59	0.089253428787865	0.243587482733548
K07165	group	IBS-D	0.868250462409023	0.502986168448458	62	58	0.089459409629654	0.24400843019864
K07506	group	IBS-D	-1.03458078237742	0.600016031766796	62	57	0.0898108020756755	0.24482528473346
K07317	group	IBS-D	-1.24608839122843	0.723823362346159	62	58	0.0903060969690952	0.246033248588245
K00073	group	IBS-D	-1.03822326828545	0.603609367733098	62	52	0.0905824341852512	0.246643625645291
K02466	group	IBS-D	-0.923288225591296	0.537044935580656	62	13	0.0907333852695027	0.246694465655507
K04762	group	IBS-D	0.145524074729711	0.0846580150032505	62	62	0.0907768618411463	0.246694465655507
K06999	group	IBS-D	-0.712190626232785	0.414357892339392	62	62	0.0908103461361237	0.246694465655507
K18829	group	IBS-D	-0.856596911389186	0.498339424574011	62	62	0.0907881182160502	0.246694465655507
K03863	group	IBS-D	-1.05525758625549	0.61457332727968	62	58	0.0911270692133349	0.247412353719106
K08321	group	IBS-D	-0.976877671631942	0.569106583346995	62	61	0.0912276178962982	0.247542834291681
K01198	group	IBS-D	-1.37026257586228	0.798697944817616	62	56	0.0913916944017637	0.247845446117722
K02217	group	IBS-D	0.220698489700266	0.128686440344546	62	62	0.0915043934326464	0.248008459441586
K05565	group	IBS-D	-0.558358882012166	0.325840826298302	62	62	0.0917660245214557	0.248574710880635
K06214	group	IBS-D	-1.01533132949058	0.592745123072733	62	60	0.0918888154512465	0.248621717537624
K12524	group	IBS-D	0.214836037425617	0.125418157233473	62	62	0.0918837597387425	0.248621717537624
K01704	group	IBS-D	-0.120407206885788	0.070317631988677	62	62	0.091999572695428	0.248778661027316
K01951	group	IBS-D	-0.0961820261189869	0.056202213518276103	62	62	0.0921807815974121	0.248991138127404
K07445	group	IBS-D	-0.904620942682551	0.528779275546456	62	29	0.0922893361846272	0.248991138127404
K11184	group	IBS-D	-0.576568144603936	0.336975149426229	62	62	0.092244997174072	0.248991138127404
K14956	group	IBS-D	-0.904620942682551	0.528779275546456	62	29	0.0922893361846272	0.248991138127404
K04096	group	IBS-D	0.0603025627757504	0.0352661321346725	62	62	0.0924463150746529	0.249272053683284
K19350	group	IBS-D	-0.51832246451631	0.303389793611414	62	62	0.0927242298575078	0.249878553147432
