feature	metadata	value	coef	stderr	N	N.not.0	pval	qval
K01159	group	IBS-D	0.247561488427135	0.0371599530847696	35	35	1.39360026838237e-7	3.5164316771072e-4
K06168	group	IBS-D	0.221896146561346	0.0346353833724902	35	35	2.92974936647139e-7	3.5164316771072e-4
K06287	group	IBS-D	0.313911972532807	0.0489924418760742	35	35	2.92357119571411e-7	3.5164316771072e-4
K13038	group	IBS-D	0.200179536842142	0.0307361438219885	35	35	2.14978087187445e-7	3.5164316771072e-4
K07460	group	IBS-D	0.23975076398484	0.0385674013168256	35	35	5.11014032634718e-7	4.3682104473035e-4
K14652	group	IBS-D	0.288604719306152	0.0465952114222635	35	35	5.45912574126668e-7	4.3682104473035e-4
K07391	group	IBS-D	0.233850420325176	0.0387244813373856	35	35	8.60607742708626e-7	5.9025396753487e-4
K16868	group	IBS-D	-1.27342983970579	0.217324457160826	35	35	1.45863941080947e-6	8.7536597641203e-4
K03587	group	IBS-D	0.274336320707686	0.047790338782047	35	35	2.07281976771986e-6	0.00110573418942479
K03521	group	IBS-D	0.334534123715143	0.0590940350970645	35	35	2.61997261310718e-6	0.00116792507320275
K03522	group	IBS-D	0.334135492680668	0.0590983518985583	35	35	2.67593747244954e-6	0.00116792507320275
K04072	group	IBS-D	-1.10824185146967	0.201358016027477	35	35	4.16825396226943e-6	0.00153936825175812
K14260	group	IBS-D	-1.20589491536551	0.218497464809256	35	35	3.98525697367516e-6	0.00153936825175812
K01918	group	IBS-D	0.364819867233324	0.0674888693313209	35	35	5.57149553416374e-6	0.0016371316155898
K03469	group	IBS-D	0.186415775518892	0.034316712625312	35	35	5.15059784576944e-6	0.0016371316155898
K03527	group	IBS-D	0.196237258525462	0.0363927778737755	35	35	5.79696677047002e-6	0.0016371316155898
K09952	group	IBS-D	-1.29256345566583	0.238485054405844	35	35	5.3415819813532504e-06	0.0016371316155898
K00919	group	IBS-D	0.173920403995556	0.0331743194421308	35	35	9.01778327878039e-6	0.00227865144849603
K03526	group	IBS-D	0.194950851242188	0.0370859159008538	35	35	8.64964352229272e-6	0.00227865144849603
K00099	group	IBS-D	0.194070989058808	0.0375801656938555	35	35	1.13674748303319e-5	0.00269056715027025
K00355	group	IBS-D	-1.07321764246237	0.20996634119687901	35	35	1.32841118127562e-5	0.00269056715027025
K01579	group	IBS-D	0.386874882411694	0.0754630290545956	35	35	1.26977921578315e-5	0.00269056715027025
K02342	group	IBS-D	0.269306745347483	0.0527310965692977	35	35	1.34500336610052e-5	0.00269056715027025
K08234	group	IBS-D	-1.1511931165412	0.224638487842924	35	35	1.27741934703769e-5	0.00269056715027025
K01626	group	IBS-D	-0.675733710858025	0.133253103507298	35	35	1.49617125197699e-5	0.00287324727229662
K00240	group	IBS-D	0.355716361272426	0.070830493881843	35	35	1.72852068370853e-5	0.00319177992403257
K00226	group	IBS-D	-0.94075710838496	0.196636336344858	35	35	3.4786953174518e-5	0.00357141430447614
K00383	group	IBS-D	-1.14747799675682	0.238269457675715	35	35	3.17026501844008e-5	0.00357141430447614
K00564	group	IBS-D	-0.674794406358416	0.142444469616697	35	35	3.9927255436984e-5	0.00357141430447614
K00812	group	IBS-D	0.850709934437857	0.177274663375349	35	35	3.33305547088134e-5	0.00357141430447614
K00897	group	IBS-D	-1.29859776647897	0.266970528796605	35	35	2.75081606821788e-5	0.00357141430447614
K01191	group	IBS-D	-1.49687254862324	0.315768686644388	35	35	3.95588660924569e-5	0.00357141430447614
K01426	group	IBS-D	-1.16730852686166	0.23667231245781	35	35	2.25243167613326e-5	0.00357141430447614
K01885	group	IBS-D	0.239153624555539	0.0501945358470107	35	35	3.68576419817604e-5	0.00357141430447614
K02531	group	IBS-D	-1.24696825866158	0.260251890670776	35	35	3.40656728826255e-5	0.00357141430447614
K02795	group	IBS-D	-0.859738032952247	0.180460137067668	35	35	3.68999565868718e-5	0.00357141430447614
K02796	group	IBS-D	-0.869618853609498	0.183123567640297	35	35	3.85967603243814e-5	0.00357141430447614
K03151	group	IBS-D	-0.573897661540297	0.120985753279799	35	35	3.92004082061013e-5	0.00357141430447614
K03427	group	IBS-D	0.488790454225945	0.100588385190068	35	35	2.79059685284728e-5	0.00357141430447614
K03711	group	IBS-D	0.436023493066572	0.091990939197009	35	35	3.96233572716368e-5	0.00357141430447614
K03828	group	IBS-D	-1.77349062152333	0.374846762472721	35	35	4.06358643890881e-5	0.00357141430447614
K04750	group	IBS-D	-1.25947144294317	0.25642594452314	35	35	2.39269462332722e-5	0.00357141430447614
K04759	group	IBS-D	0.241388122635794	0.0510778852994744	35	35	4.12788300710263e-5	0.00357141430447614
K05810	group	IBS-D	0.295406119991897	0.0610543674772842	35	35	2.96733196891158e-5	0.00357141430447614
K08643	group	IBS-D	-1.46048058327985	0.307985030361328	35	35	3.93689469792387e-5	0.00357141430447614
K09962	group	IBS-D	-1.2452725453753	0.259745692536574	35	35	3.37860219839679e-5	0.00357141430447614
K12268	group	IBS-D	-1.46041036954935	0.307890425197968	35	35	3.92273936133423e-5	0.00357141430447614
K12269	group	IBS-D	-1.46041036954935	0.307890425197968	35	35	3.92273936133423e-5	0.00357141430447614
K12270	group	IBS-D	-1.46041036954935	0.307890425197968	35	35	3.92273936133423e-5	0.00357141430447614
K12292	group	IBS-D	-1.25085401515684	0.259360681950704	35	35	3.10620948311391e-5	0.00357141430447614
K12293	group	IBS-D	-1.25091302350676	0.259383831026721	35	35	3.10806084996898e-5	0.00357141430447614
K12294	group	IBS-D	-1.67636406832457	0.354954065796408	35	35	4.16578215060745e-5	0.00357141430447614
K12295	group	IBS-D	-1.24860952858988	0.260496977675555	35	35	3.38869608011223e-5	0.00357141430447614
K18986	group	IBS-D	-1.2986821138716	0.266966532819372	35	35	2.74767513050064e-5	0.00357141430447614
K18987	group	IBS-D	-1.28050682587719	0.264118914311247	35	35	2.88304289430076e-5	0.00357141430447614
K19137	group	IBS-D	-1.30158712975443	0.266132377292303	35	35	2.54427873463282e-5	0.00357141430447614
K18830	group	IBS-D	-1.77868398589763	0.377561733518495	35	35	4.31212024278482e-5	0.00363201566414209
K03367	group	IBS-D	-1.10670236988181	0.236154295552074	35	35	4.63441531835709e-5	0.00383617723162628
K01635	group	IBS-D	-0.921579799024229	0.19706222784235	35	35	4.76867608160812e-5	0.00388040913013569
K02794	group	IBS-D	-0.87864522998008	0.188142770434935	35	35	4.86014287159633e-5	0.003888924321089
K00241	group	IBS-D	0.329646743796958	0.0708031903347726	35	35	5.06742186455339e-5	0.0039088230359933
K02530	group	IBS-D	-0.95039286992581	0.203981934285995	35	35	5.01753331081404e-5	0.0039088230359933
K17759	group	IBS-D	0.378393485240143	0.0813457448788288	35	35	5.12926163856651e-5	0.0039088230359933
K02793	group	IBS-D	-1.14764943098316	0.249381772407643	35	35	5.93063460846717e-5	0.00436963681185675
K18891	group	IBS-D	-1.21661568639775	0.264620020704601	35	35	6.00699915814508e-5	0.00436963681185675
K18892	group	IBS-D	-1.21661568639775	0.264620020704601	35	35	6.00699915814508e-5	0.00436963681185675
K11069	group	IBS-D	-0.674813628141682	0.148406130166004	35	35	6.96061754062526e-5	0.00498774997202117
K01060	group	IBS-D	-0.94865993818385	0.209748784435641	35	35	7.4697424021427e-5	0.00519742511198364
K03296	group	IBS-D	0.698046542571169	0.154253999649254	35	35	7.41627424245684e-5	0.00519742511198364
K06940	group	IBS-D	-1.07031316812727	0.237454209325756	35	35	7.8119303110428e-5	0.00535786820333092
K00687	group	IBS-D	-1.16154409900517	0.2633445000083	35	35	1.0345764644853e-4	0.00557859596194107
K01215	group	IBS-D	-1.16093098131305	0.263404720286979	35	35	1.0446311647277e-4	0.00557859596194107
K01281	group	IBS-D	-1.15836388106597	0.263072214959275	35	35	1.0573885285078e-4	0.00557859596194107
K01467	group	IBS-D	-1.16489799515084	0.263101604842902	35	35	9.85318870126276e-5	0.00557859596194107
K01598	group	IBS-D	-1.16164844836518	0.263327318483551	35	35	1.0325265553492e-4	0.00557859596194107
K01922	group	IBS-D	-1.16164844836518	0.263327318483551	35	35	1.0325265553492e-4	0.00557859596194107
K02082	group	IBS-D	-1.07657727174722	0.240708489982784	35	35	8.6468249456039e-5	0.00557859596194107
K02355	group	IBS-D	0.264578631369028	0.059952335499206	35	35	1.027372944632e-4	0.00557859596194107
K03832	group	IBS-D	0.52081533634921	0.117904715205758	35	35	1.0152111706333e-4	0.00557859596194107
K03930	group	IBS-D	-1.16164844836518	0.263327318483551	35	35	1.0325265553492e-4	0.00557859596194107
K04767	group	IBS-D	-1.09088151668147	0.246050654311969	35	35	9.68298071190388e-5	0.00557859596194107
K05362	group	IBS-D	-1.15904164943207	0.263065205949127	35	35	1.0491644340459e-4	0.00557859596194107
K08986	group	IBS-D	-1.16149399391563	0.263393708026777	35	35	1.0376232407479e-4	0.00557859596194107
K11050	group	IBS-D	-1.1467508377677	0.260112466237368	35	35	1.0407943868385e-4	0.00557859596194107
K11051	group	IBS-D	-1.14937750128011	0.260412738202098	35	35	1.0258057182149e-4	0.00557859596194107
K12296	group	IBS-D	-1.16472982674411	0.262936386088649	35	35	9.7921277023155e-5	0.00557859596194107
K12556	group	IBS-D	-1.16164844836518	0.263327318483551	35	35	1.0325265553492e-4	0.00557859596194107
K14982	group	IBS-D	-1.16154409900517	0.2633445000083	35	35	1.0345764644853e-4	0.00557859596194107
K14983	group	IBS-D	-1.16178743256099	0.263363321935769	35	35	1.0327521334246e-4	0.00557859596194107
K18887	group	IBS-D	-1.16469892869942	0.264123619661011	35	35	1.0377801497099e-4	0.00557859596194107
K18888	group	IBS-D	-1.16469892869942	0.264123619661011	35	35	1.0377801497099e-4	0.00557859596194107
K00965	group	IBS-D	-0.594595054250767	0.135857913660383	35	35	1.1421599225746e-4	0.00596033672639251
K05593	group	IBS-D	-1.15288376927381	0.264973519940972	35	35	1.2301789832368e-4	0.00635063365432268
K02779	group	IBS-D	-0.933067520457347	0.215061708176444	35	35	1.2748474138302e-4	0.00644267624610407
K08659	group	IBS-D	-1.13155545793924	0.260726226981526	35	35	1.2696611042592e-4	0.00644267624610407
K00012	group	IBS-D	0.675986436386528	0.156713953178674	35	35	1.3707172628446e-4	0.00677840800617323
K00887	group	IBS-D	-1.02488368319805	0.239046870637334	35	35	1.478063384803e-4	0.00677840800617323
K00991	group	IBS-D	0.298645215759468	0.0697795838714097	35	35	1.5105434680234e-4	0.00677840800617323
K02236	group	IBS-D	-1.14053471217894	0.267486276068046	35	35	1.5815321990026e-4	0.00677840800617323
K02246	group	IBS-D	-1.13945628394421	0.267536166831404	35	35	1.6036697367526e-4	0.00677840800617323
K02248	group	IBS-D	-1.13950152752168	0.267527296870934	35	35	1.6022371262101e-4	0.00677840800617323
K03095	group	IBS-D	-1.13942629178521	0.267549350048264	35	35	1.6051573781545e-4	0.00677840800617323
K03697	group	IBS-D	-1.13939261126313	0.267539754341139	35	35	1.6050332335658e-4	0.00677840800617323
K05363	group	IBS-D	-1.0915439731293	0.254443124710612	35	35	1.4672011191596e-4	0.00677840800617323
K05515	group	IBS-D	0.359900893855489	0.0833650380254852	35	35	1.3562950745637e-4	0.00677840800617323
K05601	group	IBS-D	0.744746358649611	0.174127148632113	35	35	1.5228308394191e-4	0.00677840800617323
K05823	group	IBS-D	-1.13912073017735	0.267537033161028	35	35	1.609536581345e-4	0.00677840800617323
K06183	group	IBS-D	-0.347598018300008	0.081199569403741	35	35	1.5064126642518e-4	0.00677840800617323
K06198	group	IBS-D	-1.13938589582497	0.267544330937946	35	35	1.6054860557e-4	0.00677840800617323
K06286	group	IBS-D	-1.09949801756351	0.25696209771457	35	35	1.5149179284319e-4	0.00677840800617323
K11617	group	IBS-D	-1.14184483911055	0.267858215156781	35	35	1.5862296126984e-4	0.00677840800617323
K11618	group	IBS-D	-1.14186598385079	0.267852893131129	35	35	1.5854820968661e-4	0.00677840800617323
K12555	group	IBS-D	-1.14176670200684	0.267878997086714	35	35	1.5890759067609e-4	0.00677840800617323
K16509	group	IBS-D	-1.12357200080353	0.262098511117974	35	35	1.4803861992251e-4	0.00677840800617323
K01071	group	IBS-D	-1.13731979460126	0.268165679437292	35	35	1.6887866570514e-4	0.00698953856939994
K01129	group	IBS-D	0.252775916633606	0.0595961227258543	35	35	1.6869707637215e-4	0.00698953856939994
K00563	group	IBS-D	-1.05952928491834	0.253241707187537	35	35	1.990696941296e-4	0.00699407320728479
K00677	group	IBS-D	0.357640477994064	0.0851500683909787	35	35	1.8999576095848e-4	0.00699407320728479
K00917	group	IBS-D	-0.833246428637436	0.19978895496166	35	35	2.0676989696698e-4	0.00699407320728479
K01223	group	IBS-D	-0.681872639987011	0.162670856835077	35	35	1.9462632386871e-4	0.00699407320728479
K01261	group	IBS-D	-1.13820014164961	0.274207813239921	35	35	2.1881945301373e-4	0.00699407320728479
K01512	group	IBS-D	-0.731773169732064	0.173518226895292	35	35	1.8086198508896e-4	0.00699407320728479
K01937	group	IBS-D	0.221241256944018	0.0532488981385082	35	35	2.1633634039728e-4	0.00699407320728479
K02086	group	IBS-D	-1.13411549295954	0.273496934117782	35	35	2.2143285305296e-4	0.00699407320728479
K02240	group	IBS-D	-1.09807873545977	0.26395389332377	35	35	2.1309794533552e-4	0.00699407320728479
K02243	group	IBS-D	-1.09821532004088	0.263997933969768	35	35	2.1320582448429e-4	0.00699407320728479
K02244	group	IBS-D	-1.13662624738342	0.274001206307388	35	35	2.2046380269994e-4	0.00699407320728479
K02245	group	IBS-D	-1.0980758737088	0.263971534922592	35	35	2.1327440433406e-4	0.00699407320728479
K03561	group	IBS-D	0.404430729939594	0.0960524713179771	35	35	1.8440477911637e-4	0.00699407320728479
K03693	group	IBS-D	-1.13663017705197	0.273953684754583	35	35	2.2000094134893e-4	0.00699407320728479
K03713	group	IBS-D	-1.13661486097612	0.273977989188246	35	35	2.2026820049888e-4	0.00699407320728479
K06215	group	IBS-D	0.615518059043712	0.148089820427128	35	35	2.1538899833338e-4	0.00699407320728479
K06878	group	IBS-D	-1.13674473682188	0.273726703625161	35	35	2.1758286058712e-4	0.00699407320728479
K07104	group	IBS-D	-0.972387838605272	0.233236631887629	35	35	2.0767816441539e-4	0.00699407320728479
K07133	group	IBS-D	0.630004842173099	0.150315248063719	35	35	1.9491044305538e-4	0.00699407320728479
K07586	group	IBS-D	-1.09779020455885	0.26172206886237	35	35	1.9309247241007e-4	0.00699407320728479
K08600	group	IBS-D	-1.04070346017117	0.246817548720786	35	35	1.8126830356484e-4	0.00699407320728479
K08999	group	IBS-D	1.15225492438609	0.276533726244449	35	35	2.0906710464569e-4	0.00699407320728479
K09976	group	IBS-D	-1.09814074482295	0.263974772039859	35	35	2.1315543157715e-4	0.00699407320728479
K10040	group	IBS-D	-1.14731544353818	0.272840025730784	35	35	1.8730583614518e-4	0.00699407320728479
K11144	group	IBS-D	-1.09690359428032	0.263719197993133	35	35	2.1355869271342e-4	0.00699407320728479
K11704	group	IBS-D	-1.13881988833623	0.273885957966748	35	35	2.1438902193225e-4	0.00699407320728479
K11705	group	IBS-D	-1.13881988833623	0.273885957966748	35	35	2.1438902193225e-4	0.00699407320728479
K11706	group	IBS-D	-1.13955581466328	0.274220888371734	35	35	2.1586500963122e-4	0.00699407320728479
K12554	group	IBS-D	-1.03193371407177	0.248573255443684	35	35	2.1846875461075e-4	0.00699407320728479
K15633	group	IBS-D	0.856402892843363	0.204579734965245	35	35	1.9776522998652e-4	0.00699407320728479
K16169	group	IBS-D	-1.14324611954177	0.273980249460717	35	35	2.055293749659e-4	0.00699407320728479
K16511	group	IBS-D	-0.912511168179986	0.216493486319748	35	35	1.820670289636e-4	0.00699407320728479
K17318	group	IBS-D	-0.96018008520638	0.230093895219593	35	35	2.0537587243648e-4	0.00699407320728479
K17319	group	IBS-D	-0.963090385761212	0.230766240774789	35	35	2.0510909351471e-4	0.00699407320728479
K17320	group	IBS-D	-0.963075876684314	0.230792713254857	35	35	2.0542785760643e-4	0.00699407320728479
K18692	group	IBS-D	-1.09819200548239	0.263982497232941	35	35	2.1311118947465e-4	0.00699407320728479
K03346	group	IBS-D	-1.13346801817794	0.273560677885168	35	35	2.2355608571158e-4	0.00701498540850548
K07570	group	IBS-D	-1.09254025387088	0.263968288993968	35	35	2.2644189038089e-4	0.00705939945271873
K03700	group	IBS-D	-0.891497238555644	0.216104772940739	35	35	2.3543063426198e-4	0.00706439046932364
K07652	group	IBS-D	-1.13057828120233	0.273917880254284	35	35	2.3399797459689e-4	0.00706439046932364
K07668	group	IBS-D	-1.13048190365091	0.273898627172724	35	35	2.3403930407197e-4	0.00706439046932364
K13677	group	IBS-D	-0.734797261688066	0.177820452734554	35	35	2.3080185915559e-4	0.00706439046932364
K16924	group	IBS-D	-0.734412408275827	0.177798039171937	35	35	2.3188972417682e-4	0.00706439046932364
K19005	group	IBS-D	-1.1285473236422	0.273174521763931	35	35	2.3147019528327e-4	0.00706439046932364
K01807	group	IBS-D	-0.968383129907461	0.234900461874465	35	35	2.373067843824e-4	0.00707645883117957
K03856	group	IBS-D	0.694823336391559	0.168794258156099	35	35	2.4150481497476e-4	0.00715718899193746
K00721	group	IBS-D	0.541335826146876	0.131744423664091	35	35	2.4667186636957e-4	0.00719507037713091
K04487	group	IBS-D	-0.353241966046063	0.0859413386944141	35	35	2.4576875382864e-4	0.00719507037713091
K16363	group	IBS-D	0.71734269658988	0.174615624314013	35	35	2.4727902774976e-4	0.00719507037713091
K14742	group	IBS-D	0.225104235693329	0.0550696606987279	35	35	2.6218436706177e-4	0.00758281413411804
K01531	group	IBS-D	-0.925149163414128	0.227981232299371	35	35	2.8529085487776e-4	0.00787173215096626
K01595	group	IBS-D	-0.761686961991293	0.187616907881504	35	35	2.8383694100397e-4	0.00787173215096626
K02819	group	IBS-D	-0.820075389513658	0.201849133655436	35	35	2.8140942714734e-4	0.00787173215096626
K03471	group	IBS-D	-1.06022952455533	0.26059307161741	35	35	2.7686523277512e-4	0.00787173215096626
K07027	group	IBS-D	0.647600822282388	0.159448083166393	35	35	2.8245243347693e-4	0.00787173215096626
K10039	group	IBS-D	-1.11706519993948	0.275110194934808	35	35	2.8332864917457e-4	0.00787173215096626
K10041	group	IBS-D	-1.11829112012112	0.275379823978713	35	35	2.8294454882324e-4	0.00787173215096626
K11071	group	IBS-D	-0.601590231634682	0.148011862628861	35	35	2.800816513869e-4	0.00787173215096626
K12996	group	IBS-D	-1.09592278202139	0.270288211610427	35	35	2.880351053338e-4	0.0079020373754721
K11072	group	IBS-D	-0.610686968195942	0.150755412078909	35	35	2.9116846737967e-4	0.00794261256755566
K07005	group	IBS-D	0.671386975170173	0.165944286715029	35	35	2.953334175933e-4	0.00796570639250263
K07107	group	IBS-D	0.226609444800538	0.0559944110666331	35	35	2.9437362988699e-4	0.00796570639250263
K07146	group	IBS-D	-1.05909898606559	0.262046302717564	35	35	2.9889337322741e-4	0.00801668762494299
K01575	group	IBS-D	-1.08249909441615	0.268050014589022	35	35	3.0165017875756e-4	0.00804568060119487
K00548	group	IBS-D	0.809239055034899	0.200509135674902	35	35	3.0380436026804e-4	0.00805836869418159
K01081	group	IBS-D	0.806170467296657	0.200275527888214	35	35	3.1311557600766e-4	0.00825971362864187
K00627	group	IBS-D	-0.535304611331391	0.133375038523183	35	35	3.2377437058123e-4	0.00849421176590434
K11752	group	IBS-D	0.203055954545933	0.0506441286748015	35	35	3.2753246778518e-4	0.00854610531432985
K00794	group	IBS-D	0.202910246532571	0.0506757245011494	35	35	3.3257067264354e-4	0.00858425698581532
K09134	group	IBS-D	-0.825618678578136	0.206119404737981	35	35	3.3120957088483e-4	0.00858425698581532
K03924	group	IBS-D	0.661526172185313	0.16556438449604	35	35	3.4070165412048e-4	0.00874710503439822
K07015	group	IBS-D	-0.85235526887328406	0.213755468888766	35	35	3.4858021763354e-4	0.00890177460031185
K03758	group	IBS-D	-1.87683941951458	0.471162911416525	35	35	3.5266288583758e-4	0.0089583836767526109
K08316	group	IBS-D	-0.524735817945346	0.131906481554154	35	35	3.5803230486134e-4	0.00899954500334726
K11041	group	IBS-D	-0.774011175800891	0.194491381631977	35	35	3.5643369422938e-4	0.00899954500334726
K13052	group	IBS-D	-0.848748109925733	0.213534309066248	35	35	3.6142509124818e-4	0.00903750970355491
K03698	group	IBS-D	-0.848376367884778	0.213750154690234	35	35	3.6736514063739e-4	0.00909134041340273
K06142	group	IBS-D	0.456947659094613	0.115106431417279	35	35	3.665598857349e-4	0.00909134041340273
K07404	group	IBS-D	-0.873803793496578	0.220736994820264	35	35	3.7838409036759e-4	0.00931601034797345
K06896	group	IBS-D	-0.721387194973536	0.18287967508019	35	35	3.936469989925e-4	0.00964234307226016
K01226	group	IBS-D	-0.744984288446003	0.189069098175826	35	35	3.9849142347233e-4	0.00971145849792213
K07491	group	IBS-D	0.73441997744051	0.18668561170018	35	35	4.0563161124964e-4	0.00983554225055328
K10009	group	IBS-D	-0.95394913174084806	0.242934550082508	35	35	4.1399165889054e-4	0.00998780881574623
K01101	group	IBS-D	-0.907201021188782	0.23274934594288	35	35	4.4931988413007e-4	0.0107219971319621
K01585	group	IBS-D	1.12844740752175	0.289440951326877	35	35	4.4811285345233e-4	0.0107219971319621
K08681	group	IBS-D	0.767069873573877	0.196957943078937	35	35	4.5335667939769e-4	0.0107219971319621
K19286	group	IBS-D	1.17467768277569	0.301591319956742	35	35	4.5291617762819e-4	0.0107219971319621
K01154	group	IBS-D	0.507659622203893	0.130423877577834	35	35	4.5618266898568e-4	0.0107359460480405
K01439	group	IBS-D	-0.446792307723358	0.115299433749556	35	35	4.7899230658414e-4	0.0111093819512583
K02113	group	IBS-D	0.102337644308909	0.0264038684828641	35	35	4.7791848909017e-4	0.0111093819512583
K07000	group	IBS-D	1.17936902310994	0.304224664058355	35	35	4.7686957353617e-4	0.0111093819512583
K12997	group	IBS-D	-1.00488122803953	0.25956269750672	35	35	4.8389969294821e-4	0.0111692424319442
K09457	group	IBS-D	0.345612190595544	0.0894285494508073	35	35	4.9319893169373e-4	0.0113294166079502
K00950	group	IBS-D	0.359945726346101	0.0935765425418825	35	35	5.1899524203601e-4	0.011433645504571
K02108	group	IBS-D	0.102376840345506	0.0266007458137028	35	35	5.1593138957262e-4	0.011433645504571
K02110	group	IBS-D	0.102376840345506	0.0266007458137028	35	35	5.1593138957262e-4	0.011433645504571
K02112	group	IBS-D	0.102376840345506	0.0266007458137028	35	35	5.1593138957262e-4	0.011433645504571
K02114	group	IBS-D	0.102425618454677	0.0266222245105868	35	35	5.1777971569844e-4	0.011433645504571
K02115	group	IBS-D	0.102376840345506	0.0266007458137028	35	35	5.1593138957262e-4	0.011433645504571
K03585	group	IBS-D	0.491574655978541	0.127908743978925	35	35	5.2393293293181e-4	0.011433645504571
K04338	group	IBS-D	-2.43981351908789	0.63471369633454	35	29	5.2276846309239e-4	0.011433645504571
K05919	group	IBS-D	0.963111128764996	0.25031155718038	35	35	5.1737719760417e-4	0.011433645504571
K06214	group	IBS-D	-2.43981351908789	0.63471369633454	35	29	5.2276846309239e-4	0.011433645504571
K19353	group	IBS-D	1.13235071975806	0.294171144655622	35	35	5.1499460957586e-4	0.011433645504571
K01153	group	IBS-D	0.451970704878299	0.117696752052363	35	35	5.2842194189918e-4	0.0114794287016197
K00567	group	IBS-D	0.0838536069275568	0.0218677860465037	35	35	5.3672967099325e-4	0.0116073835605343
K15876	group	IBS-D	1.15862143110549	0.302301791190726	35	35	5.3961082662962e-4	0.0116173613392323
K02109	group	IBS-D	0.102516896807418	0.0267662445107271	35	35	5.4353675279263e-4	0.0116254382505529
K02424	group	IBS-D	-0.846602014403569	0.221089062878885	35	35	5.4482891197134e-4	0.0116254382505529
K03048	group	IBS-D	-0.631003362844007	0.165035297785458	35	35	5.5375038634769e-4	0.0117116986998029
K19002	group	IBS-D	-0.624276635342058	0.163258541552535	35	35	5.5311719620109e-4	0.0117116986998029
K00036	group	IBS-D	-0.53663325174062	0.140723095059601	35	35	5.6956785977602e-4	0.0117583983616626
K01220	group	IBS-D	-0.77860626130482	0.204217259402755	35	35	5.7078485732651e-4	0.0117583983616626
K01819	group	IBS-D	-0.778600613166564	0.204293268999837	35	35	5.7310252377193e-4	0.0117583983616626
K02786	group	IBS-D	-0.778817359049726	0.204319851483965	35	35	5.7219600563672e-4	0.0117583983616626
K02788	group	IBS-D	-0.77860626130482	0.204217259402755	35	35	5.7078485732651e-4	0.0117583983616626
K03449	group	IBS-D	-1.0398400404742	0.272792822704946	35	35	5.7207586766753e-4	0.0117583983616626
K07098	group	IBS-D	0.327036269094283	0.0857356098065256	35	35	5.6785359825045e-4	0.0117583983616626
K00033	group	IBS-D	-0.525111861296786	0.137908499284423	35	35	5.7876200819746e-4	0.0117956575984592
K13653	group	IBS-D	-0.570062982002182	0.149739813187602	35	35	5.7983236684781e-4	0.0117956575984592
K01641	group	IBS-D	-0.64458053270653	0.169763768464015	35	35	5.9645884711155e-4	0.0120610140064948
K02617	group	IBS-D	-2.40171600428233	0.63268590596661	35	29	5.9790071517304e-4	0.0120610140064948
K00867	group	IBS-D	-0.563000146771839	0.148544134197675	35	35	6.0792679879069e-4	0.0121610690041423
K01961	group	IBS-D	-0.619718906820139	0.16347655765602	35	35	6.0664774943889e-4	0.0121610690041423
K00938	group	IBS-D	-0.641399517795924	0.169565516099747	35	35	6.2083756414146e-4	0.0123529076032124
K01444	group	IBS-D	-2.3163214158774	0.612531322305203	35	30	6.226627035987e-4	0.0123529076032124
K06167	group	IBS-D	1.1327369493424	0.300024473404585	35	35	6.3332348043114e-4	0.012512699710082
K07533	group	IBS-D	-0.909869169175178	0.241250081510202	35	35	6.4044911039348e-4	0.0126016236844226
K03437	group	IBS-D	0.118831897368738	0.0315357079530656	35	35	6.4639293517611e-4	0.0126531738690709
K17103	group	IBS-D	0.27783771584448	0.0737538862909694	35	35	6.4834008993781e-4	0.0126531738690709
K01534	group	IBS-D	0.576619488675676	0.153231031691785	35	35	6.5565790354163e-4	0.0127441845947506
K01610	group	IBS-D	0.534063919785067	0.142484013759175	35	35	6.8336396442888e-4	0.0132291548113834
K03740	group	IBS-D	-0.93407278156664	0.24994758544561	35	35	7.0495832565505e-4	0.013442418745084
K11085	group	IBS-D	0.231864779932585	0.0620968772749061	35	35	7.1117982946289e-4	0.013442418745084
K14188	group	IBS-D	-0.934847120138358	0.250166534233894	35	35	7.0530294768489e-4	0.013442418745084
K15051	group	IBS-D	-0.926699309016861	0.248144707379575	35	35	7.1000908016592e-4	0.013442418745084
K17074	group	IBS-D	-0.636354493393211	0.170382410123419	35	35	7.0932007996381e-4	0.013442418745084
K17076	group	IBS-D	-0.637001892542843	0.170510918235162	35	35	7.0738258919471e-4	0.013442418745084
K01823	group	IBS-D	-0.596538832180051	0.159835730505904	35	35	7.1459580790097e-4	0.0134540175440493
K00941	group	IBS-D	0.339390610740391	0.0911002582639392	35	35	7.2812438785948e-4	0.0136331047355127
K00946	group	IBS-D	0.238281519633959	0.0639933070040641	35	35	7.3203456034949e-4	0.0136331047355127
K13421	group	IBS-D	-2.24787938327634	0.60374158658272	35	30	7.3262674896111e-4	0.0136331047355127
K02618	group	IBS-D	-2.26718999223013	0.60973748397409	35	30	7.4277025498401e-4	0.0137684941860164
K00266	group	IBS-D	0.576722541625442	0.15538016895725	35	35	7.5656655590211e-4	0.0138636489881148
K03744	group	IBS-D	0.296672978086276	0.0799008637999685	35	35	7.5378159123076e-4	0.0138636489881148
K08974	group	IBS-D	-0.928823057113648	0.250162029530894	35	35	7.5404897683612e-4	0.0138636489881148
K09959	group	IBS-D	-1.93395744584394	0.521464365890713	35	32	7.6286390007404e-4	0.0139258919553441
K00162	group	IBS-D	-0.660583290547259	0.178340701384295	35	35	7.7279071800793e-4	0.0140536675649852
K13993	group	IBS-D	1.09976688466348	0.297036254142786	35	35	7.7620207697869e-4	0.0140624383833007
K00161	group	IBS-D	-0.660022984493311	0.178403246366547	35	35	7.8237917080778e-4	0.0141210616505571
K00841	group	IBS-D	-0.608306620856326	0.164816277174612	35	35	8.0172144950311e-4	0.0142981882531782
K00974	group	IBS-D	-0.568411847058047	0.154031896952255	35	35	8.0304574348293e-4	0.0142981882531782
K02609	group	IBS-D	-1.87950743549172	0.510444476249166	35	30	8.2134509131624e-4	0.0142981882531782
K02610	group	IBS-D	-1.87950743549172	0.510444476249166	35	30	8.2134509131624e-4	0.0142981882531782
K02611	group	IBS-D	-1.87950743549172	0.510444476249166	35	30	8.2134509131624e-4	0.0142981882531782
K02612	group	IBS-D	-1.87950743549172	0.510444476249166	35	30	8.2134509131624e-4	0.0142981882531782
K03183	group	IBS-D	0.238751135817083	0.0647802394458179	35	35	8.1351113419243e-4	0.0142981882531782
K03340	group	IBS-D	0.667931932951924	0.181126449570346	35	35	8.0878453851112e-4	0.0142981882531782
K03386	group	IBS-D	0.384478709344594	0.104455413670417	35	35	8.2432759677315e-4	0.0142981882531782
K03918	group	IBS-D	-2.22842464514716	0.60559675593683	35	30	8.2678976059525e-4	0.0142981882531782
K09680	group	IBS-D	1.22154511887084	0.332110168753506	35	35	8.3043027500379e-4	0.0142981882531782
K11934	group	IBS-D	1.27009461254442	0.344194014675267	35	35	8.03418803745e-4	0.0142981882531782
K15746	group	IBS-D	-2.18664917716143	0.594533489346658	35	31	8.3090908615636e-4	0.0142981882531782
K03739	group	IBS-D	-0.945647410748055	0.257331917538724	35	35	8.380993017214e-4	0.0143704098127302
K08151	group	IBS-D	-2.27357804823913	0.619785657255019	35	30	8.5329758176384e-4	0.0145789383987481
K01597	group	IBS-D	-0.600483020495932	0.163753958364423	35	35	8.5648551379679e-4	0.0145815140132568
K00869	group	IBS-D	-0.600095487642477	0.163733655176232	35	35	8.6103307478656e-4	0.0146071370743827
K00054	group	IBS-D	-0.602648817934614	0.164512034888839	35	35	8.6538432699717e-4	0.0146213465146604
K01744	group	IBS-D	0.230449518468632	0.0629486756118562	35	35	8.7100710335198e-4	0.0146213465146604
K02548	group	IBS-D	0.408199737680543	0.111484563833312	35	35	8.6961025330896e-4	0.0146213465146604
K02111	group	IBS-D	0.0979508734994375	0.0267791238198834	35	35	8.7870420755153e-4	0.0146991599318986
K02759	group	IBS-D	-0.58068711672185	0.159165620316813	35	35	9.0188461682802e-4	0.0149825191882053
K16053	group	IBS-D	1.20248192106219	0.329551133704687	35	35	9.005693434999e-4	0.0149825191882053
K13378	group	IBS-D	1.17049050186763	0.321386808852712	35	35	9.1778219236365e-4	0.0151940424328893
K12308	group	IBS-D	-0.805924899234556	0.221371127113985	35	35	9.2132437024094e-4	0.0152002690774116
K01963	group	IBS-D	-0.5931544667482	0.162987773245044	35	35	9.2476213948379e-4	0.0152047364098003
K00878	group	IBS-D	-0.653231968778023	0.179597761208035	35	35	9.3004811147315e-4	0.0152394572804867
K06871	group	IBS-D	0.662764068694651	0.182384662482772	35	35	9.386002603281e-4	0.0153272784008001
K00639	group	IBS-D	0.677578212197385	0.186755497456412	35	35	9.5355129556895e-4	0.0154414070127907
K07088	group	IBS-D	0.301750349409605	0.0831686088444198	35	35	9.5350057346842e-4	0.0154414070127907
K19222	group	IBS-D	-2.04917650109296	0.564897924464194	35	32	9.5523805098913e-4	0.0154414070127907
K00451	group	IBS-D	-1.96299790257268	0.541900959918471	35	31	9.6874252519624e-4	0.0156071572599569
K03289	group	IBS-D	1.17173091179732	0.323598989868838	35	35	9.7274422953559e-4	0.0156192142006703
K00798	group	IBS-D	0.514808812246147	0.1422382183404	35	35	9.7702695820768e-4	0.0156356880878502
K07300	group	IBS-D	-1.88683787382962	0.521982354708161	35	30	9.8946747629678e-4	0.0157821706103018
K07137	group	IBS-D	0.526608880287289	0.145791059362524	35	35	9.9679032430907e-4	0.0158463256523439
K06948	group	IBS-D	-0.565943133077453	0.156821793613847	35	35	0.0010057580404386	0.0159361199740782
K01465	group	IBS-D	0.121704542797788	0.0337973530970506	35	35	0.00102766255911952	0.0162296314024106
K03706	group	IBS-D	-0.784900294427478	0.218402968957504	35	35	0.00104820841324835	0.0164998314491977
K07238	group	IBS-D	-0.686249661695386	0.191109064808376	35	35	0.00105671423779804	0.0165793629270209
K03710	group	IBS-D	-0.767073668315532	0.2139218393773	35	35	0.00107168203852436	0.0167594314884543
K01962	group	IBS-D	-0.652610249151331	0.18239168816658	35	35	0.00109459525414142	0.0170353171598492
K04074	group	IBS-D	-0.807874757618077	0.22582331471923	35	35	0.00109642012130669	0.0170353171598492
K18707	group	IBS-D	0.493053376660754	0.137900051687164	35	35	0.00110253362310723	0.0170750449178639
K03577	group	IBS-D	-1.24275314437836	0.347965578833002	35	35	0.00111458271092774	0.0172061466082447
K00282	group	IBS-D	1.04395699904698	0.293195129815041	35	35	0.00114831124242674	0.0174230281570729
K00283	group	IBS-D	1.04425556462818	0.293158056170519	35	35	0.00114369317569377	0.0174230281570729
K02242	group	IBS-D	-0.788860193808227	0.221506146562844	35	35	0.00114602989091796	0.0174230281570729
K03086	group	IBS-D	0.29336588855161	0.082433718681702	35	35	0.00115403519140787	0.0174230281570729
K07260	group	IBS-D	-0.90744729682415	0.254963965080726	35	35	0.00115305283724541	0.0174230281570729
K11070	group	IBS-D	-0.540894913804513	0.151770390333432	35	35	0.00113802008168034	0.0174230281570729
K16264	group	IBS-D	-0.481068630329876	0.135125101034963	35	35	0.0011497287500274	0.0174230281570729
K00615	group	IBS-D	0.224573577175611	0.0631484328259758	35	35	0.00116206538583684	0.0174269428146848
K01589	group	IBS-D	-0.488287712603678	0.137459699628075	35	35	0.00117506268693466	0.0174269428146848
K03569	group	IBS-D	0.262491808916973	0.0738708352352843	35	35	0.00117131751915781	0.0174269428146848
K03797	group	IBS-D	0.351575246897241	0.0989820035723035	35	35	0.00117607362465275	0.0174269428146848
K07577	group	IBS-D	-1.91404362718595	0.538705765102947	35	31	0.00117243563940995	0.0174269428146848
K10563	group	IBS-D	-0.673406228300522	0.189567618553098	35	35	0.00117473155525503	0.0174269428146848
K07272	group	IBS-D	-0.815455576011227	0.229880790461948	35	35	0.00119103734925384	0.0175943701962083
K00131	group	IBS-D	-0.586901330746328	0.165550913780091	35	35	0.0011980955929405	0.0176443464469551
K00971	group	IBS-D	0.634112213145803	0.179007283628986	35	35	0.00120718363225896	0.0176901006345626
K07221	group	IBS-D	1.16418011986235	0.328682219805833	35	35	0.00120857175757895	0.0176901006345626
K00609	group	IBS-D	0.120972287450955	0.0342045193763512	35	35	0.00122599786049015	0.0178906253137179
K00763	group	IBS-D	0.12080377819060199	0.0342585953194072	35	35	0.00126173323777274	0.0183563068925665
K01443	group	IBS-D	-0.379483170746129	0.107680340946438	35	35	0.0012688906740438	0.0184046650334873
K00537	group	IBS-D	-0.417734880181874	0.118579257490805	35	35	0.00127351717759163	0.0184161324386067
K05847	group	IBS-D	-0.463551518290255	0.131927266710527	35	35	0.00130573320608668	0.0188253006679344
K02761	group	IBS-D	-0.54003879786118	0.153881158337394	35	35	0.00132092594451159	0.0189873217353297
K01083	group	IBS-D	-1.76484532708743	0.503995004217284	35	33	0.00134913174721106	0.01916325893006
K07791	group	IBS-D	1.20398678363198	0.343617193415969	35	35	0.00134124536112361	0.01916325893006
K09807	group	IBS-D	1.07311486364475	0.306290190548359	35	35	0.00134224107476382	0.01916325893006
K12952	group	IBS-D	-0.565477000785122	0.161452590318803	35	35	0.00134647762542939	0.01916325893006
K09951	group	IBS-D	-0.459198604317261	0.131241560851061	35	35	0.00135959013419976	0.0192548443489471
K03313	group	IBS-D	0.598337507835938	0.171421388064619	35	35	0.00139120808386818	0.0196446765019152
K03784	group	IBS-D	-0.357209311015306	0.102419800546108	35	35	0.00140167387779484	0.0197344172647889
K00174	group	IBS-D	0.609763336577511	0.175206251572667	35	35	0.00143035465732774	0.0200207950723921
K00175	group	IBS-D	0.609771480215416	0.17519296321151	35	35	0.00142914623745798	0.0200207950723921
K09384	group	IBS-D	2.06741059318306	0.594903728828262	35	35	0.00145018218077283	0.0202393158427045
K00634	group	IBS-D	1.0865757746794	0.313376832580662	35	35	0.00148163254842704	0.0206183126521688
K00929	group	IBS-D	1.06938437071258	0.309816756938124	35	35	0.00154596892404653	0.0213957107061085
K09765	group	IBS-D	-0.612729701267571	0.177522419747727	35	35	0.00154640941783371	0.0213957107061085
K07448	group	IBS-D	-1.44165242877403	0.418214735120062	35	35	0.00156500292806578	0.0215907444185168
K03737	group	IBS-D	0.479959567206398	0.13942946543978	35	35	0.00158571768210299	0.0218138412371818
K07816	group	IBS-D	-0.747981503782496	0.217677693398596	35	35	0.00161225937573333	0.022115592179702
K01858	group	IBS-D	1.19575431351346	0.348588034971456	35	35	0.00163827862063673	0.0223448172093094
K03722	group	IBS-D	-0.415814677593338	0.121198726473564	35	35	0.00163574698635331	0.0223448172093094
K02810	group	IBS-D	-0.357879473990459	0.104394404598725	35	35	0.00164776213766764	0.0224104986485619
K02221	group	IBS-D	-0.341802305873921	0.100143473067496	35	35	0.00171611952043593	0.0232742650215053
K09607	group	IBS-D	1.19842586014509	0.352492632547614	35	35	0.00177874354236204	0.0240556274560004
K02160	group	IBS-D	-0.547167043500737	0.161120095957138	35	35	0.00179728196741506	0.0242380638358418
K05337	group	IBS-D	-0.730533033241591	0.215499397235946	35	35	0.00182693819799191	0.0242967598021029
K07105	group	IBS-D	-0.734586765477034	0.216648767160352	35	35	0.00182336112390154	0.0242967598021029
K08223	group	IBS-D	1.13557227284684	0.334737767130372	35	35	0.00181480817726075	0.0242967598021029
K17836	group	IBS-D	0.713936111137084	0.210475207924607	35	35	0.00181678495239225	0.0242967598021029
K18828	group	IBS-D	1.11224642926621	0.328020650125372	35	35	0.0018228636340398	0.0242967598021029
K19221	group	IBS-D	0.786254376097511	0.232052078277089	35	35	0.00183526939332128	0.0243401335837997
K04653	group	IBS-D	1.04214091674174	0.308035260030863	35	35	0.00186057600687246	0.0246077834958531
K03925	group	IBS-D	0.261043917939201	0.0771884933417434	35	35	0.00186703115517154	0.0246253202636773
K01808	group	IBS-D	0.348445758703953	0.103300781444102	35	35	0.00191173051580471	0.0251458033051463
K00231	group	IBS-D	0.586859028867968	0.174035548909627	35	35	0.00191716385930726	0.0251483707336999
K03332	group	IBS-D	1.06571428210773	0.3162573264949	35	35	0.00192904163867447	0.0251954169182939
K06001	group	IBS-D	0.877319368422153	0.260382761765164	35	35	0.00193124628742598	0.0251954169182939
K09912	group	IBS-D	-2.05804107777156	0.6111713841321	35	13	0.00194152987663368	0.0252609347905644
K00688	group	IBS-D	-0.292883388581934	0.0870674895531245	35	35	0.00195992394764964	0.0254313374936917
K14623	group	IBS-D	1.19340275339752	0.355756213475244	35	35	0.00200961702437763	0.0260058526523908
K03667	group	IBS-D	-0.810253547911724	0.241666198201208	35	35	0.0020192085429827	0.0260597317603762
K01419	group	IBS-D	-0.809903499029682	0.241643273953891	35	35	0.00202534987397399	0.0260689135253327
K06023	group	IBS-D	-0.700114307728347	0.208980266342919	35	35	0.00203354607527341	0.0261044243513039
K01677	group	IBS-D	0.95200434924809	0.284479443713962	35	35	0.00205366727335541	0.0261529352238179
K01678	group	IBS-D	0.951475709446339	0.284272832830439	35	35	0.00205051275773287	0.0261529352238179
K03146	group	IBS-D	1.24853051339257	0.373039515247514	35	35	0.00205127762109561	0.0261529352238179
K02036	group	IBS-D	-0.539071792955411	0.161407532418868	35	35	0.00209070299984669	0.0265541404821798
K00674	group	IBS-D	-0.400622297327914	0.120052790946912	35	35	0.00210627638826496	0.0266813534038524
K03530	group	IBS-D	0.272805811090301	0.0817904427237693	35	35	0.00211548565819215	0.0267008062706794
K06864	group	IBS-D	1.00883326434835	0.302515384163944	35	35	0.00211893505293248	0.0267008062706794
K00975	group	IBS-D	-0.403039446589386	0.121009220334521	35	35	0.00214272693243154	0.0269299267083869
K03446	group	IBS-D	-1.72491902225697	0.518076894695675	35	35	0.00214954422694529	0.0269450700615257
K00261	group	IBS-D	1.02733959669701	0.30869565978356	35	35	0.00215799105148507	0.0269805079119267
K07811	group	IBS-D	-1.33892288851417	0.402489595385459	35	8	0.00216609316820258	0.0270114631182873
K09979	group	IBS-D	-1.69017251697818	0.508334864388507	35	35	0.00217587882091761	0.0270631974591333
K00549	group	IBS-D	-0.458574777018782	0.138104689737482	35	35	0.00220185722844043	0.0273155466504975
K08177	group	IBS-D	1.26600400322917	0.381401752261116	35	35	0.00220859556940644	0.0273285240430937
K01006	group	IBS-D	0.54188390615515	0.163479772038747	35	35	0.00223630776853486	0.0274591140581479
K06196	group	IBS-D	-0.627829764860192	0.189329464089817	35	35	0.00222803548376229	0.0274591140581479
K09471	group	IBS-D	-1.71927696934872	0.518585481672392	35	35	0.00223250898163862	0.0274591140581479
K18118	group	IBS-D	1.12922783177547	0.340874268258203	35	35	0.00224797022333862	0.0275319006179814
K05952	group	IBS-D	-1.71019598152746	0.51706533461853	35	35	0.00227965709575615	0.0278489407550262
K03294	group	IBS-D	-0.692785735242539	0.209826806774163	35	35	0.00231527223425979	0.028212238570257
K01085	group	IBS-D	1.06923912055125	0.324328841276116	35	35	0.00234594061612563	0.0285135718937193
K09474	group	IBS-D	1.11630941481245	0.338981265476999	35	35	0.00236887168728835	0.028719578208766
K00859	group	IBS-D	0.163641738224495	0.0497439096204854	35	35	0.00239075189754825	0.0288738408486168
K02499	group	IBS-D	0.763711866338677	0.232185341394452	35	35	0.00239362396537169	0.0288738408486168
K01092	group	IBS-D	-0.735258270758007	0.223760543489405	35	35	0.00241489793263943	0.0290574560766965
K00284	group	IBS-D	1.03870142451365	0.31647540634611	35	35	0.00243963683255361	0.0291089992691636
K02361	group	IBS-D	0.887077747395896	0.270281888836463	35	35	0.00243993270970075	0.0291089992691636
K05526	group	IBS-D	-1.71374337247073	0.522242554100458	35	6	0.00244343401488709	0.0291089992691636
K09955	group	IBS-D	1.76510094209172	0.53781864542835	35	35	0.0024404756375927	0.0291089992691636
K00018	group	IBS-D	0.281055943716897	0.0857261383603047	35	35	0.00246288447412983	0.0291575417835572
K03439	group	IBS-D	0.0630921126926544	0.0192491395985229	35	35	0.00246862385572854	0.0291575417835572
K08159	group	IBS-D	-1.6114021086863	0.491842777227775	35	35	0.00247787482767993	0.0291575417835572
K08485	group	IBS-D	-1.71664685157175	0.523916576873626	35	6	0.00247582488513333	0.0291575417835572
K12957	group	IBS-D	-1.71664685157175	0.523916576873626	35	6	0.00247582488513333	0.0291575417835572
K19355	group	IBS-D	1.10504974471703	0.337428882863077	35	35	0.00248675229210418	0.0291904590571936
K08191	group	IBS-D	1.64679369465081	0.503864542586171	35	35	0.00253072625908332	0.0296341872435585
K03293	group	IBS-D	-0.749530835151288	0.229544341865878	35	35	0.0025511914451746	0.0298011438644361
K01187	group	IBS-D	0.604455647061991	0.185233645369555	35	35	0.00256542576235944	0.0298081132043409
K01251	group	IBS-D	0.925783727171438	0.28376721509298	35	35	0.00257041426090338	0.0298081132043409
K03387	group	IBS-D	0.55542727216768	0.170190587668437	35	35	0.00256301260336631	0.0298081132043409
K01788	group	IBS-D	-0.340637242972373	0.104442178592315	35	35	0.00257715357944338	0.029814251409416
K03655	group	IBS-D	0.225952479802047	0.0693189758658798	35	35	0.00259010813550745	0.0298920893234887
K07085	group	IBS-D	0.400967875897566	0.123062274552381	35	35	0.00259944049268173	0.0299278508521942
K08997	group	IBS-D	-1.91187330501844	0.587419679207498	35	11	0.00262410651961047	0.0301395583747604
K01993	group	IBS-D	0.768933956722021	0.236506847957035	35	35	0.00264850932534104	0.0303472393101726
K01838	group	IBS-D	-1.2796853525477	0.39382825321282	35	35	0.00266164583842166	0.0303834895305005
K08978	group	IBS-D	-0.844718001103619	0.259995703476422	35	35	0.0026643301587879	0.0303834895305005
K00525	group	IBS-D	0.148725492796331	0.0458295834813961	35	35	0.00269122139560551	0.0305450447288464
K00602	group	IBS-D	0.176807528359766	0.0544751224600087	35	35	0.00268785971362659	0.0305450447288464
K00840	group	IBS-D	-1.66499649741063	0.513535786165955	35	6	0.00271247031789259	0.0306189066856534
K03436	group	IBS-D	-0.43179621484672	0.133133974012671	35	35	0.00270456653629135	0.0306189066856534
K03671	group	IBS-D	0.172664653893992	0.0532650739859089	35	35	0.00271686195544436	0.0306189066856534
K08160	group	IBS-D	-1.66789997651165	0.515250765380951	35	6	0.00274981456013946	0.03091770422302
K07318	group	IBS-D	1.10595664673522	0.34254739399757	35	35	0.00281200655834856	0.0315430922584847
K08484	group	IBS-D	-2.00430610339072	0.621962066380738	35	11	0.00285755896080112	0.0319793486498979
K03621	group	IBS-D	-0.272923700535699	0.0848150310783477	35	35	0.0028931908240152	0.0323028119676674
K09771	group	IBS-D	1.19546264599025	0.372093967883716	35	35	0.00293224945556229	0.0326629457915419
K00793	group	IBS-D	0.21453498878431	0.0668543725207158	35	35	0.00296190608740219	0.0327652330083363
K02800	group	IBS-D	-1.0531359788462	0.328182408878099	35	35	0.00296185771148065	0.0327652330083363
K07504	group	IBS-D	1.68500438996445	0.52497899565997	35	35	0.00295666019278536	0.0327652330083363
K13990	group	IBS-D	1.10074564378008	0.343960609840351	35	35	0.00303138703675835	0.0334567566976479
K04095	group	IBS-D	0.820198093482923	0.256536770174427	35	35	0.00305558637347542	0.0336464912363658
K00009	group	IBS-D	-1.04990416207165	0.328608401776761	35	35	0.00307332205592645	0.0337643459736908
K00117	group	IBS-D	-1.69653913268177	0.532301264239299	35	6	0.00313735627852067	0.034389149527803
K07032	group	IBS-D	-1.08448962929966	0.34038949828645	35	35	0.00314690109618029	0.0344151985484318
K16869	group	IBS-D	-1.16753193777823	0.36664446016846	35	35	0.00316064764795516	0.0344869758132562
K02551	group	IBS-D	0.509854742189972	0.160313984769444	35	35	0.00319428263879328	0.0347749454622371
K02076	group	IBS-D	-1.13824567783582	0.359021930860877	35	35	0.00327895632135735	0.0355355966113694
K03483	group	IBS-D	-1.01080644638298	0.31875270828368	35	35	0.00327272475207231	0.0355355966113694
K07559	group	IBS-D	-0.96631701277214	0.304917381594544	35	35	0.00329014939131382	0.0355765928551748
K05366	group	IBS-D	0.211626361895342	0.0668592499944358	35	35	0.0033236913814791	0.0358585220729914
K05946	group	IBS-D	0.828388613788331	0.261812523290319	35	35	0.00333417987553783	0.0358910259696348
K01911	group	IBS-D	0.512895556355224	0.162271093536539	35	35	0.00336338307750995	0.0360437548105475
K02002	group	IBS-D	-1.10305982411085	0.348956907212259	35	35	0.00336084501762206	0.0360437548105475
K07082	group	IBS-D	0.053260350080255	0.0168943165337204	35	35	0.0034363118210268	0.0367432807410905
K00768	group	IBS-D	0.655137515434048	0.208008391224005	35	35	0.00346334650671633	0.0367661656645961
K01118	group	IBS-D	-0.936780759906839	0.297389319536374	35	35	0.00345933176162588	0.0367661656645961
K05350	group	IBS-D	-1.10521900787144	0.350981139812954	35	35	0.00346908415872985	0.0367661656645961
K05796	group	IBS-D	-2.53936568776887	0.806162336371893	35	19	0.00345998014007093	0.0367661656645961
K01273	group	IBS-D	0.842081801866821	0.26777899469296	35	35	0.00350796753493984	0.0367723845747733
K01734	group	IBS-D	-0.641548186709496	0.203942672258603	35	35	0.00349843189615842	0.0367723845747733
K07007	group	IBS-D	0.256925494421103	0.0816436339854828	35	35	0.00348757291732712	0.0367723845747733
K12940	group	IBS-D	1.19601249231706	0.380290129742155	35	35	0.00350511344772946	0.0367723845747733
K15975	group	IBS-D	-1.17954820041233	0.374784298952432	35	35	0.00348429945271698	0.0367723845747733
K01661	group	IBS-D	0.509659226661419	0.162135418410092	35	35	0.00351968572894394	0.0368148391822655
K01784	group	IBS-D	0.161026900819319	0.0512425225496198	35	35	0.00352864451885213	0.0368283094239328
K01163	group	IBS-D	0.459501369575656	0.146306121418937	35	35	0.00354497322634172	0.0369184738821401
K01053	group	IBS-D	-1.69546386504324	0.540114809878731	35	31	0.00355989793088019	0.0369936579354021
K03502	group	IBS-D	0.679247033932027	0.216526827832584	35	35	0.00357924230891851	0.0371143462745524
K11733	group	IBS-D	0.645191477005849	0.205822153133088	35	35	0.00360092619467645	0.0372587212513828
K03589	group	IBS-D	0.0903255837816599	0.0288236778513955	35	35	0.003610128495085	0.0372736062471034
K07718	group	IBS-D	-0.62395179705047	0.199209450826092	35	35	0.00362517208522217	0.0373486076848748
K02000	group	IBS-D	-1.10952233426078	0.354364616770501	35	35	0.00363581630337896	0.0373611064685875
K15780	group	IBS-D	-1.17586856693242	0.375631885995448	35	35	0.00364194914128285	0.0373611064685875
K07164	group	IBS-D	0.532984692007003	0.170362931068256	35	35	0.00365961271823301	0.0374622615356859
K14441	group	IBS-D	0.418931737956736	0.134165386390816	35	35	0.00371769074676016	0.0379758154791394
K03549	group	IBS-D	1.15313404119269	0.36990989844278	35	35	0.00376819259360485	0.0383696605964402
K19302	group	IBS-D	0.180588413757205	0.0579379580244566	35	35	0.00377223074391164	0.0383696605964402
K03581	group	IBS-D	-0.290168989495641	0.0931318903998656	35	35	0.00378455769447224	0.0384136606578461
K07792	group	IBS-D	-0.97770181278861	0.314164576644915	35	35	0.00382038197509762	0.0386954722836365
K01560	group	IBS-D	-0.965929336610688	0.310738493889352	35	35	0.00385616444443208	0.0387810083535589
K02760	group	IBS-D	-0.490741900635352	0.157842585365427	35	35	0.003850504846232	0.0387810083535589
K02798	group	IBS-D	-0.965840050196558	0.310717770659411	35	35	0.00385696960284436	0.0387810083535589
K03169	group	IBS-D	0.448522183942372	0.144340697224842	35	35	0.00386734987946496	0.0387810083535589
K09022	group	IBS-D	0.349869358380144	0.112599541543975	35	35	0.00386921537207971	0.0387810083535589
K13678	group	IBS-D	-1.10481850002334	0.355857557127249	35	35	0.00389488326117118	0.0389569469518392
K00820	group	IBS-D	0.112350242082174	0.0362068221396948	35	35	0.00391169286829617	0.0390437369245113
K03476	group	IBS-D	-0.687149621588147	0.22164803747384	35	35	0.00394064439256646	0.0392511073209784
K06886	group	IBS-D	-2.22221000671133	0.717107335002651	35	35	0.00395433327588419	0.0393059090217805
K16850	group	IBS-D	-2.475273481668	0.799809234600754	35	19	0.00399598391339245	0.0396378486946222
K00059	group	IBS-D	-0.150763712265819	0.0487769365251866	35	35	0.00403727144154664	0.0399280215709397
K01478	group	IBS-D	-0.450936853890073	0.145913305836205	35	35	0.00404187012778103	0.0399280215709397
K09768	group	IBS-D	-1.00431699236804	0.325421985237219	35	35	0.00408675245146202	0.0402884979865897
K03789	group	IBS-D	-0.196696717681273	0.0637797884477497	35	35	0.00411021419719811	0.0404367589359592
K08724	group	IBS-D	-0.981737710812206	0.318652185090663	35	35	0.00414337155966445	0.0406796050264806
K02474	group	IBS-D	1.02562835688171	0.333582421310608	35	35	0.00421195598416614	0.041268572816289
K01727	group	IBS-D	-1.12179639959513	0.365681273689905	35	35	0.00428805566349964	0.0418434049602882
K02238	group	IBS-D	0.154082901866423	0.0502229563789163	35	35	0.00428484619901899	0.0418434049602882
K02859	group	IBS-D	-1.11953418070904	0.365802782316582	35	35	0.00436890596187334	0.0425458773285069
K00156	group	IBS-D	0.940770178622063	0.307835361670381	35	35	0.00441904024946591	0.0429469883353964
K19267	group	IBS-D	-1.10756245212091	0.362632273111269	35	35	0.00444028802085018	0.0430663086628317
K05910	group	IBS-D	-1.14527003873686	0.375322476224548	35	35	0.0044726056359953	0.0432922976984142
K03326	group	IBS-D	1.15438168982366	0.378477914956259	35	35	0.00448844639957421	0.0433582115983013
K00366	group	IBS-D	1.1959555358284	0.392432877004573	35	35	0.00451783421762954	0.0435329140071292
K18149	group	IBS-D	-1.14282249855303	0.375070041502682	35	35	0.00452466654646063	0.0435329140071292
K02029	group	IBS-D	-0.228883471263081	0.0751378774195564	35	35	0.00453378162307364	0.0435333711447531
K01409	group	IBS-D	0.136016674786675	0.0447489711953105	35	35	0.00461218576142844	0.0441725163707377
K01895	group	IBS-D	0.795079036076618	0.261625337883265	35	35	0.00461874676486364	0.0441725163707377
K07052	group	IBS-D	-0.447784237295123	0.147484111997485	35	35	0.00465283834525741	0.0444100932317711
K02781	group	IBS-D	-0.935885313722558	0.308473414407804	35	35	0.00467967916498337	0.0445776580775499
K01869	group	IBS-D	0.149362346308586	0.0493197686406171	35	35	0.00474632098464693	0.0451229446480988
K00782	group	IBS-D	0.294556647703579	0.0973266906931592	35	35	0.00477056121564213	0.0452362417943642
K05895	group	IBS-D	0.58847902130014	0.194477835076012	35	35	0.00477708281394348	0.0452362417943642
K01270	group	IBS-D	0.381527205335356	0.126119735761507	35	35	0.00478725886387197	0.0452433657587585
K03923	group	IBS-D	-1.61989372338176	0.536429875865688	35	35	0.00485376637805137	0.0456920242765189
K07387	group	IBS-D	1.02266128534891	0.338600308048966	35	35	0.00484760216210851	0.0456920242765189
K08317	group	IBS-D	-1.97666724433089	0.655306769351288	35	26	0.00489607445050756	0.0459102606189195
K09017	group	IBS-D	-1.96037665508394	0.649798833587391	35	10	0.00488979790065531	0.0459102606189195
K19411	group	IBS-D	0.950156112628008	0.315299349809252	35	35	0.00493271907587972	0.0461637120532135
K00116	group	IBS-D	-1.61983143156824	0.537809277767936	35	35	0.00495305721649831	0.046263867113635
K09975	group	IBS-D	1.12039428501177	0.372362577636965	35	35	0.00499179856629784	0.046535194013196
K07313	group	IBS-D	-0.570645519870613	0.189941196941593	35	35	0.00505060786029651	0.0469921867001619
K02189	group	IBS-D	0.571369119069114	0.190267735592325	35	35	0.00506821105246207	0.0470647606631923
K01555	group	IBS-D	-1.52359281568292	0.507994258947622	35	32	0.0051171984383765	0.047336550486793
K02304	group	IBS-D	0.547615219535468	0.182571462042995	35	35	0.00511424706680148	0.047336550486793
K04080	group	IBS-D	-1.49594765461695	0.499976768278452	35	8	0.0052126914091426	0.0481271758755647
K02495	group	IBS-D	0.120724285256304	0.0403770376314082	35	35	0.00524100195183227	0.0482956820935637
K00851	group	IBS-D	-1.51535836603917	0.506957799353264	35	35	0.00525181341392275	0.0483025980847569
K02879	group	IBS-D	0.0589752414823606	0.0197544620004466	35	35	0.00530200822963512	0.0486710162724249
K07099	group	IBS-D	0.908696164691439	0.304586205286297	35	35	0.00532974331847406	0.0488156993888864
K18928	group	IBS-D	0.291100804218282	0.0976184786740881	35	35	0.00534827283452495	0.0488156993888864
K18929	group	IBS-D	0.291069516199919	0.097600499634464	35	35	0.00534513729514488	0.0488156993888864
K06409	group	IBS-D	0.888144655165266	0.297978884704052	35	35	0.00536837105474025	0.0489061659085539
K01887	group	IBS-D	0.0530259179020286	0.0178005792999178	35	35	0.00539146799831624	0.0490235565528717
K01265	group	IBS-D	0.165800864976815	0.0557851832788478	35	35	0.00548557802950675	0.0497849907744081
K03571	group	IBS-D	-0.290398117627891	0.09777564332515	35	35	0.0055149358423953	0.0499569943006412
K00090	group	IBS-D	-1.76157778848086	0.593990361169968	35	11	0.00557705899799842	0.0503077817359054
K02536	group	IBS-D	0.201202769300381	0.0678736748602155	35	35	0.00559557497333336	0.0503077817359054
K03281	group	IBS-D	0.507330341476343	0.171121484565343	35	35	0.00559033156686593	0.0503077817359054
K08963	group	IBS-D	0.880597180826592	0.297026200988529	35	35	0.00559069921661835	0.0503077817359054
K02519	group	IBS-D	0.0522839558548159	0.017657263815235	35	35	0.00564335780469013	0.0506425435893781
K19597	group	IBS-D	-1.21947498570533	0.412253711418076	35	5	0.00568643797138243	0.0509339341429236
K00025	group	IBS-D	-2.89471917071767	1.00633126009984	35	34	0.00699503409901902	0.0510347181109695
K00075	group	IBS-D	0.0548184350218703	0.0188483391307957	35	35	0.00645286949515573	0.0510347181109695
K00121	group	IBS-D	-2.75234691331323	0.981278160487871	35	35	0.00837298305597658	0.0510347181109695
K00133	group	IBS-D	0.0500425662399165	0.0178318195301841	35	35	0.00834160626223597	0.0510347181109695
K00198	group	IBS-D	0.950777481486642	0.325610963967319	35	35	0.00626589916211584	0.0510347181109695
K00287	group	IBS-D	0.0584200063409184	0.0199031407026643	35	35	0.00602774429672022	0.0510347181109695
K00376	group	IBS-D	-2.32039029473297	0.800411623578195	35	35	0.00660843086008456	0.0510347181109695
K00427	group	IBS-D	-1.23932163047156	0.423606074795731	35	5	0.00617630580663027	0.0510347181109695
K00432	group	IBS-D	0.583786422899897	0.198269085129792	35	35	0.005888100091498	0.0510347181109695
K00648	group	IBS-D	-0.160090531404418	0.0558672764936626	35	35	0.00719098162118148	0.0510347181109695
K00673	group	IBS-D	-1.61993057905643	0.571490169402218	35	8	0.00777323819433344	0.0510347181109695
K00691	group	IBS-D	-1.19158312047725	0.403945933180445	35	35	0.00580691481084098	0.0510347181109695
K00748	group	IBS-D	0.193032889544185	0.0689640033954313	35	35	0.00849542623546979	0.0510347181109695
K00789	group	IBS-D	0.052276902183095	0.0185152587231794	35	35	0.00799287686780493	0.0510347181109695
K00800	group	IBS-D	0.0516176886739906	0.0174649386236846	35	35	0.00572382514032489	0.0510347181109695
K00858	group	IBS-D	0.0500777701469734	0.0178498231835595	35	35	0.00835949453832294	0.0510347181109695
K00892	group	IBS-D	-1.12033151734147	0.397725843975892	35	5	0.00812605620386623	0.0510347181109695
K00895	group	IBS-D	0.507395926294526	0.180223367907759	35	35	0.00815599471419462	0.0510347181109695
K00927	group	IBS-D	0.0700752722202113	0.0249815380527673	35	35	0.00836831782141696	0.0510347181109695
K00928	group	IBS-D	0.0585818434096641	0.020936524591459	35	35	0.00851597595975644	0.0510347181109695
K00939	group	IBS-D	0.0500815202768762	0.0178455490767678	35	35	0.00834111167227572	0.0510347181109695
K00954	group	IBS-D	0.0500658160427034	0.0178500245868417	35	35	0.00837413803041302	0.0510347181109695
K00962	group	IBS-D	0.0500705212446853	0.0178444317179854	35	35	0.00835029043786441	0.0510347181109695
K00968	group	IBS-D	1.07706757649468	0.38479561535665	35	35	0.00849488156763582	0.0510347181109695
K00979	group	IBS-D	0.195375265729064	0.0688041830084313	35	35	0.0076761464937859	0.0510347181109695
K01000	group	IBS-D	0.0500880514850909	0.0178439928880844	35	35	0.00832840524498871	0.0510347181109695
K01056	group	IBS-D	0.0511038175939766	0.0174167839621945	35	35	0.00604379907306636	0.0510347181109695
K01130	group	IBS-D	1.08327663571189	0.383583193463371	35	35	0.00797991274966861	0.0510347181109695
K01146	group	IBS-D	-1.12033151734147	0.397725843975892	35	5	0.00812605620386623	0.0510347181109695
K01150	group	IBS-D	-1.12033151734147	0.397725843975892	35	5	0.00812605620386623	0.0510347181109695
K01193	group	IBS-D	-0.323371614579609	0.111228150486547	35	35	0.00647112263584433	0.0510347181109695
K01212	group	IBS-D	1.05637052663972	0.359238817248922	35	35	0.005945934897462	0.0510347181109695
K01267	group	IBS-D	0.484501041405375	0.170050088121196	35	35	0.00749364050578637	0.0510347181109695
K01442	group	IBS-D	-0.880521477230429	0.304718724327044	35	35	0.00676710063038853	0.0510347181109695
K01491	group	IBS-D	0.05004043511183	0.0178492645013534	35	35	0.00840139697727934	0.0510347181109695
K01571	group	IBS-D	0.558670332297746	0.199907452332608	35	35	0.00858895334710303	0.0510347181109695
K01591	group	IBS-D	0.0602118848576586	0.0204954320221287	35	35	0.00598789831513162	0.0510347181109695
K01607	group	IBS-D	0.862156051810996	0.306314991252558	35	35	0.00817163369743127	0.0510347181109695
K01633	group	IBS-D	0.186404993451289	0.0667313893385836	35	35	0.0086164219229094	0.0510347181109695
K01674	group	IBS-D	-1.43564046500533	0.507903709675388	35	35	0.00793009533044679	0.0510347181109695
K01689	group	IBS-D	0.0502198555635825	0.017845643686419	35	35	0.00818148420368136	0.0510347181109695
K01736	group	IBS-D	0.0505906434693089	0.0178978938933484	35	35	0.00792958248087681	0.0510347181109695
K01756	group	IBS-D	0.0498524365516551	0.0177649810176948	35	35	0.00834460295786299	0.0510347181109695
K01866	group	IBS-D	0.050084403613407	0.0178454295771331	35	35	0.00833735743956658	0.0510347181109695
K01868	group	IBS-D	0.050084403613407	0.0178454295771331	35	35	0.00833735743956658	0.0510347181109695
K01873	group	IBS-D	0.0500253258032698	0.0178502882852461	35	35	0.00842253315574717	0.0510347181109695
K01875	group	IBS-D	0.0500820355197518	0.0178448496098263	35	35	0.00833822088925459	0.0510347181109695
K01881	group	IBS-D	0.0500601035304316	0.0178449649350711	35	35	0.0083642150272887	0.0510347181109695
K01883	group	IBS-D	0.0500978994909404	0.0178496301367161	35	35	0.008335367857495	0.0510347181109695
K01886	group	IBS-D	0.195383328002262	0.0685384387433801	35	35	0.00746459805353207	0.0510347181109695
K01889	group	IBS-D	0.0500815202768762	0.0178455490767678	35	35	0.00834111167227572	0.0510347181109695
K01890	group	IBS-D	0.0500253258032698	0.0178502882852461	35	35	0.00842253315574717	0.0510347181109695
K01892	group	IBS-D	0.0500861010721765	0.0178449970032557	35	35	0.00833396278941671	0.0510347181109695
K01924	group	IBS-D	0.0531039097583031	0.0187735847042213	35	35	0.00788946915385793	0.0510347181109695
K01925	group	IBS-D	0.0500318570114845	0.0178487335297601	35	35	0.00840972601405269	0.0510347181109695
K01939	group	IBS-D	0.0498142921049742	0.0177634636447848	35	35	0.00838442226952145	0.0510347181109695
K01950	group	IBS-D	0.513419101081379	0.177568337474233	35	35	0.00673690397450687	0.0510347181109695
K01972	group	IBS-D	0.0499708125660113	0.0178532857598643	35	35	0.00849687213529365	0.0510347181109695
K02066	group	IBS-D	0.232669791835294	0.0828208945336333	35	35	0.00828041279112794	0.0510347181109695
K02069	group	IBS-D	0.932215650231084	0.322479575706497	35	35	0.00674738425028622	0.0510347181109695
K02191	group	IBS-D	0.593751190376041	0.210692302478315	35	35	0.0081006448367824	0.0510347181109695
K02314	group	IBS-D	0.0503326155297156	0.0179160925233915	35	35	0.00827959449913068	0.0510347181109695
K02316	group	IBS-D	0.0501006344328648	0.0178450830296416	35	35	0.00831731806168155	0.0510347181109695
K02337	group	IBS-D	0.0501315876498187	0.0178478793515543	35	35	0.00829048227800512	0.0510347181109695
K02340	group	IBS-D	0.0505734565578516	0.0172555444022021	35	35	0.00609505754884133	0.0510347181109695
K02343	group	IBS-D	0.0512568100742935	0.0173899322214768	35	35	0.00584196631827577	0.0510347181109695
K02348	group	IBS-D	-0.946191650741113	0.320574309429662	35	35	0.00578186822056095	0.0510347181109695
K02357	group	IBS-D	0.0500815202768762	0.0178455490767678	35	35	0.00834111167227572	0.0510347181109695
K02454	group	IBS-D	0.617124487362758	0.219902484018114	35	35	0.00834177689410525	0.0510347181109695
K02493	group	IBS-D	0.0495016499295423	0.0177222477845133	35	35	0.00862008114496616	0.0510347181109695
K02518	group	IBS-D	0.0498303932131505	0.0178313554258655	35	35	0.00859124843384952	0.0510347181109695
K02520	group	IBS-D	0.0500815202768762	0.0178455490767678	35	35	0.00834111167227572	0.0510347181109695
K02563	group	IBS-D	0.0500909348216217	0.017843873378028	35	35	0.00832465591546419	0.0510347181109695
K02600	group	IBS-D	0.0500815202768762	0.0178455490767678	35	35	0.00834111167227572	0.0510347181109695
K02601	group	IBS-D	0.0500624824157101	0.0178604319839887	35	35	0.00841227126560909	0.0510347181109695
K02671	group	IBS-D	-2.72170569751767	0.960134088702072	35	35	0.00777048666965253	0.0510347181109695
K02834	group	IBS-D	0.0500254336143022	0.0178541455550926	35	35	0.00843513518843809	0.0510347181109695
K02835	group	IBS-D	0.0500927603497567	0.0178479610549475	35	35	0.00833589779479575	0.0510347181109695
K02836	group	IBS-D	0.0501452261478135	0.0178427426888216	35	35	0.00825797990450396	0.0510347181109695
K02838	group	IBS-D	0.0500815202768762	0.0178455490767678	35	35	0.00834111167227572	0.0510347181109695
K02860	group	IBS-D	0.0500951079153584	0.0178442685176294	35	35	0.00832108860268788	0.0510347181109695
K02863	group	IBS-D	0.0500815202768762	0.0178455490767678	35	35	0.00834111167227572	0.0510347181109695
K02864	group	IBS-D	0.0500815202768762	0.0178455490767678	35	35	0.00834111167227572	0.0510347181109695
K02867	group	IBS-D	0.0498783543360732	0.0178318456042215	35	35	0.00853549847453774	0.0510347181109695
K02871	group	IBS-D	0.0503516402432486	0.0179187235283688	35	35	0.00826618172247012	0.0510347181109695
K02874	group	IBS-D	0.0498783543360732	0.0178318456042215	35	35	0.00853549847453774	0.0510347181109695
K02876	group	IBS-D	0.0498783543360732	0.0178318456042215	35	35	0.00853549847453774	0.0510347181109695
K02881	group	IBS-D	0.0498783543360732	0.0178318456042215	35	35	0.00853549847453774	0.0510347181109695
K02884	group	IBS-D	0.0500815202768762	0.0178455490767678	35	35	0.00834111167227572	0.0510347181109695
K02886	group	IBS-D	0.0500815202768762	0.0178455490767678	35	35	0.00834111167227572	0.0510347181109695
K02887	group	IBS-D	0.0500815202768762	0.0178455490767678	35	35	0.00834111167227572	0.0510347181109695
K02888	group	IBS-D	0.0500815202768762	0.0178455490767678	35	35	0.00834111167227572	0.0510347181109695
K02890	group	IBS-D	0.0498783543360732	0.0178318456042215	35	35	0.00853549847453774	0.0510347181109695
K02892	group	IBS-D	0.0500815202768762	0.0178455490767678	35	35	0.00834111167227572	0.0510347181109695
K02895	group	IBS-D	0.0500187321926602	0.0178451257974985	35	35	0.00841326764254179	0.0510347181109695
K02899	group	IBS-D	0.0500815202768762	0.0178455490767678	35	35	0.00834111167227572	0.0510347181109695
K02904	group	IBS-D	0.050106362869967	0.01784047604351	35	35	0.00829562421381755	0.0510347181109695
K02906	group	IBS-D	0.0500815202768762	0.0178455490767678	35	35	0.00834111167227572	0.0510347181109695
K02907	group	IBS-D	0.0514997306414753	0.0174482250999712	35	35	0.00578153665248587	0.0510347181109695
K02911	group	IBS-D	0.0497713065169376	0.0177697427656712	35	35	0.00845604337972882	0.0510347181109695
K02914	group	IBS-D	0.0499729094047014	0.0178191839116207	35	35	0.00838165166960236	0.0510347181109695
K02916	group	IBS-D	0.0500815202768762	0.0178455490767678	35	35	0.00834111167227572	0.0510347181109695
K02926	group	IBS-D	0.0500815202768762	0.0178455490767678	35	35	0.00834111167227572	0.0510347181109695
K02931	group	IBS-D	0.0500815202768762	0.0178455490767678	35	35	0.00834111167227572	0.0510347181109695
K02933	group	IBS-D	0.0500815202768762	0.0178455490767678	35	35	0.00834111167227572	0.0510347181109695
K02935	group	IBS-D	0.0500815202768762	0.0178455490767678	35	35	0.00834111167227572	0.0510347181109695
K02939	group	IBS-D	0.0500845404106603	0.0178435918406536	35	35	0.00833118479795347	0.0510347181109695
K02946	group	IBS-D	0.0500815202768762	0.0178455490767678	35	35	0.00834111167227572	0.0510347181109695
K02948	group	IBS-D	0.0499297595799191	0.0178284663261335	35	35	0.00846317344823443	0.0510347181109695
K02950	group	IBS-D	0.0500815202768762	0.0178455490767678	35	35	0.00834111167227572	0.0510347181109695
K02952	group	IBS-D	0.0498783543360732	0.0178318456042215	35	35	0.00853549847453774	0.0510347181109695
K02956	group	IBS-D	0.0502730540212207	0.0178413665315472	35	35	0.00810704437942354	0.0510347181109695
K02959	group	IBS-D	0.0498064773835108	0.0177759340624431	35	35	0.00843491727207663	0.0510347181109695
K02961	group	IBS-D	0.0498940627921346	0.0178273725145608	35	35	0.00850188692984735	0.0510347181109695
K02963	group	IBS-D	0.0500810492628997	0.0178445576820821	35	35	0.00833841561095496	0.0510347181109695
K02965	group	IBS-D	0.049987773530417	0.0178246255207431	35	35	0.00838211696935648	0.0510347181109695
K02967	group	IBS-D	0.0500815202768762	0.0178455490767678	35	35	0.00834111167227572	0.0510347181109695
K02968	group	IBS-D	0.0500643206958288	0.0178438095110017	35	35	0.00835549471510106	0.0510347181109695
K02982	group	IBS-D	0.0500879467046636	0.0178420419974035	35	35	0.00832214880025495	0.0510347181109695
K02986	group	IBS-D	0.0500368878160345	0.0178457616328251	35	35	0.00839403242657366	0.0510347181109695
K02988	group	IBS-D	0.0500815202768762	0.0178455490767678	35	35	0.00834111167227572	0.0510347181109695
K02990	group	IBS-D	0.0501019948818655	0.0178435017929221	35	35	0.00831057171475772	0.0510347181109695
K02992	group	IBS-D	0.0500815202768762	0.0178455490767678	35	35	0.00834111167227572	0.0510347181109695
K02994	group	IBS-D	0.0500815202768762	0.0178455490767678	35	35	0.00834111167227572	0.0510347181109695
K02996	group	IBS-D	0.0503516402432486	0.0179187235283688	35	35	0.00826618172247012	0.0510347181109695
K03043	group	IBS-D	0.0500666109450394	0.0178453531698316	35	35	0.00835787972445562	0.0510347181109695
K03046	group	IBS-D	0.0499574116901819	0.0178621130574016	35	35	0.00854217631353293	0.0510347181109695
K03075	group	IBS-D	0.0500769599099161	0.0178464366147549	35	35	0.00834934106004128	0.0510347181109695
K03106	group	IBS-D	0.0500815202768762	0.0178455490767678	35	35	0.00834111167227572	0.0510347181109695
K03110	group	IBS-D	0.0503882937542916	0.0178917310774655	35	35	0.00813732249847778	0.0510347181109695
K03168	group	IBS-D	0.0545418356690142	0.0186653690768025	35	35	0.00623243988566582	0.0510347181109695
K03177	group	IBS-D	0.0508613236038902	0.0177658022354581	35	35	0.0072395639126542	0.0510347181109695
K03201	group	IBS-D	-2.89831949487229	1.00644476288209	35	34	0.00693783004386541	0.0510347181109695
K03270	group	IBS-D	0.193576366396236	0.0689886457682903	35	35	0.00835092023116038	0.0510347181109695
K03394	group	IBS-D	0.551278819210062	0.190712834558324	35	35	0.00674997352257317	0.0510347181109695
K03399	group	IBS-D	0.593726051018029	0.210692604838631	35	35	0.00810314413086861	0.0510347181109695
K03429	group	IBS-D	0.931340155759092	0.31624896317839	35	35	0.00587993854934269	0.0510347181109695
K03442	group	IBS-D	-0.234508461573661	0.0807598271206127	35	35	0.00652889045896259	0.0510347181109695
K03453	group	IBS-D	0.275184991312099	0.0976079087643225	35	35	0.00807649917517784	0.0510347181109695
K03470	group	IBS-D	0.0495300136515708	0.0177265951487714	35	35	0.00860045666433864	0.0510347181109695
K03496	group	IBS-D	0.228641120962363	0.0784818068009013	35	35	0.00637307021266701	0.0510347181109695
K03501	group	IBS-D	0.0501012848618761	0.0178461342466465	35	35	0.00831999548568615	0.0510347181109695
K03533	group	IBS-D	-1.24362528931918	0.421670752197137	35	9	0.00581547847767071	0.0510347181109695
K03550	group	IBS-D	0.0500918006039209	0.0178442174311148	35	35	0.00832477241364206	0.0510347181109695
K03551	group	IBS-D	0.0500918006039209	0.0178442174311148	35	35	0.00832477241364206	0.0510347181109695
K03553	group	IBS-D	0.0500218147288401	0.0178498874532179	35	35	0.00842534392160134	0.0510347181109695
K03596	group	IBS-D	0.0500666109450394	0.0178453531698316	35	35	0.00835787972445562	0.0510347181109695
K03604	group	IBS-D	-0.917790933736237	0.32404108926736	35	35	0.00781708931946373	0.0510347181109695
K03605	group	IBS-D	1.04498611831927	0.371930468704989	35	35	0.0082739037185928	0.0510347181109695
K03606	group	IBS-D	1.12569145941034	0.384758306415792	35	35	0.00617529911628034	0.0510347181109695
K03625	group	IBS-D	0.0500689908801317	0.0178387504612619	35	35	0.00833347049929383	0.0510347181109695
K03631	group	IBS-D	0.0501136037251131	0.0178451558199438	35	35	0.00830247804306884	0.0510347181109695
K03638	group	IBS-D	1.09669968274059	0.385670651610202	35	35	0.00759883266500643	0.0510347181109695
K03664	group	IBS-D	0.0500981792956902	0.017846603329963	35	35	0.00832514379762748	0.0510347181109695
K03685	group	IBS-D	0.0500956169112048	0.0178489823301366	35	35	0.00833590920480635	0.0510347181109695
K03687	group	IBS-D	0.0500815202768762	0.0178455490767678	35	35	0.00834111167227572	0.0510347181109695
K03702	group	IBS-D	0.0500253258032698	0.0178502882852461	35	35	0.00842253315574717	0.0510347181109695
K03703	group	IBS-D	0.0500211276293045	0.0178426477952091	35	35	0.00840228689753402	0.0510347181109695
K03756	group	IBS-D	1.14689351320785	0.407515206450867	35	35	0.00817671114264471	0.0510347181109695
K03772	group	IBS-D	-1.24266455353771	0.442821941244546	35	35	0.00834418075734492	0.0510347181109695
K03779	group	IBS-D	1.10592221576834	0.389139032620297	35	35	0.0076302829805809	0.0510347181109695
K03780	group	IBS-D	1.10577839321089	0.388748927700424	35	35	0.00758288441844016	0.0510347181109695
K03855	group	IBS-D	1.08174943285296	0.386667499339825	35	35	0.00852547614964347	0.0510347181109695
K03977	group	IBS-D	0.0500815202768762	0.0178455490767678	35	35	0.00834111167227572	0.0510347181109695
K03979	group	IBS-D	0.0500253258032698	0.0178502882852461	35	35	0.00842253315574717	0.0510347181109695
K04066	group	IBS-D	0.0507309232364596	0.0178551550109466	35	35	0.00764416111407518	0.0510347181109695
K04078	group	IBS-D	0.0500931139844335	0.0178604073226506	35	35	0.00837627182669662	0.0510347181109695
K04335	group	IBS-D	-1.12033151734147	0.397725843975892	35	5	0.00812605620386623	0.0510347181109695
K04337	group	IBS-D	-1.12033151734147	0.397725843975892	35	5	0.00812605620386623	0.0510347181109695
K04485	group	IBS-D	0.0535017186203394	0.0184620777121349	35	35	0.00662637965816345	0.0510347181109695
K04651	group	IBS-D	0.98332164041979	0.341104789261394	35	35	0.00688554637043156	0.0510347181109695
K04652	group	IBS-D	0.939570116267599	0.328363516835613	35	35	0.00726707287094723	0.0510347181109695
K04654	group	IBS-D	1.02947591884566	0.36213613926788	35	35	0.0076146865107122	0.0510347181109695
K04656	group	IBS-D	1.02923473902955	0.362105839536004	35	35	0.00762287587432965	0.0510347181109695
K05341	group	IBS-D	-2.21939934964698	0.773031496064542	35	35	0.00709229409447182	0.0510347181109695
K05368	group	IBS-D	-1.12033151734147	0.397725843975892	35	5	0.00812605620386623	0.0510347181109695
K05564	group	IBS-D	-1.87460504075816	0.668593627981339	35	26	0.00839506744026193	0.0510347181109695
K05820	group	IBS-D	-0.754974160218871	0.268018382024596	35	35	0.00812542834123449	0.0510347181109695
K05825	group	IBS-D	0.966578356356698	0.327783876221506	35	35	0.00582219131323922	0.0510347181109695
K05934	group	IBS-D	0.55787016929319	0.19086886606435	35	35	0.00622127170462642	0.0510347181109695
K05936	group	IBS-D	0.55712934847997	0.190111692225334	35	35	0.00609995357800511	0.0510347181109695
K06006	group	IBS-D	-1.27653727716782	0.43328223549148	35	5	0.00586131630148	0.0510347181109695
K06016	group	IBS-D	0.952846510226211	0.324204654344859	35	35	0.00596949834285083	0.0510347181109695
K06041	group	IBS-D	0.198275358824112	0.0684772797110453	35	35	0.00666733513591597	0.0510347181109695
K06042	group	IBS-D	0.555739286641541	0.189974931803295	35	35	0.00618128466783181	0.0510347181109695
K06169	group	IBS-D	-2.13917363986882	0.762477641241565	35	30	0.00835843515843142	0.0510347181109695
K06187	group	IBS-D	0.0500815202768762	0.0178455490767678	35	35	0.00834111167227572	0.0510347181109695
K06195	group	IBS-D	-2.69884478994312	0.920767139441593	35	35	0.00609148663215868	0.0510347181109695
K06207	group	IBS-D	0.0500922455286308	0.0178326798314512	35	35	0.00828659354575948	0.0510347181109695
K06281	group	IBS-D	1.04809153859586	0.372822892421613	35	35	0.00824082195998067	0.0510347181109695
K06282	group	IBS-D	1.04839560009749	0.372804443475732	35	35	0.00822119109948634	0.0510347181109695
K06381	group	IBS-D	0.634548031914579	0.226824542646501	35	35	0.00852746778637456	0.0510347181109695
K06447	group	IBS-D	-1.59764617519439	0.571613841565318	35	8	0.0085819002266122	0.0510347181109695
K06518	group	IBS-D	-0.435247451954359	0.149986622147137	35	35	0.00655986193271547	0.0510347181109695
K06861	group	IBS-D	0.192694857680091	0.0689514578251716	35	35	0.00858894679512828	0.0510347181109695
K06898	group	IBS-D	0.988290102434833	0.344842888373288	35	35	0.00718440613851216	0.0510347181109695
K06925	group	IBS-D	0.0501351586416329	0.0178429250714025	35	35	0.00827021800185886	0.0510347181109695
K06941	group	IBS-D	0.0500129219383915	0.0178474586570702	35	35	0.00842780104128029	0.0510347181109695
K06942	group	IBS-D	0.0500253258032698	0.0178502882852461	35	35	0.00842253315574717	0.0510347181109695
K06972	group	IBS-D	0.830958922733364	0.285219753793435	35	35	0.00637148551990476	0.0510347181109695
K06996	group	IBS-D	-2.7380529986213	0.966719061949009	35	35	0.00781735916231422	0.0510347181109695
K06997	group	IBS-D	0.0504086718935302	0.0179130008384165	35	35	0.00818232323932613	0.0510347181109695
K07002	group	IBS-D	-2.27474055998599	0.775862266604663	35	35	0.00607903263883989	0.0510347181109695
K07024	group	IBS-D	-0.230568017381119	0.0790854229319559	35	35	0.00633872085513136	0.0510347181109695
K07095	group	IBS-D	0.402816521993793	0.140767900117682	35	35	0.00726353580095218	0.0510347181109695
K07114	group	IBS-D	0.472243768328599	0.162597696600372	35	35	0.00651908247700892	0.0510347181109695
K07141	group	IBS-D	0.877848843526623	0.312501841874537	35	35	0.0082848175088889	0.0510347181109695
K07218	group	IBS-D	-2.30765241486769	0.799642846540004	35	35	0.00683184734225795	0.0510347181109695
K07280	group	IBS-D	-2.88875866297095	1.00733008438678	35	34	0.00715146340157962	0.0510347181109695
K07326	group	IBS-D	1.16928428711229	0.415767319399474	35	35	0.008217779711554	0.0510347181109695
K07347	group	IBS-D	-2.24476719812334	0.801349753774738	35	14	0.00844906906893308	0.0510347181109695
K07403	group	IBS-D	0.986298329595128	0.349644883386181	35	35	0.00804489460548571	0.0510347181109695
K07447	group	IBS-D	0.0501768457629276	0.0178254508231788	35	35	0.00816565207630801	0.0510347181109695
K07486	group	IBS-D	-2.23934082498262	0.795972299661307	35	35	0.00819752719887022	0.0510347181109695
K07497	group	IBS-D	-0.724274339140737	0.249669821883675	35	35	0.00657616563675257	0.0510347181109695
K07590	group	IBS-D	1.07462489772683	0.377982007449615	35	35	0.00760950162586853	0.0510347181109695
K07637	group	IBS-D	-1.12033151734147	0.397725843975892	35	5	0.00812605620386623	0.0510347181109695
K07642	group	IBS-D	-1.71806422591471	0.604826579035054	35	12	0.0076567983893311	0.0510347181109695
K07689	group	IBS-D	-1.12033151734147	0.397725843975892	35	5	0.00812605620386623	0.0510347181109695
K07724	group	IBS-D	-2.62733018298032	0.91018239949435	35	34	0.00681902005507217	0.0510347181109695
K07740	group	IBS-D	-1.12033151734147	0.397725843975892	35	5	0.00812605620386623	0.0510347181109695
K08384	group	IBS-D	0.817586214894392	0.280968318859843	35	35	0.00642850471069653	0.0510347181109695
K08602	group	IBS-D	-0.450199265574425	0.153847242122736	35	35	0.00616645074309279	0.0510347181109695
K08961	group	IBS-D	1.88898989562412	0.651772530243661	35	35	0.00662118386654275	0.0510347181109695
K09121	group	IBS-D	0.981675654259818	0.345103758983456	35	35	0.0075804608393789	0.0510347181109695
K09775	group	IBS-D	0.624615028785539	0.212528541489239	35	35	0.00597037677975433	0.0510347181109695
K09777	group	IBS-D	1.06583882345352	0.374086030857697	35	35	0.00749336983982881	0.0510347181109695
K09795	group	IBS-D	-2.63360188407699	0.927260766596168	35	34	0.0076643785514823	0.0510347181109695
K09903	group	IBS-D	0.050084403613407	0.0178454295771331	35	35	0.00833735743956658	0.0510347181109695
K09918	group	IBS-D	-1.12033151734147	0.397725843975892	35	5	0.00812605620386623	0.0510347181109695
K09949	group	IBS-D	0.615712171878535	0.220304227278158	35	35	0.00858505975342453	0.0510347181109695
K09973	group	IBS-D	-2.6940097310179	0.917158759106401	35	35	0.00599517614769442	0.0510347181109695
K10026	group	IBS-D	0.987117081464839	0.349581763568427	35	35	0.0079876969708065	0.0510347181109695
K10206	group	IBS-D	0.938952497239528	0.330716909999391	35	35	0.00768465346504954	0.0510347181109695
K11017	group	IBS-D	-2.83844997624616	0.999759620539235	35	34	0.00768485098180136	0.0510347181109695
K11089	group	IBS-D	-2.83246940314047	0.986904857222055	35	34	0.00710984744680246	0.0510347181109695
K11391	group	IBS-D	-1.12033151734147	0.397725843975892	35	5	0.00812605620386623	0.0510347181109695
K11707	group	IBS-D	0.591737122351694	0.204652003054045	35	35	0.00673618672766583	0.0510347181109695
K11708	group	IBS-D	0.59085783088401	0.20497300614499	35	35	0.00688802382788734	0.0510347181109695
K11709	group	IBS-D	0.605441501174901	0.216234282704654	35	35	0.008476498313559	0.0510347181109695
K11710	group	IBS-D	0.590677515033116	0.204773928881373	35	35	0.00685465983470112	0.0510347181109695
K11720	group	IBS-D	0.192601320251449	0.0689548224744649	35	35	0.00862094488398172	0.0510347181109695
K11753	group	IBS-D	0.0509423581282462	0.0177656597991885	35	35	0.00715643405873236	0.0510347181109695
K11942	group	IBS-D	1.11307198265809	0.379664462378712	35	35	0.00608153314323906	0.0510347181109695
K12266	group	IBS-D	-1.12033151734147	0.397725843975892	35	5	0.00812605620386623	0.0510347181109695
K12506	group	IBS-D	1.04531496806824	0.361139440675297	35	35	0.00668422867798561	0.0510347181109695
K12525	group	IBS-D	-1.12033151734147	0.397725843975892	35	5	0.00812605620386623	0.0510347181109695
K13818	group	IBS-D	1.11935858607581	0.398182023080022	35	35	0.00824202889676488	0.0510347181109695
K13963	group	IBS-D	1.01920849021347	0.36253390502324	35	35	0.0082384557203387	0.0510347181109695
K14155	group	IBS-D	0.357574410683895	0.12244970075691	35	35	0.00626281353600705	0.0510347181109695
K14287	group	IBS-D	-1.44653259546952	0.493040330430334	35	33	0.00604791688317223	0.0510347181109695
K14348	group	IBS-D	-1.23932163047156	0.423606074795731	35	5	0.00617630580663027	0.0510347181109695
K14414	group	IBS-D	-2.63748468012549	0.923376860578313	35	34	0.00735956156569199	0.0510347181109695
K15586	group	IBS-D	1.0669546358078	0.378185911928491	35	35	0.00803712096468323	0.0510347181109695
K16088	group	IBS-D	-2.54097679694079	0.885422988444304	35	35	0.00711459130746567	0.0510347181109695
K16092	group	IBS-D	0.982575507264161	0.339878114396738	35	35	0.00674414081428352	0.0510347181109695
K16651	group	IBS-D	0.976054355514979	0.332922992852461	35	35	0.00608081119589414	0.0510347181109695
K16710	group	IBS-D	-1.12033151734147	0.397725843975892	35	5	0.00812605620386623	0.0510347181109695
K18141	group	IBS-D	-1.12033151734147	0.397725843975892	35	5	0.00812605620386623	0.0510347181109695
K18148	group	IBS-D	-2.6377770700186	0.911271400488827	35	34	0.0066821883220402	0.0510347181109695
K18475	group	IBS-D	1.11180985669035	0.39497070010802	35	35	0.00816528096683553	0.0510347181109695
K18765	group	IBS-D	-1.12033151734147	0.397725843975892	35	5	0.00812605620386623	0.0510347181109695
K18829	group	IBS-D	1.00860927489069	0.355790042959903	35	35	0.00776795706595163	0.0510347181109695
K18831	group	IBS-D	0.967382616696793	0.328737145516521	35	35	0.00591353823226641	0.0510347181109695
K18997	group	IBS-D	-2.59287457489032	0.894751990904807	35	34	0.00662731146431812	0.0510347181109695
K19000	group	IBS-D	-1.12033151734147	0.397725843975892	35	5	0.00812605620386623	0.0510347181109695
K19170	group	IBS-D	-2.89478235536594	1.00633675728158	35	34	0.0069942031255247	0.0510347181109695
K19171	group	IBS-D	-2.89830229044528	1.00344291138675	35	34	0.00678873940247984	0.0510347181109695
K19339	group	IBS-D	-2.88550275368176	1.00705600208869	35	34	0.00719579746480097	0.0510347181109695
K19340	group	IBS-D	-2.62073716231479	0.934487766739778	35	35	0.00838124353500894	0.0510347181109695
K19341	group	IBS-D	-2.50268677144262	0.853795433349026	35	34	0.0060889163322811	0.0510347181109695
K19342	group	IBS-D	-2.47650285713862	0.853373715601946	35	34	0.00655810103659487	0.0510347181109695
K19405	group	IBS-D	0.900346009308668	0.309934400316073	35	35	0.00650938510188423	0.0510347181109695
K19592	group	IBS-D	-1.2517269126311	0.43078557062546	35	5	0.00649738864111827	0.0510347181109695
K19611	group	IBS-D	-2.89689093660679	1.0063639682247	35	34	0.0069586765119836	0.0510347181109695
K07402	group	IBS-D	0.887334527390015	0.317857747204064	35	35	0.00865414217888748	0.0511681485232005
K03518	group	IBS-D	0.809359675763229	0.290128725330751	35	35	0.00869629564662742	0.0512764159580805
K07277	group	IBS-D	0.192369596381362	0.0689675098573434	35	35	0.00870449468982204	0.0512764159580805
K07775	group	IBS-D	-1.31855999862477	0.472564766465166	35	35	0.00868410469132944	0.0512764159580805
K01867	group	IBS-D	0.0498089688253592	0.017865183602617	35	35	0.00873121869098606	0.0513581374720003
K07473	group	IBS-D	0.519260806768213	0.186271624907416	35	35	0.00873976219842204	0.0513581374720003
K03781	group	IBS-D	-1.17650797605237	0.422357775330718	35	35	0.00878514742387825	0.0514430019812035
K07443	group	IBS-D	1.00736221267668	0.361677619043814	35	35	0.00879220860280782	0.0514430019812035
K10709	group	IBS-D	1.38235811671145	0.496353578493614	35	34	0.00879706407551929	0.0514430019812035
K19789	group	IBS-D	-1.13660287495805	0.407973157758707	35	5	0.00877635153733664	0.0514430019812035
K01627	group	IBS-D	0.191963924241204	0.0689606269732749	35	35	0.00882670898160406	0.0515535642587361
K07012	group	IBS-D	-0.503588081142047	0.180942337351568	35	35	0.00883841646418539	0.0515592192521921
K01615	group	IBS-D	0.807416508148307	0.290188397729072	35	35	0.00885500052723452	0.0515932737029769
K00806	group	IBS-D	0.0496240280996897	0.0178439697132603	35	35	0.00888565530374675	0.0516759620958209
K00912	group	IBS-D	0.191944445734077	0.0690619279966691	35	35	0.00892301032648106	0.0516759620958209
K01848	group	IBS-D	1.06927498959231	0.384601564447719	35	35	0.00890294777082612	0.0516759620958209
K01849	group	IBS-D	1.06918283308546	0.38462442287128	35	35	0.00891190953609304	0.0516759620958209
K02878	group	IBS-D	0.0496700950225732	0.0178709756475251	35	35	0.00892160892091723	0.0516759620958209
K01581	group	IBS-D	0.635560432006893	0.228949744511936	35	35	0.00899706245031009	0.0520280405926539
K07273	group	IBS-D	0.66524294349269	0.239674864293717	35	35	0.00900547838627274	0.0520280405926539
K07339	group	IBS-D	1.45450883053319	0.524506761797696	35	35	0.00906171976215227	0.0522272708020325
K09797	group	IBS-D	-0.97882726337575	0.352925710237312	35	35	0.00905346521488445	0.0522272708020325
K03405	group	IBS-D	1.09526608346026	0.395086181307041	35	35	0.00908148261581253	0.0522784149142877
K03650	group	IBS-D	-0.162416902558076	0.058631808626304	35	35	0.00912904269301706	0.0524892622385328
K13940	group	IBS-D	-0.369544864165439	0.133741699831087	35	35	0.00928870834353909	0.0533434076044631
K01476	group	IBS-D	-1.95820865495216	0.709190318021748	35	33	0.0093333410759774	0.0534144936469991
K02341	group	IBS-D	0.0481705508295581	0.0174458880107591	35	35	0.0093344636887799	0.0534144936469991
K03620	group	IBS-D	1.09712290107617	0.397265910950417	35	35	0.0093219069405962	0.0534144936469991
K03404	group	IBS-D	1.09322982952109	0.396151327855445	35	35	0.00936953414496396	0.0535345169497811
K07346	group	IBS-D	-1.21422416924486	0.44005214481262	35	5	0.00937773979478566	0.0535345169497811
K05979	group	IBS-D	-1.49253310888545	0.541321175840635	35	35	0.00942590970902728	0.0537455968088361
K07478	group	IBS-D	0.0494971069879766	0.0179623671277077	35	35	0.00946340995414311	0.0538954106641056
K01601	group	IBS-D	1.09104194421088	0.396109218189109	35	35	0.00949164437358509	0.0539921618928697
K03657	group	IBS-D	0.168095588574046	0.0610522159757801	35	35	0.00951723709170588	0.054073674884355
K01906	group	IBS-D	1.1000759349338	0.39970662094318	35	35	0.00954317554252681	0.054156957186372597
K00873	group	IBS-D	0.0509458233050869	0.0185188554367536	35	35	0.00957116612144393	0.0541585222487079
K03073	group	IBS-D	0.164738488552052	0.059870017930454	35	35	0.0095574913920423	0.0541585222487079
K03472	group	IBS-D	-1.15621771353563	0.420418738296994	35	5	0.00959171024002127	0.0541585222487079
K09477	group	IBS-D	1.09912032620751	0.399707124942043	35	35	0.00959985470394719	0.0541585222487079
K11106	group	IBS-D	1.09933972449815	0.399725939238437	35	35	0.00958990255434306	0.0541585222487079
K03654	group	IBS-D	0.208778161628089	0.0762132831748287	35	35	0.00985022228957499	0.0553757812789807
K03800	group	IBS-D	-0.371165635243395	0.135484733952946	35	35	0.00984669545419579	0.0553757812789807
K04043	group	IBS-D	0.0533262226788282	0.0194629771508538	35	35	0.00983839517254885	0.0553757812789807
K07739	group	IBS-D	1.37321739882379	0.501436502616909	35	34	0.00987033708496703	0.0554239629765225
K04794	group	IBS-D	1.37121543626093	0.501213747331892	35	34	0.00993820740471063	0.0557398758761866
K01561	group	IBS-D	-2.23655642218905	0.818289440352129	35	19	0.0100016573008535	0.0557881207250381
K03582	group	IBS-D	-1.34417303125907	0.49178898355465	35	35	0.0100011187397577	0.0557881207250381
K03723	group	IBS-D	0.0493419431350877	0.0180444402639543	35	35	0.00997066420490759	0.0557881207250381
K07011	group	IBS-D	0.522786199730878	0.191270728695343	35	35	0.010001239708815	0.0557881207250381
K09818	group	IBS-D	1.37000913232688	0.501345585707877	35	34	0.0100151129632346	0.0557881207250381
K19164	group	IBS-D	-1.16613876950594	0.426749564145324	35	5	0.0100165299031416	0.0557881207250381
K02453	group	IBS-D	0.598371819830639	0.219139247557069	35	35	0.0100673174372896	0.0559034827362515
K18926	group	IBS-D	-2.38793902342791	0.874587764232214	35	35	0.01007217508162	0.0559034827362515
K18991	group	IBS-D	-2.34040448740694	0.856968784401869	35	34	0.0100556292032377	0.0559034827362515
K02372	group	IBS-D	-0.207832738316125	0.0761578121849899	35	35	0.0101066088558106	0.0560298257699151
K01926	group	IBS-D	-0.444106956867398	0.162822085003849	35	35	0.0101419035628317	0.0561606447579641
K13049	group	IBS-D	1.50642543168245	0.552681695468609	35	35	0.0101893323620555	0.0563582772698482
K05812	group	IBS-D	-1.17080827241547	0.429737199075268	35	5	0.0102192459980544	0.056458688189481
K02517	group	IBS-D	0.189240297153962	0.0695481355941185	35	35	0.0103070995215765	0.056878603221941
K19510	group	IBS-D	1.56862269893903	0.576639303550848	35	35	0.0103252076035868	0.0569131133235594
K03734	group	IBS-D	-0.35591835233983	0.130866370458542	35	35	0.0103398442676171	0.0569284315697588
K00244	group	IBS-D	-0.554141786706193	0.203884734175592	35	35	0.0103855047621522	0.0570625090075931
K00824	group	IBS-D	1.00995950530879	0.37168236210587	35	35	0.0104021690676834	0.0570625090075931
K07106	group	IBS-D	-0.368641158308589	0.135678944935412	35	35	0.010408675864934	0.0570625090075931
K10200	group	IBS-D	-0.501110287593052	0.184474037840082	35	5	0.010423624328194	0.0570625090075931
K10201	group	IBS-D	-0.501110287593052	0.184474037840082	35	5	0.010423624328194	0.0570625090075931
K07112	group	IBS-D	-0.839068488771298	0.309144578786876	35	35	0.0104818292364358	0.0573157883418317
K00547	group	IBS-D	0.700393876744935	0.258185749298058	35	35	0.0105182185114527	0.0574224632560612
K01210	group	IBS-D	1.53473361893232	0.565804673731518	35	35	0.0105252588346873	0.0574224632560612
K01870	group	IBS-D	0.0528127784882027	0.0195104982433658	35	35	0.0106707367442914	0.058150064823318
K00048	group	IBS-D	0.563460073310677	0.208193264681635	35	35	0.0106828538756397	0.0581500923548142
K08302	group	IBS-D	1.20591998890871	0.445944966584015	35	35	0.0107416840530344	0.0584041054797488
K00313	group	IBS-D	0.725807429592688	0.268451712499575	35	35	0.0107551472270951	0.0584111559245287
K03673	group	IBS-D	-1.28570186063982	0.475885881019318	35	35	0.0108074478609307	0.0586288781698627
K03701	group	IBS-D	0.145169458137903	0.0537546215113642	35	35	0.0108368306924726	0.0587219234250123
K05523	group	IBS-D	-1.23660008001043	0.458210077969422	35	7	0.0108856316335584	0.0587873087432101
K05784	group	IBS-D	-1.28565718107745	0.476274157425275	35	7	0.0108684748769698	0.0587873087432101
K09789	group	IBS-D	-1.23917770482442	0.459126143614567	35	35	0.0108795084560213	0.0587873087432101
K01629	group	IBS-D	-0.732497891596957	0.27159519453027	35	35	0.0109321944044672	0.0589591720806309
K02078	group	IBS-D	-0.228834690396297	0.0848587406916227	35	35	0.0109420167306482	0.0589591720806309
K13638	group	IBS-D	-1.18785974904951	0.440688184140933	35	5	0.0109739387025198	0.0590648875681588
K00681	group	IBS-D	-1.667048232095	0.619913631346232	35	35	0.0111446273788359	0.0598857465467002
K02356	group	IBS-D	0.0480805403549166	0.0178810261086765	35	35	0.0111513970865965	0.0598857465467002
K01195	group	IBS-D	-2.44598087735709	0.910036830230782	35	21	0.0111823184860704	0.0599847050856132
K03640	group	IBS-D	-1.35218268564956	0.503289895603696	35	35	0.0112123078139943	0.0600784484542259
K02032	group	IBS-D	0.398368552589542	0.148417929923881	35	35	0.0112834885979004	0.0603924512358081
K03322	group	IBS-D	0.693738169069235	0.258697368023978	35	35	0.0113510133749913	0.0606862084780995
K02575	group	IBS-D	0.707459483732139	0.264081022653994	35	35	0.0114264427996653	0.0609954841005308
K09982	group	IBS-D	-1.34867305764574	0.503486412526159	35	5	0.011434271129031	0.0609954841005308
K17869	group	IBS-D	1.35422958420247	0.505923216880963	35	34	0.011487987605777	0.0612140160880526
K00158	group	IBS-D	-0.915132007070584	0.342286448220124	35	35	0.0115770647957759	0.061610466118884
K04024	group	IBS-D	1.0136483004861	0.379189598272033	35	35	0.0115880547605399	0.061610466118884
K04028	group	IBS-D	0.982243499934938	0.367792846711586	35	35	0.01166046680424	0.0619268817778279
K03040	group	IBS-D	0.0524025014983182	0.0196439772233102	35	35	0.01174699498741	0.0623174839055861
K09710	group	IBS-D	0.118728247314046	0.044574704448328	35	35	0.0118630126694383	0.062863492081648
K13853	group	IBS-D	1.34554540389266	0.505342188759826	35	34	0.0118901183931956	0.0629376608662979
K10536	group	IBS-D	-1.32164559501735	0.496511963514543	35	33	0.0119127758069358	0.0629881460893159
K04083	group	IBS-D	-0.233601223647798	0.0879033242397461	35	35	0.0120405354549885	0.0635936311544554
K01915	group	IBS-D	0.161282274931333	0.0607578294890663	35	35	0.0121278156694957	0.0639842231090645
K00020	group	IBS-D	-0.633093883199346	0.238625030065785	35	35	0.0121697503015218	0.0641349848491835
K02051	group	IBS-D	0.250481799567328	0.0945088112166077	35	35	0.0122509946550313	0.064492352345181
K03544	group	IBS-D	0.0539366037010889	0.0203562500428435	35	35	0.0122724614371838	0.0645345973274035
K00983	group	IBS-D	-0.942982854936028	0.35616468905008	35	35	0.0123331481262622	0.0647827616566576
K02557	group	IBS-D	0.615954007742253	0.233049797342957	35	35	0.0124713479982255	0.0654370947972463
K10439	group	IBS-D	0.54343152015208	0.205919215697461	35	35	0.0125918374362658	0.0659971741610394
K07071	group	IBS-D	-1.41805150448196	0.537516675948813	35	35	0.0126193076706965	0.0660690252202985
K00785	group	IBS-D	-2.16994942956113	0.823126394692315	35	32	0.0126783421895173	0.0663057961349375
K00640	group	IBS-D	0.152263058942106	0.0577809371003825	35	35	0.0127106729933227	0.0664025473786097
K07574	group	IBS-D	-0.226156645955743	0.0858639506836846	35	35	0.0127502550556003	0.0665003760557681
K07757	group	IBS-D	1.33317589095288	0.506203908672057	35	34	0.0127571019261326	0.0665003760557681
K03928	group	IBS-D	-0.925231186615286	0.35221432453193	35	35	0.0129681506274737	0.0675272138421923
K02237	group	IBS-D	-0.161584443653335	0.0615289368046657	35	35	0.0129915388438918	0.0675757074642737
K09155	group	IBS-D	0.320725205315038	0.122281195296298	35	35	0.0130957935398734	0.0680442692477622
K01338	group	IBS-D	0.190549000775547	0.0726988763662981	35	35	0.0131522057183083	0.0682635023282143
K18691	group	IBS-D	-0.92255488222414594	0.352324708985665	35	35	0.0132348991959128	0.0686185216410121
K01928	group	IBS-D	0.0487896011358972	0.0186540557378038	35	35	0.0133306367900032	0.0690403314226593
K01011	group	IBS-D	0.66966424299045	0.256173000366646	35	35	0.0133753379673306	0.0690729515669815
K01699	group	IBS-D	0.996833774442217	0.381636611638336	35	35	0.0134437130791884	0.0690729515669815
K04029	group	IBS-D	0.972322739322388	0.372212161889825	35	35	0.0134345098653935	0.0690729515669815
K04031	group	IBS-D	0.972188996853228	0.372179614972015	35	35	0.0134387555459725	0.0690729515669815
K06178	group	IBS-D	0.0511915695583393	0.0195779392149142	35	35	0.0133544111367362	0.0690729515669815
K07516	group	IBS-D	-1.16403112431502	0.445431298869445	35	33	0.0134025538978578	0.0690729515669815
K08591	group	IBS-D	-0.215648618508756	0.0825689170120391	35	35	0.0134520328504744	0.0690729515669815
K13919	group	IBS-D	0.996833774442217	0.381636611638336	35	35	0.0134437130791884	0.0690729515669815
K06140	group	IBS-D	-1.62346530781897	0.621797661881698	35	17	0.0134786390030242	0.0691356259118794
K06193	group	IBS-D	-0.328748515920816	0.125975331080855	35	35	0.0135208560098607	0.069278153365359
K13922	group	IBS-D	0.985049322110739	0.377614292773025	35	35	0.0135539623776221	0.0693737456023068
K01746	group	IBS-D	0.602773824978136	0.231154991400531	35	35	0.0135851048809609	0.0694590932199078
K03478	group	IBS-D	-2.04413111985583	0.784378599451479	35	17	0.0136379245338203	0.0695318401608639
K12995	group	IBS-D	-2.51956941950055	0.966869647116046	35	32	0.0136427813854476	0.0695318401608639
K13921	group	IBS-D	1.00640214939285	0.386139316342775	35	35	0.0136291427473782	0.0695318401608639
K02527	group	IBS-D	0.194812253467683	0.0749644401491084	35	35	0.013880680506308	0.0706692970421893
K01835	group	IBS-D	0.106162567281433	0.0408750602900643	35	35	0.0139303374619965	0.0708176081401034
K07271	group	IBS-D	0.384957389896652	0.148232830051956	35	35	0.0139393125791289	0.0708176081401034
K00760	group	IBS-D	0.0551676901948137	0.0212518087724523	35	35	0.0139753332233343	0.0709255547623977
K08678	group	IBS-D	2.01982613690936	0.778504927752806	35	35	0.0140228934986655	0.0710917758047446
K03503	group	IBS-D	-2.01921178035427	0.778800117527687	35	33	0.0140828022738905	0.0713201832457262
K00275	group	IBS-D	-1.15504646392082	0.445611357345094	35	35	0.0141055965981703	0.0713603469629246
K00004	group	IBS-D	-0.811813445302574	0.313706599071006	35	35	0.0142500246057464	0.0717219840565135
K02278	group	IBS-D	1.3194971957303	0.509703110030183	35	34	0.0142176925367555	0.0717219840565135
K03465	group	IBS-D	0.952566747596679	0.367923589244114	35	35	0.0142082043810611	0.0717219840565135
K06416	group	IBS-D	0.779936811889013	0.301328809250766	35	35	0.0142324497571924	0.0717219840565135
K13639	group	IBS-D	-1.46511889917852	0.566172622245742	35	8	0.0142517752113963	0.0717219840565135
K06191	group	IBS-D	-0.434766363905781	0.168161762642674	35	35	0.0143326145993113	0.0720532803050194
K18231	group	IBS-D	-0.727970284545052	0.281638509391399	35	35	0.0143545697158578	0.0720881686253484
K19159	group	IBS-D	-0.478492834000383	0.185245728019838	35	35	0.0144150642708172	0.0723163255634203
K06218	group	IBS-D	0.542141299349626	0.209983975940556	35	35	0.0144564601141391	0.0724482933277471
K16370	group	IBS-D	1.27785304578923	0.495098416641502	35	34	0.0144847334889498	0.0725142914290387
K00215	group	IBS-D	0.0463964735263519	0.0179961176050979	35	35	0.0145848223139557	0.0729003884761554
K09761	group	IBS-D	0.0443393600923751	0.0171996223890643	35	35	0.0145922252292409	0.0729003884761554
K04835	group	IBS-D	1.14971577691066	0.446095954363914	35	35	0.0146147381665859	0.0729369625132836
K07150	group	IBS-D	0.53308759248064	0.206935102884065	35	35	0.014655922962844301	0.0730448360934878
K09164	group	IBS-D	-1.56547344102445	0.607761773874395	35	32	0.0146667823357888	0.0730448360934878
K07459	group	IBS-D	0.596884249399261	0.231772600319441	35	35	0.0146843710132961	0.0730566479117458
K08086	group	IBS-D	-3.01668734224444	1.17312482715778	35	34	0.014818840185218	0.0736493289122481
K04655	group	IBS-D	0.922215539470581	0.358827119466177	35	35	0.0148691199673822	0.0738227972734248
K07177	group	IBS-D	-0.432065273898001	0.168149912691248	35	35	0.014889036385847	0.0738453137277389
K02230	group	IBS-D	0.509627963004294	0.198664166495591	35	35	0.0150412979374177	0.0744618362746841
K10441	group	IBS-D	0.568349233284673	0.221562358758448	35	35	0.0150443618384594	0.0744618362746841
K01921	group	IBS-D	0.0875332146171817	0.0341711313718796	35	35	0.0151735791132467	0.0750240507957749
K07709	group	IBS-D	-1.14222853136943	0.446084066411322	35	8	0.015211541472859	0.0750571537627914
K07803	group	IBS-D	-1.14222853136943	0.446084066411322	35	8	0.015211541472859	0.0750571537627914
K00057	group	IBS-D	0.0456631534232932	0.0180008248830865	35	35	0.016101665288646	0.0757247957909115
K00094	group	IBS-D	-0.838491258286213	0.340554540398379	35	4	0.0192044054795577	0.0757247957909115
K00100	group	IBS-D	0.48954180075478	0.19676277140518	35	35	0.0180722305107058	0.0757247957909115
K00104	group	IBS-D	0.947773699425343	0.403307844695137	35	35	0.0249050065957301	0.0757247957909115
K00124	group	IBS-D	-1.08443924685138	0.455183886073657	35	35	0.0231165422055168	0.0757247957909115
K00127	group	IBS-D	-1.11729220299677	0.472423637072887	35	35	0.0240613102538825	0.0757247957909115
K00245	group	IBS-D	-1.20108556796999	0.509040968290521	35	35	0.0243680221779384	0.0757247957909115
K00246	group	IBS-D	-1.20108556796999	0.509040968290521	35	35	0.0243680221779384	0.0757247957909115
K00247	group	IBS-D	-1.29493021528667	0.541468185650413	35	35	0.0226361012765772	0.0757247957909115
K00330	group	IBS-D	0.374501005882176	0.148860167254844	35	35	0.0169224624476654	0.0757247957909115
K00331	group	IBS-D	0.374541958316357	0.148858231169862	35	35	0.0169101201088703	0.0757247957909115
K00336	group	IBS-D	0.367181128738076	0.14482823648206	35	35	0.0161568806802544	0.0757247957909115
K00337	group	IBS-D	0.374541958316357	0.148858231169862	35	35	0.0169101201088703	0.0757247957909115
K00338	group	IBS-D	0.374541958316357	0.148858231169862	35	35	0.0169101201088703	0.0757247957909115
K00339	group	IBS-D	0.374449559828791	0.148845641742378	35	35	0.0169264786189763	0.0757247957909115
K00340	group	IBS-D	0.374479708935379	0.148844081852144	35	35	0.0169172974223546	0.0757247957909115
K00341	group	IBS-D	0.374349562573672	0.148890666808421	35	35	0.0169840300520482	0.0757247957909115
K00342	group	IBS-D	0.374355073715438	0.148865015767716	35	35	0.0169651158292453	0.0757247957909115
K00343	group	IBS-D	0.374449559828791	0.148845641742378	35	35	0.0169264786189763	0.0757247957909115
K00368	group	IBS-D	-0.648357984200273	0.272353167766768	35	35	0.0232149498250461	0.0757247957909115
K00370	group	IBS-D	0.699474515230043	0.294489905032983	35	35	0.0235040620702954	0.0757247957909115
K00371	group	IBS-D	0.703553825141972	0.292292313009288	35	35	0.0218380907264418	0.0757247957909115
K00374	group	IBS-D	0.699119390409187	0.294324098348245	35	35	0.0234969453655823	0.0757247957909115
K00425	group	IBS-D	0.32661457685394	0.129092428550139	35	35	0.0163580466733685	0.0757247957909115
K00426	group	IBS-D	0.326705763157888	0.129077114747319	35	35	0.0163189542849907	0.0757247957909115
K00554	group	IBS-D	0.0471603899176327	0.0193573025085149	35	35	0.0204001132161582	0.0757247957909115
K00558	group	IBS-D	0.222824133345464	0.0909066279180895	35	35	0.0197058034653202	0.0757247957909115
K00561	group	IBS-D	0.913568939369894	0.378990313364213	35	35	0.0216609014973161	0.0757247957909115
K00631	group	IBS-D	-1.29445380037698	0.544388869596983	35	35	0.0233634968237289	0.0757247957909115
K00632	group	IBS-D	-1.30294538995796	0.536107324155665	35	35	0.0206840136334188	0.0757247957909115
K00647	group	IBS-D	-0.813641688961137	0.335905333790724	35	35	0.0210800129574293	0.0757247957909115
K00680	group	IBS-D	-0.779691084725132	0.323359752182637	35	35	0.0216265004056163	0.0757247957909115
K00769	group	IBS-D	-1.20608728604277	0.51280283724123	35	35	0.0247939524608446	0.0757247957909115
K00791	group	IBS-D	0.131993717974998	0.0532927225848636	35	35	0.0185556558928316	0.0757247957909115
K00817	group	IBS-D	0.212210336453806	0.0887132599263324	35	35	0.0226059907834913	0.0757247957909115
K00852	group	IBS-D	0.474786282491408	0.190107562015235	35	35	0.0176724355724344	0.0757247957909115
K00884	group	IBS-D	-1.30140236663607	0.544655969883867	35	35	0.0227469450725682	0.0757247957909115
K00885	group	IBS-D	-1.30050873460876	0.544527207873673	35	35	0.0228035536426361	0.0757247957909115
K00891	group	IBS-D	0.0860458550452776	0.0351505426188179	35	35	0.019854218877388	0.0757247957909115
K00932	group	IBS-D	-0.920094711605648	0.39349644793904	35	4	0.0255833407150299	0.0757247957909115
K00969	group	IBS-D	0.0955727351171861	0.039721024866255	35	35	0.0218848141112946	0.0757247957909115
K00984	group	IBS-D	-1.22325203221225	0.509787414002941	35	6	0.0222202264520151	0.0757247957909115
K00998	group	IBS-D	-1.30110133152134	0.544652651080574	35	35	0.0227752385743126	0.0757247957909115
K01069	group	IBS-D	-1.02790088628025	0.424525577921308	35	35	0.0211262419428959	0.0757247957909115
K01089	group	IBS-D	-1.25385609720381	0.524432962321488	35	35	0.02266945028123	0.0757247957909115
K01096	group	IBS-D	-1.30490402195037	0.544703066243173	35	35	0.0224221339062513	0.0757247957909115
K01113	group	IBS-D	-2.46848709139217	0.973678460437486	35	32	0.0161595314463889	0.0757247957909115
K01139	group	IBS-D	-1.03767702817914	0.431910095924882	35	35	0.0220665734128794	0.0757247957909115
K01141	group	IBS-D	-1.30105848461154	0.544715602873607	35	35	0.0227939064505198	0.0757247957909115
K01155	group	IBS-D	1.03929606803854	0.426616752675469	35	35	0.0204084358276868	0.0757247957909115
K01166	group	IBS-D	-1.30455665763153	0.544828740445748	35	35	0.0224839369036774	0.0757247957909115
K01169	group	IBS-D	-0.920094711605648	0.39349644793904	35	4	0.0255833407150299	0.0757247957909115
K01175	group	IBS-D	-1.30172338362959	0.544609683156315	35	35	0.0227053360768358	0.0757247957909115
K01186	group	IBS-D	0.434420793735997	0.172683895048123	35	35	0.0169261144349998	0.0757247957909115
K01192	group	IBS-D	-2.46592892844841	0.970493248005594	35	34	0.0159423369334658	0.0757247957909115
K01256	group	IBS-D	-0.304615185049763	0.130101609834765	35	35	0.0254021647968882	0.0757247957909115
K01347	group	IBS-D	-1.29264918844395	0.546669953834726	35	35	0.0240853104722165	0.0757247957909115
K01407	group	IBS-D	-1.31259555740802	0.54308716681419	35	35	0.021342332446882	0.0757247957909115
K01438	group	IBS-D	-0.854485611830502	0.363762943499435	35	35	0.0249611365316092	0.0757247957909115
K01460	group	IBS-D	-1.3072696710257	0.543475193666778	35	35	0.0219208432954486	0.0757247957909115
K01466	group	IBS-D	1.18787348342373	0.492719974583939	35	33	0.0216450596422889	0.0757247957909115
K01484	group	IBS-D	-1.51357807074248	0.601453231328044	35	8	0.0168926317472583	0.0757247957909115
K01495	group	IBS-D	0.281988212304104	0.114516814082374	35	35	0.0191916858047778	0.0757247957909115
K01588	group	IBS-D	0.04596445640242	0.0181188016082762	35	35	0.016097376138681	0.0757247957909115
K01643	group	IBS-D	0.558639673246558	0.221886584414356	35	35	0.0168467907571096	0.0757247957909115
K01646	group	IBS-D	0.558562911214339	0.221891616590148	35	35	0.0168628966095978	0.0757247957909115
K01664	group	IBS-D	-0.421470839131249	0.169203327369184	35	35	0.0179476560198488	0.0757247957909115
K01671	group	IBS-D	-0.838491258286213	0.340554540398379	35	4	0.0192044054795577	0.0757247957909115
K01711	group	IBS-D	0.480048823059589	0.199441877819673	35	35	0.0218411440941716	0.0757247957909115
K01716	group	IBS-D	-1.28038091794953	0.539420579581944	35	35	0.02358997177011	0.0757247957909115
K01739	group	IBS-D	-0.194112389408856	0.0804121712899957	35	35	0.0214889341274586	0.0757247957909115
K01759	group	IBS-D	-0.24089653636599	0.0960322078355707	35	35	0.0172173103206395	0.0757247957909115
K01766	group	IBS-D	-1.30110133152134	0.544652651080574	35	35	0.0227752385743126	0.0757247957909115
K01782	group	IBS-D	-1.31799892525224	0.543500916905058	35	35	0.0209440191512075	0.0757247957909115
K01834	group	IBS-D	-0.279123829595415	0.118330786717648	35	35	0.0244051308936755	0.0757247957909115
K01880	group	IBS-D	0.395954527292022	0.156246020119594	35	35	0.0161997288433705	0.0757247957909115
K01919	group	IBS-D	-0.712983055766869	0.30454264348154	35	35	0.025413996964515	0.0757247957909115
K01933	group	IBS-D	0.04594874355854	0.0181233624501564	35	35	0.0161551407476831	0.0757247957909115
K01938	group	IBS-D	0.0885472830793996	0.0347032279003027	35	35	0.0155424690788515	0.0757247957909115
K01958	group	IBS-D	0.671976388177925	0.263052582441381	35	35	0.0154324783565972	0.0757247957909115
K02028	group	IBS-D	-0.183922301994117	0.0779058033830412	35	35	0.0242941473754768	0.0757247957909115
K02065	group	IBS-D	0.199037299299209	0.082371860187038	35	35	0.0213715410789709	0.0757247957909115
K02067	group	IBS-D	0.199044820030573	0.0824045978975257	35	35	0.0214147094479762	0.0757247957909115
K02068	group	IBS-D	0.857314650668814	0.338322611463968	35	35	0.0162058292175351	0.0757247957909115
K02075	group	IBS-D	-1.058558014173	0.448901751653525	35	35	0.0244464680210298	0.0757247957909115
K02100	group	IBS-D	-0.920094711605648	0.39349644793904	35	4	0.0255833407150299	0.0757247957909115
K02182	group	IBS-D	1.52271145687286	0.596936057141673	35	35	0.0155676689551357	0.0757247957909115
K02190	group	IBS-D	0.478932818332406	0.188662512421336	35	35	0.0160311701644449	0.0757247957909115
K02193	group	IBS-D	-1.19310341242362	0.493861850631849	35	35	0.0213944739526067	0.0757247957909115
K02194	group	IBS-D	-1.19253491005054	0.493906542525802	35	35	0.0214626385224743	0.0757247957909115
K02195	group	IBS-D	-1.19142789662075	0.494041006272141	35	35	0.0216075139329424	0.0757247957909115
K02196	group	IBS-D	-1.29234323959883	0.544743514691961	35	35	0.0236570882570739	0.0757247957909115
K02197	group	IBS-D	-1.19216929622481	0.493869856134032	35	35	0.0214906129758457	0.0757247957909115
K02198	group	IBS-D	-1.19246852575515	0.493892683493674	35	35	0.0214659610077837	0.0757247957909115
K02199	group	IBS-D	-1.29417066252148	0.543091659301755	35	35	0.0230872849236821	0.0757247957909115
K02200	group	IBS-D	-1.29322551577423	0.542569508787447	35	35	0.0230579396759521	0.0757247957909115
K02233	group	IBS-D	0.355458150065848	0.148454814130566	35	35	0.0224864440209537	0.0757247957909115
K02255	group	IBS-D	-0.920094711605648	0.39349644793904	35	4	0.0255833407150299	0.0757247957909115
K02282	group	IBS-D	1.24196881291567	0.494459126209233	35	34	0.0170843269144495	0.0757247957909115
K02317	group	IBS-D	-0.920094711605648	0.39349644793904	35	4	0.0255833407150299	0.0757247957909115
K02336	group	IBS-D	-0.920094711605648	0.39349644793904	35	4	0.0255833407150299	0.0757247957909115
K02344	group	IBS-D	-1.30110133152134	0.544652651080574	35	35	0.0227752385743126	0.0757247957909115
K02345	group	IBS-D	-0.920094711605648	0.39349644793904	35	4	0.0255833407150299	0.0757247957909115
K02362	group	IBS-D	-0.920094711605648	0.39349644793904	35	4	0.0255833407150299	0.0757247957909115
K02380	group	IBS-D	-1.20466759627829	0.503440893165945	35	35	0.0225655122395387	0.0757247957909115
K02381	group	IBS-D	-0.838491258286213	0.340554540398379	35	4	0.0192044054795577	0.0757247957909115
K02425	group	IBS-D	-0.920094711605648	0.39349644793904	35	4	0.0255833407150299	0.0757247957909115
K02428	group	IBS-D	0.152734950087843	0.0607406176624246	35	35	0.0169725315484505	0.0757247957909115
K02439	group	IBS-D	-1.30115278651324	0.544657263098549	35	35	0.0227713332662158	0.0757247957909115
K02441	group	IBS-D	-0.858506532531252	0.343709484940576	35	35	0.0176596429363079	0.0757247957909115
K02467	group	IBS-D	-0.920094711605648	0.39349644793904	35	4	0.0255833407150299	0.0757247957909115
K02468	group	IBS-D	-0.920094711605648	0.39349644793904	35	4	0.0255833407150299	0.0757247957909115
K02472	group	IBS-D	-1.19042521860123	0.493354969805891	35	35	0.021541358114803	0.0757247957909115
K02485	group	IBS-D	-0.920094711605648	0.39349644793904	35	4	0.0255833407150299	0.0757247957909115
K02504	group	IBS-D	-1.30119364334277	0.544640648770951	35	35	0.0227635558614721	0.0757247957909115
K02505	group	IBS-D	-1.30110133152134	0.544652651080574	35	35	0.0227752385743126	0.0757247957909115
K02506	group	IBS-D	-1.30101714779792	0.544564393837044	35	35	0.0227630070380002	0.0757247957909115
K02508	group	IBS-D	-0.920094711605648	0.39349644793904	35	4	0.0255833407150299	0.0757247957909115
K02511	group	IBS-D	-0.920094711605648	0.39349644793904	35	4	0.0255833407150299	0.0757247957909115
K02521	group	IBS-D	-1.30172710202561	0.544622365168905	35	35	0.0227078977696728	0.0757247957909115
K02528	group	IBS-D	0.0641493937443536	0.0251098793688963	35	35	0.0154245711493823	0.0757247957909115
K02560	group	IBS-D	-1.30110133152134	0.544652651080574	35	35	0.0227752385743126	0.0757247957909115
K02567	group	IBS-D	-1.20733141462462	0.511804763189528	35	35	0.0243981302606467	0.0757247957909115
K02568	group	IBS-D	-1.21962497079235	0.512312458680339	35	35	0.023212321657289	0.0757247957909115
K02569	group	IBS-D	-1.22879667493089	0.514765749262178	35	35	0.0228682935241199	0.0757247957909115
K02570	group	IBS-D	-1.20733141462462	0.511804763189528	35	35	0.0243981302606467	0.0757247957909115
K02572	group	IBS-D	-1.21374070635221	0.51440337286555	35	35	0.0243677493747729	0.0757247957909115
K02679	group	IBS-D	-1.30110133152134	0.544652651080574	35	35	0.0227752385743126	0.0757247957909115
K02680	group	IBS-D	-1.30110133152134	0.544652651080574	35	35	0.0227752385743126	0.0757247957909115
K02681	group	IBS-D	-1.30110133152134	0.544652651080574	35	35	0.0227752385743126	0.0757247957909115
K02682	group	IBS-D	-1.30119364334277	0.544640648770951	35	35	0.0227635558614721	0.0757247957909115
K02742	group	IBS-D	-1.30110133152134	0.544652651080574	35	35	0.0227752385743126	0.0757247957909115
K02822	group	IBS-D	0.573663791131419	0.231873618570012	35	35	0.0186752193940902	0.0757247957909115
K02839	group	IBS-D	-1.31529098645805	0.517189457085138	35	35	0.0158571739066818	0.0757247957909115
K02840	group	IBS-D	-0.838491258286213	0.340554540398379	35	4	0.0192044054795577	0.0757247957909115
K02846	group	IBS-D	-0.920094711605648	0.39349644793904	35	4	0.0255833407150299	0.0757247957909115
K02847	group	IBS-D	-1.19952357182194	0.494114896252325	35	35	0.0208174529248097	0.0757247957909115
K02848	group	IBS-D	-0.838491258286213	0.340554540398379	35	4	0.0192044054795577	0.0757247957909115
K02854	group	IBS-D	-0.838491258286213	0.340554540398379	35	4	0.0192044054795577	0.0757247957909115
K02972	group	IBS-D	-0.920094711605648	0.39349644793904	35	4	0.0255833407150299	0.0757247957909115
K03078	group	IBS-D	-1.27132632289299	0.522643804580294	35	35	0.0205825915988577	0.0757247957909115
K03113	group	IBS-D	-1.19303816251858	0.507928080387857	35	35	0.0249717081780297	0.0757247957909115
K03149	group	IBS-D	-0.705201142168107	0.296426685784173	35	35	0.0232991868290308	0.0757247957909115
K03154	group	IBS-D	-0.735545443691217	0.304548237859588	35	35	0.0214274422561955	0.0757247957909115
K03184	group	IBS-D	-1.31284636090626	0.543046767143685	35	35	0.0213105371257291	0.0757247957909115
K03185	group	IBS-D	-1.30747637109264	0.543318501000098	35	35	0.0218663295761748	0.0757247957909115
K03195	group	IBS-D	-1.73984951162188	0.700377916772744	35	35	0.0182357021140693	0.0757247957909115
K03199	group	IBS-D	-1.57530976773224	0.657143706215313	35	35	0.0223401758434003	0.0757247957909115
K03205	group	IBS-D	-0.467793979971994	0.194588997535743	35	35	0.0219910266265299	0.0757247957909115
K03214	group	IBS-D	-1.29785276819082	0.542571476381435	35	35	0.0226087325137	0.0757247957909115
K03218	group	IBS-D	-0.141216264625454	0.0562514459952096	35	35	0.017138038404126	0.0757247957909115
K03220	group	IBS-D	-0.838491258286213	0.340554540398379	35	4	0.0192044054795577	0.0757247957909115
K03221	group	IBS-D	-0.83849125828622	0.340554540398379	35	4	0.0192044054795567	0.0757247957909115
K03225	group	IBS-D	-0.83849125828622	0.340554540398379	35	4	0.0192044054795567	0.0757247957909115
K03278	group	IBS-D	-0.838491258286213	0.340554540398379	35	4	0.0192044054795577	0.0757247957909115
K03279	group	IBS-D	-3.10492282747744	1.27217562961716	35	30	0.0201950044864922	0.0757247957909115
K03280	group	IBS-D	-0.838491258286213	0.340554540398379	35	4	0.0192044054795577	0.0757247957909115
K03314	group	IBS-D	-1.30110133152134	0.544652651080574	35	35	0.0227752385743126	0.0757247957909115
K03328	group	IBS-D	0.735583261233448	0.291706015452718	35	35	0.0166885666368171	0.0757247957909115
K03329	group	IBS-D	-0.838491258286213	0.340554540398379	35	4	0.0192044054795577	0.0757247957909115
K03425	group	IBS-D	-0.920094711605648	0.39349644793904	35	4	0.0255833407150299	0.0757247957909115
K03468	group	IBS-D	-0.920094711605648	0.39349644793904	35	4	0.0255833407150299	0.0757247957909115
K03477	group	IBS-D	-1.31089787930169	0.542767446045807	35	35	0.0214269854716141	0.0757247957909115
K03484	group	IBS-D	-0.371816798044195	0.15172866769699	35	35	0.0197332232147793	0.0757247957909115
K03485	group	IBS-D	-0.920094711605648	0.39349644793904	35	4	0.0255833407150299	0.0757247957909115
K03486	group	IBS-D	-0.435334371622735	0.174176930008196	35	35	0.0175925168581685	0.0757247957909115
K03490	group	IBS-D	-0.920094711605648	0.39349644793904	35	4	0.0255833407150299	0.0757247957909115
K03516	group	IBS-D	-0.920094711605648	0.39349644793904	35	4	0.0255833407150299	0.0757247957909115
K03528	group	IBS-D	-1.29159537272415	0.543273780422483	35	35	0.0233840140204784	0.0757247957909115
K03531	group	IBS-D	0.0812983717754128	0.0325690815631865	35	35	0.0177258804950977	0.0757247957909115
K03546	group	IBS-D	0.388114717636347	0.153968852712493	35	35	0.0167252040808012	0.0757247957909115
K03548	group	IBS-D	-1.29589269197739	0.541246079985219	35	35	0.0224921535515191	0.0757247957909115
K03560	group	IBS-D	-1.25675165749277	0.521159166071894	35	35	0.0216146658743809	0.0757247957909115
K03562	group	IBS-D	-1.28334701391303	0.537474407177897	35	35	0.0228346665734687	0.0757247957909115
K03565	group	IBS-D	0.049429798762299	0.0196214291843027	35	35	0.0167872493977047	0.0757247957909115
K03566	group	IBS-D	-1.3060458971916	0.54592749136512	35	35	0.022592905040601	0.0757247957909115
K03573	group	IBS-D	-1.30115278651324	0.544657263098549	35	35	0.0227713332662158	0.0757247957909115
K03580	group	IBS-D	-1.29791324095491	0.546451091525538	35	35	0.0235061696544412	0.0757247957909115
K03588	group	IBS-D	0.0438494054697749	0.0175706200808806	35	35	0.0177498783972196	0.0757247957909115
K03591	group	IBS-D	-1.30110133152134	0.544652651080574	35	35	0.0227752385743126	0.0757247957909115
K03592	group	IBS-D	-0.999503275401518	0.408670178645996	35	35	0.0199555833385732	0.0757247957909115
K03597	group	IBS-D	-1.29973647716256	0.543650580818772	35	35	0.0226758714860267	0.0757247957909115
K03598	group	IBS-D	-1.29902881408523	0.543587754864569	35	35	0.0227296632196468	0.0757247957909115
K03602	group	IBS-D	0.0475230067065707	0.020303050090468	35	35	0.0254417183736974	0.0757247957909115
K03603	group	IBS-D	-1.30115278651324	0.544657263098549	35	35	0.0227713332662158	0.0757247957909115
K03607	group	IBS-D	-1.28844198857694	0.544529910324895	35	35	0.0239987434669508	0.0757247957909115
K03616	group	IBS-D	-0.810799204549187	0.338792784055594	35	35	0.0225481505849122	0.0757247957909115
K03618	group	IBS-D	-0.83849125828622	0.340554540398379	35	4	0.0192044054795567	0.0757247957909115
K03619	group	IBS-D	-0.83849125828622	0.340554540398379	35	4	0.0192044054795567	0.0757247957909115
K03632	group	IBS-D	-1.30110133152134	0.544652651080574	35	35	0.0227752385743126	0.0757247957909115
K03633	group	IBS-D	-1.30110133152134	0.544652651080574	35	35	0.0227752385743126	0.0757247957909115
K03639	group	IBS-D	0.401414103863835	0.168733729572187	35	35	0.0233006539412405	0.0757247957909115
K03641	group	IBS-D	-1.17147609040572	0.48853540206649	35	35	0.0223026003236217	0.0757247957909115
K03645	group	IBS-D	-1.30115278651324	0.544657263098549	35	35	0.0227713332662158	0.0757247957909115
K03651	group	IBS-D	-1.29848539212641	0.546289676839325	35	35	0.0234116513848754	0.0757247957909115
K03658	group	IBS-D	-0.920094711605648	0.39349644793904	35	4	0.0255833407150299	0.0757247957909115
K03668	group	IBS-D	-0.920094711605648	0.39349644793904	35	4	0.0255833407150299	0.0757247957909115
K03674	group	IBS-D	-1.30110133152134	0.544652651080574	35	35	0.0227752385743126	0.0757247957909115
K03683	group	IBS-D	-1.29255784941488	0.5430517443112	35	35	0.0232365682071982	0.0757247957909115
K03686	group	IBS-D	0.0913984270186846	0.0388481846739716	35	35	0.0247510022309872	0.0757247957909115
K03712	group	IBS-D	-0.920094711605648	0.39349644793904	35	4	0.0255833407150299	0.0757247957909115
K03720	group	IBS-D	-1.3012046994162	0.54446002444122	35	35	0.0227208503252989	0.0757247957909115
K03721	group	IBS-D	-1.30124509833468	0.54464526089056	35	35	0.0227596524097025	0.0757247957909115
K03732	group	IBS-D	-1.29067062906697	0.54098791419579	35	35	0.0229387558551462	0.0757247957909115
K03746	group	IBS-D	-1.27923758820174	0.542178001797767	35	35	0.0243716364135518	0.0757247957909115
K03753	group	IBS-D	-1.21233508520535	0.492730014119541	35	35	0.0192806529289638	0.0757247957909115
K03755	group	IBS-D	-0.838491258286213	0.340554540398379	35	4	0.0192044054795577	0.0757247957909115
K03757	group	IBS-D	-0.838491258286213	0.340554540398379	35	4	0.0192044054795577	0.0757247957909115
K03759	group	IBS-D	-0.838491258286213	0.340554540398379	35	4	0.0192044054795577	0.0757247957909115
K03764	group	IBS-D	-1.30115278651324	0.544657263098549	35	35	0.0227713332662158	0.0757247957909115
K03765	group	IBS-D	-0.838491258286213	0.340554540398379	35	4	0.0192044054795577	0.0757247957909115
K03773	group	IBS-D	0.483336545286438	0.200230327347784	35	35	0.0214921764841298	0.0757247957909115
K03787	group	IBS-D	0.196073518262215	0.0790611882245608	35	35	0.0184141335441809	0.0757247957909115
K03790	group	IBS-D	-0.287306712340619	0.112584903564501	35	35	0.0155293445231672	0.0757247957909115
K03803	group	IBS-D	-0.837486522178955	0.347371880755503	35	35	0.0216413941862553	0.0757247957909115
K03804	group	IBS-D	-1.30110133152134	0.544652651080574	35	35	0.0227752385743126	0.0757247957909115
K03807	group	IBS-D	-0.920094711605648	0.39349644793904	35	4	0.0255833407150299	0.0757247957909115
K03815	group	IBS-D	-0.920094711605648	0.39349644793904	35	4	0.0255833407150299	0.0757247957909115
K03819	group	IBS-D	-0.920094711605648	0.39349644793904	35	4	0.0255833407150299	0.0757247957909115
K03824	group	IBS-D	-1.7089532211303	0.699692540496992	35	12	0.02011055672778	0.0757247957909115
K03831	group	IBS-D	-1.19938027671009	0.511946918769697	35	35	0.02531988467421	0.0757247957909115
K03834	group	IBS-D	-1.29955752548784	0.544443039970324	35	35	0.0228762251471791	0.0757247957909115
K03837	group	IBS-D	-1.29628525906187	0.543175458319421	35	35	0.0229002166968282	0.0757247957909115
K03838	group	IBS-D	-0.920094711605648	0.39349644793904	35	4	0.0255833407150299	0.0757247957909115
K03971	group	IBS-D	-0.920094711605648	0.39349644793904	35	4	0.0255833407150299	0.0757247957909115
K03972	group	IBS-D	-2.54523734686849	0.99851242432384	35	35	0.0156365114591082	0.0757247957909115
K04013	group	IBS-D	-1.30050873460876	0.544527207873673	35	35	0.0228035536426361	0.0757247957909115
K04014	group	IBS-D	-1.21648809637329	0.514037810958026	35	35	0.0239778113254162	0.0757247957909115
K04015	group	IBS-D	-1.2162329801124	0.514116343458205	35	35	0.0240251310993258	0.0757247957909115
K04016	group	IBS-D	-1.30050873460876	0.544527207873673	35	35	0.0228035536426361	0.0757247957909115
K04020	group	IBS-D	-0.838491258286213	0.340554540398379	35	4	0.0192044054795577	0.0757247957909115
K04021	group	IBS-D	-0.838491258286213	0.340554540398379	35	4	0.0192044054795577	0.0757247957909115
K04022	group	IBS-D	-0.838491258286213	0.340554540398379	35	4	0.0192044054795577	0.0757247957909115
K04025	group	IBS-D	-0.838491258286213	0.340554540398379	35	4	0.0192044054795577	0.0757247957909115
K04033	group	IBS-D	-0.883753118705091	0.369727079478274	35	4	0.0227006155459404	0.0757247957909115
K04058	group	IBS-D	-0.838491258286213	0.340554540398379	35	4	0.0192044054795577	0.0757247957909115
K04064	group	IBS-D	-0.920094711605648	0.39349644793904	35	4	0.0255833407150299	0.0757247957909115
K04067	group	IBS-D	-1.30115278651324	0.544657263098549	35	35	0.0227713332662158	0.0757247957909115
K04081	group	IBS-D	-0.920094711605648	0.39349644793904	35	4	0.0255833407150299	0.0757247957909115
K04085	group	IBS-D	-1.20820072272568	0.494262511466169	35	35	0.020016023283658	0.0757247957909115
K04087	group	IBS-D	-1.28955184395829	0.536696708238294	35	35	0.0220549740050573	0.0757247957909115
K04088	group	IBS-D	-1.28991150910851	0.536735280258834	35	35	0.0220295735094844	0.0757247957909115
K04103	group	IBS-D	-1.11980165203347	0.441237719662853	35	6	0.0160580704418693	0.0757247957909115
K04333	group	IBS-D	-0.920094711605648	0.39349644793904	35	4	0.0255833407150299	0.0757247957909115
K04334	group	IBS-D	-0.920094711605648	0.39349644793904	35	4	0.0255833407150299	0.0757247957909115
K04336	group	IBS-D	-0.920094711605648	0.39349644793904	35	4	0.0255833407150299	0.0757247957909115
K04565	group	IBS-D	-1.21710639621197	0.512920780886196	35	35	0.02362960298392	0.0757247957909115
K04568	group	IBS-D	-1.29014622358358	0.541299961471447	35	35	0.023063178453763	0.0757247957909115
K04691	group	IBS-D	-1.29782106478646	0.546462957390398	35	35	0.0235180959155965	0.0757247957909115
K04753	group	IBS-D	-1.30110133152134	0.544652651080574	35	35	0.0227752385743126	0.0757247957909115
K04765	group	IBS-D	-1.29582830070331	0.546374829310873	35	35	0.0236954902068277	0.0757247957909115
K04770	group	IBS-D	-1.30110133152134	0.544652651080574	35	35	0.0227752385743126	0.0757247957909115
K04772	group	IBS-D	-0.855848925920825	0.345286994735245	35	35	0.0184732789519025	0.0757247957909115
K04774	group	IBS-D	-1.29255784941488	0.5430517443112	35	35	0.0232365682071982	0.0757247957909115
K05349	group	IBS-D	0.564815031138817	0.229033270481155	35	35	0.0190273667028115	0.0757247957909115
K05365	group	IBS-D	-1.29255784941488	0.5430517443112	35	35	0.0232365682071982	0.0757247957909115
K05501	group	IBS-D	-1.29937666697594	0.543592816125385	35	35	0.0226972510086539	0.0757247957909115
K05517	group	IBS-D	-0.920094711605648	0.39349644793904	35	4	0.0255833407150299	0.0757247957909115
K05566	group	IBS-D	-0.981543557977	0.39226784346499	35	35	0.0174745237709563	0.0757247957909115
K05590	group	IBS-D	-1.30115278651324	0.544657263098549	35	35	0.0227713332662158	0.0757247957909115
K05594	group	IBS-D	-0.920094711605648	0.39349644793904	35	4	0.0255833407150299	0.0757247957909115
K05776	group	IBS-D	-1.28890303640583	0.541444487176294	35	35	0.023219680396058	0.0757247957909115
K05785	group	IBS-D	-0.920094711605648	0.39349644793904	35	4	0.0255833407150299	0.0757247957909115
K05787	group	IBS-D	-1.30114379120278	0.544657701816738	35	35	0.0227723031620832	0.0757247957909115
K05789	group	IBS-D	-1.31279331982017	0.542945779239788	35	35	0.0212931142789354	0.0757247957909115
K05790	group	IBS-D	-1.3127567675245	0.543147831940092	35	35	0.021341000720908	0.0757247957909115
K05798	group	IBS-D	-0.920094711605648	0.39349644793904	35	4	0.0255833407150299	0.0757247957909115
K05802	group	IBS-D	-1.30256026407779	0.54470110106496	35	35	0.0226458533929114	0.0757247957909115
K05803	group	IBS-D	-1.30115278651324	0.544657263098549	35	35	0.0227713332662158	0.0757247957909115
K05809	group	IBS-D	-1.30110133152134	0.544652651080574	35	35	0.0227752385743126	0.0757247957909115
K05811	group	IBS-D	-0.920094711605648	0.39349644793904	35	4	0.0255833407150299	0.0757247957909115
K05839	group	IBS-D	-0.920094711605648	0.39349644793904	35	4	0.0255833407150299	0.0757247957909115
K05844	group	IBS-D	-1.29894911482551	0.543018866176884	35	35	0.022606214041912098	0.0757247957909115
K05851	group	IBS-D	-1.30110133152134	0.544652651080574	35	35	0.0227752385743126	0.0757247957909115
K05887	group	IBS-D	-0.838491258286213	0.340554540398379	35	4	0.0192044054795577	0.0757247957909115
K05939	group	IBS-D	-1.22772760984672	0.512418267012154	35	35	0.0224053539728144	0.0757247957909115
K05970	group	IBS-D	0.604912945911762	0.257896705647018	35	35	0.0251593399116836	0.0757247957909115
K05984	group	IBS-D	-0.920094711605648	0.39349644793904	35	4	0.0255833407150299	0.0757247957909115
K05997	group	IBS-D	-0.920094711605648	0.39349644793904	35	4	0.0255833407150299	0.0757247957909115
K06039	group	IBS-D	-1.22135931709361	0.509050542461714	35	35	0.0222328169828372	0.0757247957909115
K06073	group	IBS-D	-0.920094711605648	0.39349644793904	35	4	0.0255833407150299	0.0757247957909115
K06074	group	IBS-D	-0.920094711605648	0.39349644793904	35	4	0.0255833407150299	0.0757247957909115
K06077	group	IBS-D	-1.29002262119447	0.543598149830107	35	35	0.0236173887427641	0.0757247957909115
K06078	group	IBS-D	-0.886087650052564	0.371245493230264	35	4	0.0228842279729549	0.0757247957909115
K06080	group	IBS-D	-0.920094711605648	0.39349644793904	35	4	0.0255833407150299	0.0757247957909115
K06113	group	IBS-D	1.30729138297288	0.521141307874446	35	35	0.0172165435343059	0.0757247957909115
K06141	group	IBS-D	-0.920094711605648	0.39349644793904	35	4	0.0255833407150299	0.0757247957909115
K06144	group	IBS-D	-0.920094711605648	0.39349644793904	35	4	0.0255833407150299	0.0757247957909115
K06146	group	IBS-D	-0.838491258286213	0.340554540398379	35	4	0.0192044054795577	0.0757247957909115
K06149	group	IBS-D	-1.28649897570378	0.536698390767753	35	35	0.0223477268207267	0.0757247957909115
K06157	group	IBS-D	-0.838491258286213	0.340554540398379	35	4	0.0192044054795577	0.0757247957909115
K06176	group	IBS-D	-1.19596992024578	0.510484927676083	35	35	0.0253182091912236	0.0757247957909115
K06197	group	IBS-D	-0.920094711605648	0.39349644793904	35	4	0.0255833407150299	0.0757247957909115
K06203	group	IBS-D	-1.30721077361452	0.540475746757409	35	35	0.0212574573601268	0.0757247957909115
K06205	group	IBS-D	-1.30120421949231	0.544661875568596	35	35	0.0227674308623063	0.0757247957909115
K06212	group	IBS-D	-1.30110133152134	0.544652651080574	35	35	0.0227752385743126	0.0757247957909115
K06222	group	IBS-D	-1.47754690504507	0.589055212168709	35	7	0.0172239882700707	0.0757247957909115
K06606	group	IBS-D	-0.878943493883731	0.366602774555426	35	4	0.0223231766770473	0.0757247957909115
K06866	group	IBS-D	-1.28928576054089	0.544573276083412	35	35	0.0239237721645331	0.0757247957909115
K06879	group	IBS-D	-1.29681692855459	0.546495650849173	35	35	0.0236255283707261	0.0757247957909115
K06884	group	IBS-D	-0.920094711605653	0.39349644793904	35	4	0.0255833407150292	0.0757247957909115
K06899	group	IBS-D	-1.30142107853647	0.544676962384425	35	35	0.0227499790537581	0.0757247957909115
K06915	group	IBS-D	-0.416857595025886	0.170220771946316	35	35	0.0198078798801053	0.0757247957909115
K06918	group	IBS-D	-1.30174818001309	0.544701069459583	35	35	0.0227239913748982	0.0757247957909115
K06920	group	IBS-D	0.197554166679402	0.0833914313011673	35	35	0.0238423368570386	0.0757247957909115
K06921	group	IBS-D	1.07151835904081	0.457296238244012	35	35	0.0252980191177656	0.0757247957909115
K06926	group	IBS-D	0.612015949450064	0.254007659349357	35	35	0.0217159886254346	0.0757247957909115
K06957	group	IBS-D	-1.29493021528667	0.541468185650413	35	35	0.0226361012765772	0.0757247957909115
K06968	group	IBS-D	-1.29802124208737	0.542670463317061	35	35	0.022615310878266	0.0757247957909115
K07009	group	IBS-D	-0.398295478953225	0.158895193163939	35	35	0.0172925201283789	0.0757247957909115
K07014	group	IBS-D	-1.22900177115486	0.516652655869711	35	35	0.0233115052639607	0.0757247957909115
K07026	group	IBS-D	-0.920094711605648	0.39349644793904	35	4	0.0255833407150299	0.0757247957909115
K07029	group	IBS-D	-0.420236987141064	0.167909814349689	35	35	0.0174527997353491	0.0757247957909115
K07109	group	IBS-D	-1.30110133152134	0.544652651080574	35	35	0.0227752385743126	0.0757247957909115
K07121	group	IBS-D	-1.30518247121174	0.544573080322987	35	35	0.0223660226693487	0.0757247957909115
K07132	group	IBS-D	-2.13265926242177	0.846738242125378	35	35	0.0168070977913694	0.0757247957909115
K07149	group	IBS-D	-1.20586242147759	0.49559779656611	35	35	0.0205511267606679	0.0757247957909115
K07153	group	IBS-D	-1.29972117249007	0.541430918528417	35	35	0.0221690261086203	0.0757247957909115
K07160	group	IBS-D	0.568888205943332	0.228622374788674	35	35	0.0180572636059879	0.0757247957909115
K07183	group	IBS-D	0.577617185694635	0.230268099510834	35	35	0.0172190314745968	0.0757247957909115
K07184	group	IBS-D	-1.29550426115547	0.541433165645014	35	35	0.0225726262398241	0.0757247957909115
K07186	group	IBS-D	-1.30157854789423	0.544389874856989	35	35	0.022668692567647	0.0757247957909115
K07229	group	IBS-D	-0.920094711605648	0.39349644793904	35	4	0.0255833407150299	0.0757247957909115
K07235	group	IBS-D	-1.28913574803495	0.541381950272796	35	35	0.0231819742466968	0.0757247957909115
K07236	group	IBS-D	-1.2861859965294	0.541226405270936	35	35	0.0234380165103268	0.0757247957909115
K07237	group	IBS-D	-1.29287327575051	0.539306734550738	35	35	0.0223360383982639	0.0757247957909115
K07251	group	IBS-D	-0.920094711605648	0.39349644793904	35	4	0.0255833407150299	0.0757247957909115
K07261	group	IBS-D	-1.30190913596341	0.54463021050915	35	35	0.0226921738525904	0.0757247957909115
K07264	group	IBS-D	-0.920094711605648	0.39349644793904	35	4	0.0255833407150299	0.0757247957909115
K07268	group	IBS-D	-1.2996850110752	0.544532716571524	35	35	0.0228846231990193	0.0757247957909115
K07269	group	IBS-D	-0.920094711605648	0.39349644793904	35	4	0.0255833407150299	0.0757247957909115
K07286	group	IBS-D	-1.21249099261546	0.514235018783148	35	35	0.0244606316853026	0.0757247957909115
K07314	group	IBS-D	-0.838491258286213	0.340554540398379	35	4	0.0192044054795577	0.0757247957909115
K07340	group	IBS-D	-1.29365377537274	0.543148522647908	35	35	0.0231513367368245	0.0757247957909115
K07343	group	IBS-D	-1.25242459185803	0.532710312502023	35	35	0.0248456348127878	0.0757247957909115
K07348	group	IBS-D	-0.920094711605648	0.39349644793904	35	4	0.0255833407150299	0.0757247957909115
K07350	group	IBS-D	-0.920094711605648	0.39349644793904	35	4	0.0255833407150299	0.0757247957909115
K07351	group	IBS-D	-0.920094711605648	0.39349644793904	35	4	0.0255833407150299	0.0757247957909115
K07400	group	IBS-D	-1.29782106478646	0.546462957390398	35	35	0.0235180959155965	0.0757247957909115
K07470	group	IBS-D	-0.920094711605648	0.39349644793904	35	4	0.0255833407150299	0.0757247957909115
K07479	group	IBS-D	-1.30124509833468	0.54464526089056	35	35	0.0227596524097025	0.0757247957909115
K07490	group	IBS-D	-0.920094711605648	0.39349644793904	35	4	0.0255833407150299	0.0757247957909115
K07507	group	IBS-D	0.412860416583358	0.176048205503092	35	35	0.0251828064759945	0.0757247957909115
K07592	group	IBS-D	-0.920094711605648	0.39349644793904	35	4	0.0255833407150299	0.0757247957909115
K07640	group	IBS-D	-1.3018983111244	0.54440977439853	35	35	0.022642517429077	0.0757247957909115
K07643	group	IBS-D	-0.920094711605648	0.39349644793904	35	4	0.0255833407150299	0.0757247957909115
K07647	group	IBS-D	-0.838491258286213	0.340554540398379	35	4	0.0192044054795577	0.0757247957909115
K07648	group	IBS-D	-1.30068201409135	0.544920907966633	35	35	0.0228777912979703	0.0757247957909115
K07662	group	IBS-D	-1.28120691042598	0.545049616775752	35	35	0.0248694480672786	0.0757247957909115
K07666	group	IBS-D	-1.29412906695842	0.54390961769718	35	35	0.0232829685301142	0.0757247957909115
K07674	group	IBS-D	-1.30110945961936	0.544552380675278	35	35	0.0227513253616987	0.0757247957909115
K07676	group	IBS-D	-0.920094711605648	0.39349644793904	35	4	0.0255833407150299	0.0757247957909115
K07685	group	IBS-D	-1.30068523015361	0.544603497230005	35	35	0.0228041056599189	0.0757247957909115
K07688	group	IBS-D	-0.920094711605648	0.39349644793904	35	4	0.0255833407150299	0.0757247957909115
K07699	group	IBS-D	-1.05665307426253	0.417964075348145	35	35	0.0164354922567601	0.0757247957909115
K07700	group	IBS-D	-0.920094711605653	0.39349644793904	35	4	0.0255833407150292	0.0757247957909115
K07701	group	IBS-D	-0.920094711605648	0.39349644793904	35	4	0.0255833407150299	0.0757247957909115
K07702	group	IBS-D	-0.920094711605653	0.39349644793904	35	4	0.0255833407150292	0.0757247957909115
K07703	group	IBS-D	-0.920094711605648	0.39349644793904	35	4	0.0255833407150299	0.0757247957909115
K07751	group	IBS-D	-1.30115278651324	0.544657263098549	35	35	0.0227713332662158	0.0757247957909115
K07772	group	IBS-D	-0.838491258286213	0.340554540398379	35	4	0.0192044054795577	0.0757247957909115
K07773	group	IBS-D	-1.30115278651324	0.544657263098549	35	35	0.0227713332662158	0.0757247957909115
K07778	group	IBS-D	-0.423173367723463	0.168473176581652	35	35	0.0170826258451074	0.0757247957909115
K07781	group	IBS-D	-0.920094711605648	0.39349644793904	35	4	0.0255833407150299	0.0757247957909115
K07784	group	IBS-D	-1.03327842875507	0.432567436443612	35	6	0.0227833298509121	0.0757247957909115
K07804	group	IBS-D	-0.83849125828622	0.340554540398379	35	4	0.0192044054795567	0.0757247957909115
K07805	group	IBS-D	-0.838491258286213	0.340554540398379	35	4	0.0192044054795577	0.0757247957909115
K07806	group	IBS-D	-0.920094711605648	0.39349644793904	35	4	0.0255833407150299	0.0757247957909115
K08087	group	IBS-D	-0.838491258286213	0.340554540398379	35	4	0.0192044054795577	0.0757247957909115
K08088	group	IBS-D	-0.920094711605648	0.39349644793904	35	4	0.0255833407150299	0.0757247957909115
K08137	group	IBS-D	-0.920094711605648	0.39349644793904	35	4	0.0255833407150299	0.0757247957909115
K08154	group	IBS-D	-0.920094711605648	0.39349644793904	35	4	0.0255833407150299	0.0757247957909115
K08161	group	IBS-D	0.732976564606943	0.305232361458277	35	35	0.0221258248500864	0.0757247957909115
K08163	group	IBS-D	-0.920094711605648	0.39349644793904	35	4	0.0255833407150299	0.0757247957909115
K08178	group	IBS-D	-0.838491258286213	0.340554540398379	35	4	0.0192044054795577	0.0757247957909115
K08219	group	IBS-D	-0.920094711605648	0.39349644793904	35	4	0.0255833407150299	0.0757247957909115
K08225	group	IBS-D	-0.920094711605648	0.39349644793904	35	4	0.0255833407150299	0.0757247957909115
K08260	group	IBS-D	1.66123512019272	0.652459379014635	35	34	0.015745642370913	0.0757247957909115
K08277	group	IBS-D	-0.838491258286213	0.340554540398379	35	4	0.0192044054795577	0.0757247957909115
K08279	group	IBS-D	-0.838491258286213	0.340554540398379	35	4	0.0192044054795577	0.0757247957909115
K08297	group	IBS-D	1.49573011119591	0.607875654852119	35	35	0.0192742957117828	0.0757247957909115
K08298	group	IBS-D	1.51185953766873	0.606068510286085	35	35	0.0177949232483081	0.0757247957909115
K08306	group	IBS-D	-1.30110133152134	0.544652651080574	35	35	0.0227752385743126	0.0757247957909115
K08308	group	IBS-D	-0.920094711605648	0.39349644793904	35	4	0.0255833407150299	0.0757247957909115
K08312	group	IBS-D	-1.30227091803818	0.544242763532053	35	35	0.0225684039252801	0.0757247957909115
K08318	group	IBS-D	-0.838491258286213	0.340554540398379	35	4	0.0192044054795577	0.0757247957909115
K08320	group	IBS-D	-0.920094711605648	0.39349644793904	35	4	0.0255833407150299	0.0757247957909115
K08322	group	IBS-D	-0.920094711605648	0.39349644793904	35	4	0.0255833407150299	0.0757247957909115
K08344	group	IBS-D	-0.920094711605648	0.39349644793904	35	4	0.0255833407150299	0.0757247957909115
K08349	group	IBS-D	-0.920094711605648	0.39349644793904	35	4	0.0255833407150299	0.0757247957909115
K08350	group	IBS-D	-0.920094711605648	0.39349644793904	35	4	0.0255833407150299	0.0757247957909115
K08353	group	IBS-D	-0.838491258286213	0.340554540398379	35	4	0.0192044054795577	0.0757247957909115
K08354	group	IBS-D	-0.838491258286213	0.340554540398379	35	4	0.0192044054795577	0.0757247957909115
K08363	group	IBS-D	-1.21182216255627	0.514218305144254	35	35	0.0245294185435271	0.0757247957909115
K08364	group	IBS-D	-1.21135802282709	0.51419302412601	35	35	0.0245737260515366	0.0757247957909115
K08475	group	IBS-D	-0.838491258286213	0.340554540398379	35	4	0.0192044054795577	0.0757247957909115
K08476	group	IBS-D	-0.838491258286213	0.340554540398379	35	4	0.0192044054795577	0.0757247957909115
K08478	group	IBS-D	-0.838491258286213	0.340554540398379	35	4	0.0192044054795577	0.0757247957909115
K08566	group	IBS-D	-0.838491258286213	0.340554540398379	35	4	0.0192044054795577	0.0757247957909115
K08598	group	IBS-D	-0.838491258286213	0.340554540398379	35	4	0.0192044054795577	0.0757247957909115
K08723	group	IBS-D	-0.920094711605648	0.39349644793904	35	4	0.0255833407150299	0.0757247957909115
K08990	group	IBS-D	-1.30174818001309	0.544701069459583	35	35	0.0227239913748982	0.0757247957909115
K08992	group	IBS-D	-1.30416084567844	0.544791702798508	35	35	0.0225132656685484	0.0757247957909115
K09131	group	IBS-D	-1.28567659785946	0.536114602748709	35	35	0.0222921397179572	0.0757247957909115
K09136	group	IBS-D	-1.21334713680121	0.495491197768342	35	35	0.0198146821316781	0.0757247957909115
K09160	group	IBS-D	-1.29299580373108	0.543392309599277	35	35	0.0232733334230054	0.0757247957909115
K09162	group	IBS-D	0.780749674832249	0.318907289059902	35	35	0.0198412836133866	0.0757247957909115
K09475	group	IBS-D	-0.886087650052564	0.371245493230264	35	4	0.0228842279729549	0.0757247957909115
K09612	group	IBS-D	-0.920094711605648	0.39349644793904	35	4	0.0255833407150299	0.0757247957909115
K09712	group	IBS-D	-1.30563863758668	0.528723353397761	35	35	0.018878998864295	0.0757247957909115
K09729	group	IBS-D	0.581211761303077	0.230999903620643	35	35	0.0169112875666603	0.0757247957909115
K09790	group	IBS-D	-0.261577852706261	0.108196783445206	35	35	0.0213077949709905	0.0757247957909115
K09802	group	IBS-D	-1.06387730137529	0.448214774092003	35	35	0.0235918437873688	0.0757247957909115
K09891	group	IBS-D	-1.30115278651324	0.544657263098549	35	35	0.0227713332662158	0.0757247957909115
K09892	group	IBS-D	-1.30188973108918	0.544698181573283	35	35	0.0227096877181432	0.0757247957909115
K09893	group	IBS-D	-1.30200716663691	0.544730755734297	35	35	0.0227058757635249	0.0757247957909115
K09894	group	IBS-D	-1.30115278651324	0.544657263098549	35	35	0.0227713332662158	0.0757247957909115
K09895	group	IBS-D	-1.29264948693496	0.543039876489382	35	35	0.0232247440535663	0.0757247957909115
K09896	group	IBS-D	-1.30110133152134	0.544652651080574	35	35	0.0227752385743126	0.0757247957909115
K09897	group	IBS-D	-1.30115278651324	0.544657263098549	35	35	0.0227713332662158	0.0757247957909115
K09898	group	IBS-D	-1.30115278651324	0.544657263098549	35	35	0.0227713332662158	0.0757247957909115
K09899	group	IBS-D	-1.30115278651324	0.544657263098549	35	35	0.0227713332662158	0.0757247957909115
K09900	group	IBS-D	-1.30114642318143	0.544261742430517	35	35	0.0226808003615406	0.0757247957909115
K09901	group	IBS-D	-1.30110133152134	0.544652651080574	35	35	0.0227752385743126	0.0757247957909115
K09902	group	IBS-D	-1.29782106478646	0.546462957390398	35	35	0.0235180959155965	0.0757247957909115
K09904	group	IBS-D	-1.30115278651324	0.544657263098549	35	35	0.0227713332662158	0.0757247957909115
K09906	group	IBS-D	-1.29786182996985	0.546446510992712	35	35	0.0235101853660361	0.0757247957909115
K09907	group	IBS-D	-1.30110133152134	0.544652651080574	35	35	0.0227752385743126	0.0757247957909115
K09908	group	IBS-D	-1.30110133152134	0.544652651080574	35	35	0.0227752385743126	0.0757247957909115
K09909	group	IBS-D	-1.29691280023147	0.54632571554443	35	35	0.0235758895208494	0.0757247957909115
K09910	group	IBS-D	-1.30119364334277	0.544640648770951	35	35	0.0227635558614721	0.0757247957909115
K09911	group	IBS-D	-1.30110133152134	0.544652651080574	35	35	0.0227752385743126	0.0757247957909115
K09914	group	IBS-D	-0.920094711605648	0.39349644793904	35	4	0.0255833407150299	0.0757247957909115
K09917	group	IBS-D	-1.30110133152134	0.544652651080574	35	35	0.0227752385743126	0.0757247957909115
K09921	group	IBS-D	-1.3077219443397	0.542473040492484	35	35	0.0216541970373259	0.0757247957909115
K09923	group	IBS-D	-1.30110133152134	0.544652651080574	35	35	0.0227752385743126	0.0757247957909115
K09936	group	IBS-D	-1.19492973962456	0.48589810533454	35	35	0.0193361469684741	0.0757247957909115
K09946	group	IBS-D	-1.30912020433602	0.536136996082613	35	35	0.020142057881758	0.0757247957909115
K09953	group	IBS-D	-0.838491258286213	0.340554540398379	35	4	0.0192044054795577	0.0757247957909115
K09966	group	IBS-D	-1.08387130056639	0.453816681748069	35	9	0.0228025190941239	0.0757247957909115
K09974	group	IBS-D	-1.1967113606849	0.499072978913154	35	35	0.0223060291071434	0.0757247957909115
K09980	group	IBS-D	-0.838491258286213	0.340554540398379	35	4	0.0192044054795577	0.0757247957909115
K09994	group	IBS-D	-0.920094711605648	0.39349644793904	35	4	0.0255833407150299	0.0757247957909115
K09996	group	IBS-D	-0.886087650052564	0.371245493230264	35	4	0.0228842279729549	0.0757247957909115
K09997	group	IBS-D	-1.30119364334277	0.544640648770951	35	35	0.0227635558614721	0.0757247957909115
K09998	group	IBS-D	-1.30119364334277	0.544640648770951	35	35	0.0227635558614721	0.0757247957909115
K09999	group	IBS-D	-1.30119364334277	0.544640648770951	35	35	0.0227635558614721	0.0757247957909115
K10000	group	IBS-D	-1.30119364334277	0.544640648770951	35	35	0.0227635558614721	0.0757247957909115
K10011	group	IBS-D	-0.920094711605648	0.39349644793904	35	4	0.0255833407150299	0.0757247957909115
K10014	group	IBS-D	-0.920094711605648	0.39349644793904	35	4	0.0255833407150299	0.0757247957909115
K10015	group	IBS-D	-0.920094711605648	0.39349644793904	35	4	0.0255833407150299	0.0757247957909115
K10016	group	IBS-D	-0.920094711605648	0.39349644793904	35	4	0.0255833407150299	0.0757247957909115
K10017	group	IBS-D	-0.920094711605648	0.39349644793904	35	4	0.0255833407150299	0.0757247957909115
K10440	group	IBS-D	0.568154522228134	0.222649112748861	35	35	0.0155337253879157	0.0757247957909115
K10748	group	IBS-D	-0.920094711605648	0.39349644793904	35	4	0.0255833407150299	0.0757247957909115
K10771	group	IBS-D	1.03196160282126	0.429685728694257	35	35	0.0221107851227448	0.0757247957909115
K10906	group	IBS-D	-0.920094711605648	0.39349644793904	35	4	0.0255833407150299	0.0757247957909115
K10972	group	IBS-D	-0.838491258286213	0.340554540398379	35	4	0.0192044054795577	0.0757247957909115
K11081	group	IBS-D	-0.838491258286213	0.340554540398379	35	4	0.0192044054795577	0.0757247957909115
K11082	group	IBS-D	-0.838491258286213	0.340554540398379	35	4	0.0192044054795577	0.0757247957909115
K11083	group	IBS-D	-0.838491258286213	0.340554540398379	35	4	0.0192044054795577	0.0757247957909115
K11084	group	IBS-D	-0.838491258286213	0.340554540398379	35	4	0.0192044054795577	0.0757247957909115
K11179	group	IBS-D	-1.29081852102123	0.541282281407747	35	35	0.0229930453153639	0.0757247957909115
K11183	group	IBS-D	-1.2011535315427	0.495449228398544	35	35	0.0209754470685952	0.0757247957909115
K11201	group	IBS-D	-0.838491258286213	0.340554540398379	35	4	0.0192044054795577	0.0757247957909115
K11211	group	IBS-D	-1.29937724782624	0.544582779215116	35	35	0.0229261086723381	0.0757247957909115
K11258	group	IBS-D	-1.30163000288613	0.54439449288441	35	35	0.0226648042684143	0.0757247957909115
K11392	group	IBS-D	-0.920094711605648	0.39349644793904	35	4	0.0255833407150299	0.0757247957909115
K11604	group	IBS-D	-1.27768450525073	0.54293217604013	35	35	0.024717196939912	0.0757247957909115
K11605	group	IBS-D	-1.27768450525073	0.54293217604013	35	35	0.024717196939912	0.0757247957909115
K11606	group	IBS-D	-1.27768450525073	0.54293217604013	35	35	0.024717196939912	0.0757247957909115
K11685	group	IBS-D	-0.920094711605648	0.39349644793904	35	4	0.0255833407150299	0.0757247957909115
K11732	group	IBS-D	-0.920094711605648	0.39349644793904	35	4	0.0255833407150299	0.0757247957909115
K11736	group	IBS-D	-0.920094711605648	0.39349644793904	35	4	0.0255833407150299	0.0757247957909115
K11742	group	IBS-D	-0.920094711605648	0.39349644793904	35	4	0.0255833407150299	0.0757247957909115
K11743	group	IBS-D	-0.920094711605648	0.39349644793904	35	4	0.0255833407150299	0.0757247957909115
K11747	group	IBS-D	-1.29912510605784	0.540096083772494	35	35	0.0219223944613369	0.0757247957909115
K11751	group	IBS-D	-1.30564510123612	0.544206199249526	35	35	0.0222387559943389	0.0757247957909115
K11891	group	IBS-D	-1.32121792246058	0.542766666894715	35	35	0.0204994007005017	0.0757247957909115
K11892	group	IBS-D	-1.23258187016164	0.511670398578024	35	35	0.021741277051132	0.0757247957909115
K11893	group	IBS-D	-1.23494698241123	0.512049516910935	35	35	0.0215987199484018	0.0757247957909115
K11895	group	IBS-D	-1.23494698241123	0.512049516910935	35	35	0.0215987199484018	0.0757247957909115
K11896	group	IBS-D	-1.23494698241123	0.512049516910935	35	35	0.0215987199484018	0.0757247957909115
K11900	group	IBS-D	-1.23412148235086	0.512039657378082	35	35	0.0216773374403798	0.0757247957909115
K11901	group	IBS-D	-1.23438439557864	0.512099018431547	35	35	0.0216655705749097	0.0757247957909115
K11903	group	IBS-D	-1.25000066400779	0.51269031234254	35	35	0.0203141320196059	0.0757247957909115
K11904	group	IBS-D	-1.26900308806347	0.51595156759547	35	35	0.0193216326997308	0.0757247957909115
K11905	group	IBS-D	-1.23162127799759	0.511587944691442	35	35	0.0218165050216391	0.0757247957909115
K11906	group	IBS-D	-1.23248784221174	0.511698421412139	35	35	0.021757201842745	0.0757247957909115
K11907	group	IBS-D	-1.32065002066422	0.542813723667371	35	35	0.020559575139352	0.0757247957909115
K11910	group	IBS-D	-1.23162127799759	0.511587944691442	35	35	0.0218165050216391	0.0757247957909115
K11923	group	IBS-D	-0.920094711605648	0.39349644793904	35	4	0.0255833407150299	0.0757247957909115
K11925	group	IBS-D	-0.920094711605648	0.39349644793904	35	4	0.0255833407150299	0.0757247957909115
K11926	group	IBS-D	-0.920094711605648	0.39349644793904	35	4	0.0255833407150299	0.0757247957909115
K11929	group	IBS-D	-0.920094711605648	0.39349644793904	35	4	0.0255833407150299	0.0757247957909115
K11930	group	IBS-D	-0.838491258286213	0.340554540398379	35	4	0.0192044054795577	0.0757247957909115
K11938	group	IBS-D	-0.920094711605648	0.39349644793904	35	4	0.0255833407150299	0.0757247957909115
K11941	group	IBS-D	-0.920094711605648	0.39349644793904	35	4	0.0255833407150299	0.0757247957909115
K12147	group	IBS-D	-0.920094711605648	0.39349644793904	35	4	0.0255833407150299	0.0757247957909115
K12148	group	IBS-D	-0.920094711605648	0.39349644793904	35	4	0.0255833407150299	0.0757247957909115
K12151	group	IBS-D	-0.920094711605648	0.39349644793904	35	4	0.0255833407150299	0.0757247957909115
K12264	group	IBS-D	-0.920094711605648	0.39349644793904	35	4	0.0255833407150299	0.0757247957909115
K12265	group	IBS-D	-0.920094711605648	0.39349644793904	35	4	0.0255833407150299	0.0757247957909115
K12288	group	IBS-D	-0.920094711605648	0.39349644793904	35	4	0.0255833407150299	0.0757247957909115
K12289	group	IBS-D	-0.920094711605648	0.39349644793904	35	4	0.0255833407150299	0.0757247957909115
K12290	group	IBS-D	-0.920094711605648	0.39349644793904	35	4	0.0255833407150299	0.0757247957909115
K12291	group	IBS-D	-0.920094711605648	0.39349644793904	35	4	0.0255833407150299	0.0757247957909115
K12368	group	IBS-D	-1.29992057211941	0.545777921782928	35	35	0.023150928005661	0.0757247957909115
K12369	group	IBS-D	-1.30485280769425	0.544866556938233	35	35	0.0224643254104467	0.0757247957909115
K12370	group	IBS-D	-1.30480135270235	0.544861925781977	35	35	0.0224681744079486	0.0757247957909115
K12371	group	IBS-D	-1.30480135270235	0.544861925781977	35	35	0.0224681744079486	0.0757247957909115
K12372	group	IBS-D	-1.30472457684044	0.544874543677874	35	35	0.0224783795055741	0.0757247957909115
K12678	group	IBS-D	-0.920094711605648	0.39349644793904	35	4	0.0255833407150299	0.0757247957909115
K12686	group	IBS-D	-0.838491258286213	0.340554540398379	35	4	0.0192044054795577	0.0757247957909115
K12700	group	IBS-D	1.23687274262968	0.491174383704467	35	34	0.0168262886949587	0.0757247957909115
K12943	group	IBS-D	-0.920094711605648	0.39349644793904	35	4	0.0255833407150299	0.0757247957909115
K12944	group	IBS-D	-0.920094711605648	0.39349644793904	35	4	0.0255833407150299	0.0757247957909115
K12945	group	IBS-D	-0.920094711605648	0.39349644793904	35	4	0.0255833407150299	0.0757247957909115
K12963	group	IBS-D	-0.920094711605648	0.39349644793904	35	4	0.0255833407150299	0.0757247957909115
K12974	group	IBS-D	-0.920094711605648	0.39349644793904	35	4	0.0255833407150299	0.0757247957909115
K12975	group	IBS-D	-0.920094711605648	0.39349644793904	35	4	0.0255833407150299	0.0757247957909115
K12982	group	IBS-D	-1.2996850110752	0.544532716571524	35	35	0.0228846231990193	0.0757247957909115
K12984	group	IBS-D	-1.30027983091283	0.544658168238908	35	35	0.0228559848694249	0.0757247957909115
K13014	group	IBS-D	-0.920094711605648	0.39349644793904	35	4	0.0255833407150299	0.0757247957909115
K13021	group	IBS-D	-0.838491258286213	0.340554540398379	35	4	0.0192044054795577	0.0757247957909115
K13040	group	IBS-D	-0.90127126098762	0.381150521932162	35	4	0.0240842465022446	0.0757247957909115
K13041	group	IBS-D	-0.838491258286213	0.340554540398379	35	4	0.0192044054795577	0.0757247957909115
K13085	group	IBS-D	-0.838491258286213	0.340554540398379	35	4	0.0192044054795577	0.0757247957909115
K13283	group	IBS-D	-1.31010161610145	0.542997339204632	35	35	0.0215511757707068	0.0757247957909115
K13284	group	IBS-D	-0.838491258286213	0.340554540398379	35	4	0.0192044054795577	0.0757247957909115
K13285	group	IBS-D	-0.838491258286213	0.340554540398379	35	4	0.0192044054795577	0.0757247957909115
K13286	group	IBS-D	-0.838491258286213	0.340554540398379	35	4	0.0192044054795577	0.0757247957909115
K13287	group	IBS-D	-0.838491258286213	0.340554540398379	35	4	0.0192044054795577	0.0757247957909115
K13292	group	IBS-D	-0.206504327547284	0.0849415443832822	35	35	0.0206477563376735	0.0757247957909115
K13301	group	IBS-D	-0.920094711605648	0.39349644793904	35	4	0.0255833407150299	0.0757247957909115
K13620	group	IBS-D	-0.920094711605648	0.39349644793904	35	4	0.0255833407150299	0.0757247957909115
K13628	group	IBS-D	-1.03603514527189	0.406821262771901	35	35	0.0157251374697496	0.0757247957909115
K13629	group	IBS-D	-0.920094711605648	0.39349644793904	35	4	0.0255833407150299	0.0757247957909115
K13630	group	IBS-D	-0.920094711605648	0.39349644793904	35	4	0.0255833407150299	0.0757247957909115
K13631	group	IBS-D	-0.920094711605648	0.39349644793904	35	4	0.0255833407150299	0.0757247957909115
K13632	group	IBS-D	-0.920094711605648	0.39349644793904	35	4	0.0255833407150299	0.0757247957909115
K13636	group	IBS-D	-0.920094711605648	0.39349644793904	35	4	0.0255833407150299	0.0757247957909115
K13654	group	IBS-D	-0.920094711605648	0.39349644793904	35	4	0.0255833407150299	0.0757247957909115
K13683	group	IBS-D	-0.920094711605648	0.39349644793904	35	4	0.0255833407150299	0.0757247957909115
K13684	group	IBS-D	-0.920094711605648	0.39349644793904	35	4	0.0255833407150299	0.0757247957909115
K13695	group	IBS-D	-1.30054269686542	0.542572124698631	35	35	0.0223511558951709	0.0757247957909115
K13735	group	IBS-D	-0.920094711605648	0.39349644793904	35	4	0.0255833407150299	0.0757247957909115
K13739	group	IBS-D	-0.838491258286213	0.340554540398379	35	4	0.0192044054795577	0.0757247957909115
K13740	group	IBS-D	-0.838491258286213	0.340554540398379	35	4	0.0192044054795577	0.0757247957909115
K13741	group	IBS-D	-0.838491258286213	0.340554540398379	35	4	0.0192044054795577	0.0757247957909115
K13918	group	IBS-D	-0.920094711605648	0.39349644793904	35	4	0.0255833407150299	0.0757247957909115
K14054	group	IBS-D	-0.920094711605648	0.39349644793904	35	4	0.0255833407150299	0.0757247957909115
K14061	group	IBS-D	-0.920094711605648	0.39349644793904	35	4	0.0255833407150299	0.0757247957909115
K14064	group	IBS-D	-0.920094711605648	0.39349644793904	35	4	0.0255833407150299	0.0757247957909115
K14187	group	IBS-D	-1.30115278651324	0.544657263098549	35	35	0.0227713332662158	0.0757247957909115
K14587	group	IBS-D	-0.838491258286213	0.340554540398379	35	4	0.0192044054795577	0.0757247957909115
K14588	group	IBS-D	-0.920094711605648	0.39349644793904	35	4	0.0255833407150299	0.0757247957909115
K14744	group	IBS-D	-0.920094711605648	0.39349644793904	35	4	0.0255833407150299	0.0757247957909115
K14762	group	IBS-D	-0.920094711605648	0.39349644793904	35	4	0.0255833407150299	0.0757247957909115
K14978	group	IBS-D	-0.838491258286213	0.340554540398379	35	4	0.0192044054795577	0.0757247957909115
K14979	group	IBS-D	-0.838491258286213	0.340554540398379	35	4	0.0192044054795577	0.0757247957909115
K15257	group	IBS-D	-1.19569112448621	0.510668479649166	35	35	0.0253986974668096	0.0757247957909115
K15344	group	IBS-D	-0.838491258286213	0.340554540398379	35	4	0.0192044054795577	0.0757247957909115
K15345	group	IBS-D	-0.838491258286213	0.340554540398379	35	4	0.0192044054795577	0.0757247957909115
K15346	group	IBS-D	-0.838491258286213	0.340554540398379	35	4	0.0192044054795577	0.0757247957909115
K15347	group	IBS-D	-0.838491258286213	0.340554540398379	35	4	0.0192044054795577	0.0757247957909115
K15349	group	IBS-D	-0.838491258286213	0.340554540398379	35	4	0.0192044054795577	0.0757247957909115
K15350	group	IBS-D	-0.838491258286213	0.340554540398379	35	4	0.0192044054795577	0.0757247957909115
K15351	group	IBS-D	-0.838491258286213	0.340554540398379	35	4	0.0192044054795577	0.0757247957909115
K15352	group	IBS-D	-0.838491258286213	0.340554540398379	35	4	0.0192044054795577	0.0757247957909115
K15367	group	IBS-D	-0.838491258286213	0.340554540398379	35	4	0.0192044054795577	0.0757247957909115
K15368	group	IBS-D	-0.838491258286213	0.340554540398379	35	4	0.0192044054795577	0.0757247957909115
K15396	group	IBS-D	-1.2987912793347	0.546240055059493	35	35	0.0233698340400003	0.0757247957909115
K15461	group	IBS-D	-1.20301456300609	0.510936514714171	35	35	0.0246479139734425	0.0757247957909115
K15545	group	IBS-D	-1.30934158891401	0.54291947479427	35	35	0.0216039567189397	0.0757247957909115
K15548	group	IBS-D	-0.920094711605648	0.39349644793904	35	4	0.0255833407150299	0.0757247957909115
K15722	group	IBS-D	-0.920094711605648	0.39349644793904	35	4	0.0255833407150299	0.0757247957909115
K15735	group	IBS-D	-0.838491258286213	0.340554540398379	35	4	0.0192044054795577	0.0757247957909115
K15770	group	IBS-D	-0.372598751392411	0.154635446490296	35	35	0.0217114013300355	0.0757247957909115
K15827	group	IBS-D	-0.920094711605648	0.39349644793904	35	4	0.0255833407150299	0.0757247957909115
K15828	group	IBS-D	-0.920094711605648	0.39349644793904	35	4	0.0255833407150299	0.0757247957909115
K15829	group	IBS-D	-0.920094711605648	0.39349644793904	35	4	0.0255833407150299	0.0757247957909115
K15833	group	IBS-D	-0.920094711605648	0.39349644793904	35	4	0.0255833407150299	0.0757247957909115
K15836	group	IBS-D	-0.920094711605648	0.39349644793904	35	4	0.0255833407150299	0.0757247957909115
K15922	group	IBS-D	-0.838491258286213	0.340554540398379	35	4	0.0192044054795577	0.0757247957909115
K15987	group	IBS-D	0.543066004993342	0.229723512026289	35	35	0.0241179613685424	0.0757247957909115
K16066	group	IBS-D	-1.28625736846703	0.541276382149695	35	35	0.0234427446374585	0.0757247957909115
K16076	group	IBS-D	-0.920094711605648	0.39349644793904	35	4	0.0255833407150299	0.0757247957909115
K16078	group	IBS-D	-0.838491258286213	0.340554540398379	35	4	0.0192044054795577	0.0757247957909115
K16087	group	IBS-D	-1.19343807315055	0.475539384449084	35	35	0.017170343007776	0.0757247957909115
K16693	group	IBS-D	-0.920094711605648	0.39349644793904	35	4	0.0255833407150299	0.0757247957909115
K16695	group	IBS-D	-0.920094711605648	0.39349644793904	35	4	0.0255833407150299	0.0757247957909115
K16703	group	IBS-D	-0.920094711605648	0.39349644793904	35	4	0.0255833407150299	0.0757247957909115
K16711	group	IBS-D	-0.920094711605648	0.39349644793904	35	4	0.0255833407150299	0.0757247957909115
K16849	group	IBS-D	-0.838491258286213	0.340554540398379	35	4	0.0192044054795577	0.0757247957909115
K16915	group	IBS-D	-1.29936355907916	0.544522174608353	35	35	0.0229133884610327	0.0757247957909115
K16927	group	IBS-D	0.745279050873121	0.307162278220068	35	35	0.020879789500823	0.0757247957909115
K17463	group	IBS-D	-0.838491258286213	0.340554540398379	35	4	0.0192044054795577	0.0757247957909115
K17464	group	IBS-D	-0.838491258286213	0.340554540398379	35	4	0.0192044054795577	0.0757247957909115
K17465	group	IBS-D	-0.838491258286213	0.340554540398379	35	4	0.0192044054795577	0.0757247957909115
K17466	group	IBS-D	-0.838491258286213	0.340554540398379	35	4	0.0192044054795577	0.0757247957909115
K17467	group	IBS-D	-0.838491258286213	0.340554540398379	35	4	0.0192044054795577	0.0757247957909115
K17468	group	IBS-D	-0.838491258286213	0.340554540398379	35	4	0.0192044054795577	0.0757247957909115
K17473	group	IBS-D	-0.838491258286213	0.340554540398379	35	4	0.0192044054795577	0.0757247957909115
K18015	group	IBS-D	-0.838491258286213	0.340554540398379	35	4	0.0192044054795577	0.0757247957909115
K18119	group	IBS-D	-2.11338493215936	0.868538728782007	35	34	0.0205454844859827	0.0757247957909115
K18122	group	IBS-D	-1.29584219775532	0.549689968605575	35	35	0.0244857999856551	0.0757247957909115
K18133	group	IBS-D	-1.59659427894801	0.661151552231334	35	35	0.0214440170335245	0.0757247957909115
K18136	group	IBS-D	-1.2996850110752	0.544532716571524	35	35	0.0228846231990193	0.0757247957909115
K18140	group	IBS-D	-0.920094711605648	0.39349644793904	35	4	0.0255833407150299	0.0757247957909115
K18142	group	IBS-D	-0.920094711605648	0.39349644793904	35	4	0.0255833407150299	0.0757247957909115
K18324	group	IBS-D	-0.920094711605648	0.39349644793904	35	4	0.0255833407150299	0.0757247957909115
K18326	group	IBS-D	-0.920094711605648	0.39349644793904	35	4	0.0255833407150299	0.0757247957909115
K18333	group	IBS-D	-2.00251675494118	0.831870923644946	35	17	0.0218267893407441	0.0757247957909115
K18346	group	IBS-D	-2.47403179001118	0.972270849114464	35	34	0.0158028547554345	0.0757247957909115
K18427	group	IBS-D	1.26519207785562	0.495469567795977	35	34	0.0154697869557112	0.0757247957909115
K18574	group	IBS-D	-2.11338493215936	0.868538728782007	35	34	0.0205454844859827	0.0757247957909115
K18697	group	IBS-D	-0.920094711605648	0.39349644793904	35	4	0.0255833407150299	0.0757247957909115
K18800	group	IBS-D	-1.31195697760932	0.542493678740141	35	35	0.0212697031806597	0.0757247957909115
K18850	group	IBS-D	-1.29579710039674	0.545341854274326	35	35	0.0234547511003371	0.0757247957909115
K18862	group	IBS-D	-0.838491258286213	0.340554540398379	35	4	0.0192044054795577	0.0757247957909115
K18895	group	IBS-D	-0.838491258286213	0.340554540398379	35	4	0.0192044054795577	0.0757247957909115
K18968	group	IBS-D	-0.920094711605648	0.39349644793904	35	4	0.0255833407150299	0.0757247957909115
K18984	group	IBS-D	-0.838491258286213	0.340554540398379	35	4	0.0192044054795577	0.0757247957909115
K18988	group	IBS-D	-0.920094711605648	0.39349644793904	35	4	0.0255833407150299	0.0757247957909115
K19117	group	IBS-D	-1.33336787533642	0.546313221439799	35	35	0.020193802083187	0.0757247957909115
K19118	group	IBS-D	-1.33262346762187	0.546544373183717	35	35	0.0203069749658824	0.0757247957909115
K19119	group	IBS-D	-1.33336787533642	0.546313221439799	35	35	0.020193802083187	0.0757247957909115
K19148	group	IBS-D	-0.838491258286213	0.340554540398379	35	4	0.0192044054795577	0.0757247957909115
K19162	group	IBS-D	-0.920094711605648	0.39349644793904	35	4	0.0255833407150299	0.0757247957909115
K19226	group	IBS-D	-1.30124509833468	0.54464526089056	35	35	0.0227596524097025	0.0757247957909115
K19227	group	IBS-D	-1.30124509833468	0.54464526089056	35	35	0.0227596524097025	0.0757247957909115
K19228	group	IBS-D	-1.30115278651324	0.544657263098549	35	35	0.0227713332662158	0.0757247957909115
K19229	group	IBS-D	-1.30115278651324	0.544657263098549	35	35	0.0227713332662158	0.0757247957909115
K19230	group	IBS-D	-1.30115278651324	0.544657263098549	35	35	0.0227713332662158	0.0757247957909115
K19234	group	IBS-D	-0.920094711605648	0.39349644793904	35	4	0.0255833407150299	0.0757247957909115
K19235	group	IBS-D	-0.920094711605648	0.39349644793904	35	4	0.0255833407150299	0.0757247957909115
K19236	group	IBS-D	-0.920094711605648	0.39349644793904	35	4	0.0255833407150299	0.0757247957909115
K19238	group	IBS-D	-0.838491258286213	0.340554540398379	35	4	0.0192044054795577	0.0757247957909115
K19303	group	IBS-D	-0.920094711605648	0.39349644793904	35	4	0.0255833407150299	0.0757247957909115
K19335	group	IBS-D	-0.916558439412279	0.391171752192207	35	4	0.0253009264486013	0.0757247957909115
K19336	group	IBS-D	-0.916558439412279	0.391171752192207	35	4	0.0253009264486013	0.0757247957909115
K19431	group	IBS-D	-1.30011564841836	0.544186280780379	35	35	0.0227628283507781	0.0757247957909115
K19594	group	IBS-D	-0.888377711421066	0.37273617934304	35	4	0.0230645902450585	0.0757247957909115
K19595	group	IBS-D	-0.888377711421066	0.37273617934304	35	4	0.0230645902450585	0.0757247957909115
K19688	group	IBS-D	-0.920094711605648	0.39349644793904	35	4	0.0255833407150299	0.0757247957909115
K19697	group	IBS-D	-0.838491258286213	0.340554540398379	35	4	0.0192044054795577	0.0757247957909115
K19709	group	IBS-D	-0.838491258286213	0.340554540398379	35	4	0.0192044054795577	0.0757247957909115
K19778	group	IBS-D	-0.883753118705091	0.369727079478274	35	4	0.0227006155459404	0.0757247957909115
K03547	group	IBS-D	0.419428455551477	0.179419764951556	35	35	0.0256161203134304	0.0757751038969681
K03219	group	IBS-D	-0.973122664115379	0.416946694129178	35	8	0.0258374769403685	0.0760550133603366
K03222	group	IBS-D	-0.973122664115379	0.416946694129178	35	8	0.0258374769403685	0.0760550133603366
K03224	group	IBS-D	-0.973122664115379	0.416946694129178	35	8	0.0258374769403685	0.0760550133603366
K03226	group	IBS-D	-0.973122664115379	0.416946694129178	35	8	0.0258374769403685	0.0760550133603366
K03227	group	IBS-D	-0.973122664115379	0.416946694129178	35	8	0.0258374769403685	0.0760550133603366
K03228	group	IBS-D	-0.973122664115379	0.416946694129178	35	8	0.0258374769403685	0.0760550133603366
K03229	group	IBS-D	-0.973122664115379	0.416946694129178	35	8	0.0258374769403685	0.0760550133603366
K03230	group	IBS-D	-0.973122664115379	0.416946694129178	35	8	0.0258374769403685	0.0760550133603366
K00281	group	IBS-D	-0.980148186177822	0.420384857982087	35	35	0.0259779601116792	0.0764072687141592
K06209	group	IBS-D	0.445762983058427	0.191202663873062	35	35	0.0259889751739683	0.0764072687141592
K02217	group	IBS-D	-0.376239122689986	0.161777714460177	35	35	0.026329463407733	0.0773609264507504
K07729	group	IBS-D	-0.479959927879857	0.206892593046714	35	35	0.0266797488576399	0.0783421860951249
K06133	group	IBS-D	-0.801223259343385	0.345458272374343	35	35	0.026712869978052	0.078357454847635
K07474	group	IBS-D	2.14565460831306	0.925159058302366	35	35	0.0267175908322388	0.078357454847635
K09791	group	IBS-D	-1.0396441833376	0.448564620866718	35	35	0.0268098009341743	0.0785798866208614
K03543	group	IBS-D	-1.09914185132514	0.474640468533011	35	35	0.0269306412982862	0.0788859114539791
K02031	group	IBS-D	0.348279645649068	0.150456665234778	35	35	0.0269869407595991	0.0790026235285581
K03474	group	IBS-D	-1.15109568136817	0.497399316121455	35	35	0.0270230614630895	0.0790601572725732
K10914	group	IBS-D	-0.841323319825329	0.363690500338673	35	35	0.0270804663313335	0.0791798531405191
K07675	group	IBS-D	-1.34276782980953	0.580537074792184	35	8	0.0271001381323535	0.07918914374524
K01897	group	IBS-D	0.198057576072769	0.0856741039890676	35	35	0.0271753358902735	0.0793593853470475
K06872	group	IBS-D	-0.611313826844847	0.264466936569375	35	35	0.0271914577996028	0.0793593853470475
K02573	group	IBS-D	-1.14439930525895	0.495170081351777	35	35	0.0272143586615418	0.0793779683682029
K12262	group	IBS-D	-1.46679083148343	0.634831566946346	35	35	0.0272517148199005	0.0794386659686352
K02574	group	IBS-D	-1.14403659592106	0.495211354976088	35	35	0.0272715897444396	0.0794483630843776
K00137	group	IBS-D	-0.942304292819709	0.408149317976601	35	4	0.0273630212275095	0.0796663826035616
K02523	group	IBS-D	0.192974155615209	0.0836097579978664	35	35	0.0274059417733781	0.0796946859200414
K06726	group	IBS-D	0.68292778399759	0.295864725182322	35	35	0.02739291637033	0.0796946859200414
K02655	group	IBS-D	-1.47328227135083	0.638423367096462	35	35	0.0274274327639007	0.0797089011498107
K02855	group	IBS-D	-0.929047255330414	0.402995470518449	35	6	0.027573088175928	0.07998694642455
K07241	group	IBS-D	-1.14439636741826	0.496357000715466	35	7	0.0275582575607065	0.07998694642455
K12660	group	IBS-D	-0.929047255330414	0.402995470518449	35	6	0.027573088175928	0.07998694642455
K03288	group	IBS-D	-0.945166918218941	0.410044246565007	35	4	0.0275929633413795	0.0799962663055332
K10254	group	IBS-D	-0.585107655341895	0.254085789047055	35	35	0.0277335202377112	0.0803552387816846
K16347	group	IBS-D	-0.947962964861524	0.411896429450313	35	4	0.027817640318975	0.0805503565569355
K19745	group	IBS-D	-1.57036744764775	0.682439263355196	35	15	0.0278397179350551	0.0805656936746229
K02587	group	IBS-D	-1.28013155945653	0.557103002480742	35	35	0.0280469029932335	0.0809213829750686
K13668	group	IBS-D	1.15907627011412	0.504201246293962	35	35	0.0279834445578415	0.0809213829750686
K18889	group	IBS-D	-0.950695459454665	0.413707763052543	35	4	0.0280372786821215	0.0809213829750686
K18890	group	IBS-D	-0.950695459454665	0.413707763052543	35	4	0.0280372786821215	0.0809213829750686
K19333	group	IBS-D	-0.950695459454665	0.413707763052543	35	4	0.0280372786821215	0.0809213829750686
K00633	group	IBS-D	0.894067513521784	0.389189553773659	35	35	0.0280838729183457	0.080979383712299
K00799	group	IBS-D	-1.10807534238022	0.482801677399969	35	35	0.0282215517535563	0.0812850091331858
K01613	group	IBS-D	0.161855225455102	0.0705298569909843	35	35	0.02823735040455	0.0812850091331858
K16014	group	IBS-D	0.775496559216471	0.337937157279078	35	35	0.0282406572035313	0.0812850091331858
K00406	group	IBS-D	-1.42607180149467	0.621711454553002	35	35	0.028305343839301	0.0813736262110684
K03186	group	IBS-D	-1.05026247057668	0.457865420900769	35	35	0.0283028147309608	0.0813736262110684
K02034	group	IBS-D	0.299323840038505	0.130620427354139	35	35	0.0284484391016029	0.0817360599202846
K03071	group	IBS-D	-1.05257587815784	0.459430313007168	35	35	0.0284811884010938	0.0817812114316097
K02379	group	IBS-D	-0.864347671801248	0.377426210440115	35	35	0.0285414845067784	0.081894199297016
K15634	group	IBS-D	-0.192430069269377	0.0840340365946345	35	35	0.0285546531187679	0.081894199297016
K01740	group	IBS-D	0.188923347424053	0.082579395701392	35	35	0.0286923078190684	0.082239862590655
K01284	group	IBS-D	0.516445998125288	0.225847165956617	35	35	0.0287619165029198	0.082390191605321
K12297	group	IBS-D	-0.858452572935644	0.375684806052939	35	35	0.0288707050709797	0.0826525074810815
K02507	group	IBS-D	-0.971351526035527	0.425329616419185	35	35	0.0289537505165103	0.0827079125078703
K02686	group	IBS-D	-1.11538191114031	0.488339346725907	35	35	0.0289361996541397	0.0827079125078703
K09930	group	IBS-D	-1.118559423946	0.489805249991207	35	35	0.0289589670747198	0.0827079125078703
K13730	group	IBS-D	1.01138708717768	0.442802380422582	35	35	0.0289342832335571	0.0827079125078703
K09929	group	IBS-D	-1.11984167878233	0.490639443735343	35	35	0.0290420484331616	0.0828958825966758
K01821	group	IBS-D	-0.393577521398503	0.172528857100814	35	35	0.0291198347362235	0.0830685244020255
K01775	group	IBS-D	0.0656928443575191	0.0288095347810256	35	35	0.029184318704294	0.0831831543526627
K03666	group	IBS-D	-1.05468526117714	0.462563121182525	35	35	0.0291946709194411	0.0831831543526627
K01644	group	IBS-D	0.462188572708317	0.202787928413934	35	35	0.0292551332936635	0.0832566063680371
K02014	group	IBS-D	0.216276969463912	0.0948927416384008	35	35	0.0292550723289337	0.0832566063680371
K01436	group	IBS-D	0.399214212839927	0.175342519633321	35	35	0.0294141242692782	0.0834155780685772
K03291	group	IBS-D	-0.968259384139403	0.425379072714088	35	4	0.0294499905907599	0.0834155780685772
K05876	group	IBS-D	-0.968259384139403	0.425379072714088	35	4	0.0294499905907599	0.0834155780685772
K07782	group	IBS-D	-0.968259384139403	0.425379072714088	35	4	0.0294499905907599	0.0834155780685772
K10013	group	IBS-D	-0.968259384139403	0.425379072714088	35	4	0.0294499905907599	0.0834155780685772
K14062	group	IBS-D	-0.968259384139403	0.425379072714088	35	4	0.0294499905907599	0.0834155780685772
K16136	group	IBS-D	-0.968259384139403	0.425379072714088	35	4	0.0294499905907599	0.0834155780685772
K18325	group	IBS-D	-0.968259384139403	0.425379072714088	35	4	0.0294499905907599	0.0834155780685772
K13581	group	IBS-D	2.14256585794403	0.942026239915692	35	34	0.0295699619838871	0.0837060067716048
K04564	group	IBS-D	-0.218477371492407	0.096185417778675	35	35	0.0297706534807853	0.08422445925825
K08310	group	IBS-D	-1.08151429436285	0.476451511245736	35	35	0.0298701964825657	0.0844065999486744
K18930	group	IBS-D	0.765745023254369	0.337337946454957	35	35	0.0298682884932016	0.0844065999486744
K01876	group	IBS-D	-0.0690593492544058	0.0304315453308809	35	35	0.0299106458108781	0.084471182669427
K00373	group	IBS-D	0.666823602637187	0.294248196203993	35	35	0.030122629647749002	0.0848574650894143
K03182	group	IBS-D	-1.05171237185176	0.464127274982284	35	35	0.0301358004535412	0.0848574650894143
K03690	group	IBS-D	-1.10728998417425	0.488625735463449	35	35	0.0301269130906377	0.0848574650894143
K09001	group	IBS-D	-1.09688903969264	0.48395039082882	35	35	0.0300997712232989	0.0848574650894143
K11607	group	IBS-D	-0.852160141451474	0.375984443226631	35	35	0.0301034840735457	0.0848574650894143
K00154	group	IBS-D	-1.49226310997519	0.65916264353352	35	13	0.0302799487711924	0.0851634645872847
K11527	group	IBS-D	-0.474871745081722	0.209759561585781	35	4	0.0302793291334798	0.0851634645872847
K00290	group	IBS-D	0.498749855668944	0.221321206354895	35	35	0.030992692398968	0.0852017294707177
K00568	group	IBS-D	-1.10133945758322	0.488321865563304	35	35	0.030864790582003	0.0852017294707177
K00813	group	IBS-D	-1.103783646158	0.489878003206912	35	35	0.0310156778484749	0.0852017294707177
K01147	group	IBS-D	-1.09792835303703	0.487902412094101	35	35	0.0312163213398442	0.0852017294707177
K01414	group	IBS-D	-1.09679183578063	0.488200461240932	35	35	0.0314761559583764	0.0852017294707177
K01525	group	IBS-D	-1.09680921871355	0.488185463678307	35	35	0.0314687856010935	0.0852017294707177
K02033	group	IBS-D	0.297884279536724	0.132587395228911	35	35	0.0314691145130934	0.0852017294707177
K02339	group	IBS-D	-1.09968866660549	0.487810154996518	35	35	0.0309353482682086	0.0852017294707177
K02427	group	IBS-D	-1.09572637644489	0.485611015630681	35	35	0.0307934688080725	0.0852017294707177
K02471	group	IBS-D	-1.06462931194627	0.47152292811073	35	35	0.0306923673165726	0.0852017294707177
K02494	group	IBS-D	-1.09676735012133	0.488199471382212	35	35	0.0314793687437236	0.0852017294707177
K02498	group	IBS-D	-1.09711516059453	0.487760848020028	35	35	0.0312873093473492	0.0852017294707177
K02656	group	IBS-D	-1.09630367633083	0.488189553983159	35	35	0.0315431318893614	0.0852017294707177
K03076	group	IBS-D	-0.0683989847841267	0.0302668258322353	35	35	0.0305539468180328	0.0852017294707177
K03089	group	IBS-D	-1.09834271850581	0.48812314450529	35	35	0.0312281210971855	0.0852017294707177
K03304	group	IBS-D	-0.891055184480479	0.395945464052984	35	35	0.0312061064645648	0.0852017294707177
K03457	group	IBS-D	1.26017704860054	0.557223675944715	35	33	0.0304401482271474	0.0852017294707177
K03554	group	IBS-D	-1.09835483501874	0.48835064899626	35	35	0.0312997892587288	0.0852017294707177
K03557	group	IBS-D	-1.09679183578063	0.488200461240932	35	35	0.0314761559583764	0.0852017294707177
K03576	group	IBS-D	-1.09661843765023	0.488209113110042	35	35	0.0315039948027449	0.0852017294707177
K03583	group	IBS-D	-1.09285686351813	0.484791420438456	35	35	0.0309391483371324	0.0852017294707177
K03586	group	IBS-D	-1.09923848096154	0.489662511691429	35	35	0.0315969348537984	0.0852017294707177
K03599	group	IBS-D	-1.09679183578063	0.488200461240932	35	35	0.0314761559583764	0.0852017294707177
K03600	group	IBS-D	-1.09679183578063	0.488200461240932	35	35	0.0314761559583764	0.0852017294707177
K03634	group	IBS-D	-0.860791413071546	0.380327431415482	35	35	0.0303198854218042	0.0852017294707177
K03643	group	IBS-D	-1.09764659551261	0.48819258012077	35	35	0.0313504730835423	0.0852017294707177
K03656	group	IBS-D	-1.09679183578063	0.488200461240932	35	35	0.0314761559583764	0.0852017294707177
K03745	group	IBS-D	-1.09873708304162	0.488975534911336	35	35	0.031446780397649	0.0852017294707177
K03806	group	IBS-D	-1.09662534852987	0.488200369510234	35	35	0.0315001603942686	0.0852017294707177
K03808	group	IBS-D	-1.09583232380068	0.486226265844937	35	35	0.0309761338874711	0.0852017294707177
K04044	group	IBS-D	-1.09891586867438	0.489658681607254	35	35	0.0316423002804186	0.0852017294707177
K04082	group	IBS-D	-1.09896815170122	0.489631504541092	35	35	0.0316259278569615	0.0852017294707177
K04760	group	IBS-D	-1.10097071475073	0.489189456903637	35	35	0.0311954393096055	0.0852017294707177
K05527	group	IBS-D	-1.09978937179908	0.489629939370399	35	35	0.0315069520342468	0.0852017294707177
K05541	group	IBS-D	-1.09970122351416	0.489664283675511	35	35	0.0315307630289801	0.0852017294707177
K05788	group	IBS-D	-1.09598710999167	0.485549729960415	35	35	0.0307367468173721	0.0852017294707177
K06175	group	IBS-D	-1.1023947670381	0.491197099740969	35	35	0.0316385096190916	0.0852017294707177
K06181	group	IBS-D	-1.09730664394682	0.488165972063449	35	35	0.0313907796792693	0.0852017294707177
K06186	group	IBS-D	-1.09679183578063	0.488200461240932	35	35	0.0314761559583764	0.0852017294707177
K06189	group	IBS-D	-1.09679183578063	0.488200461240932	35	35	0.0314761559583764	0.0852017294707177
K06190	group	IBS-D	-1.09786436093343	0.488130085110156	35	35	0.031298985275978	0.0852017294707177
K06194	group	IBS-D	-1.09793218261473	0.487873073418327	35	35	0.0312063105430824	0.0852017294707177
K06202	group	IBS-D	-1.09892552233049	0.489220726527676	35	35	0.0314989807636106	0.0852017294707177
K07008	group	IBS-D	-1.09835992872167	0.488836879633697	35	35	0.0314562272829531	0.0852017294707177
K07044	group	IBS-D	-1.73664342125264	0.771371264266907	35	6	0.031141680790152	0.0852017294707177
K07113	group	IBS-D	-1.06364521423333	0.472378815927268	35	35	0.0311202788511936	0.0852017294707177
K07115	group	IBS-D	-1.09605771713908	0.487028601566061	35	35	0.031202582421361	0.0852017294707177
K07122	group	IBS-D	-1.09821495549516	0.487751788726713	35	35	0.031126749312316	0.0852017294707177
K07278	group	IBS-D	-1.09856623661211	0.488108587287055	35	35	0.0311914119412058	0.0852017294707177
K07287	group	IBS-D	-1.09837637495908	0.487898368801245	35	35	0.0311508636049202	0.0852017294707177
K07320	group	IBS-D	-1.09692485978285	0.488200555232388	35	35	0.0314569948223402	0.0852017294707177
K07390	group	IBS-D	-1.09761258035786	0.488198857882809	35	35	0.0313573946043692	0.0852017294707177
K07645	group	IBS-D	-1.10405435198349	0.489256333869501	35	35	0.0307789674636046	0.0852017294707177
K07735	group	IBS-D	-1.04287984107185	0.461793278994786	35	35	0.0306597722435818	0.0852017294707177
K08304	group	IBS-D	-1.10004651169844	0.489142489817077	35	35	0.0313125835488663	0.0852017294707177
K08305	group	IBS-D	-1.09926058849889	0.487634445356195	35	35	0.0309398961784399	0.0852017294707177
K09159	group	IBS-D	-1.09764659551261	0.48819258012077	35	35	0.0313504730835423	0.0852017294707177
K09798	group	IBS-D	-0.929052841145528	0.413175981640281	35	35	0.0313381223927238	0.0852017294707177
K09801	group	IBS-D	-1.09699131662986	0.488200609076163	35	35	0.0314474283527093	0.0852017294707177
K09806	group	IBS-D	-1.10233873333318	0.487878046276869	35	35	0.030582150025036	0.0852017294707177
K09815	group	IBS-D	-0.219002126528089	0.0970431818857395	35	35	0.0307684538130089	0.0852017294707177
K09862	group	IBS-D	-1.09990299219854	0.48964322194287	35	35	0.0314948879653413	0.0852017294707177
K09889	group	IBS-D	-1.0970159894151	0.488160003919142	35	35	0.0314307171155435	0.0852017294707177
K09890	group	IBS-D	-1.10120787988327	0.489994469138044	35	35	0.0314207537276226	0.0852017294707177
K10763	group	IBS-D	-1.09896815170122	0.489631504541092	35	35	0.0316259278569615	0.0852017294707177
K13634	group	IBS-D	-1.09726331403499	0.487798141515084	35	35	0.0312780780763929	0.0852017294707177
K13747	group	IBS-D	0.499061847343285	0.221286000074065	35	35	0.0308700382035822	0.0852017294707177
K14058	group	IBS-D	-1.09718450606446	0.488132788828834	35	35	0.0313976263244246	0.0852017294707177
K14534	group	IBS-D	-1.40455207495353	0.623449198724991	35	35	0.0310370525080825	0.0852017294707177
K14682	group	IBS-D	-1.10616102246402	0.490156569653651	35	35	0.0307683751390873	0.0852017294707177
K15539	group	IBS-D	-1.09693393621498	0.487754490728817	35	35	0.0313112989487156	0.0852017294707177
K15724	group	IBS-D	-1.09896815170122	0.489631504541092	35	35	0.0316259278569615	0.0852017294707177
K15984	group	IBS-D	-1.09332363135821	0.485656095621342	35	35	0.03115156041559	0.0852017294707177
K16214	group	IBS-D	-0.969079801595605	0.431063192134784	35	35	0.0313696517141551	0.0852017294707177
K18120	group	IBS-D	-1.40142847202134	0.624317728236118	35	35	0.031607825233344	0.0852017294707177
K18893	group	IBS-D	-1.09657050691419	0.488218756853749	35	35	0.0315140468147356	0.0852017294707177
K01497	group	IBS-D	-0.944035792456764	0.420752850994884	35	35	0.0316824062188586	0.08521423706846
K03117	group	IBS-D	-0.798064155603135	0.355709621274811	35	35	0.0316894362292701	0.08521423706846
K07262	group	IBS-D	-1.09868293374592	0.489733213438099	35	35	0.0317001931689793	0.08521423706846
K06204	group	IBS-D	-1.07570751178547	0.479742051356534	35	35	0.0317831923009313	0.0853895390244942
K01095	group	IBS-D	-0.944300537830541	0.421190572357873	35	35	0.0318033110530379	0.0853958033364849
K03567	group	IBS-D	-1.10357750737581	0.492382669127446	35	8	0.0318516137912428	0.0854299429115958
K07660	group	IBS-D	-1.10357750737581	0.492382669127446	35	8	0.0318516137912428	0.0854299429115958
K04062	group	IBS-D	-1.09580897292479	0.489007509118327	35	35	0.0318813002005479	0.0854618214756171
K00557	group	IBS-D	-1.08588448853062	0.484776515489429	35	35	0.0319465308807707	0.0855650944749925
K01989	group	IBS-D	0.276882456545278	0.123656255163301	35	35	0.0320064855427775	0.0855650944749925
K02626	group	IBS-D	-1.99718144759686	0.891902788666299	35	35	0.0319988713427916	0.0855650944749925
K02858	group	IBS-D	-0.88260755581269	0.394083147666802	35	35	0.0319694703123062	0.0855650944749925
K03752	group	IBS-D	-1.04468715271747	0.466566502064843	35	35	0.0320089376540484	0.0855650944749925
K09157	group	IBS-D	-0.212200178777098	0.0947990092932702	35	35	0.0320571768630862	0.0856359278712426
K10806	group	IBS-D	-1.09021968258365	0.487090670672785	35	35	0.0320711098338876	0.0856359278712426
K00795	group	IBS-D	-1.08502894079773	0.484976000774848	35	35	0.0321387794222751	0.0857621626077531
K03981	group	IBS-D	-1.0856554618498	0.485302361644488	35	35	0.0321541122045315	0.0857621626077531
K00990	group	IBS-D	-1.06692298307823	0.477064970633944	35	35	0.0322000310704475	0.0858227730436951
K02562	group	IBS-D	-1.01065070864985	0.451977691399747	35	6	0.032226496999136	0.0858227730436951
K09794	group	IBS-D	-1.08404834270822	0.48481413437512	35	35	0.0322304644444454	0.0858227730436951
K01070	group	IBS-D	-1.40206063253814	0.62743560800865	35	35	0.0323327446889674	0.0860473986982995
K18138	group	IBS-D	-1.08186310036779	0.484361693964476	35	35	0.0324052536757612	0.0861925888627864
K08311	group	IBS-D	-1.08369294838617	0.4853594799795	35	35	0.0324647187997358	0.0863029429443697
K00996	group	IBS-D	1.5458696757889001	0.692659647671928	35	34	0.0325354290815624	0.0864430520313123
K03525	group	IBS-D	0.313157466075421	0.140354813336117	35	35	0.0325792828276824	0.086463867803042
K19416	group	IBS-D	-1.08175940899454	0.484793358737549	35	35	0.0325648905205799	0.086463867803042
K01810	group	IBS-D	-0.0636687242728867	0.0285437647254158	35	35	0.0326243110239722	0.0865355343790555
K00101	group	IBS-D	-0.977046091429817	0.438120021420484	35	35	0.0326590529275245	0.086579852625646
K03892	group	IBS-D	0.454519576787477	0.203860064143027	35	35	0.0326970279312112	0.0866326882437887
K01082	group	IBS-D	-0.984659460770812	0.441696330536989	35	35	0.0327188024023643	0.0866425649937955
K03782	group	IBS-D	-1.39085029204004	0.624635395912793	35	34	0.0329095632170789	0.0870996764085974
K11963	group	IBS-D	-1.13022514638075	0.507810483023038	35	32	0.0329812273902414	0.0872412521766111
K05565	group	IBS-D	-1.04611308107751	0.470368227368538	35	35	0.0331028566460763	0.0874493362252852
K09747	group	IBS-D	-0.164547435011424	0.0739806202879407	35	35	0.0330905933318166	0.0874493362252852
K10010	group	IBS-D	-0.959936578143908	0.431651076361542	35	35	0.0331145372334031	0.0874493362252852
K03204	group	IBS-D	-1.294446080662	0.582512542914484	35	35	0.0332396786814095	0.0877315543427415
K02769	group	IBS-D	-0.591400623793376	0.26620556719409	35	35	0.0332828655378302	0.087797273322595
K03611	group	IBS-D	-1.07800509752348	0.485404707719682	35	35	0.0333389008782343	0.087896794682264
K07464	group	IBS-D	-0.945287239522459	0.425768779247977	35	35	0.0333870399265951	0.0879753999383004
K01662	group	IBS-D	0.168637688156465	0.075985861878506	35	35	0.0334509226529857	0.0880953810515548
K05571	group	IBS-D	-1.04430473540342	0.470833078212347	35	35	0.0335504709099143	0.0883091068193522
K00764	group	IBS-D	0.0473836234695486	0.0213872654106638	35	35	0.0337364659919282	0.0887500127272589
K02558	group	IBS-D	-1.0757723676179	0.485674770086713	35	35	0.0337740235548773	0.0888001572217775
K00790	group	IBS-D	-0.0757243163868762	0.0342126319580663	35	35	0.0338989400634459	0.0890310783613806
K08365	group	IBS-D	-1.18111152432588	0.533592992762023	35	9	0.0338866961287486	0.0890310783613806
K07084	group	IBS-D	-0.734047495165727	0.331732130503104	35	35	0.0339420313073941	0.0890955124695458
K00384	group	IBS-D	-0.207962165445691	0.0942438330821884	35	35	0.0344070770698197	0.0902668726842647
K13641	group	IBS-D	-1.10671233287878	0.501629243621137	35	9	0.0344379009489463	0.0902983956613277
K01878	group	IBS-D	-0.228841101732076	0.103804785793866	35	35	0.034568115598676	0.0905903509766613
K15342	group	IBS-D	-0.296834512297126	0.134670755282569	35	35	0.0345975088183324	0.0906179158956976
K01447	group	IBS-D	-1.27179858208904	0.577512058390208	35	35	0.0347470913895134	0.0909600794771285
K09013	group	IBS-D	0.253032175298225	0.115036314472446	35	35	0.0349490804338892	0.0914389837401101
K08289	group	IBS-D	0.366432489405112	0.166795084091578	35	35	0.0351572154969135	0.0919334376910032
K03613	group	IBS-D	-0.624910815753868	0.284520228700862	35	35	0.035198874141128	0.0919422169486157
K03617	group	IBS-D	-0.624938690554298	0.284503648050788	35	35	0.0351812824548605	0.0919422169486157
K01879	group	IBS-D	-0.228192629912018	0.104008978316507	35	35	0.0353859098420085	0.0923805074233186
K05559	group	IBS-D	-1.0876799204132	0.496123959735981	35	10	0.0355124842870299	0.0924094509821303
K05560	group	IBS-D	-1.0876799204132	0.496123959735981	35	10	0.0355124842870299	0.0924094509821303
K05561	group	IBS-D	-1.0876799204132	0.496123959735981	35	10	0.0355124842870299	0.0924094509821303
K05562	group	IBS-D	-1.0876799204132	0.496123959735981	35	10	0.0355124842870299	0.0924094509821303
K05563	group	IBS-D	-1.0876799204132	0.496123959735981	35	10	0.0355124842870299	0.0924094509821303
K09014	group	IBS-D	0.253412652446239	0.115529331427032	35	35	0.0354233697541062	0.0924094509821303
K01066	group	IBS-D	1.3096133994332	0.597448807689599	35	35	0.0355396296148084	0.0924299901303875
K11717	group	IBS-D	0.252900470253894	0.115518870685297	35	35	0.035756396848146	0.0929434007947747
K03492	group	IBS-D	-0.580008316538017	0.264985435405493	35	35	0.0357900371309309	0.0929805023082246
K05548	group	IBS-D	-0.871728805244031	0.39845305494516	35	4	0.0358729426761864	0.0931454828493083
K11175	group	IBS-D	-0.134040921521019	0.0612855807174223	35	35	0.0359228881980564	0.0932247493183075
K02279	group	IBS-D	0.751176669101417	0.343857546904585	35	35	0.0361291679845071	0.0936588204609171
K13542	group	IBS-D	0.32681309284068	0.149593842720037	35	35	0.0361202696631719	0.0936588204609171
K00700	group	IBS-D	-0.25262136002942	0.115670128530308	35	35	0.0361751612140809	0.0937274414402604
K03500	group	IBS-D	-0.198053180214462	0.0907333736981121	35	35	0.0362691693163724	0.0939203246428824
K03707	group	IBS-D	-0.725214938628442	0.332534494805597	35	35	0.0364240324255681	0.094270501172589
K01923	group	IBS-D	0.0430270428760437	0.0197380841825616	35	35	0.0365021075851983	0.0944216694593411
K03688	group	IBS-D	-0.75918331495022	0.348343563160895	35	35	0.0365415391831507	0.0944727676996804
K08301	group	IBS-D	0.15377224996978	0.0705952741134604	35	35	0.0366371819259731	0.0946690583566183
K03970	group	IBS-D	-1.04447301282368	0.479873195295263	35	7	0.0367715608563151	0.0949141202533166
K03974	group	IBS-D	-1.04447301282368	0.479873195295263	35	7	0.0367715608563151	0.0949141202533166
K02169	group	IBS-D	-0.944685397760161	0.434323063702093	35	35	0.0368919647477461	0.0951737360311279
K01714	group	IBS-D	0.104273672998619	0.0480074104286302	35	35	0.0371397366772628	0.0957100782541808
K15771	group	IBS-D	-0.336497739367061	0.154920484064849	35	35	0.0371369122580885	0.0957100782541808
K10857	group	IBS-D	-1.28440394354802	0.591611013832308	35	10	0.037221912438614	0.0958703871340053
K07488	group	IBS-D	-1.35524773218303	0.624965522337043	35	35	0.0374279837327673	0.0962978295289473
K11065	group	IBS-D	-0.254682119461127	0.117435361253803	35	35	0.0374128172381277	0.0962978295289473
K16091	group	IBS-D	-1.44677354463489	0.667449094214239	35	35	0.0375020420930499	0.0964366920668091
K18979	group	IBS-D	0.439010092708165	0.202649720796698	35	35	0.0376065538478709	0.096653675066182193
K03841	group	IBS-D	-1.03218372112503	0.476642568147559	35	35	0.0376742914518838	0.0967759621511471
K00796	group	IBS-D	0.0547378753302776	0.0252831468693123	35	35	0.0377185989401859	0.0968379644448303
K00527	group	IBS-D	-0.141283220298591	0.0652816563593625	35	35	0.0377836104737775	0.0969530271964757
K03835	group	IBS-D	-1.06403595726433	0.49193809023518	35	35	0.0378885098199762	0.0971702647680052
K07136	group	IBS-D	-1.06481909116329	0.492359207461629	35	7	0.0379100830631052	0.0971736832813497
K07154	group	IBS-D	0.54953459131363	0.254211794275049	35	35	0.0379906811146997	0.0973283137842439
K07214	group	IBS-D	0.646969540876765	0.299343801514944	35	35	0.0380262750732397	0.0973675448675326
K11921	group	IBS-D	1.29782821693844	0.600691039798297	35	35	0.0380875393835787	0.0974724288808963
K09158	group	IBS-D	-1.06221664972777	0.492158545507574	35	35	0.0382781815193891	0.0979081243871003
K13923	group	IBS-D	2.51760830018435	1.16770678621806	35	33	0.0384676837972801	0.0983404419120031
K03833	group	IBS-D	-0.69306004911198	0.321679329490063	35	35	0.0385961192866455	0.0985434570393165
K04755	group	IBS-D	-0.915142561423372	0.424786769131079	35	35	0.0386086737535835	0.0985434570393165
K09989	group	IBS-D	-1.50458506030201	0.698325083017196	35	26	0.038591342130733	0.0985434570393165
K03777	group	IBS-D	-1.06425307138483	0.494253173357931	35	35	0.0387019944106515	0.0986767260571097
K10954	group	IBS-D	-2.68281590050092	1.24588917024823	35	34	0.0386952670774546	0.0986767260571097
K03101	group	IBS-D	0.0499256846936104	0.0231938451378025	35	35	0.0387625902772466	0.0987588336366349
K15772	group	IBS-D	-0.33310914485844	0.154762448031805	35	35	0.038775338763811	0.0987588336366349
K07319	group	IBS-D	-1.40903388297169	0.655089024384496	35	8	0.0389016028158472	0.0990278871256004
K02621	group	IBS-D	-0.352208824706526	0.163783328640504	35	35	0.0389397969395759	0.0990725835224715
K02622	group	IBS-D	-0.352003903213638	0.163790191648358	35	35	0.0390542062719422	0.0992806938556934
K05873	group	IBS-D	-2.22606648025006	1.03585563101756	35	29	0.0390629516128733	0.0992806938556934
K01611	group	IBS-D	0.394580034700081	0.183719597653296	35	35	0.0391726605694685	0.0994552343178182
K01874	group	IBS-D	0.0486693621408799	0.0226608903893616	35	35	0.0391730572995197	0.0994552343178182
K02038	group	IBS-D	-0.310632873702422	0.144750883518361	35	35	0.0393225430171599	0.0997819920852985
K05311	group	IBS-D	0.536777150790777	0.250264684658547	35	35	0.0394210290732813	0.0999790600004351
K03473	group	IBS-D	-1.43273824324745	0.668451241500947	35	35	0.0395476339817299	0.100247196803741
K10941	group	IBS-D	-0.756484796792884	0.353041600175654	35	8	0.0396000015459344	0.100326969615848
K00428	group	IBS-D	-1.02751511962443	0.479941620834632	35	35	0.0397600030362293	0.100679206000494
K00380	group	IBS-D	-1.04855388530221	0.489874562469069	35	35	0.0398002055366027	0.100727879167754
K10716	group	IBS-D	-0.335962731881154	0.156981414305902	35	35	0.0398271811290583	0.100743043519815
K01126	group	IBS-D	-0.235886290998021	0.110395963733931	35	35	0.0401248864731861	0.101442643474337
K03426	group	IBS-D	0.356240617960261	0.166981190208286	35	35	0.0404155469299486	0.102123705689833
K02037	group	IBS-D	-0.309759551590986	0.145534687357704	35	35	0.0408573452044829	0.103185751881495
K02019	group	IBS-D	-0.709947156988887	0.333663179604058	35	35	0.0409185698221649	0.103231767586029
K06962	group	IBS-D	0.513483950875284	0.241309400048181	35	35	0.0409033531596948	0.103231767586029
K03299	group	IBS-D	-0.448296609367863	0.210749177796418	35	35	0.0409701322867575	0.103278285623186
K10679	group	IBS-D	-2.20611972955418	1.03717536109664	35	34	0.0409800321000144	0.103278285623186
K00239	group	IBS-D	0.164664534547916	0.0774413918645786	35	35	0.0410455390696904	0.103389104445742
K01358	group	IBS-D	0.0766251101978565	0.0360547877736296	35	35	0.0411412181255963	0.103467253470762
K02004	group	IBS-D	-0.226868064694011	0.106760013342581	35	35	0.0411602278605777	0.103467253470762
K07126	group	IBS-D	-0.697356694740738	0.328127399638557	35	35	0.0411393319079457	0.103467253470762
K16923	group	IBS-D	0.528837695722036	0.248864792805657	35	35	0.041162769033359	0.103467253470762
K03636	group	IBS-D	-1.05128520569977	0.494885787380437	35	35	0.0412255808257368	0.103570912372769
K08994	group	IBS-D	-1.38438500634186	0.652735346132183	35	33	0.0415313305328752	0.10428447588302
K03801	group	IBS-D	-0.439763206889061	0.207582958219817	35	35	0.0417486821277091	0.104722221075468
K08641	group	IBS-D	0.491393550824129	0.231954941202079	35	35	0.0417492878855332	0.104722221075468
K19242	group	IBS-D	2.14049860683457	1.01362260150237	35	27	0.0423654789681676	0.10621235745492
K02039	group	IBS-D	-0.343986647158178	0.162965875698407	35	35	0.0424520259067936	0.106318297537046
K06970	group	IBS-D	-0.961297069305241	0.45537308840424	35	6	0.0424317594058859	0.106318297537046
K06180	group	IBS-D	0.163588414260814	0.0775681050706182	35	35	0.0426201131014714	0.106683609489137
K03529	group	IBS-D	-0.157538085519902	0.0747498690367048	35	35	0.0427521140125478	0.106958259184076
K06173	group	IBS-D	0.0456843891181681	0.0216973217817082	35	35	0.0429380509997892	0.107367491067702
K01042	group	IBS-D	-0.699318299586494	0.332249311602214	35	35	0.043006044973217	0.107481531450502
K02777	group	IBS-D	-0.402731258738204	0.191361800562692	35	35	0.043028913120568	0.107482732513968
K00951	group	IBS-D	0.113537285615247	0.0540264446127873	35	35	0.0433127592957743	0.108135495256897
K00508	group	IBS-D	-1.44214195563494	0.686563958394424	35	7	0.0434057375791458	0.108240196863407
K15830	group	IBS-D	-0.850936241344503	0.405141365728729	35	5	0.0434223326721353	0.108240196863407
K15832	group	IBS-D	-0.850936241344503	0.405141365728729	35	5	0.0434223326721353	0.108240196863407
K07708	group	IBS-D	-1.34790060038314	0.642104151944585	35	30	0.043530434517887	0.108284775191904
K07720	group	IBS-D	-0.418686269993233	0.199436577570835	35	35	0.0435161112591917	0.108284775191904
K08744	group	IBS-D	0.591494177554887	0.281764262991744	35	35	0.0435249007919967	0.108284775191904
K09701	group	IBS-D	-1.14771472338779	0.546630694850063	35	21	0.0434906553929391	0.108284775191904
K05569	group	IBS-D	-0.896701459223857	0.427291875563943	35	35	0.0435891581642589	0.108374701370589
K00356	group	IBS-D	-1.03481766831651	0.493778081613794	35	31	0.0438586546312044	0.108988302735203
K07588	group	IBS-D	0.542519432600563	0.258923323449177	35	35	0.0438988170330994	0.109031671275691
K12282	group	IBS-D	-0.797489854512346	0.381019024033467	35	6	0.044111966555538	0.109504421630371
K03385	group	IBS-D	0.4711274689867	0.225268469284638	35	35	0.0442682662884546	0.10983563124076
K00948	group	IBS-D	-0.0694979958208775	0.0332355839470427	35	35	0.0443000086912518	0.109857614528254
K02450	group	IBS-D	-0.822111178139528	0.393522046584722	35	6	0.0444876308114108	0.110265934706032
K00005	group	IBS-D	0.530499253295066	0.254091753077525	35	35	0.0446109814278392	0.110474843515268
K05567	group	IBS-D	-0.87575167238672	0.419567087111033	35	35	0.04466395985485	0.110474843515268
K06949	group	IBS-D	0.0468586392824574	0.0224486074906746	35	35	0.0446543892914838	0.110474843515268
K07405	group	IBS-D	0.490072272246889	0.234747465055378	35	35	0.044627144969145	0.110474843515268
K07386	group	IBS-D	0.305148216393383	0.146464415700216	35	35	0.0450351980550385	0.111335729074274
K07571	group	IBS-D	0.536752793761138	0.257772220903859	35	35	0.0451470843181203	0.111554890278588
K02526	group	IBS-D	0.911747991121807	0.438783772570053	35	35	0.0455739185638175	0.112551637358481
K00805	group	IBS-D	0.289959499634067	0.139704095151471	35	35	0.0458066940133986	0.113068348564692
K01278	group	IBS-D	0.486403786653808	0.234497643313479	35	35	0.0459335981003447	0.113094651462978
K01304	group	IBS-D	0.35283470820718	0.170104613772633	35	35	0.0459351323375977	0.113094651462978
K03608	group	IBS-D	-0.999967891112651	0.481973352494247	35	35	0.0458843773027301	0.113094651462978
K03610	group	IBS-D	-0.991009108178484	0.477731652281908	35	35	0.04591704119968	0.113094651462978
K07323	group	IBS-D	-1.0751602548724	0.518240068350602	35	35	0.0458941722884101	0.113094651462978
K00784	group	IBS-D	-0.403947693173307	0.195024665902967	35	35	0.0462275217100701	0.113697915845311
K03545	group	IBS-D	0.0504427398242173	0.0243523494171715	35	35	0.0462170195231383	0.113697915845311
K00147	group	IBS-D	-0.138238824203955	0.0667498101402067	35	35	0.0462538149568303	0.113704334668583
K03217	group	IBS-D	-0.0705720064110226	0.0340872259136683	35	35	0.0463196891053053	0.113807997643076
K07481	group	IBS-D	-0.876216941626713	0.423299034847767	35	35	0.0463558908683568	0.113838686475182
K00931	group	IBS-D	-0.13793401110847	0.0666556566014502	35	35	0.0464175086096446	0.113931727420707
K00372	group	IBS-D	-1.40846336103579	0.682381180416107	35	20	0.046948550918253	0.115117463206605
K03568	group	IBS-D	-0.69406779759944	0.336229764104561	35	35	0.0469259954057981	0.115117463206605
K03798	group	IBS-D	0.0566897003687899	0.0274715760166663	35	35	0.0469953441267274	0.115173377821551
K07705	group	IBS-D	0.571699064896428	0.277272835080316	35	35	0.0471678327282556	0.115537124963446
K00496	group	IBS-D	-1.22460713749012	0.594422478990191	35	6	0.0473398549585668	0.115899359335074
K00666	group	IBS-D	0.464765152628197	0.225691242109556	35	35	0.0474276600824845	0.116055145798169
K05834	group	IBS-D	-1.07870998162951	0.524576244732937	35	6	0.0477277435876583	0.116670517802621
K11890	group	IBS-D	-1.07870998162951	0.524576244732937	35	6	0.0477277435876583	0.116670517802621
K03438	group	IBS-D	0.045693673736389	0.0222445950367802	35	35	0.0479523687940244	0.117159960600565
K08483	group	IBS-D	-0.136868760658678	0.0667130268583827	35	35	0.0482133365209114	0.117737654443996
K07267	group	IBS-D	-1.07655098919715	0.525073078643752	35	5	0.0483489838082288	0.118008882187751
K00170	group	IBS-D	0.930028542005527	0.453848089027684	35	35	0.0484606142658374	0.118221244456446
K10778	group	IBS-D	-0.921083903597092	0.449681451660902	35	35	0.0485540807365354	0.118389101887307
K03079	group	IBS-D	0.676884091061708	0.330526461153077	35	35	0.0485961539768068	0.11843154073230901
K01224	group	IBS-D	0.902140038445334	0.441296003359983	35	35	0.0489703789635273	0.119282998175492
K03647	group	IBS-D	-0.297946347503146	0.146037985804043	35	35	0.0493995872017807	0.120267453425836
K14392	group	IBS-D	-0.652742902481025	0.32010976427114	35	35	0.0495127378892221	0.120481832035558
K00088	group	IBS-D	0.0750950164983588	0.0368661617945209	35	35	0.049740560822964	0.120974889823227
K07711	group	IBS-D	-1.00959744488662	0.495774211489404	35	6	0.0497995434247232	0.120995753027377
K07715	group	IBS-D	-1.00959744488662	0.495774211489404	35	6	0.0497995434247232	0.120995753027377
K01173	group	IBS-D	0.534457453744879	0.262614258285608	35	35	0.0499334084687796	0.121137086436893
K02226	group	IBS-D	0.326066120327364	0.160182516504754	35	35	0.0498858279302007	0.121137086436893
K03216	group	IBS-D	-0.131311922781733	0.0645210165955224	35	35	0.049929370006847	0.121137086436893
K00255	group	IBS-D	-1.19951877522555	0.589788161008913	35	6	0.0500746595563332	0.121392250426269
K08194	group	IBS-D	2.06957681489137	1.01765285607781	35	27	0.050089158111735	0.121392250426269
K00060	group	IBS-D	1.26474505996823	0.622379278190619	35	35	0.0502557473680518	0.121673143274844
K03431	group	IBS-D	-0.130758236952245	0.064341412832673	35	35	0.0502404733966423	0.121673143274844
K01783	group	IBS-D	0.0451928571248223	0.0222574333992256	35	35	0.0504322621032798	0.122038956833592
K00177	group	IBS-D	0.487608971567706	0.240186562975035	35	35	0.0504681664801796	0.122064316005714
K09825	group	IBS-D	0.247253590330796	0.121897038834646	35	35	0.0506553865907789	0.12245544361648
K17810	group	IBS-D	0.492879094580959	0.24339820411305	35	35	0.0510207620839708	0.123276637526494
K00176	group	IBS-D	0.486270690667934	0.240197386044621	35	35	0.0510778572762943	0.123352511460507
K07686	group	IBS-D	-1.03538034735878	0.512082082295784	35	12	0.0513555556520706	0.123960795719251
K02063	group	IBS-D	-0.799842400057772	0.395650176514487	35	35	0.0513896235375194	0.123980694775694
K09516	group	IBS-D	0.943132047073801	0.467393237332056	35	35	0.0517973498203343	0.124901595423116
K01259	group	IBS-D	-0.660125580338325	0.32724882321787	35	35	0.0518694683817775	0.125012709689214
K06208	group	IBS-D	0.835679736112791	0.414546102152689	35	35	0.0520129874142756	0.12529571127744
K13920	group	IBS-D	2.19222474291294	1.08857312192093	35	34	0.0522376559430685	0.125773814534941
K19509	group	IBS-D	0.652086436206099	0.324038471945228	35	35	0.0524010260007138	0.126103922721517
K03187	group	IBS-D	-1.37028032485447	0.681254764980219	35	34	0.052508137076844	0.126298379812589
K09861	group	IBS-D	0.0358473517079078	0.0178325422784813	35	35	0.052639728849111	0.126551496346811
K02651	group	IBS-D	0.917949692063828	0.456801135796902	35	35	0.0527180004895372	0.126676236411546
K00151	group	IBS-D	-1.02285093862485	0.509207937584651	35	6	0.0528078968478339	0.12682877076861
K11031	group	IBS-D	0.514935779869256	0.25660665813746403	35	35	0.0530308582043863	0.127300575119629
K12942	group	IBS-D	0.516738272108726	0.257828708095274	35	35	0.0533133836087702	0.127787096707791
K15736	group	IBS-D	-0.738038038383635	0.36823700387077	35	5	0.0533071816234559	0.127787096707791
K15737	group	IBS-D	-0.738038038383635	0.36823700387077	35	5	0.0533071816234559	0.127787096707791
K02438	group	IBS-D	-0.286398548395392	0.142920803084045	35	35	0.0533465710306	0.12780283808279
K00657	group	IBS-D	0.424431820702836	0.211993674484514	35	35	0.0535492895371856	0.128224508263356
K19508	group	IBS-D	0.649326808889244	0.324400010029263	35	35	0.0536026347966576	0.128288260049229
K03060	group	IBS-D	-0.132376037772623	0.0662501188952283	35	35	0.0539988700959258	0.129172185017708
K00856	group	IBS-D	0.878252856980771	0.439632494295405	35	35	0.054047462543201	0.129224037684217
K07037	group	IBS-D	0.323199702485083	0.161883847972676	35	35	0.0541847960815051	0.129487907410307
K15256	group	IBS-D	-0.617864739385013	0.309519666890333	35	35	0.0542174255739117	0.129501422975299
K00826	group	IBS-D	0.0523969002686082	0.026314712148922	35	35	0.0547949142170139	0.130720887395684
K04758	group	IBS-D	0.193982565185295	0.0974395450222961	35	35	0.0548368813194974	0.130720887395684
K07180	group	IBS-D	-1.07339961566509	0.53916727182488	35	28	0.0548313584608314	0.130720887395684
K09786	group	IBS-D	-1.07339961566509	0.53916727182488	35	28	0.0548313584608314	0.130720887395684
K02391	group	IBS-D	-1.2063949111407	0.606330990471976	35	29	0.054967745536798	0.130947009422531
K19285	group	IBS-D	-0.966111640027601	0.485604446909961	35	35	0.054986288480696	0.130947009422531
K19507	group	IBS-D	0.648780177691603	0.326154264579159	35	35	0.0550233899687517	0.130970399226563
K03862	group	IBS-D	-0.839857398661758	0.422322651936694	35	6	0.0550833658208337	0.131048185979099
K07704	group	IBS-D	0.890532102022314	0.44822780734219	35	35	0.0553008884615576	0.131435428467296
K19506	group	IBS-D	0.647848588221545	0.326069062506424	35	35	0.0552939163218921	0.131435428467296
K16789	group	IBS-D	0.486989456691957	0.245343113883517	35	35	0.0555161359253188	0.131881726164006
K06881	group	IBS-D	0.211760646796565	0.106742269976483	35	35	0.0556422381742577	0.13211591764323
K05577	group	IBS-D	-0.740850445457228	0.373534116320268	35	5	0.0557000872079388	0.132122588283258
K09822	group	IBS-D	-0.740850445457228	0.373534116320268	35	5	0.0557000872079388	0.132122588283258
K08195	group	IBS-D	-1.73346754099396	0.875052931542825	35	21	0.0559771419124175	0.132714201640255
K03413	group	IBS-D	0.461626937969496	0.233124986064727	35	35	0.0560729560538526	0.132875746305304
K05592	group	IBS-D	0.217142609515048	0.109901809701646	35	35	0.0565895180528215	0.13396759180059
K07217	group	IBS-D	-1.05004815218814	0.531450291330555	35	28	0.0565860953327614	0.13396759180059
K01421	group	IBS-D	-0.317870953289453	0.160962387032705	35	35	0.0567046958166351	0.13417409788845
K07644	group	IBS-D	-1.50803325672768	0.763922048754104	35	13	0.056793463895355	0.134317940966305
K02806	group	IBS-D	-0.575029710911131	0.291582768988185	35	35	0.0570276841981664	0.134739129840254
K03179	group	IBS-D	-0.65380494832652	0.33150539918558	35	35	0.0570119035266761	0.134739129840254
K01914	group	IBS-D	0.291130128228828	0.147781597740101	35	35	0.0572778023754772	0.135263516578783
K12251	group	IBS-D	0.480983177826844	0.244188763630506	35	35	0.057311763076914	0.135277175286266
K04754	group	IBS-D	-0.658598738283785	0.335054322000018	35	35	0.0578007506926659	0.136364326327022
K16263	group	IBS-D	-0.819641491703066	0.417684750229658	35	5	0.0582001264580691	0.137239099766793
K01960	group	IBS-D	0.479894830411365	0.244589026578758	35	35	0.058236418159736	0.137257262437355
K00773	group	IBS-D	0.0382442235008356	0.0195460566035489	35	35	0.0588979239646933	0.138748249732332
K01693	group	IBS-D	0.284125022949642	0.1452598057831	35	35	0.0589767235825426	0.138865742971941
K06958	group	IBS-D	-0.131059033013556	0.0670257528771248	35	35	0.0590534295961847	0.138978193868276
K00970	group	IBS-D	-0.358507448353364	0.183386980620984	35	35	0.0591062970261132	0.139034459589598
K01255	group	IBS-D	-0.418802528684792	0.214382146624831	35	35	0.0592774229379247	0.139368710834954
K04075	group	IBS-D	0.0381810352204647	0.0195550650463657	35	35	0.0594062430554521	0.139603217283028
K03339	group	IBS-D	-1.39635789569298	0.715297639387743	35	11	0.0594498137283244	0.139637258174993
K07458	group	IBS-D	0.673070385467905	0.344945982698479	35	35	0.0595612506576777	0.139830593842304
K02377	group	IBS-D	0.45985933086458	0.235921813008009	35	35	0.059813137442812	0.140353310294692
K02231	group	IBS-D	0.301597524914268	0.154874399170022	35	35	0.060041254984921	0.140819768042309
K02445	group	IBS-D	-0.649340666035534	0.333496792410047	35	35	0.0600788069588874	0.140839039164853
K02302	group	IBS-D	-0.547285912460318	0.28114682834907	35	35	0.060134638604215	0.140901122468929
K03718	group	IBS-D	0.418072412516287	0.2150889224634	35	35	0.0604974979999704	0.141682189218467
K18682	group	IBS-D	0.209734556500855	0.107949399494998	35	35	0.0606006745283698	0.141854626236325
K18478	group	IBS-D	-0.727026300563047	0.374347461721734	35	5	0.0606987996162574	0.142015076490084
K09456	group	IBS-D	-1.18811979600795	0.612027423613389	35	11	0.0608034124615426	0.142190542244455
K01462	group	IBS-D	-0.0728053267910737	0.0375121065377131	35	35	0.0608584128070468	0.142249873362528
K09117	group	IBS-D	0.235464593126094	0.121362096784111	35	35	0.0609424885506943	0.142377074224761
K03307	group	IBS-D	-0.462723277688592	0.23853340492833	35	35	0.0609821947081877	0.142400543187748
K00344	group	IBS-D	-0.892838724836428	0.460681154877842	35	35	0.0612078565384319	0.14285800643705
K01857	group	IBS-D	-1.34625489593547	0.694775509436905	35	19	0.0612586302597079	0.142907037841039
K11737	group	IBS-D	0.472810501923304	0.244106911820303	35	35	0.0613581048961699	0.143069578245027
K03077	group	IBS-D	0.824396999697412	0.425878701480729	35	35	0.0615034893849754	0.143338957542363
K07258	group	IBS-D	-0.155050589151334	0.0802275021159793	35	35	0.0619014297531734	0.144196392161565
K15792	group	IBS-D	1.75393894771914	0.907954842703686	35	32	0.0620153218554979	0.144391639295948
K02490	group	IBS-D	-1.06337865641838	0.550647213699658	35	28	0.0620927159527378	0.144431748686577
K08221	group	IBS-D	-1.06337865641838	0.550647213699658	35	28	0.0620927159527378	0.144431748686577
K06179	group	IBS-D	-0.507111849093413	0.26264119441699	35	35	0.0621346964053757	0.144459407962329
K02909	group	IBS-D	-0.0725901012115005	0.037642081522369	35	35	0.062441688641093	0.145102878589491
K07738	group	IBS-D	-0.156200972587487	0.0810730651785007	35	35	0.062668970501097	0.145560584119868
K01277	group	IBS-D	0.475161497579918	0.246686356804925	35	35	0.0627326846730361	0.145567723110317
K03816	group	IBS-D	0.270476790545798	0.140415341202215	35	35	0.0627215872612206	0.145567723110317
K01144	group	IBS-D	-1.26802002598225	0.65868906098526	35	35	0.0628765509734767	0.145831073054909
K01666	group	IBS-D	-1.13502537670674	0.59059335773308	35	33	0.0632962578911489	0.146733623435734
K13770	group	IBS-D	-1.06290758752827	0.553268267252534	35	28	0.0633870697157423	0.146873224761235
K01183	group	IBS-D	-0.859686119976164	0.44819120587595	35	6	0.0637824741922123	0.147718117991708
K00015	group	IBS-D	1.650171258147	0.861081063037086	35	35	0.0640098065305596	0.148101830376015
K03590	group	IBS-D	-0.310957776972589	0.162261886308919	35	35	0.0640098517038596	0.148101830376015
K02747	group	IBS-D	0.574113913684638	0.299722506957155	35	35	0.0641297448637847	0.148307757750978
K09967	group	IBS-D	-1.16334754788442	0.607697251205325	35	6	0.0642790901030757	0.148581565519916
K06436	group	IBS-D	-1.05583039345098	0.552177068489676	35	28	0.0645745573925981	0.149192709356046
K00844	group	IBS-D	1.51595150233089	0.793078969829833	35	35	0.0646604316155323	0.149221093295891
K02746	group	IBS-D	0.572748605026416	0.29966000068258	35	35	0.0646800864713079	0.149221093295891
K12267	group	IBS-D	-0.11915529059944	0.0623361702384326	35	35	0.0646578943002847	0.149221093295891
K00362	group	IBS-D	-0.912854455805653	0.478362390887891	35	35	0.0650848369862241	0.1500827581032
K03070	group	IBS-D	-0.0607582761971326	0.0318455559969024	35	35	0.0651364548666562	0.150129678259633
K06413	group	IBS-D	-1.05194237790386	0.551654973588992	35	28	0.0652729211978092	0.150372022394761
K02347	group	IBS-D	0.810718681376152	0.425420149661621	35	35	0.0654331723740811	0.150668901951062
K06975	group	IBS-D	-0.41943850163954	0.220211014945184	35	35	0.0655645162993527	0.15089896584525
K04077	group	IBS-D	0.0417231611789972	0.021917324053383	35	35	0.0657058849303887	0.151151870412456
K03498	group	IBS-D	0.118291658297946	0.0621657721901075	35	35	0.06581629142928	0.151272404414496
K06858	group	IBS-D	-0.921910037879177	0.484500496979122	35	6	0.0658212982340934	0.151272404414496
K09181	group	IBS-D	1.39546397805014	0.733644408940512	35	35	0.0659166815324482	0.151419133032193
K07058	group	IBS-D	-0.179372775093349	0.0943370819080475	35	35	0.0660107454069798	0.151562691869398
K02745	group	IBS-D	0.570459389552186	0.300208296840716	35	35	0.066171947485724	0.151860191146731
K01854	group	IBS-D	0.362202715193929	0.190714891690477	35	35	0.0663113569149591	0.152095266933918
K06888	group	IBS-D	0.777796620222701	0.40958437922276	35	35	0.0663377398374557	0.152095266933918
K12149	group	IBS-D	-0.80591980394696106	0.424484459576291	35	5	0.0663927678025402	0.152148772420045
K01246	group	IBS-D	0.0638599785747125	0.0336543756271805	35	35	0.0665371317269754	0.15240685563989
K02444	group	IBS-D	-0.653164375459287	0.34446240972489	35	35	0.0667196850481019	0.152627084817243
K05589	group	IBS-D	-0.605418558327164	0.319254907240534	35	35	0.0666973428577981	0.152627084817243
K11537	group	IBS-D	-1.16315517921716	0.613439938895716	35	35	0.0667286504960204	0.152627084817243
K06285	group	IBS-D	-1.04877818649975	0.5531916590294	35	28	0.0667629782989023	0.152632885149062
K15635	group	IBS-D	0.559287562013334	0.295052411199531	35	35	0.0668059294577299	0.152658385210167
K15726	group	IBS-D	-1.37823140326402	0.727516085649166	35	35	0.0669589867972811	0.152935345201592
K03272	group	IBS-D	0.43918167006072	0.232083465242743	35	35	0.0672457527591905	0.153517289109308
K00690	group	IBS-D	0.53381513307595	0.282327465671087	35	35	0.0674628728597845	0.153939758840221
K13255	group	IBS-D	-0.828129385161025	0.438102120111167	35	5	0.0675318339510659	0.154023912018559
K05539	group	IBS-D	-0.657211175385426	0.347858681247848	35	35	0.067664428564934	0.15425304916441
K06999	group	IBS-D	-0.717113334242578	0.379910317660127	35	35	0.067902311981209	0.154721879364872
K03558	group	IBS-D	-0.631654574995958	0.334747166742935	35	35	0.067989058465797	0.154846048242074
K06076	group	IBS-D	-0.579537777058659	0.307281124908129	35	35	0.0681198515757411	0.155070368617892
K03308	group	IBS-D	-0.30069196817342	0.159463583032092	35	35	0.0681714921210147	0.155114376148337
K06445	group	IBS-D	-1.4409335990104	0.764812094502113	35	16	0.0683957457510886	0.15555091205636
K01470	group	IBS-D	-1.07989738111957	0.573289217821598	35	35	0.0684444554013723	0.15558798787026001
K07345	group	IBS-D	-1.33959430344609	0.711749015305506	35	14	0.0686639156754776	0.156012995342152
K03524	group	IBS-D	0.153277256062798	0.0814523825095353	35	35	0.0687078779964775	0.156039036074309
K04764	group	IBS-D	-0.663571551616305	0.352750192980951	35	35	0.0688009779134163	0.156176593362795
K08884	group	IBS-D	0.247628453733739	0.131664524412617	35	35	0.0688548528689556	0.156225022979138
K03153	group	IBS-D	-0.906608724456155	0.482727377018843	35	35	0.0692282433699898	0.156923888772106
K09251	group	IBS-D	-1.0664036003589	0.567758325835136	35	28	0.0692037966064261	0.156923888772106
K00363	group	IBS-D	-0.897263197809485	0.478217262976364	35	35	0.0694864839377258	0.157350282100152
K02469	group	IBS-D	0.072942485935075	0.0388812174604579	35	35	0.069519403384853	0.157350282100152
K02470	group	IBS-D	0.0729283358507258	0.0388777842554477	35	35	0.0695474481600755	0.157350282100152
K03672	group	IBS-D	-1.32815946967504	0.70802446947885	35	15	0.0695430750292802	0.157350282100152
K03810	group	IBS-D	0.619297103743694	0.330305486109604	35	35	0.0696767637750717	0.157568602394781
K00481	group	IBS-D	-0.705838041991424	0.376582179128462	35	6	0.0697611810533035	0.157685230808338
K01209	group	IBS-D	0.852534364021026	0.455178025427353	35	35	0.0699539610990087	0.158046572817101
K16234	group	IBS-D	-0.909025959347829	0.485669871728918	35	35	0.0701352629905878	0.158381654570937
K00652	group	IBS-D	-0.855503289253529	0.457678909004071	35	35	0.0704884630769607	0.15910442465091101
K02773	group	IBS-D	-0.449635311108427	0.240847185578841	35	35	0.0708227124773292	0.159633728921905
K03093	group	IBS-D	-1.03588873400535	0.554827454778208	35	28	0.0708002752165079	0.159633728921905
K06423	group	IBS-D	-1.03588873400535	0.554827454778208	35	28	0.0708002752165079	0.159633728921905
K00517	group	IBS-D	-0.906212880222807	0.485566682186835	35	35	0.0709076551160039	0.159750188743282
K01779	group	IBS-D	-0.47520574913021	0.254860659690838	35	35	0.0711566630970066	0.160160871790309
K02364	group	IBS-D	-0.904924207488493	0.485323705913387	35	35	0.0711555373474681	0.160160871790309
K00216	group	IBS-D	-0.904366863805724	0.485295529152176	35	35	0.0713057281545789	0.160346042562123
K01252	group	IBS-D	-0.904366863805724	0.485295529152176	35	35	0.0713057281545789	0.160346042562123
K02363	group	IBS-D	-0.904224789291207	0.485319023060854	35	35	0.0713610901948269	0.160395409187904
K02224	group	IBS-D	0.292387112325013	0.156953598475913	35	35	0.0713996513458144	0.160406984609853
K02774	group	IBS-D	-0.451146133712141	0.242224678734304	35	35	0.0714543369283427	0.160454757527116
K02227	group	IBS-D	0.292083724757671	0.156867187350478	35	35	0.0715311036606455	0.160552047066274
K04720	group	IBS-D	0.291284656238138	0.156517103359576	35	35	0.0716675142803485	0.160783054233623
K06148	group	IBS-D	-0.296258767173062	0.159259136053716	35	35	0.0717850937403278	0.160971618424714
K00560	group	IBS-D	0.0388570025225849	0.0208955404316554	35	35	0.0718792442520427	0.161107493769401
K03379	group	IBS-D	-0.983948179803376	0.529488933037191	35	6	0.072066523269759	0.161451879709805
K02188	group	IBS-D	0.292446542130378	0.157397411234152	35	35	0.0721079863015934	0.161469422683745
K13771	group	IBS-D	-0.888756112439466	0.479040199564337	35	35	0.0725070606635713	0.16228736514956
K14086	group	IBS-D	0.41158413866147	0.222112366759028	35	6	0.0728361339140918	0.162796219237223
K14088	group	IBS-D	0.41158413866147	0.222112366759028	35	6	0.0728361339140918	0.162796219237223
K14090	group	IBS-D	0.41158413866147	0.222112366759028	35	6	0.0728361339140918	0.162796219237223
K07047	group	IBS-D	-0.436783885072417	0.235821174923563	35	35	0.0729630943259351	0.163004102307499
K00242	group	IBS-D	-0.884294801921306	0.477521325067197	35	35	0.0730130812075166	0.163034393046477
K12278	group	IBS-D	-0.570155169408289	0.307920662887651	35	4	0.0730445697652514	0.163034393046477
K08068	group	IBS-D	1.34359135670309	0.72633562850875	35	34	0.073311790215751	0.163478822492253
K12733	group	IBS-D	1.34359135670309	0.72633562850875	35	34	0.0733117902157505	0.163478822492253
K06995	group	IBS-D	-1.27612778222591	0.689999375220034	35	14	0.07336499500169	0.163521513929022
K05595	group	IBS-D	-0.327923948768266	0.17743356581309	35	35	0.0735594467926639	0.163802831192755
K06916	group	IBS-D	-0.886191537171496	0.479448726835724	35	35	0.0735290869137073	0.163802831192755
K01803	group	IBS-D	0.0370277290722789	0.0200438463644384	35	35	0.0736803566418837	0.163996009382329
K00651	group	IBS-D	0.22907914672205	0.124030505802795	35	35	0.0737366168644571	0.164045179595115
K00818	group	IBS-D	0.578790254850156	0.313466288391393	35	35	0.0738167621743767	0.164147417878269
K07018	group	IBS-D	-0.884505367153099	0.479216430530918	35	35	0.0739190768851489	0.164298837095185
K00762	group	IBS-D	0.041880094475506	0.0227013456003488	35	35	0.0740538876010389	0.164522311139559
K00135	group	IBS-D	-0.64286589722934	0.348534804714826	35	35	0.0741057776552255	0.164561442424948
K06408	group	IBS-D	-1.00999931030767	0.547726618161653	35	29	0.0741800206647909	0.164650152201415
K01515	group	IBS-D	-0.106900478835319	0.0579871053303175	35	35	0.0742492296330921	0.164703727771434
K07240	group	IBS-D	0.33082702931904	0.179491477208832	35	35	0.0743070765159186	0.164703727771434
K16881	group	IBS-D	-1.18393463740586	0.642300884102708	35	29	0.0742867129245732	0.164703727771434
K07399	group	IBS-D	-0.975198642292874	0.529800030226792	35	35	0.0746735956654553	0.165439747480319
K18431	group	IBS-D	1.32913706151903	0.722327776721867	35	34	0.0747664397558562	0.165569039330196
K02074	group	IBS-D	-0.869620733688264	0.472989194087684	35	35	0.0749941452737148	0.165894224077198
K04069	group	IBS-D	0.1562188611209	0.0849671269482987	35	35	0.0749916750294559	0.165894224077198
K09940	group	IBS-D	-0.849161964397872	0.461899570178732	35	35	0.0750169465677142	0.165894224077198
K09796	group	IBS-D	-0.985789661102212	0.536780735279221	35	35	0.0753083798126787	0.166462031068449
K18369	group	IBS-D	-0.880439551623185	0.479857762169739	35	35	0.075564974286788	0.166952343097501
K02313	group	IBS-D	0.063376996265963	0.0345837922116401	35	35	0.0759041745784575	0.167624628404404
K09915	group	IBS-D	-0.934908788982539	0.510295390443096	35	17	0.0759758830620218	0.167705845784261
K00483	group	IBS-D	-0.94553551159997	0.516866596185864	35	7	0.0763937674829781	0.168346631782199
K02462	group	IBS-D	-1.31923700852126	0.720955202107383	35	24	0.0763194256333467	0.168346631782199
K05685	group	IBS-D	-0.705455625085689	0.385595612950764	35	35	0.0763690798291589	0.168346631782199
K08369	group	IBS-D	-0.77829683208511	0.425466633417974	35	35	0.0764064383781318	0.168346631782199
K06320	group	IBS-D	-0.88173172727089	0.482229412292093	35	35	0.0765337026400464	0.168524061198391
K11741	group	IBS-D	-0.673598964094111	0.368429962501169	35	35	0.0765571708964155	0.168524061198391
K06156	group	IBS-D	-0.790985744832126	0.432725828471741	35	5	0.0766157756941762	0.168575774109872
K04775	group	IBS-D	-0.790927768469332	0.432759469612217	35	5	0.0766582081818617	0.168591872414621
K08323	group	IBS-D	-1.0971218548849	0.600700717016146	35	8	0.0768482534121808	0.168932447175769
K01975	group	IBS-D	0.732522531535038	0.401246487804619	35	35	0.0769694514107317	0.169121435342299
K01480	group	IBS-D	1.0494718579185	0.574955840060522	35	35	0.0770170838883755	0.169148682409923
K02291	group	IBS-D	-1.01843337455487	0.560112760295866	35	35	0.0781108760695066	0.17147248102867
K01091	group	IBS-D	0.144552233336475	0.0795751630332598	35	35	0.0783792272270675	0.17198293871899
K01620	group	IBS-D	0.304768107058	0.167800884329047	35	35	0.0784264177161809	0.172007871838915
K06415	group	IBS-D	-0.954552656456693	0.525674538657771	35	28	0.0784869558714532	0.172062043442396
K01077	group	IBS-D	0.618023737026387	0.340596407178266	35	35	0.0786955835833775	0.172420191178466
K12961	group	IBS-D	-1.06155155059511	0.585155239309602	35	9	0.0787580669140543	0.172420191178466
K15723	group	IBS-D	-1.06155155059511	0.585155239309602	35	9	0.0787580669140543	0.172420191178466
K00981	group	IBS-D	-0.0794263396471579	0.0438005801016054	35	35	0.0788798964037862	0.172443769081439
K01572	group	IBS-D	0.273449886331734	0.150814247887081	35	35	0.0789123347742018	0.172443769081439
K07078	group	IBS-D	-0.593695684332921	0.327437777463038	35	35	0.0789125100337264	0.172443769081439
K09858	group	IBS-D	-0.381377906549841	0.210332315978555	35	35	0.0789030244427139	0.172443769081439
K07301	group	IBS-D	0.425496502099361	0.234838263353623	35	35	0.0791152763605089	0.17280820828335
K07030	group	IBS-D	-0.21520456005754	0.118801659112371	35	35	0.0791799733341141	0.17287087402323
K00656	group	IBS-D	-0.119292180222181	0.0658860174626784	35	35	0.0793186325530807	0.173094888585155
K05568	group	IBS-D	-0.67044698392271	0.370515878778727	35	35	0.0794910266936567	0.173392284941502
K03481	group	IBS-D	-0.825097142262303	0.456657468420261	35	35	0.0799165506513728	0.174183317797664
K16692	group	IBS-D	-1.13704990569087	0.629331717093573	35	35	0.0799262339321503	0.174183317797664
K15383	group	IBS-D	-1.03795794211301	0.574840393718122	35	33	0.0801035806053325	0.174490603668875
K02592	group	IBS-D	-1.01862702714758	0.564441103315889	35	28	0.0802602156917749	0.174673298067186
K04079	group	IBS-D	0.349940223613945	0.193887208875514	35	35	0.0802282369297137	0.174673298067186
K01813	group	IBS-D	1.00789858703287	0.558691971282779	35	35	0.0803613325676715	0.17473494459121
K13821	group	IBS-D	-0.376960525279713	0.208953085917305	35	35	0.0803595519022422	0.17473494459121
K05524	group	IBS-D	-0.850561582468584	0.471607011803313	35	35	0.0804403966766614	0.174795294340434
K09019	group	IBS-D	-0.784681557375394	0.435111204517139	35	35	0.0804619038726016	0.174795294340434
K02335	group	IBS-D	0.0403032284252117	0.0223594441737852	35	35	0.0806045739205142	0.175026033194206
K01079	group	IBS-D	-0.206370282318508	0.114521941800109	35	35	0.0806847612820036	0.175120948876537
K08082	group	IBS-D	-1.13106089898653	0.62791960540559	35	35	0.08080242206693	0.175297075618315
K01974	group	IBS-D	-0.747502113381686	0.415309286204434	35	6	0.0810301177721632	0.175711651049754
K07248	group	IBS-D	-1.12961648461402	0.628025848756696	35	35	0.0812221349987358	0.176048519245567
K08083	group	IBS-D	-1.12874235464186	0.628464907984156	35	35	0.0816506462899003	0.176897451641612
K11535	group	IBS-D	-1.02243338464404	0.569407587701932	35	8	0.08171910106026	0.176965901754762
K03203	group	IBS-D	-1.13036369350057	0.629721284181961	35	35	0.081814401370994	0.177046313158465
K15974	group	IBS-D	-1.13025336263917	0.62969346434717	35	35	0.0818299872731999	0.177046313158465
K00835	group	IBS-D	-1.1298350424013	0.630095436173627	35	35	0.0821244298387502	0.177228797250324
K01236	group	IBS-D	0.77852491765851	0.434190916717369	35	35	0.0821358204294879	0.177228797250324
K03417	group	IBS-D	-1.12699838046869	0.628321513586766	35	35	0.0820351726056638	0.177228797250324
K09788	group	IBS-D	-1.11564948037836	0.622117769130915	35	35	0.0820931662723499	0.177228797250324
K10006	group	IBS-D	-0.814882519746924	0.454414171993019	35	35	0.0821012597546963	0.177228797250324
K10007	group	IBS-D	-0.814882519746924	0.454414171993019	35	35	0.0821012597546963	0.177228797250324
K03827	group	IBS-D	-1.23407435394433	0.688438538441966	35	13	0.0822136734007432	0.177312708005446
K10005	group	IBS-D	-0.814386660474217	0.454366509551628	35	35	0.0822485733655754	0.177312708005446
K03696	group	IBS-D	0.220910611075955	0.123315477504578	35	35	0.0824004566395523	0.177560409482267
K00285	group	IBS-D	-1.09981459586481	0.614164418273898	35	35	0.0825111989525998	0.177607290797135
K03694	group	IBS-D	-1.04975899894203	0.586165268116127	35	35	0.0824877851789958	0.177607290797135
K04756	group	IBS-D	-0.803503224335944	0.448730291065906	35	35	0.0825331942862754	0.177607290797135
K01151	group	IBS-D	0.295751603609043	0.165239826478455	35	35	0.0826613966813437	0.17780347915194
K14205	group	IBS-D	-0.426462490501712	0.238384065995207	35	35	0.0828024934867036	0.178027215060306
K02459	group	IBS-D	-1.28410866448371	0.718213155134576	35	19	0.0829751579721304	0.178188037872252
K03763	group	IBS-D	-0.219251421303479	0.122634850989661	35	35	0.0829886383425028	0.178188037872252
K12541	group	IBS-D	-1.10577126102336	0.618422584400279	35	35	0.0829538095437477	0.178188037872252
K10008	group	IBS-D	-0.811489017006162	0.454062789174755	35	35	0.0830982109905453	0.178263856552997
K12542	group	IBS-D	-1.10537790594992	0.618438223373221	35	35	0.0830658797529246	0.178263856552997
K12543	group	IBS-D	-1.10501916018059	0.618446215795351	35	35	0.0831652113955451	0.178327905274682
K00754	group	IBS-D	-0.600707762523825	0.336270929307563	35	35	0.0832289125994276	0.17838482562047
K03809	group	IBS-D	-1.11647737855424	0.625132340436739	35	35	0.0832940030843746	0.17844467148955
K00381	group	IBS-D	-0.849125336566013	0.475695340350887	35	35	0.083453568137658	0.178547495823929
K01659	group	IBS-D	-1.12181537766006	0.628430203600444	35	35	0.0834390091485332	0.178547495823929
K09767	group	IBS-D	0.334480708041046	0.187335286644272	35	35	0.0833798376737323	0.178547495823929
K09007	group	IBS-D	-1.06074070228565	0.594441452215678	35	35	0.0835505588971596	0.178675382300785
K07305	group	IBS-D	-0.28419694993708	0.159332639315501	35	35	0.083676675919437	0.178785812678779
K13005	group	IBS-D	-0.768341818595943	0.430743881811095	35	6	0.0836626020003963	0.178785812678779
K00228	group	IBS-D	-1.1043621561861	0.619906069900559	35	35	0.0840369727915276	0.178894728455769
K02460	group	IBS-D	-1.26692063864947	0.710571227121553	35	26	0.0837943117554628	0.178894728455769
K02591	group	IBS-D	-1.00463015345682	0.563644905209293	35	28	0.0838904455357556	0.178894728455769
K02662	group	IBS-D	-1.07002655140572	0.600415919033059	35	35	0.0839301425354956	0.178894728455769
K11003	group	IBS-D	1.39525366569023	0.78311136966764	35	23	0.0840069628944745	0.178894728455769
K13893	group	IBS-D	-1.11705567509284	0.626802187174939	35	35	0.0839288069831832	0.178894728455769
K13894	group	IBS-D	-1.11657176093919	0.626814729564339	35	35	0.0840630092472849	0.178894728455769
K13895	group	IBS-D	-1.11657176093919	0.626814729564339	35	35	0.0840630092472849	0.178894728455769
K13896	group	IBS-D	-1.11685245096463	0.626819694075028	35	35	0.0839909255725106	0.178894728455769
K02664	group	IBS-D	-1.10104287639317	0.618218784741335	35	35	0.0841212706678038	0.178939397641172
K02654	group	IBS-D	0.169317807736561	0.0952270897488425	35	35	0.0846132378890362	0.179906180294625
K10764	group	IBS-D	-1.10394243155336	0.621258780287293	35	35	0.0847969568473148	0.180216994167312
K01920	group	IBS-D	-1.09454816333036	0.616349460280722	35	35	0.0849793843819226	0.180469160172945
K14761	group	IBS-D	0.184869529717545	0.104118732113933	35	35	0.0850283774861909	0.180469160172945
K19168	group	IBS-D	-1.11416768599007	0.627454683978788	35	35	0.0850066021856661	0.180469160172945
K00248	group	IBS-D	-0.78223944251223	0.440741374604297	35	35	0.0851523715988916	0.180492951896812
K03750	group	IBS-D	0.326191340660977	0.183763748407328	35	35	0.0851134286128081	0.180492951896812
K06044	group	IBS-D	0.770105932516141	0.433872605627053	35	35	0.085130150559598	0.180492951896812
K02168	group	IBS-D	-0.454182332136451	0.255983201349883	35	35	0.0852465924916218	0.180533255647233
K07039	group	IBS-D	-1.11585723906538	0.62890450749338	35	35	0.0852430471835793	0.180533255647233
K05799	group	IBS-D	-1.06685467984912	0.602181778699408	35	35	0.0856879066247846	0.181100268537061
K05805	group	IBS-D	-1.10580098537618	0.62435346230349	35	35	0.0857783817232402	0.181100268537061
K07266	group	IBS-D	-1.12017328810116	0.632412144496739	35	35	0.0857517851617438	0.181100268537061
K08084	group	IBS-D	-1.09956813691033	0.62065534876636	35	35	0.0856920513955837	0.181100268537061
K09689	group	IBS-D	-1.12021840086407	0.632414558715517	35	35	0.085740867152244	0.181100268537061
K10107	group	IBS-D	-1.12041571682292	0.632408427937611	35	35	0.0856852272631012	0.181100268537061
K11073	group	IBS-D	-1.11044727116288	0.626554543265871	35	35	0.0855766850861684	0.181100268537061
K03676	group	IBS-D	-1.09807050796333	0.620203547590386	35	35	0.0858822023300092	0.181239759730274
K01356	group	IBS-D	0.210091243080496	0.118724481672947	35	35	0.086039869770649	0.181434117485429
K01690	group	IBS-D	-1.1025901671201	0.62318303668641	35	35	0.086087673324684	0.181434117485429
K06132	group	IBS-D	-1.10821751996338	0.626334997010071	35	35	0.0860739611125291	0.181434117485429
K01682	group	IBS-D	-1.08068533483083	0.610900557857773	35	35	0.0861358921011723	0.181456085115282
K06938	group	IBS-D	-1.10252085024299	0.623341007355372	35	35	0.086182651353336	0.181474960152354
K02533	group	IBS-D	-1.0982014555956	0.621002879773	35	35	0.0862329449328418	0.181501257616209
K00484	group	IBS-D	-1.10575453375708	0.625880664362968	35	35	0.0865246082541911	0.181501821377693
K02170	group	IBS-D	-1.10270071003069	0.624267796889298	35	35	0.0865803931529546	0.181501821377693
K03594	group	IBS-D	-1.09350435266061	0.618544671053793	35	35	0.0863291027854842	0.181501821377693
K06015	group	IBS-D	-1.14895001460585	0.650599071623603	35	34	0.0866490678187194	0.181501821377693
K06192	group	IBS-D	-1.09519870757115	0.620058771005684	35	35	0.0865988750735753	0.181501821377693
K07283	group	IBS-D	-0.844236207087854	0.478036159280563	35	6	0.0866382959336372	0.181501821377693
K07455	group	IBS-D	1.2604887606819	0.712983028020093	35	35	0.0863219458742168	0.181501821377693
K08097	group	IBS-D	-0.987204781120507	0.559000684740566	35	28	0.0866440636206294	0.181501821377693
K09857	group	IBS-D	-1.09855530011557	0.622031698016663	35	35	0.086634008253938	0.181501821377693
K17733	group	IBS-D	-1.17105501000046	0.662936553763175	35	34	0.0865674917905792	0.181501821377693
K19337	group	IBS-D	-1.10619575422817	0.625885232224829	35	35	0.0864067647059314	0.181501821377693
K00942	group	IBS-D	0.0349471045227153	0.0197939890874889	35	35	0.0867252657709904	0.181503051859863
K09941	group	IBS-D	-1.10483365471693	0.625748195175894	35	35	0.0867117911740334	0.181503051859863
K09977	group	IBS-D	-1.10448634781411	0.625860395956571	35	35	0.0868606467562754	0.181707174325437
K02204	group	IBS-D	-0.821316851992692	0.465607796890957	35	35	0.0869943384090744	0.181828392991714
K02672	group	IBS-D	-1.09531922762691	0.620884917597952	35	35	0.0869671507542904	0.181828392991714
K07684	group	IBS-D	-1.03051771817371	0.584369292413204	35	35	0.0870794617163839	0.18192710865986
K01479	group	IBS-D	-1.13677498867806	0.644730370967506	35	35	0.0871293389708871	0.181952134144945
K01706	group	IBS-D	-1.20938852364895	0.68600717067056	35	14	0.087170530299392	0.18195900694234
K00311	group	IBS-D	-1.0938478140111	0.622783812389586	35	35	0.0883003693427355	0.182022358615059
K00855	group	IBS-D	-0.99906333499535	0.568646624259876	35	9	0.0882085926335819	0.182022358615059
K00940	group	IBS-D	-0.155947791055523	0.0885865301688217	35	35	0.0876065700939913	0.182022358615059
K00992	group	IBS-D	-1.09387088780289	0.621399198726286	35	35	0.0876178492989794	0.182022358615059
K01303	group	IBS-D	-1.15898143668834	0.659243777441845	35	35	0.0880126383545678	0.182022358615059
K01894	group	IBS-D	-1.07878198054305	0.613450062312985	35	35	0.0879258805759871	0.182022358615059
K01935	group	IBS-D	-0.308217635097833	0.175350261899319	35	35	0.0880681867239984	0.182022358615059
K01947	group	IBS-D	-1.09999166517238	0.625967307569178	35	35	0.0881475250927831	0.182022358615059
K02192	group	IBS-D	-1.09519285260476	0.62178028452957	35	35	0.0874376863022103	0.182022358615059
K02589	group	IBS-D	-0.986733712230402	0.561738700595195	35	28	0.088268105064058	0.182022358615059
K02590	group	IBS-D	-0.986733712230402	0.561738700595195	35	28	0.088268105064058	0.182022358615059
K02663	group	IBS-D	-1.09085310268858	0.620161530109822	35	35	0.0878510859382683	0.182022358615059
K02665	group	IBS-D	-1.09217990988632	0.621456092997054	35	35	0.0881153216859518	0.182022358615059
K02667	group	IBS-D	-1.09267894851507	0.621308626115314	35	35	0.0879043963470548	0.182022358615059
K02668	group	IBS-D	-1.09267894851507	0.621308626115314	35	35	0.0879043963470548	0.182022358615059
K02670	group	IBS-D	-1.09570551181295	0.623324908323388	35	35	0.0880483800706537	0.182022358615059
K02673	group	IBS-D	-1.09758480763304	0.624832711089079	35	35	0.0882620021211405	0.182022358615059
K02676	group	IBS-D	-1.09217990988632	0.621456092997054	35	35	0.0881153216859518	0.182022358615059
K03747	group	IBS-D	-1.09486990324161	0.622393365626776	35	35	0.0878258447048887	0.182022358615059
K06020	group	IBS-D	-1.09491135515637	0.623383816107114	35	35	0.0882976713335745	0.182022358615059
K06296	group	IBS-D	-0.984744627713272	0.559544198585003	35	28	0.0876919559474469	0.182022358615059
K06945	group	IBS-D	-1.07227502787571	0.609585610422285	35	35	0.0878440707785975	0.182022358615059
K07102	group	IBS-D	-1.09441663373088	0.621252616820111	35	35	0.0873953046123859	0.182022358615059
K08324	group	IBS-D	-1.10206790324525	0.626053999877798	35	35	0.0876170227696504	0.182022358615059
K11074	group	IBS-D	-1.09971569184474	0.624726781673225	35	35	0.0876213932212298	0.182022358615059
K11075	group	IBS-D	-1.09971569184474	0.624726781673225	35	35	0.0876213932212298	0.182022358615059
K11076	group	IBS-D	-1.09977242140576	0.624719518342048	35	35	0.0876022337003197	0.182022358615059
K11940	group	IBS-D	-0.874260751644889	0.497126055561666	35	6	0.0879119039707342	0.182022358615059
K12500	group	IBS-D	-1.10144205004073	0.625933935881071	35	35	0.0877311121527288	0.182022358615059
K01800	group	IBS-D	-1.07709148448653	0.613942475092369	35	10	0.0886474926633658	0.182288965737774
K03578	group	IBS-D	-0.468917801654952	0.267291847535919	35	35	0.0886572603922797	0.182288965737774
K07215	group	IBS-D	-1.09968279437643	0.626542477713217	35	35	0.0885126744939608	0.182288965737774
K10678	group	IBS-D	-1.09398815242783	0.623507397958845	35	35	0.0886151142181149	0.182288965737774
K11959	group	IBS-D	-1.07800298828603	0.614298242302074	35	26	0.0885661799097101	0.182288965737774
K14267	group	IBS-D	-1.09464834095095	0.623970388167593	35	35	0.0886575161419915	0.182288965737774
K05916	group	IBS-D	-0.858603051482032	0.489539372108534	35	35	0.0887318899774259	0.18236378586541999
K09926	group	IBS-D	-1.09647762708732	0.625358334539404	35	35	0.0888260773888895	0.182479245846837
K13015	group	IBS-D	-0.892864833047153	0.509311268902678	35	35	0.0888741874076291	0.182481340824557
K15023	group	IBS-D	-0.98264034928866	0.560574423013464	35	28	0.0889031152236283	0.182481340824557
K02055	group	IBS-D	-1.03929350944033	0.593125068035782	35	35	0.0890223339078187	0.182647959440785
K18139	group	IBS-D	-1.07569913670342	0.613991975782653	35	35	0.0890672704233054	0.182662095387565
K01941	group	IBS-D	-0.830992741610231	0.474581554494981	35	5	0.089237626927252	0.182933324883748
K07673	group	IBS-D	-1.09294546571614	0.624399290022768	35	35	0.0893436199130179	0.182953257836277
K08998	group	IBS-D	-0.177656260101132	0.101477668523473	35	35	0.0892914605510998	0.182953257836277
K11533	group	IBS-D	0.471190242389272	0.269206649281725	35	35	0.089361672490329	0.182953257836277
K11754	group	IBS-D	-0.053988408439455	0.0308524106711252	35	35	0.0894316010406569	0.183018378770756
K02954	group	IBS-D	0.034690080934828	0.019836154665717	35	35	0.0896177782482001	0.183261193104598
K03675	group	IBS-D	-1.07980892776836	0.617463885984512	35	35	0.0896265947530922	0.183261193104598
K15371	group	IBS-D	-0.821311636222153	0.469985888768101	35	35	0.0898473861607006	0.183634440594944
K09823	group	IBS-D	-1.07418823595778	0.614838557041702	35	35	0.0899209046951904	0.183706495081536
K00684	group	IBS-D	-1.00651146894339	0.576583672476586	35	35	0.0901780533090481	0.184153481044977
K00058	group	IBS-D	0.212525919258319	0.121778869212789	35	35	0.0902606322275763	0.184243748012157
K01492	group	IBS-D	1.70294936661741	0.976211352590104	35	29	0.0903898697412466	0.184429139238302
K11107	group	IBS-D	-1.07779028596898	0.617982906063705	35	35	0.0904609454188468	0.18449575146809
K06295	group	IBS-D	-1.08579161220953	0.622814643981788	35	34	0.0905818456147404	0.184585501186914
K19157	group	IBS-D	0.439187535228583	0.2519170841765	35	35	0.0905784918827063	0.184585501186914
K07131	group	IBS-D	-1.09000381549507	0.625516022936509	35	35	0.0907227202212594	0.184768150214777
K15778	group	IBS-D	-1.07140878549631	0.614896161694712	35	35	0.0907484478663702	0.184768150214777
K00197	group	IBS-D	-0.979471322911818	0.562350601424212	35	28	0.0908686497727813	0.184777800745075
K07234	group	IBS-D	-1.08310145188125	0.621795300704847	35	35	0.0908422035081774	0.184777800745075
K15831	group	IBS-D	-0.772979572103215	0.443759846914862	35	5	0.0908434059195834	0.184777800745075
K00407	group	IBS-D	-1.07386871744615	0.616704859252792	35	35	0.0909475269345158	0.184859897041749
K07336	group	IBS-D	-1.23069726160702	0.707113948564724	35	22	0.0910986262693641	0.185088660482106
K03311	group	IBS-D	-0.127696071999846	0.0733990232432869	35	35	0.091223157988896	0.18518493932545
K19271	group	IBS-D	-1.00877244750972	0.57976872030624	35	33	0.0911866435281047	0.18518493932545
K12511	group	IBS-D	0.366427579998719	0.210708087860291	35	35	0.0913518798678292	0.185367867812954
K07019	group	IBS-D	-1.07335328662457	0.617600357666631	35	35	0.0915461014911942	0.185628795731467
K11745	group	IBS-D	-1.33112448210572	0.765949042712508	35	28	0.091557798019603	0.185628795731467
K02660	group	IBS-D	-1.01297647106934	0.582981021633589	35	29	0.0916106143580718	0.185657475531069
K00982	group	IBS-D	-0.364099840875173	0.209621080213177	35	35	0.0917246721935474	0.185810190380262
K03778	group	IBS-D	0.287272548836898	0.165414843165325	35	35	0.091771836044794	0.185827323851141
K01501	group	IBS-D	-1.0636045492937	0.613179837616032	35	35	0.0921498061162076	0.185887066875594
K01639	group	IBS-D	-0.25770461052153	0.148498622901883	35	35	0.0920010185903286	0.185887066875594
K03716	group	IBS-D	-1.16506980736011	0.671518968820038	35	35	0.0920771019277088	0.185887066875594
K06980	group	IBS-D	-0.364123130694643	0.209734865545574	35	35	0.0918735430448596	0.185887066875594
K07265	group	IBS-D	-1.12035087785386	0.645680600284273	35	35	0.092046508010404	0.185887066875594
K08300	group	IBS-D	-0.363858412806701	0.209600222294812	35	35	0.0919000188738251	0.185887066875594
K09688	group	IBS-D	-1.12028817106577	0.645675050610091	35	35	0.0920612639704497	0.185887066875594
K09792	group	IBS-D	-1.05442941968493	0.607830522076637	35	35	0.0921191759053936	0.185887066875594
K09913	group	IBS-D	-1.10417008953628	0.636312980296029	35	28	0.0920258021255502	0.185887066875594
K13288	group	IBS-D	-0.363444723060871	0.209578502093957	35	35	0.0922220691755808	0.185954705632912
K00163	group	IBS-D	-0.363488497539007	0.209674034284795	35	35	0.0923266338825549	0.18595879762053
K00405	group	IBS-D	-1.06491623992901	0.614311225972667	35	35	0.092340298589324	0.18595879762053
K00412	group	IBS-D	-1.0641123697883	0.613697904988424	35	35	0.0922642741646572	0.18595879762053
K00404	group	IBS-D	-1.06319063805158	0.613846404750929	35	35	0.0926103122990918	0.185980001350827
K00411	group	IBS-D	-1.06385003838554	0.613840813556659	35	35	0.0924138365658852	0.185980001350827
K00413	group	IBS-D	-1.0633853671879	0.61385137868432	35	35	0.0925556258663111	0.185980001350827
K02062	group	IBS-D	-0.60284608258265	0.348034700566107	35	35	0.092586952224517	0.185980001350827
K02488	group	IBS-D	-0.65235156411692	0.376569659575557	35	5	0.0925491970635832	0.185980001350827
K09780	group	IBS-D	-0.363355133261439	0.209692979835306	35	35	0.0924693595372387	0.185980001350827
K16164	group	IBS-D	-0.854803024339046	0.493549657647477	35	35	0.092621991924563	0.185980001350827
K00123	group	IBS-D	-0.541290324397433	0.312667693517586	35	35	0.0927572805682791	0.186153702554841
K00169	group	IBS-D	0.72031675400358	0.416169292345239	35	35	0.0928248206449261	0.186153702554841
K00172	group	IBS-D	0.72031675400358	0.416169292345239	35	35	0.0928248206449261	0.186153702554841
K00153	group	IBS-D	-0.853679100918961	0.493577291129602	35	35	0.0930511845869296	0.18638101573579
K00510	group	IBS-D	-0.853685659359555	0.493586516545898	35	35	0.0930546333511122	0.18638101573579
K06297	group	IBS-D	-0.977394840623401	0.565103609146607	35	28	0.09304939429583	0.18638101573579
K03098	group	IBS-D	-1.00070408855353	0.57876420137637	35	35	0.0931489332976946	0.186492088724867
K00523	group	IBS-D	-1.07970835074742	0.6246795488638	35	35	0.0932607309503555	0.186569875478422
K01046	group	IBS-D	-1.20749974340733	0.698760553268968	35	35	0.093326110728242	0.186569875478422
K02440	group	IBS-D	-0.197936507929376	0.114548901198207	35	35	0.0933432286813517	0.186569875478422
K15553	group	IBS-D	-0.610703666928451	0.353415636920288	35	35	0.0933361544112433	0.186569875478422
K00936	group	IBS-D	-0.358412659601749	0.207692477456739	35	35	0.0937573401008184	0.187319596264681
K07496	group	IBS-D	-1.20460431831939	0.698672446509489	35	35	0.0940413461010777	0.187808861327485
K09943	group	IBS-D	-1.05934021498574	0.614670895672661	35	35	0.0941705281357929	0.187988650968791
K01990	group	IBS-D	-0.200074345080329	0.116250439983941	35	35	0.0946037991926358	0.188775078937591
K05343	group	IBS-D	0.557192407805575	0.323857667125462	35	35	0.094709945919991	0.188908371567045
K02688	group	IBS-D	-0.657649090809242	0.382620322339978	35	6	0.0950196079485709	0.189447316345967
K01668	group	IBS-D	-1.11297161766301	0.647812843812508	35	35	0.0951594899212439	0.189568759797466
K02466	group	IBS-D	-1.15054763755249	0.66962166380767	35	8	0.0951298671174155	0.189568759797466
K07334	group	IBS-D	-0.981462039846865	0.571359690364313	35	35	0.0952110646663952	0.189592833456393
K02666	group	IBS-D	-0.921586875371821	0.537252824646493	35	35	0.0956544626101047	0.190396797259997
K02064	group	IBS-D	-0.361926675555994	0.211083286376802	35	35	0.095794238424974	0.190595996136884
K01457	group	IBS-D	-0.802840216711348	0.46844895206288	35	5	0.095940776340485	0.1907029221277
K07017	group	IBS-D	-0.90116904485844	0.525864208967353	35	35	0.0959658557994234	0.1907029221277
K15554	group	IBS-D	-0.605587277193118	0.353383157665634	35	35	0.0959671443158764	0.1907029221277
K08314	group	IBS-D	0.436564501657478	0.254931906221992	35	35	0.096192218195219	0.191071096216486
K00390	group	IBS-D	-0.967453272554118	0.565493770625981	35	35	0.0965024366028975	0.191608022386481
K16237	group	IBS-D	0.462814114260175	0.270680415887763	35	35	0.0966882210697994	0.19189754003973
K04518	group	IBS-D	-0.264933604528841	0.155000051006803	35	35	0.0967947027319304	0.192029490833057
K14645	group	IBS-D	-0.926259472752629	0.542070588577531	35	35	0.0968893301184246	0.192137824823856
K01205	group	IBS-D	-1.14418123610099	0.669708853198074	35	32	0.096939496031231	0.192145640472577
K07062	group	IBS-D	-0.709404116652917	0.415270212106192	35	35	0.0969733153228606	0.192145640472577
K07230	group	IBS-D	-0.256594173149786	0.150240596689453	35	35	0.0970496214888999	0.192217505267413
K08973	group	IBS-D	-1.03765988184551	0.607727772437547	35	35	0.0971334252084371	0.192304154402353
K01805	group	IBS-D	0.423236408885311	0.248002704779142	35	35	0.0972954177985665	0.192545466138053
K02303	group	IBS-D	-0.811662367350853	0.476169320114913	35	35	0.0976745604268181	0.192999324679133
K03319	group	IBS-D	0.331821671439544	0.194646510601865	35	35	0.0976418938190616	0.192999324679133
K11960	group	IBS-D	-1.04408317907189	0.612542110116548	35	26	0.0976855569611107	0.192999324679133
K11961	group	IBS-D	-1.04408317907189	0.612542110116548	35	26	0.0976855569611107	0.192999324679133
K02452	group	IBS-D	-0.910271403514472	0.534431109015612	35	14	0.0979226391909108	0.193388149220717
K03823	group	IBS-D	-0.17110264789871	0.100484260619968	35	35	0.0980119854011271	0.19348500900938
K00254	group	IBS-D	-0.358616382291857	0.210734527819199	35	35	0.0982081105299839	0.19379249430927
K09781	group	IBS-D	-0.360636583375312	0.212116496557804	35	35	0.0985046951404171	0.194297880595375
K01801	group	IBS-D	-1.50378310616859	0.885613022577339	35	22	0.0989172797323877	0.195031564679751
K04488	group	IBS-D	-0.0966840751991402	0.0569615176452981	35	35	0.0990424070227135	0.195198110064059
K01434	group	IBS-D	-1.17064561117579	0.690189620067599	35	28	0.0992785386722125	0.195583202365733
K17716	group	IBS-D	-1.1951611033237	0.704878812666426	35	35	0.0993868779584754	0.195716325298868
K01322	group	IBS-D	0.372636809553737	0.219984351915311	35	35	0.099699514364233	0.19615258177143
K07395	group	IBS-D	-1.03327208524337	0.609906903288456	35	26	0.099656716848857	0.19615258177143
K07501	group	IBS-D	-1.03518308556251	0.611251324203709	35	35	0.0997718401761782	0.19615258177143
K13950	group	IBS-D	-0.821248197739774	0.48491298175674	35	35	0.0997619082668158	0.19615258177143
K07042	group	IBS-D	-0.0965330822941577	0.0570274597203445	35	35	0.0999255588281349	0.196374379015094
K17073	group	IBS-D	0.765713616625136	0.452454597584869	35	9	0.100001099566962	0.196442421858013
K05801	group	IBS-D	0.396372457752937	0.234502400624291	35	35	0.100402749608894	0.197150757002986
K17883	group	IBS-D	-0.817174656790808	0.483957502375344	35	35	0.100740004476368	0.197732118352838
K15525	group	IBS-D	-0.816965279319984	0.484011003611137	35	35	0.100859929784203	0.197886605187559
K15521	group	IBS-D	-0.81646356953894506	0.484035823300584	35	35	0.10107773419717	0.198232925604825
K02624	group	IBS-D	-1.01792504387747	0.603879245894398	35	9	0.101299221761545	0.198393602922229
K15520	group	IBS-D	-0.815848605090238	0.484036344554588	35	35	0.101324956126912	0.198393602922229
K15526	group	IBS-D	-0.815848605090238	0.484036344554588	35	35	0.101324956126912	0.198393602922229
K18455	group	IBS-D	-0.815848605090238	0.484036344554588	35	35	0.101324956126912	0.198393602922229
K01956	group	IBS-D	0.0353396282620249	0.0209719362377247	35	35	0.10140661817893	0.198472553557703
K00183	group	IBS-D	0.387993408708761	0.230333602088657	35	5	0.101524768642111	0.198622825693062
K05596	group	IBS-D	-0.802669281276186	0.476636127088795	35	35	0.101613476401227	0.198715397231076
K16783	group	IBS-D	-0.811931308473239	0.482214700413667	35	35	0.101667042094113	0.198739197513778
K07152	group	IBS-D	-1.02422579027143	0.608770145376084	35	35	0.101921663506146	0.199119581482968
K16784	group	IBS-D	-0.806604883637694	0.47945599047429	35	35	0.101944580563453	0.199119581482968
K01051	group	IBS-D	0.476614654661872	0.283408854139161	35	35	0.102064362151306	0.199272469576421
K16148	group	IBS-D	0.461383801834648	0.274444671810654	35	35	0.10217535921726	0.199408089269133
K08256	group	IBS-D	0.461236020124541	0.274441040878221	35	35	0.102276514657136	0.199493375354365
K16147	group	IBS-D	0.461312254930285	0.274507771195087	35	35	0.102302164157977	0.199493375354365
K07040	group	IBS-D	-0.147515898208923	0.0878677945507288	35	35	0.102629617962752	0.200050668225405
K15640	group	IBS-D	-1.0803087093018	0.64390685277016	35	24	0.102845769410733	0.200390640803948
K00901	group	IBS-D	-0.41312796715172	0.246343512530455	35	35	0.10298379650274	0.200578177285864
K07465	group	IBS-D	0.460683859553943	0.274739637072971	35	35	0.10303084382407	0.200585494401176
K19068	group	IBS-D	-1.23674263433133	0.737650315677078	35	35	0.103071113244678	0.200585494401176
K00868	group	IBS-D	0.171147152467706	0.102101032591307	35	35	0.103139107259311	0.200636488635312
K19427	group	IBS-D	0.731211480862851	0.436388921964611	35	9	0.103268872213902	0.200807555892647
K00606	group	IBS-D	0.205504567375824	0.122703058614199	35	35	0.103423850302823	0.201027492025852
K03497	group	IBS-D	0.090210413405551	0.0538787537498987	35	35	0.10352074401676	0.201134395801079
K02476	group	IBS-D	-1.24603822691292	0.744920423971865	35	16	0.103839820593971	0.201672725999861
K07393	group	IBS-D	0.706679312553655	0.422545844955781	35	35	0.103895599480577	0.201699463447736
K12979	group	IBS-D	-1.03522134531379	0.619391790746221	35	16	0.104110449202509	0.202034869289104
K01262	group	IBS-D	0.132876762695348	0.0796659150267169	35	35	0.104793996711951	0.203197083285169
K02455	group	IBS-D	-1.00497785686561	0.602528758814359	35	35	0.104792289644422	0.203197083285169
K10233	group	IBS-D	-0.449251865426884	0.269437607143031	35	7	0.10490527635179	0.203248681099655
K10234	group	IBS-D	-0.449251865426884	0.269437607143031	35	7	0.10490527635179	0.203248681099655
K06182	group	IBS-D	-0.717762208350117	0.431078175339603	35	35	0.105372473064923	0.204071497855867
K00325	group	IBS-D	-0.963109799830799	0.57868324091171	35	35	0.105518636701031	0.204107564384227
K03579	group	IBS-D	0.457917564005856	0.275131349718176	35	35	0.105509133966646	0.204107564384227
K07723	group	IBS-D	-0.974704500598641	0.585591928358923	35	34	0.105485493984069	0.204107564384227
K08218	group	IBS-D	0.318906949225681	0.191846410283077	35	35	0.105923471709558	0.204808130357466
K03316	group	IBS-D	-0.355861953229984	0.214200853096468	35	35	0.106116637184794	0.205099023802012
K01625	group	IBS-D	-0.402863044170494	0.242774344433829	35	35	0.106508029817619	0.205771788342311
K07290	group	IBS-D	-1.12811290308425	0.679911941401705	35	21	0.106550440703809	0.205771788342311
K09859	group	IBS-D	0.586105758403116	0.353293833452749	35	11	0.106596909058183	0.205778753674442
K00286	group	IBS-D	-0.115030271082405	0.069397619649488207	35	35	0.10688568607019	0.206123537584794
K07736	group	IBS-D	0.408083692997864	0.246209991436848	35	35	0.106904313390156	0.206123537584794
K16012	group	IBS-D	-0.256289614831338	0.15460216443645	35	35	0.106848539414319	0.206123537584794
K05964	group	IBS-D	-1.3377491856224	0.80753933758607	35	35	0.107084888630703	0.206388819877963
K05966	group	IBS-D	-1.3366312893838	0.807276480392997	35	35	0.107257164525186	0.206555012789979
K06895	group	IBS-D	0.305055799361584	0.184219984205237	35	35	0.107215792136623	0.206555012789979
K01524	group	IBS-D	0.208265910687833	0.12581984532639	35	35	0.107350696719681	0.206569416814104
K13252	group	IBS-D	0.819532586601515	0.49507206153116	35	10	0.107328324325117	0.206569416814104
K02402	group	IBS-D	-0.940382013714503	0.56828363046159	35	26	0.107451736218861	0.206672223568141
K07482	group	IBS-D	0.692773425261453	0.41872633454099	35	35	0.107512615344986	0.206672223568141
K17228	group	IBS-D	-1.10843006744375	0.669998582002407	35	17	0.107533266917979	0.206672223568141
K14162	group	IBS-D	0.453191251755715	0.27412411316937	35	35	0.107767041274305	0.207038641519784
K07006	group	IBS-D	-1.33458596734405	0.807440988940509	35	35	0.107843831341539	0.207103293708291
K06923	group	IBS-D	-0.706768715263098	0.427901960530981	35	35	0.10807996641068	0.207473777983875
K00324	group	IBS-D	-0.947786319017262	0.573914768301882	35	35	0.108134611521155	0.207495711396109
K00720	group	IBS-D	-1.33346482194696	0.807753248212788	35	35	0.10825970125506	0.207652746993824
K07794	group	IBS-D	-1.33324185362617	0.807802617982871	35	35	0.108337178775164	0.207718368729857
K07712	group	IBS-D	-1.3125062053271	0.795402510168211	35	35	0.10840695098256	0.207769170326255
K00870	group	IBS-D	-1.33147796477894	0.807216088240908	35	35	0.108540060194254	0.207914743166068
K02478	group	IBS-D	-1.32173894822974	0.801424532854463	35	35	0.108587871016459	0.207914743166068
K07118	group	IBS-D	-0.645079694820782	0.39116700279235	35	35	0.108612825632264	0.207914743166068
K01058	group	IBS-D	-1.00628004437699	0.610326398999162	35	35	0.108686742462246	0.207932518291457
K01121	group	IBS-D	-1.33168923392135	0.807744996227524	35	35	0.108708731704136	0.207932518291457
K00164	group	IBS-D	-0.349060556965307	0.211823347511213	35	35	0.108866647155776	0.208119775117092
K03796	group	IBS-D	-1.32048186208836	0.801381937097189	35	35	0.108893329534292	0.208119775117092
K06206	group	IBS-D	0.34241780269581	0.207896742641361	35	35	0.109037721533944	0.208229952698673
K19713	group	IBS-D	2.10503568357903	1.27803872434753	35	32	0.109032392207022	0.208229952698673
K00138	group	IBS-D	-1.28338093331905	0.779390381800468	35	32	0.109122494840012	0.208308985179682
K02850	group	IBS-D	-1.3193337009717	0.801422806790837	35	35	0.109206886981142	0.208387227502568
K01269	group	IBS-D	-1.31874832350817	0.801426219446791	35	35	0.109359611985658	0.208512905934529
K03287	group	IBS-D	-1.31874832350817	0.801426219446791	35	35	0.109359611985658	0.208512905934529
K07793	group	IBS-D	-1.31836074351551	0.801522879957017	35	35	0.109501013474882	0.208699629096033
K00480	group	IBS-D	-1.00310060532599	0.610252237709886	35	9	0.10972364963979	0.208770176528437
K10804	group	IBS-D	-1.02412833538325	0.622866533673927	35	29	0.109625933897313	0.208770176528437
K11614	group	IBS-D	-1.06684758624643	0.649094158690446	35	23	0.109755452105348	0.208770176528437
K16089	group	IBS-D	0.38614091949607	0.234859620611154	35	35	0.109643161458824	0.208770176528437
K19349	group	IBS-D	-1.06684758624643	0.649094158690446	35	23	0.109755452105348	0.208770176528437
K01008	group	IBS-D	0.297190484321214	0.180917009906062	35	35	0.109943669761773	0.209045369713376
K02018	group	IBS-D	0.303160206265274	0.184624630668471	35	35	0.11007986600506	0.209221471373829
K01669	group	IBS-D	-0.687135849378255	0.418927402966808	35	35	0.110457306644372	0.209855769370649
K12152	group	IBS-D	-0.880385245125027	0.537460583163751	35	12	0.110913657671482	0.210556137003078
K12582	group	IBS-D	-0.880385245125027	0.537460583163751	35	12	0.110913657671482	0.210556137003078
K03458	group	IBS-D	0.311180017102181	0.190142410088603	35	35	0.111224986683347	0.210988346365049
K07274	group	IBS-D	-1.31171657592598	0.8016192580899	35	35	0.11127317079698	0.210988346365049
K09684	group	IBS-D	-1.43820849242388	0.878875883674846	35	31	0.111255400541131	0.210988346365049
K08167	group	IBS-D	-0.709099842584153	0.43369988878699	35	35	0.111553563773669	0.211436502043973
K00641	group	IBS-D	-0.345466242139134	0.211334717529631	35	35	0.111619642477186	0.211478257116405
K00574	group	IBS-D	0.654563551961528	0.400764870740342	35	35	0.11191541281506	0.211954988925089
K03563	group	IBS-D	-0.465464319752524	0.285196443323829	35	35	0.112169651202486	0.212346614420404
K10974	group	IBS-D	0.612949015626721	0.375606950265986	35	35	0.112210656276727	0.212346614420404
K03629	group	IBS-D	0.136890917716845	0.0839646277089649	35	35	0.112538963001205	0.212883987930964
K00076	group	IBS-D	1.22755156333718	0.753109732539746	35	27	0.112616069597194	0.212945943338372
K03615	group	IBS-D	-0.359338918872898	0.220511556052466	35	35	0.112702605252307	0.213025672368632
K08077	group	IBS-D	1.22491932238349	0.752224620637372	35	27	0.112952211876856	0.213161780354083
K08217	group	IBS-D	0.443563441016636	0.272389941624696	35	35	0.112948432691266	0.213161780354083
K09804	group	IBS-D	1.22491932238349	0.752224620637372	35	27	0.112952211876856	0.213161780354083
K18284	group	IBS-D	1.22491932238349	0.752224620637372	35	27	0.112952211876856	0.213161780354083
K02003	group	IBS-D	-0.181450115163118	0.111481086841941	35	35	0.11311497300146	0.21331367109893
K13788	group	IBS-D	-0.34371297714814403	0.211177732798974	35	35	0.113121559387185	0.21331367109893
K00257	group	IBS-D	-0.826088236874556	0.507736373883976	35	35	0.113249087956522	0.2134703067449
K09692	group	IBS-D	-0.393490696513261	0.242040727319291	35	35	0.113522639340144	0.213901958976465
K07124	group	IBS-D	-0.201039581449025	0.123704056481851	35	35	0.113641382341854	0.214003813796523
K09693	group	IBS-D	-0.393376259316012	0.242070059776188	35	35	0.113665845694883	0.214003813796523
K01735	group	IBS-D	0.0550591462230317	0.0339115723815652	35	35	0.113974667990014	0.214501129368898
K01959	group	IBS-D	1.21104454723255	0.746801630878948	35	27	0.11439723874373	0.214791217523915
K15910	group	IBS-D	1.21104454723255	0.746801630878948	35	27	0.11439723874373	0.214791217523915
K15912	group	IBS-D	1.21104454723255	0.746801630878948	35	27	0.11439723874373	0.214791217523915
K15913	group	IBS-D	1.21104454723255	0.746801630878948	35	27	0.11439723874373	0.214791217523915
K15914	group	IBS-D	1.21104454723255	0.746801630878948	35	27	0.11439723874373	0.214791217523915
K17248	group	IBS-D	1.21104454723255	0.746801630878948	35	27	0.11439723874373	0.214791217523915
K04091	group	IBS-D	-0.954544380634097	0.589066674318887	35	17	0.114656924165595	0.215194641485152
K01039	group	IBS-D	-0.770025749635632	0.47562486502062	35	35	0.114971464444701	0.215481375031661
K01040	group	IBS-D	-0.770025749635632	0.47562486502062	35	35	0.114971464444701	0.215481375031661
K07456	group	IBS-D	0.176175309692811	0.108810885991449	35	35	0.114945704556956	0.215481375031661
K08313	group	IBS-D	0.44095624388304	0.272381033466405	35	35	0.114989227834017	0.215481375031661
K07576	group	IBS-D	0.39411721877073	0.243686105552829	35	35	0.115330837399768	0.215952944756741
K19784	group	IBS-D	-0.876434248260667	0.541888742228406	35	35	0.115319090502724	0.215952944756741
K00111	group	IBS-D	0.235060988301114	0.145369351350513	35	35	0.115400944104739	0.21599997374146301
K03786	group	IBS-D	0.213447713976394	0.132091796849078	35	35	0.115636606049453	0.216356720827522
K00588	group	IBS-D	-0.945504727955442	0.585223636744322	35	35	0.115696206502983	0.216383906280024
K01761	group	IBS-D	-0.808672959105857	0.5007158006452	35	35	0.115825628304143	0.216541604940885
K01708	group	IBS-D	-0.936401357467004	0.580112000985685	35	9	0.11601270420583	0.216806925999296
K07140	group	IBS-D	-1.56641387794177	0.970551636978366	35	27	0.11606309457356	0.216816699240335
K11962	group	IBS-D	-1.00060491820232	0.620261528602598	35	26	0.116224981951732	0.21703467069244
K07120	group	IBS-D	-1.22338970910578	0.758568937922958	35	35	0.116320522000228	0.217128626019866
K00854	group	IBS-D	0.415253523325668	0.257528403957496	35	35	0.116386583863704	0.217167504519877
K04092	group	IBS-D	-0.376483656230703	0.23354423094336	35	35	0.116476667935809	0.217222470778956
K05882	group	IBS-D	-1.10325002254831	0.684965416584725	35	28	0.116778003974273	0.217222470778956
K09018	group	IBS-D	-0.706565312581016	0.438627237458829	35	4	0.1167362965658	0.217222470778956
K09021	group	IBS-D	-0.706565312581016	0.438627237458829	35	4	0.1167362965658	0.217222470778956
K09023	group	IBS-D	-0.706565312581016	0.438627237458829	35	4	0.1167362965658	0.217222470778956
K14161	group	IBS-D	0.435774433630507	0.270452382975706	35	35	0.116643671493099	0.217222470778956
K19115	group	IBS-D	1.22553015360486	0.76077317585586	35	28	0.116726487488861	0.217222470778956
K19116	group	IBS-D	1.22553015360486	0.76077317585586	35	28	0.116726487488861	0.217222470778956
K12552	group	IBS-D	-1.06308085415712	0.660660580146459	35	23	0.117116856701778	0.217768407833167
K01073	group	IBS-D	-1.05426034202056	0.655432212745606	35	23	0.117253227381578	0.217831999059356
K01945	group	IBS-D	0.0322520774974819	0.0200507916099253	35	35	0.117248282560616	0.217831999059356
K17947	group	IBS-D	-1.10266312613681	0.685590074305424	35	28	0.117287172999049	0.217831999059356
K00658	group	IBS-D	-0.340364868234595	0.211671117293142	35	35	0.117364585359761	0.21789148271934
K11004	group	IBS-D	1.20983402682542	0.752747630940696	35	19	0.117532762204129	0.217950865717274
K13789	group	IBS-D	0.175363899261849	0.109106585740226	35	35	0.117522321047422	0.217950865717274
K15583	group	IBS-D	-0.14030997251576	0.0872910737030368	35	35	0.117498335376092	0.217950865717274
K11811	group	IBS-D	-1.03928730247829	0.646807583288576	35	11	0.117627083950651	0.218041556002731
K10680	group	IBS-D	-0.83889585592284	0.522361176619141	35	33	0.117808996060839	0.218294477069892
K19225	group	IBS-D	-0.393257783680522	0.245042013081388	35	35	0.118053852804483	0.218663791402131
K01856	group	IBS-D	-0.573026388113141	0.357488924440096	35	4	0.118482193418657	0.219119033360159
K03464	group	IBS-D	-0.573026388113141	0.357488924440096	35	4	0.118482193418657	0.219119033360159
K05550	group	IBS-D	-0.573026388113141	0.357488924440096	35	4	0.118482193418657	0.219119033360159
K13774	group	IBS-D	-0.566116918339342	0.353120999345145	35	4	0.11842455386022	0.219119033360159
K00299	group	IBS-D	0.707985835061362	0.442278538808081	35	35	0.118959239571684	0.219747329428109
K01840	group	IBS-D	0.221303755105379	0.138246589479717	35	35	0.11895461090567	0.219747329428109
K02443	group	IBS-D	-0.845897727822294	0.528386821906253	35	35	0.118928807482228	0.219747329428109
K07389	group	IBS-D	-0.652502479661927	0.407862743801309	35	6	0.119172636702092	0.220056857233363
K00252	group	IBS-D	-1.01867142305309	0.637354909534099	35	34	0.119513166354148	0.220116732748553
K01138	group	IBS-D	-1.75787181859967	1.09927821804181	35	23	0.119327165118054	0.220116732748553
K01624	group	IBS-D	0.057757874867335	0.0361186440407019	35	35	0.119327012156988	0.220116732748553
K03424	group	IBS-D	-0.0697963524597602	0.0436567706359743	35	35	0.119407899240482	0.220116732748553
K10002	group	IBS-D	-1.39119454023771	0.870463806600104	35	23	0.119525999224219	0.220116732748553
K10003	group	IBS-D	-1.39119454023771	0.870463806600104	35	23	0.119525999224219	0.220116732748553
K10960	group	IBS-D	-0.485684897450254	0.303818042004577	35	5	0.119440771938715	0.220116732748553
K00520	group	IBS-D	-0.762689618942408	0.477350364983637	35	7	0.119629870163421	0.220223545496389
K06714	group	IBS-D	-0.859054100082439	0.537948547102564	35	35	0.119819390567735	0.220487885824338
K07485	group	IBS-D	-1.3811293388205	0.865438555860391	35	35	0.12005087441594	0.220744637330881
K14189	group	IBS-D	-0.660877659161684	0.414074453872828	35	4	0.120014270304177	0.220744637330881
K02481	group	IBS-D	-1.24155817451849	0.778156767517648	35	35	0.120131577930952	0.220808463111219
K17898	group	IBS-D	-0.86028502869367	0.539355475743833	35	35	0.120240748244271	0.220840027666696
K17899	group	IBS-D	-0.86028502869367	0.539355475743833	35	35	0.120240748244271	0.220840027666696
K02017	group	IBS-D	0.313621683190205	0.196876232622005	35	35	0.1206974222499	0.221330874432435
K02403	group	IBS-D	-0.917316156466731	0.575911940610223	35	26	0.120738504507092	0.221330874432435
K07097	group	IBS-D	-1.257362888488	0.789276919409028	35	35	0.12068221852063	0.221330874432435
K19131	group	IBS-D	-1.05998727508528	0.665472478123265	35	34	0.12073224429857	0.221330874432435
K19132	group	IBS-D	-1.05998727508528	0.665472478123265	35	34	0.12073224429857	0.221330874432435
K01811	group	IBS-D	0.63699305707526	0.400395573010967	35	35	0.121165564852133	0.222028960631713
K00662	group	IBS-D	0.524231887915007	0.329777703970308	35	35	0.121449242487736	0.222463873782381
K10036	group	IBS-D	-0.853919788957293	0.537372755986801	35	6	0.121582156600623	0.222537527197709
K10037	group	IBS-D	-0.853919788957293	0.537372755986801	35	6	0.121582156600623	0.222537527197709
K00010	group	IBS-D	0.459175275797696	0.289196148776668	35	35	0.121876368974371	0.22290863624686
K02669	group	IBS-D	0.215266384527847	0.135596341383766	35	35	0.121924198871955	0.22290863624686
K19332	group	IBS-D	-1.1069340024344	0.697220569628324	35	27	0.121904905420152	0.22290863624686
K02803	group	IBS-D	0.446034566439608	0.28110272691578	35	35	0.122110473441801	0.223164211265354
K17865	group	IBS-D	-0.811448773522709	0.511626512420823	35	35	0.122272499106679	0.223375292317795
K05881	group	IBS-D	0.445216278736117	0.280874227381729	35	35	0.122479063213479	0.223667547541998
K02844	group	IBS-D	1.5963166887572	1.00852086562401	35	27	0.12299842505847	0.224359969113114
K16293	group	IBS-D	1.18376638344813	0.747797062716237	35	27	0.122958431622077	0.224359969113114
K16294	group	IBS-D	1.18376638344813	0.747797062716237	35	27	0.122958431622077	0.224359969113114
K00065	group	IBS-D	-0.676479225878714	0.427919010987669	35	35	0.123449081272352	0.225096482790946
K10541	group	IBS-D	-0.349948562132965	0.221519904872348	35	35	0.123700379372793	0.225383499570695
K10542	group	IBS-D	-0.349985270535654	0.221521358489869	35	35	0.123664762583193	0.225383499570695
K04042	group	IBS-D	-0.102086748713377	0.0646556891883214	35	35	0.123891316461534	0.225645755057596
K00758	group	IBS-D	0.443226384763965	0.280871161333005	35	35	0.124095208649586	0.225845753118522
K19180	group	IBS-D	0.372145155956418	0.235816731632581	35	35	0.124079087559145	0.225845753118522
K07100	group	IBS-D	1.18088234207039	0.748509975606711	35	27	0.124186629671036	0.225926490735371
K02852	group	IBS-D	-0.917714220730437	0.581876626510433	35	13	0.124297366039701	0.226042293316895
K02461	group	IBS-D	-1.14784115899863	0.728007246476773	35	25	0.124406452374249	0.226155008651559
K02001	group	IBS-D	-1.00539225763931	0.638256046021227	35	34	0.124745806013992	0.226622390205819
K10112	group	IBS-D	-0.204080214934244	0.129561157652909	35	35	0.12475796236492	0.226622390205819
K01916	group	IBS-D	-0.169400428056495	0.107589398447276	35	35	0.124909637492455	0.226812091377185
K02475	group	IBS-D	-1.17121736642308	0.744536970361647	35	15	0.125239818788698	0.227325659737065
K00603	group	IBS-D	-0.73014243119761	0.464250379145801	35	35	0.125320303341097	0.227385780929934
K00042	group	IBS-D	0.983240690887604	0.625363556987658	35	35	0.125427787944107	0.22749482807694
K00926	group	IBS-D	-0.240918495051906	0.153336689540707	35	35	0.125682485854283	0.227870700372512
K07168	group	IBS-D	-0.885714623229068	0.56411032360023206	35	16	0.12592992024953	0.228233124619854
K01908	group	IBS-D	-1.24479997868006	0.793078434616771	35	28	0.126053041621195	0.228370057669191
K18479	group	IBS-D	0.451048515386361	0.287623808443476	35	35	0.126377241128766	0.228871042874087
K02458	group	IBS-D	-1.1448013685437	0.730964678951662	35	25	0.12685344100319	0.229646821363617
K00943	group	IBS-D	-0.10155246539644	0.0649375290683391	35	35	0.127393359550819	0.230382291230439
K08679	group	IBS-D	1.26951663087832	0.811812743748572	35	35	0.127403662407168	0.230382291230439
K15923	group	IBS-D	0.374131285407326	0.239187446707552	35	35	0.127316466753117	0.230382291230439
K07506	group	IBS-D	-0.92307456931378	0.591065471461677	35	6	0.127895776543407	0.2311850990907
K05591	group	IBS-D	-1.30516449090702	0.835881062881471	35	25	0.127963935081462	0.231198598046713
K05808	group	IBS-D	0.0858576997722889	0.0549921266520031	35	35	0.127999557093973	0.231198598046713
K00761	group	IBS-D	0.0281770676303103	0.0180560845157486	35	35	0.128174659363746	0.231427807297986
K01031	group	IBS-D	-0.839689941354227	0.538886021775477	35	9	0.128726661080488	0.231988250693477
K02106	group	IBS-D	-0.820224104608248	0.52625962115323	35	35	0.128632814485214	0.231988250693477
K03335	group	IBS-D	0.431849257091411	0.277098836522971	35	35	0.128662554551296	0.231988250693477
K07341	group	IBS-D	0.520738024346936	0.334125660728289	35	35	0.128652370941734	0.231988250693477
K07461	group	IBS-D	-0.128231419239673	0.0822851919455103	35	35	0.128683551859908	0.231988250693477
K01966	group	IBS-D	-0.736118348456578	0.472485191112911	35	35	0.128779858042839	0.231997035070796
K00052	group	IBS-D	-0.10137941803862	0.065178258708805	35	35	0.129386061998197	0.232803791689638
K00850	group	IBS-D	0.140815502415896	0.0905518075395415	35	35	0.129465887856596	0.232803791689638
K01703	group	IBS-D	-0.101811443684196	0.0654539545871417	35	35	0.129374421774695	0.232803791689638
K01704	group	IBS-D	-0.101771038799465	0.0654543078135839	35	35	0.129523301443532	0.232803791689638
K02020	group	IBS-D	0.289491607929935	0.18623370972443	35	35	0.129615608245449	0.232803791689638
K02225	group	IBS-D	-1.05205137329323	0.676717970983781	35	25	0.129571659428268	0.232803791689638
K03091	group	IBS-D	0.263414510079339	0.169426554182276	35	35	0.129546958924133	0.232803791689638
K03595	group	IBS-D	0.0280928535102803	0.0180685199293908	35	35	0.129534123359078	0.232803791689638
K09748	group	IBS-D	0.0280823431578432	0.0180695455899856	35	35	0.129693690148401	0.232856920868539
K02048	group	IBS-D	-0.84617760285979	0.544875776338076	35	35	0.129968495915672	0.233263083697623
K02463	group	IBS-D	-1.09696691921221	0.706852379204477	35	23	0.130224031497334	0.23351308215785
K03535	group	IBS-D	1.58151405140988	1.01897485323388	35	30	0.130185772758706	0.23351308215785
K06134	group	IBS-D	-0.9601211296844	0.618722555208286	35	29	0.130253704232185	0.23351308215785
K02802	group	IBS-D	0.427973241221799	0.275923358246593	35	35	0.13042630372224	0.233735231119998
K01844	group	IBS-D	-0.80873757814951	0.521948591323682	35	35	0.130809824446727	0.234058682122633
K02653	group	IBS-D	0.202928033381168	0.130986980207766	35	35	0.130866316895602	0.234058682122633
K03282	group	IBS-D	0.0278862001952479	0.0180017175861573	35	35	0.130899304623884	0.234058682122633
K18011	group	IBS-D	-0.80873757814951	0.521948591323682	35	35	0.130809824446727	0.234058682122633
K18012	group	IBS-D	-0.80873757814951	0.521948591323682	35	35	0.130809824446727	0.234058682122633
K18013	group	IBS-D	-0.80873757814951	0.521948591323682	35	35	0.130809824446727	0.234058682122633
K02046	group	IBS-D	-0.842609003997149	0.544649930244715	35	35	0.131385103109956	0.234839865983209
K02045	group	IBS-D	-0.842477203833769	0.544659644592218	35	35	0.131450038226296	0.234868490332879
K12257	group	IBS-D	0.341129254403869	0.220834897200209	35	35	0.13194961695794	0.235673404395487
K13572	group	IBS-D	0.427662510010354	0.276954985129548	35	35	0.132086551656531	0.235830247119006
K07250	group	IBS-D	-1.30890011794826	0.847906260336163	35	33	0.132201234432944	0.235947258926604
K00595	group	IBS-D	-0.476143685515674	0.308608181132477	35	35	0.132397514860867	0.236077633086043
K02047	group	IBS-D	-0.832847921811887	0.53973009168235	35	35	0.132347173560481	0.236077633086043
K18430	group	IBS-D	-0.863709804273159	0.559841983578382	35	34	0.132421800854138	0.236077633086043
K01493	group	IBS-D	0.165950265234593	0.107611136130965	35	35	0.132578240187953	0.236181124728149
K02457	group	IBS-D	-1.08714794197185	0.704898112201667	35	25	0.132542435583219	0.236181124728149
K09705	group	IBS-D	0.430112977286656	0.27898082716613	35	35	0.132675207518103	0.23626619855134
K13819	group	IBS-D	1.12729953272187	0.733026238252176	35	28	0.133614600736091	0.237850833568399
K19158	group	IBS-D	-0.262830321819617	0.170945003349182	35	35	0.133701712041964	0.237917686995356
K02652	group	IBS-D	0.20682651821189799	0.134598713431069	35	35	0.13392121763559	0.23821999476416
K07233	group	IBS-D	-0.805471073449082	0.524327652852651	35	7	0.134023461005052	0.238313568994539
K03338	group	IBS-D	0.424846022869171	0.277117038744755	35	35	0.134785254473874	0.239579417522794
K11924	group	IBS-D	-0.924649523584234	0.603496772858267	35	13	0.135016319397592	0.239901313629844
K03337	group	IBS-D	0.424368386155988	0.277120656806953	35	35	0.135214485411698	0.240075719105608
K07220	group	IBS-D	0.299078630859721	0.195297750287558	35	35	0.135202300274498	0.240075719105608
K03088	group	IBS-D	0.246314031025102	0.160873701761888	35	35	0.135275355624826	0.240095002718961
K00625	group	IBS-D	0.174519867262095	0.114024436316136	35	35	0.135412007031448	0.240155822929903
K03336	group	IBS-D	0.424244213352212	0.27715999425931	35	35	0.135378573639588	0.240155822929903
K13767	group	IBS-D	-0.393062969851605	0.256844347014784	35	4	0.135459689334342	0.240155822929903
K07661	group	IBS-D	-1.41782272756338	0.927441922272786	35	15	0.135857397636417	0.240772006663875
K18924	group	IBS-D	1.12063285837619	0.733517762084029	35	28	0.136103550428409	0.2410303008509
K18925	group	IBS-D	1.12063285837619	0.733517762084029	35	28	0.136103550428409	0.2410303008509
K01787	group	IBS-D	0.376029361326124	0.246370454078367	35	35	0.136469527281497	0.241411275047335
K15915	group	IBS-D	1.14773261633379	0.751966318446175	35	27	0.136461496166741	0.241411275047335
K16650	group	IBS-D	-0.690888084733184	0.4526329315631	35	35	0.136444723095414	0.241411275047335
K11932	group	IBS-D	-0.96901099315128	0.635776015639475	35	8	0.137001124118081	0.24226239296166
K05597	group	IBS-D	-0.380994676493026	0.250096329017139	35	6	0.137187378126024	0.242502430921592
K03388	group	IBS-D	-1.14399278343655	0.752463489693107	35	30	0.137952676957977	0.243765477392436
K06894	group	IBS-D	-0.843543074544965	0.554957519419073	35	35	0.138031902744921	0.243815734024418
K06143	group	IBS-D	-0.898458318522659	0.5914146929458	35	35	0.138243993236999	0.244100555914245
K01847	group	IBS-D	0.340170787853212	0.224034220196727	35	35	0.138439950551313	0.24423268134422
K07321	group	IBS-D	-0.848612440078493	0.55901117227569	35	29	0.138522306040473	0.24423268134422
K10546	group	IBS-D	0.368076911076192	0.242462003237859	35	35	0.138517051857672	0.24423268134422
K10548	group	IBS-D	0.368076911076192	0.242462003237859	35	35	0.138517051857672	0.24423268134422
K03969	group	IBS-D	-0.358660925607302	0.236356386277207	35	35	0.138673618226286	0.244409706719676
K03389	group	IBS-D	-1.13785534198495	0.750221428316744	35	30	0.138866297740128	0.244480049670097
K03390	group	IBS-D	-1.13785534198495	0.750221428316744	35	30	0.138866297740128	0.244480049670097
K12973	group	IBS-D	-0.769837904677105	0.507446785495561	35	5	0.138768510793281	0.244480049670097
K05351	group	IBS-D	0.500745871906604	0.330320111509083	35	5	0.139055655677054	0.244579294452522
K07568	group	IBS-D	0.108402451232161	0.0715120600495071	35	35	0.139075499657443	0.244579294452522
K18785	group	IBS-D	0.373818253314021	0.246566142933735	35	35	0.139016317949546	0.244579294452522
K05995	group	IBS-D	0.331350354670947	0.218689668495095	35	35	0.139252137840117	0.244710656577747
K16074	group	IBS-D	-0.950596797629008	0.627327949994392	35	8	0.139214682194105	0.244710656577747
K00140	group	IBS-D	0.418355345730998	0.276259508659246	35	35	0.139455702033496	0.244889109532852
K03665	group	IBS-D	-0.159628612407631	0.105409164388305	35	35	0.139451930358648	0.244889109532852
K09935	group	IBS-D	-0.810849773367748	0.535742165719304	35	35	0.139670358656026	0.245176377297105
K00253	group	IBS-D	-0.934460074494516	0.617891252905758	35	14	0.139966659135646	0.245606699747894
K05804	group	IBS-D	-0.943773713707809	0.624238588104061	35	8	0.140082688129343	0.245720491672991
K06890	group	IBS-D	0.162966943931766	0.10786722014558	35	35	0.140354065802331	0.246106599677499
K08351	group	IBS-D	-0.746745438756645	0.494662681781985	35	5	0.140660498549787	0.246553871317096
K00146	group	IBS-D	-0.743882813357414	0.493093044334885	35	5	0.140915149508325	0.24691008495966
K04076	group	IBS-D	-0.902572198985852	0.598378196192072	35	29	0.14097663997216	0.246927708320445
K10547	group	IBS-D	0.391632571816148	0.259678793091069	35	35	0.141033196221254	0.246936679452313
K02431	group	IBS-D	0.336921788636116	0.223435849061315	35	35	0.141091716376349	0.24694908141555
K01004	group	IBS-D	0.413517915362152	0.274461870179659	35	35	0.141414214549858	0.247410599952139
K05875	group	IBS-D	-0.737944589759933	0.489848012590814	35	5	0.14145846633381	0.247410599952139
K06609	group	IBS-D	0.413297714779484	0.274534570328657	35	35	0.141721429077197	0.247780255280271
K03646	group	IBS-D	0.32412714783081	0.215481360532536	35	35	0.142041296924644	0.248158757836687
K08972	group	IBS-D	0.267099244754699	0.177566613257464	35	35	0.142036278116612	0.248158757836687
K09740	group	IBS-D	-0.549615447076063	0.365443439551835	35	6	0.142100763856914	0.248172341679536
K00112	group	IBS-D	0.297902946754898	0.198654094676015	35	35	0.143223464935722	0.248236770814585
K00113	group	IBS-D	0.297902946754898	0.198654094676015	35	35	0.143223464935722	0.248236770814585
K00455	group	IBS-D	-0.72167323214335	0.481034654829901	35	5	0.143056836884605	0.248236770814585
K01843	group	IBS-D	-0.78541623402478	0.522655784935043	35	35	0.142416008416884	0.248236770814585
K03207	group	IBS-D	-0.72167323214335	0.481034654829901	35	5	0.143056836884605	0.248236770814585
K03208	group	IBS-D	-0.72167323214335	0.481034654829901	35	5	0.143056836884605	0.248236770814585
K03536	group	IBS-D	0.0273204896827476	0.018218389517573	35	35	0.143222379056136	0.248236770814585
K03805	group	IBS-D	-0.72167323214335	0.481034654829901	35	5	0.143056836884605	0.248236770814585
K03818	group	IBS-D	-0.72167323214335	0.481034654829901	35	5	0.143056836884605	0.248236770814585
K06876	group	IBS-D	-0.834726492242807	0.556176844517214	35	14	0.142908009680533	0.248236770814585
K07020	group	IBS-D	-0.459327969381501	0.306243715543824	35	5	0.143153553484677	0.248236770814585
K07687	group	IBS-D	-0.72167323214335	0.481034654829901	35	5	0.143056836884605	0.248236770814585
K09937	group	IBS-D	-0.863173169751883	0.575054771797874	35	28	0.142856865618541	0.248236770814585
K13889	group	IBS-D	-0.72167323214335	0.481034654829901	35	5	0.143056836884605	0.248236770814585
K13890	group	IBS-D	-0.72167323214335	0.481034654829901	35	5	0.143056836884605	0.248236770814585
K13891	group	IBS-D	-0.72167323214335	0.481034654829901	35	5	0.143056836884605	0.248236770814585
K14051	group	IBS-D	-0.72167323214335	0.481034654829901	35	5	0.143056836884605	0.248236770814585
K14591	group	IBS-D	-0.72167323214335	0.481034654829901	35	5	0.143056836884605	0.248236770814585
K16090	group	IBS-D	-1.07077885593773	0.713607428980529	35	26	0.142988952438234	0.248236770814585
K17938	group	IBS-D	1.37652198075838	0.91674900313898	35	31	0.142728671362067	0.248236770814585
K18014	group	IBS-D	-0.789052470017239	0.525954195559568	35	35	0.143062425737327	0.248236770814585
K16840	group	IBS-D	-0.459252877062881	0.306714423157497	35	4	0.143812013762011	0.249166899340099
K09939	group	IBS-D	-0.854199036557003	0.571141978919825	35	13	0.144261260725014	0.249855091176332
