feature	metadata	value	coef	stderr	N	N.not.0	pval	qval
K00033	group	GERD	-0.312800610543125	0.074656420695958	60	60	9.63194774119193e-5	0.158813033301512
K00036	group	GERD	-0.32215881874569	0.07865506746643	60	60	1.3212070178567e-4	0.158813033301512
K00286	group	GERD	-0.197175634051452	0.0501425380413532	60	60	2.2711191756408e-4	0.158813033301512
K01834	group	GERD	-0.334111660404112	0.0820907030003254	60	60	1.4401317502755e-4	0.158813033301512
K02014	group	GERD	0.227696442639991	0.0583112674116439	60	60	2.4848051389077e-4	0.158813033301512
K03711	group	GERD	0.201393166523953	0.0499810243595908	60	60	1.648576304606e-4	0.158813033301512
K03789	group	GERD	-0.216142853460263	0.0520491734943697	60	60	1.0919178716168e-4	0.158813033301512
K05515	group	GERD	0.168627357670582	0.0415828385771357	60	60	1.5129918551367e-4	0.158813033301512
K06183	group	GERD	-0.236914833642182	0.0599511210154906	60	60	2.1302464896091e-4	0.158813033301512
K06188	group	GERD	0.683808075409086	0.176757502551909	60	60	2.7964448437067e-4	0.158813033301512
K07040	group	GERD	-0.260765264864121	0.0677019024187992	60	60	2.9549109714422e-4	0.158813033301512
K01897	group	GERD	0.158735099931119	0.0416498472936274	60	60	3.3689857549248e-4	0.165978698192629
K00627	group	GERD	-0.336382925597101	0.089111480528287	60	60	3.7874329184842e-4	0.1676660546842
K05516	group	GERD	0.529759724773954	0.140887389775997	60	60	3.9704410784485e-4	0.1676660546842
K10563	group	GERD	-0.291342478197551	0.0783475029126927	60	60	4.5353648463543e-4	0.170290060296276
K15987	group	GERD	0.442967750637362	0.119283624321826	60	60	4.608661983661e-4	0.170290060296276
K04487	group	GERD	-0.184963438818082	0.0507615945362957	60	60	5.7514023590159e-4	0.179308504887892
K04488	group	GERD	-0.193173427115022	0.0527678307087028	60	60	5.4495517543906e-4	0.179308504887892
K04564	group	GERD	-0.191572874618516	0.052584401936577	60	60	5.7626210975472e-4	0.179308504887892
K08483	group	GERD	-0.209682831094193	0.0582995329933926	60	60	6.6708539318811e-4	0.197190442226407
K00788	group	GERD	0.205866836155089	0.0580073629940722	60	60	7.7426956084069e-4	0.217975316366198
K03581	group	GERD	-0.248340276755819	0.0705620610543269	60	60	8.4866263727715e-4	0.228058795981024
K00941	group	GERD	0.194703535494856	0.0556356847238769	60	60	9.024405099047e-4	0.231966447589417
K01902	group	GERD	0.329093848773445	0.0952909977396864	60	60	0.00103999453826885	0.240205423400188
K01903	group	GERD	0.329204507683245	0.0952927134698181	60	60	0.00103649123836673	0.240205423400188
K02557	group	GERD	0.410533891622925	0.119048072603669	60	60	0.00105638379709149	0.240205423400188
K00041	group	GERD	0.569519886572072	0.182481867474509	60	60	0.00280884600668305	0.241983950271311
K00076	group	GERD	1.1117190930853	0.367117456267123	60	60	0.00366758961348509	0.241983950271311
K00282	group	GERD	0.513813823165987	0.171663146601742	60	60	0.00405216696157981	0.241983950271311
K00283	group	GERD	0.514041686159633	0.171661746909309	60	60	0.00403667962652668	0.241983950271311
K00346	group	GERD	0.220221080707921	0.0701858016613438	60	60	0.00267562529967975	0.241983950271311
K00347	group	GERD	0.220243597320934	0.0701555979986882	60	60	0.00266263566638608	0.241983950271311
K00348	group	GERD	0.22016076317112	0.0701496449294671	60	60	0.00266973311987861	0.241983950271311
K00349	group	GERD	0.220243597320934	0.0701555979986882	60	60	0.00266263566638608	0.241983950271311
K00350	group	GERD	0.219978871740522	0.0701169942400115	60	60	0.00267854924177561	0.241983950271311
K00351	group	GERD	0.220412085903557	0.0701444926272062	60	60	0.0026402505748754	0.241983950271311
K00548	group	GERD	0.423597815178307	0.13644213349127499	60	60	0.00294527860238305	0.241983950271311
K00626	group	GERD	-0.268298315463886	0.0859925622145034	60	60	0.00281659323713155	0.241983950271311
K00677	group	GERD	0.182998418636652	0.0567291814323326	60	60	0.00206599698573532	0.241983950271311
K00793	group	GERD	0.0953230587358369	0.0286617046827322	60	60	0.00153338846271931	0.241983950271311
K00943	group	GERD	-0.168333674106601	0.0500264092740233	60	60	0.0013627706131078	0.241983950271311
K00950	group	GERD	0.194298614915421	0.0617801470251585	60	60	0.00261923335990084	0.241983950271311
K00991	group	GERD	0.129569916858994	0.0421869560050312	60	60	0.00324188814542337	0.241983950271311
K01256	group	GERD	-0.3397666413666	0.104345025314888	60	60	0.00188818368786107	0.241983950271311
K01338	group	GERD	0.0985876052983727	0.0311426320717524	60	60	0.00246576261986344	0.241983950271311
K01589	group	GERD	-0.32544209522467	0.102567202912151	60	60	0.00241374005625329	0.241983950271311
K01595	group	GERD	-0.323434514483121	0.103460432368521	60	60	0.00276676803748308	0.241983950271311
K02071	group	GERD	-0.137060105743018	0.0451531424281187	60	60	0.00359288251415568	0.241983950271311
K02072	group	GERD	-0.146101491111999	0.0431940727594751	60	60	0.00129218435350067	0.241983950271311
K02474	group	GERD	0.608142289625169	0.198950202861351	60	60	0.00338038267085497	0.241983950271311
K03060	group	GERD	-0.170734668305185	0.0535513031904447	60	60	0.0023079459608252202	0.241983950271311
K03077	group	GERD	0.680475218781685	0.218326582705108	60	60	0.00284319330258651	0.241983950271311
K03216	group	GERD	-0.168727767038964	0.0532559227014547	60	60	0.00244733126679013	0.241983950271311
K03218	group	GERD	-0.14272731311691	0.0466913678339524	60	60	0.00337972273469788	0.241983950271311
K03431	group	GERD	-0.16982360787032	0.0526432487400487	60	60	0.00206533644295186	0.241983950271311
K03561	group	GERD	0.154403643611549	0.0457470674436432	60	60	0.00132105384041936	0.241983950271311
K03571	group	GERD	-0.237430099217243	0.0740486758336729	60	60	0.00218787604038342	0.241983950271311
K03767	group	GERD	-0.280187788044079	0.0873485555704379	60	60	0.00217955998581138	0.241983950271311
K03785	group	GERD	-0.381192247525725	0.113518443060832	60	60	0.00139159792324095	0.241983950271311
K03797	group	GERD	0.178226780139782	0.0577592124175177	60	60	0.00311060243425728	0.241983950271311
K04042	group	GERD	-0.171194627200171	0.0517703847766039	60	60	0.0016233741639632	0.241983950271311
K04083	group	GERD	-0.184898285722849	0.0609300721846878	60	60	0.00360163193509863	0.241983950271311
K05832	group	GERD	-0.297376604066291	0.0945917715113379	60	60	0.00262849675311578	0.241983950271311
K05833	group	GERD	-0.265038787209859	0.0777198963314124	60	60	0.00118762533610614	0.241983950271311
K05896	group	GERD	-0.185314330943309	0.0604150927903164	60	60	0.00327913567241783	0.241983950271311
K06024	group	GERD	-0.18516510721014	0.0603763658338192	60	60	0.0032838876832542	0.241983950271311
K06159	group	GERD	1.09134468764556	0.364113423142377	60	60	0.00400520337961876	0.241983950271311
K06193	group	GERD	-0.307211102112624	0.0949159542471786	60	60	0.00200077514294967	0.241983950271311
K06958	group	GERD	-0.213112779767521	0.0623960391262223	60	60	0.00116855786608242	0.241983950271311
K07042	group	GERD	-0.150142680269578	0.0459447153247549	60	60	0.00182350925708048	0.241983950271311
K07098	group	GERD	0.173932918055081	0.0556237468872985	60	60	0.00276044178742824	0.241983950271311
K07107	group	GERD	0.175850759726504	0.0565095664255963	60	60	0.00288386425367247	0.241983950271311
K07133	group	GERD	0.271771705164823	0.0881630466411277	60	60	0.0031383583323189	0.241983950271311
K07322	group	GERD	0.271997496947925	0.0851920926514992	60	60	0.00227756119839792	0.241983950271311
K07391	group	GERD	0.0765460350418053	0.0247161384889559	60	60	0.00301062360210034	0.241983950271311
K07460	group	GERD	0.0784305523742031	0.0257596764583263	60	60	0.0034991144318435	0.241983950271311
K07507	group	GERD	0.353708784153274	0.105013232543305	60	60	0.00134908238967911	0.241983950271311
K11065	group	GERD	-0.177922703250808	0.0564752993891981	60	60	0.00257793236724409	0.241983950271311
K11085	group	GERD	0.0988941316417332	0.0317874575172651	60	60	0.00289030785388545	0.241983950271311
K11189	group	GERD	-0.172499169675805	0.0565057209540717	60	60	0.00341919107563774	0.241983950271311
K11733	group	GERD	-0.549676843128331	0.1831778888986	60	60	0.00396547107380549	0.241983950271311
K11746	group	GERD	1.08302656491338	0.34418827234896	60	60	0.00260697002201131	0.241983950271311
K11752	group	GERD	0.0851570584682956	0.0281400540346871	60	60	0.00368910349826795	0.241983950271311
K13497	group	GERD	0.526016646544179	0.173573328292517	60	60	0.00364384457734562	0.241983950271311
K13990	group	GERD	0.567114263840136	0.189111940143022	60	60	0.00398749808425673	0.241983950271311
K13993	group	GERD	0.499829632267973	0.153115530982042	60	60	0.00184262918119617	0.241983950271311
K15520	group	GERD	-1.0624182824824	0.354329069858249	60	60	0.00399240889204729	0.241983950271311
K15521	group	GERD	-1.09154549287637	0.356399373958868	60	60	0.00332320138136267	0.241983950271311
K15525	group	GERD	-1.09225643569421	0.359391507759449	60	60	0.0035547759307159	0.241983950271311
K15526	group	GERD	-1.06105749968116	0.354212748792522	60	60	0.00402487178257824	0.241983950271311
K15581	group	GERD	-0.214854357699874	0.0699115070685876	60	60	0.00322416300610332	0.241983950271311
K15582	group	GERD	-0.214965078865434	0.0695570565919546	60	60	0.00306783883984104	0.241983950271311
K15834	group	GERD	1.11526322386258	0.360963578563291	60	60	0.00307494600929528	0.241983950271311
K16052	group	GERD	0.913480940844117	0.304165031805825	60	60	0.00393789505759493	0.241983950271311
K17883	group	GERD	-1.06813487258532	0.355616673572987	60	60	0.00393374124470062	0.241983950271311
K18455	group	GERD	-1.06130989504171	0.354276222780759	60	60	0.00402286801293055	0.241983950271311
K19131	group	GERD	-1.33332983358101	0.407374626860974	60	60	0.00179609982356755	0.241983950271311
K19132	group	GERD	-1.33332983358101	0.407374626860974	60	60	0.00179609982356755	0.241983950271311
K19133	group	GERD	-1.35465531191643	0.410953292449415	60	60	0.00167490511619172	0.241983950271311
K01626	group	GERD	-0.282699496364164	0.0949018996636986	60	60	0.0042193192319252	0.249446152991418
K00794	group	GERD	0.0826005027890405	0.0278152235596763	60	60	0.00433084726023585	0.249451843944873
K07574	group	GERD	-0.190569695006427	0.0641999830147629	60	60	0.00434599795776758	0.249451843944873
K16650	group	GERD	-1.07224993352961	0.360986007676879	60	60	0.00432204434755462	0.249451843944873
K05801	group	GERD	0.428173679232876	0.144642793029659	60	60	0.0044470536523495	0.250434035371936
K12349	group	GERD	-1.21335797487363	0.409897139617096	60	60	0.00444783046584123	0.250434035371936
K03088	group	GERD	0.218667278637373	0.0741334136890999	60	60	0.00458116340149685	0.252372623339871
K03332	group	GERD	0.540915750916797	0.183702168865495	60	60	0.00464746882857184	0.252372623339871
K03442	group	GERD	-0.151672077665338	0.051559833544308	60	60	0.00468482314918971	0.252372623339871
K07768	group	GERD	-1.03027653724352	0.349281877139723	60	60	0.00458046827769859	0.252372623339871
K11744	group	GERD	1.12591128181186	0.38285312857134	60	60	0.0046957017197878604	0.252372623339871
K08191	group	GERD	0.666334251999267	0.227082685514287	60	60	0.00478225261163602	0.254708805765695
K00867	group	GERD	-0.411106682565026	0.140347113681421	60	60	0.00485113307964197	0.256070524703958
K02051	group	GERD	0.268678583954862	0.0918670273778315	60	60	0.0049134654892611	0.257065557278864
K00963	group	GERD	-0.148056600133925	0.0508151302921867	60	60	0.0050668599832079	0.262100845342211
K02456	group	GERD	0.539070489918447	0.185355892868036	60	60	0.00514270941469833	0.262100845342211
K04768	group	GERD	-0.897625858194937	0.308513736584951	60	59	0.0051253073249327	0.262100845342211
K04756	group	GERD	-1.02933022981039	0.355191394865962	60	60	0.0052927987512916	0.267444668526803
K07455	group	GERD	0.952883788460229	0.330750088981112	60	60	0.00554811184410251	0.275633926238101
K16264	group	GERD	-0.222182198404909	0.077065672578863	60	60	0.0055167567512581	0.275633926238101
K14540	group	GERD	-0.199667596042518	0.0694208846849876	60	60	0.00562214941954137	0.276984561402738
K00153	group	GERD	-1.01194782681775	0.352284362692724	60	60	0.00567931565629311	0.277302897364624
K13950	group	GERD	-1.00555962534727	0.35039418131482297	60	60	0.00572242108905346	0.277302897364624
K01685	group	GERD	0.519014029453687	0.181704320671791	60	60	0.00593844351967217	0.27913893122341
K03810	group	GERD	0.495737482995676	0.173498609423926	60	60	0.00592318649820633	0.27913893122341
K07005	group	GERD	0.303496579265901	0.106277071086452	60	60	0.00594917207952464	0.27913893122341
K07461	group	GERD	-0.207078951464911	0.0724397568705729	60	60	0.00590139392314164	0.27913893122341
K00931	group	GERD	-0.160303497593976	0.056466917532582	60	60	0.00623080699030335	0.280238699279786
K02495	group	GERD	0.0681726065518378	0.0240481674909332	60	60	0.00630055384668268	0.280238699279786
K02844	group	GERD	0.976192107572909	0.344382970415439	60	60	0.00630442270030642	0.280238699279786
K03532	group	GERD	1.09872722443682	0.386622783103766	60	60	0.00618025937352302	0.280238699279786
K05995	group	GERD	0.317312038333793	0.111334437485092	60	60	0.00604212766718519	0.280238699279786
K06168	group	GERD	0.0682048658435448	0.0240034612281733	60	60	0.0061870339608084	0.280238699279786
K19166	group	GERD	1.33641681540606	0.46950760815203	60	59	0.00610322792488174	0.280238699279786
K00147	group	GERD	-0.159780851585659	0.0565040003950215	60	60	0.00642360042002148	0.28156096663177
K03469	group	GERD	0.0657976562591658	0.0232710410697927	60	60	0.00642943617207274	0.28156096663177
K12524	group	GERD	0.381375267298222	0.135011882615292	60	60	0.00647704524051433	0.28156096663177
K01448	group	GERD	0.101549953463295	0.0360848004464077	60	60	0.00666660287961806	0.283630747626912
K01610	group	GERD	0.277496220196907	0.0984968658660686	60	60	0.00661025182809237	0.283630747626912
K05602	group	GERD	-0.971614978791017	0.3452674030998	60	60	0.00666858489853531	0.283630747626912
K09808	group	GERD	0.123725014932786	0.0440315045848612	60	60	0.00674500116770375	0.284831763596176
K00040	group	GERD	0.497582161337475	0.18014536171719	60	60	0.00767967355679634	0.285452133087889
K00104	group	GERD	0.535579850626729	0.199905473844459	60	60	0.00958845745459113	0.285452133087889
K00111	group	GERD	0.257314435335689	0.0963843842182717	60	60	0.00983267800843448	0.285452133087889
K00278	group	GERD	0.231098143856348	0.0864888808883594	60	60	0.00977226120607513	0.285452133087889
K00510	group	GERD	-1.00023524419356	0.37691027606316	60	60	0.0102541864571243	0.285452133087889
K00674	group	GERD	-0.262076444953098	0.0939836394544952	60	60	0.00714938653572242	0.285452133087889
K00767	group	GERD	0.194093408813294	0.0732768656846718	60	60	0.0103903678635248	0.285452133087889
K00812	group	GERD	0.298683405071609	0.111409267343523	60	60	0.00954302247150847	0.285452133087889
K00997	group	GERD	-0.145502366327465	0.0551684451587531	60	60	0.0107051015780428	0.285452133087889
K01023	group	GERD	1.03132121386493	0.386617226373068	60	60	0.00988792393036179	0.285452133087889
K01051	group	GERD	0.598398349158047	0.221137186671282	60	60	0.00892790198301485	0.285452133087889
K01439	group	GERD	-0.205812069868044	0.0748800994728478	60	60	0.00796568890934593	0.285452133087889
K01515	group	GERD	-0.16349117074321	0.0598148804858286	60	60	0.00829945132928754	0.285452133087889
K01613	group	GERD	0.12193989736785	0.045439123447326	60	60	0.00947661920449312	0.285452133087889
K01665	group	GERD	0.20935662446887	0.0780185840532387	60	60	0.00948085301334521	0.285452133087889
K01739	group	GERD	-0.273780788866717	0.103825652772554	60	60	0.0107189400449106	0.285452133087889
K01807	group	GERD	-0.310213012239398	0.116979841857312	60	60	0.0103063513194612	0.285452133087889
K01812	group	GERD	0.450554862821827	0.170258553137256	60	60	0.0104581437628784	0.285452133087889
K01813	group	GERD	0.748346905931776	0.268626270421582	60	60	0.0072020616227786	0.285452133087889
K01815	group	GERD	0.430235093362884	0.16128239579317	60	60	0.00988694175059731	0.285452133087889
K01858	group	GERD	0.532764987572137	0.197391668047966	60	60	0.00909556405031731	0.285452133087889
K01885	group	GERD	0.084292834989086	0.0304521279231673	60	60	0.00755759746173659	0.285452133087889
K01916	group	GERD	-0.203038237778979	0.0725486279518809	60	60	0.00695538213080229	0.285452133087889
K02221	group	GERD	-0.196617666305589	0.073993960411002	60	60	0.0101616652487279	0.285452133087889
K02401	group	GERD	0.53992620277415	0.204581923211035	60	60	0.0106560444710947	0.285452133087889
K02421	group	GERD	0.554294093899649	0.202838385639536	60	60	0.0083127707715087	0.285452133087889
K02477	group	GERD	0.400391264253746	0.146961326077066	60	60	0.00849802499746782	0.285452133087889
K02536	group	GERD	0.106032666177213	0.0392012930680505	60	60	0.00895602842154733	0.285452133087889
K02856	group	GERD	0.72807498309628	0.268769457405802	60	60	0.00885872793292992	0.285452133087889
K03205	group	GERD	-0.241788611105715	0.0875276895196137	60	60	0.00767325721267172	0.285452133087889
K03305	group	GERD	0.266094050031885	0.100168450261676	60	60	0.0101817009368257	0.285452133087889
K03311	group	GERD	-0.19369745540016	0.0719693057087711	60	60	0.00928224546576716	0.285452133087889
K03517	group	GERD	0.199794241826808	0.0744404001965499	60	60	0.00946754809041783	0.285452133087889
K03587	group	GERD	0.100914771773178	0.0364646557010418	60	60	0.0075693786615526	0.285452133087889
K03623	group	GERD	0.938717548556102	0.345096094354694	60	60	0.00859651229500036	0.285452133087889
K03654	group	GERD	0.124664108475131	0.046141040614752	60	60	0.00902843381881772	0.285452133087889
K03655	group	GERD	0.14880544322732	0.0538449495166921	60	60	0.00764910215626842	0.285452133087889
K03718	group	GERD	0.292049744542917	0.108361706266774	60	60	0.00919016579033232	0.285452133087889
K03771	group	GERD	0.172032388392124	0.0636003653890875	60	60	0.00895434485965604	0.285452133087889
K03773	group	GERD	0.243393428213586	0.091485851462106	60	60	0.0100752367268615	0.285452133087889
K03786	group	GERD	0.186052429903168	0.0674442375347375	60	60	0.00775265476464496	0.285452133087889
K03832	group	GERD	0.222456315043056	0.0827091099515048	60	60	0.00932594524310556	0.285452133087889
K03839	group	GERD	0.203787853595082	0.0743119202697557	60	60	0.00810022853925526	0.285452133087889
K04065	group	GERD	0.962050391092538	0.348128678102316	60	60	0.00765118318800295	0.285452133087889
K04079	group	GERD	0.258146572953733	0.0970857215633408	60	60	0.0101150430628105	0.285452133087889
K05349	group	GERD	0.479987335944372	0.177925242051272	60	60	0.00912792293475333	0.285452133087889
K06023	group	GERD	-0.265465935131508	0.0971573030950629	60	60	0.00832073979191971	0.285452133087889
K06079	group	GERD	1.06354211873346	0.38419726416125	60	60	0.00755402767813653	0.285452133087889
K06142	group	GERD	0.194719087626791	0.0737470210595387	60	60	0.0106225860801037	0.285452133087889
K06167	group	GERD	0.389527375464429	0.144674553344378	60	60	0.00925639103949978	0.285452133087889
K06860	group	GERD	-0.914237105835119	0.345545244334398	60	60	0.0104723754423286	0.285452133087889
K06861	group	GERD	0.113390165869628	0.0426449830276165	60	60	0.0101156243739805	0.285452133087889
K06877	group	GERD	-0.931645554117425	0.332356318245724	60	60	0.00687061596569571	0.285452133087889
K06934	group	GERD	0.87342608442442	0.314319884907629	60	60	0.00734107940593784	0.285452133087889
K06994	group	GERD	-0.860885251971527	0.317699086397551	60	60	0.00883911268711574	0.285452133087889
K07000	group	GERD	0.431564981772273	0.163573045390082	60	60	0.010678637803691	0.285452133087889
K07154	group	GERD	0.382368058015316	0.143725587018352	60	60	0.0100764424844352	0.285452133087889
K07654	group	GERD	-0.924570170256061	0.34296520964385	60	60	0.00917366347335915	0.285452133087889
K07670	group	GERD	-0.920461353355166	0.341620890816049	60	60	0.00920836960227626	0.285452133087889
K07693	group	GERD	-0.88138673651464	0.322220236600725	60	60	0.00825348397281507	0.285452133087889
K08167	group	GERD	-0.958377043379899	0.352768672570149	60	60	0.00867582350472279	0.285452133087889
K08218	group	GERD	0.208516309644066	0.078406155722593407	60	60	0.0101021585835379	0.285452133087889
K08981	group	GERD	-0.887585470805647	0.335675935282669	60	60	0.010516757893187	0.285452133087889
K09747	group	GERD	-0.129645211524736	0.0489588374513854	60	60	0.01041015885647	0.285452133087889
K09940	group	GERD	-0.93197782789680494	0.350280934779805	60	60	0.0100696703449169	0.285452133087889
K11720	group	GERD	0.116007173778689	0.0422598236978056	60	60	0.00804024984530364	0.285452133087889
K12503	group	GERD	-0.912562143526004	0.343393315534743	60	60	0.0101543930215668	0.285452133087889
K12942	group	GERD	0.425236144869424	0.159763296618374	60	60	0.0100429722617522	0.285452133087889
K12997	group	GERD	-0.533142923994517	0.200159317578339	60	60	0.00999192197866688	0.285452133087889
K13292	group	GERD	-0.141567865204789	0.0528073240915254	60	60	0.00954603137605771	0.285452133087889
K13671	group	GERD	-0.984486077339819	0.36288865377303	60	60	0.00876472518935549	0.285452133087889
K14059	group	GERD	0.828301610300653	0.310361825152531	60	60	0.00985464770467054	0.285452133087889
K14164	group	GERD	-0.576440550022708	0.208467351745917	60	9	0.0076172495366902	0.285452133087889
K14261	group	GERD	0.930770755287604	0.349608239584544	60	60	0.010025443288728	0.285452133087889
K14645	group	GERD	-1.01036425396442	0.373680378270079	60	60	0.00898009296341759	0.285452133087889
K15633	group	GERD	0.363665402876806	0.135889563944957	60	60	0.00966454509613805	0.285452133087889
K15876	group	GERD	0.417792618343084	0.151368931629617	60	60	0.00772167074236161	0.285452133087889
K16164	group	GERD	-0.990236065385214	0.374667211237473	60	60	0.0105499647453957	0.285452133087889
K16234	group	GERD	-1.05390770665054	0.377567221146235	60	60	0.00709561251740352	0.285452133087889
K16870	group	GERD	-0.971122178409089	0.360810642357079	60	60	0.00927950335344731	0.285452133087889
K17686	group	GERD	-0.121035529976433	0.0456212398784118	60	60	0.0102737550466096	0.285452133087889
K19710	group	GERD	-0.875391917983698	0.322988363600453	60	60	0.00882640524177604	0.285452133087889
K03569	group	GERD	0.0825082929392856	0.031339738935009	60	60	0.0108384098786296	0.28733936862089
K00003	group	GERD	-0.144054155935582	0.0548495969011544	60	60	0.0110205331425511	0.288488135697013
K00748	group	GERD	0.113484999251983	0.0434408747968871	60	60	0.0114299399304474	0.288488135697013
K00995	group	GERD	-0.238689585849331	0.0908761751436067	60	60	0.0110151083446363	0.288488135697013
K01002	group	GERD	0.689984118424338	0.263082879857338	60	60	0.0111266913459927	0.288488135697013
K01305	group	GERD	0.975297470236558	0.373487689054834	60	60	0.0114621250022929	0.288488135697013
K01686	group	GERD	0.470304972391447	0.179319105185865	60	60	0.0111255482398242	0.288488135697013
K02400	group	GERD	0.533194746720191	0.203380161754785	60	60	0.0111564845128004	0.288488135697013
K07277	group	GERD	0.109516644278191	0.0419413413740983	60	60	0.0114662624715785	0.288488135697013
K13378	group	GERD	0.414384707124407	0.158568613926171	60	60	0.0114036465633136	0.288488135697013
K15583	group	GERD	-0.173415811657703	0.0664135474299934	60	60	0.0114673057998644	0.288488135697013
K19115	group	GERD	1.02549709887197	0.391684551226165	60	60	0.0112589275934	0.288488135697013
K19116	group	GERD	1.02534712230688	0.391678146238106	60	60	0.0112689430763879	0.288488135697013
K03289	group	GERD	0.404852299144593	0.155216835596675	60	60	0.0115528955658981	0.288585657607547
K04517	group	GERD	-0.146299600535504	0.0561105314660322	60	60	0.0115817058725832	0.288585657607547
K06199	group	GERD	-0.0950297996482406	0.036463544903971	60	60	0.0116176228874486	0.288585657607547
K05601	group	GERD	0.29390165269295	0.112947817959663	60	60	0.0117411306645521	0.290433324221054
K08591	group	GERD	-0.145677615115693	0.0560267599298898	60	60	0.0118011423939303	0.290701474303817
K02405	group	GERD	0.520048368196333	0.200243104451916	60	60	0.0118954554203626	0.291808848320264
K01811	group	GERD	0.546656907591334	0.211079233570517	60	60	0.0121222864119522	0.293418877370573
K02388	group	GERD	0.519708508647163	0.200734572630363	60	60	0.012147029223923	0.293418877370573
K02412	group	GERD	0.519683105814426	0.20087634234732	60	60	0.0122087969598105	0.293418877370573
K02420	group	GERD	0.517663333293417	0.200217698787054	60	60	0.0122588739361522	0.293418877370573
K03270	group	GERD	0.116880609984556	0.0450941222171355	60	60	0.012056110124649	0.293418877370573
K08276	group	GERD	0.90589565053327	0.350336836011875	60	60	0.0122498947845596	0.293418877370573
K00432	group	GERD	0.364570680436714	0.14203494276797	60	60	0.0128681074632188	0.296044729135614
K00634	group	GERD	0.400370093217518	0.156229053128865	60	60	0.0130035496006564	0.296044729135614
K00757	group	GERD	0.206314451578187	0.0806161895042481	60	60	0.0131212634858275	0.296044729135614
K01159	group	GERD	0.067366179720149	0.0261709819585632	60	60	0.0126271442219141	0.296044729135614
K01808	group	GERD	0.232238332873542	0.0900038667480842	60	60	0.0124248795289363	0.296044729135614
K02419	group	GERD	0.517023840994238	0.200491192569112	60	60	0.0124742076605239	0.296044729135614
K03086	group	GERD	0.158471148730263	0.0615420429827825	60	60	0.0125968842219404	0.296044729135614
K03407	group	GERD	0.567189457776728	0.220541301298453	60	60	0.0127016143823749	0.296044729135614
K03621	group	GERD	-0.172650565490523	0.0672089253375724	60	60	0.0127986043477563	0.296044729135614
K03722	group	GERD	-0.245884356091125	0.0961316833269944	60	60	0.0131697841276499	0.296044729135614
K07258	group	GERD	-0.123666447120835	0.0482621713628513	60	60	0.0130144046595937	0.296044729135614
K08303	group	GERD	0.101312127857757	0.0395919197323599	60	60	0.0131317348468291	0.296044729135614
K09009	group	GERD	-0.852563494904614	0.333081461114792	60	60	0.0131075346704568	0.296044729135614
K09790	group	GERD	-0.280162600862998	0.109139268061902	60	60	0.0128597434961598	0.296044729135614
K11263	group	GERD	-0.788130106296732	0.307111606630067	60	60	0.0128847847577372	0.296044729135614
K13527	group	GERD	-0.854393578661959	0.333122814112966	60	60	0.012933640226351	0.296044729135614
K00355	group	GERD	-0.366402977213772	0.143446282694538	60	60	0.0132890769249502	0.297594783258733
K13571	group	GERD	-0.851205702830364	0.333682694715998	60	60	0.013403955522894	0.299034660571129
K01006	group	GERD	0.279308545603569	0.109589069498178	60	60	0.0134818964544642	0.299642751273655
K07442	group	GERD	-0.85398851468503	0.335301662187818	60	60	0.0135431829142459	0.299877518310944
K09607	group	GERD	0.596499225430741	0.234500673136538	60	60	0.0136559472200114	0.301246119271296
K00046	group	GERD	0.399800218441916	0.158716913387149	60	60	0.0145495328278401	0.302082874979711
K00290	group	GERD	0.313199708425131	0.124355878727259	60	60	0.0145634991158343	0.302082874979711
K00508	group	GERD	-0.866910140622711	0.3421704458218	60	60	0.0140157837801615	0.302082874979711
K01696	group	GERD	-0.141521151990624	0.0559127885028137	60	60	0.0141042846239133	0.302082874979711
K01914	group	GERD	0.180574849615115	0.0711952604813857	60	60	0.0139166086771908	0.302082874979711
K02066	group	GERD	0.114054302891238	0.045223029299543	60	60	0.0144351880054382	0.302082874979711
K02303	group	GERD	-0.53274253908018	0.21087136289688	60	60	0.01427567370607	0.302082874979711
K03296	group	GERD	0.311339355439667	0.123701754359175	60	60	0.0146276209344833	0.302082874979711
K03727	group	GERD	-0.858847934463101	0.338416947490545	60	60	0.0138629178405922	0.302082874979711
K03749	group	GERD	0.723155023408038	0.284820796156894	60	60	0.0138223280902935	0.302082874979711
K05524	group	GERD	-0.564510444957565	0.223810571804108	60	60	0.0144267580373273	0.302082874979711
K07503	group	GERD	-0.861432864238156	0.33923604357224	60	60	0.0138099461397219	0.302082874979711
K08234	group	GERD	-0.361049862814615	0.143077741256689	60	60	0.0143831856745574	0.302082874979711
K08316	group	GERD	-0.33059908105239	0.131368311940519	60	60	0.0146378224911595	0.302082874979711
K13747	group	GERD	0.312233291422538	0.124105870884108	60	60	0.0146647133151517	0.302082874979711
K15371	group	GERD	-0.80588660878668394	0.318273334729978	60	60	0.0140698998401706	0.302082874979711
K15898	group	GERD	1.14245379911456	0.451954848058703	60	60	0.0142239462954507	0.302082874979711
K17103	group	GERD	0.130540941879726	0.0517920825572495	60	60	0.0144928245186702	0.302082874979711
K19286	group	GERD	0.413588826568626	0.16313367868808001	60	60	0.0139543719869744	0.302082874979711
K00874	group	GERD	0.383218404294678	0.152511571568513	60	60	0.0147828387409764	0.302611786812806
K00912	group	GERD	0.110504630660903	0.0440064882028835	60	60	0.0148439475939976	0.302611786812806
K16211	group	GERD	0.418595492992734	0.166618240074396	60	60	0.0147984490959517	0.302611786812806
K07114	group	GERD	0.273722332814397	0.109143254878293	60	60	0.0149647156555481	0.304025425964263
K18831	group	GERD	0.642188359319832	0.25677006017558	60	60	0.0152294938370668	0.308345094399791
K06001	group	GERD	0.374757816590661	0.15009906569375	60	60	0.0153963593079383	0.310659645831165
K03577	group	GERD	-0.372884831110826	0.149624927390121	60	60	0.0155774167912306	0.313218186943334
K07318	group	GERD	0.511476209090881	0.205344185763348	60	60	0.0156291213038369	0.313218186943334
K09778	group	GERD	0.451615252859899	0.181706439708193	60	60	0.0158449773296586	0.31647130396264
K00929	group	GERD	0.389696087249268	0.157109857030383	60	60	0.0160470229174493	0.317874062273534
K01937	group	GERD	0.076399471343768	0.0307811623242295	60	60	0.0159815807954746	0.317874062273534
K02796	group	GERD	-0.335565312409905	0.135326102498051	60	60	0.0160765129600451	0.317874062273534
K00633	group	GERD	0.613417705330505	0.248081747573808	60	60	0.0163648654512628	0.319670048161557
K00886	group	GERD	-0.834280146360735	0.339317006554331	60	60	0.0169499592055705	0.319670048161557
K01468	group	GERD	0.28510634461001	0.115819312222602	60	60	0.0168248602611963	0.319670048161557
K01745	group	GERD	0.277309455771208	0.112637439700549	60	60	0.0168114171299629	0.319670048161557
K01804	group	GERD	0.561688945006709	0.228357624667206	60	60	0.0169079734520825	0.319670048161557
K03292	group	GERD	0.295564659670827	0.120009444024694	60	60	0.0167742137737178	0.319670048161557
K03385	group	GERD	0.310331268232322	0.126188441966577	60	60	0.0169259088743312	0.319670048161557
K03413	group	GERD	0.378354354255927	0.152942227586434	60	60	0.0163155649257196	0.319670048161557
K03585	group	GERD	0.260540571610572	0.105641944415219	60	60	0.0166304826630973	0.319670048161557
K03612	group	GERD	0.219231634312775	0.088618900460449	60	60	0.0163142649662888	0.319670048161557
K07037	group	GERD	0.253715827639879	0.102949323222676	60	60	0.0167055685248307	0.319670048161557
K10006	group	GERD	-0.83744110225217006	0.340870357356854	60	60	0.0170324873428435	0.319670048161557
K10007	group	GERD	-0.839248668883635	0.341018051182309	60	60	0.0168519125689967	0.319670048161557
K10008	group	GERD	-0.838938108049287	0.341029052336301	60	60	0.0168939570533367	0.319670048161557
K15894	group	GERD	0.881723167176875	0.358821718741599	60	60	0.0170110573395846	0.319670048161557
K17217	group	GERD	-2.10328714511176	0.853476130396506	60	18	0.0167095996229416	0.319670048161557
K00232	group	GERD	-0.880943502234299	0.359169927565825	60	58	0.0172068427571583	0.321301730677362
K04095	group	GERD	0.277345561293485	0.113341618653655	60	60	0.0174562443113926	0.321301730677362
K07443	group	GERD	0.576013177028294	0.235492579485275	60	60	0.017499857455702	0.321301730677362
K12251	group	GERD	0.310851656298392	0.126837819418976	60	60	0.0172908857845986	0.321301730677362
K13038	group	GERD	0.0629527389143027	0.0257268284348112	60	60	0.0174570904257405	0.321301730677362
K15913	group	GERD	1.09127276637981	0.445036943921952	60	60	0.0172339144140037	0.321301730677362
K19114	group	GERD	0.976629058887244	0.398802638303159	60	60	0.0173725582473409	0.321301730677362
K02361	group	GERD	0.334099619707923	0.136864759869636	60	60	0.0177160754467222	0.324264514058891
K00112	group	GERD	0.39573686778764	0.162995829670443	60	60	0.0183104453903833	0.325147101822793
K00113	group	GERD	0.395786349503669	0.162983976727074	60	60	0.0182885100739668	0.325147101822793
K00325	group	GERD	-0.400418490777412	0.164537037410248	60	60	0.0180510592672388	0.325147101822793
K01712	group	GERD	0.281974275111672	0.115694203328046	60	60	0.0178878903870534	0.325147101822793
K02794	group	GERD	-0.331708252696399	0.136430289291369	60	60	0.0181536758599835	0.325147101822793
K03465	group	GERD	0.526783952215398	0.216978897108039	60	60	0.0183142734957696	0.325147101822793
K05366	group	GERD	0.0998091319697642	0.0409891298283981	60	60	0.0179876399522005	0.325147101822793
K07288	group	GERD	1.09219316329449	0.448743244536105	60	59	0.0180381466745319	0.325147101822793
K09975	group	GERD	0.606356877249558	0.249208282762017	60	60	0.0180724648606654	0.325147101822793
K15895	group	GERD	1.0993227737814	0.452362773567886	60	59	0.0182063205890063	0.325147101822793
K02795	group	GERD	-0.33174183045788	0.136788142555711	60	60	0.0184329450262521	0.325300211925977
K07387	group	GERD	0.584613107870214	0.240974060117335	60	60	0.0183953633867508	0.325300211925977
K00798	group	GERD	0.277163582280444	0.114383085507348	60	60	0.0185300456127066	0.326040564471195
K15896	group	GERD	1.09356852146139	0.451826115373507	60	59	0.0186591758755275	0.327338420700648
K01884	group	GERD	0.57077859822401	0.2362397576107	60	59	0.0188568317942114	0.328982811074589
K03527	group	GERD	0.0684228840553623	0.0283214129203054	60	60	0.018864203815001	0.328982811074589
K07776	group	GERD	-0.693157399835434	0.287310062573028	60	60	0.0190228023124536	0.329802953874561
K09860	group	GERD	1.09995829728609	0.455730387643495	60	60	0.0189736586734694	0.329802953874561
K03760	group	GERD	0.721938371842686	0.299642494366911	60	60	0.0191767875250719	0.331500490784284
K03813	group	GERD	0.859087836257371	0.357115890051861	60	60	0.0193540282486218	0.333246619589627
K17248	group	GERD	1.10880271275068	0.461065878647556	60	60	0.0193905340221299	0.333246619589627
K00879	group	GERD	0.39525342464723	0.166572617842076	60	60	0.0209867241407893	0.336663882645482
K01212	group	GERD	0.632238891755358	0.264670681083098	60	60	0.0201789000929443	0.336663882645482
K01662	group	GERD	0.0961207671649379	0.0402694781353616	60	60	0.0202707051608644	0.336663882645482
K02386	group	GERD	0.624295522631516	0.262934860922632	60	60	0.0209106237335746	0.336663882645482
K02417	group	GERD	0.532829286304973	0.224272492483846	60	60	0.0208347207242786	0.336663882645482
K02434	group	GERD	-0.130041843915908	0.0542696192081857	60	60	0.019810802038784	0.336663882645482
K02435	group	GERD	-0.130186889649516	0.0543400460368415	60	60	0.0198322175362435	0.336663882645482
K02482	group	GERD	0.982994387801029	0.414439205018431	60	60	0.021038080810024	0.336663882645482
K02779	group	GERD	-0.343086610399799	0.143790492506626	60	60	0.0203168744062248	0.336663882645482
K03500	group	GERD	-0.220288032477929	0.0929449378335177	60	60	0.0211301163848336	0.336663882645482
K03646	group	GERD	0.334022929030111	0.14067190304539	60	60	0.0209030625413525	0.336663882645482
K05922	group	GERD	1.0698397785951	0.45158853149538303	60	59	0.0211838572977198	0.336663882645482
K05927	group	GERD	1.0698397785951	0.45158853149538303	60	59	0.0211838572977198	0.336663882645482
K06917	group	GERD	0.429330256131846	0.180337812552745	60	60	0.0205852293482305	0.336663882645482
K08077	group	GERD	1.07336227054964	0.451429528713231	60	59	0.0207382339732014	0.336663882645482
K08315	group	GERD	0.851082632532971	0.359032338242089	60	60	0.0211094218365385	0.336663882645482
K09944	group	GERD	1.07149853909208	0.450487765179585	60	59	0.0206956768459972	0.336663882645482
K09956	group	GERD	-0.810662112180833	0.340296887365051	60	60	0.020508192582258	0.336663882645482
K10005	group	GERD	-0.818285428590309	0.341583721729052	60	60	0.0198429451186353	0.336663882645482
K11601	group	GERD	-0.840736060390882	0.353365203780993	60	60	0.0206601325650819	0.336663882645482
K13819	group	GERD	1.10097376083376	0.459066747426864	60	60	0.0197095547334492	0.336663882645482
K15910	group	GERD	1.07582230201825	0.450679887797683	60	59	0.0202621371756966	0.336663882645482
K15912	group	GERD	1.07618662069019	0.450684269083906	60	59	0.0202228721041086	0.336663882645482
K15914	group	GERD	1.07582230201825	0.450679887797683	60	59	0.0202621371756966	0.336663882645482
K16089	group	GERD	0.29950882396702	0.125395548806011	60	60	0.0201920339804175	0.336663882645482
K18216	group	GERD	-0.623764235236883	0.261898518848257	60	60	0.0205344235898964	0.336663882645482
K18217	group	GERD	-0.623764235236883	0.261898518848257	60	60	0.0205344235898964	0.336663882645482
K18284	group	GERD	1.07336227054964	0.451429528713231	60	59	0.0207382339732014	0.336663882645482
K15897	group	GERD	1.07804921939473	0.455504766382884	60	59	0.021306331136358	0.337702492434715
K01284	group	GERD	0.304849900162344	0.128918945370041	60	60	0.0214138993762325	0.338281790154834
K09804	group	GERD	1.06282253722047	0.449617254658522	60	59	0.0214573192334341	0.338281790154834
K00549	group	GERD	-0.204588902804348	0.0866511883186258	60	60	0.0216039927103218	0.338501136351173
K00847	group	GERD	0.215860445242092	0.0914953548265475	60	60	0.0217002589101987	0.338501136351173
K02390	group	GERD	0.531431612642321	0.225114110999719	60	60	0.0216221194251085	0.338501136351173
K11175	group	GERD	-0.0892994944910244	0.0378446960736324	60	60	0.0216800419822226	0.338501136351173
K17938	group	GERD	0.754631827507493	0.320030446932522	60	60	0.0217668823365571	0.338646864141383
K18828	group	GERD	0.654668037553513	0.278190838170587	60	60	0.0220186874443423	0.341665302285962
K05299	group	GERD	0.792125726343635	0.33732367987059	60	60	0.0222918855606199	0.343202154777044
K07100	group	GERD	1.05889166082565	0.450682325615522	60	60	0.0222230779455503	0.343202154777044
K11603	group	GERD	-0.822896283683735	0.350390445950693	60	60	0.0222784612987662	0.343202154777044
K02433	group	GERD	-0.129134511180472	0.0550197661672515	60	60	0.0223578904114308	0.343324280811374
K07722	group	GERD	0.776295987414951	0.331422291887788	60	60	0.0226182884638926	0.346423112431433
K00058	group	GERD	0.17612140507073001	0.0753901184022052	60	60	0.0229620223269684	0.34887388285186
K00517	group	GERD	-0.822709313008369	0.351871765116728	60	60	0.0228525394501739	0.34887388285186
K07091	group	GERD	0.123767763975082	0.0530009293376769	60	60	0.0230143461285902	0.34887388285186
K12962	group	GERD	0.522672958436102	0.22372483316888	60	60	0.0229565667953326	0.34887388285186
K02217	group	GERD	0.15901304148994	0.0681698352995776	60	60	0.0231604956596846	0.350191433094771
K07778	group	GERD	-0.569216916047475	0.244152645245542	60	60	0.023228462160767	0.35032313340422
K01187	group	GERD	0.310494315455915	0.133514816028031	60	60	0.023561690317107	0.350531808185166
K03146	group	GERD	0.62935246680929	0.270418339177673	60	60	0.0234595456682373	0.350531808185166
K08679	group	GERD	0.543971244456532	0.233861782822325	60	60	0.0235333382720319	0.350531808185166
K09974	group	GERD	0.571841408395482	0.24589201180795	60	60	0.02355954733424	0.350531808185166
K11942	group	GERD	0.637103581766585	0.274184113841093	60	60	0.0236711745549184	0.350531808185166
K12049	group	GERD	1.0265113495977	0.442311108351206	60	57	0.0238352142913458	0.350531808185166
K12050	group	GERD	1.0265113495977	0.442311108351206	60	57	0.0238352142913458	0.350531808185166
K12053	group	GERD	1.0265113495977	0.442311108351206	60	57	0.0238352142913458	0.350531808185166
K18351	group	GERD	-1.32438501439537	0.569131219191607	60	32	0.0234766541592228	0.350531808185166
K18992	group	GERD	1.09054272078639	0.469852186342821	60	59	0.0238211421561345	0.350531808185166
K03823	group	GERD	-0.15404684275424	0.0664411456813041	60	60	0.0239653953108706	0.351571754535651
K01755	group	GERD	-0.138736539408877	0.0599645613526572	60	60	0.0242520113718072	0.354019484518825
K07812	group	GERD	0.972816478001292	0.420304768700866	60	60	0.0241987113389229	0.354019484518825
K00971	group	GERD	0.289707763983683	0.12538492964679	60	60	0.0244344937394109	0.355099199113339
K01711	group	GERD	0.280099604902734	0.121236835834412	60	60	0.0244461052163614	0.355099199113339
K02397	group	GERD	0.529949544404947	0.229497622984801	60	60	0.0245159284729471	0.355240610617801
K07227	group	GERD	0.915953060980546	0.396915167444555	60	60	0.0246046220541461	0.35565409678267
K02389	group	GERD	0.535924495137917	0.232443749479199	60	60	0.0247281141703489	0.356567343841713
K07166	group	GERD	-0.154139725300998	0.0671144036008303	60	60	0.0252676211762157	0.362578098043173
K11785	group	GERD	1.01882949123395	0.443559355204121	60	60	0.0252512153167763	0.362578098043173
K01879	group	GERD	-0.165605568717416	0.0722122463105565	60	60	0.0254727732349975	0.363711091527023
K03734	group	GERD	0.133974804065552	0.0584438723457848	60	60	0.0255311405588151	0.363711091527023
K15899	group	GERD	0.990539047924668	0.431859458622681	60	60	0.0254516848373562	0.363711091527023
K01270	group	GERD	0.193063743100759	0.0842748734492189	60	60	0.0256226543197177	0.364137337351372
K13787	group	GERD	-0.742785170167032	0.324532525414005	60	60	0.0257522958029076	0.365102093013885
K02426	group	GERD	0.190036274842919	0.0831270243432936	60	60	0.0259194922729014	0.365718468537932
K17249	group	GERD	1.04531006220734	0.457101456147727	60	59	0.0258741568570483	0.365718468537932
K03432	group	GERD	-0.798432911600433	0.349606782139367	60	58	0.0260627303505502	0.365992545920316
K03433	group	GERD	-0.798789134227007	0.349668590792398	60	58	0.0260242292638601	0.365992545920316
K01878	group	GERD	-0.165694845958214	0.0726423699484661	60	60	0.0262408963905557	0.367621278343519
K00266	group	GERD	0.285345602431397	0.125169423155613	60	60	0.0263224276496761	0.367891707481997
K08307	group	GERD	0.152551806605851	0.066982789703101	60	60	0.0264616073326015	0.368096523647859
K08372	group	GERD	-0.746808753443973	0.327869857172182	60	60	0.0264437047347771	0.368096523647859
K03408	group	GERD	0.486740464546087	0.214106146026951	60	60	0.0267241434411153	0.370376312730141
K17251	group	GERD	1.04385911418814	0.459254087104279	60	59	0.0267507925466458	0.370376312730141
K00383	group	GERD	-0.317211767582529	0.139669228484862	60	60	0.0268651323880116	0.370409489073782
K01961	group	GERD	-0.185961439625658	0.0819670430248033	60	60	0.0270218987287172	0.370409489073782
K02392	group	GERD	0.486394937536224	0.214270312733646	60	60	0.0269397438795865	0.370409489073782
K02408	group	GERD	0.4704717140268	0.207434835143357	60	60	0.0270664579296133	0.370409489073782
K03526	group	GERD	0.0633080828418924	0.0278982669077984	60	60	0.0269886980245752	0.370409489073782
K08688	group	GERD	-0.811653683571185	0.358066979271589	60	58	0.0271495358849166	0.370688351389439
K00820	group	GERD	0.0606540155336769	0.026848714007798	60	60	0.0276512129144152	0.37124696486321
K00919	group	GERD	0.0588564732226288	0.0260352216632999	60	60	0.0275494032341518	0.37124696486321
K02416	group	GERD	0.466851678517649	0.206257709426792	60	60	0.0273663354874729	0.37124696486321
K02422	group	GERD	0.463754177067282	0.205339667775622	60	60	0.0276928131773808	0.37124696486321
K02619	group	GERD	0.177998321292522	0.0786825211515614	60	60	0.0274451924154521	0.37124696486321
K07164	group	GERD	0.2851302528393	0.126206362444545	60	60	0.0276422931254365	0.37124696486321
K07240	group	GERD	0.238534826808628	0.105360855726482	60	60	0.0273309765473241	0.37124696486321
K16053	group	GERD	0.4257063165672	0.188187356389097	60	60	0.0274513366567404	0.37124696486321
K02393	group	GERD	0.583915104338215	0.259707776489475	60	60	0.0283688467623255	0.374100062157508
K02394	group	GERD	0.584604868932004	0.259818825104004	60	60	0.0282546790561622	0.374100062157508
K03415	group	GERD	0.556908474004848	0.247479052681701	60	60	0.0282360104838722	0.374100062157508
K03606	group	GERD	0.420967000941996	0.187342022332362	60	60	0.0284569997364364	0.374100062157508
K03748	group	GERD	0.353397657788515	0.156982307747449	60	60	0.0281776650722872	0.374100062157508
K09457	group	GERD	0.135794322390627	0.0603729532501504	60	60	0.0283079155478407	0.374100062157508
K09680	group	GERD	0.444140857877896	0.19767859610684	60	60	0.0284751400492014	0.374100062157508
K13626	group	GERD	0.512037386173407	0.227395390577311	60	60	0.0281404347559304	0.374100062157508
K16163	group	GERD	-0.858965091129738	0.381149834149564	60	57	0.0280155744247152	0.374100062157508
K01895	group	GERD	0.357427164130045	0.159253725431999	60	60	0.0286377771873016	0.374571988343644
K08352	group	GERD	1.00456514671692	0.447578388737199	60	60	0.0286338916731633	0.374571988343644
K02065	group	GERD	0.101887113141956	0.0454617171229581	60	60	0.0288581192389364	0.375791191499102
K06331	group	GERD	0.461282399918958	0.205798407176457	60	60	0.0288399214170631	0.375791191499102
K01940	group	GERD	-0.133338658027247	0.0595344468638196	60	60	0.0289592968357957	0.376279918446647
K02387	group	GERD	0.463652639604005	0.207201662788629	60	60	0.0290972055999267	0.377148096873098
K03695	group	GERD	0.0715585594322939	0.031997247994056	60	60	0.0291864386766943	0.377148096873098
K15580	group	GERD	-0.180060848067434	0.0805299445775818	60	60	0.0292174946495059	0.377148096873098
K01744	group	GERD	0.0982255327820586	0.0439993486424656	60	60	0.0294621675083006	0.378399569621337
K02396	group	GERD	0.464739235024629	0.208185156451928	60	60	0.0294688317488393	0.378399569621337
K09118	group	GERD	-0.618322643360451	0.277051410165645	60	60	0.0295064617042348	0.378399569621337
K02409	group	GERD	0.484658772686169	0.217712422896506	60	60	0.0299041711892159	0.38184332628649
K08999	group	GERD	0.391477138648546	0.175830395816441	60	60	0.0298825713282646	0.38184332628649
K01579	group	GERD	0.140937667806915	0.0633829217324515	60	60	0.0300851380490747	0.382501798163719
K06882	group	GERD	1.02443182975753	0.460667412162893	60	59	0.0300703040291724	0.382501798163719
K07263	group	GERD	0.155561741390984	0.0700712425407392	60	60	0.0303377806414542	0.384886178438364
K01198	group	GERD	0.70454318974138	0.317952239244064	60	60	0.030638097087717	0.386147701969238
K01960	group	GERD	0.283028887211942	0.127922975610909	60	60	0.0308834281053258	0.386147701969238
K02067	group	GERD	0.100639760597815	0.0454666958994396	60	60	0.0308115629023914	0.386147701969238
K02454	group	GERD	0.328680620885617	0.148309152727615	60	60	0.0306158274785174	0.386147701969238
K03529	group	GERD	-0.155444327540315	0.0701075372013792	60	60	0.0305407008342441	0.386147701969238
K03787	group	GERD	0.100978068465314	0.0456430350732871	60	60	0.0308944287942235	0.386147701969238
K08982	group	GERD	-0.84121687316321	0.379807191035619	60	57	0.0307122508233577	0.386147701969238
K01709	group	GERD	0.388532233864522	0.175923613500629	60	60	0.0311732881840138	0.386365785626603
K02455	group	GERD	0.503043921373634	0.227748889486215	60	60	0.0311558582517784	0.386365785626603
K03737	group	GERD	0.240917840441106	0.108970750427748	60	60	0.0310034136474574	0.386365785626603
K07095	group	GERD	0.274772839471022	0.124338133605473	60	60	0.0310739382770077	0.386365785626603
K00239	group	GERD	0.136175502854745	0.0618503042800559	60	60	0.0316782481855468	0.390790432387597
K00613	group	GERD	-1.1257479299286	0.511466694552575	60	29	0.0317285872033232	0.390790432387597
K06920	group	GERD	0.103460391041509	0.0469724255374684	60	60	0.0316126527682766	0.390790432387597
K01262	group	GERD	0.082880448231383	0.0376759940755722	60	60	0.0318179729852142	0.391076624300595
K01963	group	GERD	-0.177369662401928	0.0806899416187578	60	60	0.0319420504007497	0.391787141015005
K00012	group	GERD	0.242741191130627	0.110752630660156	60	60	0.0324266370677764	0.391819776080087
K00854	group	GERD	0.39842433965790103	0.181527097844659	60	60	0.0321914570362458	0.391819776080087
K01081	group	GERD	0.344413798242204	0.157155860566818	60	60	0.0324417702637888	0.391819776080087
K01154	group	GERD	0.150029975170596	0.0683816727648433	60	60	0.0322548548577366	0.391819776080087
K01759	group	GERD	-0.138187578250726	0.0630348948790277	60	60	0.0323888721074963	0.391819776080087
K05367	group	GERD	0.377362599251739	0.172096953527283	60	60	0.0323514609409043	0.391819776080087
K11784	group	GERD	0.690953464026985	0.315117822671759	60	60	0.0323552278273884	0.391819776080087
K15635	group	GERD	0.378420515566909	0.172707463251316	60	60	0.03247491378201	0.391819776080087
K02411	group	GERD	0.46891566263061	0.214243977814005	60	60	0.0326584987682922	0.391975727805538
K03487	group	GERD	0.442192959780169	0.202625096648628	60	60	0.033149312740272	0.391975727805538
K03770	group	GERD	0.120481845016521	0.0551905762325443	60	60	0.0330955977279472	0.391975727805538
K07273	group	GERD	0.377457092237389	0.172962903760397	60	60	0.0331508565464765	0.391975727805538
K11782	group	GERD	0.688161055730983	0.315015403048582	60	60	0.0329784800639984	0.391975727805538
K11939	group	GERD	-0.781830731257916	0.358244350743902	60	60	0.0331435538931763	0.391975727805538
K16293	group	GERD	1.01393675728447	0.464211074967085	60	59	0.0330028927863849	0.391975727805538
K16294	group	GERD	1.01393675728447	0.464211074967085	60	59	0.0330028927863849	0.391975727805538
K17250	group	GERD	1.04489807744728	0.477306516343694	60	59	0.0326236652981906	0.391975727805538
K19157	group	GERD	0.297460856917103	0.136234284264117	60	60	0.0330618922429244	0.391975727805538
K00446	group	GERD	-0.872171026048477	0.399926105094469	60	17	0.033264918903938	0.392539322475212
K01666	group	GERD	0.514235635703806	0.236040928340125	60	60	0.0334396319282885	0.393814948127573
K02377	group	GERD	0.27788572649045	0.127669719839777	60	60	0.0335951207597767	0.394076099071031
K06911	group	GERD	-0.375041452334016	0.172283347977921	60	60	0.0335724899062576	0.394076099071031
K00330	group	GERD	0.232502091786834	0.107517135203726	60	60	0.0347188120996242	0.396574174636148
K00331	group	GERD	0.23255115584287	0.107523358303879	60	60	0.0346921104602487	0.396574174636148
K00337	group	GERD	0.232445623066817	0.107508510702821	60	60	0.0347471959508668	0.396574174636148
K00338	group	GERD	0.232663428336212	0.107515442860533	60	60	0.0345952234146765	0.396574174636148
K00339	group	GERD	0.232881889164736	0.107536632873518	60	60	0.0344663730885426	0.396574174636148
K00340	group	GERD	0.232898514473549	0.107536581454101	60	60	0.0344539015416787	0.396574174636148
K00341	group	GERD	0.233060089036402	0.107527433831985	60	60	0.0343189813337308	0.396574174636148
K00342	group	GERD	0.232869354324199	0.10751009591769	60	60	0.0344328908261763	0.396574174636148
K00343	group	GERD	0.232899907661343	0.107534633339367	60	60	0.0344497202431116	0.396574174636148
K00974	group	GERD	-0.160768594317313	0.0740315488429092	60	60	0.033987043985522	0.396574174636148
K01505	group	GERD	0.664381917897559	0.307217905141732	60	60	0.0347099369593588	0.396574174636148
K02160	group	GERD	-0.166686060364775	0.0769232742145684	60	60	0.0343616792486342	0.396574174636148
K02453	group	GERD	0.344548309469491	0.158955811995874	60	60	0.0343089864531187	0.396574174636148
K03799	group	GERD	-0.13409360155165	0.0617528936345216	60	60	0.034000361081778	0.396574174636148
K01512	group	GERD	-0.246774890322743	0.114470314809587	60	60	0.0352602570842463	0.398888500915783
K01950	group	GERD	0.272169520890868	0.126365923886885	60	60	0.0354222704635971	0.398888500915783
K03549	group	GERD	0.522462748465231	0.242391713058966	60	60	0.0352888884898612	0.398888500915783
K07085	group	GERD	0.185498890043541	0.0859585742852953	60	60	0.0350803625163076	0.398888500915783
K07487	group	GERD	1.52942840228264	0.710009050855425	60	22	0.0353995774327501	0.398888500915783
K09955	group	GERD	0.503158758775723	0.233610001011422	60	60	0.0354206038157788	0.398888500915783
K09967	group	GERD	-0.838979506792013	0.389039583170592	60	59	0.0351996296464128	0.398888500915783
K06857	group	GERD	0.911316319581302	0.423474993743551	60	60	0.0355723548016064	0.399817037237827
K05970	group	GERD	0.336272771726492	0.156539501278673	60	60	0.0358891473089583	0.401849694868488
K18955	group	GERD	-0.735815413422557	0.342485710189685	60	60	0.0358650569816405	0.401849694868488
K04061	group	GERD	0.508382839611647	0.236809899672082	60	60	0.0360029261402396	0.40236162446332
K00099	group	GERD	0.0599459083996784	0.0279842788255697	60	60	0.0363935483934003	0.405959732267514
K01278	group	GERD	0.271996646769065	0.127115495037803	60	60	0.0365930729412715	0.407416661447829
K16363	group	GERD	0.263575523361294	0.12323859246866	60	60	0.0366791564144433	0.407607467522912
K09157	group	GERD	-0.145549360000361	0.0681014018364555	60	60	0.0368060450276407	0.408250165484825
K17892	group	GERD	0.556634685685007	0.260545502672405	60	10	0.0368760886389125	0.408261116167136
K07003	group	GERD	0.378605381798201	0.177433404678713	60	60	0.0371004428413642	0.409977230052608
K01989	group	GERD	-0.182184068930643	0.0854395040083977	60	60	0.0372264619155535	0.410602318740209
K02407	group	GERD	0.487472726086042	0.228782357515385	60	60	0.0373629652710333	0.411340504063964
K04069	group	GERD	0.174619170957116	0.08198800525232	60	60	0.0374415867784144	0.411439890397743
K00610	group	GERD	0.131122614268931	0.0616075443626674	60	60	0.0375676102719091	0.412058834744947
K01728	group	GERD	0.915911774778073	0.431032533748918	60	60	0.0378648996003532	0.414550530439422
K03709	group	GERD	-0.339200244252831	0.15975953506804	60	60	0.0380159108314	0.415434500619661
K08223	group	GERD	0.504433664868834	0.237977965709505	60	60	0.0383249781549014	0.416650763595086
K11602	group	GERD	-0.586423320285917	0.276512717766662	60	60	0.0382268591599068	0.416650763595086
K11934	group	GERD	0.462892016238869	0.218395755284807	60	60	0.038338635892376	0.416650763595086
K03111	group	GERD	-0.0667155196816916	0.0314946103944499	60	60	0.0384438514982694	0.417027614784897
K07457	group	GERD	0.614508816727615	0.290263729088813	60	60	0.0385537495868274	0.417453786735025
K00324	group	GERD	-0.325726762920086	0.154340887284588	60	60	0.0391440039853964	0.41792488009349
K00831	group	GERD	0.102457220110423	0.0484491537071533	60	60	0.0387605082223676	0.41792488009349
K01750	group	GERD	-0.457084531124936	0.216604369437826	60	60	0.0391627847719543	0.41792488009349
K01966	group	GERD	-0.500462102203726	0.236892298664159	60	60	0.0389494078672336	0.41792488009349
K03406	group	GERD	0.494221431240427	0.234183918940078	60	60	0.0391474627976245	0.41792488009349
K03973	group	GERD	0.430638849719092	0.203746431219125	60	60	0.038861429839718	0.41792488009349
K10009	group	GERD	-0.266281356036544	0.126146576382177	60	60	0.0391036062879211	0.41792488009349
K12583	group	GERD	-0.674999837114239	0.319639991768206	60	60	0.039026550077598	0.41792488009349
K02523	group	GERD	0.0967445933759868	0.0458891347141019	60	60	0.0393426568099371	0.418334149389115
K02585	group	GERD	0.862738587971705	0.409164770152415	60	60	0.0393146440839586	0.418334149389115
K05773	group	GERD	0.894920334687322	0.424724017718037	60	60	0.0394472522332408	0.418693276845457
K05772	group	GERD	0.892088503449409	0.423857140235002	60	60	0.0396616320209559	0.420214280480092
K00097	group	GERD	0.134031579924121	0.0639649857030028	60	60	0.0405122312561127	0.42023171410145
K00602	group	GERD	0.0865719931497804	0.0412229539519839	60	60	0.0400802777777447	0.42023171410145
K01173	group	GERD	0.301379235571933	0.14354385409314	60	60	0.0401287493104056	0.42023171410145
K01533	group	GERD	0.111648124152832	0.053245169515874	60	60	0.0403759505679893	0.42023171410145
K01628	group	GERD	0.309364880954799	0.147507015195035	60	60	0.0403372553308143	0.42023171410145
K02237	group	GERD	-0.140842756912379	0.0672169364971561	60	60	0.0405162511904308	0.42023171410145
K02556	group	GERD	0.444832159558762	0.212039759688189	60	60	0.0402837570999743	0.42023171410145
K03426	group	GERD	0.22358372101192	0.106598238224952	60	60	0.0403231296534394	0.42023171410145
K05342	group	GERD	-0.885182379994908	0.421301267018457	60	59	0.0399911668735216	0.42023171410145
K07097	group	GERD	0.682607359447881	0.324846213952062	60	60	0.0399677006177255	0.42023171410145
K07272	group	GERD	-0.51692257244021	0.246279482633398	60	60	0.0401869488161287	0.42023171410145
K09959	group	GERD	-0.804273316530483	0.382536059081777	60	59	0.0398627010777999	0.42023171410145
K02410	group	GERD	0.462312489595915	0.220731844460749	60	60	0.0405987665249294	0.420350101042702
K07214	group	GERD	0.493741513683378	0.236013262286902	60	60	0.0408254426769877	0.421958071864251
K15915	group	GERD	0.688535943289	0.329717769409194	60	60	0.041175064271756	0.424828935383283
K00176	group	GERD	0.276807811096525	0.1326577855588	60	60	0.0413276784170576	0.425660687807743
K16649	group	GERD	-0.675532686880017	0.324363502901092	60	60	0.0417038266119881	0.428787865965346
K01119	group	GERD	0.15630519552318	0.0751138313856997	60	60	0.0418678367325383	0.428982063713633
K07011	group	GERD	0.25494419069257	0.122490193968872	60	60	0.041826759511401	0.428982063713633
K11202	group	GERD	0.548855637551763	0.264070021865695	60	60	0.0421023764521221	0.430638840112363
K18352	group	GERD	-1.22019063891484	0.588101115682641	60	30	0.0424519578248845	0.433464550363933
K00177	group	GERD	0.27534701342671	0.133011788525816	60	60	0.0429060583903342	0.433986189148466
K00639	group	GERD	0.301661471636078	0.145919638617145	60	60	0.0431767252156766	0.433986189148466
K00946	group	GERD	0.0845481806096072	0.0408353949375014	60	60	0.0428703380413689	0.433986189148466
K01962	group	GERD	-0.184125228406983	0.0890859325405558	60	60	0.0432240705201117	0.433986189148466
K03530	group	GERD	0.150103673465969	0.0726298653598573	60	60	0.0432371220244327	0.433986189148466
K06896	group	GERD	-0.337506107285944	0.162906184222139	60	60	0.0427426487349602	0.433986189148466
K07137	group	GERD	0.223125778906487	0.107780733316252	60	60	0.042897560595041	0.433986189148466
K07813	group	GERD	0.403634713238185	0.194956786153261	60	60	0.0428783588249451	0.433986189148466
K09819	group	GERD	-0.696802182563488	0.336681945530743	60	60	0.0429525761404355	0.433986189148466
K12996	group	GERD	-0.515078375559438	0.249133073414711	60	60	0.0431600901674127	0.433986189148466
K05522	group	GERD	-0.712394580939627	0.344903421445829	60	60	0.0433547943373017	0.43403714499472
K06048	group	GERD	-0.63194613549431	0.306006377417109	60	60	0.0433890312401691	0.43403714499472
K01575	group	GERD	-0.504083394984454	0.244634760074777	60	60	0.0438402182166429	0.434064710639518
K02406	group	GERD	0.487494146534519	0.236506716829321	60	60	0.0437738001733645	0.434064710639518
K02825	group	GERD	-0.210296615258414	0.102054521310012	60	60	0.0438328058680542	0.434064710639518
K03169	group	GERD	0.201702244699437	0.0978786392297102	60	60	0.0438221271273073	0.434064710639518
K03303	group	GERD	-0.189676238721969	0.0919769164117711	60	60	0.043676351155101	0.434064710639518
K04041	group	GERD	0.226161116352486	0.109806891413753	60	60	0.04393214107487	0.434064710639518
K06215	group	GERD	0.273797743090903	0.133078387805772	60	60	0.044151330437994	0.434064710639518
K07305	group	GERD	-0.289279290894565	0.140636174843667	60	60	0.0441994174230361	0.434064710639518
K09022	group	GERD	0.160378329470204	0.0779623338181731	60	60	0.044180300274524	0.434064710639518
K11629	group	GERD	-0.674507466179577	0.32736017457208	60	8	0.0438511494998854	0.434064710639518
K15835	group	GERD	0.719676565673143	0.349524167634596	60	58	0.043992365516917	0.434064710639518
K01129	group	GERD	0.0712422937558782	0.0347434405642959	60	60	0.0448413422242427	0.435017219556427
K01754	group	GERD	-0.132493288402152	0.0646617747256382	60	60	0.044993225537011	0.435017219556427
K02278	group	GERD	0.591471672872436	0.288354593838812	60	60	0.0447737975036371	0.435017219556427
K03455	group	GERD	0.236268101082476	0.11541138649916	60	60	0.0451793932353935	0.435017219556427
K03707	group	GERD	-0.430301092687778	0.209767585013363	60	60	0.0447609646691312	0.435017219556427
K06609	group	GERD	-0.731205047311306	0.357081869897522	60	60	0.0451244463535068	0.435017219556427
K09820	group	GERD	-0.702846793256204	0.342590700937625	60	60	0.044736714500371	0.435017219556427
K11184	group	GERD	0.387136911043663	0.188605137673728	60	60	0.0446294281966045	0.435017219556427
K11738	group	GERD	-0.720953773452557	0.35195473765763	60	60	0.045053179787917	0.435017219556427
K12295	group	GERD	-0.515694570817928	0.251263698170069	60	60	0.0446523228869602	0.435017219556427
K12554	group	GERD	-0.502438506031365	0.245144445673097	60	60	0.0449385917296937	0.435017219556427
K15510	group	GERD	0.724549779849611	0.353501583143203	60	10	0.0449309635818539	0.435017219556427
K00657	group	GERD	0.258729930960635	0.126541470638907	60	60	0.0454393670444765	0.436099899296989
K07177	group	GERD	-0.498562187233816	0.243783305003354	60	60	0.0453906267366114	0.436099899296989
K18285	group	GERD	0.595446103859723	0.291343474294427	60	60	0.0455241985864938	0.43620593524044
K06287	group	GERD	0.0964067898900609	0.0472441412377289	60	60	0.0458505320682603	0.438621918426464
K05363	group	GERD	-0.503106539884654	0.246809803563226	60	60	0.0460739803998874	0.439596466838055
K12296	group	GERD	-0.510205218811486	0.250324503860769	60	60	0.0461011179701614	0.439596466838055
K08961	group	GERD	0.59239650228896	0.290804229341125	60	60	0.0462125225841155	0.439949168304817
K08289	group	GERD	0.269557032279758	0.132535851391325	60	60	0.0465503007797447	0.442452376543168
K00702	group	GERD	0.84232201355551	0.414932479031186	60	60	0.0469494940840696	0.44471193038249
K18534	group	GERD	0.428691766950637	0.211239596692297	60	8	0.0470136935874588	0.44471193038249
K19169	group	GERD	0.684781056194179	0.337260235066467	60	58	0.046907407780558	0.44471193038249
K03196	group	GERD	0.523762504509112	0.258418215650163	60	60	0.0472882431480044	0.446594398547927
K01104	group	GERD	-0.103878613931237	0.0512905660607376	60	60	0.0474473001289614	0.447381879365901
K03412	group	GERD	0.453462075840447	0.224283106668743	60	60	0.0478155243346773	0.449840026505036
K11630	group	GERD	-0.858753679091531	0.424829050080126	60	8	0.0478601787333673	0.449840026505036
K00065	group	GERD	0.517826518401355	0.256358838376432	60	60	0.0480183685133585	0.44986958426298
K05810	group	GERD	0.132686025060461	0.0656769381091333	60	60	0.0479804345408024	0.44986958426298
K08643	group	GERD	-0.510568790516842	0.252851457550359	60	60	0.0480916064367733	0.44986958426298
K03092	group	GERD	0.113348042053376	0.0561719480053483	60	60	0.0482382397644669	0.450528394135116
K01869	group	GERD	0.0844898985898201	0.0418868854164671	60	60	0.0483219914798262	0.450598759666771
K12293	group	GERD	-0.511587030419289	0.253742421242153	60	60	0.048422062654192	0.450820841593044
K03593	group	GERD	0.092033239823183	0.0456684320632914	60	60	0.0485210459194586	0.451032112383395
K02342	group	GERD	0.0890330998189601	0.0442712545074711	60	60	0.0489724388125051	0.453988053324564
K18986	group	GERD	-0.500766664088419	0.249026643281095	60	60	0.0489926214514669	0.453988053324564
K09682	group	GERD	-0.52600182817347	0.261689957248078	60	9	0.0490880904758636	0.454160862117849
K00344	group	GERD	-0.465335089496421	0.232459720134473	60	60	0.0499921877790023	0.456134650393994
K00683	group	GERD	1.43394893829916	0.715055420685441	60	21	0.0495972733414775	0.456134650393994
K01788	group	GERD	-0.225378939496735	0.112433183993401	60	60	0.0496862537693547	0.456134650393994
K02481	group	GERD	0.518667218054174	0.258501672344321	60	60	0.0494798500569699	0.456134650393994
K03889	group	GERD	-0.621825248554097	0.310487217378429	60	60	0.049886871014991	0.456134650393994
K03890	group	GERD	-0.621451733397167	0.310453398586567	60	60	0.0499958141839155	0.456134650393994
K06191	group	GERD	-0.487771209931313	0.243357058784119	60	60	0.0497099462840453	0.456134650393994
K10713	group	GERD	0.655269439155834	0.32690733673125	60	14	0.0496982375318483	0.456134650393994
K12270	group	GERD	-0.501859446679862	0.250503447786151	60	60	0.049813643301232	0.456134650393994
K12268	group	GERD	-0.499578360290161	0.249709506577554	60	60	0.0501196270510979	0.456385924722596
K12269	group	GERD	-0.499473116001946	0.249722259329564	60	60	0.0501777488277549	0.456385924722596
K02173	group	GERD	0.741688463763308	0.371675907004905	60	60	0.0506897065894297	0.456976835849228
K03183	group	GERD	0.0796467602781319	0.039906832235458	60	60	0.0506568993911331	0.456976835849228
K05596	group	GERD	-0.711967466171856	0.356335653311191	60	60	0.0504102896844308	0.456976835849228
K12292	group	GERD	-0.499607986699004	0.250466025125817	60	60	0.0507806474972297	0.456976835849228
K15733	group	GERD	-0.62123279951122	0.311367974043213	60	60	0.0507291871695132	0.456976835849228
K18431	group	GERD	0.896274322902009	0.448466097440145	60	60	0.0503536443876606	0.456976835849228
K18987	group	GERD	-0.493310016609649	0.247312169732986	60	60	0.0507837924818915	0.456976835849228
K01179	group	GERD	0.457682034469369	0.229766848675478	60	60	0.0510925471751113	0.459056442096137
K00575	group	GERD	0.445437076960409	0.223829805912334	60	60	0.0513039265625443	0.460256166673387
K03778	group	GERD	0.212297959017029	0.106753923239359	60	60	0.051463047311091	0.460298977216013
K05574	group	GERD	0.667831778448892	0.335940077850712	60	8	0.0515445329054642	0.460298977216013
K06113	group	GERD	0.43964698965248	0.221109455724901	60	60	0.0514969323284321	0.460298977216013
K06976	group	GERD	-0.563734824649618	0.283670944005095	60	60	0.0516201322554494	0.460298977216013
K01993	group	GERD	0.183348428944532	0.0923515831222513	60	60	0.0518428618346981	0.46158885416677
K12294	group	GERD	-0.505714490464026	0.254815036436209	60	60	0.051922525505223	0.46160296358929
K00537	group	GERD	-0.15003475305391	0.0756821654914011	60	60	0.0521748324439699	0.461649640903483
K01130	group	GERD	0.576936530702267	0.290935087549888	60	60	0.0521048152529903	0.461649640903483
K04086	group	GERD	-0.455287618403274	0.229663333445524	60	60	0.0521770038613148	0.461649640903483
K14652	group	GERD	0.0804507048744148	0.0405934566427384	60	60	0.0522401234378265	0.461649640903483
K03891	group	GERD	-0.615614837899489	0.31096734804121	60	60	0.0524920843300931	0.46318388441718
K14415	group	GERD	0.438758190504994	0.221796300288002	60	60	0.0526624128954041	0.463303846782186
K18979	group	GERD	0.245552600717015	0.124087841953617	60	60	0.0525863227611652	0.463303846782186
K00162	group	GERD	-0.358785331275895	0.182206348927694	60	60	0.0537235134473604	0.464097084005905
K00687	group	GERD	-0.493490873199138	0.251344574490553	60	60	0.0543997351163827	0.464097084005905
K01035	group	GERD	0.389347571021831	0.197522058454732	60	60	0.0534832126376133	0.464097084005905
K01598	group	GERD	-0.493270071073632	0.251322307346912	60	60	0.054483657591596	0.464097084005905
K01975	group	GERD	0.458897203979268	0.233518460804645	60	60	0.0541930325480579	0.464097084005905
K02028	group	GERD	-0.123891891117441	0.062845811988413	60	60	0.0534594302635047	0.464097084005905
K02355	group	GERD	0.0930855534899458	0.0474161296037313	60	60	0.0544284889392814	0.464097084005905
K03386	group	GERD	0.158749533409604	0.0807460854297256	60	60	0.0540874537760671	0.464097084005905
K03930	group	GERD	-0.493308823678843	0.251368792639027	60	60	0.0545085473287685	0.464097084005905
K05593	group	GERD	-0.49405155698661	0.250556328701354	60	60	0.0534060294961485	0.464097084005905
K06603	group	GERD	0.566109884165196	0.287152956998501	60	60	0.0534483038694945	0.464097084005905
K07221	group	GERD	0.419879162929677	0.213784539427016	60	60	0.054325282557268	0.464097084005905
K07568	group	GERD	0.0847796203691466	0.0429326708557643	60	60	0.0530680260622376	0.464097084005905
K07791	group	GERD	0.383176727664785	0.194122163343883	60	60	0.0531632172656669	0.464097084005905
K11050	group	GERD	-0.486528093790224	0.246360178528729	60	60	0.0530500916456347	0.464097084005905
K11051	group	GERD	-0.485120432575516	0.24716289221206	60	60	0.0544768867961344	0.464097084005905
K12556	group	GERD	-0.493494161218398	0.251345628951842	60	60	0.0543991584713103	0.464097084005905
K14982	group	GERD	-0.493409223632967	0.250493176384108	60	60	0.053648694349293	0.464097084005905
K14983	group	GERD	-0.491370630039924	0.250174037480666	60	60	0.0543151061006822	0.464097084005905
K16212	group	GERD	0.452913494119445	0.229231331457433	60	60	0.052942164366413	0.464097084005905
K16213	group	GERD	0.491084948054992	0.250288583237139	60	60	0.0545580976630757	0.464097084005905
K18887	group	GERD	-0.4853595282713	0.246724690557804	60	60	0.0539481763986394	0.464097084005905
K18888	group	GERD	-0.487056226343743	0.246813369404977	60	60	0.0532234872281174	0.464097084005905
K16559	group	GERD	0.495483135729218	0.25262523712049	60	9	0.0546462501286522	0.464179067184758
K07077	group	GERD	-0.861970614481464	0.439750827715872	60	16	0.054790096938306	0.464733218219893
K01034	group	GERD	0.385331369277052	0.196860834370012	60	60	0.0551208337895467	0.465118759650232
K01922	group	GERD	-0.491900941684952	0.251236395110995	60	60	0.0550557224851766	0.465118759650232
K05362	group	GERD	-0.49060655365055	0.250636483939015	60	60	0.0551132322558675	0.465118759650232
K08358	group	GERD	0.852553587789287	0.435613012259954	60	60	0.0551502453509494	0.465118759650232
K00100	group	GERD	0.222202822139742	0.114104313723305	60	60	0.0563375903134164	0.465760799655113
K00161	group	GERD	-0.353607725846525	0.181680987977827	60	60	0.0564670504092958	0.465760799655113
K00174	group	GERD	0.291737311661574	0.149455681095742	60	60	0.0557718071014011	0.465760799655113
K00175	group	GERD	0.291957091693568	0.149464583054248	60	60	0.0556073583155439	0.465760799655113
K00354	group	GERD	0.73526566289756	0.376818340608867	60	60	0.0558632819685692	0.465760799655113
K00897	group	GERD	-0.486422139832172	0.250296480694127	60	60	0.0568277434296589	0.465760799655113
K00958	group	GERD	0.771754633124107	0.396750946597174	60	60	0.0566053770076453	0.465760799655113
K01959	group	GERD	0.821001566772697	0.420042863211598	60	60	0.0554603877561549	0.465760799655113
K02415	group	GERD	0.51997723383771	0.267039045323421	60	60	0.056358459584319	0.465760799655113
K03298	group	GERD	-1.3393392340711	0.68526368946041	60	47	0.0554699215887073	0.465760799655113
K03628	group	GERD	0.0645184987527534	0.0331769442810868	60	60	0.0566679454679438	0.465760799655113
K06867	group	GERD	0.455259115816251	0.233614895432719	60	60	0.0561669349055356	0.465760799655113
K06903	group	GERD	0.518681078203409	0.265957023007882	60	60	0.0559855288072601	0.465760799655113
K06908	group	GERD	0.432139518056935	0.222188776043468	60	60	0.0566381484982913	0.465760799655113
K07009	group	GERD	-0.459987184146455	0.235481706891238	60	60	0.0556030910141593	0.465760799655113
K07118	group	GERD	0.398142770345278	0.204304867968842	60	60	0.0561658376837724	0.465760799655113
K07146	group	GERD	-0.421852283642324	0.217118961206448	60	60	0.0568808013110608	0.465760799655113
K12527	group	GERD	0.390407686674684	0.200656087483971	60	60	0.0565476231079063	0.465760799655113
K16563	group	GERD	0.486056072442736	0.249836636927149	60	7	0.0565673425620313	0.465760799655113
K18866	group	GERD	1.04946629528643	0.539876539085943	60	18	0.0567639358187695	0.465760799655113
K19137	group	GERD	-0.481956107526119	0.248016788155194	60	60	0.0568455376856167	0.465760799655113
K12137	group	GERD	0.85736085624504	0.441455327236002	60	60	0.0569836221565876	0.465957364024545
K12257	group	GERD	0.247627550995105	0.127639882640048	60	60	0.0572411290436592	0.467416512301261
K01209	group	GERD	0.475220414263372	0.245137339811443	60	60	0.0574228782655207	0.467420427867356
K01322	group	GERD	0.241091323155304	0.12439313843292	60	60	0.0574787975405224	0.467420427867356
K03648	group	GERD	0.0734843264833748	0.0379006180135087	60	60	0.057387936598162	0.467420427867356
K03281	group	GERD	0.255171707980492	0.131884539446822	60	60	0.0578953666827525	0.470161274489605
K00951	group	GERD	0.0764494425465633	0.0395691447911647	60	60	0.0582432878100871	0.470402073132835
K02919	group	GERD	-0.0633477801707714	0.03275655359558	60	60	0.058010326518891	0.470402073132835
K04084	group	GERD	0.117221914556418	0.0606711362315085	60	60	0.0582382232517866	0.470402073132835
K05807	group	GERD	0.111660675149792	0.0577893516103049	60	60	0.0582237737114427	0.470402073132835
K09252	group	GERD	0.719008900852604	0.372489674918894	60	60	0.0584667457367941	0.470567630544785
K11704	group	GERD	-0.478226788906824	0.247786440922776	60	60	0.0585025724713155	0.470567630544785
K12452	group	GERD	0.354429001445895	0.183555129515575	60	60	0.0583864930346484	0.470567630544785
K00561	group	GERD	0.590006190835586	0.306393228893653	60	60	0.0590551624558345	0.470918316100993
K01085	group	GERD	0.371044441240601	0.192456793576107	60	60	0.058763907955126	0.470918316100993
K01205	group	GERD	0.481478508830899	0.250073803137299	60	60	0.0590940592938724	0.470918316100993
K01218	group	GERD	0.467338592148321	0.242726537064372	60	60	0.0590908437291962	0.470918316100993
K02404	group	GERD	0.518336147852395	0.269227802213301	60	60	0.0591037534754629	0.470918316100993
K11705	group	GERD	-0.477409321571072	0.247501855357185	60	60	0.0586399639948883	0.470918316100993
K11706	group	GERD	-0.477500520780124	0.247862675230796	60	60	0.0589503160556583	0.470918316100993
K01822	group	GERD	-0.793675730527296	0.412638436294292	60	11	0.0593408850032313	0.47144609031841
K03269	group	GERD	0.11680266164852	0.0607528087572486	60	60	0.0594471394599842	0.47144609031841
K13963	group	GERD	0.538154279111595	0.280080456002237	60	60	0.0595963892642381	0.47144609031841
K18830	group	GERD	-0.492310660827903	0.256275263516338	60	60	0.0596484566235066	0.47144609031841
K18841	group	GERD	1.20230325652153	0.625618722758306	60	24	0.0595506927252894	0.47144609031841
K18842	group	GERD	1.20230325652153	0.625618722758306	60	24	0.0595506927252894	0.47144609031841
K11618	group	GERD	-0.475280409304817	0.247593736952598	60	60	0.0598321935297548	0.472266926766236
K07218	group	GERD	0.627905652306389	0.32721529584979703	60	60	0.0599175182113597	0.472309823554078
K11617	group	GERD	-0.474709326775442	0.247581566186369	60	60	0.0601183796649084	0.473262131263567
K00978	group	GERD	0.321400130826183	0.167942020426231	60	60	0.0605903713618212	0.473581458635549
K02531	group	GERD	-0.482688611068973	0.252154857350419	60	60	0.0605253939259046	0.473581458635549
K03496	group	GERD	0.149498947309587	0.0781393589444834	60	60	0.0606584679063858	0.473581458635549
K05710	group	GERD	-0.613136370631972	0.320549522953538	60	60	0.0607196795747203	0.473581458635549
K07405	group	GERD	0.242634847906173	0.126663147505105	60	60	0.060351322609896	0.473581458635549
K08357	group	GERD	0.846455924418843	0.44185129416236	60	60	0.0603368004468806	0.473581458635549
K15460	group	GERD	0.165028363336892	0.0862219862685512	60	60	0.0605593863873808	0.473581458635549
K15856	group	GERD	0.389438556450391	0.203727228242448	60	60	0.0608764519965093	0.474178635314049
K00029	group	GERD	0.21647495656039	0.113407094000092	60	60	0.0612360277510798	0.474591481970079
K00721	group	GERD	0.214746599449622	0.112502097214572	60	60	0.0612370475791501	0.474591481970079
K01740	group	GERD	0.113733689052366	0.0596587398235362	60	60	0.0615562157861145	0.474591481970079
K03279	group	GERD	0.793942533286553	0.416918456610184	60	60	0.0618335791366654	0.474591481970079
K03775	group	GERD	0.119147030315735	0.0624635044174773	60	60	0.0614159188544084	0.474591481970079
K06966	group	GERD	0.180345463238893	0.094406760258182107	60	60	0.0610425201412501	0.474591481970079
K08681	group	GERD	0.330304002430729	0.173359911374986	60	60	0.0617013953063424	0.474591481970079
K09167	group	GERD	-0.526071077049491	0.276163768502095	60	60	0.0617522415154301	0.474591481970079
K10771	group	GERD	0.611919670507319	0.321327799458961	60	60	0.0618288249891868	0.474591481970079
K13572	group	GERD	-0.663139332084823	0.348076874694809	60	60	0.0617220617836457	0.474591481970079
K16937	group	GERD	-0.737745089651958	0.387493038048394	60	60	0.0618892024170317	0.474591481970079
K19355	group	GERD	0.417878088218557	0.219489269848062	60	60	0.0618927660011723	0.474591481970079
K09011	group	GERD	0.433087103636252	0.227782324246104	60	60	0.0622317867915908	0.476572957916949
K01633	group	GERD	0.0811151091836988	0.0426997074720791	60	60	0.0624531460775199	0.47764941734838
K00564	group	GERD	-0.192581466281296	0.101466243415508	60	60	0.0626782521083434	0.478751713778457
K00303	group	GERD	-0.678265042225274	0.357475856217556	60	59	0.0627605646628754	0.478761881660541
K18925	group	GERD	0.664885299841655	0.350575345618105	60	60	0.062870675420029	0.478983805519603
K01281	group	GERD	-0.466856799718111	0.246269182266918	60	60	0.0629834812777072	0.479225664496531
K10543	group	GERD	1.10517541732346	0.583260135476792	60	60	0.0631040453278884	0.479525856013466
K00052	group	GERD	-0.113535789832455	0.059960961023428	60	60	0.0632837780255707	0.479658584214326
K01703	group	GERD	-0.11352944961588	0.0599424875326426	60	60	0.0632191152448401	0.479658584214326
K04070	group	GERD	0.391627479267576	0.206930393758733	60	60	0.0634109692794425	0.480007234801618
K01446	group	GERD	-0.526977269075352	0.278787594350063	60	12	0.0637249449958402	0.480871284158384
K12952	group	GERD	-0.449158199082309	0.237626787252532	60	60	0.0637335424858455	0.480871284158384
K14441	group	GERD	0.159914431049755	0.0846142943770887	60	60	0.0637691283457668	0.480871284158384
K03743	group	GERD	0.114688200393056	0.0608228428387462	60	60	0.0643589952768613	0.484162260102907
K03925	group	GERD	0.109199746567521	0.0579327601408149	60	60	0.0644512345570006	0.484162260102907
K09962	group	GERD	-0.459401851153339	0.243721494217477	60	60	0.064450340019068	0.484162260102907
K00074	group	GERD	0.261693603195429	0.139251854172364	60	60	0.0652330951274689	0.485663784281026
K00895	group	GERD	0.250596946824723	0.133174410328979	60	60	0.0648952473880727	0.485663784281026
K01235	group	GERD	0.542206496817874	0.288664229423551	60	60	0.0653656530801846	0.485663784281026
K02647	group	GERD	0.34195700404085	0.181834672849012	60	60	0.0650512880692324	0.485663784281026
K08986	group	GERD	-0.449020478702266	0.238780288640713	60	60	0.0650675703218322	0.485663784281026
K09765	group	GERD	-0.162194389309273	0.0863542667490402	60	60	0.0653775231094808	0.485663784281026
K13532	group	GERD	-0.457603630382317	0.24372233134032	60	7	0.0654726042070328	0.485663784281026
K15976	group	GERD	-0.457603630382317	0.24372233134032	60	7	0.0654726042070328	0.485663784281026
K16557	group	GERD	0.578177985412035	0.307911905486231	60	11	0.0654479464630811	0.485663784281026
K19428	group	GERD	-0.461716377565826	0.245676647761293	60	7	0.0652215044592549	0.485663784281026
K02551	group	GERD	0.197685592250878	0.105398357113667	60	60	0.0657458358800521	0.48707942571788
K02897	group	GERD	0.0825807906439832	0.0440569091222748	60	60	0.065912754787216	0.487704888988762
K02588	group	GERD	0.415711285300904	0.222006412439982	60	60	0.0661784392170373	0.488448105681803
K07119	group	GERD	-0.572405043050841	0.305624960221327	60	60	0.0661248923503896	0.488448105681803
K00449	group	GERD	-0.767654730647897	0.410113999496078	60	60	0.0662785023326649	0.488576690512113
K18924	group	GERD	0.655058408112046	0.350157084589643	60	60	0.0664268141490001	0.4890601808828
K01261	group	GERD	-0.456869230596243	0.244605251464176	60	60	0.0668474858304031	0.489899328411473
K01318	group	GERD	-0.77721642219536	0.41599653477393	60	53	0.0667705840229206	0.489899328411473
K01627	group	GERD	0.0950874706172938	0.0509140637723036	60	60	0.066872252711106	0.489899328411473
K03427	group	GERD	0.101382193457436	0.054239164307095	60	60	0.0666509121251381	0.489899328411473
K00859	group	GERD	0.0771078067930235	0.0413586645601511	60	60	0.067333001613238	0.490546752535916
K01704	group	GERD	-0.112199152593714	0.0601640788209366	60	60	0.0672592345206198	0.490546752535916
K03340	group	GERD	0.250175130179914	0.134166006054607	60	60	0.0672902527382921	0.490546752535916
K09835	group	GERD	0.908536529095817	0.487393706312541	60	31	0.0673755011940399	0.490546752535916
K09935	group	GERD	0.443421404018256	0.237792086273257	60	60	0.0672794683524447	0.490546752535916
K01668	group	GERD	0.493342691859158	0.264749485570389	60	60	0.067466784311529	0.4906071695569
K05823	group	GERD	-0.456473073781582	0.245137334096211	60	60	0.0676557515692619	0.491376908203288
K11069	group	GERD	-0.204472620301566	0.109900554143621	60	60	0.0678835297526018	0.492426291898628
K00010	group	GERD	-0.608027369391893	0.326961846818727	60	60	0.0680123864035676	0.492756407374867
K00376	group	GERD	0.614795614596943	0.330724456405904	60	60	0.0681120094008382	0.492818921486317
K03740	group	GERD	-0.460239008591471	0.247689553278487	60	60	0.0682284554627046	0.492818921486317
K10873	group	GERD	0.905282865782391	0.487480343481582	60	52	0.0683819981108098	0.492818921486317
K12989	group	GERD	-0.607717814206217	0.327314344215814	60	9	0.0684378103078935	0.492818921486317
K14188	group	GERD	-0.459813588068634	0.247529505746159	60	60	0.0683031241253072	0.492818921486317
K08092	group	GERD	0.570585223279066	0.307450399075582	60	60	0.0685562899081982	0.493071515738769
K18429	group	GERD	0.836505501736372	0.451442566568469	60	60	0.0689775222970996	0.49549831326908
K00240	group	GERD	0.102952142532143	0.0557397020972903	60	60	0.069847830135172	0.496128708533111
K01277	group	GERD	0.239637716078157	0.129774991213962	60	60	0.0699145609656773	0.496128708533111
K01443	group	GERD	-0.18091189562066	0.0979548526085131	60	60	0.0698663445244723	0.496128708533111
K01676	group	GERD	0.125822608839411	0.0680234510736274	60	60	0.0694546007315742	0.496128708533111
K02839	group	GERD	0.463649536130055	0.251155972987352	60	60	0.0699883868262204	0.496128708533111
K03327	group	GERD	0.090998218466309	0.0491859600933973	60	60	0.0693973990787483	0.496128708533111
K03380	group	GERD	-0.685882771736575	0.370843462138364	60	58	0.0694800299386113	0.496128708533111
K04017	group	GERD	1.28209518778476	0.693784836655658	60	56	0.0697072553756104	0.496128708533111
K04562	group	GERD	0.529350060630588	0.286605019217749	60	60	0.0698550725718464	0.496128708533111
K06041	group	GERD	0.0941924047804542	0.0509063136255618	60	60	0.0693646674898741	0.496128708533111
K16925	group	GERD	-0.520683077637665	0.281782341438314	60	60	0.0697296245576851	0.496128708533111
K00024	group	GERD	0.0903850515673569	0.0490433085228476	60	60	0.0704463880628968	0.497120848718954
K01060	group	GERD	-0.428589282524725	0.232892821764105	60	60	0.0708443801011987	0.497120848718954
K01534	group	GERD	0.20219219461482	0.109762628188276	60	60	0.0705766473763063	0.497120848718954
K03394	group	GERD	0.264601655989267	0.143804311473045	60	60	0.0708851277858725	0.497120848718954
K07301	group	GERD	0.222403881956777	0.120814951293035	60	60	0.0707582772653748	0.497120848718954
K11690	group	GERD	0.507253341054581	0.275354590546677	60	60	0.0705623494070455	0.497120848718954
K16788	group	GERD	-0.448201356410598	0.243367679215207	60	60	0.0706393992409145	0.497120848718954
K18012	group	GERD	0.383824628945451	0.208479165356233	60	60	0.0707276941073205	0.497120848718954
K18148	group	GERD	0.659508417974118	0.35770521063394	60	60	0.0703343259911495	0.497120848718954
K01844	group	GERD	0.383872506643165	0.208790842967267	60	60	0.0711031898933593	0.497469891892947
K18011	group	GERD	0.383872506643165	0.208790842967267	60	60	0.0711031898933593	0.497469891892947
K12138	group	GERD	0.863844626168877	0.47008223947896	60	60	0.0712384654782236	0.49782719610787
K00533	group	GERD	0.36594052025242	0.199593974523516	60	60	0.0718724510877279	0.498107466076152
K01715	group	GERD	0.306952272144847	0.167263774964018	60	60	0.0716144026847752	0.498107466076152
K02478	group	GERD	0.469104571991658	0.255636233800643	60	60	0.0716281873380912	0.498107466076152
K02810	group	GERD	-0.199414608618627	0.108740365362387	60	60	0.0718068472226296	0.498107466076152
K03739	group	GERD	-0.453002550961674	0.246835474574859	60	60	0.0715990888949142	0.498107466076152
K07023	group	GERD	0.353264689452358	0.192459416224	60	60	0.0715559187703627	0.498107466076152
K12140	group	GERD	0.788791711140082	0.430439619362785	60	60	0.07200806981022	0.498107466076152
K12141	group	GERD	0.788931486681462	0.43044014634531	60	60	0.0719593902864778	0.498107466076152
K12992	group	GERD	0.377853654552382	0.206214263201821	60	60	0.072036854447752	0.498107466076152
K13586	group	GERD	0.870152678751912	0.475117450374106	60	20	0.0721710396815646	0.498452320791367
K18013	group	GERD	0.376974803097607	0.205936902811766	60	60	0.0723091296201517	0.498823307251268
K02530	group	GERD	-0.383782250100262	0.20977619933512	60	60	0.0724685636725346	0.499340499338024
K01590	group	GERD	0.728642427458606	0.398537760360296	60	8	0.0726501129220317	0.500008693358616
K03693	group	GERD	-0.450258536887896	0.24646737303139	60	60	0.072869621116192	0.500587736281334
K05916	group	GERD	-0.690761763918969	0.378162723523715	60	60	0.0729035928515271	0.500587736281334
K18707	group	GERD	0.208427989367909	0.114143607930738	60	60	0.0729967577855287	0.50064597683068
K07029	group	GERD	-0.444151957022906	0.243642864525245	60	60	0.0734642012686369	0.503268085631728
K03713	group	GERD	-0.448355073526457	0.246091784765816	60	60	0.0736273191558987	0.50380174866860306
K11103	group	GERD	0.445662895362904	0.244705129452957	60	60	0.073731633734326	0.503932275881313
K01215	group	GERD	-0.457249732541164	0.251612806699495	60	60	0.0743419641388577	0.50712266139351
K02248	group	GERD	-0.44931225195361	0.247685793034776	60	60	0.0748449524241441	0.50712266139351
K02372	group	GERD	-0.0864606361425688	0.0476784901118956	60	60	0.0749435153489875	0.50712266139351
K03151	group	GERD	-0.197251762172244	0.108758120320834	60	60	0.0749022737748573	0.50712266139351
K06298	group	GERD	0.334296141204085	0.183989211431079	60	60	0.0743950040708985	0.50712266139351
K09773	group	GERD	-0.225298242563628	0.124139038063582	60	60	0.0747132463333268	0.50712266139351
K13479	group	GERD	0.400877245759438	0.221083716336086	60	60	0.0749704340422746	0.50712266139351
K18014	group	GERD	0.367768870800709	0.202762402115294	60	60	0.0748838038005727	0.50712266139351
K18829	group	GERD	0.431629993030612	0.237796437596449	60	60	0.0746762565341813	0.50712266139351
K01467	group	GERD	-0.450116995963033	0.248508322407725	60	60	0.0752774017754801	0.508036528877441
K04773	group	GERD	0.112958382563306	0.0623517555001671	60	60	0.0752216542349556	0.508036528877441
K03502	group	GERD	0.383267939825441	0.211683010301957	60	60	0.0753872497259058	0.508197742736095
K06208	group	GERD	0.459430043755392	0.254127545544032	60	60	0.0758123966897631	0.510481650603508
K16148	group	GERD	-0.613696311900287	0.339808258446088	60	60	0.0761067859899814	0.511880908728976
K03339	group	GERD	-0.676376643982748	0.374831713216444	60	57	0.0763486019801257	0.512923789666481
K05919	group	GERD	0.365997987650119	0.202923965460084	60	60	0.0764850175768057	0.513257007847986
K03768	group	GERD	0.0599821116880296	0.0332760335132637	60	60	0.0766534284382566	0.51332958205304
K12688	group	GERD	1.31703920204566	0.731131613510747	60	21	0.0768431461632172	0.51332958205304
K12690	group	GERD	1.31703920204566	0.731131613510747	60	21	0.0768431461632172	0.51332958205304
K18132	group	GERD	1.31703920204566	0.731131613510747	60	21	0.0768431461632172	0.51332958205304
K06902	group	GERD	-0.421311243119159	0.234327887268395	60	60	0.0773892554039562	0.516394218903148
K12516	group	GERD	0.412319147240637	0.229535391051047	60	60	0.0776519508765995	0.517562946541664
K07104	group	GERD	-0.419260054252144	0.233687593192731	60	60	0.0780090316000899	0.519357426598797
K16509	group	GERD	-0.437563474060638	0.243977968666649	60	60	0.0781140504827799	0.519471615808993
K16558	group	GERD	0.560908340418265	0.312936661466548	60	11	0.0782843792090778	0.520019381892211
K06894	group	GERD	0.323034722269825	0.180315165088758	60	60	0.0784304959432145	0.520405266011542
K07714	group	GERD	1.13348558855278	0.632948566265005	60	56	0.0785438638950094	0.520573232452125
K14414	group	GERD	0.62672625448951	0.35015755087026	60	60	0.0787001011231445	0.521024633639451
K02424	group	GERD	-0.203674561845155	0.113870525778419	60	60	0.0788939256190093	0.521723588657252
K07724	group	GERD	0.62306371094355	0.348450661797603	60	60	0.0789841118683368	0.521736390352633
K00121	group	GERD	0.510635095329876	0.286406644968806	60	60	0.0798354870366712	0.526051928969
K00261	group	GERD	0.368273289765871	0.206606772281754	60	60	0.0799043694543575	0.526051928969
K00979	group	GERD	0.0903369967688768	0.0506643380312754	60	60	0.0798113589995894	0.526051928969
K06905	group	GERD	0.418270454008817	0.235013157180855	60	60	0.0803517625832769	0.52840892145977
K05845	group	GERD	-0.503423162237177	0.282944521032535	60	60	0.0804420708831321	0.528415025623419
K03828	group	GERD	-0.443901433326527	0.24960520207888	60	60	0.0805771850863471	0.528715114573235
K00305	group	GERD	-0.634009120701158	0.357026428490423	60	59	0.0810110906433098	0.529661450595535
K00605	group	GERD	0.121251428641886	0.0683162288613758	60	60	0.0811693630310478	0.529661450595535
K02385	group	GERD	0.430692711209552	0.242644732606486	60	60	0.0811463951783732	0.529661450595535
K10040	group	GERD	-0.424551680444457	0.239062304515781	60	60	0.0809945191472151	0.529661450595535
K12555	group	GERD	-0.437946672440666	0.246502273603764	60	60	0.0808713682555814	0.529661450595535
K00018	group	GERD	0.18325608223052	0.108119393163573	60	60	0.095449600837513	0.529851015140486
K00038	group	GERD	-0.996920070617925	0.584871223568574	60	25	0.093637385795106	0.529851015140486
K00214	group	GERD	0.311698632173562	0.184864748347412	60	7	0.097151302505449	0.529851015140486
K00216	group	GERD	-0.657979241260664	0.380330093144852	60	60	0.0889449160430299	0.529851015140486
K00241	group	GERD	0.0917096679141069	0.054345937104136	60	60	0.0968754143426805	0.529851015140486
K00304	group	GERD	-0.63227262184937	0.35700128222118	60	59	0.0818039979239542	0.529851015140486
K00362	group	GERD	-0.40566175103137	0.229337456320506	60	60	0.0821782059737957	0.529851015140486
K00363	group	GERD	-0.380119436199538	0.216687567220164	60	60	0.0846735074604461	0.529851015140486
K00611	group	GERD	-0.104636572330217	0.0594059988945372	60	60	0.0834444997824941	0.529851015140486
K00824	group	GERD	0.36677825538857	0.21409076353333	60	60	0.0920186275598861	0.529851015140486
K00856	group	GERD	0.430428431178396	0.246290512848934	60	60	0.0858179136006603	0.529851015140486
K00887	group	GERD	-0.414967389245826	0.237917829303715	60	60	0.0864284997782288	0.529851015140486
K00917	group	GERD	-0.352548847491314	0.202230061184653	60	60	0.0865792698386267	0.529851015140486
K01057	group	GERD	-0.188215391011297	0.10860190361102	60	60	0.088396236907124	0.529851015140486
K01071	group	GERD	-0.433588887239836	0.247418870384132	60	60	0.0849815945672372	0.529851015140486
K01092	group	GERD	-0.25202502660833	0.14254533440606	60	60	0.0823145398122137	0.529851015140486
K01101	group	GERD	-0.273049423123105	0.158404551144262	60	60	0.0900806468501612	0.529851015140486
K01191	group	GERD	-0.431876201079815	0.250212816973289	60	60	0.0896650736242827	0.529851015140486
K01226	group	GERD	-0.343851670888498	0.196027318156575	60	60	0.084695534603217	0.529851015140486
K01241	group	GERD	0.420435286511611	0.241714477051913	60	60	0.0872714512285459	0.529851015140486
K01252	group	GERD	-0.655063989659905	0.378533679843849	60	60	0.0888533433654051	0.529851015140486
K01392	group	GERD	-0.995575065837296	0.583469406134285	60	30	0.0933015963101383	0.529851015140486
K01635	group	GERD	-0.376072440208783	0.216391513802423	60	60	0.0875309439672943	0.529851015140486
K01843	group	GERD	0.336540588245601	0.195727906020189	60	60	0.0908689470306589	0.529851015140486
K01846	group	GERD	0.326972678405529	0.184547991009328	60	60	0.081689263002221	0.529851015140486
K01880	group	GERD	0.221878371178279	0.129047978142419	60	60	0.0908841389695599	0.529851015140486
K02081	group	GERD	0.685824850697902	0.398131235236001	60	60	0.0902877990454671	0.529851015140486
K02086	group	GERD	-0.419385871071346	0.243052511439584	60	60	0.0897631099457642	0.529851015140486
K02092	group	GERD	0.311698632173562	0.184864748347412	60	7	0.097151302505449	0.529851015140486
K02093	group	GERD	0.311698632173562	0.184864748347412	60	7	0.097151302505449	0.529851015140486
K02094	group	GERD	0.311698632173562	0.184864748347412	60	7	0.097151302505449	0.529851015140486
K02095	group	GERD	0.311698632173562	0.184864748347412	60	7	0.097151302505449	0.529851015140486
K02096	group	GERD	0.311698632173562	0.184864748347412	60	7	0.097151302505449	0.529851015140486
K02097	group	GERD	0.311698632173562	0.184864748347412	60	7	0.097151302505449	0.529851015140486
K02236	group	GERD	-0.428215454490399	0.245323631416858	60	60	0.0861914144713913	0.529851015140486
K02244	group	GERD	-0.431211295728689	0.245397359571471	60	60	0.0841617038818028	0.529851015140486
K02245	group	GERD	-0.408650574464401	0.242119431103823	60	60	0.0968195500285073	0.529851015140486
K02246	group	GERD	-0.436390453363206	0.246447403420882	60	60	0.0818612861272264	0.529851015140486
K02284	group	GERD	0.311698632173562	0.184864748347412	60	7	0.097151302505449	0.529851015140486
K02285	group	GERD	0.311698632173562	0.184864748347412	60	7	0.097151302505449	0.529851015140486
K02288	group	GERD	0.311698632173562	0.184864748347412	60	7	0.097151302505449	0.529851015140486
K02289	group	GERD	0.311698632173562	0.184864748347412	60	7	0.097151302505449	0.529851015140486
K02290	group	GERD	0.311698632173552	0.184864748347412	60	7	0.097151302505459	0.529851015140486
K02293	group	GERD	0.311698632173562	0.184864748347412	60	7	0.097151302505449	0.529851015140486
K02294	group	GERD	0.311698632173562	0.184864748347412	60	7	0.097151302505449	0.529851015140486
K02363	group	GERD	-0.663784744452202	0.38087678749802	60	60	0.0866717729454579	0.529851015140486
K02634	group	GERD	0.311698632173562	0.184864748347412	60	7	0.097151302505449	0.529851015140486
K02637	group	GERD	0.311698632173562	0.184864748347412	60	7	0.097151302505449	0.529851015140486
K02639	group	GERD	0.31169863217355	0.184864748347412	60	7	0.0971513025054612	0.529851015140486
K02640	group	GERD	0.311698632173562	0.184864748347412	60	7	0.097151302505449	0.529851015140486
K02641	group	GERD	0.311698632173562	0.184864748347412	60	7	0.097151302505449	0.529851015140486
K02643	group	GERD	0.311698632173562	0.184864748347412	60	7	0.097151302505449	0.529851015140486
K02691	group	GERD	0.311698632173562	0.184864748347412	60	7	0.097151302505449	0.529851015140486
K02693	group	GERD	0.311698632173562	0.184864748347412	60	7	0.097151302505449	0.529851015140486
K02694	group	GERD	0.311698632173562	0.184864748347412	60	7	0.097151302505449	0.529851015140486
K02697	group	GERD	0.311698632173562	0.184864748347412	60	7	0.097151302505449	0.529851015140486
K02698	group	GERD	0.311698632173562	0.184864748347412	60	7	0.097151302505449	0.529851015140486
K02700	group	GERD	0.311698632173562	0.184864748347412	60	7	0.097151302505449	0.529851015140486
K02703	group	GERD	0.311698632173552	0.184864748347412	60	7	0.097151302505459	0.529851015140486
K02704	group	GERD	0.311698632173562	0.184864748347412	60	7	0.097151302505449	0.529851015140486
K02705	group	GERD	0.311698632173562	0.184864748347412	60	7	0.097151302505449	0.529851015140486
K02706	group	GERD	0.311698632173562	0.184864748347412	60	7	0.097151302505449	0.529851015140486
K02707	group	GERD	0.311698632173562	0.184864748347412	60	7	0.097151302505449	0.529851015140486
K02709	group	GERD	0.311698632173562	0.184864748347412	60	7	0.097151302505449	0.529851015140486
K02711	group	GERD	0.311698632173562	0.184864748347412	60	7	0.097151302505449	0.529851015140486
K02714	group	GERD	0.311698632173562	0.184864748347412	60	7	0.097151302505449	0.529851015140486
K02715	group	GERD	0.311698632173562	0.184864748347412	60	7	0.097151302505449	0.529851015140486
K02716	group	GERD	0.311698632173562	0.184864748347412	60	7	0.097151302505449	0.529851015140486
K02717	group	GERD	0.311698632173562	0.184864748347412	60	7	0.097151302505449	0.529851015140486
K02718	group	GERD	0.311698632173562	0.184864748347412	60	7	0.097151302505449	0.529851015140486
K02720	group	GERD	0.311698632173552	0.184864748347412	60	7	0.097151302505459	0.529851015140486
K02722	group	GERD	0.311698632173562	0.184864748347412	60	7	0.097151302505449	0.529851015140486
K02723	group	GERD	0.311698632173562	0.184864748347412	60	7	0.097151302505449	0.529851015140486
K02724	group	GERD	0.311698632173562	0.184864748347412	60	7	0.097151302505449	0.529851015140486
K03095	group	GERD	-0.434855216896176	0.247209111467172	60	60	0.0838419199860924	0.529851015140486
K03147	group	GERD	0.124601626792779	0.0712852594848647	60	60	0.085768179247357	0.529851015140486
K03204	group	GERD	0.461737463127205	0.272471418579848	60	60	0.0955096748185913	0.529851015140486
K03346	group	GERD	-0.41423169710308	0.244446946627361	60	60	0.0955211858390984	0.529851015140486
K03410	group	GERD	0.353657579685355	0.201792449663601	60	60	0.084958692013141	0.529851015140486
K03411	group	GERD	0.309227531100418	0.177544655107231	60	60	0.0868644203131825	0.529851015140486
K03453	group	GERD	0.103751765781299	0.0612992607737563	60	60	0.0959079207854218	0.529851015140486
K03521	group	GERD	0.0947797751763503	0.0559212135435914	60	60	0.0954613039776037	0.529851015140486
K03522	group	GERD	0.0973074604410642	0.055975764187107	60	60	0.0874493135008158	0.529851015140486
K03684	group	GERD	-0.361054287156187	0.206616059179046	60	60	0.0858494564049886	0.529851015140486
K03697	group	GERD	-0.420069304687021	0.248217253138548	60	60	0.0959462150273799	0.529851015140486
K03794	group	GERD	-0.753833785675196	0.426607820909455	60	10	0.0824822898264686	0.529851015140486
K03796	group	GERD	0.512608530453525	0.291924030831938	60	60	0.0843736051866545	0.529851015140486
K03923	group	GERD	0.554520370833828	0.327609840678388	60	60	0.0958927575548393	0.529851015140486
K04653	group	GERD	0.349875897882612	0.201269060713137	60	60	0.0874557819505384	0.529851015140486
K04708	group	GERD	0.751213133666994	0.438402896474441	60	29	0.0919571948520585	0.529851015140486
K05338	group	GERD	-1.31478481851026	0.768548564434218	60	32	0.0924738262449644	0.529851015140486
K05346	group	GERD	-0.712790087939704	0.419734884384388	60	60	0.0948310983531758	0.529851015140486
K05356	group	GERD	0.311698632173562	0.184864748347412	60	7	0.097151302505449	0.529851015140486
K05371	group	GERD	0.311698632173562	0.184864748347412	60	7	0.097151302505449	0.529851015140486
K05572	group	GERD	0.311698632173562	0.184864748347412	60	7	0.097151302505449	0.529851015140486
K05573	group	GERD	0.311698632173562	0.184864748347412	60	7	0.097151302505449	0.529851015140486
K05575	group	GERD	0.311698632173564	0.184864748347411	60	7	0.0971513025054468	0.529851015140486
K05578	group	GERD	0.311698632173562	0.184864748347412	60	7	0.097151302505449	0.529851015140486
K05579	group	GERD	0.311698632173562	0.184864748347412	60	7	0.097151302505449	0.529851015140486
K05580	group	GERD	0.311698632173562	0.184864748347412	60	7	0.097151302505449	0.529851015140486
K05581	group	GERD	0.311698632173562	0.184864748347412	60	7	0.097151302505449	0.529851015140486
K05582	group	GERD	0.311698632173562	0.184864748347412	60	7	0.097151302505449	0.529851015140486
K05583	group	GERD	0.311698632173562	0.184864748347412	60	7	0.097151302505449	0.529851015140486
K05584	group	GERD	0.311698632173562	0.184864748347412	60	7	0.097151302505449	0.529851015140486
K05585	group	GERD	0.311698632173562	0.184864748347412	60	7	0.097151302505449	0.529851015140486
K05597	group	GERD	-0.819807859990866	0.466395025866361	60	58	0.0840657438668196	0.529851015140486
K05882	group	GERD	-0.888199353178254	0.508183754837973	60	31	0.0857923042514304	0.529851015140486
K05964	group	GERD	0.489021059965615	0.27720228688751	60	60	0.0829759057446144	0.529851015140486
K06198	group	GERD	-0.434777527738176	0.247640861841751	60	60	0.0844232346243915	0.529851015140486
K06286	group	GERD	-0.423426079592188	0.244640295237692	60	60	0.0888028720195409	0.529851015140486
K06381	group	GERD	0.243797451964416	0.139540116771595	60	60	0.0859045949284868	0.529851015140486
K06412	group	GERD	0.231071846417927	0.135354800224558	60	60	0.0931416385082001	0.529851015140486
K06864	group	GERD	0.350945602812596	0.2007313215366	60	60	0.0856973905168595	0.529851015140486
K06898	group	GERD	0.342749357752951	0.20219923405106	60	60	0.0954180624140847	0.529851015140486
K06900	group	GERD	-1.14031678879556	0.643181409243704	60	16	0.081490953217925	0.529851015140486
K06907	group	GERD	0.390938523037333	0.226951515692058	60	60	0.0902961774314298	0.529851015140486
K07132	group	GERD	0.452882288731538	0.26703626591817903	60	60	0.0952558246464475	0.529851015140486
K07213	group	GERD	0.28784126930518	0.165587293684517	60	60	0.0874635673380928	0.529851015140486
K07274	group	GERD	0.501485535680417	0.288230207775149	60	60	0.0871845625680077	0.529851015140486
K07285	group	GERD	0.549206532161954	0.320107762777454	60	60	0.0915562103916815	0.529851015140486
K07312	group	GERD	-1.22724221551608	0.692434593768978	60	30	0.0815870373503003	0.529851015140486
K07317	group	GERD	0.535443047819407	0.303097438043013	60	60	0.0825619857366648	0.529851015140486
K07458	group	GERD	0.281915147256248	0.162224436247185	60	60	0.0875516706437662	0.529851015140486
K07473	group	GERD	0.250338703496338	0.14342010558286	60	60	0.0861949342690169	0.529851015140486
K07486	group	GERD	0.476737248572761	0.273785221585891	60	60	0.0869362893983697	0.529851015140486
K07576	group	GERD	0.317814609449059	0.182185105961801	60	60	0.0863762440933023	0.529851015140486
K07636	group	GERD	0.219300349504553	0.128052712945984	60	60	0.0921319774073152	0.529851015140486
K07769	group	GERD	0.311698632173562	0.184864748347412	60	7	0.097151302505449	0.529851015140486
K07978	group	GERD	0.311698632173562	0.184864748347412	60	7	0.097151302505449	0.529851015140486
K08301	group	GERD	0.0611345786129838	0.0361488565738997	60	60	0.0961678954349236	0.529851015140486
K08902	group	GERD	0.311698632173562	0.184864748347412	60	7	0.097151302505449	0.529851015140486
K08903	group	GERD	0.311698632173562	0.184864748347412	60	7	0.097151302505449	0.529851015140486
K08906	group	GERD	0.311698632173562	0.184864748347412	60	7	0.097151302505449	0.529851015140486
K09516	group	GERD	0.423951549951702	0.240235578980213	60	60	0.0828736426739465	0.529851015140486
K09705	group	GERD	-0.532684777810912	0.312894499925486	60	60	0.0940269333338675	0.529851015140486
K09968	group	GERD	0.685041200266048	0.38928429171537	60	60	0.083724177474474	0.529851015140486
K10039	group	GERD	-0.403036611034466	0.238888303476779	60	60	0.0969493157181231	0.529851015140486
K10041	group	GERD	-0.421985522264732	0.239498975430574	60	60	0.0833470788543979	0.529851015140486
K10762	group	GERD	-0.628622860933029	0.368789607262548	60	15	0.0936289718124162	0.529851015140486
K11071	group	GERD	-0.181208934915617	0.106018087531455	60	60	0.0927551153766197	0.529851015140486
K11072	group	GERD	-0.184741903260679	0.104520569590029	60	60	0.0824018838527703	0.529851015140486
K11214	group	GERD	1.03205049825281	0.610016394819335	60	32	0.0960429945101888	0.529851015140486
K11521	group	GERD	0.311698632173562	0.184864748347412	60	7	0.097151302505449	0.529851015140486
K11631	group	GERD	-0.75773963707257	0.435900424216224	60	10	0.0874588327463082	0.529851015140486
K11632	group	GERD	-0.75773963707257	0.435900424216224	60	10	0.0874588327463082	0.529851015140486
K11688	group	GERD	0.719593750822878	0.423277966874491	60	60	0.0944787495398125	0.529851015140486
K12136	group	GERD	0.778775988052687	0.454523855623856	60	60	0.091981943337917	0.529851015140486
K13287	group	GERD	0.610480900239802	0.361290452428694	60	16	0.0964498537291963	0.529851015140486
K13677	group	GERD	-0.321556264534357	0.19036763080856	60	60	0.0965635235699067	0.529851015140486
K13799	group	GERD	0.311698632173562	0.184864748347412	60	7	0.097151302505449	0.529851015140486
K13940	group	GERD	-0.257748062634327	0.150164136303918	60	60	0.0914180575532478	0.529851015140486
K14155	group	GERD	0.201851007227078	0.114289265779652	60	60	0.0826346791965707	0.529851015140486
K14330	group	GERD	0.311698632173562	0.184864748347412	60	7	0.097151302505449	0.529851015140486
K14331	group	GERD	0.311698632173562	0.184864748347412	60	7	0.097151302505449	0.529851015140486
K14518	group	GERD	0.311698632173562	0.184864748347412	60	7	0.097151302505449	0.529851015140486
K14605	group	GERD	0.311698632173562	0.184864748347412	60	7	0.097151302505449	0.529851015140486
K14606	group	GERD	0.311698632173562	0.184864748347412	60	7	0.097151302505449	0.529851015140486
K14742	group	GERD	0.0771384149392536	0.043954779328051	60	60	0.0845488961539329	0.529851015140486
K15226	group	GERD	0.311698632173562	0.184864748347412	60	7	0.097151302505449	0.529851015140486
K15515	group	GERD	0.808382069803075	0.469529980669372	60	46	0.0904568242296109	0.529851015140486
K15584	group	GERD	0.424629247787754	0.241383979863442	60	60	0.0838271626536103	0.529851015140486
K15585	group	GERD	0.426371688235489	0.242350753789197	60	60	0.0837976358738989	0.529851015140486
K15587	group	GERD	0.322185366779086	0.189120559463444	60	60	0.0938092845057045	0.529851015140486
K15669	group	GERD	0.485523855678787	0.279334347816005	60	60	0.0874918744427399	0.529851015140486
K15773	group	GERD	0.672282789252539	0.397181625832743	60	60	0.0958910569676432	0.529851015140486
K16127	group	GERD	0.311698632173562	0.184864748347412	60	7	0.097151302505449	0.529851015140486
K16555	group	GERD	0.529591533539932	0.307639642053114	60	11	0.0904963572774108	0.529851015140486
K16567	group	GERD	0.518724748161183	0.300934165959436	60	10	0.0900865237470072	0.529851015140486
K16963	group	GERD	0.366186598659615	0.210864225236116	60	60	0.0877670175936049	0.529851015140486
K17759	group	GERD	0.102004441967271	0.0588945785929452	60	60	0.088592190208595	0.529851015140486
K18472	group	GERD	-0.455407334142912	0.266782141936621	60	8	0.0931637767626687	0.529851015140486
K18480	group	GERD	0.739457752165033	0.427118882820074	60	60	0.0887204855900283	0.529851015140486
K18891	group	GERD	-0.437120637228811	0.247477755721989	60	60	0.0826073557184841	0.529851015140486
K18892	group	GERD	-0.437120637228811	0.247477755721989	60	60	0.0826073557184841	0.529851015140486
K19003	group	GERD	0.311698632173562	0.184864748347412	60	7	0.097151302505449	0.529851015140486
K19091	group	GERD	0.278753582191224	0.161204348779698	60	60	0.0890940397130169	0.529851015140486
K19221	group	GERD	0.262519122436492	0.153953805533273	60	60	0.0935117647454459	0.529851015140486
K19611	group	GERD	0.631035465585024	0.357107796129566	60	60	0.0824770236948194	0.529851015140486
K01761	group	GERD	0.321821715410615	0.191072649313139	60	60	0.097500440922384607	0.530412639105837
K02240	group	GERD	-0.407195360806216	0.241777858077002	60	60	0.0975234334756504	0.530412639105837
K02243	group	GERD	-0.407201126268729	0.241779093268729	60	60	0.0975204727442597	0.530412639105837
K03779	group	GERD	0.434386130522028	0.2584020996185	60	60	0.0981318653158547	0.53275254489839
K06404	group	GERD	0.445265951911206	0.264875778461996	60	60	0.0981338838623726	0.53275254489839
K07031	group	GERD	0.362541947145164	0.215760959197367	60	60	0.0982789244686005	0.533050460053547
K09474	group	GERD	0.379777313719422	0.226097835918054	60	60	0.0983945166058569	0.533188251305065
K01751	group	GERD	0.31566037972268	0.188012979868187	60	60	0.0985462166917145	0.533521275715583
K03148	group	GERD	0.257896124610838	0.153713764133663	60	60	0.0987737118385494	0.53382778065769
K03471	group	GERD	-0.39768185883123103	0.237226301591908	60	60	0.0990462273107745	0.53382778065769
K05565	group	GERD	-0.443747321302274	0.264733477920575	60	60	0.0990812101706274	0.53382778065769
K09810	group	GERD	0.088533290898906	0.0528352301090964	60	60	0.0991905186777997	0.53382778065769
K09976	group	GERD	-0.404614353203755	0.2415468295735	60	60	0.099299271227867	0.53382778065769
K11144	group	GERD	-0.404932321403983	0.241653317305016	60	60	0.0991854442222479	0.53382778065769
K16924	group	GERD	-0.319104887849105	0.190424841198735	60	60	0.0991701148483401	0.53382778065769
K18692	group	GERD	-0.404581271074912	0.241546040425165	60	60	0.0993251959951723	0.53382778065769
K11689	group	GERD	0.676630162217602	0.404170403166608	60	60	0.0994918222676623	0.534237650541707
K03780	group	GERD	0.431322781032005	0.25785139077603503	60	60	0.0997614063516749	0.534430799022278
K07494	group	GERD	0.871399962936721	0.520967579387165	60	49	0.0997812852664525	0.534430799022278
K19731	group	GERD	0.738985931027225	0.441827301862978	60	16	0.0997989854737136	0.534430799022278
K09019	group	GERD	-0.59593122913752306	0.356505054925923	60	60	0.0999920914614305	0.534496604629274
K16784	group	GERD	-0.473739259190415	0.283329295642103	60	60	0.0999024879383242	0.534496604629274
K05499	group	GERD	0.721509144030469	0.431968559921975	60	60	0.100252306062787	0.534920246789889
K08194	group	GERD	0.667530239397824	0.399575605348758	60	60	0.10018944319422	0.534920246789889
K00425	group	GERD	0.147142875476223	0.0881317872265826	60	60	0.100392227891817	0.535008289568306
K02109	group	GERD	0.0370993582291896	0.0222266361385088	60	60	0.100479427864589	0.535008289568306
K06195	group	GERD	0.50505894523703	0.302641829889525	60	60	0.100540292576182	0.535008289568306
K07777	group	GERD	0.359108518531584	0.21536306400884	60	60	0.100814940002951	0.535987342893389
K06016	group	GERD	0.371108982548912	0.222833435627898	60	60	0.101224128052311	0.537575588924117
K18923	group	GERD	0.758545720265181	0.455568427272886	60	60	0.101295535531371	0.537575588924117
K01785	group	GERD	0.166034096023243	0.0997491152301053	60	60	0.101403053232482	0.537663543238056
K00968	group	GERD	0.35201774677822	0.211646587908123	60	60	0.101660678414047	0.538064396404515
K02437	group	GERD	0.104166519457667	0.0626171979439632	60	60	0.101598163665257	0.538064396404515
K03564	group	GERD	0.0528333026162751	0.0317943186351312	60	60	0.101964967258348	0.538710354272881
K09712	group	GERD	0.338111035765843	0.203427771229795	60	60	0.101894934502697	0.538710354272881
K06888	group	GERD	0.440635408382577	0.265411079079454	60	60	0.102271915351423	0.539849610319298
K00464	group	GERD	0.371908412141414	0.224105444611676	60	9	0.102408419225366	0.540087934398182
K19051	group	GERD	1.33864730425521	0.807804024520614	60	40	0.102890639135686	0.542147467531353
K00940	group	GERD	-0.145534553623892	0.0879100924732701	60	60	0.103226062492518	0.543034177849371
K01819	group	GERD	-0.331782985516605	0.200529715798141	60	60	0.103421639235468	0.543034177849371
K03642	group	GERD	0.215493137363455	0.130261795036914	60	60	0.10346744450839	0.543034177849371
K06219	group	GERD	0.840975614186457	0.508431378759434	60	59	0.10351818647433	0.543034177849371
K13280	group	GERD	0.368952164944648	0.223036712424469	60	60	0.103485057007299	0.543034177849371
K05966	group	GERD	0.449159337915786	0.271749652868784	60	60	0.103766624403603	0.543498085435482
K09815	group	GERD	-0.140583645896872	0.0850616968524672	60	60	0.103790483500788	0.543498085435482
K00426	group	GERD	0.145116290099732	0.0879551829831909	60	60	0.104371607330111	0.544611599766653
K06871	group	GERD	0.230259774579977	0.139548956849348	60	60	0.104342942104922	0.544611599766653
K11041	group	GERD	-0.369951401279237	0.224192342799605	60	60	0.104317657247004	0.544611599766653
K19268	group	GERD	0.322388921775235	0.195265096644399	60	60	0.104137131837125	0.544611599766653
K01031	group	GERD	-0.564613421987585	0.342327141702346	60	60	0.10448464275412	0.544720641942113
K00382	group	GERD	-0.102387311482659	0.0621317341023275	60	60	0.104779252047404	0.545294839880502
K07228	group	GERD	-0.603362696881463	0.366077221628566	60	9	0.104722136517468	0.545294839880502
K01840	group	GERD	0.134338794937746	0.0816127372489859	60	60	0.105161932218259	0.54621591932404
K03449	group	GERD	-0.398376234195223	0.242089068813097	60	60	0.105260040704293	0.54621591932404
K09973	group	GERD	0.44466793614937	0.270227323795349	60	60	0.105269197007751	0.54621591932404
K19171	group	GERD	0.656586215197665	0.399077689502143	60	60	0.105325803117288	0.54621591932404
K17734	group	GERD	0.436943374985844	0.265674945151911	60	60	0.105451031580914	0.546386063721617
K00606	group	GERD	0.10391685133576	0.0632908677793295	60	60	0.106023936726513	0.548873479796097
K02398	group	GERD	0.348499485889885	0.2124628854699	60	60	0.106359045670915	0.550126577433466
K07171	group	GERD	0.254997306404116	0.155546445280932	60	60	0.106550943836263	0.55063739506992
K00448	group	GERD	-0.660740722456768	0.403488262751327	60	60	0.106925948090174	0.552092755553808
K00712	group	GERD	-0.492799807607752	0.30109405941822	60	60	0.107109081084915	0.552555748144868
K06909	group	GERD	0.590892865240848	0.361739708677611	60	60	0.107786472631955	0.55430409104088
K07173	group	GERD	0.0645877692345416	0.0395342602070524	60	60	0.107735654983427	0.55430409104088
K07652	group	GERD	-0.387874864609388	0.237535180681662	60	60	0.10790452467027	0.55430409104088
K10954	group	GERD	0.703211974387209	0.430398053725458	60	60	0.107704515617525	0.55430409104088
K11031	group	GERD	0.331649658541648	0.203110001349209	60	60	0.107916780918142	0.55430409104088
K11787	group	GERD	0.736345337487027	0.451178583181302	60	19	0.108087545014916	0.554699276152936
K00123	group	GERD	0.361787163115386	0.221801280462516	60	60	0.10828131180773	0.554730602605978
K05341	group	GERD	0.505702768238467	0.309949626928431	60	60	0.108189864670084	0.554730602605978
K00640	group	GERD	0.077097247403753	0.0474304869901135	60	60	0.109482730166812	0.558290760076115
K01687	group	GERD	-0.0907547011081314	0.055793189095911	60	60	0.109237855320616	0.558290760076115
K02786	group	GERD	-0.327949783561777	0.201790764366034	60	60	0.109542841963514	0.558290760076115
K02826	group	GERD	-0.87147757006954	0.536000923545747	60	17	0.109395349955722	0.558290760076115
K03484	group	GERD	-0.349976539868289	0.215124221313023	60	60	0.109188637032438	0.558290760076115
K09988	group	GERD	0.408488457799053	0.251192230242864	60	60	0.109329141379239	0.558290760076115
K01220	group	GERD	-0.327118925868991	0.201403987878982	60	60	0.10975749537848	0.558540783797061
K11473	group	GERD	0.374480110472974	0.230579314810121	60	60	0.109780850942521	0.558540783797061
K03885	group	GERD	0.153064073207042	0.094339885440506	60	60	0.110125533301339	0.558905305634074
K04656	group	GERD	0.35499451027035	0.218864268303634	60	60	0.110230647220793	0.558905305634074
K06873	group	GERD	0.402677539994017	0.248161974904546	60	11	0.110090080076737	0.558905305634074
K07284	group	GERD	-0.394403500097989	0.243132718135702	60	60	0.110190100262542	0.558905305634074
K19430	group	GERD	-1.24135972356476	0.766185126336332	60	9	0.110618061314667	0.560389013275329
K01661	group	GERD	0.170760893351046	0.105740010669532	60	60	0.111757157403754	0.560574029404488
K02058	group	GERD	0.312396872989698	0.19323025681079	60	60	0.111368073120386	0.560574029404488
K02364	group	GERD	-0.640959412244514	0.395994157788018	60	60	0.110957356129963	0.560574029404488
K02618	group	GERD	-0.662622176199813	0.410317919479124	60	60	0.111760051584804	0.560574029404488
K02788	group	GERD	-0.325921418374122	0.201875587076811	60	60	0.111854007378433	0.560574029404488
K06143	group	GERD	0.343279860614698	0.212647547550542	60	60	0.111887238615916	0.560574029404488
K07280	group	GERD	0.66682427925132	0.412068632967247	60	60	0.111037720128549	0.560574029404488
K07484	group	GERD	0.507976342962991	0.314320059730672	60	60	0.111497155238573	0.560574029404488
K07570	group	GERD	-0.386592372662446	0.239070083024198	60	60	0.111290331253928	0.560574029404488
K09925	group	GERD	0.331539120290878	0.204869848864479	60	60	0.111025743431134	0.560574029404488
K13009	group	GERD	-0.678782368866945	0.419145510411444	60	29	0.110777283745497	0.560574029404488
K15531	group	GERD	0.858276184860782	0.531313757254707	60	47	0.111654730874514	0.560574029404488
K17948	group	GERD	0.62599174758799	0.387736292497607	60	59	0.111851540063059	0.560574029404488
K01361	group	GERD	-0.527352657741856	0.326780025386522	60	60	0.112002193988196	0.560674827144976
K19425	group	GERD	0.762332157145532	0.472618514764254	60	52	0.112173654702547	0.561058076650981
K10206	group	GERD	0.280425226256365	0.174135363070367	60	60	0.112743127692471	0.563429730277165
K11645	group	GERD	0.526278215003327	0.327022017917914	60	60	0.112979703102153	0.564135139138455
K08984	group	GERD	0.30004558594941	0.186675521093069	60	60	0.11341709171743	0.565841220450165
K02527	group	GERD	0.0825891261016887	0.0514385910627832	60	60	0.113796288780477	0.567254350143489
K01571	group	GERD	0.190475029202502	0.118732104005423	60	60	0.114092809055238	0.568253316878322
K00025	group	GERD	0.661439963288498	0.412632768370492	60	60	0.114372762694715	0.56916815913397
K00151	group	GERD	-0.727872098845475	0.454468029897323	60	59	0.114679051155283	0.569968436005789
K00876	group	GERD	0.154912507478271	0.0970994927846924	60	60	0.116057965682448	0.569968436005789
K01206	group	GERD	0.232930312736987	0.145626399028219	60	60	0.115141979841932	0.569968436005789
K01487	group	GERD	0.326555463729667	0.204705470513955	60	60	0.116092508609773	0.569968436005789
K01918	group	GERD	0.0901379830284728	0.0563155687600134	60	60	0.114901776138372	0.569968436005789
K02082	group	GERD	-0.388544434890348	0.24293329580841	60	60	0.115168390444167	0.569968436005789
K03784	group	GERD	-0.13356270699579	0.0837668548208428	60	60	0.116268933325944	0.569968436005789
K04767	group	GERD	-0.353755384532682	0.221809124787322	60	60	0.116177911422588	0.569968436005789
K07181	group	GERD	0.288032769035909	0.180271753486984	60	60	0.115528567876705	0.569968436005789
K08139	group	GERD	-0.692423660856634	0.4338730422762	60	59	0.115943142019515	0.569968436005789
K08641	group	GERD	0.2070795650349	0.129569730578072	60	60	0.115430590335869	0.569968436005789
K09166	group	GERD	-1.01992777808975	0.63913783715265	60	14	0.115971360990741	0.569968436005789
K09776	group	GERD	-0.611274445625775	0.383062034976401	60	58	0.11597774002839	0.569968436005789
K10805	group	GERD	-0.343502886612963	0.215018628020847	60	60	0.115577716037361	0.569968436005789
K13245	group	GERD	0.695396083155315	0.435474640028231	60	16	0.115729487854857	0.569968436005789
K17723	group	GERD	0.393164911606861	0.246114113533827	60	60	0.115590902247006	0.569968436005789
K19005	group	GERD	-0.394902602133944	0.247396298969968	60	60	0.115871203399721	0.569968436005789
K19170	group	GERD	0.64519908241547	0.403973490656143	60	60	0.115670795285986	0.569968436005789
K06403	group	GERD	0.427861455859309	0.268994448002232	60	60	0.117137002203761	0.573748100272276
K12981	group	GERD	-0.725205780237707	0.45638760684231	60	8	0.117494334406303	0.575021941233496
K01295	group	GERD	0.399974161069404	0.251802167118965	60	60	0.117622493657109	0.575022526832921
K03451	group	GERD	0.34878221506751	0.219664150475529	60	60	0.117769250217087	0.575022526832921
K16214	group	GERD	-0.260223623340075	0.163897414011512	60	60	0.117786244924673	0.575022526832921
K00965	group	GERD	-0.155077237006921	0.0977521671318092	60	60	0.118078635699537	0.575567121777147
K06950	group	GERD	0.219445312392997	0.138331595412125	60	60	0.11809250993161	0.575567121777147
K08738	group	GERD	0.506447797514195	0.31969500196478	60	60	0.118595423237	0.577066783684893
K13570	group	GERD	-0.543469189632528	0.343049694668123	60	60	0.11857959977703	0.577066783684893
K11089	group	GERD	0.637448421442182	0.4026245151781	60	60	0.118806493221706	0.577618411123953
K10536	group	GERD	0.410054610540259	0.259105213309528	60	60	0.118955582375803	0.577868038624277
K01274	group	GERD	-0.506644311769295	0.320887511704956	60	60	0.119801455802108	0.579612349217682
K03931	group	GERD	0.82755557264664	0.523686064318304	60	58	0.119488006879358	0.579612349217682
K09134	group	GERD	-0.317969610207822	0.201272104470104	60	60	0.119591494698052	0.579612349217682
K09795	group	GERD	0.591663576239356	0.374734909216012	60	60	0.119801183613103	0.579612349217682
K11003	group	GERD	0.655234989453094	0.415002578837358	60	59	0.119804852967525	0.579612349217682
K01308	group	GERD	0.317065452862589	0.201241553751818	60	60	0.12056970307797	0.581109598777823
K04024	group	GERD	0.436762415968452	0.277150813069576	60	60	0.120487810691548	0.581109598777823
K04750	group	GERD	-0.370608438120125	0.235248658088193	60	60	0.120605797987211	0.581109598777823
K09924	group	GERD	0.425346006050605	0.269818934893267	60	60	0.120369979257051	0.581109598777823
K12537	group	GERD	-1.17276525225703	0.743739326917023	60	33	0.120269280180724	0.581109598777823
K07025	group	GERD	0.0736207971345676	0.0467646547732552	60	60	0.120861594350885	0.58170344841969
K07257	group	GERD	0.471211197980586	0.299370816390905	60	60	0.120925835268572	0.58170344841969
K02413	group	GERD	0.33797783495484	0.215000187610105	60	60	0.121392990977313	0.582752256645219
K02591	group	GERD	0.578154521524988	0.368031188124815	60	59	0.121636719333593	0.582752256645219
K03387	group	GERD	0.242910017168756	0.154596473042492	60	60	0.121563982760633	0.582752256645219
K11004	group	GERD	0.687131108954664	0.437178144028712	60	58	0.121450282884263	0.582752256645219
K13591	group	GERD	0.736345337487021	0.46855241137009	60	19	0.121498844174826	0.582752256645219
K07069	group	GERD	0.300691097227966	0.191592985805427	60	60	0.12198861802427	0.583964947173669
K00315	group	GERD	-0.774830648575412	0.495056501549386	60	11	0.122991330391715	0.586874509428779
K02429	group	GERD	0.105824303185067	0.0676138944973292	60	60	0.122993490727716	0.586874509428779
K07027	group	GERD	0.217148063586654	0.138719160570112	60	60	0.122934312212039	0.586874509428779
K09888	group	GERD	0.0896147981902174	0.0572261335481406	60	60	0.122794267101744	0.586874509428779
K01155	group	GERD	0.269873098526734	0.172592872593612	60	60	0.123342469230133	0.58759119910439
K12506	group	GERD	0.335503311036301	0.214551502296542	60	60	0.123318345997649	0.58759119910439
K00791	group	GERD	0.0700651759357096	0.0448278714311682	60	60	0.123497045188859	0.587853889820076
K01886	group	GERD	0.0565393202903995	0.0361850671160375	60	60	0.123609579984884	0.587916200217729
K06218	group	GERD	0.221566975060578	0.141922642896842	60	60	0.123921323818135	0.588452101536395
K19353	group	GERD	0.341015369117112	0.218395075043229	60	60	0.123855384460211	0.588452101536395
K18430	group	GERD	0.64851331774379	0.415605440824148	60	60	0.124104257058832	0.58884780716839
K13941	group	GERD	-0.646667648404725	0.414632197928414	60	8	0.124290627124416	0.589259172060583
K07668	group	GERD	-0.360688026889558	0.231531481456186	60	60	0.124712488197025	0.590758372946603
K16147	group	GERD	-0.550488433978777	0.353483735339066	60	60	0.124834054989186	0.590758372946603
K16856	group	GERD	0.654541964825368	0.420381905436823	60	12	0.124906624861849	0.590758372946603
K00087	group	GERD	0.354687230800927	0.22796541400783	60	60	0.125176451658312	0.591561296725769
K19055	group	GERD	-0.189162583921744	0.121620508354747	60	60	0.12530270602795	0.591684982457862
K02073	group	GERD	-0.0884861989222835	0.0569301655307711	60	60	0.125554533554853	0.592400959597996
K00975	group	GERD	-0.156683051798708	0.100982012090403	60	60	0.126199456085751	0.592758906024913
K01055	group	GERD	-0.556152322863215	0.358209722743596	60	60	0.125961511874201	0.592758906024913
K01193	group	GERD	-0.166568019940702	0.107326901456711	60	60	0.126109659387697	0.592758906024913
K01194	group	GERD	0.785195096663983	0.505478569333528	60	58	0.125774943701732	0.592758906024913
K02054	group	GERD	0.444979302932998	0.286813666544771	60	60	0.126231979479933	0.592758906024913
K03195	group	GERD	0.490733891553347	0.316001179971539	60	60	0.125875266786816	0.592758906024913
K01163	group	GERD	0.185315573085787	0.11948281236656	60	60	0.126346164053724	0.592824223718741
K02610	group	GERD	-0.514548679813602	0.332167767186498	60	60	0.126806411434195	0.593570470624672
K02611	group	GERD	-0.514548679813602	0.332167767186498	60	60	0.126806411434195	0.593570470624672
K02612	group	GERD	-0.514548679813602	0.332167767186498	60	60	0.126806411434195	0.593570470624672
K02850	group	GERD	0.481302659420635	0.311001577833034	60	60	0.127160841414798	0.594288454106156
K10824	group	GERD	0.311450651436595	0.201230932395316	60	60	0.127127519639997	0.594288454106156
K18554	group	GERD	0.640132111718296	0.413792807540201	60	12	0.127305889097909	0.594496379420883
K03535	group	GERD	0.639551356255188	0.413898347002983	60	60	0.127739735762641	0.595950806099626
K09161	group	GERD	0.539477309412888	0.349207497613824	60	60	0.127818948263587	0.595950806099626
K02009	group	GERD	0.30942544530682	0.20048762457747701	60	60	0.128181432540205	0.596162664417663
K04782	group	GERD	0.408244308792401	0.264766581440136	60	60	0.128536031785257	0.596162664417663
K05569	group	GERD	-0.398091216301794	0.258098252714976	60	60	0.128414853215934	0.596162664417663
K09825	group	GERD	0.181574700093054	0.1176285832262	60	60	0.128117696812414	0.596162664417663
K11476	group	GERD	-0.723454141143325	0.468986423832056	60	8	0.128368997764977	0.596162664417663
K17733	group	GERD	0.484649939715674	0.314275053729974	60	60	0.128483192693888	0.596162664417663
K18096	group	GERD	0.422635964806172	0.274125335228107	60	12	0.128570263385068	0.596162664417663
K06317	group	GERD	0.376623328980532	0.244363300801279	60	60	0.128696237224264	0.596279117923078
K07586	group	GERD	-0.358908081073592	0.232939637006799	60	60	0.128809623566088	0.596337113956706
K10231	group	GERD	0.474719081579771	0.308328114763056	60	60	0.129082747163999	0.597133960276654
K05567	group	GERD	-0.397271101010146	0.258198882215737	60	60	0.129334223200419	0.597362443406936
K16345	group	GERD	0.209403700601689	0.136089171187346	60	60	0.129309867616894	0.597362443406936
K00638	group	GERD	-1.20902102795543	0.787449998305626	60	48	0.130132389284642	0.597662057702575
K01303	group	GERD	0.482675892360776	0.314062609465475	60	60	0.129761059380051	0.597662057702575
K03811	group	GERD	0.12899109316852	0.0839361462731648	60	60	0.129785894014256	0.597662057702575
K06148	group	GERD	-0.200483418729312	0.13056260948114	60	60	0.130090102547224	0.597662057702575
K07120	group	GERD	0.391877720078023	0.254812088815493	60	60	0.129509012379487	0.597662057702575
K07316	group	GERD	-0.244438144130413	0.159121065824327	60	60	0.129932645533318	0.597662057702575
K11748	group	GERD	0.488806204623427	0.318269571605683	60	60	0.130019058456879	0.597662057702575
K16877	group	GERD	0.380053626292304	0.247649549634008	60	8	0.130308929698684	0.597662057702575
K19339	group	GERD	0.61148016189908	0.398368409461417	60	60	0.130230727781212	0.597662057702575
K11017	group	GERD	0.628007428847465	0.409355711372947	60	60	0.130433388301432	0.5977691408047
K07462	group	GERD	0.0324937473686456	0.0211902309080422	60	60	0.13060688726789	0.598100633251559
K02819	group	GERD	-0.336494052098762	0.219507752359241	60	60	0.13072553918687	0.598180640613604
K07172	group	GERD	0.366011270068929	0.238924384782695	60	60	0.130980715744189	0.598884757524862
K01067	group	GERD	-0.517275389480814	0.337946763104081	60	7	0.131294360981676	0.599854916633437
K00255	group	GERD	-0.865916816800805	0.568018760047319	60	27	0.132830639683753	0.600424510660192
K01265	group	GERD	0.0630604518895972	0.0413516461801344	60	60	0.1326987154351	0.600424510660192
K01478	group	GERD	-0.325827891580097	0.213847647897198	60	60	0.133031738211997	0.600424510660192
K01955	group	GERD	0.0442251428773408	0.0289766372912418	60	60	0.132386607719845	0.600424510660192
K02802	group	GERD	-0.609535317583439	0.399793371469417	60	60	0.132787069405544	0.600424510660192
K03481	group	GERD	-0.425784658554636	0.279522380015713	60	60	0.133128395521165	0.600424510660192
K05571	group	GERD	-0.391541530101475	0.256541728784719	60	60	0.132387868998725	0.600424510660192
K06859	group	GERD	-1.4853380437323	0.975410396815073	60	36	0.133247117386024	0.600424510660192
K07080	group	GERD	0.387977582057817	0.254121513325111	60	60	0.132260855991902	0.600424510660192
K10906	group	GERD	-0.814090774249101	0.532898609206259	60	18	0.132031183937684	0.600424510660192
K11755	group	GERD	0.226834336808011	0.148372249621248	60	60	0.131745164821683	0.600424510660192
K15771	group	GERD	-0.329930087416406	0.216513598284855	60	60	0.13298535991425	0.600424510660192
K16088	group	GERD	0.512329848534266	0.335807691457654	60	60	0.132528412103639	0.600424510660192
K16552	group	GERD	0.523719562458104	0.343867394459265	60	15	0.133185889256473	0.600424510660192
K16556	group	GERD	0.756568810873657	0.496379550418511	60	21	0.132899732695995	0.600424510660192
K17865	group	GERD	0.423457529070954	0.277000082903795	60	60	0.131767970845945	0.600424510660192
K18349	group	GERD	1.43864372612901	0.943467259862127	60	51	0.132731829234	0.600424510660192
K18481	group	GERD	-0.435420198716299	0.28509565463045	60	10	0.132127443571055	0.600424510660192
K03070	group	GERD	-0.0533270747877913	0.0350554397829302	60	60	0.133637858850098	0.601726596741643
K00681	group	GERD	0.322056264015242	0.212131554058831	60	60	0.134398603550345	0.603772449992127
K01674	group	GERD	0.369626158109813	0.243449584861341	60	60	0.1343746917486	0.603772449992127
K05185	group	GERD	0.927043324802695	0.610415360648182	60	17	0.134268347967652	0.603772449992127
K15923	group	GERD	0.202836398042908	0.133702206144734	60	60	0.134679497840036	0.604574936393539
K02418	group	GERD	0.339624311947472	0.223979566468842	60	60	0.134870579009009	0.604662225553933
K08086	group	GERD	0.56263565145180106	0.371085714634671	60	60	0.13490349721002	0.604662225553933
K16645	group	GERD	-0.318884970019841	0.210505072298873	60	7	0.135239865058871	0.605710668354581
K06878	group	GERD	-0.355582548905566	0.234827254091351	60	60	0.13539828704648	0.605961145358662
K01138	group	GERD	0.662862591569583	0.438672577098045	60	59	0.136201513378025	0.607257426162054
K01617	group	GERD	-0.599642835293952	0.39652911242176	60	16	0.135905625451611	0.607257426162054
K02052	group	GERD	0.384266735971602	0.254056673269912	60	60	0.13583083426798	0.607257426162054
K02315	group	GERD	0.29537176941689	0.195387688163398	60	60	0.136034525782854	0.607257426162054
K08976	group	GERD	-0.919972856227107	0.608673704174609	60	21	0.136106449596188	0.607257426162054
K00131	group	GERD	-0.2729411684432	0.180727028725253	60	60	0.136411373759289	0.607422341963031
K10819	group	GERD	-0.44297213040876	0.293339660645877	60	60	0.136447077282829	0.607422341963031
K19167	group	GERD	0.280201764774664	0.185599911658041	60	60	0.136546734179443	0.607422341963031
K07334	group	GERD	0.26736692536274	0.177153592396396	60	60	0.136666685425937	0.60749883025424
K11070	group	GERD	-0.155288992056085	0.102925260630663	60	60	0.136789909437998	0.607589740493949
K09960	group	GERD	0.742495996208629	0.492653993787968	60	56	0.137203827586743	0.608970742261881
K01462	group	GERD	-0.0543822741192208	0.0361259404636672	60	60	0.137660352579011	0.610080962853906
K08974	group	GERD	-0.211796480418659	0.140685585495432	60	60	0.137632854143753	0.610080962853906
K09749	group	GERD	0.376318258123156	0.250147446102455	60	60	0.137908464362366	0.610722727573263
K11066	group	GERD	0.280939502296492	0.186826468056746	60	60	0.13807293008373	0.610993385220816
K03972	group	GERD	0.505376462021313	0.336300863520574	60	60	0.138328838714486	0.611667983904294
K03199	group	GERD	0.405449329145786	0.27076268888526	60	60	0.13970303241895	0.617282756099276
K03605	group	GERD	0.34024021668186	0.227384018427412	60	60	0.139991294510623	0.617633233691646
K10202	group	GERD	0.312819735885083	0.209007250230537	60	60	0.139895419159611	0.617633233691646
K04023	group	GERD	0.374077443355849	0.250154828278714	60	60	0.140235915195995	0.618251104130292
K00172	group	GERD	0.39281261162664	0.262833536042121	60	60	0.140458218499264	0.618309000571591
K02049	group	GERD	0.185167734853518	0.12386563962286	60	60	0.140359754229265	0.618309000571591
K00782	group	GERD	0.145453922470845	0.0973727559634339	60	60	0.140652571602111	0.618440113903666
K01190	group	GERD	0.170608630078164	0.114225423087052	60	60	0.140697218065025	0.618440113903666
K02044	group	GERD	0.240167260567741	0.160964710814847	60	60	0.141105864244479	0.619775534482436
K02075	group	GERD	-0.294528885088991	0.197539341541755	60	60	0.141383473467005	0.62007351271286
K07474	group	GERD	0.390996219741328	0.262211539030447	60	60	0.141341690038571	0.62007351271286
K01646	group	GERD	0.27457120223987	0.184242566940021	60	60	0.141571725138749	0.620438872513183
K00651	group	GERD	0.183272501554093	0.123095783389542	60	60	0.141941625352064	0.621599177097335
K19340	group	GERD	0.486043319364832	0.326632972993012	60	60	0.14215713738642	0.622082158570329
K01580	group	GERD	0.305697715088731	0.205563747172338	60	60	0.142399946927224	0.622683791593011
K01421	group	GERD	-0.331106134911639	0.222993005747558	60	60	0.143004542306139	0.624865376285212
K00603	group	GERD	0.272681150321621	0.183754195629651	60	60	0.143237876953172	0.62496112807908
K16091	group	GERD	-0.269005851786625	0.18124972650469	60	60	0.143177737250039	0.62496112807908
K15555	group	GERD	0.254646805717871	0.171786010370095	60	60	0.143660796544905	0.626344121809352
K00262	group	GERD	0.0715594569343526	0.0484336089367118	60	60	0.144958139996136	0.627950000455849
K01643	group	GERD	0.267449339897614	0.181126023206262	60	60	0.145194076971224	0.627950000455849
K02107	group	GERD	0.281789578211167	0.190618912136266	60	60	0.144741246639968	0.627950000455849
K02414	group	GERD	0.313574465938113	0.212389464681555	60	60	0.145242240584082	0.627950000455849
K02793	group	GERD	-0.340793985139249	0.230348380571042	60	60	0.144425494622241	0.627950000455849
K02851	group	GERD	-0.18206703362434	0.123336376430081	60	60	0.145303721350406	0.627950000455849
K04068	group	GERD	0.0938783147992715	0.0635637419401359	60	60	0.145107556331856	0.627950000455849
K13955	group	GERD	-1.05802996205744	0.716072440392359	60	9	0.144939235675261	0.627950000455849
K18118	group	GERD	-0.359267234379542	0.243029209506664	60	60	0.14474106841547	0.627950000455849
K18640	group	GERD	0.566924543637455	0.383279209907168	60	60	0.144513306296274	0.627950000455849
K19342	group	GERD	0.468401289833214	0.316460880533798	60	60	0.144251960846005	0.627950000455849
K19576	group	GERD	-0.471851587300182	0.319071850533163	60	7	0.144597786913662	0.627950000455849
K04651	group	GERD	0.270858165535435	0.183585100267879	60	60	0.145518140082196	0.627958572383898
K04654	group	GERD	0.325765577623874	0.22078545981374	60	60	0.145490631561486	0.627958572383898
K00938	group	GERD	-0.289448940618442	0.196348080757897	60	60	0.14584525734645	0.627995019251428
K03212	group	GERD	-0.330966857673569	0.224508281620539	60	60	0.145839028160045	0.627995019251428
K10213	group	GERD	0.426747400304064	0.289467282507137	60	60	0.145821481488018	0.627995019251428
K00060	group	GERD	0.56288111664787	0.382141975963562	60	60	0.146167365402943	0.628505841500975
K16146	group	GERD	-0.636804487037099	0.432338795936316	60	59	0.146176510836238	0.628505841500975
K00169	group	GERD	0.388808450140999	0.264133665376309	60	60	0.146422802411016	0.629107273149656
K01236	group	GERD	-0.530424604928814	0.360651190182819	60	60	0.146765788197081	0.630122977357404
K16961	group	GERD	0.409464741309761	0.278546857943441	60	60	0.146965028448071	0.63052049940856
K00560	group	GERD	-0.0385756445097725	0.0262647510486592	60	60	0.147311009886218	0.63063192646439
K00563	group	GERD	-0.334260858281264	0.227487190541482	60	60	0.147138432322423	0.63063192646439
K00882	group	GERD	-0.142349268861212	0.096917460515666	60	60	0.147298830241591	0.63063192646439
K06209	group	GERD	0.201477800728482	0.137338876778303	60	60	0.147774428318394	0.632158046467687
K00027	group	GERD	0.160228260102641	0.109291334379062	60	60	0.148031321520657	0.632341887883039
K15982	group	GERD	-0.376348577250018	0.256662559665819	60	8	0.147963150108417	0.632341887883039
K19341	group	GERD	0.480514080664988	0.327868767563368	60	60	0.14816640067204	0.632461921135811
K10440	group	GERD	0.302700204347852	0.206727700325573	60	60	0.148526108241936	0.63353993645478
K00008	group	GERD	0.330075776087299	0.225568338909879	60	60	0.148781890878655	0.634012029356794
K00566	group	GERD	0.0416232893904926	0.0284529504639201	60	60	0.148898047157893	0.634012029356794
K03620	group	GERD	0.371545914638457	0.25408899308243	60	60	0.149065751151208	0.634012029356794
K08359	group	GERD	-0.763762060710639	0.522310767500829	60	49	0.149063485619979	0.634012029356794
K13017	group	GERD	0.61344209888805	0.419633411940208	60	57	0.149178963549809	0.634037406546707
K01713	group	GERD	0.583788518709671	0.399888148390456	60	60	0.149718745194367	0.634129221373816
K01911	group	GERD	0.174020480600448	0.119132787412717	60	60	0.149486680633562	0.634129221373816
K07712	group	GERD	0.369117673676856	0.252713169743089	60	60	0.149516223673168	0.634129221373816
K13573	group	GERD	-0.582910180117007	0.399301413120975	60	60	0.149733687841516	0.634129221373816
K18997	group	GERD	0.495555191898331	0.339464759344643	60	60	0.149736872976632	0.634129221373816
K01032	group	GERD	-0.512101949121364	0.350924239507301	60	60	0.14987899678196	0.634256606017416
K02008	group	GERD	0.183821984086472	0.126230523042948	60	60	0.150718443025487	0.634256606017416
K03856	group	GERD	-0.145353766143549	0.0996632146790974	60	60	0.150110959321319	0.634256606017416
K09121	group	GERD	0.331042316329471	0.227334664877227	60	60	0.150732498554545	0.634256606017416
K09181	group	GERD	-0.469889645283522	0.322682393470627	60	60	0.150729952551086	0.634256606017416
K16876	group	GERD	0.250955527046444	0.172200386036712	60	7	0.150414196422802	0.634256606017416
K16878	group	GERD	0.250955527046444	0.172200386036712	60	7	0.150414196422802	0.634256606017416
K16879	group	GERD	0.250955527046444	0.172200386036712	60	7	0.150414196422802	0.634256606017416
K18911	group	GERD	-0.38294792968846	0.262758202881547	60	9	0.150395004557502	0.634256606017416
K09002	group	GERD	0.388438195394339	0.266926539906532	60	60	0.150998280355975	0.634923067897954
K01641	group	GERD	-0.282289025810314	0.194106834299165	60	60	0.15125437932657	0.635547896644409
K00053	group	GERD	-0.0826650529698862	0.0569510886487467	60	60	0.152025807545612	0.63656830395561
K09766	group	GERD	0.370977294205181	0.255383028917929	60	60	0.15171512206829	0.63656830395561
K11780	group	GERD	0.28953240148063	0.199474698183708	60	8	0.152035596276272	0.63656830395561
K11781	group	GERD	0.28953240148063	0.199474698183708	60	8	0.152035596276272	0.63656830395561
K12991	group	GERD	-0.587485340651745	0.404563420911398	60	60	0.151849298660785	0.63656830395561
K02428	group	GERD	0.0742035469766086	0.0511659086728861	60	60	0.15237437750247	0.636966283315165
K02803	group	GERD	-0.57701248140887	0.397948546072986	60	60	0.152453871936901	0.636966283315165
K08162	group	GERD	0.723829893348835	0.498946069901223	60	59	0.152245521610127	0.636966283315165
K06223	group	GERD	0.199180715971117	0.137447991930298	60	60	0.152685333651324	0.637482833719368
K00801	group	GERD	0.810047572823001	0.559705557394367	60	22	0.15320370450947	0.637574054390785
K01581	group	GERD	0.272626573449087	0.188277370814545	60	60	0.153000024707159	0.637574054390785
K03379	group	GERD	-0.957577983480096	0.661557873565338	60	31	0.153152202546721	0.637574054390785
K03653	group	GERD	0.274898064568664	0.190005186636312	60	60	0.153338228254773	0.637574054390785
K06906	group	GERD	0.637229901861678	0.439985247334278	60	59	0.152918295121915	0.637574054390785
K17208	group	GERD	0.829268444903462	0.573352991391081	60	11	0.153462090561246	0.637574054390785
K17210	group	GERD	0.829268444903462	0.573352991391081	60	11	0.153462090561246	0.637574054390785
K00045	group	GERD	-1.05046126100623	0.726927381739027	60	45	0.153819520396204	0.637950330803814
K02753	group	GERD	0.918247195886163	0.635507104987346	60	59	0.153865905286326	0.637950330803814
K12941	group	GERD	0.421380908398485	0.291639876004017	60	60	0.153876382227036	0.637950330803814
K07016	group	GERD	0.424045963186525	0.293800804605372	60	60	0.154312460684213	0.639309928216584
K06118	group	GERD	0.742106882251086	0.514928603536353	60	28	0.154910082000665	0.639991897126438
K13776	group	GERD	-0.905307808663685	0.628092311671737	60	27	0.154860272331318	0.639991897126438
K17722	group	GERD	0.42834707195919	0.297132064754655	60	60	0.154791662862766	0.639991897126438
K19138	group	GERD	0.423731588000829	0.293794222903458	60	60	0.154603793332121	0.639991897126438
K08094	group	GERD	0.47189185458815	0.32775112340393	60	60	0.155303531950199	0.641169330230153
K00287	group	GERD	-0.0426967924184263	0.0297067016983711	60	60	0.156012182170882	0.643645513603807
K01585	group	GERD	0.137722292094261	0.0959243207972768	60	60	0.156448125766863	0.643647403990046
K01623	group	GERD	0.261313955240654	0.181870285422263	60	60	0.156143259583798	0.643647403990046
K02030	group	GERD	-0.0938643166410331	0.0653688102056983	60	60	0.15639710268713	0.643647403990046
K04771	group	GERD	-0.0836837221515632	0.0582825133770074	60	60	0.15642262180967	0.643647403990046
K01156	group	GERD	-0.274339827399985	0.191192676510314	60	60	0.156689959004	0.644194045640922
K04655	group	GERD	0.303548946541773	0.211717477584541	60	60	0.157014247532353	0.645078687568639
K03801	group	GERD	-0.207922130241051	0.145127972169438	60	60	0.157317041462264	0.645425641308053
K11692	group	GERD	0.383989776230289	0.267984413365189	60	60	0.157260173461968	0.645425641308053
K02671	group	GERD	0.495439183043273	0.346332264220767	60	60	0.157930211868694	0.647491964332675
K01424	group	GERD	0.0359381642234695	0.0251465544897172	60	60	0.15832557455363	0.647765257274089
K04761	group	GERD	0.082690039851848	0.0578361394584177	60	60	0.158159376576207	0.647765257274089
K07024	group	GERD	-0.134521846559701	0.0941271820577531	60	60	0.158325233833861	0.647765257274089
K03322	group	GERD	0.339599125672116	0.237833155874146	60	60	0.158686668640772	0.648793627250514
K01637	group	GERD	-0.523261157199761	0.367030262392725	60	60	0.159325845971149	0.650058248020311
K08168	group	GERD	-0.586604329030996	0.411436306153749	60	60	0.159301273075667	0.650058248020311
K18337	group	GERD	0.617226374986064	0.432799595062616	60	16	0.15919274106441	0.650058248020311
K12536	group	GERD	-1.07790250976754	0.756317786413609	60	33	0.159459416093463	0.650154529616932
K01269	group	GERD	0.471390978880736	0.331467385449377	60	60	0.160343114131564	0.651694142985485
K01910	group	GERD	0.285506812512368	0.200889154005195	60	60	0.160608654656606	0.651694142985485
K03287	group	GERD	0.471645143650351	0.33144083612632	60	60	0.16008870727185	0.651694142985485
K05838	group	GERD	-0.315183718455011	0.22175020322271	60	60	0.160570999340318	0.651694142985485
K09949	group	GERD	0.246943650252893	0.17372152065215	60	60	0.160528868709071	0.651694142985485
K13794	group	GERD	-0.853144267961683	0.59974634704286	60	15	0.160234854356317	0.651694142985485
K16962	group	GERD	0.399352336647312	0.280824562192814	60	60	0.160361404466538	0.651694142985485
K01449	group	GERD	0.312771705396569	0.22041092419678401	60	60	0.16123952184155	0.653011912443253
K02457	group	GERD	0.406693785948215	0.286886830716857	60	60	0.161654604378982	0.653011912443253
K03563	group	GERD	0.258141115141667	0.182142089402728	60	60	0.161759105069963	0.653011912443253
K05352	group	GERD	-0.410120893098503	0.289253716941944	60	60	0.16158243482117499	0.653011912443253
K07259	group	GERD	0.0752268518095662	0.0530460173520609	60	60	0.161499708749075	0.653011912443253
K09979	group	GERD	0.500140897206751	0.352944585836907	60	60	0.161817058817552	0.653011912443253
K11710	group	GERD	0.2318819908645	0.163516269983405	60	60	0.161513048491488	0.653011912443253
K11924	group	GERD	0.652993833896989	0.460809902862978	60	60	0.161815698627755	0.653011912443253
K00457	group	GERD	-0.551663557325807	0.389626931072621	60	60	0.162159604595536	0.653138677184767
K03152	group	GERD	0.141232216681833	0.0997538808071476	60	60	0.162179901574296	0.653138677184767
K08651	group	GERD	0.738998045986766	0.521952601504371	60	54	0.162172060887051	0.653138677184767
K01004	group	GERD	-0.597599214078645	0.423411479043054	60	60	0.163471395281419	0.653167525523954
K02041	group	GERD	0.235599534620755	0.166800445118118	60	60	0.163157030150396	0.653167525523954
K03197	group	GERD	0.502184917669985	0.355723504733712	60	60	0.163372521391803	0.653167525523954
K03200	group	GERD	0.374960363799791	0.265521090826698	60	60	0.163243629767892	0.653167525523954
K07310	group	GERD	-0.774339500994125	0.548690568992564	60	13	0.163512844684616	0.653167525523954
K11707	group	GERD	0.230991179874626	0.163457014690642	60	60	0.162952606718827	0.653167525523954
K11708	group	GERD	0.231668112889185	0.163728380819853	60	60	0.16242872329177	0.653167525523954
K12252	group	GERD	-0.498606931959248	0.353130576268666	60	7	0.163304002598678	0.653167525523954
K13061	group	GERD	0.527632001503032	0.373589936713343	60	15	0.163196346547968	0.653167525523954
K13285	group	GERD	0.538056415738831	0.381111777335228	60	16	0.163349318683982	0.653167525523954
K13585	group	GERD	0.663599527704017	0.469790595864129	60	18	0.163133663217002	0.653167525523954
K15553	group	GERD	0.270452012817259	0.191584224423155	60	60	0.1633921869459	0.653167525523954
K00054	group	GERD	-0.263686343549926	0.186957314094919	60	60	0.163759635445328	0.653711657496812
K07485	group	GERD	0.455785794250473	0.323275952218144	60	60	0.16391020909756	0.6538712254958
K18934	group	GERD	-0.78718461653277	0.558997960667698	60	55	0.164407755415555	0.655413789626946
K00785	group	GERD	-0.398466992630385	0.283331557998421	60	60	0.164951752008439	0.655529942826339
K03534	group	GERD	0.420869752010226	0.299250019896496	60	60	0.164936326707402	0.655529942826339
K05570	group	GERD	-0.423821001270895	0.301388311334232	60	60	0.164991298194451	0.655529942826339
K11709	group	GERD	0.236353955485409	0.167941941666882	60	60	0.164658811167018	0.655529942826339
K18928	group	GERD	0.139291410933772	0.0989925939823598	60	60	0.164737283647211	0.655529942826339
K00869	group	GERD	-0.260632254232172	0.18548588951572	60	60	0.165315561085294	0.655725461918821
K01597	group	GERD	-0.261215871670083	0.185878278858706	60	60	0.16526420848494	0.655725461918821
K07406	group	GERD	0.85961413307491	0.61185218045172	60	60	0.165373251644276	0.655725461918821
K09961	group	GERD	0.66836811842622	0.475893788810544	60	57	0.165518206378335	0.655860345917369
K03076	group	GERD	-0.0433722544156422	0.0308933255337101	60	60	0.165669923103426	0.656021825443705
K18929	group	GERD	0.138895212201962	0.0989623163243982	60	60	0.165794429563393	0.656075413372678
K14260	group	GERD	-0.180185867785173	0.128522802313816	60	60	0.166251769927956	0.65744512629704
K09770	group	GERD	0.351410677142908	0.250725838761378	60	60	0.166371417041545	0.657478487666853
K10108	group	GERD	0.756512118088849	0.540272971726784	60	59	0.166768180533136	0.657727473857173
K10109	group	GERD	0.756512118088849	0.540272971726784	60	59	0.166768180533136	0.657727473857173
K15533	group	GERD	0.313864408542688	0.224081669755275	60	60	0.166640349133975	0.657727473857173
K06921	group	GERD	0.370410967530703	0.264643065942687	60	60	0.166940480656365	0.65796808109362
K03928	group	GERD	-0.294250254116167	0.210327522499945	60	60	0.16713519697156	0.658296658558204
K18147	group	GERD	-0.793433317865129	0.567313503489727	60	18	0.167263493030148	0.658363362712539
K16568	group	GERD	0.700712519806225	0.501228341280039	60	23	0.167439566550914	0.658617909147709
K00067	group	GERD	0.0572519004778484	0.0410033436429708	60	60	0.167953229003775	0.659123580987473
K04652	group	GERD	0.247045632059173	0.17686080507742	60	60	0.167784761611602	0.659123580987473
K15554	group	GERD	0.261197545349341	0.187094763086622	60	60	0.168014079253742	0.659123580987473
K15772	group	GERD	-0.295177718338884	0.211424116621438	60	60	0.16799328573755	0.659123580987473
K00556	group	GERD	0.421990434300615	0.30322603738717	60	60	0.169336958719528	0.659286410295497
K00652	group	GERD	-0.196224535693878	0.14074775312714	60	60	0.16858818155818	0.659286410295497
K00952	group	GERD	0.370786446446623	0.266442025728107	60	60	0.169351441975989	0.659286410295497
K01974	group	GERD	0.644125149988653	0.463114871886509	60	59	0.169582966820265	0.659286410295497
K02277	group	GERD	-0.897190037298574	0.644833127971646	60	26	0.169432621280965	0.659286410295497
K02549	group	GERD	-0.223158261852737	0.160116573562471	60	60	0.168718556235194	0.659286410295497
K03337	group	GERD	-0.551688653827528	0.397318920006028	60	60	0.170285918220775	0.659286410295497
K03647	group	GERD	-0.273750690138868	0.197059105111689	60	60	0.170088570776281	0.659286410295497
K06196	group	GERD	-0.176926957879804	0.126803408059106	60	60	0.168249539169645	0.659286410295497
K06915	group	GERD	-0.205470977956839	0.147780167473124	60	60	0.169725261677756	0.659286410295497
K06996	group	GERD	0.478710963190166	0.344060141284766	60	60	0.169430776835046	0.659286410295497
K07270	group	GERD	-0.376123650482214	0.270786360179449	60	60	0.170141655519221	0.659286410295497
K07459	group	GERD	0.340103364479145	0.243835946736328	60	60	0.168394017183434	0.659286410295497
K08604	group	GERD	-0.521937475153203	0.375582163778835	60	7	0.169938804785827	0.659286410295497
K09937	group	GERD	0.341295062180956	0.245654861744653	60	60	0.170044135576026	0.659286410295497
K10714	group	GERD	0.383339072674477	0.275600909928838	60	10	0.169562754748031	0.659286410295497
K11991	group	GERD	-0.0827650701213025	0.0594217878659046	60	60	0.168984238337483	0.659286410295497
K12954	group	GERD	-0.534580133616136	0.384577750291242	60	60	0.169827443361753	0.659286410295497
K16216	group	GERD	-0.84060189479557	0.60372409951118	60	19	0.169128594433462	0.659286410295497
K17244	group	GERD	0.552876578322817	0.398129271674144	60	16	0.170238219788862	0.659286410295497
K00265	group	GERD	0.230299472695673	0.16612028768229	60	60	0.170949030487362	0.660511983755294
K01531	group	GERD	-0.316098517272802	0.228174387033474	60	60	0.171254197262907	0.660511983755294
K06946	group	GERD	0.457103853985973	0.329759214824225	60	60	0.170999757662089	0.660511983755294
K16256	group	GERD	0.368512911252045	0.26609180111832	60	10	0.171384537056939	0.660511983755294
K16257	group	GERD	0.368512911252045	0.26609180111832	60	10	0.171384537056939	0.660511983755294
K16258	group	GERD	0.368512911252045	0.26609180111832	60	10	0.171384537056939	0.660511983755294
K16259	group	GERD	0.368512911252045	0.26609180111832	60	10	0.171384537056939	0.660511983755294
K06891	group	GERD	-0.253348205165184	0.183013377620561	60	60	0.171565256249319	0.66077771657718
K02007	group	GERD	0.18296016474629	0.132206447313156	60	60	0.171692513385988	0.660837330167943
K03525	group	GERD	0.1527028884154	0.110482786086303	60	60	0.172228049066114	0.662467290877596
K07792	group	GERD	0.350915135995678	0.254021365660638	60	60	0.172442694510109	0.662861644956934
K07315	group	GERD	0.301582919627619	0.218436399796083	60	60	0.172685983796112	0.663365520599488
K01197	group	GERD	0.306031281298369	0.221800414171322	60	60	0.172956789000632	0.663974374397233
K13829	group	GERD	-0.621906394980319	0.451156365288348	60	59	0.173351725693117	0.664627368545855
K14393	group	GERD	-0.506475118603266	0.367343785652352	60	60	0.173266500608459	0.664627368545855
K01638	group	GERD	-0.481969493132085	0.349974964809927	60	60	0.173756566722998	0.665747778656102
K10211	group	GERD	-0.32740257280608	0.238027206342684	60	7	0.174270782639528	0.667285535599022
K15770	group	GERD	-0.288191798393539	0.209611095428964	60	60	0.174454459475153	0.667556481823367
K03644	group	GERD	0.0738020027012818	0.0537237498276318	60	60	0.174811507095821	0.668490058182726
K13954	group	GERD	-0.505982228550368	0.368727442063967	60	60	0.175272973419828	0.669821473082111
K03669	group	GERD	0.682712608667214	0.49790715831667	60	60	0.1756058772433	0.670660172004127
K04019	group	GERD	0.356723214789286	0.260436698311611	60	60	0.176056653951595	0.671081198041153
K05782	group	GERD	-0.553623420203753	0.403997881407651	60	60	0.175854722115607	0.671081198041153
K17213	group	GERD	0.404133316403027	0.295017682195686	60	60	0.176010206528205	0.671081198041153
K07465	group	GERD	-0.513429560231756	0.375136911462074	60	60	0.176387994468395	0.6719109686193
K19075	group	GERD	0.358513528987342	0.262078579995242	60	60	0.176600805207378	0.672288448413404
K03403	group	GERD	0.509700721933625	0.373368921879467	60	17	0.177481181976588	0.673471596820017
K04035	group	GERD	0.509700721933625	0.373368921879467	60	17	0.177481181976588	0.673471596820017
K04038	group	GERD	0.509700721933625	0.373368921879467	60	17	0.177481181976588	0.673471596820017
K04040	group	GERD	0.509700721933625	0.373368921879467	60	17	0.177481181976588	0.673471596820017
K07168	group	GERD	-1.05725619168854	0.773934345645802	60	51	0.177187499972581	0.673471596820017
K03814	group	GERD	0.171782461394987	0.125910173291785	60	60	0.177735765205418	0.674005031362687
K18926	group	GERD	0.423034431999616	0.310223743904279	60	60	0.177949405387838	0.674382618367242
K07160	group	GERD	0.275208483818884	0.201884903397093	60	60	0.178089748442625	0.674482122224729
K07232	group	GERD	0.330146971999441	0.242320403430135	60	60	0.178326483792618	0.674514505554676
K12661	group	GERD	1.47443694116857	1.08198424165589	60	40	0.178239964679777	0.674514505554676
K07038	group	GERD	0.315939330107663	0.232058350412238	60	60	0.178632446114368	0.675239783521831
K02403	group	GERD	0.343615409865629	0.252678290226848	60	60	0.179126739418812	0.676675580475409
K03428	group	GERD	0.503627277559599	0.370475932414331	60	17	0.179279970361542	0.676821957073714
K00870	group	GERD	0.463821437275588	0.341287877286326	60	60	0.179397581651719	0.676833760513696
K00672	group	GERD	0.385367755608211	0.285287007481795	60	12	0.182003788715466	0.681225112192018
K00851	group	GERD	0.258580295124158	0.191316148099071	60	60	0.181755705399175	0.681225112192018
K01876	group	GERD	-0.04130231161227	0.0305117589931404	60	60	0.181099129722774	0.681225112192018
K01915	group	GERD	0.0603196808353301	0.0446696367150465	60	60	0.182149239149292	0.681225112192018
K03670	group	GERD	0.707391039092108	0.523150798975371	60	59	0.18156867954113	0.681225112192018
K05568	group	GERD	-0.394640807739267	0.292452298227307	60	60	0.182446337094432	0.681225112192018
K06605	group	GERD	-1.13404608779263	0.840635563980123	60	45	0.182569331327122	0.681225112192018
K07045	group	GERD	0.204539856048112	0.151620523098915	60	60	0.182572297282151	0.681225112192018
K07062	group	GERD	-0.29345097214327	0.217470111777228	60	60	0.182457224143168	0.681225112192018
K07496	group	GERD	0.363244781875567	0.268840967472724	60	60	0.181894250981697	0.681225112192018
K07504	group	GERD	-0.383284779924419	0.284114516196298	60	60	0.182564168296731	0.681225112192018
K07775	group	GERD	-0.376622870542185	0.27922260197423	60	60	0.182635622940519	0.681225112192018
K09154	group	GERD	0.385367755608211	0.285287007481795	60	12	0.182003788715466	0.681225112192018
K10913	group	GERD	-0.49565427865966	0.367311736656957	60	7	0.182449211848364	0.681225112192018
K10948	group	GERD	-0.49565427865966	0.367311736656957	60	7	0.182449211848364	0.681225112192018
K19002	group	GERD	-0.258062641232067	0.191138502510949	60	60	0.182218284333629	0.681225112192018
K19224	group	GERD	-0.542486955583729	0.40205342423561	60	10	0.182487413860966	0.681225112192018
K19237	group	GERD	0.548942880222003	0.405143530049121	60	59	0.180692577516357	0.681225112192018
K06929	group	GERD	-0.306440358112826	0.227265434110167	60	60	0.182778047382517	0.68132649188237
K02402	group	GERD	0.339594563189657	0.251993044969752	60	60	0.183016654486654	0.68178604998431
K01810	group	GERD	0.0301505866363849	0.0223893938139855	60	60	0.18333318148613	0.682304975353466
K08255	group	GERD	-0.503903412388018	0.374438170473619	60	7	0.183617594010041	0.682304975353466
K10110	group	GERD	0.728660657072762	0.541187518626176	60	59	0.183408563015649	0.682304975353466
K11442	group	GERD	-0.503903412388018	0.374438170473619	60	7	0.183617594010041	0.682304975353466
K09729	group	GERD	0.294993447354187	0.2192833054655	60	60	0.183777015672716	0.68238733528583
K13876	group	GERD	0.233062204766489	0.173284287492816	60	9	0.183870606412437	0.68238733528583
K18474	group	GERD	-0.335101836448698	0.249227043876489	60	60	0.184000900095907	0.682442485173777
K10441	group	GERD	0.279382436919255	0.207893518108606	60	60	0.184223214638858	0.682838648868295
K09771	group	GERD	-0.343382211996604	0.255604849494981	60	60	0.184371926871862	0.68296167397647
K00925	group	GERD	-0.0376834224155959	0.0280874436245617	60	60	0.184940065303084	0.684637236112606
K03897	group	GERD	-0.990907064072863	0.739016098882331	60	51	0.185198247849307	0.684735485481616
K07175	group	GERD	0.295563864516044	0.220386681546751	60	60	0.185111576824055	0.684735485481616
K01372	group	GERD	0.192677385266267	0.143764773938108	60	60	0.185398386100568	0.685047036641599
K15269	group	GERD	-0.41754127613522	0.31201984393057	60	60	0.186057879919861	0.687054457268093
K03087	group	GERD	0.325190899921758	0.243228890610963	60	60	0.186451287598178	0.68807741091163
K03409	group	GERD	0.356410148456865	0.266702652131078	60	60	0.186651601805771	0.688196670957972
K11533	group	GERD	-0.3450852405648	0.258332001829698	60	60	0.186826051412546	0.688196670957972
K14055	group	GERD	0.442010742214715	0.330895929301393	60	60	0.18683282423673	0.688196670957972
K03091	group	GERD	0.171073160729694	0.128308198298164	60	60	0.187646987172196	0.68862134584855506
K03840	group	GERD	0.686501923078537	0.514856763894943	60	59	0.187619097249752	0.68862134584855506
K07076	group	GERD	-0.686314782484832	0.514474161190771	60	60	0.187414489257785	0.68862134584855506
K07088	group	GERD	0.0534673344679022	0.0400555192298796	60	60	0.187148010319652	0.68862134584855506
K08600	group	GERD	-0.286682625886202	0.214884186492002	60	60	0.187377336646301	0.68862134584855506
K19088	group	GERD	0.367889362231388	0.275843269265481	60	60	0.187519508055596	0.68862134584855506
K10002	group	GERD	0.341441258100408	0.256351153223368	60	60	0.188094357288883	0.689719990401099
K10003	group	GERD	0.341317845705526	0.256377483507657	60	60	0.188296357325334	0.689719990401099
K17074	group	GERD	-0.252314022200545	0.189513668754786	60	60	0.188274579306166	0.689719990401099
K02805	group	GERD	0.881492495823954	0.6628561320108	60	60	0.188777349287671	0.690626045166283
K15852	group	GERD	-0.588652946227985	0.44264852827584	60	8	0.188776390295936	0.690626045166283
K01458	group	GERD	-0.717186480130125	0.540072283331908	60	50	0.18939864338378	0.690761739472492
K03826	group	GERD	0.34229497722651	0.257737334975489	60	60	0.189355483731289	0.690761739472492
K04032	group	GERD	0.362257946692518	0.272776080005379	60	60	0.189367085037599	0.690761739472492
K06162	group	GERD	0.499836374156639	0.37630457174237	60	60	0.189290060500715	0.690761739472492
K11695	group	GERD	-1.07388945167217	0.808184285064529	60	36	0.189128654566315	0.690761739472492
K10681	group	GERD	-0.48760407329535	0.367537486271866	60	60	0.189814974773156	0.691853348248395
K01121	group	GERD	0.457787160428511	0.34520727528911	60	60	0.189997879205968	0.691952139731944
K02053	group	GERD	0.375350733635655	0.283094536272782	60	60	0.190076162876298	0.691952139731944
K07386	group	GERD	0.187643123330232	0.141586375117278	60	60	0.19027179197472	0.692238051787414
K03217	group	GERD	-0.0447933996785433	0.033809407188132	60	60	0.190407268817268	0.692304903596365
K03706	group	GERD	-0.290103906800285	0.219145972305539	60	60	0.190765802548333	0.692683097019044
K15051	group	GERD	-0.307273515048253	0.232167489595703	60	60	0.190862781638028	0.692683097019044
K19084	group	GERD	-0.597611241843931	0.451372395747818	60	46	0.190701724325335	0.692683097019044
K01077	group	GERD	0.222449504281343	0.168252253716871	60	60	0.191319069028181	0.693487637090499
K01596	group	GERD	-0.247986544743559	0.187546560645403	60	60	0.191270257930364	0.693487637090499
K04026	group	GERD	0.358364320255193	0.271275308844054	60	60	0.191677815213436	0.694091767469809
K04027	group	GERD	0.360458965165127	0.272887554113331	60	60	0.191720544025406	0.694091767469809
K01749	group	GERD	-0.114083463517686	0.086610626528913	60	60	0.192952052305028	0.694298559481024
K03735	group	GERD	0.333246047762562	0.252641857152773	60	60	0.192338114040351	0.694298559481024
K06886	group	GERD	0.391111204966937	0.296527289635126	60	60	0.192362442466403	0.694298559481024
K07476	group	GERD	-0.6435281407184	0.48839927584048	60	12	0.192809649469854	0.694298559481024
K11531	group	GERD	0.70524953236258	0.535133296000313	60	49	0.192720494921543	0.694298559481024
K11908	group	GERD	-0.546463179799986	0.414855621818883	60	10	0.192939521030227	0.694298559481024
K12340	group	GERD	0.170048480453863	0.128958217660001	60	60	0.192475315801533	0.694298559481024
K17246	group	GERD	0.770539597522148	0.584140206355435	60	21	0.192319792054937	0.694298559481024
K18364	group	GERD	-0.483869879439563	0.366616088392354	60	12	0.192078498347081	0.694298559481024
K18991	group	GERD	0.53680589360906406	0.407465864598837	60	60	0.192876787973179	0.694298559481024
K04028	group	GERD	0.310218716341678	0.23567185836603	60	60	0.193246272481465	0.694550849262281
K18475	group	GERD	0.27581343123951	0.209539491340026	60	60	0.193257129065706	0.694550849262281
K00844	group	GERD	0.38343936079023	0.291555326593133	60	60	0.193634970940763	0.694641958860311
K02106	group	GERD	0.285816846747647	0.217232230540906	60	60	0.193445067739959	0.694641958860311
K02395	group	GERD	0.262252046281542	0.199401955246232	60	60	0.193621057293839	0.694641958860311
K09012	group	GERD	0.291211148969796	0.221490297236657	60	9	0.193758760060194	0.694664517571782
K02443	group	GERD	0.290516281952588	0.221102532363677	60	60	0.194038475028288	0.694861692350638
K17076	group	GERD	-0.248236245703699	0.188929016435091	60	60	0.194048825113482	0.694861692350638
K00394	group	GERD	0.309712970901919	0.236208888021651	60	60	0.194963486784615	0.695824068129761
K00395	group	GERD	0.309712970901919	0.236208888021651	60	60	0.194963486784615	0.695824068129761
K00899	group	GERD	0.271115606131769	0.206855456295289	60	60	0.195141458890247	0.695824068129761
K01698	group	GERD	-0.116381978187015	0.0887029919688982	60	60	0.194675482871118	0.695824068129761
K03466	group	GERD	-0.0478958925823228	0.0365409447338755	60	60	0.195110077854038	0.695824068129761
K03499	group	GERD	-0.0586267161572823	0.0447198362815451	60	60	0.195032182967311	0.695824068129761
K16237	group	GERD	-0.508050033319546	0.387057136218558	60	60	0.194489221989155	0.695824068129761
K06387	group	GERD	0.345612151599118	0.263931881263154	60	60	0.195537247548916	0.696815073845203
K00520	group	GERD	0.681829092208963	0.520965775541581	60	55	0.195771374283444	0.696871580106015
K05817	group	GERD	-0.816696533191103	0.62403881766689	60	26	0.195788852259149	0.696871580106015
K01823	group	GERD	-0.245576995143796	0.187730460460393	60	60	0.195987910082588	0.697160363663213
K03924	group	GERD	0.128510983130224	0.0983469224182545	60	60	0.196468596900777	0.697611017944382
K07821	group	GERD	0.732847206407266	0.56057930910876	60	59	0.196268648448747	0.697611017944382
K13052	group	GERD	-0.279952145692826	0.214189780421979	60	60	0.196361371979713	0.697611017944382
K07788	group	GERD	0.339812242174244	0.260171111398179	60	60	0.19667127213146	0.697681560454517
K08659	group	GERD	-0.303427965960968	0.232342165627056	60	60	0.196724486007727	0.697681560454517
K03781	group	GERD	-0.249714744390712	0.191360560591636	60	60	0.197065784677475	0.698472973029517
K02031	group	GERD	0.179183852208011	0.137367701420708	60	60	0.197246266395765	0.698693784860252
K13040	group	GERD	-1.27968056931587	0.981496013749158	60	37	0.197450893707481	0.6989998105381
K01582	group	GERD	0.243804952779994	0.187283991671182	60	60	0.198133953274746	0.699402043236241
K02852	group	GERD	0.522709437235015	0.401550481131355	60	60	0.198156025443285	0.699402043236241
K08156	group	GERD	0.437458088561062	0.335971508174637	60	60	0.198040143302264	0.699402043236241
K11014	group	GERD	1.03106190700814	0.791610940297637	60	48	0.197898690950576	0.699402043236241
K19354	group	GERD	0.424094644274723	0.325571340155206	60	60	0.197854245176529	0.699402043236241
K00720	group	GERD	0.446184879291723	0.343168912902608	60	60	0.198678898830953	0.70082914671157
K02688	group	GERD	1.30368740737464	1.00303555591164	60	40	0.198831543189204	0.700949363944291
K03476	group	GERD	-0.210564838144533	0.162309913855267	60	60	0.199664183128159	0.700958818677954
K07789	group	GERD	0.338374715319758	0.260491874949167	60	60	0.199089912497976	0.700958818677954
K09685	group	GERD	-0.317973070633303	0.244792268495103	60	60	0.199101208962191	0.700958818677954
K10682	group	GERD	-0.478926909812678	0.369136052803009	60	60	0.199621347374594	0.700958818677954
K12267	group	GERD	-0.0364269572719928	0.028051740073715	60	60	0.199233333657359	0.700958818677954
K18137	group	GERD	-0.746058012070801	0.574862539267515	60	25	0.199492961291921	0.700958818677954
K19090	group	GERD	0.380978760086227	0.293479175742505	60	60	0.199375750709389	0.700958818677954
K02103	group	GERD	0.449347039664247	0.346547438344767	60	60	0.199890399785011	0.701104342334851
K02909	group	GERD	-0.0411600415078713	0.0317523675489152	60	60	0.200012415706364	0.701104342334851
K07147	group	GERD	0.332038479395205	0.256174972719421	60	60	0.200061404857729	0.701104342334851
K00525	group	GERD	0.0556361388330961	0.043037558469024	60	60	0.201229008886487	0.704341497284403
K00853	group	GERD	0.387890236840845	0.300001081210881	60	60	0.201150579423021	0.704341497284403
K08302	group	GERD	0.506849436486097	0.392175617356031	60	60	0.201342545739283	0.704341497284403
K01841	group	GERD	0.447483743279958	0.346726503110589	60	60	0.201965063217589	0.704429710479556
K07260	group	GERD	-0.27900713069385	0.216203229081399	60	60	0.202003053495828	0.704429710479556
K10680	group	GERD	0.316780986200183	0.245472121703587	60	60	0.201999158403811	0.704429710479556
K16048	group	GERD	-0.30968191058335	0.24008043800687	60	8	0.202201829953283	0.704429710479556
K16049	group	GERD	-0.30968191058335	0.24008043800687	60	8	0.202201829953283	0.704429710479556
K16050	group	GERD	-0.30968191058335	0.24008043800687	60	8	0.202201829953283	0.704429710479556
K16051	group	GERD	-0.30968191058335	0.24008043800687	60	8	0.202201829953283	0.704429710479556
K00808	group	GERD	-0.614587855154071	0.477207364405109	60	21	0.202901077439636	0.705153438938237
K02042	group	GERD	0.195685057818376	0.151967357238377	60	60	0.202972333375173	0.705153438938237
K02827	group	GERD	-0.597087725990306	0.46372826065146	60	11	0.203005946054276	0.705153438938237
K05962	group	GERD	-0.403294461325347	0.31317442618355	60	9	0.202942988946094	0.705153438938237
K06347	group	GERD	-0.597087725990306	0.46372826065146	60	11	0.203005946054276	0.705153438938237
K07225	group	GERD	-0.542984962861265	0.421868516726498	60	60	0.203174058930776	0.705322980856576
K03230	group	GERD	0.662213910847823	0.514951797107313	60	59	0.203562935490521	0.706198427685082
K06373	group	GERD	0.325583488704637	0.253299747231505	60	60	0.203772468477445	0.706198427685082
K06926	group	GERD	0.173030227132218	0.134618941397616	60	60	0.203784593645255	0.706198427685082
K00491	group	GERD	-0.592353759161225	0.462308032141533	60	11	0.205188643273799	0.706920314122785
K00790	group	GERD	-0.0436986820272603	0.0340776884978693	60	60	0.204830197669426	0.706920314122785
K01620	group	GERD	0.173133432844122	0.134937271393142	60	60	0.204572345121017	0.706920314122785
K02828	group	GERD	-0.592353759161225	0.462308032141533	60	11	0.205188643273799	0.706920314122785
K02829	group	GERD	-0.592353759161225	0.462308032141533	60	11	0.205188643273799	0.706920314122785
K03226	group	GERD	0.647729057133842	0.505135611370273	60	59	0.20484337696691	0.706920314122785
K03228	group	GERD	0.648816437852817	0.505467347742242	60	59	0.204387631774641	0.706920314122785
K03229	group	GERD	0.648816437852817	0.505467347742242	60	59	0.204387631774641	0.706920314122785
K05775	group	GERD	0.790885657766378	0.615964910719695	60	59	0.204255089684748	0.706920314122785
K06377	group	GERD	-0.578882435536208	0.451469860041872	60	12	0.204867833505367	0.706920314122785
K17247	group	GERD	0.328491042747291	0.256728639049139	60	60	0.205806698154471	0.708636691607008
K03518	group	GERD	0.277714037145329	0.217242159453963	60	60	0.206214044181893	0.709213164167162
K13581	group	GERD	0.309205715895661	0.241841349639104	60	60	0.206148898491418	0.709213164167162
K06394	group	GERD	0.343575197642811	0.268998423317982	60	60	0.206607350012075	0.709652730975499
K13300	group	GERD	-0.639072826617853	0.500196850993175	60	12	0.20646580357218	0.709652730975499
K16013	group	GERD	-0.192127518360254	0.150455919991255	60	60	0.206701962574393	0.709652730975499
K00208	group	GERD	0.0713465140424061	0.0559317239302165	60	60	0.207182275381791	0.709814367434396
K03736	group	GERD	0.317182380602846	0.248533853417408	60	60	0.20696675047708	0.709814367434396
K05337	group	GERD	-0.252507428039747	0.197952952138582	60	60	0.207184728336526	0.709814367434396
K15918	group	GERD	0.685018418594243	0.53707294238483	60	25	0.207229296040556	0.709814367434396
K03701	group	GERD	0.0586884603425334	0.0460601095209452	60	60	0.207684647090564	0.709833525838391
K06392	group	GERD	0.34618313602362	0.271711306196129	60	60	0.207715155565023	0.709833525838391
K06396	group	GERD	0.34618313602362	0.271711306196129	60	60	0.207715155565023	0.709833525838391
K14989	group	GERD	0.489974264714505	0.384336665226005	60	7	0.207443427944766	0.709833525838391
K07071	group	GERD	-0.210344843828495	0.165173829731204	60	60	0.207929471954589	0.710155423567608
K01126	group	GERD	-0.116385289163989	0.0915587759833964	60	60	0.2087483374697	0.710169451174044
K03762	group	GERD	-0.530631701718843	0.417425131936005	60	60	0.208731292540079	0.710169451174044
K05351	group	GERD	0.626102619705539	0.491955324212057	60	17	0.208209148295846	0.710169451174044
K06393	group	GERD	0.345371683836435	0.271787856761552	60	60	0.208894566236749	0.710169451174044
K06408	group	GERD	0.365273189472846	0.287092928040529	60	60	0.208337831210945	0.710169451174044
K06889	group	GERD	0.163720141244779	0.128810965744202	60	60	0.208798827815333	0.710169451174044
K09769	group	GERD	0.167533704776001	0.131764815353339	60	60	0.208640185266583	0.710169451174044
K12940	group	GERD	0.338295539321004	0.265927885907925	60	60	0.20840283712436	0.710169451174044
K00700	group	GERD	0.0779122789877292	0.0615230530849912	60	60	0.210435416033362	0.712539621757867
K01428	group	GERD	-0.272553769774744	0.215026536333464	60	60	0.210029258300651	0.712539621757867
K03308	group	GERD	0.145707620348234	0.114918329725161	60	60	0.209891720598653	0.712539621757867
K04030	group	GERD	0.33653132822339	0.265675282171538	60	60	0.210325263977692	0.712539621757867
K07726	group	GERD	0.329523913101097	0.260175407130581	60	60	0.210380851385351	0.712539621757867
K08365	group	GERD	0.701829149757009	0.553892369195044	60	57	0.210188869525521	0.712539621757867
K09459	group	GERD	0.474136928103645	0.374275867305458	60	60	0.210286305323618	0.712539621757867
K00200	group	GERD	0.352034422274877	0.278215863621048	60	12	0.210813469894631	0.713041859744813
K02573	group	GERD	0.473385652438539	0.374531348610409	60	60	0.211307398219369	0.713041859744813
K03424	group	GERD	-0.0389709430694013	0.030829305286091	60	60	0.211255265329117	0.713041859744813
K06385	group	GERD	0.341053006182802	0.269807625181676	60	60	0.211265134096031	0.713041859744813
K09125	group	GERD	0.100004972138961	0.0790372660457956	60	60	0.210827524525236	0.713041859744813
K10189	group	GERD	0.343262377751818	0.271574020314306	60	60	0.211295917259943	0.713041859744813
K02241	group	GERD	0.349149471339076	0.276313732747839	60	60	0.211429805362095	0.713047923160698
K01151	group	GERD	0.136786398281781	0.108330056438739	60	60	0.21175664433016	0.713743033796981
K03570	group	GERD	0.0200656873868269	0.0159117315008294	60	60	0.212335319732675	0.71528570385161
K00316	group	GERD	-0.654603046493255	0.519410547937689	60	29	0.212615123881304	0.71582039429742
K01039	group	GERD	0.306847736685465	0.244058811349108	60	60	0.213695225336324	0.716553652181535
K01040	group	GERD	0.306676996796564	0.244046384397304	60	60	0.213923747648919	0.716553652181535
K02016	group	GERD	0.0427673216466994	0.0339943028643594	60	60	0.213406575083728	0.716553652181535
K02040	group	GERD	0.171429537465018	0.136413222314458	60	60	0.213902556718517	0.716553652181535
K02391	group	GERD	0.322302962155869	0.256407597130584	60	60	0.213794098578814	0.716553652181535
K02586	group	GERD	0.355324644595419	0.282258029782734	60	60	0.213122572955874	0.716553652181535
K02840	group	GERD	-0.544051439148145	0.432372981805984	60	52	0.213328052048213	0.716553652181535
K07533	group	GERD	-0.28924408054228	0.230100072057387	60	60	0.213779200962754	0.716553652181535
K07799	group	GERD	0.327863692754274	0.260607534389746	60	60	0.213406112146726	0.716553652181535
K17209	group	GERD	0.812172118587492	0.64649835855418	60	13	0.214057154228056	0.716594504980898
K01771	group	GERD	-0.857832194977289	0.683919810508272	60	18	0.214768922319563	0.718570384127479
K03316	group	GERD	-0.158157768363697	0.126270861429212	60	60	0.215404449420289	0.720289086523049
K15792	group	GERD	0.359374686382456	0.287112971609092	60	60	0.215709704637309	0.720902076775449
K08097	group	GERD	-0.444989394705004	0.355927617713184	60	59	0.216238374049259	0.722260603039106
K01440	group	GERD	-0.387342026773996	0.310669950308581	60	60	0.217484024284031	0.723745593866282
K03222	group	GERD	0.645412494003238	0.517210949975067	60	59	0.217092890118543	0.723745593866282
K03224	group	GERD	0.573150040126927	0.45975495016518	60	60	0.217539905328211	0.723745593866282
K04046	group	GERD	0.31755246864745	0.254692498137039	60	60	0.217479877347525	0.723745593866282
K05281	group	GERD	-0.640835325972756	0.513832890927054	60	11	0.217349017659056	0.723745593866282
K06217	group	GERD	-0.0393394141190772	0.0315278819052152	60	60	0.217131093010532	0.723745593866282
K13041	group	GERD	-0.682666843341614	0.546909908620266	60	55	0.216964015966807	0.723745593866282
K00135	group	GERD	-0.240208255106006	0.193758811948767	60	60	0.220068600937908	0.72548206484887
K00655	group	GERD	-0.0678547892866994	0.0546772694692472	60	60	0.219599848506179	0.72548206484887
K01802	group	GERD	0.113056813023069	0.091224944496361	60	60	0.220218889301522	0.72548206484887
K02497	group	GERD	-0.611353654657089	0.491673008817711	60	12	0.218717524836362	0.72548206484887
K03048	group	GERD	-0.233432796371183	0.188375424829465	60	60	0.220266605532558	0.72548206484887
K03320	group	GERD	0.20907358451964	0.168319822732686	60	60	0.219191058339116	0.72548206484887
K03435	group	GERD	0.413906129714353	0.332954635645155	60	60	0.218821532083691	0.72548206484887
K06027	group	GERD	-0.408955884893291	0.329437433378852	60	57	0.219463817502957	0.72548206484887
K06201	group	GERD	0.146993050215884	0.118495164227157	60	60	0.219785877256684	0.72548206484887
K08159	group	GERD	0.442790079021175	0.356237177591026	60	60	0.218882414064339	0.72548206484887
K09928	group	GERD	-0.579711664833087	0.466991223946692	60	60	0.219464023027502	0.72548206484887
K10775	group	GERD	0.778441806715266	0.62823323225376	60	42	0.220300563864278	0.72548206484887
K11381	group	GERD	-0.458891325695496	0.369910646691412	60	60	0.219768225175109	0.72548206484887
K13004	group	GERD	0.727592623333244	0.5872279543864	60	53	0.220325397721469	0.72548206484887
K13051	group	GERD	0.884287425865749	0.710401727777131	60	59	0.218222230788659	0.72548206484887
K17472	group	GERD	-0.611353654657089	0.491673008817711	60	12	0.218717524836362	0.72548206484887
K17754	group	GERD	0.778441806715266	0.62823323225376	60	42	0.220300563864278	0.72548206484887
K18682	group	GERD	0.1422631476625	0.114661571773049	60	60	0.219703765883178	0.72548206484887
K19294	group	GERD	0.227350672538807	0.18351835955423	60	60	0.22039340129712	0.72548206484887
K01599	group	GERD	-0.12121129664739	0.0979366931676118	60	60	0.220833031804733	0.725743090651228
K09137	group	GERD	-0.379143078638883	0.306265034666844	60	60	0.220719654120399	0.725743090651228
K18895	group	GERD	-0.440356988076002	0.355807253413141	60	13	0.220840970920426	0.725743090651228
K04758	group	GERD	-0.114589769827609	0.0926431551776951	60	60	0.221111310125999	0.725824578270354
K07079	group	GERD	0.301263904797499	0.243546581848927	60	60	0.221077141179093	0.725824578270354
K01492	group	GERD	0.463817504166247	0.375548944461039	60	60	0.221795877530501	0.726796091908333
K03336	group	GERD	-0.483477141834638	0.391289626056992	60	60	0.221588932216073	0.726796091908333
K03886	group	GERD	-0.616961955667126	0.499428432514344	60	14	0.221686074789954	0.726796091908333
K07054	group	GERD	0.143102522430134	0.115895045547158	60	60	0.221899009792717	0.726796091908333
K01772	group	GERD	-0.113604168913268	0.0921485149947541	60	60	0.222610015528383	0.726909222698351
K03887	group	GERD	-0.603021046223478	0.489198150374292	60	12	0.222671279145249	0.726909222698351
K03888	group	GERD	-0.603021046223478	0.489198150374292	60	12	0.222671279145249	0.726909222698351
K05305	group	GERD	0.649498239489337	0.526728578648943	60	11	0.222520471526611	0.726909222698351
K06349	group	GERD	-0.603021046223478	0.489198150374292	60	12	0.222671279145249	0.726909222698351
K12097	group	GERD	0.937040152117351	0.759810162148544	60	36	0.222455283645123	0.726909222698351
K06390	group	GERD	0.336427104823567	0.27335649042249	60	60	0.22339298086211	0.72805915262227
K06999	group	GERD	-0.234607126161752	0.190589554558449	60	60	0.223308253728319	0.72805915262227
K14986	group	GERD	0.632211900034135	0.513671547267254	60	30	0.223376598508354	0.72805915262227
K01223	group	GERD	-0.239875158593511	0.195091455706672	60	60	0.22382934843956	0.728775323921909
K04766	group	GERD	-0.600622718160844	0.488520897259442	60	12	0.22385926729401	0.728775323921909
K02783	group	GERD	0.356368952254305	0.290078342967485	60	60	0.224211055120379	0.729117578587283
K03227	group	GERD	0.638698651084234	0.519862073683598	60	59	0.224186503534558	0.729117578587283
K07456	group	GERD	0.138991798599992	0.113224388932341	60	60	0.224564357837229	0.729865026681527
K18785	group	GERD	0.221153432940307	0.180234787437128	60	60	0.224768925419325	0.730128509384092
K17218	group	GERD	-0.491670197747331	0.400835936003082	60	60	0.224924741973875	0.730233429187013
K00841	group	GERD	-0.22658970734998	0.18509989498653	60	60	0.225845663397487	0.731456561835769
K00860	group	GERD	0.394584089844036	0.322623941981495	60	60	0.22625834226912	0.731456561835769
K00872	group	GERD	-0.111287229718881	0.0912687035763373	60	60	0.227652245226288	0.731456561835769
K01007	group	GERD	-0.145903563053643	0.11908676874801	60	60	0.225457053010514	0.731456561835769
K01584	group	GERD	0.317901144238383	0.260576813800013	60	60	0.227406100381783	0.731456561835769
K02233	group	GERD	0.164569694223588	0.134525451988643	60	60	0.226150228377816	0.731456561835769
K02473	group	GERD	0.303435292426002	0.248091307280185	60	60	0.226246131420319	0.731456561835769
K02486	group	GERD	-0.439154150789708	0.360145455212506	60	7	0.227635750568006	0.731456561835769
K03219	group	GERD	0.636389778513839	0.5216103741907	60	59	0.227384272719733	0.731456561835769
K06438	group	GERD	0.35425555305276	0.2893183476657	60	60	0.225733103735224	0.731456561835769
K06948	group	GERD	-0.170687985466964	0.139842595602703	60	60	0.227187191033983	0.731456561835769
K08256	group	GERD	-0.457481248091917	0.375012956472939	60	60	0.227437063770805	0.731456561835769
K08646	group	GERD	-0.620712520886682	0.506894087583919	60	13	0.225698721851119	0.731456561835769
K10233	group	GERD	-0.76225802950955	0.624675302823249	60	15	0.227309560577927	0.731456561835769
K10234	group	GERD	-0.76225802950955	0.624675302823249	60	15	0.227309560577927	0.731456561835769
K10947	group	GERD	-0.180083854716762	0.147424154816866	60	60	0.226825202169951	0.731456561835769
K11754	group	GERD	-0.0379754191442772	0.0310851887694217	60	60	0.226779853885179	0.731456561835769
K15855	group	GERD	0.519838031837766	0.425276279059985	60	49	0.226518145325694	0.731456561835769
K16291	group	GERD	0.651987382988393	0.534572211996498	60	59	0.227536642103194	0.731456561835769
K00906	group	GERD	-0.481283736293423	0.395339929528557	60	60	0.228385055755451	0.733412520166338
K00662	group	GERD	0.242041523296684	0.198884972588294	60	60	0.228535925871387	0.733498585098612
K00758	group	GERD	-0.441227222256936	0.363166719858383	60	60	0.229310386372259	0.733638634047497
K00796	group	GERD	0.0195618023252391	0.0160864627327089	60	60	0.228895318735156	0.733638634047497
K02423	group	GERD	0.300801427935268	0.248193664972519	60	60	0.230440957954364	0.733638634047497
K03698	group	GERD	-0.260603977565745	0.214507815323726	60	60	0.229329802400846	0.733638634047497
K06397	group	GERD	0.329664840298437	0.271040687736703	60	60	0.228800238580398	0.733638634047497
K11921	group	GERD	0.351861799872697	0.289759988276962	60	60	0.229546079295127	0.733638634047497
K13655	group	GERD	0.425656619705146	0.351074881746538	60	59	0.23026029491465	0.733638634047497
K15634	group	GERD	-0.0636991775325145	0.0525257380383645	60	60	0.230152157921666	0.733638634047497
K16169	group	GERD	-0.304366437590753	0.25106188635128	60	60	0.230306572643778	0.733638634047497
K16926	group	GERD	-0.261523850074384	0.215227498833363	60	60	0.229249725868272	0.733638634047497
K18365	group	GERD	-0.495746294145568	0.408878348605458	60	18	0.230254222661125	0.733638634047497
K18366	group	GERD	-0.495746294145568	0.408878348605458	60	18	0.230254222661125	0.733638634047497
K18927	group	GERD	-0.342134658672034	0.282129979739087	60	7	0.230166813392209	0.733638634047497
K19300	group	GERD	0.383297254660745	0.315643435721179	60	10	0.22954052689077	0.733638634047497
K19422	group	GERD	-0.362905784483179	0.299357848846661	60	60	0.230320068828952	0.733638634047497
K07727	group	GERD	0.200201929752571	0.165291841056848	60	60	0.230729733729326	0.734162640370169
K18778	group	GERD	-0.461476827609314	0.381585820864078	60	60	0.231428979490297	0.735991461402172
K11933	group	GERD	0.455526694330932	0.376891578184459	60	60	0.231705205028185	0.736473748455177
K02024	group	GERD	0.685159648808575	0.567144886020066	60	59	0.231917135070202	0.736751264124144
K10004	group	GERD	0.307303971520668	0.254543529668934	60	60	0.232226812171597	0.73731508076518
K11105	group	GERD	-0.220263860937143	0.182493550705111	60	60	0.232344045241125	0.73731508076518
K15746	group	GERD	0.565671116168665	0.469196133306401	60	59	0.232860511683494	0.738557588558379
K01787	group	GERD	0.213551027631194	0.17741258048765501	60	60	0.233596457454494	0.738601294197708
K06012	group	GERD	0.335578511331698	0.278806365328556	60	60	0.233623887034796	0.738601294197708
K06379	group	GERD	0.335578511331698	0.278806365328556	60	60	0.233623887034796	0.738601294197708
K14087	group	GERD	0.526660185563522	0.437352628422733	60	54	0.233403478637624	0.738601294197708
K14091	group	GERD	0.514714351018159	0.427150326436016	60	54	0.23309861554015401	0.738601294197708
K17228	group	GERD	-0.775923097774817	0.644181175292157	60	34	0.2332845112565	0.738601294197708
K00116	group	GERD	0.300857269315793	0.250356889040745	60	60	0.234358417212851	0.739342029115462
K01178	group	GERD	0.593498540557802	0.493671557481922	60	20	0.234166265751835	0.739342029115462
K03335	group	GERD	-0.483889536361719	0.402463019932646	60	60	0.234125091302526	0.739342029115462
K03800	group	GERD	-0.160361056005458	0.133414416758295	60	60	0.234257134489521	0.739342029115462
K00001	group	GERD	-0.258056552014786	0.215182014447889	60	60	0.235308095736584	0.740679618081651
K02770	group	GERD	-0.117862543644379	0.0982175654608021	60	60	0.235012338218965	0.740679618081651
K06405	group	GERD	0.334909626184435	0.27927698484654	60	60	0.235325603592776	0.740679618081651
K07407	group	GERD	0.220271458721789	0.183714688582698	60	60	0.23540882990112	0.740679618081651
K18677	group	GERD	0.312084133168645	0.260195702344967	60	13	0.235241371829798	0.740679618081651
K07814	group	GERD	0.361115882614234	0.301501569241487	60	60	0.235896082461133	0.741711489460732
K09000	group	GERD	0.64480873896032	0.538467970430243	60	57	0.235987704951901	0.741711489460732
K01593	group	GERD	-0.700304364584812	0.585660182380034	60	13	0.236659230099862	0.741850142285462
K02050	group	GERD	0.158619570413324	0.13263370695662	60	60	0.236593406550922	0.741850142285462
K03716	group	GERD	0.312393467312167	0.261173494020103	60	60	0.236518783941046	0.741850142285462
K06382	group	GERD	0.347433512680832	0.290398130372513	60	60	0.23640678188043	0.741850142285462
K16707	group	GERD	0.452642323591161	0.378338442228444	60	14	0.236410196859295	0.741850142285462
K07793	group	GERD	0.273975261604441	0.229193222164784	60	60	0.236799528821985	0.741896563007725
K01653	group	GERD	-0.063133196832234	0.0528662997465775	60	60	0.237258994547415	0.741953036338751
K04018	group	GERD	0.623971324330181	0.522225414829341	60	59	0.237016005547197	0.741953036338751
K06987	group	GERD	0.229649835387371	0.192275787110796	60	60	0.237192125246727	0.741953036338751
K16922	group	GERD	-0.785989113285437	0.658255381617657	60	55	0.237319552049489	0.741953036338751
K00996	group	GERD	0.321795998559161	0.270092822818967	60	60	0.238338517052051	0.743168294260851
K03338	group	GERD	-0.468091689772533	0.392653375657623	60	60	0.238067277138738	0.743168294260851
K04844	group	GERD	0.412346649004414	0.345983673515036	60	60	0.238189787885175	0.743168294260851
K05343	group	GERD	0.274781495169054	0.230693820681794	60	60	0.238462492255215	0.743168294260851
K11472	group	GERD	0.292518264828409	0.245558339737695	60	60	0.238412527136211	0.743168294260851
K11694	group	GERD	-0.98240000142794	0.824384991429633	60	36	0.238241672326208	0.743168294260851
K01678	group	GERD	0.23804345533889	0.199996766505565	60	60	0.238802470949757	0.743444027517096
K07078	group	GERD	-0.249224119474395	0.209353982979484	60	60	0.238721730900094	0.743444027517096
K15586	group	GERD	0.251665803285246	0.211515941017419	60	60	0.238965064955352	0.743558665271601
K06283	group	GERD	0.320084138348826	0.269119085664795	60	60	0.239137600171156	0.743704099006772
K00259	group	GERD	0.19440270944	0.163740691622358	60	60	0.239965069939773	0.74549316525693
K18130	group	GERD	-0.544276225511659	0.458412718836479	60	17	0.239946874892414	0.74549316525693
K12995	group	GERD	-0.394534585986492	0.332483886961689	60	60	0.240212385293485	0.745541857134836
K13043	group	GERD	0.289154548007323	0.24368835690001	60	60	0.240232956333197	0.745541857134836
K00077	group	GERD	0.227700930853584	0.192054399756013	60	60	0.240612466060237	0.74554554473172
K01629	group	GERD	0.252793848263649	0.213215297400007	60	60	0.240604338062794	0.74554554473172
K13016	group	GERD	0.391480389687627	0.330170476415779	60	60	0.240579046595924	0.74554554473172
K02791	group	GERD	0.215233626430001	0.181673647173921	60	60	0.240957474501388	0.746079543636128
K07445	group	GERD	-0.696374951116377	0.587894545537083	60	9	0.241037200328993	0.746079543636128
K10191	group	GERD	0.569404873170916	0.481009209587053	60	14	0.241332611013486	0.746603033130156
K16255	group	GERD	0.245003093743613	0.207040072157633	60	8	0.241493911193763	0.746711298628413
K03366	group	GERD	-0.37860186488799	0.320277471434592	60	60	0.241987488797095	0.74754085675325
K03575	group	GERD	-0.0332658784770619	0.0281658204185388	60	60	0.242394421920835	0.74754085675325
K09127	group	GERD	0.63687409756504	0.53912190117079	60	57	0.242297949617241	0.74754085675325
K10217	group	GERD	-0.681911290498209	0.576987098127541	60	20	0.242088820126016	0.74754085675325
K19141	group	GERD	0.63687409756504	0.53912190117079	60	57	0.242297949617241	0.74754085675325
K00608	group	GERD	0.769142546773141	0.651494884815592	60	50	0.242588165950083	0.747748298799214
K00170	group	GERD	0.352410532581115	0.29910180555751	60	60	0.243516753205861	0.747881062313272
K00526	group	GERD	-0.0394051516911891	0.0334257880416703	60	60	0.24325771887096	0.747881062313272
K01677	group	GERD	0.236085849283372	0.200373264526369	60	60	0.243516390871748	0.747881062313272
K05301	group	GERD	-0.270528932646729	0.229575589356663	60	9	0.243454359897761	0.747881062313272
K08978	group	GERD	0.2302658417571	0.195313288768973	60	60	0.243229430830787	0.747881062313272
K09954	group	GERD	0.387534609123112	0.328743518122827	60	60	0.243277081155087	0.747881062313272
K13622	group	GERD	0.220914776695552	0.187375226293827	60	60	0.243213483115963	0.747881062313272
K06398	group	GERD	0.330115628626522	0.280410303607364	60	60	0.243900547994448	0.748670840988149
K06407	group	GERD	0.326869020442142	0.277803221726034	60	60	0.244153418257931	0.748781407016373
K13611	group	GERD	0.861475253705734	0.732222574049136	60	37	0.244192904751038	0.748781407016373
K16844	group	GERD	-0.566336817147402	0.481493337375606	60	17	0.244316531484199	0.748781407016373
K03414	group	GERD	0.296280720228786	0.25270834017228	60	60	0.245820937063186	0.748956070868512
K03495	group	GERD	0.0244741842892905	0.0208738378496952	60	60	0.245797182606992	0.748956070868512
K03650	group	GERD	0.0246000954118834	0.0209373616258012	60	60	0.244820782489693	0.748956070868512
K04769	group	GERD	0.31976952793581	0.272333357108536	60	60	0.245119988561518	0.748956070868512
K05808	group	GERD	0.0478252913638694	0.0407890534327273	60	60	0.245788502517933	0.748956070868512
K06995	group	GERD	-0.549414459152916	0.467932373175977	60	59	0.24514065796014	0.748956070868512
K10190	group	GERD	0.323899925378172	0.275983460901819	60	60	0.245343895766477	0.748956070868512
K14028	group	GERD	0.220437573938074	0.187945014503887	60	8	0.24563718416035701	0.748956070868512
K14029	group	GERD	0.220437573938074	0.187945014503887	60	8	0.24563718416035701	0.748956070868512
K16254	group	GERD	0.220437573938074	0.187945014503887	60	8	0.24563718416035701	0.748956070868512
K16260	group	GERD	0.220437573938074	0.187945014503887	60	8	0.24563718416035701	0.748956070868512
K17950	group	GERD	1.14950872608224	0.980609708969293	60	28	0.245893730303752	0.748956070868512
K14089	group	GERD	0.506397341557951	0.432445609046236	60	54	0.246384075922944	0.750063160070261
K00048	group	GERD	0.243106209470795	0.207706004015062	60	60	0.24661302195763601	0.750373744628688
K05576	group	GERD	0.520802664174883	0.445509340197208	60	12	0.247183743250166	0.751723400254619
K05550	group	GERD	-0.609537524446584	0.521962379860968	60	57	0.247673480837795	0.752825510906451
K07006	group	GERD	0.297731461763036	0.255319175433404	60	60	0.248340848226633	0.753691527061527
K13796	group	GERD	-1.04948017979411	0.899923761968127	60	27	0.248311533439756	0.753691527061527
K19139	group	GERD	0.41884966435484	0.358996656812598	60	60	0.248097015433019	0.753691527061527
K19068	group	GERD	0.363862941068428	0.312182778064509	60	60	0.248569584721447	0.753998658221238
K00252	group	GERD	-0.270056596543173	0.232160305923983	60	60	0.249498299693768	0.754493067923047
K00588	group	GERD	0.325674683717265	0.279802007658554	60	60	0.249211286522487	0.754493067923047
K02638	group	GERD	0.291211148969795	0.25034140277859	60	9	0.249489146134389	0.754493067923047
K03665	group	GERD	-0.0297964547900288	0.0255807595678235	60	60	0.24886871392735	0.754493067923047
K07002	group	GERD	0.358220094404109	0.307826078590883	60	60	0.249306795526567	0.754493067923047
K15726	group	GERD	-0.254568467008833	0.218777817381123	60	60	0.249353359023616	0.754493067923047
K09153	group	GERD	-0.278720811394006	0.239802761276604	60	60	0.249877273017487	0.755252780204185
K03503	group	GERD	0.34100817692914	0.293560975671059	60	60	0.250145446484869	0.755606715653404
K11922	group	GERD	-0.922244901560125	0.794102843676328	60	20	0.250249991415657	0.755606715653404
K00937	group	GERD	-0.118296793638858	0.101979896679428	60	60	0.250801218267155	0.756498368569092
K19713	group	GERD	-0.549517215855609	0.473593882029604	60	60	0.250675215525164	0.756498368569092
K00604	group	GERD	-0.0323090605128489	0.0279036443791654	60	60	0.251659064189731	0.756735926942621
K06990	group	GERD	0.716791286252714	0.61899790632734	60	56	0.251615743346166	0.756735926942621
K08068	group	GERD	0.981286782777345	0.847474020025493	60	26	0.251652421234285	0.756735926942621
K09920	group	GERD	0.600249626100542	0.518533484484276	60	59	0.251775975692851	0.756735926942621
K10960	group	GERD	0.436440594040894	0.376694899796679	60	18	0.251365508201957	0.756735926942621
K17463	group	GERD	-0.49596207927668	0.428382402981353	60	8	0.251709312112532	0.756735926942621
K17468	group	GERD	-0.49596207927668	0.428382402981353	60	8	0.251709312112532	0.756735926942621
K17364	group	GERD	0.200938823914034	0.173769662831266	60	8	0.25227822593986	0.757860199063239
K05521	group	GERD	-0.448428499694046	0.388456520626424	60	60	0.253076572368441	0.758331827593626
K07506	group	GERD	-0.939804693640333	0.813311487955345	60	53	0.25261214825268	0.758331827593626
K09817	group	GERD	-0.0886875251487022	0.0768241748873069	60	60	0.25306161779332	0.758331827593626
K13018	group	GERD	0.353161436624404	0.305759692983125	60	60	0.2528148562155	0.758331827593626
K14060	group	GERD	0.890426240034731	0.77115371492108	60	26	0.252961828421521	0.758331827593626
K00392	group	GERD	0.227158340561255	0.19733045926432	60	60	0.254391241365094	0.758624908902628
K01176	group	GERD	0.15905667500202	0.138361358837309	60	60	0.255037510587945	0.758624908902628
K01224	group	GERD	0.30973629297282	0.2694709852749	60	60	0.255099174373888	0.758624908902628
K01354	group	GERD	-0.266857706374627	0.231490780647981	60	60	0.253730111866886	0.758624908902628
K02226	group	GERD	0.164035411204284	0.142659848378677	60	60	0.254930653007344	0.758624908902628
K02574	group	GERD	0.419479652624579	0.363855772546244	60	60	0.253691651748477	0.758624908902628
K04045	group	GERD	0.237236982165686	0.2060691815586	60	60	0.254353625765854	0.758624908902628
K05651	group	GERD	0.231870691774402	0.201520011204489	60	12	0.254614984905246	0.758624908902628
K05846	group	GERD	-0.184049095333959	0.160076965909322	60	60	0.254964201120586	0.758624908902628
K06044	group	GERD	-0.415190248254672	0.360614943828112	60	60	0.254316772235366	0.758624908902628
K07707	group	GERD	-0.352609739347696	0.306211333383911	60	60	0.2542414909977	0.758624908902628
K12263	group	GERD	-0.589520595832191	0.511166155767412	60	13	0.25352383899651	0.758624908902628
K13593	group	GERD	0.641870502874478	0.556843725765795	60	29	0.253764661094708	0.758624908902628
K16135	group	GERD	-0.632296878589986	0.548644913356995	60	22	0.253855904444267	0.758624908902628
K18967	group	GERD	-1.08066270165705	0.939282917946077	60	16	0.254651695427446	0.758624908902628
K09861	group	GERD	-0.0245433311184908	0.0213732216898728	60	60	0.255549944865875	0.759033797351756
K10925	group	GERD	-0.440487643802554	0.383651268779087	60	8	0.255621835339538	0.759033797351756
K12287	group	GERD	-0.440487643802554	0.383651268779087	60	8	0.255621835339538	0.759033797351756
K09970	group	GERD	1.30071016804021	1.13360802065676	60	46	0.25592433606742	0.759550539573587
K11615	group	GERD	0.269804878345857	0.235436977834544	60	60	0.256511723844874	0.760911847150474
K18702	group	GERD	0.341186080440768	0.29805312810832	60	60	0.257028921104023	0.76206368182898
K19311	group	GERD	-0.439525136096806	0.384263230681037	60	26	0.257400251810764	0.762782099601622
K05566	group	GERD	-0.316676223224158	0.277006889173821	60	60	0.257649493223933	0.76280929614437
K07404	group	GERD	-0.259569058050723	0.22709330754733	60	60	0.257732186244989	0.76280929614437
K09807	group	GERD	0.253668304305463	0.222022000631787	60	60	0.257925538395229	0.76280929614437
K19200	group	GERD	-0.582815888801613	0.510057916922489	60	19	0.257880343317112	0.76280929614437
K13770	group	GERD	-0.407206482442221	0.356597687132944	60	60	0.258179234610688	0.763177817509194
K07337	group	GERD	0.69498644124298	0.609253291661444	60	60	0.25867552186824	0.764262711286875
K17893	group	GERD	0.233751300515022	0.205001112397361	60	8	0.258871416370591	0.764459447344122
K14623	group	GERD	0.314751409254448	0.276217697539176	60	60	0.259176900872963	0.764979449805771
K07013	group	GERD	-0.401924924095878	0.352851690809734	60	8	0.259354214944254	0.765120817739735
K07141	group	GERD	0.256526495957714	0.225311592815412	60	60	0.259575598180112	0.765391988249787
K11996	group	GERD	-0.143836211340481	0.126411497443258	60	60	0.259865366773018	0.765864430888377
K06177	group	GERD	0.150027181185576	0.131888946309176	60	60	0.259995718629866	0.765866810433368
K03776	group	GERD	0.284856022051972	0.250723041340257	60	60	0.260571470201009	0.767180543739225
K02019	group	GERD	0.276948174472049	0.243977706324225	60	60	0.260987126008418	0.768021846173104
K00863	group	GERD	-0.365403935157803	0.322266678113468	60	60	0.261519932360173	0.768060526633552
K00948	group	GERD	-0.0400511058637149	0.0352948123706169	60	60	0.261144305170137	0.768060526633552
K01153	group	GERD	0.0603529280201718	0.0532087241644333	60	60	0.261348647895813	0.768060526633552
K07491	group	GERD	-0.145485212423036	0.128280512345868	60	60	0.261410924346741	0.768060526633552
K00364	group	GERD	-0.275113985995989	0.242771532565636	60	60	0.261783830097091	0.768072458329531
K16511	group	GERD	-0.247516505615606	0.218370609026969	60	60	0.261680539785693	0.768072458329531
K03700	group	GERD	-0.246604924171687	0.217992282078554	60	60	0.262603550148776	0.769058636335426
K06015	group	GERD	0.333358480528584	0.294663260446813	60	60	0.262576492960102	0.769058636335426
K06406	group	GERD	0.318983699510904	0.281777615177406	60	60	0.262275982487669	0.769058636335426
K14086	group	GERD	0.645804082203081	0.570918290651772	60	55	0.262640288694389	0.769058636335426
K06378	group	GERD	0.320128327638268	0.283410315827565	60	60	0.263312617998908	0.769883381607093
K07344	group	GERD	0.319774270156872	0.283081732241598	60	60	0.263287367321842	0.769883381607093
K10240	group	GERD	-0.44605752432306	0.394841965567501	60	9	0.263248336684802	0.769883381607093
K01259	group	GERD	-0.224248872212615	0.198658339397161	60	60	0.263622554603752	0.770408572821247
K03272	group	GERD	0.22236611631814	0.19720618182284	60	60	0.26413967755684	0.770776788606141
K07216	group	GERD	0.275257618724516	0.244096969140252	60	60	0.264108262726955	0.770776788606141
K14486	group	GERD	0.53206031843225	0.471663043868381	60	10	0.263942837873943	0.770776788606141
K06320	group	GERD	-0.215568237917479	0.191286444840412	60	60	0.264408981103093	0.77118199125875
K06949	group	GERD	-0.0274903767632956	0.0244037918793036	60	60	0.26460180484715	0.771363841349285
K11250	group	GERD	-0.489008404162715	0.434316271052284	60	60	0.264833786936986	0.771659609843007
K00496	group	GERD	-0.819334784419134	0.729945841949745	60	37	0.266292234190991	0.771846740542368
K01247	group	GERD	0.281155613292751	0.250458454123842	60	60	0.266248327921969	0.771846740542368
K01438	group	GERD	-0.196449084418742	0.174894153199007	60	60	0.26596116899871	0.771846740542368
K03188	group	GERD	-0.240427323440056	0.214488634607597	60	60	0.266936331953417	0.771846740542368
K03189	group	GERD	-0.240427323440056	0.214488634607597	60	60	0.266936331953417	0.771846740542368
K04835	group	GERD	0.235939321148071	0.210155160846143	60	60	0.266194735292634	0.771846740542368
K06297	group	GERD	0.407092801747841	0.363300375456691	60	60	0.267101920158235	0.771846740542368
K06895	group	GERD	-0.188580403540102	0.167899837292342	60	60	0.265992134063274	0.771846740542368
K07717	group	GERD	0.279041941463942	0.248698206110109	60	60	0.266481689171171	0.771846740542368
K08977	group	GERD	-0.634961696959111	0.565541764097818	60	27	0.266170141527889	0.771846740542368
K09469	group	GERD	0.348784584814205	0.310988236973152	60	59	0.266681612124203	0.771846740542368
K09744	group	GERD	0.249642788638633	0.222343415780279	60	9	0.266157173544454	0.771846740542368
K13651	group	GERD	0.390706146945644	0.348061050737737	60	59	0.26626602349925	0.771846740542368
K14347	group	GERD	-0.224894268396211	0.200293349203816	60	60	0.266138541482242	0.771846740542368
K15532	group	GERD	0.346500532683871	0.308884558742623	60	60	0.266578780382985	0.771846740542368
K17466	group	GERD	-0.874243721668735	0.780223823569677	60	18	0.267117461290542	0.771846740542368
K18814	group	GERD	0.323195186775989	0.287785992075084	60	60	0.266047734630839	0.771846740542368
K08586	group	GERD	0.464299035578767	0.414900549807775	60	59	0.267727313984063	0.772909850705985
K19707	group	GERD	-0.506660428455848	0.452773641115687	60	16	0.267746849500314	0.772909850705985
K01537	group	GERD	0.120279067212495	0.107741572320774	60	60	0.268869001253609	0.775770393075323
K06374	group	GERD	0.306240256181858	0.274424098661048	60	60	0.26905084389108	0.775916384919055
K00260	group	GERD	0.14650709332124	0.13161036144781	60	60	0.270219967624515	0.776636095574201
K01474	group	GERD	-0.423626109464431	0.379965188986816	60	58	0.269488448748498	0.776636095574201
K08279	group	GERD	0.716750577852829	0.643837725398406	60	57	0.270194797384962	0.776636095574201
K10907	group	GERD	0.247376640434833	0.221997872859168	60	60	0.269738357363818	0.776636095574201
K13540	group	GERD	-0.43231940206866	0.388159972742967	60	52	0.269973957873468	0.776636095574201
K16841	group	GERD	-0.422773698762571	0.379354396539046	60	60	0.26968056170052	0.776636095574201
K19079	group	GERD	-0.53743132353631	0.482537566176099	60	8	0.269976284824535	0.776636095574201
K01046	group	GERD	0.321142222839226	0.289088800495014	60	60	0.271205174776757	0.777880404478524
K02775	group	GERD	0.241464536910724	0.217408780516496	60	60	0.271303309502859	0.777880404478524
K07220	group	GERD	-0.154839937690319	0.139296266534082	60	60	0.270902312088839	0.777880404478524
K07713	group	GERD	0.311932969755728	0.280939196814458	60	60	0.271442367124356	0.777880404478524
K10001	group	GERD	0.29638283088686	0.26686862702735	60	60	0.271325975862477	0.777880404478524
K18856	group	GERD	1.14450922117207	1.03077786304495	60	38	0.271436612195946	0.777880404478524
K00294	group	GERD	0.285958461943737	0.257885553992914	60	60	0.272068249512484	0.778918881897243
K02862	group	GERD	-0.555412920589661	0.500867738131097	60	14	0.27204969764441	0.778918881897243
K00752	group	GERD	0.313693061730747	0.283394229736139	60	60	0.2729008837991	0.779763420522592
K01480	group	GERD	-0.263451730655215	0.238066682240847	60	60	0.273022713207335	0.779763420522592
K02006	group	GERD	0.159051740424647	0.143576041501121	60	60	0.272526564533941	0.779763420522592
K08384	group	GERD	0.226421661314249	0.204491442823612	60	60	0.272759991852401	0.779763420522592
K10111	group	GERD	0.592758713767198	0.535484889837881	60	59	0.272882505549113	0.779763420522592
K03073	group	GERD	-0.0517803078269363	0.0468070380819953	60	60	0.273185531617631	0.77985169624502
K00868	group	GERD	0.105565903863119	0.0955368406734843	60	60	0.273732842255232	0.780660184955588
K05591	group	GERD	0.276969193751102	0.250613533864638	60	60	0.273651775138248	0.780660184955588
K00201	group	GERD	0.318701088941544	0.288676979836547	60	12	0.274149862427108	0.781223690852999
K16923	group	GERD	0.183150004594395	0.165911525798033	60	60	0.274194715581863	0.781223690852999
K00855	group	GERD	0.921798137150393	0.837539976977262	60	59	0.27561684274436	0.781561272751421
K01186	group	GERD	0.195347773059359	0.17719102519897	60	60	0.274811142545495	0.781561272751421
K02231	group	GERD	0.148861158737867	0.135003760589079	60	60	0.274735905173046	0.781561272751421
K02594	group	GERD	-0.404516601144947	0.36694480777715	60	60	0.274845205522355	0.781561272751421
K03306	group	GERD	-0.151756497148267	0.137741825983204	60	60	0.275123215265083	0.781561272751421
K05936	group	GERD	0.146691233399414	0.133362051618897	60	60	0.275899590025747	0.781561272751421
K11737	group	GERD	-0.35036825961842	0.318389532059895	60	60	0.275687206949531	0.781561272751421
K12205	group	GERD	0.855617911264065	0.777699623915487	60	25	0.275794441380616	0.781561272751421
K12213	group	GERD	0.855617911264065	0.777699623915487	60	25	0.275794441380616	0.781561272751421
K12218	group	GERD	0.855617911264065	0.777699623915487	60	25	0.275794441380616	0.781561272751421
K12222	group	GERD	0.855617911264065	0.777699623915487	60	25	0.275794441380616	0.781561272751421
K19508	group	GERD	0.271045867443254	0.245764237752147	60	60	0.274639026673995	0.781561272751421
K09797	group	GERD	0.129838203140384	0.118097119042293	60	60	0.276127988838506	0.781833654220904
K05364	group	GERD	-0.237842626756252	0.216536727399789	60	60	0.276571358564403	0.782714155975467
K09126	group	GERD	-0.361171215376449	0.329032136075147	60	57	0.276881505935073	0.783216967984761
K01770	group	GERD	0.0452918643082229	0.0412936446613601	60	60	0.277251393551262	0.783888205966075
K05563	group	GERD	-0.465212780760023	0.424441026826151	60	60	0.277582864018059	0.784450235217382
K00826	group	GERD	0.0218800517650449	0.0199746619625432	60	60	0.277873498368516	0.784556104864767
K14090	group	GERD	0.622114982253916	0.567953694458318	60	55	0.277885738089787	0.784556104864767
K01113	group	GERD	-0.324259063866213	0.296818368902259	60	60	0.279152600433382	0.785133289135182
K02636	group	GERD	0.503860238565088	0.460977973905175	60	12	0.278902149255918	0.785133289135182
K04127	group	GERD	0.523979454230531	0.478928829618387	60	11	0.278449262970913	0.785133289135182
K08692	group	GERD	0.211053319066341	0.193148963583835	60	10	0.279044715051241	0.785133289135182
K12073	group	GERD	0.222865734813963	0.203753689797754	60	8	0.278564796056268	0.785133289135182
K12994	group	GERD	-0.459919531486836	0.420228216389459	60	13	0.278281254961041	0.785133289135182
K14067	group	GERD	0.211053319066341	0.193148963583835	60	10	0.279044715051241	0.785133289135182
K15342	group	GERD	0.0852323730266091	0.0780073941630773	60	60	0.279078678321043	0.785133289135182
K10984	group	GERD	0.855639445045914	0.783588117017452	60	28	0.279370014334936	0.785371148239725
K06399	group	GERD	0.308482184312535	0.282586676000359	60	60	0.279506513684312	0.785381420580633
K17735	group	GERD	-0.80878040136069	0.741660971537527	60	22	0.280003272138184	0.786403489254606
K00558	group	GERD	0.0769418969650642	0.0706615258303585	60	60	0.280710754687215	0.787309082512088
K07030	group	GERD	-0.152768514761	0.140303071113579	60	60	0.280725227661617	0.787309082512088
K18661	group	GERD	-0.459139373810328	0.421660663661703	60	57	0.280709031741583	0.787309082512088
K12448	group	GERD	0.58472710430030606	0.537292777213347	60	20	0.280971353318016	0.787625718736894
K19142	group	GERD	0.358307779824167	0.329351398647992	60	60	0.281130909643317	0.78769949659303
K01012	group	GERD	-0.0715355239876261	0.0658823597366054	60	60	0.282056772211834	0.788798314719188
K01493	group	GERD	0.123573941578606	0.113782128279702	60	60	0.281946818232896	0.788798314719188
K03717	group	GERD	0.280081462746949	0.257766046117238	60	60	0.281721055532164	0.788798314719188
K07452	group	GERD	0.321582117414627	0.296015750450257	60	60	0.281810548148421	0.788798314719188
K10545	group	GERD	1.08751366779515	1.00327117107748	60	51	0.282864560539423	0.790683348420363
K12972	group	GERD	0.260737928487944	0.240694128351287	60	60	0.283169288445577	0.791161074333766
K02122	group	GERD	0.144376313409017	0.133365381264416	60	60	0.283483051687206	0.791289802443231
K17073	group	GERD	0.252081345242565	0.232797591290845	60	60	0.283362989290398	0.791289802443231
K01473	group	GERD	-0.40944337871014	0.378716086521479	60	58	0.284111760801807	0.791460394477218
K01524	group	GERD	-0.0778231782583892	0.0719467141598104	60	60	0.28387255066697	0.791460394477218
K10232	group	GERD	-0.692027147834619	0.639840421812887	60	55	0.283923640733429	0.791460394477218
K14439	group	GERD	0.467285648008965	0.432309764127616	60	13	0.284213534755604	0.791460394477218
K18288	group	GERD	0.467285648008965	0.432309764127616	60	13	0.284213534755604	0.791460394477218
K14088	group	GERD	0.61316928113931	0.567601505374058	60	55	0.284488620028628	0.791853447085333
K01664	group	GERD	-0.160157868300513	0.148467473921325	60	60	0.285169332010033	0.792258133265823
K06042	group	GERD	0.139650605700935	0.129406975848376	60	60	0.284984640475726	0.792258133265823
K08642	group	GERD	-0.257133165291741	0.238364614901575	60	7	0.285170045262123	0.792258133265823
K19666	group	GERD	-0.257133165291741	0.238364614901575	60	7	0.285170045262123	0.792258133265823
K07140	group	GERD	0.259012626893063	0.240297716708878	60	60	0.285548983873165	0.792938277434546
K01753	group	GERD	0.253086399396281	0.234929723825404	60	60	0.285813105168497	0.793139936860268
K05898	group	GERD	-0.358117408245534	0.332535296987612	60	9	0.285970363819005	0.793139936860268
K06333	group	GERD	0.311259533734274	0.289057255727684	60	60	0.286024077365712	0.793139936860268
K00156	group	GERD	-0.269436262306877	0.250321721655277	60	60	0.286223229124324	0.793254761734546
K05837	group	GERD	0.0173970111377207	0.016175661733976	60	60	0.286602194023171	0.793254761734546
K06214	group	GERD	0.625147739021994	0.581200515622069	60	59	0.286553751388318	0.793254761734546
K18151	group	GERD	0.442040863861382	0.410892088642258	60	8	0.2864680881977	0.793254761734546
K00883	group	GERD	0.897236497027385	0.83472885200696	60	55	0.286878082182538	0.793275594884547
K19668	group	GERD	0.56073288964991	0.52155399562657	60	13	0.286773420691179	0.793275594884547
K00658	group	GERD	-0.220886170127571	0.205766023573421	60	60	0.287500807597282	0.79431715362618
K07669	group	GERD	0.305477883273745	0.2846183306713	60	60	0.287586486887254	0.79431715362618
K11749	group	GERD	0.0181066366794552	0.016872746486776	60	60	0.287657818997573	0.79431715362618
K07706	group	GERD	-0.308585304813731	0.287742941726021	60	60	0.287967177882566	0.794800166032553
K11779	group	GERD	-0.367112300077312	0.342561845175567	60	15	0.288308634303708	0.795289663629629
K19148	group	GERD	-0.649277423548931	0.60599048969271	60	21	0.28841357219586	0.795289663629629
K19134	group	GERD	-0.47056656514102	0.439572014548264	60	59	0.288824176537017	0.796050597523005
K04072	group	GERD	-0.126772805417504	0.118499434875563	60	60	0.289133386189576	0.79622295914466
K16927	group	GERD	-0.292748052595023	0.273655904207584	60	60	0.289156071259064	0.79622295914466
K04029	group	GERD	0.236044700916427	0.221040190516987	60	60	0.289998693371023	0.797454425851181
K06872	group	GERD	0.100805706339294	0.0943848463692287	60	60	0.289932881618678	0.797454425851181
K07559	group	GERD	0.272120800163985	0.254828001677012	60	60	0.290007952567665	0.797454425851181
K01200	group	GERD	0.205324912805193	0.192518904438881	60	60	0.290608909372976	0.797622967601223
K03486	group	GERD	-0.16053838264643	0.150504084901336	60	60	0.290540340881377	0.797622967601223
K04031	group	GERD	0.229229575728478	0.214862414016122	60	60	0.290452772007034	0.797622967601223
K07794	group	GERD	0.247021723636259	0.23157886128514	60	60	0.290534138906666	0.797622967601223
K01791	group	GERD	0.0972928708102051	0.0913684015307594	60	60	0.291360653086626	0.799040717186721
K02347	group	GERD	0.351598671059504	0.330212985531777	60	60	0.291395768987579	0.799040717186721
K00301	group	GERD	-0.597180871317728	0.561028450486003	60	26	0.291541097788304	0.799068599964976
K00105	group	GERD	-0.354292656189141	0.333418882990787	60	60	0.292365420888371	0.799303586758269
K00164	group	GERD	-0.229118227666463	0.216006691921662	60	60	0.293223476483478	0.799303586758269
K00281	group	GERD	-0.180584334044165	0.169930361977811	60	60	0.292324553644009	0.799303586758269
K00875	group	GERD	-0.404789784813319	0.381561927445954	60	8	0.293144132330364	0.799303586758269
K01457	group	GERD	-0.875175158881704	0.823680890419052	60	53	0.292405006480315	0.799303586758269
K01615	group	GERD	0.235828878344422	0.222201274348294	60	60	0.292939457897331	0.799303586758269
K02189	group	GERD	0.142758264074471	0.134626261422814	60	60	0.293356642456566	0.799303586758269
K05339	group	GERD	-0.722283930654447	0.679634653388079	60	26	0.292298855924816	0.799303586758269
K06890	group	GERD	0.122458100706731	0.115342819971146	60	60	0.292778180420631	0.799303586758269
K07004	group	GERD	-0.278659814342819	0.262646259613977	60	60	0.29310162582922	0.799303586758269
K07678	group	GERD	0.503703011395558	0.475172310716256	60	60	0.29351963580044	0.799303586758269
K08300	group	GERD	-0.245829717077108	0.231270969408562	60	60	0.292209903728088	0.799303586758269
K10188	group	GERD	0.292571626384367	0.275563410235622	60	60	0.292763099272965	0.799303586758269
K13693	group	GERD	0.721703099312604	0.680752515224361	60	37	0.293469109234636	0.799303586758269
K15549	group	GERD	0.680231741484392	0.642551268095231	60	57	0.29415197671878	0.800656761676532
K06334	group	GERD	0.321571942737886	0.304704127977072	60	60	0.295637989381161	0.804331244004337
K09933	group	GERD	0.269452294538917	0.255483848449446	60	60	0.29594794009962	0.804804149893722
K06972	group	GERD	0.229936758936596	0.218090707047327	60	60	0.296110089184484	0.804874872302836
K11788	group	GERD	0.689303002879068	0.655115412479731	60	50	0.297078415941821	0.807135843312522
K06893	group	GERD	0.318159360929958	0.30261085287197	60	60	0.297444416543192	0.807375375998155
K06980	group	GERD	-0.245152000603839	0.233147909623985	60	60	0.297396250225469	0.807375375998155
K09124	group	GERD	0.45410131480994	0.432028313797671	60	58	0.297576276099455	0.807375375998155
K02029	group	GERD	-0.0596603096589021	0.0569037653916938	60	60	0.298784275446698	0.808515812949351
K05549	group	GERD	-0.840303575704772	0.800682022901287	60	41	0.298308517020364	0.808515812949351
K05595	group	GERD	-0.149884561069819	0.143021668902677	60	60	0.298993093919981	0.808515812949351
K06306	group	GERD	0.476726853927837	0.454835846889892	60	60	0.298927096095247	0.808515812949351
K07001	group	GERD	0.0886054744297701	0.0844628648273922	60	60	0.298508439354396	0.808515812949351
K13010	group	GERD	0.28733271474032	0.274388975141618	60	60	0.299364193935407	0.808515812949351
K13668	group	GERD	-0.412310693987761	0.393160569249028	60	60	0.298662865828891	0.808515812949351
K15016	group	GERD	0.567013579637355	0.541318539871514	60	17	0.299229548269176	0.808515812949351
K16868	group	GERD	-0.146099409830265	0.139470898610265	60	60	0.299202756098418	0.808515812949351
K19597	group	GERD	-0.652885537726508	0.621955175072002	60	19	0.298196285814691	0.808515812949351
K03975	group	GERD	-0.183190714430706	0.175458077391091	60	60	0.300784647367284	0.80939409887819
K05559	group	GERD	-0.450021863251687	0.430861881407686	60	60	0.300602208404373	0.80939409887819
K05560	group	GERD	-0.450021863251687	0.430861881407686	60	60	0.300602208404373	0.80939409887819
K05561	group	GERD	-0.450021863251687	0.430861881407686	60	60	0.300602208404373	0.80939409887819
K06400	group	GERD	0.224482135776022	0.214926308268808	60	60	0.300605883878729	0.80939409887819
K07015	group	GERD	-0.222016587145146	0.21262236005835	60	60	0.300733484615279	0.80939409887819
K10551	group	GERD	0.73950867329023	0.707716697112631	60	52	0.30039459141276	0.80939409887819
K13730	group	GERD	0.209700799604951	0.200743802252631	60	60	0.300533401672066	0.80939409887819
K09803	group	GERD	0.314881153653002	0.302074474425746	60	60	0.301553782702774	0.810357256063091
K09816	group	GERD	-0.0789742359728748	0.0757409304684225	60	60	0.301419061927654	0.810357256063091
K19140	group	GERD	0.786285327126298	0.754058214036983	60	36	0.301396454769527	0.810357256063091
K00124	group	GERD	0.323996098572269	0.3113585706358	60	60	0.302385048389866	0.811853045449995
K08677	group	GERD	0.208068834236728	0.199916663760585	60	11	0.302297819717604	0.811853045449995
K01258	group	GERD	0.120351805849351	0.115826146166478	60	60	0.303083244585782	0.81225210425709
K01673	group	GERD	-0.0452297829545808	0.0435074384205029	60	60	0.302846089834611	0.81225210425709
K03436	group	GERD	-0.165780366296974	0.159526351652004	60	60	0.303022950107657	0.81225210425709
K12950	group	GERD	0.175261836488115	0.168642420226792	60	60	0.303001030803224	0.81225210425709
K07290	group	GERD	0.494526878457491	0.476107149090894	60	59	0.303260639532959	0.812359266388245
K00154	group	GERD	-0.483475205763042	0.466299693112163	60	59	0.30411689631862	0.812811523976347
K03181	group	GERD	-0.386109519869187	0.372360970756648	60	60	0.304075766097915	0.812811523976347
K03574	group	GERD	-0.0780562021382913	0.0752506078658299	60	60	0.303909113823134	0.812811523976347
K13589	group	GERD	0.615686598650061	0.593367242224801	60	31	0.303756056606859	0.812811523976347
K18197	group	GERD	0.890427488306669	0.85793401181982	60	46	0.303636310162356	0.812811523976347
K13057	group	GERD	-0.509492295077831	0.491815590166191	60	53	0.304529274880829	0.813545898371198
K01733	group	GERD	-0.05260834309457	0.0508310664925323	60	60	0.304981601363491	0.813651275839782
K03704	group	GERD	-0.0671980797714324	0.0649031633894747	60	60	0.304798873896242	0.813651275839782
K16299	group	GERD	0.654552477525831	0.632435225809668	60	39	0.304978271771583	0.813651275839782
K02571	group	GERD	-0.754011420555998	0.729036299846511	60	21	0.305308932186103	0.813899651211059
K09759	group	GERD	0.913942734073327	0.883999900349032	60	43	0.305487707381147	0.813899651211059
K18230	group	GERD	-0.402950098076511	0.389717203872745	60	60	0.305449172217803	0.813899651211059
K02759	group	GERD	-0.206007405842859	0.199397724924958	60	60	0.305823341791691	0.813930888462115
K04074	group	GERD	-0.235718960932453	0.228198418806237	60	60	0.305912455034306	0.813930888462115
K09698	group	GERD	-0.246853079978122	0.238868180863609	60	60	0.305693544517577	0.813930888462115
K01479	group	GERD	0.27419052723494	0.265917568898569	60	60	0.306769429590862	0.815835409722203
K01667	group	GERD	0.167027372659621	0.162033340767229	60	60	0.306904254266268	0.815835409722203
K11312	group	GERD	0.20147007831668	0.19555345562134	60	60	0.307167177247006	0.816081051151159
K16149	group	GERD	0.202611645930521	0.19670480859156	60	60	0.307272736783234	0.816081051151159
K00209	group	GERD	0.183269757041455	0.178116121496152	60	60	0.307782551433222	0.816937879617172
K00766	group	GERD	-0.121436756127834	0.11807787682184	60	60	0.308009900823186	0.816937879617172
K03688	group	GERD	-0.208664264539203	0.202845290740837	60	60	0.307897824802368	0.816937879617172
K14266	group	GERD	0.648059363840094	0.630639467382924	60	32	0.308394046459362	0.817448010433524
K16012	group	GERD	-0.159535428776207	0.155274539136157	60	60	0.308478773896683	0.817448010433524
K03536	group	GERD	-0.0212669309260588	0.0207154774116511	60	60	0.308861882713231	0.817871892922139
K04763	group	GERD	0.0372541341505054	0.0363119953500663	60	60	0.309177100322849	0.817871892922139
K12111	group	GERD	0.233164591067561	0.227285572047565	60	60	0.309214229462551	0.817871892922139
K13503	group	GERD	-0.424213016797016	0.413432878037307	60	8	0.309116797243213	0.817871892922139
K15270	group	GERD	-0.567619869352276	0.553442000752003	60	55	0.309330438527385	0.817871892922139
K01453	group	GERD	-0.530325745720728	0.517976554048852	60	22	0.310161692586723	0.819654554791139
K05562	group	GERD	-0.440508455956278	0.430358666112023	60	60	0.310281950883385	0.819654554791139
K05989	group	GERD	0.450544092433238	0.440381777029049	60	59	0.310520165848067	0.819917472306286
K16047	group	GERD	-0.294803981464631	0.288302257834169	60	11	0.310766029934926	0.820200343292537
K00163	group	GERD	-0.23878880769601	0.233948459026223	60	60	0.311640088720639	0.821533907368185
K03761	group	GERD	0.810937974416755	0.795004317415942	60	59	0.311944472755739	0.821533907368185
K05934	group	GERD	0.138626510395707	0.135938449194586	60	60	0.312070557526082	0.821533907368185
K07653	group	GERD	-0.36165774514991	0.354264629255208	60	56	0.311555941406611	0.821533907368185
K09163	group	GERD	0.342916373939954	0.336291190979927	60	60	0.312105066973773	0.821533907368185
K13992	group	GERD	0.141685237958583	0.138855338776404	60	8	0.311785590730308	0.821533907368185
K03444	group	GERD	0.702931383476403	0.689876676342882	60	32	0.312470903143229	0.821765115383794
K05874	group	GERD	0.618805159935185	0.607163846535156	60	59	0.312353228863657	0.821765115383794
K03367	group	GERD	-0.173350831920415	0.170182585952771	60	60	0.312615203318059	0.821779049362545
K01026	group	GERD	0.232506701233334	0.229054089699526	60	60	0.314286696675079	0.823213200645896
K01768	group	GERD	-0.239060362092799	0.235077675351879	60	60	0.313404463146946	0.823213200645896
K03201	group	GERD	0.359150054535514	0.353411025124737	60	60	0.313736186085629	0.823213200645896
K09145	group	GERD	-0.46661732226187	0.459480061979302	60	13	0.314069367942272	0.823213200645896
K12203	group	GERD	0.786869420352812	0.775615605881129	60	26	0.314553217229208	0.823213200645896
K12204	group	GERD	0.786869420352812	0.775615605881129	60	26	0.314553217229208	0.823213200645896
K12206	group	GERD	0.786869420352812	0.775615605881129	60	26	0.314553217229208	0.823213200645896
K12214	group	GERD	0.786869420352812	0.775615605881129	60	26	0.314553217229208	0.823213200645896
K12217	group	GERD	0.786869420352812	0.775615605881129	60	26	0.314553217229208	0.823213200645896
K19190	group	GERD	-0.264596279356825	0.260727726242792	60	7	0.314398153697484	0.823213200645896
K00703	group	GERD	0.0752061183083888	0.0742583253255529	60	60	0.315379558760367	0.823552982063291
K01706	group	GERD	0.465837188990817	0.459637081212596	60	60	0.315035947042175	0.823552982063291
K05881	group	GERD	-0.433604560203275	0.427893033463985	60	60	0.315102744651598	0.823552982063291
K06975	group	GERD	-0.113896657221963	0.1124015675612	60	60	0.315124853123781	0.823552982063291
K14761	group	GERD	-0.0983161492793247	0.0970646801923802	60	60	0.31531813237123	0.823552982063291
K06952	group	GERD	1.07596389386742	1.06365649999144	60	50	0.315944817785106	0.824664795914149
K19701	group	GERD	-0.275851470047511	0.272940179777568	60	7	0.316373939362147	0.825420445502653
K00202	group	GERD	0.299202338917505	0.296367305994679	60	12	0.316896599407349	0.826419362900858
K00848	group	GERD	0.19261593193939	0.191032712350746	60	60	0.31750443153195	0.827639417644131
K16871	group	GERD	-0.521892574188496	0.517858861796789	60	24	0.317741677995873	0.827892816355929
K01845	group	GERD	-0.0947128728320684	0.0941066693175143	60	60	0.318383630874695	0.828314243070363
K03317	group	GERD	-0.306121715580423	0.304277720583229	60	60	0.318565495476955	0.828314243070363
K06348	group	GERD	0.610498271351011	0.606367450464838	60	29	0.318206927923795	0.828314243070363
K10439	group	GERD	0.202208588907125	0.201006651277029	60	60	0.318603956147159	0.828314243070363
K13582	group	GERD	0.573516238809015	0.570094938442945	60	31	0.318593611421719	0.828314243070363
K03286	group	GERD	0.117397828613656	0.116861388113229	60	60	0.319266967046146	0.828629975215529
K04090	group	GERD	-0.441871050167864	0.439561886311887	60	60	0.318950458735474	0.828629975215529
K09020	group	GERD	0.762796628999286	0.759537256697145	60	53	0.319409856549095	0.828629975215529
K13875	group	GERD	0.353307297992262	0.351737153625668	60	19	0.319327353054727	0.828629975215529
K15495	group	GERD	-0.324916792373479	0.323539470440382	60	57	0.319426203233456	0.828629975215529
K10716	group	GERD	-0.139038033892749	0.138698401938766	60	60	0.32029093280126397	0.830315081580918
K18348	group	GERD	0.855749278395348	0.853775905316401	60	29	0.320356681509823	0.830315081580918
K04762	group	GERD	0.0524012358549676	0.0523338240451792	60	60	0.320846746009914	0.83049297828836
K05783	group	GERD	-0.806757926818238	0.805534641106381	60	41	0.320736312571519	0.83049297828836
K14451	group	GERD	-0.393363720859845	0.392768111692215	60	8	0.320737347976058	0.83049297828836
K00819	group	GERD	0.299400655591036	0.299276500948626	60	60	0.32126537998706	0.831212659292561
K00768	group	GERD	0.143501163247922	0.143557372693234	60	60	0.321652283854274	0.831615099930039
K03708	group	GERD	-0.230018720178321	0.230167713925197	60	60	0.321775070665575	0.831615099930039
K16869	group	GERD	-0.282008037895104	0.282230616044544	60	60	0.321842920947214	0.831615099930039
K00183	group	GERD	-0.581746721810448	0.583455609668124	60	12	0.32287172938712	0.832816200349751
K02458	group	GERD	0.258997552387461	0.259816028798804	60	60	0.322978235174978	0.832816200349751
K03616	group	GERD	-0.211934686769768	0.212521187226881	60	60	0.322790325511632	0.832816200349751
K06881	group	GERD	0.117263475924546	0.117508968781499	60	60	0.322467798912868	0.832816200349751
K15784	group	GERD	-0.460835693426081	0.462324645367593	60	15	0.323012102063934	0.832816200349751
K00769	group	GERD	0.366047238912254	0.367527072921739	60	60	0.323400166799335	0.833017040428893
K01681	group	GERD	-0.0951859941724434	0.095747382448524307	60	60	0.324285801476848	0.833017040428893
K02687	group	GERD	0.0161008948525189	0.0161855264367613	60	60	0.323979738265625	0.833017040428893
K05994	group	GERD	-0.268061161733206	0.269130472554391	60	9	0.323374512133203	0.833017040428893
K09811	group	GERD	0.0170062913424084	0.0170989725961257	60	60	0.324072079469715	0.833017040428893
K10810	group	GERD	-0.439529411269707	0.441916422016859	60	12	0.324063018223745	0.833017040428893
K10985	group	GERD	0.759203545308273	0.763796304089051	60	28	0.324358123658205	0.833017040428893
K10986	group	GERD	0.759203545308273	0.763796304089051	60	28	0.324358123658205	0.833017040428893
K11357	group	GERD	0.564064245370175	0.567179357857441	60	31	0.324106816504794	0.833017040428893
K12139	group	GERD	0.533373858272565	0.536930539461674	60	59	0.324653148883195	0.833412686147394
K02033	group	GERD	0.10802627382972	0.108827170412927	60	60	0.325008385556638	0.83360068347542
K02114	group	GERD	0.0190572979291636	0.0191965424023892	60	60	0.324957289822819	0.83360068347542
K00760	group	GERD	-0.0317566839892506	0.0320081410665797	60	60	0.325248510796171	0.833854811720279
K19174	group	GERD	0.469550357585573	0.47373787132727	60	11	0.325724221974772	0.834350780032432
K19175	group	GERD	0.469550357585573	0.47373787132727	60	11	0.325724221974772	0.834350780032432
K01684	group	GERD	1.06207730378251	1.0719020409507	60	49	0.32588223797251	0.834394019442824
K12553	group	GERD	-0.894852029511836	0.90367366848554	60	25	0.326171035705692	0.834771932074481
K00284	group	GERD	0.223036960087616	0.225322715416041	60	60	0.326356331803389	0.834884739775698
K06591	group	GERD	-0.407463947984206	0.412733804647884	60	55	0.327629658891685	0.837779646785313
K00039	group	GERD	-0.753860704243419	0.764502129505476	60	28	0.328189397703926	0.838848127637531
K00570	group	GERD	-0.581551575136926	0.591351829576087	60	21	0.329481818078654	0.839324559376613
K01182	group	GERD	-0.252060984957529	0.256729128656139	60	60	0.330267974954547	0.839324559376613
K01720	group	GERD	1.15902608656898	1.17890222730584	60	48	0.329621941408316	0.839324559376613
K01912	group	GERD	0.202939697992235	0.206607427958996	60	60	0.330057475419936	0.839324559376613
K07064	group	GERD	-0.699560877990255	0.712581787515464	60	35	0.330311805120103	0.839324559376613
K07105	group	GERD	-0.150211032012242	0.153023356887016	60	60	0.330363371053684	0.839324559376613
K07502	group	GERD	0.189019171769938	0.192006008471095	60	60	0.328986180648589	0.839324559376613
K09155	group	GERD	0.113688981785205	0.115407736302201	60	60	0.328663197599635	0.839324559376613
K11358	group	GERD	0.207979580765192	0.211557482327728	60	60	0.329647470299125	0.839324559376613
K18306	group	GERD	-0.326995069224923	0.332353349163246	60	10	0.329262187710373	0.839324559376613
K18307	group	GERD	-0.326995069224923	0.332353349163246	60	10	0.329262187710373	0.839324559376613
K18940	group	GERD	-0.869912584803794	0.885616125718778	60	22	0.330047514041997	0.839324559376613
K19507	group	GERD	0.240338213918571	0.24421107154097	60	60	0.329133694897942	0.839324559376613
K19745	group	GERD	0.459680968068145	0.467698627870756	60	59	0.329759993977447	0.839324559376613
K00648	group	GERD	0.0265051442999649	0.027031289688682	60	60	0.330894248776369	0.839939469054092
K01800	group	GERD	-0.462766857837622	0.47203211682997	60	59	0.330974543156379	0.839939469054092
K01953	group	GERD	0.1854456445971	0.189181047427789	60	60	0.331031624305824	0.839939469054092
K00042	group	GERD	0.309261071682904	0.315976272581223	60	60	0.331769560427895	0.841450725546853
K05784	group	GERD	-0.799550750047715	0.817303006815571	60	42	0.331999079884455	0.841555780894374
K08170	group	GERD	-0.719819936151251	0.735950167473663	60	25	0.33209567605321	0.841555780894374
K01919	group	GERD	-0.199111651514666	0.203838935694992	60	60	0.332720589133738	0.842112558489563
K09809	group	GERD	0.433756695735995	0.443941786828194	60	60	0.332598426747237	0.842112558489563
K09992	group	GERD	0.411043848356536	0.420822217408166	60	57	0.332742715939042	0.842112558489563
K00004	group	GERD	0.170038274824247	0.174250599185597	60	60	0.333203243345807	0.842917233487553
K03416	group	GERD	-0.388057201561567	0.398005261358218	60	52	0.33360677107342	0.84357708750473
K00263	group	GERD	-0.752245356836913	0.772827861187461	60	35	0.334412934971681	0.8436210173452
K00441	group	GERD	0.316268520819297	0.32460717970519	60	14	0.333948027756752	0.8436210173452
K00970	group	GERD	-0.13393367974511	0.137543888749649	60	60	0.334223313393664	0.8436210173452
K02032	group	GERD	0.121841860226034	0.125109880564916	60	60	0.334161035850892	0.8436210173452
K10533	group	GERD	-0.310569427384469	0.319101865545441	60	8	0.334465250381372	0.8436210173452
K10750	group	GERD	0.52737555707569606	0.542042758557448	60	40	0.334623018551166	0.8436210173452
K19405	group	GERD	0.234271311583911	0.240762351905327	60	60	0.334574353444262	0.8436210173452
K02761	group	GERD	-0.1867621232468	0.192306252677304	60	60	0.335496279338584	0.845462064556567
K01250	group	GERD	0.367960620176636	0.379113223640041	60	60	0.335786578612213	0.845521215796665
K07238	group	GERD	0.129424258189064	0.133352351176055	60	60	0.335805787329257	0.845521215796665
K10797	group	GERD	0.47210740751239	0.487520674143654	60	59	0.336873372087058	0.847848180408126
K01246	group	GERD	0.0521380247001134	0.0539090489260763	60	60	0.337485751671061	0.847945501011182
K02111	group	GERD	0.0184907677963124	0.0191156082350403	60	60	0.337404173538597	0.847945501011182
K09780	group	GERD	-0.230467760919511	0.238234170337471	60	60	0.337360795400486	0.847945501011182
K15783	group	GERD	-0.473906426170309	0.489740732237417	60	16	0.337228093509533	0.847945501011182
K08138	group	GERD	0.302413017486043	0.312903481015258	60	60	0.337819930509263	0.848064301134081
K14445	group	GERD	0.119231215147181	0.123348280323166	60	60	0.337746231014339	0.848064301134081
K02460	group	GERD	0.251994940787571	0.261139561992138	60	60	0.338560300845471	0.849201738904721
K17947	group	GERD	-0.44727421801297	0.463375319278178	60	20	0.338425883535211	0.849201738904721
K00246	group	GERD	0.347463342919782	0.364959803999578	60	60	0.345017794520261	0.849417201661609
K00691	group	GERD	0.198258662921901	0.20815876222608	60	60	0.344826533152836	0.849417201661609
K00784	group	GERD	0.116758190966289	0.122772084041651	60	60	0.345542687753074	0.849417201661609
K01061	group	GERD	0.214754887034251	0.22500345913665	60	60	0.343816322861126	0.849417201661609
K01652	group	GERD	-0.0628189069130847	0.065379257182423	60	60	0.340622033102946	0.849417201661609
K01991	group	GERD	0.0759259041176736	0.0798168373631494	60	60	0.345423957052626	0.849417201661609
K02003	group	GERD	-0.12526830608049	0.130036286422231	60	60	0.339379554487089	0.849417201661609
K02021	group	GERD	-0.373637122614356	0.390969469394205	60	55	0.343206266524366	0.849417201661609
K02074	group	GERD	-0.246722671702539	0.258737592488494	60	60	0.344262079093595	0.849417201661609
K02110	group	GERD	0.0182348418921074	0.0191256078497314	60	60	0.344331277596452	0.849417201661609
K02274	group	GERD	-0.218948878631113	0.229026443259919	60	60	0.343040957667127	0.849417201661609
K02275	group	GERD	-0.222150888497239	0.233498237580094	60	60	0.345347917805978	0.849417201661609
K02572	group	GERD	0.359610251727431	0.377355647027391	60	60	0.344557862204647	0.849417201661609
K03290	group	GERD	-0.44035093509165	0.459436669225543	60	60	0.341810086114191	0.849417201661609
K03457	group	GERD	0.732958234998714	0.76097012431577	60	52	0.339451295592078	0.849417201661609
K03488	group	GERD	-0.258797293871194	0.271824447908309	60	60	0.345009795313682	0.849417201661609
K03524	group	GERD	0.0788451300505002	0.0821489666094785	60	60	0.341148873518004	0.849417201661609
K03710	group	GERD	-0.189223799574392	0.198082977912246	60	60	0.343403158290371	0.849417201661609
K05895	group	GERD	0.132662373823299	0.138349580109936	60	60	0.341593200573482	0.849417201661609
K05946	group	GERD	0.193859493593572	0.201742732679232	60	60	0.340579253411207	0.849417201661609
K06019	group	GERD	-0.235734586519054	0.247873766265071	60	60	0.345537165037362	0.849417201661609
K07032	group	GERD	-0.19739835449768	0.205749100169467	60	60	0.341333276185591	0.849417201661609
K07161	group	GERD	-0.734182779321492	0.766088193145945	60	30	0.341862851485	0.849417201661609
K07402	group	GERD	0.232136532570104	0.241174180738025	60	60	0.339781105340686	0.849417201661609
K07492	group	GERD	0.412680265578169	0.429247599060288	60	16	0.340340260553352	0.849417201661609
K07641	group	GERD	0.283851338848104	0.294722970263797	60	60	0.339489535832069	0.849417201661609
K07651	group	GERD	-0.352782853783601	0.367493844060187	60	59	0.341055524713044	0.849417201661609
K07663	group	GERD	0.283467472947228	0.295254250355048	60	60	0.34100073408387	0.849417201661609
K07683	group	GERD	-0.422442517582145	0.443746885726712	60	12	0.345052685775217	0.849417201661609
K07734	group	GERD	-0.266859276366871	0.278858492287563	60	60	0.342554304192123	0.849417201661609
K07790	group	GERD	0.30349875434716	0.317879559493628	60	14	0.343661476207911	0.849417201661609
K09858	group	GERD	-0.221510453270967	0.231796970816299	60	60	0.343229095435898	0.849417201661609
K09972	group	GERD	0.571094087937035	0.597022864734349	60	60	0.34275470000484	0.849417201661609
K10550	group	GERD	0.679278589927559	0.712877897496196	60	51	0.344611252604781	0.849417201661609
K11013	group	GERD	0.736870953051578	0.772706707134825	60	27	0.344232061962167	0.849417201661609
K11015	group	GERD	0.736870953051578	0.772706707134825	60	27	0.344232061962167	0.849417201661609
K13288	group	GERD	-0.227699463799644	0.237080121499347	60	60	0.340824476119335	0.849417201661609
K13653	group	GERD	-0.167499448348281	0.175777678939884	60	60	0.344592646432737	0.849417201661609
K13816	group	GERD	0.766655674683693	0.805418934813756	60	27	0.345111968836487	0.849417201661609
K15921	group	GERD	0.437692162066693	0.455853068464556	60	52	0.340960128030069	0.849417201661609
K16696	group	GERD	0.30349875434716	0.317879559493628	60	14	0.343661476207911	0.849417201661609
K16700	group	GERD	0.30349875434716	0.317879559493628	60	14	0.343661476207911	0.849417201661609
K16708	group	GERD	0.30349875434716	0.317879559493628	60	14	0.343661476207911	0.849417201661609
K16709	group	GERD	0.30349875434716	0.317879559493628	60	14	0.343661476207911	0.849417201661609
K17716	group	GERD	0.266797341710206	0.277068733040727	60	60	0.339581088103934	0.849417201661609
K17737	group	GERD	-0.814912830753836	0.854483443041245	60	31	0.344198164547636	0.849417201661609
K18816	group	GERD	0.640491080923504	0.668364013966971	60	53	0.341890860662299	0.849417201661609
K19156	group	GERD	0.73573986639972	0.769942940183208	60	25	0.343251943212526	0.849417201661609
K00245	group	GERD	0.346356993725098	0.36449969027707	60	60	0.345940465372585	0.849688421804205
K09162	group	GERD	-0.310237136282918	0.326451332386366	60	60	0.345886972407122	0.849688421804205
K05373	group	GERD	0.726389943158112	0.765312813150499	60	27	0.346487003680348	0.850324269721136
K15372	group	GERD	0.577038735156588	0.607916923048296	60	19	0.346454060954721	0.850324269721136
K05982	group	GERD	0.80322216635352	0.847744206263295	60	59	0.347324372890325	0.850561610115924
K09692	group	GERD	0.19839020591904	0.209434757309495	60	60	0.347433866311595	0.850561610115924
K12065	group	GERD	0.475833195186272	0.502336955739528	60	12	0.347446936473267	0.850561610115924
K12066	group	GERD	0.475833195186272	0.502336955739528	60	12	0.347446936473267	0.850561610115924
K12067	group	GERD	0.475833195186272	0.502336955739528	60	12	0.347446936473267	0.850561610115924
K13771	group	GERD	-0.240639674596054	0.253777520656552	60	60	0.346946214875147	0.850561610115924
K02651	group	GERD	0.305349908655109	0.322496852909026	60	60	0.347653273123384	0.850714466351593
K00982	group	GERD	-0.223763753557373	0.236580470303036	60	60	0.348161620370629	0.851376565039502
K02115	group	GERD	0.0180871735666188	0.0191251773122291	60	60	0.348211863035439	0.851376565039502
K13789	group	GERD	0.110735395825412	0.117126750163528	60	60	0.348360419238459	0.851387680255383
K18906	group	GERD	-0.490041918765933	0.518486120414252	60	20	0.34850831579729	0.851397174790734
K02771	group	GERD	-0.450223482928307	0.477174903030102	60	57	0.349329423114213	0.853050619352014
K01578	group	GERD	-0.399721080114817	0.424025720470059	60	57	0.349754151391657	0.853735154016298
K02461	group	GERD	0.249338054481624	0.264877449226741	60	60	0.350438203695186	0.855051861430434
K03556	group	GERD	0.536219350352662	0.569850079479869	60	59	0.350616239392283	0.855133336339595
K02169	group	GERD	-0.184728222084711	0.196621542643217	60	60	0.351364487610039	0.855194257204839
K06221	group	GERD	-0.239710711302128	0.255016683136908	60	60	0.351125957831232	0.855194257204839
K10711	group	GERD	-0.581102913229799	0.618023839772181	60	15	0.350983979370753	0.855194257204839
K16371	group	GERD	0.355747998428234	0.378639231018173	60	60	0.351348301921905	0.855194257204839
K18350	group	GERD	1.04165525682194	1.1086522672662	60	42	0.351335308248667	0.855194257204839
K01727	group	GERD	-0.318959276303286	0.339733111344306	60	60	0.351699963905737	0.855658513008525
K02108	group	GERD	0.0179475926897663	0.0191325879372875	60	60	0.352101536641922	0.856258051264254
K02232	group	GERD	0.128769431208014	0.137351731443607	60	60	0.352380892883276	0.856258051264254
K05937	group	GERD	-0.38199677618494	0.407378785823262	60	60	0.352289940434286	0.856258051264254
K03187	group	GERD	-0.199658094284146	0.213223492219841	60	60	0.352960533314706	0.857314163088144
K02565	group	GERD	0.194951962497533	0.208370716269338	60	60	0.35335765404597	0.857542830421803
K02907	group	GERD	-0.0214272942085468	0.0229084944983656	60	60	0.353489830469881	0.857542830421803
K13953	group	GERD	-0.171330316218821	0.183116596665523	60	60	0.353340511565707	0.857542830421803
K02112	group	GERD	0.0178386012463382	0.0190934486832056	60	60	0.35403366143425	0.85835414835104
K02566	group	GERD	0.193019916121196	0.206632830356059	60	60	0.354114642731425	0.85835414835104
K10549	group	GERD	0.681812871582072	0.730147205136285	60	51	0.354277465673864	0.858396875845854
K02492	group	GERD	-0.0927249930953759	0.099429126879436	60	60	0.354906106445393	0.859567759649799
K01746	group	GERD	0.192883019323962	0.20728449178478	60	60	0.355957296070582	0.861102915640291
K01838	group	GERD	0.24906972129477	0.267731398862718	60	60	0.356073344926361	0.861102915640291
K10025	group	GERD	-0.454154876154188	0.487941444165834	60	55	0.355837359544286	0.861102915640291
K10094	group	GERD	0.525681901623269	0.565440905673024	60	59	0.356387561793547	0.861102915640291
K16188	group	GERD	-0.403899730702166	0.434413156447893	60	10	0.356349315174588	0.861102915640291
K18930	group	GERD	-0.28839447561594	0.31022377108647903	60	60	0.356413875942455	0.861102915640291
K05340	group	GERD	-0.253198260463872	0.272465040609453	60	60	0.356591880428246	0.861181044563639
K00368	group	GERD	-0.20509466015359	0.220926037779142	60	60	0.357078230594669	0.861651632357422
K04338	group	GERD	0.55164994358529	0.594190262548279	60	59	0.357044600966185	0.861651632357422
K05548	group	GERD	-0.657464830717337	0.708959140347623	60	41	0.357579511073928	0.861986190662092
K15257	group	GERD	0.330791482762293	0.356755799562843	60	60	0.357654283777759	0.861986190662092
K19338	group	GERD	0.483845607202309	0.521684825237537	60	59	0.357527556459457	0.861986190662092
K15534	group	GERD	0.474498398688255	0.512081883566429	60	47	0.357970679286372	0.862045888367018
K19271	group	GERD	0.387570879531074	0.418162554492274	60	60	0.357849086940693	0.862045888367018
K17318	group	GERD	-0.193177932576352	0.208665729254097	60	60	0.358398027892687	0.8627235915723
K00881	group	GERD	0.66105644419223	0.714744674609519	60	51	0.358858078016233	0.86347942907284
K00242	group	GERD	-0.235891123795931	0.255162977165526	60	60	0.359070823915118	0.863569641322192
K04034	group	GERD	0.198544307294454	0.214869827411912	60	7	0.359303609849165	0.863569641322192
K07862	group	GERD	-0.128535582893355	0.139113359063608	60	60	0.359333781740966	0.863569641322192
K04337	group	GERD	0.555819242737697	0.601831128221478	60	59	0.359548612742725	0.863734822647294
K07692	group	GERD	-0.321587564683735	0.348554340697506	60	8	0.360021031462698	0.864518415112701
K01091	group	GERD	0.0615781215831919	0.0668097801423502	60	60	0.360506751298165	0.864982107822544
K13614	group	GERD	-0.272014210977881	0.295118440233086	60	12	0.360497031613724	0.864982107822544
K17828	group	GERD	0.111073390501756	0.120620179818165	60	60	0.360941877456361	0.865674798994728
K00091	group	GERD	0.305051808807846	0.33878480685025	60	60	0.371615382362369	0.86586977538899
K00138	group	GERD	-0.362296923507481	0.406940547872273	60	60	0.376985940679271	0.86586977538899
K00231	group	GERD	0.166632660733243	0.184109876966823	60	60	0.369171694684747	0.86586977538899
K00275	group	GERD	-0.149454224065859	0.163999523150722	60	60	0.365904767919575	0.86586977538899
K00625	group	GERD	0.104953507966591	0.116466107391183	60	60	0.371235067788827	0.86586977538899
K00713	group	GERD	0.691266286151119	0.773370263882225	60	24	0.375103643218454	0.86586977538899
K00737	group	GERD	0.527372091946829	0.579948919427896	60	55	0.366932842129868	0.86586977538899
K00754	group	GERD	0.182650381531226	0.203995019240011	60	60	0.374291944240975	0.86586977538899
K00993	group	GERD	0.444411218335122	0.498965582895799	60	57	0.376788699486866	0.86586977538899
K01355	group	GERD	0.691266286151119	0.773370263882225	60	24	0.375103643218454	0.86586977538899
K01495	group	GERD	0.069831423896977	0.0784607875795797	60	60	0.377133740126294	0.86586977538899
K01520	group	GERD	-0.0186734607847849	0.0209780982036496	60	60	0.377067761225896	0.86586977538899
K01572	group	GERD	0.0995273552300441	0.111206360549563	60	60	0.374497522815793	0.86586977538899
K01586	group	GERD	0.0226712017639597	0.0250905876009079	60	60	0.369959018390584	0.86586977538899
K01760	group	GERD	-0.135773534439055	0.149898447990886	60	60	0.368805009468945	0.86586977538899
K01817	group	GERD	0.0523367636669678	0.0583321854696628	60	60	0.37331114233699503	0.86586977538899
K01938	group	GERD	0.0426808738245842	0.0478486535511549	60	60	0.376080145911792	0.86586977538899
K02020	group	GERD	0.118102291644465	0.131795858491003	60	60	0.373903491637079	0.86586977538899
K02119	group	GERD	0.126258495802523	0.137601280040183	60	60	0.362645104936449	0.86586977538899
K02203	group	GERD	0.211243289233683	0.234312007068437	60	60	0.371026163225492	0.86586977538899
K02242	group	GERD	-0.126577291046566	0.141946967616944	60	60	0.376226318504537	0.86586977538899
K02276	group	GERD	-0.207450136232129	0.230050788295127	60	60	0.370914996130727	0.86586977538899
K02517	group	GERD	0.0608471119255032	0.0682949238123228	60	60	0.376639049638863	0.86586977538899
K02529	group	GERD	0.104090730273487	0.11412057908982	60	60	0.365485545688162	0.86586977538899
K02550	group	GERD	0.691266286151119	0.773370263882225	60	24	0.375103643218454	0.86586977538899
K02553	group	GERD	-0.321616878696414	0.350480124144905	60	60	0.362604177381205	0.86586977538899
K02823	group	GERD	0.108634247732376	0.1209845320822	60	60	0.372941384798472	0.86586977538899
K03381	group	GERD	-0.720487148972678	0.809290083605853	60	42	0.376998665317039	0.86586977538899
K03531	group	GERD	0.024275441049665	0.0265989195530467	60	60	0.36520596665666	0.86586977538899
K03715	group	GERD	0.448281421570794	0.491753041414342	60	57	0.365753433844827	0.86586977538899
K03763	group	GERD	-0.136355219233413	0.151719800514859	60	60	0.37251221450735	0.86586977538899
K03836	group	GERD	0.691266286151119	0.773370263882225	60	24	0.375103643218454	0.86586977538899
K03919	group	GERD	0.450373760488718	0.498707813062196	60	59	0.370218151829672	0.86586977538899
K04014	group	GERD	0.331201358170212	0.370825147540944	60	60	0.375469446252456	0.86586977538899
K04785	group	GERD	0.689128608237128	0.773744093968786	60	24	0.37680123951031	0.86586977538899
K04786	group	GERD	0.689128608237128	0.773744093968786	60	24	0.37680123951031	0.86586977538899
K05372	group	GERD	0.689128608237128	0.773744093968786	60	24	0.37680123951031	0.86586977538899
K05374	group	GERD	0.689128608237128	0.773744093968786	60	24	0.37680123951031	0.86586977538899
K06176	group	GERD	0.320782009835508	0.35434017642543	60	60	0.36905503630978	0.86586977538899
K06441	group	GERD	-0.417900551483187	0.459361110761243	60	15	0.366723228400877	0.86586977538899
K06916	group	GERD	-0.228946655856723	0.254676273752101	60	60	0.372385048385146	0.86586977538899
K07056	group	GERD	-0.0272404594622594	0.0305875571276989	60	60	0.376837577461792	0.86586977538899
K07279	group	GERD	0.691266286151119	0.773370263882225	60	24	0.375103643218454	0.86586977538899
K07314	group	GERD	0.691266286151119	0.773370263882225	60	24	0.375103643218454	0.86586977538899
K07454	group	GERD	0.308484312490255	0.346489199599591	60	60	0.37697535453818	0.86586977538899
K07471	group	GERD	0.691266286151119	0.773370263882225	60	24	0.375103643218454	0.86586977538899
K07495	group	GERD	0.691266286151119	0.773370263882225	60	24	0.375103643218454	0.86586977538899
K07780	group	GERD	0.691266286151119	0.773370263882225	60	24	0.375103643218454	0.86586977538899
K07786	group	GERD	0.691266286151119	0.773370263882225	60	24	0.375103643218454	0.86586977538899
K07797	group	GERD	0.691266286151119	0.773370263882225	60	24	0.375103643218454	0.86586977538899
K08153	group	GERD	0.161200408085511	0.180665747379083	60	60	0.375941791318661	0.86586977538899
K08317	group	GERD	0.587414529085463	0.658432115399154	60	56	0.376003621973342	0.86586977538899
K08715	group	GERD	0.375672379168363	0.419935791877121	60	19	0.374701203185729	0.86586977538899
K09690	group	GERD	0.167791734188474	0.183893780036676	60	60	0.36531516270395	0.86586977538899
K09799	group	GERD	-0.300152740490307	0.335942565059903	60	60	0.375300900783012	0.86586977538899
K09953	group	GERD	0.691266286151119	0.773370263882225	60	24	0.375103643218454	0.86586977538899
K10018	group	GERD	-0.333238669517972	0.366518062359833	60	46	0.367006672642722	0.86586977538899
K10544	group	GERD	0.918573125237274	1.00284868959024	60	50	0.36347865412046	0.86586977538899
K10555	group	GERD	0.343592038186986	0.376723766794819	60	58	0.365516256069404	0.86586977538899
K10558	group	GERD	0.345922105294658	0.376679082685081	60	58	0.362240570655929	0.86586977538899
K10939	group	GERD	0.691266286151119	0.773370263882225	60	24	0.375103643218454	0.86586977538899
K10973	group	GERD	0.689128608237128	0.773744093968786	60	24	0.37680123951031	0.86586977538899
K11006	group	GERD	0.691266286151119	0.773370263882225	60	24	0.375103643218454	0.86586977538899
K11635	group	GERD	0.208190169971346	0.229062938733033	60	60	0.367176060213292	0.86586977538899
K11636	group	GERD	0.209645252911687	0.229025937268445	60	60	0.363783530994063	0.86586977538899
K11739	group	GERD	0.693527612211472	0.773757901038249	60	24	0.373791930559193	0.86586977538899
K11927	group	GERD	0.185304936605515	0.201686538973193	60	60	0.362017512280491	0.86586977538899
K12081	group	GERD	-0.417900551483187	0.459361110761243	60	15	0.366723228400877	0.86586977538899
K12142	group	GERD	0.467552377415126	0.514247827683921	60	59	0.36700908948929	0.86586977538899
K12144	group	GERD	0.466707191605897	0.514331393832471	60	59	0.367947101451249	0.86586977538899
K12209	group	GERD	0.711144331015467	0.779592736146708	60	24	0.365439639103052	0.86586977538899
K12227	group	GERD	0.711144331015467	0.779592736146708	60	24	0.365439639103052	0.86586977538899
K12517	group	GERD	0.691266286151119	0.773370263882225	60	24	0.375103643218454	0.86586977538899
K12518	group	GERD	0.691266286151119	0.773370263882225	60	24	0.375103643218454	0.86586977538899
K12519	group	GERD	0.691266286151119	0.773370263882225	60	24	0.375103643218454	0.86586977538899
K12687	group	GERD	0.691266286151119	0.773370263882225	60	24	0.375103643218454	0.86586977538899
K12784	group	GERD	0.691266286151119	0.773370263882225	60	24	0.375103643218454	0.86586977538899
K12785	group	GERD	0.691266286151119	0.773370263882225	60	24	0.375103643218454	0.86586977538899
K12786	group	GERD	0.691266286151119	0.773370263882225	60	24	0.375103643218454	0.86586977538899
K12787	group	GERD	0.691266286151119	0.773370263882225	60	24	0.375103643218454	0.86586977538899
K12788	group	GERD	0.691266286151119	0.773370263882225	60	24	0.375103643218454	0.86586977538899
K12790	group	GERD	0.691266286151119	0.773370263882225	60	24	0.375103643218454	0.86586977538899
K13381	group	GERD	0.691266286151119	0.773370263882225	60	24	0.375103643218454	0.86586977538899
K13574	group	GERD	0.801939817496423	0.873979969113595	60	51	0.362642733622931	0.86586977538899
K13743	group	GERD	0.691266286151119	0.773370263882225	60	24	0.375103643218454	0.86586977538899
K13778	group	GERD	-0.703645225609468	0.790390948631504	60	30	0.377009831764031	0.86586977538899
K13821	group	GERD	-0.213336800418919	0.23491238899071	60	60	0.367554564507062	0.86586977538899
K14665	group	GERD	-0.664082343439733	0.73140570940617	60	23	0.367660009037348	0.86586977538899
K15518	group	GERD	-0.530230897346404	0.591813094143349	60	16	0.373986641296322	0.86586977538899
K15519	group	GERD	-0.530230897346404	0.591813094143349	60	16	0.373986641296322	0.86586977538899
K15721	group	GERD	0.689128608237128	0.773744093968786	60	24	0.37680123951031	0.86586977538899
K15873	group	GERD	0.463061807866069	0.516188038934799	60	10	0.37338501118846	0.86586977538899
K16042	group	GERD	0.691266286151115	0.773370263882225	60	24	0.375103643218457	0.86586977538899
K16092	group	GERD	0.198860972225633	0.21967683022285	60	60	0.369081640428805	0.86586977538899
K16140	group	GERD	0.691266286151119	0.773370263882225	60	24	0.375103643218454	0.86586977538899
K16929	group	GERD	-0.417900551483187	0.459361110761243	60	15	0.366723228400877	0.86586977538899
K17319	group	GERD	-0.193240754778999	0.209988796569012	60	60	0.361257430279371	0.86586977538899
K17320	group	GERD	-0.185037307618881	0.206588615530042	60	60	0.374125995931533	0.86586977538899
K17321	group	GERD	-0.629027930259891	0.702710863685932	60	28	0.374409664815466	0.86586977538899
K17322	group	GERD	-0.629027930259891	0.702710863685932	60	28	0.374409664815466	0.86586977538899
K17324	group	GERD	-0.629027930259891	0.702710863685932	60	28	0.374409664815466	0.86586977538899
K17325	group	GERD	-0.629027930259891	0.702710863685932	60	28	0.374409664815466	0.86586977538899
K17490	group	GERD	-0.353732290115096	0.397173143011468	60	52	0.376810079522792	0.86586977538899
K18552	group	GERD	-0.506349598524873	0.560547027194808	60	12	0.370096130695859	0.86586977538899
K18833	group	GERD	0.382387987290264	0.425614288483081	60	11	0.372666865590862	0.86586977538899
K19117	group	GERD	-0.171553053661969	0.192191447868713	60	60	0.375751736630826	0.86586977538899
K19334	group	GERD	0.699163827293988	0.761830075415727	60	54	0.36255436516047	0.86586977538899
K19411	group	GERD	0.21752415252285	0.23901136404789	60	60	0.36653672246665	0.86586977538899
K19689	group	GERD	-0.183560622969757	0.199674040816913	60	60	0.361745515945847	0.86586977538899
K19694	group	GERD	-0.24953597995327	0.279014582205798	60	8	0.374832384795547	0.86586977538899
K05795	group	GERD	0.182155714197197	0.204811939343041	60	60	0.377472746325644	0.86631167557345
K07286	group	GERD	0.31825048270722	0.358038746315953	60	60	0.377743830854452	0.866597410947427
K02568	group	GERD	0.31721593603932	0.357940612593667	60	60	0.379156104857401	0.869209056756093
K19119	group	GERD	-0.170210812450755	0.192070925602105	60	60	0.379176278310887	0.869209056756093
K00619	group	GERD	0.233550405046377	0.263735191457457	60	60	0.379517452960154	0.869377443019612
K02570	group	GERD	0.316817969336113	0.357895622984916	60	60	0.379690892739621	0.869377443019612
K09740	group	GERD	-0.33338709942236	0.376506540662032	60	58	0.379556993918081	0.869377443019612
K02017	group	GERD	0.118343706581395	0.133829716255312	60	60	0.380193087586763	0.869656701389246
K06988	group	GERD	-0.665604846923386	0.752800517299748	60	46	0.380254156476861	0.869656701389246
K19510	group	GERD	0.42626159043955	0.481824640809672	60	59	0.379981041071063	0.869656701389246
K05297	group	GERD	0.20902424010424	0.236614182434825	60	60	0.380668934695728	0.869932254318184
K07709	group	GERD	0.842394656286226	0.953365836052353	60	41	0.380559837152565	0.869932254318184
K01192	group	GERD	-0.207723989333267	0.235434897868848	60	60	0.381257228614311	0.870197901322376
K01232	group	GERD	0.151393306645663	0.171631904891477	60	60	0.381373944913105	0.870197901322376
K04485	group	GERD	0.0170378579765781	0.0193132585673455	60	60	0.381318632439775	0.870197901322376
K19118	group	GERD	-0.169623716695403	0.192140048021182	60	60	0.380981803680023	0.870197901322376
K05952	group	GERD	0.336709530673035	0.383020835144478	60	60	0.38298046037294	0.87184462138037
K06180	group	GERD	0.0639005449213214	0.0726318220915599	60	60	0.382605393550716	0.87184462138037
K07018	group	GERD	-0.2435026977389	0.276990069448557	60	60	0.382973313223449	0.87184462138037
K13779	group	GERD	-0.619455921150436	0.703813108100553	60	20	0.382414428872636	0.87184462138037
K13927	group	GERD	0.20687024389767	0.23522679043518	60	60	0.382786484294288	0.87184462138037
K19424	group	GERD	0.502908512118377	0.571970953481287	60	10	0.382891218113586	0.87184462138037
K00481	group	GERD	-0.2809030783808	0.319783124570947	60	60	0.383341795965326	0.872331292435339
K01048	group	GERD	0.213922920617196	0.24392465364308	60	60	0.384102597221627	0.873229491420215
K01093	group	GERD	0.753635512390881	0.860467909676565	60	53	0.384727867719841	0.873229491420215
K01135	group	GERD	-0.276127580091509	0.315594789448724	60	9	0.385213551018931	0.873229491420215
K02564	group	GERD	0.0850903656133499	0.0972074621056628	60	60	0.384995223965304	0.873229491420215
K07467	group	GERD	0.353537801742342	0.403779237949282	60	60	0.384874442857192	0.873229491420215
K07710	group	GERD	0.573098062480052	0.654446669167102	60	60	0.384806154259737	0.873229491420215
K07771	group	GERD	0.74891765042319	0.854517336448971	60	58	0.384416301649561	0.873229491420215
K07783	group	GERD	0.312223895470316	0.356655603269686	60	60	0.384955755802892	0.873229491420215
K17465	group	GERD	-0.755081263761951	0.862773468922728	60	19	0.385086410217213	0.873229491420215
K19049	group	GERD	0.53446598739805	0.609681407220782	60	20	0.38430326779361	0.873229491420215
K06039	group	GERD	0.329212014027393	0.376724423541768	60	60	0.385787531847795	0.873860493595466
K12684	group	GERD	0.67730120117504	0.774848252813161	60	24	0.385664405602642	0.873860493595466
K00243	group	GERD	0.104618528328526	0.119920561681989	60	60	0.386588285523596	0.875338929151857
K00817	group	GERD	0.0794075845368332	0.0911251289806835	60	60	0.3871217540189	0.876136981247863
K03976	group	GERD	-0.0719467208195228	0.0825835243471804	60	60	0.38723713328834	0.876136981247863
K18851	group	GERD	0.725004817608775	0.832694064703	60	31	0.387521830947879	0.876445701822441
K03446	group	GERD	0.253507505461602	0.291577030726336	60	60	0.388192679134357	0.877469340452747
K06885	group	GERD	0.11285789480384	0.129907637761043	60	60	0.388561984805734	0.877469340452747
K07048	group	GERD	0.586239382981115	0.675450784398817	60	58	0.389013386557282	0.877469340452747
K08363	group	GERD	0.385111979153227	0.443714408531455	60	60	0.389010982068136	0.877469340452747
K08364	group	GERD	0.385181962492558	0.443714352080233	60	60	0.388925296471833	0.877469340452747
K13637	group	GERD	0.421090035845512	0.485135263892388	60	60	0.388979923299811	0.877469340452747
K19155	group	GERD	0.666991375488473	0.767842382932806	60	26	0.38861529451262	0.877469340452747
K18094	group	GERD	0.192813725507313	0.222310229447875	60	11	0.38934188473948	0.877540687220665
K18095	group	GERD	0.192813725507313	0.222310229447875	60	11	0.38934188473948	0.877540687220665
K01425	group	GERD	0.140763780257995	0.162456937797475	60	60	0.389803799800403	0.878246975769811
K03790	group	GERD	-0.12244879924693	0.141539231416468	60	60	0.390535710601189	0.879225864841672
K09693	group	GERD	0.18535674629389	0.214191662880897	60	60	0.390396783550193	0.879225864841672
K01115	group	GERD	-0.242283836279441	0.28021005940817	60	7	0.390792617165858	0.879427560498541
K10540	group	GERD	0.109879902932555	0.127115248288363	60	60	0.390922805986158	0.879427560498541
K01708	group	GERD	0.428277586196055	0.495965762470527	60	59	0.391407232205195	0.880182410345041
K00050	group	GERD	0.189232477999708	0.219761629384081	60	60	0.392739489733063	0.880936694879623
K01567	group	GERD	0.342666820333953	0.39874639194132	60	60	0.393679761142078	0.880936694879623
K01790	group	GERD	0.0373551628809685	0.0433044156774638	60	60	0.391900448899487	0.880936694879623
K02431	group	GERD	0.147709123217798	0.171839432183619	60	60	0.393561563382439	0.880936694879623
K02567	group	GERD	0.304306469013686	0.353932830953635	60	60	0.393446994267804	0.880936694879623
K03464	group	GERD	-0.68844663634104	0.800561695347532	60	45	0.393354829339647	0.880936694879623
K07150	group	GERD	0.0953840638376822	0.110915780531606	60	60	0.39334724518169	0.880936694879623
K10012	group	GERD	0.543939633819783	0.632714508977534	60	60	0.393498328542946	0.880936694879623
K13243	group	GERD	0.66836358042451	0.776018299757975	60	24	0.392634442137546	0.880936694879623
K15256	group	GERD	0.254752861343258	0.29617387433493497	60	60	0.393249985641686	0.880936694879623
K15861	group	GERD	0.231645596910072	0.268856682141893	60	13	0.392458561960251	0.880936694879623
K16200	group	GERD	0.353482645458849	0.410723962494356	60	18	0.392983940730378	0.880936694879623
K18691	group	GERD	-0.126576163907728	0.147052618898501	60	60	0.392917772106989	0.880936694879623
K05020	group	GERD	-0.359472554539141	0.419008346814561	60	60	0.39447209901305	0.881759300825418
K08369	group	GERD	-0.153370512610508	0.178780358395099	60	60	0.394494815744796	0.881759300825418
K09456	group	GERD	0.382678876964331	0.446008228417532	60	59	0.394419567334912	0.881759300825418
K12960	group	GERD	-0.168345117613308	0.196314434112104	60	60	0.394682801152923	0.881846077254754
K03315	group	GERD	-0.085836753415039	0.100184511954305	60	60	0.395089050499757	0.882342140126138
K03969	group	GERD	0.147825287524448	0.172580756650367	60	60	0.395214858282092	0.882342140126138
K08093	group	GERD	-0.790912919942357	0.923633434625593	60	28	0.395352559065315	0.882342140126138
K03741	group	GERD	0.159935187258629	0.187014161402594	60	60	0.395957454393435	0.883337317954097
K07250	group	GERD	-0.337500919872243	0.394798509057017	60	60	0.396141285926245	0.883337317954097
K16139	group	GERD	0.694170007408784	0.812201771685516	60	25	0.396246712992941	0.883337317954097
K02760	group	GERD	-0.164075824558704	0.192175883125401	60	60	0.396739700379074	0.884029533690089
K10972	group	GERD	0.66304198608933	0.776789289233499	60	24	0.396856289312161	0.884029533690089
K02304	group	GERD	0.118682085108564	0.139201648748629	60	60	0.397393183758014	0.884089593662538
K02496	group	GERD	-0.305514593185841	0.358294416111316	60	60	0.397337957409946	0.884089593662538
K07646	group	GERD	0.18840514415837	0.221302086877234	60	60	0.398077321516481	0.884089593662538
K10027	group	GERD	0.165258860806126	0.193876552360786	60	60	0.397502615837703	0.884089593662538
K12061	group	GERD	0.466135157332945	0.547528472311086	60	12	0.398079583614627	0.884089593662538
K12068	group	GERD	0.466135157332945	0.547528472311086	60	12	0.398079583614627	0.884089593662538
K12343	group	GERD	0.350503467685888	0.411597807566708	60	58	0.397956375948342	0.884089593662538
K18704	group	GERD	-0.24016503530772	0.281677105248828	60	60	0.397374343922218	0.884089593662538
K05786	group	GERD	-0.197384866964915	0.231925367327317	60	60	0.398230243770968	0.884092077046174
K09859	group	GERD	0.562460435663088	0.662241489125192	60	52	0.399190784738788	0.885891861627521
K02621	group	GERD	-0.0259381345136035	0.0305531365728043	60	60	0.399398638388132	0.886020544146581
K14083	group	GERD	-0.662780432815611	0.781258419745418	60	22	0.3997308480932	0.886424896446737
K01201	group	GERD	0.218041902258215	0.257235144586729	60	60	0.400124825832167	0.886646117119699
K04561	group	GERD	-0.196240583421562	0.231517849827162	60	60	0.400130554884195	0.886646117119699
K15547	group	GERD	0.563887559028731	0.665904521396838	60	56	0.400587493721309	0.887326063274777
K00477	group	GERD	0.414202295561852	0.490792955741293	60	20	0.402167571155965	0.887832218324893
K00527	group	GERD	0.0622340902537126	0.0736903666648568	60	60	0.401840716901057	0.887832218324893
K01649	group	GERD	-0.0559283290915161	0.0661359981049015	60	60	0.401219779851417	0.887832218324893
K02113	group	GERD	0.016934358308234	0.0200322096772806	60	60	0.401385777922099	0.887832218324893
K02622	group	GERD	-0.0258704821637935	0.0305919696175876	60	60	0.401216383845918	0.887832218324893
K19620	group	GERD	0.187806252248792	0.222508676487084	60	12	0.402114887339696	0.887832218324893
K19621	group	GERD	0.187806252248792	0.222508676487084	60	12	0.402114887339696	0.887832218324893
K19622	group	GERD	0.187806252248792	0.222508676487084	60	12	0.402114887339696	0.887832218324893
K19623	group	GERD	0.187806252248792	0.222508676487084	60	12	0.402114887339696	0.887832218324893
K03588	group	GERD	0.0150200661979423	0.0178242174970796	60	60	0.402870513525804	0.888785950459167
K16328	group	GERD	0.202390368448514	0.240190651352722	60	60	0.402900261710177	0.888785950459167
K03584	group	GERD	-0.0186631692674103	0.0221604265072253	60	60	0.403144039752006	0.888992004108116
K01465	group	GERD	0.037248642065743	0.0442712838136291	60	60	0.403594931718489	0.889026422662797
K01607	group	GERD	0.147163856520153	0.175271483318445	60	60	0.404561433421307	0.889026422662797
K03831	group	GERD	0.288165677528464	0.343187992674969	60	60	0.404539634589382	0.889026422662797
K07145	group	GERD	-0.305510077506188	0.363927359813278	60	58	0.40464646064567	0.889026422662797
K07816	group	GERD	-0.173548855696791	0.206507504089392	60	60	0.404135481206009	0.889026422662797
K08100	group	GERD	0.371377271361127	0.442405229884373	60	12	0.404663413969145	0.889026422662797
K09704	group	GERD	0.123277910958964	0.146530786309883	60	60	0.403629304209145	0.889026422662797
K09969	group	GERD	0.543730926852043	0.646331419482584	60	59	0.403659023426907	0.889026422662797
K10912	group	GERD	0.367288409121187	0.437151278138685	60	15	0.404254286955291	0.889026422662797
K16785	group	GERD	-0.143690971107123	0.170927063404913	60	60	0.403992691458172	0.889026422662797
K08963	group	GERD	0.18414711595545	0.219564634756518	60	60	0.405085482606011	0.889623095529991
K11203	group	GERD	0.228140828190412	0.272314359249175	60	60	0.405590760169774	0.890401995589938
K04720	group	GERD	0.131425749225209	0.1572622505288	60	60	0.406747299722458	0.890955922919292
K09703	group	GERD	-0.255805493332443	0.305634886280564	60	60	0.406048031494325	0.890955922919292
K12234	group	GERD	0.562397114785694	0.672329392250093	60	23	0.40631227347713	0.890955922919292
K15329	group	GERD	-0.26324639745008	0.314882969659219	60	12	0.406578368633899	0.890955922919292
K15373	group	GERD	0.459647992545226	0.549882136538953	60	13	0.406640134993598	0.890955922919292
K18581	group	GERD	0.22551687561186	0.269759687531525	60	60	0.406590471053551	0.890955922919292
K00661	group	GERD	0.13976989381986	0.167539223880733	60	60	0.40756205000069	0.891166217084622
K02509	group	GERD	-0.328939166882699	0.394322002446255	60	59	0.407596997800544	0.891166217084622
K03326	group	GERD	0.210139919947694	0.251875679689476	60	60	0.40753500971336	0.891166217084622
K03791	group	GERD	-0.678229497143446	0.812455475615868	60	31	0.407261503647814	0.891166217084622
K09915	group	GERD	0.393959140207299	0.472241784568848	60	59	0.407573177259185	0.891166217084622
K02259	group	GERD	-0.199235241489398	0.238957184298558	60	60	0.407831522310827	0.891349338226104
K09981	group	GERD	0.545956559179464	0.655230129864905	60	48	0.40813396682309	0.891680713916523
K01477	group	GERD	-0.584112982810833	0.702284343139583	60	24	0.408971062028796	0.891918437209215
K05992	group	GERD	-0.463691405015988	0.557500824481121	60	55	0.408971427761586	0.891918437209215
K09965	group	GERD	0.464608447371599	0.558280709064801	60	22	0.408702282683115	0.891918437209215
K16300	group	GERD	0.56668920438355	0.680758868611743	60	38	0.408576620598981	0.891918437209215
K18344	group	GERD	-0.284280685851451	0.341812362445145	60	60	0.408997104748677	0.891918437209215
K02768	group	GERD	0.148120286152757	0.178165836549853	60	60	0.409178841530917	0.891985734192767
K02077	group	GERD	-0.17988858019044	0.216452922223478	60	60	0.409339642028754	0.892007358523403
K02379	group	GERD	0.183719487780315	0.22129175072066	60	60	0.409822186254497	0.8927298324011
K01502	group	GERD	-0.340771552757394	0.410606582984514	60	44	0.409985711054211	0.892757098988027
K01577	group	GERD	0.753820851963691	0.910243213397565	60	43	0.410978561075341	0.892802969719029
K03753	group	GERD	0.24513517468298	0.295961493463726	60	60	0.4109145935307	0.892802969719029
K07289	group	GERD	0.370149521555585	0.446455560894063	60	60	0.410455547009205	0.892802969719029
K07341	group	GERD	0.159416384645201	0.192531559256053	60	60	0.411063884231258	0.892802969719029
K09683	group	GERD	-0.429131530638077	0.517763560330892	60	44	0.410605543909314	0.892802969719029
K11530	group	GERD	0.569917893011728	0.687849415199167	60	43	0.410755538720939	0.892802969719029
K12145	group	GERD	0.413640012269315	0.498944278169644	60	58	0.410486037671556	0.892802969719029
K00518	group	GERD	-0.141059136840267	0.170859617116885	60	7	0.412422531900243	0.894439474906176
K04516	group	GERD	0.108260954578273	0.131018879560704	60	60	0.41201998326016	0.894439474906176
K07217	group	GERD	-0.331306668549194	0.401058325387877	60	60	0.412143409358014	0.894439474906176
K15738	group	GERD	0.0223244146987416	0.0270330804632221	60	60	0.412291187723796	0.894439474906176
K11940	group	GERD	0.695071639344715	0.842536754390478	60	58	0.412766033548377	0.894856175408142
K03816	group	GERD	0.116030402522717	0.140745194129436	60	60	0.413089572287769	0.895229307685224
K13607	group	GERD	-0.276173832015937	0.335164908428952	60	60	0.413318678447672	0.895397591419067
K01429	group	GERD	-0.182969709022742	0.222430100985788	60	60	0.414107981236882	0.89645052547508
K12700	group	GERD	0.499203502301483	0.606758694707687	60	60	0.414026780595958	0.89645052547508
K03657	group	GERD	0.0477293164985237	0.0580754959607685	60	60	0.414528304151839	0.897031967110423
K09798	group	GERD	0.25437820436225	0.309621786093526	60	60	0.414682043207515	0.897036311541467
K01576	group	GERD	0.492702629573888	0.600332251465751	60	22	0.415168232094422	0.897232291200566
K03343	group	GERD	-0.337159399856434	0.41086496256026	60	55	0.415229146139027	0.897232291200566
K06131	group	GERD	0.0390566330156801	0.0476615634038669	60	60	0.415880038950259	0.897232291200566
K13777	group	GERD	-0.656253132256753	0.799850533488991	60	24	0.415307756379549	0.897232291200566
K15785	group	GERD	-0.399342932668886	0.487438095854399	60	15	0.415986757473063	0.897232291200566
K15981	group	GERD	-0.275156312275535	0.335464421549668	60	9	0.415446074269854	0.897232291200566
K18301	group	GERD	-0.6918461243338	0.844090713654734	60	40	0.415779834277921	0.897232291200566
K18846	group	GERD	-0.467262528795166	0.569971431199877	60	13	0.415686450754793	0.897232291200566
K07139	group	GERD	0.0991821600207778	0.121122363366404	60	60	0.416218678641711	0.897405116021078
K02440	group	GERD	-0.124517272678326	0.152242728504571	60	60	0.416769422620335	0.898264975038797
K17315	group	GERD	-0.431450451316061	0.527720045188719	60	57	0.41694617547162	0.898318436365968
K00127	group	GERD	0.251089590151252	0.307409603682181	60	60	0.417389879391636	0.898619434436764
K08344	group	GERD	-0.634683862938062	0.777035973416329	60	44	0.417384490045008	0.898619434436764
K01856	group	GERD	-0.650807063580192	0.797752519094395	60	44	0.417951910193863	0.899501890449989
K18220	group	GERD	0.159654464349133	0.195895068410899	60	60	0.418406430518382	0.900152408014802
K00456	group	GERD	-0.369345166606928	0.454663645767137	60	8	0.419913693901433	0.900346992241452
K00756	group	GERD	-0.157076468249765	0.192862096515477	60	60	0.418718927826856	0.900346992241452
K01447	group	GERD	0.13706548100098	0.168815828100371	60	60	0.420155553734009	0.900346992241452
K01452	group	GERD	-0.31622425624528	0.389629136910394	60	7	0.420337701017979	0.900346992241452
K02171	group	GERD	0.380508843324046	0.467958632536809	60	60	0.419471813461521	0.900346992241452
K02589	group	GERD	-0.340933299322021	0.420477342187422	60	59	0.42078124823463	0.900346992241452
K02590	group	GERD	-0.340933299322021	0.420477342187422	60	59	0.42078124823463	0.900346992241452
K03475	group	GERD	-0.090606867897293	0.111627024630246	60	60	0.420286610818428	0.900346992241452
K05939	group	GERD	0.275375473830717	0.338971421828312	60	60	0.419892425636427	0.900346992241452
K06158	group	GERD	-0.02438446453158	0.029977666116182	60	60	0.419303462368977	0.900346992241452
K07136	group	GERD	0.679160464077713	0.834118334286213	60	58	0.418846237079977	0.900346992241452
K13795	group	GERD	-0.499543752294725	0.614296845051383	60	17	0.41943140230538	0.900346992241452
K17316	group	GERD	-0.555187998977229	0.684137850809627	60	50	0.420388030596712	0.900346992241452
K17317	group	GERD	-0.555187998977229	0.684137850809627	60	50	0.420388030596712	0.900346992241452
K18332	group	GERD	0.174787468823687	0.215534295818871	60	60	0.420709889883988	0.900346992241452
K08987	group	GERD	0.109793170533676	0.135674547806069	60	60	0.421684936464582	0.901954176692695
K01301	group	GERD	-0.400995292109993	0.496329672625828	60	10	0.422437206338777	0.903181532944996
K17850	group	GERD	-0.636725388945104	0.788320405387159	60	39	0.422564296367703	0.903181532944996
K03294	group	GERD	-0.168956224837951	0.209371672838938	60	60	0.422981834718572	0.903407441842648
K07746	group	GERD	0.556058710579019	0.689290694944555	60	46	0.423128417872512	0.903407441842648
K18320	group	GERD	-0.831243627621095	1.02977496549103	60	42	0.42284406781597	0.903407441842648
K00166	group	GERD	-0.658346227735853	0.816843962375303	60	38	0.423556245576649	0.903440888365756
K03590	group	GERD	0.0183095931847209	0.0227064002887908	60	60	0.423327841458352	0.903440888365756
K08482	group	GERD	0.476571756318354	0.591366412740455	60	31	0.423602527494904	0.903440888365756
K03153	group	GERD	-0.225999964466455	0.280871953269942	60	60	0.424315252317526	0.903973433046764
K03769	group	GERD	-0.146785925690446	0.182483874813248	60	60	0.424463844745909	0.903973433046764
K07086	group	GERD	-0.432019500772483	0.536656832387431	60	15	0.424095961331396	0.903973433046764
K15725	group	GERD	-0.338603076814818	0.420803632128504	60	59	0.42430313285755	0.903973433046764
K05564	group	GERD	-0.282284781254997	0.351207229677426	60	60	0.424820107665785	0.904406365329536
K03225	group	GERD	0.766142392051598	0.9541910507197	60	35	0.425297084776857	0.904770192587543
K13874	group	GERD	0.281208802515054	0.350131235222005	60	16	0.425165733540016	0.904770192587543
K15328	group	GERD	-0.102163430374451	0.127361419946399	60	7	0.425738617611226	0.905058147183592
K15860	group	GERD	-0.102163430374451	0.127361419946399	60	7	0.425738617611226	0.905058147183592
K19506	group	GERD	0.19355064001853	0.241373120160929	60	60	0.425899544675249	0.905074805219292
K02281	group	GERD	0.45332729819851	0.566193770615187	60	31	0.426597544908783	0.906232369924803
K18098	group	GERD	0.316859647474989	0.395945720552147	60	15	0.426825747884362	0.906391458869379
K09471	group	GERD	0.296967787649822	0.371284620578999	60	60	0.427068090143401	0.906580448448037
K03815	group	GERD	0.719933184468668	0.901025498551807	60	46	0.427541501935585	0.906788848396533
K07658	group	GERD	0.15287673471676	0.191289932373257	60	60	0.427441839165895	0.906788848396533
K16327	group	GERD	-0.266382168197344	0.333480623656777	60	7	0.427669084567836	0.906788848396533
K19242	group	GERD	0.285347263119748	0.357308864438662	60	60	0.427779786565956	0.906788848396533
K03918	group	GERD	-0.451024137912829	0.565773671449678	60	20	0.428597259804985	0.907870655667171
K15780	group	GERD	-0.236047426464973	0.296048987916357	60	60	0.428514107824496	0.907870655667171
K07749	group	GERD	0.215431216427133	0.270383592516171	60	60	0.428839113198238	0.908057606457015
K07051	group	GERD	0.305490887088477	0.383605384924921	60	10	0.429066104927176	0.90821296538828
K00372	group	GERD	-0.375143520325991	0.471680512959888	60	59	0.429662155579075	0.908823851085327
K02013	group	GERD	-0.0242924873792672	0.0305370053090703	60	60	0.429560701539612	0.908823851085327
K18555	group	GERD	-0.451872024894621	0.568567032150075	60	33	0.429995680041882	0.909204027327471
K00021	group	GERD	0.335652041110221	0.424066110454299	60	53	0.431872267582711	0.910213959245503
K02004	group	GERD	-0.092016561771679	0.116290342402352	60	60	0.432012917733911	0.910213959245503
K04015	group	GERD	0.294665014755665	0.372384435842771	60	60	0.431997414104362	0.910213959245503
K07657	group	GERD	0.166850900762827	0.210410308430946	60	60	0.431022145254905	0.910213959245503
K09123	group	GERD	0.440263088528742	0.555224555881631	60	59	0.431041069581906	0.910213959245503
K10117	group	GERD	0.167166271235413	0.211090663239114	60	60	0.431636109884253	0.910213959245503
K13635	group	GERD	0.181925427749376	0.229727840793831	60	60	0.431635958873597	0.910213959245503
K15599	group	GERD	0.189655923232041	0.23942810547097	60	60	0.431518332470279	0.910213959245503
K17713	group	GERD	0.180478721285652	0.227669515402757	60	60	0.431170328080757	0.910213959245503
K19159	group	GERD	-0.110083471890625	0.138798435598975	60	60	0.43094193205215	0.910213959245503
K06157	group	GERD	0.611700758826088	0.773800842585907	60	25	0.432447856187177	0.910496461720453
K13820	group	GERD	-0.842915070405803	1.06630339367925	60	23	0.432455017677779	0.910496461720453
K03220	group	GERD	0.907261688960907	1.14858458879195	60	32	0.432806454432679	0.910911982415806
K03198	group	GERD	0.233457482879053	0.296060975633971	60	60	0.433589147931296	0.910937826073141
K06137	group	GERD	-0.465886578226819	0.590314190906071	60	58	0.433199059014769	0.910937826073141
K06928	group	GERD	0.405117707496383	0.513601622021978	60	58	0.433454119085538	0.910937826073141
K09913	group	GERD	0.182189284572336	0.231018697194133	60	60	0.433537471497997	0.910937826073141
K10020	group	GERD	-0.353502303586368	0.447846883427907	60	47	0.433129825592806	0.910937826073141
K09779	group	GERD	0.22862844828841	0.290082440223301	60	60	0.433818506946197	0.911095919383984
K00981	group	GERD	-0.0278906834860743	0.0354206245822609	60	60	0.434245811443743	0.911669473457176
K06310	group	GERD	0.415471656875704	0.528014771714146	60	56	0.434569556539949	0.911701638844634
K07065	group	GERD	0.537208403176091	0.682671021220902	60	44	0.434531672860869	0.911701638844634
K15786	group	GERD	-0.377765319946169	0.480510078553491	60	15	0.434964889620534	0.912207317288612
K07300	group	GERD	0.638225803606298	0.813969068823164	60	59	0.436177323183104	0.914425650588124
K09726	group	GERD	0.234794783590695	0.299639808471617	60	60	0.43646893744809	0.914712640266965
K03462	group	GERD	0.223278240309222	0.285664241555493	60	60	0.43762241949715	0.915831413829079
K07074	group	GERD	0.17514661345476	0.223932752613324	60	60	0.437314203636895	0.915831413829079
K09822	group	GERD	-0.414456599854796	0.530142804727048	60	14	0.437521999709051	0.915831413829079
K16235	group	GERD	-0.413382137492966	0.528579680863434	60	60	0.437359226355337	0.915831413829079
K07803	group	GERD	0.723051364638439	0.925465469028755	60	42	0.437813004900344	0.915906045637238
K02821	group	GERD	-0.118661194045355	0.152102099362347	60	60	0.438479667696779	0.916665520523624
K12512	group	GERD	0.338454228009837	0.433990729690575	60	12	0.438641197151782	0.916665520523624
K12515	group	GERD	0.338454228009837	0.433990729690575	60	12	0.438641197151782	0.916665520523624
K03309	group	GERD	-0.281101378440097	0.360896928081142	60	60	0.439207055396725	0.917446917152759
K08485	group	GERD	-0.691000109157177	0.887383413793763	60	58	0.439325477411952	0.917446917152759
K00167	group	GERD	-0.689831263510258	0.886196975099877	60	40	0.439487083600747	0.917447544944582
K00759	group	GERD	0.0198463604382073	0.0255041300477579	60	60	0.439636145945196	0.917447544944582
K00842	group	GERD	0.141251988129344	0.181850002663273	60	60	0.440462695959664	0.917886464680624
K07010	group	GERD	-0.102562057824875	0.131948128465309	60	60	0.440146188884791	0.917886464680624
K10556	group	GERD	0.28308118073166	0.364446962910397	60	58	0.440467506816463	0.917886464680624
K10557	group	GERD	0.28308118073166	0.364446962910397	60	58	0.440467506816463	0.917886464680624
K11731	group	GERD	-0.621638899609832	0.801708384633249	60	24	0.4412576819793	0.919209096498105
K02436	group	GERD	-0.34716969790837	0.448062755831763	60	60	0.441591204973235	0.919579853399705
K01926	group	GERD	-0.130837708695446	0.168930732131074	60	60	0.44177812063276	0.919645158162281
K18954	group	GERD	-0.632734676392553	0.81755657096757	60	26	0.442113219131044	0.92001877912803
K11740	group	GERD	0.689344049189148	0.891282436773106	60	29	0.442409227479169	0.920023289324952
K13772	group	GERD	0.367529473272995	0.47521280455136	60	13	0.442426625769763	0.920023289324952
K07733	group	GERD	0.239477230919897	0.309886380860925	60	60	0.442784374570058	0.920443467812301
K00196	group	GERD	0.445260169490355	0.577342572926175	60	56	0.443705112853866	0.920754373902144
K01430	group	GERD	-0.171100357317775	0.222522342767156	60	60	0.445064750137232	0.920754373902144
K01569	group	GERD	-0.439348461856585	0.570908288999212	60	41	0.444683552958226	0.920754373902144
K01631	group	GERD	0.853586242059368	1.10959218836622	60	49	0.44484914639419	0.920754373902144
K02010	group	GERD	-0.14595251257418	0.189732541173243	60	60	0.444864024157103	0.920754373902144
K02034	group	GERD	0.0817433736629819	0.106470743656066	60	60	0.445747637355284	0.920754373902144
K02228	group	GERD	-0.348215735150598	0.451323894884905	60	56	0.443517363783558	0.920754373902144
K02351	group	GERD	-0.342151382954606	0.445605279136293	60	54	0.445700004587998	0.920754373902144
K02487	group	GERD	0.44790731861448	0.583789393152643	60	17	0.446050165022305	0.920754373902144
K03284	group	GERD	0.0120248504030467	0.0156000006051321	60	60	0.443940221036826	0.920754373902144
K03300	group	GERD	0.275756637663472	0.359297230145969	60	60	0.445904130837342	0.920754373902144
K04477	group	GERD	0.150787045983717	0.196611163830112	60	60	0.446233634484174	0.920754373902144
K05800	group	GERD	0.673675387402039	0.876994828489294	60	59	0.445506464128814	0.920754373902144
K09971	group	GERD	0.4982599677533	0.649862865622477	60	59	0.446360290190045	0.920754373902144
K11637	group	GERD	-0.232261418150232	0.30171621801407	60	8	0.444542025402921	0.920754373902144
K11638	group	GERD	-0.232261418150232	0.30171621801407	60	8	0.444542025402921	0.920754373902144
K14287	group	GERD	0.17921810578286	0.233260720187513	60	60	0.445416161410935	0.920754373902144
K14337	group	GERD	-0.281386372537913	0.365923327146488	60	58	0.445027548769089	0.920754373902144
K18210	group	GERD	0.218509798767309	0.284478179282568	60	7	0.445539499839322	0.920754373902144
K18446	group	GERD	0.614209302191605	0.798255255412893	60	58	0.444754654705293	0.920754373902144
K18479	group	GERD	-0.343675243325754	0.446913281226899	60	60	0.44501501000664	0.920754373902144
K19172	group	GERD	0.44610533041229	0.578501653556371	60	15	0.443754661584046	0.920754373902144
K11745	group	GERD	0.385278172636605	0.50338844076946	60	58	0.447154893116071	0.921750253871064
K19419	group	GERD	-0.164509558443972	0.214936024070778	60	8	0.44714369400987	0.921750253871064
K00850	group	GERD	0.0662420254146512	0.0868209052722097	60	60	0.448571550909256	0.924026135531541
K10019	group	GERD	-0.342588515787332	0.4489916318655	60	47	0.448545290877065	0.924026135531541
K00336	group	GERD	-0.0781018521953356	0.102410419701918	60	60	0.448771236985053	0.924115483474619
K01573	group	GERD	0.24902967554319	0.326785480688325	60	60	0.449112964608032	0.924497161129068
K07126	group	GERD	0.154459213731342	0.202966056229242	60	60	0.449734073158272	0.924809683656246
K09473	group	GERD	0.435431083940381	0.57212142071237	60	36	0.44969168973194	0.924809683656246
K13252	group	GERD	-0.51419121483916	0.675264760543268	60	18	0.449463878623195	0.924809683656246
K05985	group	GERD	-0.112049172570333	0.147404104703973	60	60	0.450244171057828	0.925536696555591
K03652	group	GERD	0.130028455465269	0.171286448498142	60	60	0.45084983022034	0.926137663746577
K07493	group	GERD	0.711872074933848	0.937457532091152	60	30	0.450709823047205	0.926137663746577
K16842	group	GERD	0.742171606292966	0.979268544888604	60	39	0.451589082910988	0.92733402506765
K03490	group	GERD	0.707511883225791	0.93528065863356	60	54	0.452429213332488	0.92841426908076
K07063	group	GERD	0.320053371773194	0.423085981658349	60	23	0.452427156397283	0.92841426908076
K01455	group	GERD	-0.418089961489919	0.553069042736613	60	58	0.452741363396482	0.928732456766136
K01821	group	GERD	0.103426730872766	0.136898213504405	60	60	0.453005777042651	0.928924419690303
K06910	group	GERD	-0.143154778805368	0.189808965733695	60	60	0.453777693515831	0.928924419690303
K07034	group	GERD	0.218656173700695	0.289685924252702	60	60	0.453420494490029	0.928924419690303
K13592	group	GERD	0.447939842847149	0.593731436685697	60	33	0.453632312005387	0.928924419690303
K15598	group	GERD	0.181244772617947	0.2402849516296	60	60	0.453726184631435	0.928924419690303
K16074	group	GERD	0.662015891045679	0.877600668522252	60	59	0.453692506590844	0.928924419690303
K00375	group	GERD	0.114569541568208	0.151968207486013	60	60	0.45395633192666	0.928968443873456
K02569	group	GERD	0.272645764896917	0.361929009240924	60	60	0.454309057329505	0.929047093369781
K11102	group	GERD	0.159073489139427	0.211152419439335	60	60	0.454281777227198	0.929047093369781
K05847	group	GERD	-0.111046514908959	0.147573335350029	60	60	0.454803521552488	0.929736659549899
K02552	group	GERD	-0.130459705732703	0.173742221210619	60	60	0.455760122371396	0.931060864430135
K08309	group	GERD	-0.104804393793972	0.139577177333754	60	60	0.455766262121247	0.931060864430135
K17662	group	GERD	0.446826469288031	0.595960865684675	60	33	0.456430937076255	0.932096614851405
K03724	group	GERD	-0.156377024708821	0.208921008148997	60	60	0.45718426577801	0.932846105457966
K07245	group	GERD	-0.280378685312214	0.374661085044482	60	60	0.457271314887887	0.932846105457966
K07560	group	GERD	-0.0171142604242599	0.0228602110222716	60	60	0.457094482947889	0.932846105457966
K00098	group	GERD	0.53633401618401	0.721080712125583	60	50	0.460005020898067	0.932929429603515
K00783	group	GERD	0.0116912888215746	0.0156771872629806	60	60	0.458829239296679	0.932929429603515
K00880	group	GERD	0.284582432168479	0.381780944402176	60	60	0.459035529913296	0.932929429603515
K00972	group	GERD	0.386886683356683	0.520888988162228	60	58	0.460635014066692	0.932929429603515
K00989	group	GERD	-0.106309851382384	0.142588297800069	60	60	0.45893693409413	0.932929429603515
K01286	group	GERD	0.140486268551763	0.189007812899843	60	60	0.460310726267928	0.932929429603515
K02191	group	GERD	0.116268693623935	0.156459537077103	60	60	0.460406701899999	0.932929429603515
K03399	group	GERD	0.116155046413691	0.156474347547968	60	60	0.460885389222083	0.932929429603515
K03589	group	GERD	0.0257227190984787	0.0346558596790732	60	60	0.460941621087934	0.932929429603515
K04094	group	GERD	-0.112171108402521	0.151021480622539	60	60	0.460631229993753	0.932929429603515
K04479	group	GERD	0.174736907101882	0.235328061815012	60	60	0.460766213079373	0.932929429603515
K04565	group	GERD	0.22525251936903	0.302600209897325	60	60	0.459646119259466	0.932929429603515
K06138	group	GERD	-0.605369174127494	0.813558254541451	60	52	0.459819724867561	0.932929429603515
K07795	group	GERD	-0.233100356482721	0.313548546966893	60	60	0.460224348007172	0.932929429603515
K07979	group	GERD	0.15637451602725	0.210088134349804	60	60	0.459683127210771	0.932929429603515
K09793	group	GERD	-0.184946696922511	0.248696443644674	60	60	0.46008158261225	0.932929429603515
K10124	group	GERD	0.750919214342132	1.01160402074057	60	33	0.460897987995729	0.932929429603515
K10804	group	GERD	0.173194496644483	0.232230254594445	60	60	0.458807572548849	0.932929429603515
K13530	group	GERD	0.37030392054608	0.498381971321596	60	7	0.460473270118486	0.932929429603515
K15067	group	GERD	-0.223248533410613	0.300059443595042	60	7	0.459871488196199	0.932929429603515
K15600	group	GERD	0.181470232945849	0.244453172820003	60	60	0.460870199355469	0.932929429603515
K18996	group	GERD	-0.284853879097682	0.381787405317665	60	13	0.458616839503322	0.932929429603515
K19509	group	GERD	0.180206776047217	0.242717606949353	60	60	0.460808433189908	0.932929429603515
K17214	group	GERD	0.689098577190078	0.929108207133561	60	47	0.461275591273237	0.933285864342019
K00694	group	GERD	0.362506773263804	0.489191996799821	60	60	0.461663996789804	0.933752154985056
K00529	group	GERD	-0.300977313097504	0.406999401329772	60	59	0.46258420222883	0.934795064345312
K00949	group	GERD	0.0976992268582965	0.132698320553223	60	60	0.46454561399743	0.934795064345312
K01251	group	GERD	0.147604895712104	0.200328697982086	60	60	0.464205830659209	0.934795064345312
K01679	group	GERD	-0.11833646070405	0.160004128161048	60	60	0.462535588294925	0.934795064345312
K01893	group	GERD	0.0578510135381662	0.0785091522796921	60	60	0.464171947340991	0.934795064345312
K03090	group	GERD	-0.2129720970566	0.289029885394958	60	60	0.464182932131105	0.934795064345312
K07224	group	GERD	-0.147206651731753	0.199729153493936	60	60	0.464074367798948	0.934795064345312
K07667	group	GERD	0.154764862904257	0.210163304874702	60	60	0.464453713790034	0.934795064345312
K12286	group	GERD	-0.409592957827943	0.554674249312431	60	17	0.463225542260627	0.934795064345312
K12574	group	GERD	-0.111116286520987	0.150599497914696	60	60	0.463594751156596	0.934795064345312
K15975	group	GERD	-0.208249535457467	0.28285508920096	60	60	0.464551403762944	0.934795064345312
K16301	group	GERD	-0.147419741133237	0.199704427051744	60	60	0.463375714557422	0.934795064345312
K17234	group	GERD	-0.578942945296388	0.783827010194087	60	15	0.463121948910823	0.934795064345312
K17898	group	GERD	-0.199627389392465	0.271067886328071	60	60	0.464426503789886	0.934795064345312
K17899	group	GERD	-0.199627389392465	0.271067886328071	60	60	0.464426503789886	0.934795064345312
K02280	group	GERD	0.248602527826608	0.338009686319179	60	60	0.465005413738197	0.935390270847303
K09024	group	GERD	0.611933002223966	0.832946421139947	60	54	0.465506186692873	0.936079107390566
K01090	group	GERD	-0.105404232344919	0.14358730358106	60	60	0.465858711198197	0.936410123942091
K01227	group	GERD	-0.311149856036251	0.424509087391245	60	50	0.466532524956945	0.936410123942091
K04749	group	GERD	0.150437653804837	0.205220801903607	60	60	0.466478834499336	0.936410123942091
K07397	group	GERD	-0.1755396908174	0.239540789685347	60	60	0.466621147688329	0.936410123942091
K08166	group	GERD	-0.372840669368532	0.508265900699024	60	56	0.466175245589059	0.936410123942091
K15511	group	GERD	-0.239037352279854	0.325727307130102	60	10	0.465992008455849	0.936410123942091
K03190	group	GERD	-0.164093483951775	0.224113438518757	60	60	0.467001463328997	0.936699077265595
K07053	group	GERD	-0.0756056545048909	0.103278456509586	60	60	0.467082016200774	0.936699077265595
K00253	group	GERD	-0.3234100867868	0.442161480411297	60	60	0.467461607315423	0.937142428772052
K00126	group	GERD	-0.379816966670072	0.519975428033232	60	57	0.468054467219807	0.93778677797007
K09758	group	GERD	-0.266811655152422	0.365381754423175	60	60	0.468190715300643	0.93778677797007
K15461	group	GERD	0.242681402876501	0.3323880603032	60	60	0.468258891841618	0.93778677797007
K00086	group	GERD	-0.340506854300643	0.466981807763887	60	60	0.468835024916666	0.937987366263055
K09761	group	GERD	-0.0126535513453268	0.0173429282262424	60	60	0.468565843838981	0.937987366263055
K14392	group	GERD	0.198426254574081	0.272107430913884	60	60	0.468801561979797	0.937987366263055
K02650	group	GERD	-0.165648406847844	0.227342571010276	60	60	0.469160458319573	0.938009973907353
K07784	group	GERD	-0.821261791605053	1.12714101656778	60	40	0.469163648992565	0.938009973907353
K00809	group	GERD	0.233513498544505	0.320930829625621	60	60	0.469777542611241	0.938379656852756
K01142	group	GERD	-0.0232927305887258	0.0320207277827687	60	60	0.469890892823764	0.938379656852756
K05780	group	GERD	0.671598264576527	0.925105661633915	60	55	0.470777074124708	0.938379656852756
K05781	group	GERD	0.671598264576527	0.925105661633915	60	55	0.470777074124708	0.938379656852756
K06163	group	GERD	0.671598264576527	0.925105661633915	60	55	0.470777074124708	0.938379656852756
K06164	group	GERD	0.671598264576527	0.925105661633915	60	55	0.470777074124708	0.938379656852756
K06166	group	GERD	0.671598264576527	0.925105661633915	60	55	0.470777074124708	0.938379656852756
K07127	group	GERD	0.338540841332115	0.465969015948454	60	60	0.470435508214657	0.938379656852756
K11212	group	GERD	-0.393165868928227	0.541560410666378	60	18	0.470766218827108	0.938379656852756
K07694	group	GERD	0.20606373283874	0.284006657176652	60	59	0.471026387425848	0.938560162609239
K00299	group	GERD	-0.25224232279076	0.348917387664096	60	60	0.472629075454924	0.939823273138856
K00479	group	GERD	-0.470801974886711	0.650194841352308	60	20	0.471918923913714	0.939823273138856
K07304	group	GERD	-0.137253543890604	0.189759258080649	60	60	0.472400427272687	0.939823273138856
K07552	group	GERD	-0.103219343760085	0.142813692023271	60	60	0.472734725522073	0.939823273138856
K09762	group	GERD	-0.105435507868049	0.145892657586463	60	60	0.472773074139878	0.939823273138856
K11741	group	GERD	-0.154935549691693	0.214152733486128	60	60	0.472291932681682	0.939823273138856
K18277	group	GERD	-0.217653178650353	0.300763793000187	60	9	0.472178202247257	0.939823273138856
K06518	group	GERD	0.041562345340187	0.0575551369319746	60	60	0.473115514059971	0.940070953769294
K10851	group	GERD	-0.318649511846643	0.441522495288574	60	9	0.473374700502569	0.940070953769294
K16201	group	GERD	0.324133742640006	0.448967513483885	60	43	0.473223675875851	0.940070953769294
K17489	group	GERD	0.220860928969899	0.306145258153741	60	60	0.473546142385862	0.940095632567232
K00973	group	GERD	0.0352022015050962	0.0488362012662082	60	60	0.473914552855285	0.940195582711559
K10924	group	GERD	-0.409592957827943	0.568033343645933	60	17	0.473761794219061	0.940195582711559
K00248	group	GERD	0.130763387439198	0.181868507501313	60	60	0.475028081580702	0.941456928697657
K01935	group	GERD	-0.0903639319722559	0.125677754611862	60	60	0.475019934889457	0.941456928697657
K11712	group	GERD	-0.322410295763588	0.448132415320584	60	58	0.474750777115729	0.941456928697657
K05774	group	GERD	0.674310389123366	0.938937693812486	60	56	0.475539760835866	0.942155182996528
K00055	group	GERD	-0.620546095716705	0.87879387920294	60	38	0.482931831031508	0.943520484156734
K00148	group	GERD	-0.608610742411982	0.854409999653883	60	22	0.479124269333414	0.943520484156734
K00615	group	GERD	0.0339958252841805	0.0480424332601184	60	60	0.482014622862739	0.943520484156734
K00647	group	GERD	0.154164164546381	0.217814744037905	60	60	0.481918620418108	0.943520484156734
K01499	group	GERD	0.266495227248449	0.372767717429817	60	13	0.477532737055931	0.943520484156734
K01697	group	GERD	0.237338046464044	0.334539880031668	60	60	0.480889990933944	0.943520484156734
K02011	group	GERD	-0.138271431272518	0.194028849044382	60	60	0.478929888321484	0.943520484156734
K02015	group	GERD	-0.0370662129654163	0.051853828825778	60	60	0.477587003594286	0.943520484156734
K02116	group	GERD	-0.208438051600453	0.292991506455286	60	60	0.479679702871863	0.943520484156734
K02346	group	GERD	-0.0154170011904383	0.0215444706408306	60	60	0.477115755438241	0.943520484156734
K02358	group	GERD	-0.0216322553877519	0.0304987738708002	60	60	0.48099060898578	0.943520484156734
K03772	group	GERD	-0.100259418495166	0.141386671327757	60	60	0.481093895666898	0.943520484156734
K04080	group	GERD	0.567666252683214	0.797481490350315	60	59	0.479427384714451	0.943520484156734
K06136	group	GERD	-0.578451317954606	0.813818543717223	60	52	0.480065098459898	0.943520484156734
K06147	group	GERD	0.0853185450878629	0.119494192672146	60	60	0.478092365483108	0.943520484156734
K06295	group	GERD	0.219728978261897	0.30672056179108	60	60	0.476630442125272	0.943520484156734
K06383	group	GERD	0.2466003767274	0.347193194658521	60	60	0.480383871003427	0.943520484156734
K06919	group	GERD	-0.213029519970314	0.298885521053326	60	60	0.478860574755852	0.943520484156734
K07096	group	GERD	0.433758185083378	0.611396051188252	60	59	0.480884371467703	0.943520484156734
K08314	group	GERD	0.134386463854726	0.190030457655858	60	60	0.482284071780338	0.943520484156734
K09978	group	GERD	0.600744544577744	0.850525791090708	60	58	0.482816100501991	0.943520484156734
K10023	group	GERD	-0.526737694087553	0.73834717469375	60	19	0.478458394624653	0.943520484156734
K10193	group	GERD	0.200152569299077	0.283400442478993	60	60	0.482857951947736	0.943520484156734
K10194	group	GERD	0.200577940697876	0.282340258537358	60	60	0.48029547978617	0.943520484156734
K12143	group	GERD	0.33806897506832	0.478266597804036	60	60	0.48248192297684	0.943520484156734
K13060	group	GERD	-0.612542718635244	0.866553091767263	60	46	0.482475959944277	0.943520484156734
K13599	group	GERD	-0.205054414995607	0.287239713367872	60	60	0.478165007772926	0.943520484156734
K13892	group	GERD	0.624765763927784	0.876593211893254	60	58	0.478876494254223	0.943520484156734
K16080	group	GERD	0.191581775930512	0.268252181037502	60	13	0.477977045181478	0.943520484156734
K16249	group	GERD	-0.125291033610057	0.174863232494239	60	7	0.476552580335438	0.943520484156734
K17216	group	GERD	-0.506369804825011	0.715200883286872	60	9	0.481774346939353	0.943520484156734
K17323	group	GERD	-0.512631517772966	0.721805854599699	60	29	0.480421737434677	0.943520484156734
K18133	group	GERD	0.269657196210609	0.381079775110879	60	60	0.482019121797692	0.943520484156734
K18590	group	GERD	0.280622526781756	0.395985614160521	60	7	0.48136896176057	0.943520484156734
K18675	group	GERD	0.426181722179247	0.60351714067404	60	54	0.482913581157695	0.943520484156734
K18917	group	GERD	-0.243310628948003	0.34207860067683	60	59	0.479767119313359	0.943520484156734
K19058	group	GERD	0.344774760976912	0.482502244929068	60	12	0.477749780364758	0.943520484156734
K19060	group	GERD	0.280622526781756	0.395985614160521	60	7	0.48136896176057	0.943520484156734
K19061	group	GERD	0.280622526781756	0.395985614160521	60	7	0.48136896176057	0.943520484156734
K19272	group	GERD	0.280622526781756	0.395985614160521	60	7	0.48136896176057	0.943520484156734
K19332	group	GERD	0.421641951365586	0.592540666232855	60	22	0.479575276076067	0.943520484156734
K19504	group	GERD	0.251938602414806	0.352267744669608	60	58	0.47736039263277	0.943520484156734
K11735	group	GERD	0.174461326200373	0.247273438716124	60	60	0.483298341150199	0.94392460947472
K16960	group	GERD	0.131787366635257	0.186909284886935	60	60	0.48357794081509	0.944158780085473
K09251	group	GERD	0.47401890425838	0.67314336060957	60	60	0.484134080619678	0.944693620755271
K10126	group	GERD	0.634884597786446	0.901993651361232	60	51	0.4843312524542	0.944693620755271
K18303	group	GERD	0.231176719866401	0.328401599572431	60	60	0.484283640111444	0.944693620755271
K19165	group	GERD	0.14532701160806	0.206570350622081	60	60	0.484544574763397	0.944797996702244
K01451	group	GERD	0.162629700900689	0.231416253273638	60	60	0.485017555829148	0.945269932987159
K13019	group	GERD	0.209794463480623	0.298700888014036	60	60	0.485266279874159	0.945269932987159
K17245	group	GERD	0.429201016769081	0.611082403802465	60	19	0.485262822558117	0.945269932987159
K03333	group	GERD	-0.319196018302139	0.455181345170091	60	14	0.485951036401245	0.946128881715182
K03696	group	GERD	0.0972859555110434	0.138807674166066	60	60	0.486187338066767	0.946128881715182
K08927	group	GERD	0.150468602235072	0.214682442086694	60	10	0.486174653381862	0.946128881715182
K05815	group	GERD	0.249721400316631	0.357279661259185	60	60	0.48737536911336	0.947193682510909
K12454	group	GERD	-0.344809094415095	0.493249664326532	60	16	0.487311028933804	0.947193682510909
K15024	group	GERD	0.220471684212163	0.315290063998729	60	60	0.487180606903584	0.947193682510909
K19285	group	GERD	-0.195223540746834	0.27919443069267	60	60	0.487197682558505	0.947193682510909
K17760	group	GERD	0.339578411164071	0.486273641783464	60	12	0.48776275488728	0.947635033484588
K07738	group	GERD	-0.0480561367070243	0.0690540814998072	60	60	0.489258084226733	0.948820582577059
K08152	group	GERD	-0.232195063247435	0.333661591158225	60	7	0.489270770666192	0.948820582577059
K10192	group	GERD	0.194820787245197	0.279997359097035	60	60	0.489335919532722	0.948820582577059
K13767	group	GERD	-0.368142208924024	0.528232898895988	60	19	0.488629635721175	0.948820582577059
K13889	group	GERD	0.629575634790651	0.904485847605688	60	58	0.489171781750666	0.948820582577059
K16787	group	GERD	-0.12249405195216	0.175920808453301	60	60	0.489020689775864	0.948820582577059
K02615	group	GERD	0.50385385380726	0.725059253155443	60	41	0.489883826201723	0.949260301705863
K13832	group	GERD	0.399164434532555	0.574210675241768	60	59	0.489735013176223	0.949260301705863
K01644	group	GERD	0.105748012054952	0.152286654557667	60	60	0.490203002250555	0.949567545643932
K02227	group	GERD	0.0976815174842177	0.141041059583879	60	60	0.491340042642249	0.94973965663328
K02781	group	GERD	0.167820303973001	0.242111608478168	60	60	0.490980209440708	0.94973965663328
K03191	group	GERD	-0.41506759651596	0.598472993228875	60	50	0.490736244470195	0.94973965663328
K10119	group	GERD	0.147395087820299	0.212859480626351	60	60	0.491416375108458	0.94973965663328
K11905	group	GERD	0.279252300046692	0.403162948338908	60	60	0.491291043776561	0.94973965663328
K16698	group	GERD	-0.202184496646578	0.29184185490562	60	60	0.491207440965087	0.94973965663328
K17285	group	GERD	0.20047003600076	0.289400112256104	60	7	0.491256634083739	0.94973965663328
K03307	group	GERD	0.0770081225613643	0.111562052969493	60	60	0.492776416672151	0.952056920054168
K03649	group	GERD	0.603844293255126	0.875508443093935	60	58	0.493128886931862	0.952426651271208
K03578	group	GERD	-0.182810056829885	0.265307489448896	60	60	0.493539326608375	0.952908066266726
K18237	group	GERD	0.275430969344376	0.400412868165189	60	10	0.494278131030518	0.954022954832655
K10013	group	GERD	0.452547480839644	0.659193250593972	60	57	0.495122625450416	0.955341044929131
K02224	group	GERD	0.0997669429178443	0.145841696171089	60	60	0.496650810436977	0.957864557076355
K10024	group	GERD	-0.380434738193278	0.55626311523014	60	18	0.496754521650221	0.957864557076355
K00705	group	GERD	0.0513909183120088	0.0752043635337173	60	60	0.497106425184221	0.958230578966129
K00505	group	GERD	-0.247019499730744	0.362766520930747	60	11	0.498623848772315	0.959093231440211
K02164	group	GERD	-0.336814821885366	0.494202251661895	60	12	0.498247113256343	0.959093231440211
K04755	group	GERD	-0.175924431975822	0.258308260692629	60	60	0.498541289115564	0.959093231440211
K09013	group	GERD	0.0939122372799168	0.137938296567356	60	60	0.498689545576321	0.959093231440211
K10125	group	GERD	0.619739277126642	0.909883061080895	60	51	0.498506244510267	0.959093231440211
K10564	group	GERD	-0.212995197849806	0.312685700398141	60	13	0.498468468624414	0.959093231440211
K17836	group	GERD	0.165622524261664	0.242716553542382	60	60	0.497721245324842	0.959093231440211
K03100	group	GERD	-0.0291369179594904	0.0428578380127697	60	60	0.499303789968916	0.959487952543262
K03926	group	GERD	-0.233858996656155	0.344493664770532	60	60	0.499933820277303	0.959487952543262
K04063	group	GERD	0.389611493869953	0.573561180418603	60	60	0.499659280611086	0.959487952543262
K09711	group	GERD	-0.289370477257455	0.426000828385369	60	12	0.499667379073098	0.959487952543262
K13628	group	GERD	-0.17855243156867	0.263089436886461	60	60	0.500042447323814	0.959487952543262
K13636	group	GERD	-0.541708246285101	0.799073415490064	60	42	0.500517734378116	0.959487952543262
K16168	group	GERD	-0.308871945556733	0.454953223028534	60	14	0.499895595248491	0.959487952543262
K16840	group	GERD	0.657066412739071	0.968990524321765	60	41	0.500408692178406	0.959487952543262
K16899	group	GERD	-0.144362055234983	0.212784349722927	60	60	0.500188902294654	0.959487952543262
K17235	group	GERD	-0.52569915488672	0.775357079452434	60	15	0.500461966157401	0.959487952543262
K02383	group	GERD	0.391537360442283	0.578002387307307	60	59	0.500846998916968	0.959807927908303
K00140	group	GERD	-0.157402808804002	0.232608242946396	60	60	0.501294917106994	0.96035500646032
K02614	group	GERD	-0.148094758746378	0.219068553248719	60	60	0.50171465168478	0.960847755348371
K06139	group	GERD	-0.549262487451008	0.813201901636661	60	52	0.502085494437007	0.961246581318518
K06897	group	GERD	0.228800283578303	0.338881789517151	60	60	0.502255340983626	0.961260464841436
K13652	group	GERD	0.201638812224912	0.299089527415565	60	60	0.502878029947639	0.962140748560014
K05712	group	GERD	-0.2889778739765	0.429091115422422	60	58	0.503326417995351	0.962375738418019
K16267	group	GERD	-0.273848599593458	0.406501792638018	60	58	0.503196204165161	0.962375738418019
K02430	group	GERD	0.289520295791487	0.43054624247493	60	60	0.503968269792833	0.962892253849494
K07742	group	GERD	-0.0967450298347059	0.143964527915736	60	60	0.50424804091983	0.962892253849494
K11693	group	GERD	-0.418331797840269	0.622283770803657	60	10	0.50409230898891	0.962892253849494
K17195	group	GERD	0.484399259676835	0.720335689502632	60	53	0.503959145133744	0.962892253849494
K01551	group	GERD	0.215046904801739	0.320497107567713	60	60	0.504897172494582	0.96372010349400306
K01654	group	GERD	-0.128291659562753	0.191323904530396	60	60	0.505170602288213	0.96372010349400306
K08475	group	GERD	-0.497009939594739	0.740960716120582	60	16	0.505033160793486	0.96372010349400306
K11249	group	GERD	0.200625024466194	0.299514632555473	60	60	0.505621848377839	0.964123225674182
K18678	group	GERD	0.366957518397072	0.547945122977529	60	35	0.505708072194797	0.964123225674182
K03154	group	GERD	-0.0710033745199757	0.106080460943081	60	60	0.505937541309655	0.964160018625975
K13641	group	GERD	-0.307259980679371	0.459178238273722	60	60	0.506053541575846	0.964160018625975
K11911	group	GERD	-0.488505988295061	0.730927105436506	60	47	0.506569352986987	0.964521099793581
K15536	group	GERD	0.333976394488012	0.499602695443455	60	60	0.506476555003593	0.964521099793581
K00134	group	GERD	0.0182041322358192	0.0272506458317539	60	60	0.506766897714398	0.964586574142796
K11910	group	GERD	0.267408014685905	0.400522206886536	60	60	0.50700602077188	0.964731121597474
K02617	group	GERD	0.324547540347612	0.486398587868776	60	54	0.5072610833586	0.964905896015458
K17331	group	GERD	0.354518540125504	0.531935089378364	60	16	0.507753528780843	0.9655319595215
K06446	group	GERD	-0.386998180894894	0.581482046316172	60	29	0.50834487662261	0.966035008226574
K07047	group	GERD	-0.130911243125181	0.196645921454929	60	60	0.5082287349979	0.966035008226574
K01669	group	GERD	-0.165252094685255	0.248611835756193	60	60	0.508877196023358	0.966063139855551
K03694	group	GERD	-0.160170280144596	0.241044264887563	60	60	0.509013308634987	0.966063139855551
K10026	group	GERD	0.188546121254812	0.283561339833803	60	60	0.508735838650226	0.966063139855551
K16323	group	GERD	0.19897030991293	0.299237488992894	60	60	0.508734193871578	0.966063139855551
K14727	group	GERD	0.236125284396353	0.355496186505428	60	15	0.509185877386124	0.966080522178038
K00684	group	GERD	-0.157444961314375	0.237144192967404	60	60	0.509371706616446	0.966123044439021
K01488	group	GERD	0.110705383567705	0.167010951637392	60	60	0.510044090887348	0.966158495778917
K01839	group	GERD	-0.12519706514864	0.188781132804958	60	60	0.509838530032323	0.966158495778917
K10974	group	GERD	0.232966133387792	0.35128054538472	60	60	0.50983548874128	0.966158495778917
K12658	group	GERD	-0.405700057659953	0.611863123399696	60	35	0.509920821589734	0.966158495778917
K06967	group	GERD	-0.141721583741949	0.213910845845908	60	60	0.510258161791684	0.966254405032812
K00986	group	GERD	0.52790368413755	0.798729633722739	60	51	0.511274611386558	0.967869197091685
K09775	group	GERD	0.113173359303496	0.171577314356768	60	60	0.512117676554522	0.96915483476003
K07090	group	GERD	-0.0602390918951245	0.0913940752348393	60	60	0.512431173272381	0.969437790843622
K03478	group	GERD	0.592403312872368	0.90010524951186	60	57	0.513046417681523	0.970291241629291
K00244	group	GERD	0.086859669140424	0.132037876289258	60	60	0.513244119628732	0.970354728252339
K04752	group	GERD	0.148122007792435	0.225450378943115	60	60	0.513776447345977	0.970740286580191
K18815	group	GERD	0.472344739953375	0.718705610484732	60	20	0.513641785430077	0.970740286580191
K02036	group	GERD	-0.131431250432814	0.20019673030134	60	60	0.514092137017884	0.971026426213971
K01792	group	GERD	-0.174394592520955	0.265947903789187	60	60	0.51457967339129	0.971571522229043
K03445	group	GERD	0.332193357133378	0.50694331116765	60	60	0.514873744780716	0.971571522229043
K18530	group	GERD	0.176610859882096	0.269484972682364	60	60	0.51482426857551	0.971571522229043
K01271	group	GERD	-0.0941650614990382	0.144047787355409	60	60	0.515883975163455	0.971800591538442
K02018	group	GERD	0.0803322084083007	0.122964124338438	60	60	0.516145781026845	0.971800591538442
K06904	group	GERD	-0.166268721406544	0.254392459244025	60	60	0.515958004964909	0.971800591538442
K10036	group	GERD	0.403569904835582	0.617509538393815	60	59	0.515988066958477	0.971800591538442
K10037	group	GERD	0.403569904835582	0.617509538393815	60	59	0.515988066958477	0.971800591538442
K16014	group	GERD	-0.198567887731638	0.303638795910108	60	60	0.515721643630959	0.971800591538442
K16346	group	GERD	-0.287793828492737	0.44022037816425	60	60	0.515856884590421	0.971800591538442
K09927	group	GERD	0.604303342337382	0.925572316108601	60	57	0.516402419594734	0.971974245349909
K02635	group	GERD	0.141637235317613	0.217054013674133	60	9	0.516628545568797	0.972090376003415
K00427	group	GERD	-0.613482355706183	0.940558309750143	60	47	0.516814447459983	0.972130771041495
K00528	group	GERD	-0.109230048196603	0.16768550155268	60	60	0.517362198469858	0.9727331962623
K01436	group	GERD	0.0982538823135993	0.151180105899679	60	60	0.518314486530557	0.9727331962623
K02525	group	GERD	-0.512047645015033	0.787117149655986	60	58	0.517915178085934	0.9727331962623
K03640	group	GERD	-0.106313443998049	0.163510117242328	60	60	0.518133560358497	0.9727331962623
K03980	group	GERD	-0.0866165275388974	0.133317738719125	60	60	0.518450998210844	0.9727331962623
K05816	group	GERD	0.304052435599287	0.467157635707754	60	59	0.517709606387432	0.9727331962623
K14979	group	GERD	0.279256002172224	0.429371774746847	60	28	0.518013098740073	0.9727331962623
K19127	group	GERD	0.424349968353792	0.651936958075409	60	16	0.517677389983882	0.9727331962623
K01222	group	GERD	-0.194147792944328	0.299613427899656	60	60	0.519545704103143	0.974477856173154
K16554	group	GERD	0.233134752330324	0.3603678654461	60	12	0.520225892368155	0.975444172432773
K08088	group	GERD	-0.425833561962932	0.658696337459297	60	21	0.520519060059012	0.975684427098567
K00230	group	GERD	-0.172585761010111	0.267280220789714	60	60	0.521013109828131	0.976070079744223
K13890	group	GERD	0.589564881042572	0.913139810319534	60	58	0.52105500197442	0.976070079744223
K03829	group	GERD	0.510630853381111	0.791726097046404	60	34	0.521496834627119	0.976588307353668
K00924	group	GERD	-0.137296720473424	0.213178226370343	60	60	0.5220840475199	0.97706897402268
K01621	group	GERD	0.152770731425501	0.237199724913095	60	60	0.522075781144342	0.97706897402268
K07101	group	GERD	-0.165414645076053	0.257058696356961	60	60	0.522442631593792	0.977121429288991
K16898	group	GERD	-0.133467695446184	0.207335380715552	60	60	0.522288890497859	0.977121429288991
K03673	group	GERD	0.214558347038301	0.333974723029977	60	60	0.523119708701276	0.977805852670672
K04047	group	GERD	0.0468764617194663	0.0729698783147391	60	60	0.523139362651782	0.977805852670672
K03783	group	GERD	0.088428097305527	0.137726389833168	60	60	0.523366307434306	0.977856199625864
K04103	group	GERD	-0.475861588970877	0.741386687939947	60	49	0.523497102810531	0.977856199625864
K01266	group	GERD	-0.174949046918711	0.272761652805262	60	60	0.523790148265205	0.977910957634647
K03756	group	GERD	0.223239550062175	0.348386045411294	60	60	0.524188062372158	0.977910957634647
K13891	group	GERD	0.582150805672956	0.908468752349974	60	58	0.524173667341395	0.977910957634647
K18346	group	GERD	-0.156318925914133	0.243786110300601	60	60	0.523909831022387	0.977910957634647
K07497	group	GERD	-0.108117248962372	0.168855597511236	60	60	0.52450295804083	0.978189743828828
K00032	group	GERD	-0.224791712359304	0.352075762609498	60	9	0.525677455767292	0.97842512496571
K00059	group	GERD	-0.0142389826982696	0.0223828654708219	60	60	0.527177597523006	0.97842512496571
K00158	group	GERD	-0.186272181531349	0.292343476329933	60	60	0.526521988171598	0.97842512496571
K00685	group	GERD	0.178705850135557	0.280812346250425	60	60	0.527026585907263	0.97842512496571
K01028	group	GERD	-0.160162989601862	0.252319007933783	60	60	0.528078545605422	0.97842512496571
K01273	group	GERD	0.118798506637796	0.187091062043862	60	60	0.527940560793426	0.97842512496571
K01433	group	GERD	-0.133547105651334	0.208908794870022	60	60	0.525170394349608	0.97842512496571
K01818	group	GERD	0.122317443922022	0.191698951425007	60	60	0.525939122518059	0.97842512496571
K03330	group	GERD	0.330222961812934	0.51904474583532	60	29	0.527140446926973	0.97842512496571
K07148	group	GERD	0.326925236373339	0.514392437643394	60	60	0.527565567485204	0.97842512496571
K07151	group	GERD	0.385100107114464	0.604962477954038	60	33	0.526910310682635	0.97842512496571
K07787	group	GERD	-0.137228303827334	0.216201673609437	60	60	0.528104630203921	0.97842512496571
K09482	group	GERD	0.330222961812934	0.51904474583532	60	29	0.527140446926973	0.97842512496571
K09777	group	GERD	0.151009099131758	0.237613414176877	60	60	0.527586133840715	0.97842512496571
K11145	group	GERD	-0.0954856876262012	0.15042545385537	60	60	0.528074047803132	0.97842512496571
K11441	group	GERD	-0.224791712359304	0.352075762609498	60	9	0.525677455767292	0.97842512496571
K11936	group	GERD	-0.353077002892799	0.552318347251244	60	56	0.525168298218021	0.97842512496571
K12510	group	GERD	-0.118926383837271	0.186493938743089	60	60	0.52618138405987	0.97842512496571
K13926	group	GERD	0.161995223039952	0.253600676586279	60	60	0.525480188656122	0.97842512496571
K15731	group	GERD	-0.145456519653769	0.228791311593054	60	7	0.527433118667863	0.97842512496571
K17215	group	GERD	0.630398850216085	0.986750456676878	60	51	0.525426712672254	0.97842512496571
K06970	group	GERD	0.381115415636414	0.601247308952953	60	60	0.52865466870741	0.979137343796431
K01934	group	GERD	0.0107723509162966	0.0170117521662436	60	60	0.529072553943148	0.979604428096427
K00663	group	GERD	-0.227533047968952	0.360275818405322	60	10	0.530160768410081	0.979605602480339
K00926	group	GERD	-0.11408741137925	0.18051745836996	60	60	0.529868928395729	0.979605602480339
K07044	group	GERD	-0.531583073709029	0.840321566092458	60	40	0.529484409916376	0.979605602480339
K08724	group	GERD	-0.159225627646226	0.251952744251945	60	60	0.529892193263614	0.979605602480339
K10016	group	GERD	0.412683275912523	0.653822272112964	60	57	0.530398770896408	0.979605602480339
K10120	group	GERD	0.145589945070365	0.230641190532817	60	60	0.53036352835575	0.979605602480339
K11717	group	GERD	0.0874885403787099	0.138280004128014	60	60	0.529421909261825	0.979605602480339
K19697	group	GERD	-0.365325247175975	0.578343707460237	60	13	0.530081198625142	0.979605602480339
K01941	group	GERD	-0.493278821920488	0.782112783277998	60	49	0.530713894812734	0.979814557638647
K02298	group	GERD	0.150270394404	0.238527952782357	60	60	0.53117484053313	0.979814557638647
K07702	group	GERD	0.550553895435957	0.873221005092062	60	55	0.530852906922664	0.979814557638647
K13774	group	GERD	-0.504869020680221	0.801074762021134	60	31	0.531013169080986	0.979814557638647
K07239	group	GERD	-0.295691005808299	0.469564654186606	60	23	0.531355224968889	0.979841575176566
K02297	group	GERD	0.149823684552568	0.238451701904734	60	60	0.532261627534987	0.980443011666813
K02300	group	GERD	0.149369145869055	0.238478226444466	60	60	0.533547482840902	0.980443011666813
K03293	group	GERD	-0.154020157208221	0.245957526542281	60	60	0.533636431514634	0.980443011666813
K03425	group	GERD	0.54208701866052	0.863478295532406	60	58	0.532602594334676	0.980443011666813
K03497	group	GERD	0.0367705873632507	0.0586816015446153	60	60	0.533372362227753	0.980443011666813
K06120	group	GERD	0.292557845309691	0.465760569721053	60	54	0.532384893875406	0.980443011666813
K06883	group	GERD	0.346400554691521	0.551482255932734	60	54	0.532386769857914	0.980443011666813
K07643	group	GERD	0.541247749805122	0.863455547275396	60	58	0.533224382832197	0.980443011666813
K09781	group	GERD	-0.164762969792259	0.263135509748661	60	60	0.533671449855176	0.980443011666813
K10254	group	GERD	0.157202136469197	0.250868912156918	60	60	0.533360161018936	0.980443011666813
K11261	group	GERD	0.293079502508907	0.467169143131453	60	60	0.53289058041992	0.980443011666813
K16326	group	GERD	0.494685989165704	0.787814632967839	60	25	0.532519843397979	0.980443011666813
K02813	group	GERD	0.695124203854813	1.11097689243507	60	31	0.533974450304191	0.980694920844478
K07156	group	GERD	-0.234850961021553	0.376014281411337	60	60	0.534696166273272	0.981410659735356
K13541	group	GERD	0.437298833124786	0.699875887520435	60	24	0.534537435020511	0.981410659735356
K02250	group	GERD	-0.30646752401623	0.491589515734185	60	16	0.535451544183055	0.981578148592316
K08351	group	GERD	0.536243626005814	0.859774655684774	60	58	0.535268289366042	0.981578148592316
K10118	group	GERD	0.134960140273785	0.216405957353582	60	60	0.535306877653288	0.981578148592316
K12600	group	GERD	-0.279840813059608	0.448490280317166	60	8	0.535099172442595	0.981578148592316
K08720	group	GERD	-0.250964451247599	0.403174524412903	60	10	0.536071886420453	0.982410723037111
K03758	group	GERD	0.167014878123585	0.268634130033252	60	60	0.536563049922482	0.983006120589313
K16167	group	GERD	-0.304062152433044	0.489867762747985	60	15	0.537226955368724	0.983917521728593
K19173	group	GERD	0.364820387108807	0.588333313491991	60	14	0.537626441967035	0.984344231932211
K01167	group	GERD	-0.302631985557394	0.489096128102616	60	57	0.5384986825017	0.985330922609115
K01729	group	GERD	-0.509762601828479	0.823759383327694	60	20	0.538454873277501	0.985330922609115
K16246	group	GERD	0.16729218537888	0.27068360371372	60	10	0.538971046384149	0.985672417670639
K17224	group	GERD	-0.327646069420339	0.530203368825853	60	16	0.539018762910889	0.985672417670639
K02777	group	GERD	-0.0744415925835301	0.120715723727148	60	60	0.53986647565508	0.986705341571648
K15977	group	GERD	0.0890029277780585	0.14434682761515	60	60	0.539917418806543	0.986705341571648
K00096	group	GERD	0.209006434933233	0.341630979143449	60	60	0.543067494290133	0.987200421396076
K00302	group	GERD	-0.495937080714588	0.807249031945267	60	38	0.541383629774385	0.987200421396076
K00600	group	GERD	0.0171377077890485	0.0278379455199426	60	60	0.540551039535926	0.987200421396076
K00833	group	GERD	-0.0633877327330529	0.103273835334674	60	60	0.541758606662582	0.987200421396076
K01630	group	GERD	0.514094734831311	0.842705391215755	60	56	0.544209761643435	0.987200421396076
K01784	group	GERD	0.020621407661624	0.0339277141731225	60	60	0.545689967117727	0.987200421396076
K01809	group	GERD	0.0541479668179256	0.0887056973424834	60	60	0.543966447941796	0.987200421396076
K01908	group	GERD	0.296559974988193	0.485551256823934	60	58	0.543738247211581	0.987200421396076
K02188	group	GERD	0.0895544228130826	0.145698678540443	60	60	0.541186488811519	0.987200421396076
K02587	group	GERD	-0.136490491599759	0.222937168848201	60	60	0.542773510133791	0.987200421396076
K02765	group	GERD	0.121616108369899	0.199438827918857	60	60	0.544381611275374	0.987200421396076
K04093	group	GERD	0.13450813607475	0.219644503352519	60	60	0.542673203522378	0.987200421396076
K06153	group	GERD	0.0272181534063227	0.0444555124429899	60	60	0.542761358854419	0.987200421396076
K07052	group	GERD	-0.0876428162380109	0.144075862754514	60	60	0.545356701307058	0.987200421396076
K07700	group	GERD	0.554365727429409	0.910867694522207	60	55	0.545157447178217	0.987200421396076
K08070	group	GERD	-0.14181098097175	0.232195597000562	60	10	0.543758196268948	0.987200421396076
K08717	group	GERD	0.328464892900811	0.536451711025296	60	58	0.542737939469618	0.987200421396076
K08994	group	GERD	0.151402124844928	0.247416290917996	60	60	0.542973744010242	0.987200421396076
K09005	group	GERD	0.151693652337574	0.249319520706295	60	60	0.545277341126234	0.987200421396076
K09014	group	GERD	0.0847746856426571	0.13804937671546	60	60	0.54155745227689	0.987200421396076
K09128	group	GERD	0.349752871870495	0.575983487825698	60	58	0.546070109928935	0.987200421396076
K10015	group	GERD	0.398191145491107	0.655544024677027	60	57	0.545942503187312	0.987200421396076
K10017	group	GERD	0.398191145491107	0.655544024677027	60	57	0.545942503187312	0.987200421396076
K11216	group	GERD	0.271524571309044	0.445222425895498	60	59	0.544334756785955	0.987200421396076
K11811	group	GERD	-0.26609157589202	0.434878387022153	60	60	0.543011125729123	0.987200421396076
K12056	group	GERD	0.553961492407301	0.906317604027231	60	27	0.543440680086038	0.987200421396076
K13482	group	GERD	-0.326680883022603	0.536665452402472	60	55	0.545084541176242	0.987200421396076
K13678	group	GERD	-0.178182732972944	0.29302719844985	60	60	0.545511107709684	0.987200421396076
K14162	group	GERD	-0.12980246089852	0.213831814705249	60	60	0.546199691878647	0.987200421396076
K15524	group	GERD	0.178658910639983	0.293645646421833	60	60	0.545286575170864	0.987200421396076
K15782	group	GERD	-0.293683819220984	0.477210325249858	60	14	0.540686113542227	0.987200421396076
K17206	group	GERD	0.335574426468952	0.546537132088754	60	13	0.541615492231977	0.987200421396076
K18330	group	GERD	0.140422208211162	0.229407840950826	60	60	0.542859056543356	0.987200421396076
K18336	group	GERD	0.164144114569878	0.269444385271364	60	10	0.544774312520992	0.987200421396076
K18673	group	GERD	0.273989137795407	0.447434298894271	60	10	0.542695565352613	0.987200421396076
K19309	group	GERD	-0.202812021511406	0.334052115978977	60	60	0.546136252440549	0.987200421396076
K16348	group	GERD	0.520227034709586	0.858027663559241	60	58	0.546677597350449	0.987762211349589
K15268	group	GERD	0.530264745040691	0.875139752976821	60	58	0.546931871473218	0.987919714069558
K05818	group	GERD	0.317158354010453	0.523849109985142	60	55	0.54724960774076	0.988191716848923
K01609	group	GERD	0.0634343952832118	0.104980418193161	60	60	0.548034018502663	0.988616185593973
K02499	group	GERD	0.121033874604625	0.200298256723723	60	60	0.548021837273947	0.988616185593973
K05540	group	GERD	-0.106670405630255	0.176585211246646	60	60	0.548150560786208	0.988616185593973
K14597	group	GERD	0.257192267734088	0.425766569148491	60	58	0.548153561633465	0.988616185593973
K09802	group	GERD	0.199934285129193	0.331444717860863	60	60	0.548713684750022	0.989324581958564
K06140	group	GERD	0.294263334729537	0.488449958152097	60	59	0.549227397148349	0.989712947722874
K08969	group	GERD	-0.217573907713579	0.361185704909834	60	60	0.549263900791399	0.989712947722874
K02120	group	GERD	0.0922198967641494	0.153286923369204	60	60	0.549774084413847	0.989759871580401
K02468	group	GERD	0.542514695707103	0.901803147987582	60	55	0.549792188475987	0.989759871580401
K12957	group	GERD	-0.603433969055608	1.00306115052721	60	51	0.549789821373574	0.989759871580401
K07394	group	GERD	-0.503644594537496	0.838086747136678	60	44	0.550217571438239	0.990224134655364
K19225	group	GERD	0.134237623050398	0.223479933299225	60	60	0.550400145325675	0.990251265722881
K02124	group	GERD	0.0919655153917854	0.153274006473106	60	60	0.550838526275346	0.990437155516985
K15538	group	GERD	-0.328042106803707	0.546621721397	60	17	0.550759688149037	0.990437155516985
K01082	group	GERD	0.187796812833177	0.313875569248315	60	60	0.55195845708086	0.990478049119128
K01299	group	GERD	0.0992996659347895	0.165872720620664	60	60	0.551737411312028	0.990478049119128
K07718	group	GERD	-0.0868240986135584	0.144984270074705	60	60	0.551603551400931	0.990478049119128
K12511	group	GERD	-0.10973936617808	0.18337691324543	60	60	0.551878959177734	0.990478049119128
K16619	group	GERD	-0.255570949813901	0.42663981603765	60	13	0.551484160809847	0.990478049119128
K18775	group	GERD	-0.265481915001379	0.44379972752084	60	58	0.552034027714399	0.990478049119128
K19126	group	GERD	0.137848621447068	0.230360737776597	60	60	0.55190070749838	0.990478049119128
K01073	group	GERD	-0.242378097777454	0.407027495716078	60	59	0.553836989234347	0.991677231913787
K01826	group	GERD	-0.246300914987098	0.413056324336301	60	58	0.553302446830815	0.991677231913787
K02118	group	GERD	0.0914111045926723	0.153481080644505	60	60	0.553769201842858	0.991677231913787
K06282	group	GERD	0.146947037984719	0.24617749060923	60	60	0.552887196681406	0.991677231913787
K06391	group	GERD	0.237601479118277	0.399024268110001	60	60	0.553855003034164	0.991677231913787
K08313	group	GERD	-0.228275131266568	0.38338265381509	60	60	0.553876559502592	0.991677231913787
K18331	group	GERD	0.132024386383192	0.2216730315558	60	60	0.553771760725096	0.991677231913787
K00387	group	GERD	-0.127195805906425	0.216384198361953	60	10	0.558932329097335	0.991883626183248
K00435	group	GERD	0.293950187333396	0.494568686498654	60	17	0.554585047448583	0.991883626183248
K00984	group	GERD	-0.441333872513995	0.75225822570928	60	52	0.559696173367273	0.991883626183248
K02080	group	GERD	0.427865643512445	0.723063762845192	60	29	0.556324385951124	0.991883626183248
K02123	group	GERD	0.0906623919733773	0.153703830472756	60	60	0.557581418770892	0.991883626183248
K02190	group	GERD	0.0978891651966338	0.166587251983199	60	60	0.559071642912234	0.991883626183248
K02451	group	GERD	-0.386374737068957	0.656351541421346	60	26	0.558368054972023	0.991883626183248
K02510	group	GERD	-0.191965140764942	0.322912605087714	60	60	0.554503012103905	0.991883626183248
K02596	group	GERD	0.234525304882579	0.399102056198892	60	17	0.559060018801301	0.991883626183248
K02745	group	GERD	0.205540458967698	0.350256973735665	60	60	0.559596825663554	0.991883626183248
K03098	group	GERD	0.262781857203638	0.446856071385763	60	60	0.5587694422232	0.991883626183248
K03430	group	GERD	0.167924910200298	0.284980846306265	60	60	0.557982000766461	0.991883626183248
K03774	group	GERD	0.138660006940712	0.234856584276216	60	60	0.557214090094941	0.991883626183248
K04783	group	GERD	0.557868537112716	0.94583263964802	60	25	0.557603949700511	0.991883626183248
K06076	group	GERD	0.126731826707451	0.213647094648497	60	60	0.55536480670587	0.991883626183248
K06281	group	GERD	0.145010586562967	0.246039963825608	60	60	0.557896485098849	0.991883626183248
K06411	group	GERD	0.212120467922075	0.359704436104472	60	60	0.557677015215667	0.991883626183248
K07271	group	GERD	0.0766912652029166	0.130441674830595	60	60	0.558858062547512	0.991883626183248
K07345	group	GERD	-0.49533013134261	0.834338828540319	60	58	0.555034657334056	0.991883626183248
K07736	group	GERD	0.121673136850536	0.207292065443005	60	60	0.559505323962908	0.991883626183248
K07798	group	GERD	-0.128474982021609	0.21747243053761	60	60	0.556973411650327	0.991883626183248
K08988	group	GERD	0.322739724207965	0.545071401443058	60	59	0.556081243455584	0.991883626183248
K09141	group	GERD	0.321983874221545	0.546758424182824	60	32	0.558217702116466	0.991883626183248
K10253	group	GERD	0.457314701045364	0.769133660269375	60	26	0.554433945781534	0.991883626183248
K11443	group	GERD	0.359819819255934	0.612520826726226	60	34	0.559187697963637	0.991883626183248
K11897	group	GERD	0.35797989389451	0.609724662371353	60	57	0.55940357135801	0.991883626183248
K11906	group	GERD	0.224381005552568	0.378257131149566	60	60	0.555355490882493	0.991883626183248
K14470	group	GERD	-0.198560850891892	0.337396041659577	60	10	0.558475152009864	0.991883626183248
K16786	group	GERD	-0.0869119614163608	0.147279391587144	60	60	0.557404938943406	0.991883626183248
K18699	group	GERD	0.250823721435391	0.426528446579816	60	8	0.55877585912987	0.991883626183248
K18908	group	GERD	0.255133104339847	0.429693005766571	60	42	0.554983576742325	0.991883626183248
K18916	group	GERD	0.250823721435391	0.426528446579816	60	8	0.55877585912987	0.991883626183248
K18921	group	GERD	0.250823721435391	0.426528446579816	60	8	0.55877585912987	0.991883626183248
K19125	group	GERD	0.136428548360272	0.230140417915771	60	60	0.555615615290856	0.991883626183248
K01079	group	GERD	0.0251173186625474	0.0429335376299117	60	60	0.560798121157412	0.993119394222781
K05813	group	GERD	0.20573426684689	0.351755126547579	60	60	0.560897438651871	0.993119394222781
K09984	group	GERD	-0.481113472822815	0.822195943236218	60	29	0.560712117258053	0.993119394222781
K14063	group	GERD	0.409952997369157	0.702140953954417	60	39	0.561577477548019	0.99372823922894
K18968	group	GERD	0.541927807947813	0.927803343831538	60	49	0.561419554047403	0.99372823922894
K01239	group	GERD	0.157791066047455	0.270446220100958	60	60	0.561854387893433	0.993920748421897
K06610	group	GERD	-0.420246153511364	0.721225876968846	60	35	0.562365214614327	0.994526816871044
K07246	group	GERD	0.127797473709117	0.21956430697876	60	60	0.562788516978505	0.99497778480171
K00641	group	GERD	-0.133933359238652	0.23102656629083199	60	60	0.564341006800415	0.995343725325021
K01494	group	GERD	-0.102129870357795	0.17596911498945	60	60	0.563903088114249	0.995343725325021
K02076	group	GERD	-0.139674880397544	0.240970205968863	60	60	0.564405285178961	0.995343725325021
K06979	group	GERD	-0.349612855080491	0.60284775811936	60	13	0.564204247574246	0.995343725325021
K07020	group	GERD	-0.44206842435371	0.762925143595135	60	22	0.564537069291841	0.995343725325021
K07230	group	GERD	0.129272654805101	0.222725961568949	60	60	0.563885640934731	0.995343725325021
K10195	group	GERD	-0.356005692149211	0.612945077560652	60	22	0.563617478968059	0.995343725325021
K11534	group	GERD	0.511703497332998	0.88296872437498	60	58	0.564478511554929	0.995343725325021
K14339	group	GERD	-0.207694440569977	0.357753963765799	60	58	0.56379202365027	0.995343725325021
K18672	group	GERD	-0.119441667241161	0.206208793471463	60	60	0.564679102628572	0.995343725325021
K03635	group	GERD	-0.119489121622424	0.206604624706035	60	60	0.565269017668057	0.996086567050239
K00249	group	GERD	-0.189546387870002	0.328068813479833	60	60	0.565659765010963	0.996478108088443
K03629	group	GERD	0.0502230719114068	0.0870193348032936	60	60	0.566072798375489	0.996908663686593
K02117	group	GERD	0.0887050311427241	0.153794210971761	60	60	0.566321742978038	0.997050072807075
K02879	group	GERD	-0.0140259550454021	0.0243449137667568	60	60	0.566753022038746	0.997215436396746
K08222	group	GERD	-0.23116677964632	0.401170319149351	60	11	0.566688513023721	0.997215436396746
K00002	group	GERD	0.139305966349321	0.329895194937779	60	60	0.674386757712357	0.997658065803488
K00005	group	GERD	0.0379446162744124	0.21184828800789	60	60	0.85847382315518606	0.997658065803488
K00007	group	GERD	-0.175989573207586	0.627243169826388	60	34	0.780033790048787	0.997658065803488
K00009	group	GERD	-0.0190278843062698	0.225316231228885	60	60	0.932989728299373	0.997658065803488
K00013	group	GERD	0.027187793734515	0.142746735199344	60	60	0.849612394055002	0.997658065803488
K00014	group	GERD	-0.0056902743567627	0.0214033475634413	60	60	0.791290513895321	0.997658065803488
K00015	group	GERD	0.0438776486725667	0.365831815655465	60	60	0.904945654984779	0.997658065803488
K00016	group	GERD	-0.0744666451177671	0.197520780390036	60	60	0.707544566898367	0.997658065803488
K00019	group	GERD	0.0858372686860945	0.275138896343675	60	60	0.756176072896421	0.997658065803488
K00020	group	GERD	-0.0362294975069494	0.179376731593559	60	60	0.840643539412078	0.997658065803488
K00023	group	GERD	-0.0218139560399258	0.324181162224649	60	60	0.946582743899722	0.997658065803488
K00030	group	GERD	-0.00717840965236945	0.183050085647783	60	60	0.96885321126928	0.997658065803488
K00031	group	GERD	0.0292649892314941	0.171424056017326	60	60	0.865040502626521	0.997658065803488
K00034	group	GERD	-0.602774142498538	1.05223621344051	60	34	0.56896010082275	0.997658065803488
K00035	group	GERD	0.0731354969254094	0.569191411386686	60	23	0.898205592223768	0.997658065803488
K00057	group	GERD	0.00212948865598632	0.0190424412352731	60	60	0.911345466672624	0.997658065803488
K00064	group	GERD	0.0278605799002372	0.671719562250621	60	24	0.967058475030268	0.997658065803488
K00066	group	GERD	-0.23311044231498	0.643093339633249	60	14	0.718308615700478	0.997658065803488
K00068	group	GERD	0.0822794238231342	0.322131560381843	60	60	0.799300957593746	0.997658065803488
K00073	group	GERD	-0.0411089486199775	0.388813777134907	60	60	0.916162078576256	0.997658065803488
K00075	group	GERD	0.00397327361301531	0.0192862104556828	60	60	0.837499629297103	0.997658065803488
K00088	group	GERD	-0.0124852543821837	0.0220667400946541	60	60	0.573715584249044	0.997658065803488
K00090	group	GERD	0.0429163912278488	0.458039490119008	60	60	0.925673704453742	0.997658065803488
K00094	group	GERD	0.419599289692338	1.020673986252	60	27	0.682514090305118	0.997658065803488
K00101	group	GERD	-0.133044384785949	0.275047044563622	60	60	0.630409439749824	0.997658065803488
K00102	group	GERD	0.119486012011952	0.307369371124605	60	60	0.69889374140269	0.997658065803488
K00108	group	GERD	0.0717205869079955	0.249318339610303	60	60	0.774627252526952	0.997658065803488
K00117	group	GERD	0.0364246134103367	0.807323876278319	60	59	0.964168458751957	0.997658065803488
K00118	group	GERD	-0.102302460351206	0.314862029003947	60	9	0.746416730766674	0.997658065803488
K00122	group	GERD	0.205855660489436	0.538207366352226	60	27	0.703500502027573	0.997658065803488
K00128	group	GERD	0.0107898497712138	0.161399513957829	60	60	0.946929593808384	0.997658065803488
K00129	group	GERD	0.17777082104981	0.450627074357456	60	10	0.694661378186366	0.997658065803488
K00130	group	GERD	-0.0697036523398312	0.206484859420581	60	60	0.736903919620484	0.997658065803488
K00132	group	GERD	0.286633582841799	0.684836165389257	60	36	0.677095751844833	0.997658065803488
K00133	group	GERD	0.00179948667910652	0.01880106843969	60	60	0.924079293585158	0.997658065803488
K00137	group	GERD	-0.0891879867899923	0.965628754702448	60	53	0.926728239339473	0.997658065803488
K00141	group	GERD	-0.161403386619861	0.407559779635564	60	14	0.693540579277912	0.997658065803488
K00145	group	GERD	-0.0160553334388786	0.128870831362165	60	60	0.901283137105988	0.997658065803488
K00146	group	GERD	0.401538296657857	0.803188694644544	60	42	0.619015686477117	0.997658065803488
K00150	group	GERD	0.184059774249668	0.347457798325838	60	16	0.598319255411548	0.997658065803488
K00171	group	GERD	0.0833671503600286	0.424955832587917	60	60	0.845156290113785	0.997658065803488
K00179	group	GERD	0.122428784911134	0.280408888003089	60	60	0.664016704811834	0.997658065803488
K00180	group	GERD	0.121907934034898	0.281106449449097	60	60	0.666135607683104	0.997658065803488
K00184	group	GERD	0.0543295421723641	0.300482022268524	60	60	0.857148635473294	0.997658065803488
K00185	group	GERD	0.070985018005012	0.315847989258456	60	60	0.822968158576747	0.997658065803488
K00194	group	GERD	0.213500174495636	0.731031668041788	60	22	0.771288038775788	0.997658065803488
K00197	group	GERD	0.0982973149143658	0.539391989834685	60	59	0.856031997137041	0.997658065803488
K00198	group	GERD	0.0890314367778123	0.303772135891796	60	60	0.770502304570575	0.997658065803488
K00210	group	GERD	0.0472258774537884	0.363600840732649	60	60	0.897107729778752	0.997658065803488
K00215	group	GERD	-3.2980944725844e-4	0.0291396122856664	60	60	0.991008377079188	0.997658065803488
K00218	group	GERD	-0.11787236506807	0.349550131287223	60	9	0.737174664147365	0.997658065803488
K00219	group	GERD	0.389542582761434	0.846476827952679	60	60	0.647098447830339	0.997658065803488
K00220	group	GERD	0.138823039677387	0.560457291378813	60	25	0.805244412091935	0.997658065803488
K00226	group	GERD	-0.0523536805325791	0.139202058317147	60	60	0.708215924037833	0.997658065803488
K00228	group	GERD	-0.0799379818905358	0.307951813622347	60	60	0.79610733206493	0.997658065803488
K00247	group	GERD	0.0877651097546778	0.376686889422588	60	60	0.816587750663039	0.997658065803488
K00254	group	GERD	-0.11139675893359	0.223008760841462	60	60	0.619304600155388	0.997658065803488
K00257	group	GERD	0.00442816064164332	0.20784122721687	60	60	0.983075087069001	0.997658065803488
K00274	group	GERD	-0.0627100311360534	0.495466198198481	60	57	0.899720295711365	0.997658065803488
K00276	group	GERD	-0.193452412408525	0.801360751976918	60	28	0.81009273787612	0.997658065803488
K00285	group	GERD	0.0230535250325535	0.29625469739686	60	60	0.938241800595948	0.997658065803488
K00297	group	GERD	0.0209168506536282	0.045132109560732	60	60	0.644770436842996	0.997658065803488
K00311	group	GERD	-0.0952194090435573	0.317708263674743	60	60	0.765472078431348	0.997658065803488
K00313	group	GERD	0.153266087546141	0.331962143325526	60	60	0.646025315268027	0.997658065803488
K00318	group	GERD	-0.0319109701336337	0.309125066586167	60	60	0.918136567016878	0.997658065803488
K00322	group	GERD	0.426758379721501	0.780350656566295	60	60	0.586558999998154	0.997658065803488
K00332	group	GERD	0.0209848783786548	0.214135702885484	60	60	0.922271739975098	0.997658065803488
K00333	group	GERD	0.0208429633177158	0.213995544335012	60	60	0.922745299752277	0.997658065803488
K00334	group	GERD	0.0137390216704083	0.164414736774377	60	60	0.933691473477343	0.997658065803488
K00335	group	GERD	0.0949534812081983	0.188201240359167	60	60	0.615799325560322	0.997658065803488
K00356	group	GERD	0.0581243778181294	0.253584736313952	60	60	0.819511374740745	0.997658065803488
K00360	group	GERD	-0.0279526080901673	0.247999505807432	60	7	0.910647815171919	0.997658065803488
K00365	group	GERD	0.120104952027985	0.282019138128244	60	11	0.671775066212228	0.997658065803488
K00366	group	GERD	0.130247457754639	0.284172744476761	60	60	0.648421662445692	0.997658065803488
K00367	group	GERD	0.181701842394185	0.315925879478189	60	14	0.567420675962182	0.997658065803488
K00370	group	GERD	-0.143003913083873	0.271755167403026	60	60	0.600739576652902	0.997658065803488
K00371	group	GERD	-0.117152580986477	0.247131782501413	60	60	0.637244721646266	0.997658065803488
K00373	group	GERD	-0.147342958461842	0.282098877571297	60	60	0.603444084070994	0.997658065803488
K00374	group	GERD	-0.120247006527854	0.247324295425014	60	60	0.628663272578763	0.997658065803488
K00380	group	GERD	0.0900837319277663	0.28568286944265	60	60	0.753644604709674	0.997658065803488
K00381	group	GERD	0.0563009077780317	0.27350420749834	60	60	0.837628734817657	0.997658065803488
K00384	group	GERD	-0.0178504118154026	0.0365558386928662	60	60	0.627174671608644	0.997658065803488
K00385	group	GERD	0.0924023909436943	0.17818758862266	60	60	0.606034868804381	0.997658065803488
K00389	group	GERD	-0.221691058343017	0.435479845808548	60	60	0.612632318638532	0.997658065803488
K00390	group	GERD	-0.101114766627843	0.263523007683749	60	60	0.702601019828166	0.997658065803488
K00404	group	GERD	0.0611120679780204	0.333457853479568	60	60	0.855227107989169	0.997658065803488
K00405	group	GERD	0.0932377863646226	0.33669018668192	60	60	0.782822575338037	0.997658065803488
K00406	group	GERD	0.12071976102806	0.319173553429537	60	60	0.706643473964883	0.997658065803488
K00407	group	GERD	0.100332617929384	0.339972927881902	60	60	0.76895650840824	0.997658065803488
K00410	group	GERD	-0.174300309043967	0.371118065463801	60	9	0.640357033184652	0.997658065803488
K00411	group	GERD	0.0543415716370847	0.328506552674341	60	60	0.869188608474748	0.997658065803488
K00412	group	GERD	0.0544372175395251	0.328534903335234	60	60	0.868971705472404	0.997658065803488
K00413	group	GERD	0.0569183816098964	0.330015347442884	60	60	0.863666966215193	0.997658065803488
K00428	group	GERD	0.020425431108165	0.278844871823872	60	60	0.941859086696217	0.997658065803488
K00433	group	GERD	-0.108773623598932	0.528143077435128	60	60	0.837547409171774	0.997658065803488
K00436	group	GERD	0.0296479813268202	0.491448601536286	60	44	0.952102006777445	0.997658065803488
K00437	group	GERD	-0.0789771884826516	0.521795956217243	60	29	0.880219756753912	0.997658065803488
K00450	group	GERD	-0.115913174682828	0.412102493781737	60	57	0.779502304718383	0.997658065803488
K00451	group	GERD	0.102547263780125	0.408770676874317	60	60	0.802803195213013	0.997658065803488
K00452	group	GERD	0.219621169103715	0.497135293950977	60	14	0.660295940710056	0.997658065803488
K00453	group	GERD	-0.191680735299641	0.420203801188903	60	58	0.649977481938688	0.997658065803488
K00455	group	GERD	0.295173063181443	0.773205118992711	60	29	0.704039964022584	0.997658065803488
K00459	group	GERD	-0.0281029722299236	0.247043570448944	60	60	0.909823169763959	0.997658065803488
K00471	group	GERD	-0.161998402158918	0.384223423082286	60	12	0.67485696996524	0.997658065803488
K00472	group	GERD	0.228505527403884	0.523346948263833	60	56	0.664005648615982	0.997658065803488
K00480	group	GERD	-0.162591369358991	0.422245132546483	60	56	0.701598557359342	0.997658065803488
K00483	group	GERD	0.0545879832257266	0.860420263009263	60	46	0.949631579144959	0.997658065803488
K00484	group	GERD	0.0393698824297927	0.38910098816467	60	60	0.919755230384493	0.997658065803488
K00486	group	GERD	0.11491959267011	0.533154587406571	60	15	0.830097483751434	0.997658065803488
K00493	group	GERD	-0.223042611987637	0.475798761611548	60	13	0.640987613000993	0.997658065803488
K00499	group	GERD	-0.0228438558532331	0.4819789790958	60	56	0.962360474979289	0.997658065803488
K00500	group	GERD	0.0204861453138741	0.912117384279531	60	38	0.982158121832133	0.997658065803488
K00501	group	GERD	-0.229418372047531	0.44003429936683	60	7	0.604097863406638	0.997658065803488
K00507	group	GERD	-0.122667096125848	0.313006287963337	60	60	0.69656856786298	0.997658065803488
K00523	group	GERD	-0.0688500926260799	0.314899224123007	60	60	0.827696718560114	0.997658065803488
K00532	group	GERD	0.0544120645134848	0.886900028174459	60	22	0.951290724758156	0.997658065803488
K00534	group	GERD	-0.196246719864405	0.49291156721633	60	30	0.691990400602587	0.997658065803488
K00547	group	GERD	-0.0169694209162925	0.169195556440718	60	60	0.920456232387707	0.997658065803488
K00554	group	GERD	0.00290263341935842	0.0189982689619136	60	60	0.879098823440176	0.997658065803488
K00557	group	GERD	0.0794974870082823	0.31918049703905	60	60	0.804188479126293	0.997658065803488
K00567	group	GERD	-0.00623599238561075	0.0177478319289912	60	60	0.726586697300993	0.997658065803488
K00568	group	GERD	-0.0937667058375724	0.313006732257252	60	60	0.76557785606674	0.997658065803488
K00569	group	GERD	0.115972953834758	0.806835266678834	60	33	0.886205549659139	0.997658065803488
K00571	group	GERD	-0.0539392087796112	0.128563681371297	60	60	0.676362418076915	0.997658065803488
K00573	group	GERD	-0.0321243961722088	0.25529095473293	60	60	0.900298153600952	0.997658065803488
K00574	group	GERD	0.119606015854088	0.244075063161858	60	60	0.625955714318221	0.997658065803488
K00584	group	GERD	-0.0644386676045637	0.240351173680067	60	9	0.789571908581406	0.997658065803488
K00590	group	GERD	0.121882123338591	0.482110809866754	60	10	0.801309400334194	0.997658065803488
K00595	group	GERD	0.0634682100200712	0.181377275747994	60	60	0.727663458379346	0.997658065803488
K00598	group	GERD	0.469928706971336	1.08659873619057	60	48	0.666998743071194	0.997658065803488
K00609	group	GERD	0.0259058320819523	0.045169980689313	60	60	0.56851074017229	0.997658065803488
K00612	group	GERD	0.340885224056394	0.788321206992903	60	34	0.667040334541232	0.997658065803488
K00616	group	GERD	-0.0369524012485971	0.0805869194271049	60	60	0.648277487786991	0.997658065803488
K00620	group	GERD	0.040732234659295	0.169373392746701	60	60	0.810800141663885	0.997658065803488
K00631	group	GERD	0.0307160652122859	0.324537281882527	60	60	0.924922458005508	0.997658065803488
K00632	group	GERD	-0.0482892199176665	0.262587236981237	60	60	0.854735047568552	0.997658065803488
K00635	group	GERD	-0.306489092882959	0.743731568142473	60	37	0.681787920845575	0.997658065803488
K00643	group	GERD	-0.169158465853044	0.762386297851515	60	33	0.825186502744509	0.997658065803488
K00645	group	GERD	0.00712334650008186	0.0154804036348855	60	60	0.647127232441103	0.997658065803488
K00646	group	GERD	-0.117207934339863	0.307066669431696	60	9	0.704077360050353	0.997658065803488
K00656	group	GERD	0.0304250609614962	0.0750726935981002	60	60	0.686766670830331	0.997658065803488
K00666	group	GERD	0.00332636829853266	0.193595353152256	60	60	0.986350339092385	0.997658065803488
K00673	group	GERD	0.100537618460906	0.843199268916036	60	60	0.905502378674662	0.997658065803488
K00675	group	GERD	0.370232220814357	0.981848681897734	60	54	0.707492813185889	0.997658065803488
K00680	group	GERD	-0.0171668755761754	0.175510621465367	60	60	0.92241958105718	0.997658065803488
K00686	group	GERD	-0.0104732135572956	0.396070149307732	60	8	0.978994909310408	0.997658065803488
K00688	group	GERD	0.0196566552425639	0.0550536469005034	60	60	0.722353593055827	0.997658065803488
K00689	group	GERD	-0.101369931965894	0.397296664736304	60	59	0.799510459210573	0.997658065803488
K00690	group	GERD	0.0241569637922242	0.241865844711583	60	60	0.920785983735445	0.997658065803488
K00692	group	GERD	-0.233943403672011	0.532299834176147	60	58	0.661935723357558	0.997658065803488
K00696	group	GERD	0.0531666417009096	0.118808493899189	60	7	0.656181947121705	0.997658065803488
K00697	group	GERD	-0.0345633547398927	0.374933873831065	60	60	0.926868568646027	0.997658065803488
K00728	group	GERD	0.0232939857266118	0.297716577082534	60	59	0.937904742639415	0.997658065803488
K00761	group	GERD	-0.00421167198214746	0.0173274134168191	60	60	0.808813328529396	0.997658065803488
K00762	group	GERD	0.00949307165565515	0.0188623975179868	60	60	0.616673311834812	0.997658065803488
K00763	group	GERD	0.0224320629390879	0.0462760803927171	60	60	0.62968352584792	0.997658065803488
K00764	group	GERD	0.0114588105971454	0.0201214611870916	60	60	0.571228154527066	0.997658065803488
K00765	group	GERD	0.0440995448975325	0.148848138748517	60	60	0.76808060151378	0.997658065803488
K00772	group	GERD	-0.00981345788042496	0.209449664864643	60	60	0.96279091618101	0.997658065803488
K00773	group	GERD	0.00451879464240076	0.0184311484027866	60	60	0.807188953450917	0.997658065803488
K00786	group	GERD	0.0432178696546384	0.228815214596237	60	60	0.850848797413314	0.997658065803488
K00789	group	GERD	-0.00158859426983855	0.0211225036457773	60	60	0.940307538654012	0.997658065803488
K00795	group	GERD	0.0794839212381367	0.327891616474723	60	60	0.809318309753472	0.997658065803488
K00797	group	GERD	-0.0728684925724572	0.194416737846638	60	60	0.709172024256158	0.997658065803488
K00799	group	GERD	-0.089761867712515	0.259531268868579	60	60	0.730698236133155	0.997658065803488
K00800	group	GERD	0.00592277737317434	0.0166424691571842	60	60	0.723219136291571	0.997658065803488
K00803	group	GERD	0.144950523578112	0.460604557736765	60	58	0.754121622984716	0.997658065803488
K00805	group	GERD	0.0483879002526094	0.151195329665681	60	60	0.750091352628671	0.997658065803488
K00806	group	GERD	0.00204261053294966	0.0190038431821588	60	60	0.914775904219659	0.997658065803488
K00813	group	GERD	0.0344882649644051	0.362881936313585	60	60	0.924610726694058	0.997658065803488
K00818	group	GERD	0.0319337612882406	0.157359794148213	60	60	0.839896322954704	0.997658065803488
K00821	group	GERD	-0.0334253350211018	0.155847894009837	60	60	0.830929654484709	0.997658065803488
K00822	group	GERD	0.0787239186572182	0.321218769208187	60	60	0.807260462036754	0.997658065803488
K00823	group	GERD	-0.0514210132804704	0.251437733336954	60	60	0.838672547690771	0.997658065803488
K00830	group	GERD	0.00947401626157432	0.793325367656789	60	32	0.990512747077086	0.997658065803488
K00832	group	GERD	0.0253460662239049	0.215826924378317	60	60	0.906919503658529	0.997658065803488
K00835	group	GERD	0.038129941465735	0.363395466589222	60	60	0.916795879278133	0.997658065803488
K00836	group	GERD	-0.216915981579119	0.473416076538664	60	60	0.648525863418812	0.997658065803488
K00839	group	GERD	-0.103409898145682	0.396904411288143	60	59	0.795369240042977	0.997658065803488
K00840	group	GERD	-0.443540979051667	0.907693757742606	60	57	0.626934872074362	0.997658065803488
K00845	group	GERD	0.0249004214192528	0.0466219780045985	60	60	0.595319220423153	0.997658065803488
K00849	group	GERD	0.0221381437534554	0.0833484056455562	60	60	0.791481663245175	0.997658065803488
K00852	group	GERD	0.10896715570031	0.193456561520289	60	60	0.575426175952638	0.997658065803488
K00857	group	GERD	0.0468996264451523	0.0902508819258834	60	60	0.605279368900475	0.997658065803488
K00858	group	GERD	0.00155001933481366	0.0190630328356478	60	60	0.935475187187043	0.997658065803488
K00864	group	GERD	0.0150300251673149	0.105471743380984	60	60	0.887176705951684	0.997658065803488
K00865	group	GERD	0.016958691703225	0.071694239056738	60	60	0.813845606394388	0.997658065803488
K00873	group	GERD	-0.00791962589418008	0.0176415880628286	60	60	0.655163713795932	0.997658065803488
K00878	group	GERD	-0.0291444695748712	0.121109969001888	60	60	0.810679122519606	0.997658065803488
K00884	group	GERD	0.0981198419135863	0.380582258005748	60	60	0.797462212916692	0.997658065803488
K00885	group	GERD	0.116548389351933	0.393161094912558	60	60	0.767953558563661	0.997658065803488
K00891	group	GERD	0.0150645827416411	0.0263253712180498	60	60	0.569366994351937	0.997658065803488
K00892	group	GERD	-0.13443133060253	0.928276864494239	60	56	0.885356528251535	0.997658065803488
K00901	group	GERD	-0.0607855011154076	0.152443140186656	60	60	0.691547478859271	0.997658065803488
K00918	group	GERD	0.00951145403883289	0.456365520687688	60	18	0.983443432606244	0.997658065803488
K00927	group	GERD	0.0112182400891737	0.0214089326478269	60	60	0.602276601387254	0.997658065803488
K00928	group	GERD	-0.00282588364475409	0.0273006381761403	60	60	0.917915455592754	0.997658065803488
K00930	group	GERD	-0.0228491807400844	0.12771079595359	60	60	0.858629170997734	0.997658065803488
K00932	group	GERD	-0.112794371886098	1.11299908431978	60	39	0.91962792606143	0.997658065803488
K00936	group	GERD	0.00439508343514367	0.141292569466841	60	60	0.975291592428469	0.997658065803488
K00939	group	GERD	0.00214258205354315	0.0188288891044141	60	60	0.909795449917448	0.997658065803488
K00942	group	GERD	-8.1769552645363e-4	0.0212758448896535	60	60	0.969474396847637	0.997658065803488
K00945	group	GERD	-0.00972469357127537	0.0218901874051106	60	60	0.658515774810875	0.997658065803488
K00954	group	GERD	0.00344844373754933	0.0188093887542471	60	60	0.855173564863158	0.997658065803488
K00955	group	GERD	0.0195672764339255	0.794472283563794	60	39	0.980435211264866	0.997658065803488
K00956	group	GERD	0.00383696849775723	0.241158868652498	60	60	0.987360364437456	0.997658065803488
K00957	group	GERD	0.00263554226544596	0.23561403724079	60	60	0.991113560126802	0.997658065803488
K00962	group	GERD	9.9773180573192e-4	0.0185581705938358	60	60	0.957309221611127	0.997658065803488
K00966	group	GERD	0.197145385589228	0.387143345087743	60	58	0.612522324421826	0.997658065803488
K00969	group	GERD	0.0216778103421191	0.0454870594400481	60	60	0.635458274044227	0.997658065803488
K00980	group	GERD	-0.0201253820079739	0.147297419028501	60	60	0.891795697619634	0.997658065803488
K00983	group	GERD	0.1194880447565	0.226307477159222	60	60	0.599520726601927	0.997658065803488
K00988	group	GERD	-0.130045548610854	0.347707527602105	60	42	0.709761842119983	0.997658065803488
K00990	group	GERD	0.0770003317172542	0.323980874109338	60	60	0.812975120608559	0.997658065803488
K00992	group	GERD	-0.0464024994049627	0.345594687128393	60	60	0.893655056458345	0.997658065803488
K00998	group	GERD	0.0929207823858033	0.379754115142602	60	60	0.807562631373116	0.997658065803488
K01000	group	GERD	0.00164085974189187	0.0190615012633842	60	60	0.931697400366409	0.997658065803488
K01003	group	GERD	-0.154844865221794	0.602305337047557	60	12	0.798021476254707	0.997658065803488
K01008	group	GERD	0.0688101997082708	0.121715975867177	60	60	0.574026961717099	0.997658065803488
K01011	group	GERD	-0.0909367764763239	0.257634370390799	60	60	0.725391774034532	0.997658065803488
K01029	group	GERD	-0.107696313969327	0.244141513189425	60	60	0.660764362313101	0.997658065803488
K01042	group	GERD	0.0338826938133414	0.189928579230033	60	60	0.859032850231585	0.997658065803488
K01053	group	GERD	-0.242280739579371	0.517158895289444	60	58	0.64119438143698	0.997658065803488
K01056	group	GERD	0.00195353668402496	0.0189666571632344	60	60	0.918319487308721	0.997658065803488
K01058	group	GERD	0.0651048708459647	0.285066548223993	60	60	0.820150400956652	0.997658065803488
K01066	group	GERD	0.0964415431467151	0.47089940719811	60	60	0.838443189253893	0.997658065803488
K01069	group	GERD	-0.0154250188056357	0.285251928775195	60	60	0.957061185471518	0.997658065803488
K01070	group	GERD	0.15110707196682	0.317353316985964	60	60	0.635757884034197	0.997658065803488
K01075	group	GERD	-0.0246802305955286	0.407180657211888	60	59	0.951876208869133	0.997658065803488
K01078	group	GERD	-0.191243832820679	0.908307633030682	60	35	0.833976680901113	0.997658065803488
K01083	group	GERD	0.287250964287725	0.561272230529726	60	48	0.610744330639817	0.997658065803488
K01087	group	GERD	-0.0227462425464299	0.378243868355664	60	60	0.952253696047415	0.997658065803488
K01089	group	GERD	-0.043219308445051	0.266555242741885	60	60	0.871759031613575	0.997658065803488
K01095	group	GERD	-0.042786080674557	0.241338989207867	60	60	0.8599012437101	0.997658065803488
K01096	group	GERD	0.0771965971144854	0.378838117456044	60	60	0.839244968558576	0.997658065803488
K01114	group	GERD	0.249818880811729	0.850482160867005	60	55	0.770006731634794	0.997658065803488
K01118	group	GERD	-0.0308451671874201	0.155757474545174	60	60	0.843711471885237	0.997658065803488
K01120	group	GERD	0.195595824798973	0.4941478820584	60	28	0.693686840954963	0.997658065803488
K01133	group	GERD	0.13752127407085	0.51564870257444	60	56	0.790649415482498	0.997658065803488
K01134	group	GERD	-0.0738350605689524	0.391906004179308	60	9	0.851220807361819	0.997658065803488
K01139	group	GERD	0.0621120833820906	0.322859927793291	60	60	0.848115867462799	0.997658065803488
K01141	group	GERD	0.0197372763326619	0.352059349476599	60	60	0.955484816469034	0.997658065803488
K01144	group	GERD	-0.0445458658864589	0.192945756164545	60	60	0.818226341678101	0.997658065803488
K01146	group	GERD	-0.133779152843271	0.928270003924681	60	56	0.88590795571028	0.997658065803488
K01147	group	GERD	-0.015231380026793	0.329586905796754	60	60	0.963298799296927	0.997658065803488
K01150	group	GERD	0.154938392574348	0.924361191680025	60	58	0.867467893244048	0.997658065803488
K01160	group	GERD	0.311617888591898	1.13053387425616	60	56	0.783805940674282	0.997658065803488
K01166	group	GERD	0.0140792458871884	0.452514620470089	60	60	0.975285962504437	0.997658065803488
K01169	group	GERD	-0.17182214962745	1.12376618880014	60	39	0.87900902152419	0.997658065803488
K01174	group	GERD	-0.0708792365948746	0.193789359668084	60	60	0.715879267473738	0.997658065803488
K01175	group	GERD	0.100211824648722	0.382315370333847	60	60	0.794159014899001	0.997658065803488
K01181	group	GERD	0.0528975664804399	0.3472694612655	60	60	0.879459840231316	0.997658065803488
K01183	group	GERD	0.259845600485199	0.526002353074039	60	59	0.623171331438922	0.997658065803488
K01184	group	GERD	0.244957438705309	0.470219023702534	60	19	0.604389595022496	0.997658065803488
K01185	group	GERD	-0.0283521973726599	0.197836858167563	60	60	0.886541313043358	0.997658065803488
K01195	group	GERD	0.0477709998188211	0.38047515797811	60	60	0.900517470446718	0.997658065803488
K01207	group	GERD	-0.0441703800198283	0.197803814364849	60	60	0.824083552085477	0.997658065803488
K01210	group	GERD	-0.133261735502279	0.33108274107039	60	60	0.688793679478977	0.997658065803488
K01243	group	GERD	-0.00119897915212276	0.0220449088203843	60	60	0.956812927667716	0.997658065803488
K01255	group	GERD	-0.0534015194070308	0.169217575867635	60	60	0.75345480265224	0.997658065803488
K01263	group	GERD	-0.101516662404931	0.776491968836846	60	35	0.896435332914124	0.997658065803488
K01267	group	GERD	0.0781927174966254	0.140838740885725	60	60	0.580897560406352	0.997658065803488
K01283	group	GERD	0.205302180665841	0.647325830061616	60	26	0.752265379317571	0.997658065803488
K01297	group	GERD	-0.0384778118688841	0.141699168187382	60	60	0.786935500688431	0.997658065803488
K01304	group	GERD	0.0242572506408698	0.139086394557843	60	60	0.862155169261746	0.997658065803488
K01342	group	GERD	0.162468576066186	0.545421944650124	60	55	0.766861586469917	0.997658065803488
K01347	group	GERD	0.128536292425987	0.478028619681158	60	60	0.788969841765424	0.997658065803488
K01356	group	GERD	-0.0408512059331164	0.0906007304979105	60	60	0.65374812493779	0.997658065803488
K01358	group	GERD	-0.00546303847752815	0.0225443718836353	60	60	0.809384084405017	0.997658065803488
K01387	group	GERD	-0.0787055746517589	0.338504922515091	60	9	0.816960902716307	0.997658065803488
K01406	group	GERD	-0.21090502988787	0.783570379950366	60	32	0.788762524583621	0.997658065803488
K01407	group	GERD	0.0890847853608134	0.374130301295458	60	60	0.812633714155357	0.997658065803488
K01409	group	GERD	0.00875167123836904	0.0253768190898226	60	60	0.731440551426122	0.997658065803488
K01414	group	GERD	-0.0338776475378109	0.333318763425685	60	60	0.91939506385546	0.997658065803488
K01415	group	GERD	-0.112308036260279	0.537743650638281	60	15	0.835296702986963	0.997658065803488
K01419	group	GERD	0.0798451503760116	0.139552171629452	60	60	0.569429638463527	0.997658065803488
K01420	group	GERD	-0.0734143028965381	0.129092280575788	60	60	0.57175781872754	0.997658065803488
K01426	group	GERD	-0.0752543638367916	0.150458127734641	60	60	0.618849185344081	0.997658065803488
K01432	group	GERD	-0.069223078651628	0.514408440763951	60	57	0.893419087364803	0.997658065803488
K01434	group	GERD	0.116360316617159	0.321908654239704	60	60	0.719061624265591	0.997658065803488
K01442	group	GERD	0.0932109800020175	0.240644017620227	60	60	0.699922489676439	0.997658065803488
K01444	group	GERD	0.130631554101418	0.475587476622881	60	60	0.784542677079119	0.997658065803488
K01460	group	GERD	0.119359150900528	0.378502374130755	60	60	0.753630925763039	0.997658065803488
K01464	group	GERD	0.0994406971619847	0.217317009607976	60	60	0.648961198630891	0.997658065803488
K01466	group	GERD	-0.114682923020221	0.331607172692334	60	60	0.73071452076748	0.997658065803488
K01469	group	GERD	-0.226373929047399	0.443676017050748	60	56	0.611831223615592	0.997658065803488
K01470	group	GERD	0.0890741619767988	0.234223006485834	60	60	0.705114609396081	0.997658065803488
K01476	group	GERD	0.0927025658861338	0.278214143167967	60	60	0.740180482750966	0.997658065803488
K01482	group	GERD	-0.32535224951239	0.703203924213003	60	35	0.645331203758395	0.997658065803488
K01483	group	GERD	0.296511462598385	0.60066023592637	60	60	0.62342281887434	0.997658065803488
K01484	group	GERD	0.0771151473980542	0.821900907351221	60	60	0.925571260872575	0.997658065803488
K01485	group	GERD	0.0619115730306335	0.4601313694945	60	60	0.893431971789731	0.997658065803488
K01486	group	GERD	-0.0227266452420177	0.222950526297324	60	60	0.919159215525868	0.997658065803488
K01489	group	GERD	0.0547466983568407	0.0972081880173622	60	60	0.575476232265334	0.997658065803488
K01491	group	GERD	0.0021368291377563	0.0188967887690792	60	60	0.91035844918669	0.997658065803488
K01496	group	GERD	-0.129946295773982	0.283455063433995	60	60	0.648351682314866	0.997658065803488
K01497	group	GERD	-0.0690084510825855	0.26219438052313	60	60	0.793332455359586	0.997658065803488
K01501	group	GERD	0.0968738100335056	0.347472923704334	60	60	0.781393581736869	0.997658065803488
K01507	group	GERD	-0.0969310885497588	0.181675082674333	60	60	0.595698040329992	0.997658065803488
K01521	group	GERD	0.25531678936271	0.851813760759631	60	58	0.765452303586139	0.997658065803488
K01523	group	GERD	-0.134622805535319	0.28050341699346	60	60	0.633080165529589	0.997658065803488
K01525	group	GERD	-0.0354109484422996	0.332841381445575	60	60	0.9156401655651	0.997658065803488
K01545	group	GERD	-0.0382282472661602	0.440286721341906	60	18	0.931109042586407	0.997658065803488
K01546	group	GERD	0.0328874777945559	0.241800773905439	60	60	0.892283847270122	0.997658065803488
K01547	group	GERD	0.0369563902608376	0.243796432894094	60	60	0.880038661950217	0.997658065803488
K01548	group	GERD	0.0517994298890355	0.239836149845837	60	60	0.829762360651336	0.997658065803488
K01555	group	GERD	-0.00401020117325876	0.295797869885596	60	60	0.989229750112865	0.997658065803488
K01556	group	GERD	-0.184953561020245	0.34627019177827	60	60	0.595292516440578	0.997658065803488
K01560	group	GERD	-0.102722494037883	0.193314488526839	60	60	0.597188181842965	0.997658065803488
K01561	group	GERD	0.0519767819906606	0.41163858957804	60	60	0.899956487192297	0.997658065803488
K01563	group	GERD	-0.229639488967815	0.578827084575616	60	20	0.693020796216119	0.997658065803488
K01574	group	GERD	0.231606668777338	0.463455994768607	60	15	0.619150060380234	0.997658065803488
K01583	group	GERD	-0.0791719121307808	0.613920348836455	60	17	0.897834505971191	0.997658065803488
K01588	group	GERD	0.00425996900500111	0.0179903214024242	60	60	0.813652286701557	0.997658065803488
K01591	group	GERD	0.0115034069800238	0.0204796297769617	60	60	0.576484645623689	0.997658065803488
K01601	group	GERD	0.137280840399314	0.337477379338105	60	60	0.685662934725553	0.997658065803488
K01602	group	GERD	0.105442618841718	0.448008769288835	60	16	0.814759619598996	0.997658065803488
K01608	group	GERD	0.498001874589123	1.06251308494069	60	36	0.641039647113649	0.997658065803488
K01611	group	GERD	-0.0332943909379669	0.160663962530656	60	60	0.836556111855952	0.997658065803488
K01616	group	GERD	-0.0519022285801074	0.364348452938109	60	58	0.887216562058781	0.997658065803488
K01619	group	GERD	0.0510992995508216	0.0985791464993058	60	60	0.606180395150491	0.997658065803488
K01624	group	GERD	0.00694952603601695	0.0340747301974914	60	60	0.839106851660824	0.997658065803488
K01625	group	GERD	-0.0126986936945074	0.129687108456936	60	60	0.922335067851916	0.997658065803488
K01639	group	GERD	-0.0185690247552451	0.111643462695687	60	60	0.868480180230843	0.997658065803488
K01640	group	GERD	0.0989965493933195	0.242387699440448	60	60	0.684467637270625	0.997658065803488
K01647	group	GERD	0.00923108666125109	0.134042303536623	60	60	0.945332393742145	0.997658065803488
K01657	group	GERD	-0.029550857294521	0.103160547890195	60	60	0.775550396019617	0.997658065803488
K01658	group	GERD	0.0118582775931421	0.0368393485608104	60	60	0.748692099049174	0.997658065803488
K01659	group	GERD	-0.0556523656908739	0.319732337471211	60	60	0.862425026639665	0.997658065803488
K01671	group	GERD	-0.100818403045195	1.12124494816461	60	36	0.928663374563809	0.997658065803488
K01682	group	GERD	0.135154603089685	0.321943263424744	60	60	0.676176220289889	0.997658065803488
K01683	group	GERD	-0.0640837596405652	0.463143657969396	60	10	0.890429727589664	0.997658065803488
K01689	group	GERD	0.00524080422559822	0.0199554291499317	60	60	0.793769876501743	0.997658065803488
K01690	group	GERD	-0.0144272273634172	0.329642344290399	60	60	0.965241017189763	0.997658065803488
K01692	group	GERD	0.00587309968818815	0.269017607350398	60	60	0.982657177892341	0.997658065803488
K01693	group	GERD	0.0644036592743672	0.143915525293021	60	60	0.656173695898222	0.997658065803488
K01695	group	GERD	-0.0271563959574883	0.0992915725694615	60	60	0.785439323326081	0.997658065803488
K01699	group	GERD	0.101556170972386	0.387812850264166	60	60	0.794350204714925	0.997658065803488
K01707	group	GERD	-0.0788930115131564	0.451221265741948	60	58	0.861811694411278	0.997658065803488
K01710	group	GERD	0.0151456455957132	0.0270711463997764	60	60	0.577991402906349	0.997658065803488
K01714	group	GERD	0.0195064025567066	0.0397383998653114	60	60	0.625370332610541	0.997658065803488
K01716	group	GERD	0.0376943254523747	0.352527007851305	60	60	0.915216635135012	0.997658065803488
K01719	group	GERD	0.0321764145373409	0.0639267461209038	60	60	0.61663673045955	0.997658065803488
K01721	group	GERD	-0.0158057569641886	0.443929915249645	60	17	0.971720237776425	0.997658065803488
K01724	group	GERD	0.021342602554936	0.299524101437836	60	60	0.943439909648165	0.997658065803488
K01725	group	GERD	0.30784480970531	0.709806028465464	60	47	0.666113261077706	0.997658065803488
K01730	group	GERD	-0.404610975159229	0.785047710092846	60	34	0.608234828493415	0.997658065803488
K01732	group	GERD	-0.0621184936754411	0.405333904306572	60	15	0.878730990681136	0.997658065803488
K01734	group	GERD	0.0408863556392643	0.143682428229763	60	60	0.776994358776628	0.997658065803488
K01735	group	GERD	-0.00646143371876318	0.0291083524265706	60	60	0.825110240207008	0.997658065803488
K01736	group	GERD	0.00559867296884369	0.0175298012768428	60	60	0.750585677114604	0.997658065803488
K01737	group	GERD	-0.0406763830263465	0.0873926154516049	60	60	0.643356410326913	0.997658065803488
K01738	group	GERD	0.00939788343620711	0.0288028430025971	60	60	0.745384539517062	0.997658065803488
K01752	group	GERD	0.030186883702441	0.0858465853908149	60	60	0.726384406088374	0.997658065803488
K01756	group	GERD	0.00275694453661355	0.0179543133855018	60	60	0.878494956702837	0.997658065803488
K01758	group	GERD	0.372362983194831	0.678217905766736	60	55	0.585091431146399	0.997658065803488
K01766	group	GERD	0.0661542510730144	0.367962014387254	60	60	0.857947582839708	0.997658065803488
K01775	group	GERD	0.00687796822697277	0.0263648726812495	60	60	0.795112020675408	0.997658065803488
K01776	group	GERD	0.00691593587823192	0.0202953383688844	60	60	0.734511971035546	0.997658065803488
K01777	group	GERD	-0.104785814599427	0.322913577978884	60	60	0.746726155132878	0.997658065803488
K01778	group	GERD	0.0183251153525492	0.0891543753713656	60	60	0.837867128457191	0.997658065803488
K01779	group	GERD	-0.0808620844217673	0.164363151989686	60	60	0.624596025272325	0.997658065803488
K01782	group	GERD	-0.083068680167137	0.32790994542104	60	60	0.80091077253669	0.997658065803488
K01783	group	GERD	0.00485484883531664	0.019515794488655	60	60	0.80442125868587	0.997658065803488
K01795	group	GERD	-0.250694381586074	0.58318974166827	60	12	0.668884855898097	0.997658065803488
K01796	group	GERD	0.10406686900062	0.66828178043322	60	27	0.876792056887998	0.997658065803488
K01799	group	GERD	0.177589747904461	0.525301587737356	60	55	0.736529615414753	0.997658065803488
K01801	group	GERD	-0.0729262839805246	0.297106893364458	60	60	0.806970839398411	0.997658065803488
K01803	group	GERD	0.00346289526446229	0.0209009644074242	60	60	0.868984071435079	0.997658065803488
K01805	group	GERD	0.0656302034238146	0.204137429414178	60	60	0.748987210462354	0.997658065803488
K01814	group	GERD	-0.0308046905388602	0.116781708614006	60	60	0.792884328780354	0.997658065803488
K01816	group	GERD	-0.01223009571161	0.243954037244889	60	60	0.960188822747769	0.997658065803488
K01820	group	GERD	0.143160065840009	0.530200308636291	60	22	0.78810999186928	0.997658065803488
K01825	group	GERD	0.266795000466903	0.790249024016404	60	60	0.736876879546985	0.997658065803488
K01829	group	GERD	0.0353087582175281	0.41615040791194	60	12	0.932675902924833	0.997658065803488
K01835	group	GERD	0.00994628897184923	0.0477124481510196	60	60	0.835597677614877	0.997658065803488
K01848	group	GERD	0.138028449289032	0.314463023724492	60	60	0.66234035960124	0.997658065803488
K01849	group	GERD	0.115176020749764	0.318112424505056	60	60	0.718622486374616	0.997658065803488
K01854	group	GERD	-0.011563211419748	0.123673775254981	60	60	0.925830424999199	0.997658065803488
K01857	group	GERD	-0.0845528877917027	0.272223526038342	60	60	0.757217461621969	0.997658065803488
K01866	group	GERD	0.00218410516930293	0.0189029500799387	60	60	0.908413780812119	0.997658065803488
K01867	group	GERD	0.00386518768939858	0.0186832757214719	60	60	0.836828514416365	0.997658065803488
K01868	group	GERD	0.00126225875901202	0.0192202440649365	60	60	0.947863698138585	0.997658065803488
K01870	group	GERD	0.00510438531269661	0.0192354973361291	60	60	0.791670903674745	0.997658065803488
K01872	group	GERD	5.1734903907756e-4	0.0256411534208645	60	60	0.983971816297654	0.997658065803488
K01873	group	GERD	0.00179101780868907	0.0190444221102196	60	60	0.925398164929114	0.997658065803488
K01874	group	GERD	0.00366169549655752	0.0202963307335707	60	60	0.857458270064257	0.997658065803488
K01875	group	GERD	-0.00780704230394199	0.0202650525656916	60	60	0.70146397781086	0.997658065803488
K01881	group	GERD	0.00224498047744574	0.0189260896541078	60	60	0.905987644850527	0.997658065803488
K01883	group	GERD	0.00158795647530636	0.0190619980343803	60	60	0.933896012790105	0.997658065803488
K01887	group	GERD	0.0022107348616888	0.0200722731771942	60	60	0.912679561093988	0.997658065803488
K01889	group	GERD	0.002205834243464	0.0188882425340192	60	60	0.907435103649951	0.997658065803488
K01890	group	GERD	0.0018413318430379	0.0189933966406443	60	60	0.923103587293595	0.997658065803488
K01892	group	GERD	0.00228785314720041	0.0188794719005561	60	60	0.903965697349222	0.997658065803488
K01894	group	GERD	0.0687637027647217	0.319858614295856	60	60	0.830535836085862	0.997658065803488
K01905	group	GERD	-0.0559263574986966	0.395121975955909	60	32	0.887932269161562	0.997658065803488
K01907	group	GERD	-0.224848952748999	0.446392027328535	60	58	0.616378063847832	0.997658065803488
K01920	group	GERD	-0.0428097191398017	0.321716827638059	60	60	0.894601427244738	0.997658065803488
K01921	group	GERD	-6.3426089076e-4	0.0184030219335079	60	60	0.972624659409096	0.997658065803488
K01923	group	GERD	0.00215747684236317	0.0184786136146814	60	60	0.907457285088294	0.997658065803488
K01924	group	GERD	0.00255530165968961	0.0191872656903229	60	60	0.894514429486926	0.997658065803488
K01925	group	GERD	0.00185122820199164	0.0189491673935923	60	60	0.922511765367132	0.997658065803488
K01928	group	GERD	0.00159948456717276	0.0210063166959233	60	60	0.93956735123094	0.997658065803488
K01929	group	GERD	-0.00533666910587809	0.0324776366982864	60	60	0.870051907787209	0.997658065803488
K01933	group	GERD	0.00348979125340327	0.0182018007080978	60	60	0.848625082209318	0.997658065803488
K01939	group	GERD	0.00336846380555678	0.018359552818364	60	60	0.855067588664633	0.997658065803488
K01945	group	GERD	-0.0063837728986765	0.0193423503290173	60	60	0.742557950739954	0.997658065803488
K01947	group	GERD	0.0337339059579956	0.389918501349333	60	60	0.931354801070102	0.997658065803488
K01951	group	GERD	0.00787070863261695	0.0225807580881295	60	60	0.728683099673859	0.997658065803488
K01952	group	GERD	0.0140613054426069	0.030945107599626	60	60	0.651240518111919	0.997658065803488
K01956	group	GERD	0.0106012248308996	0.0213175845487013	60	60	0.620857885792501	0.997658065803488
K01958	group	GERD	-0.0917409276673598	0.270167628905587	60	60	0.735406650476311	0.997658065803488
K01965	group	GERD	-0.10062782770565	0.48851912408002	60	57	0.837523616961801	0.997658065803488
K01968	group	GERD	-0.192511080956808	0.439414139089186	60	60	0.662935004534275	0.997658065803488
K01969	group	GERD	-0.230533050389202	0.433015476584706	60	60	0.59648975531826	0.997658065803488
K01971	group	GERD	0.0926207409956645	0.420280162825795	60	60	0.826350227949014	0.997658065803488
K01972	group	GERD	0.00453764800595524	0.019498064885817	60	60	0.816795813869206	0.997658065803488
K01990	group	GERD	-0.0543971295033661	0.113950120214784	60	60	0.634887966604237	0.997658065803488
K01992	group	GERD	-0.0322500417984773	0.0895245476663087	60	60	0.719978572711344	0.997658065803488
K01994	group	GERD	-0.194320157564004	0.664711816910589	60	25	0.771071843134066	0.997658065803488
K01995	group	GERD	0.0103746602782029	0.107759236829098	60	60	0.923633032550341	0.997658065803488
K01996	group	GERD	0.00997233605116596	0.107030085126804	60	60	0.926087067918922	0.997658065803488
K01997	group	GERD	0.0119643266778166	0.109291238011986	60	60	0.913206042921354	0.997658065803488
K01998	group	GERD	0.0112855314236494	0.106465278614707	60	60	0.915946548678039	0.997658065803488
K01999	group	GERD	0.0374303806973562	0.10009988797215	60	60	0.709819663602074	0.997658065803488
K02000	group	GERD	-0.022081360704437	0.265507137154752	60	60	0.934005338632605	0.997658065803488
K02001	group	GERD	-0.0670313090437056	0.458812298460474	60	60	0.884351051058222	0.997658065803488
K02002	group	GERD	-0.0487806806976602	0.288582166242861	60	60	0.866356728284599	0.997658065803488
K02005	group	GERD	0.0218263448471141	0.12513149808477	60	60	0.862137123156287	0.997658065803488
K02012	group	GERD	-0.082948909145064	0.156947538832501	60	60	0.599159545514413	0.997658065803488
K02022	group	GERD	-0.0874406597245901	0.391877805221072	60	58	0.824216410118362	0.997658065803488
K02025	group	GERD	0.0022340527386127	0.181927872988312	60	60	0.990244460956491	0.997658065803488
K02026	group	GERD	-0.076124078188707	0.187472266227646	60	60	0.686196337239847	0.997658065803488
K02027	group	GERD	-0.0783390070266555	0.183742314639018	60	60	0.671429215624332	0.997658065803488
K02035	group	GERD	-0.0488736049661762	0.106818930916854	60	60	0.648994533929036	0.997658065803488
K02037	group	GERD	-0.0378294939862802	0.190758288935388	60	60	0.84349510641674	0.997658065803488
K02038	group	GERD	-0.0316866454782372	0.1889475766664	60	60	0.867402104137936	0.997658065803488
K02039	group	GERD	-0.082358082223534	0.193432629360896	60	60	0.671850260629453	0.997658065803488
K02043	group	GERD	0.490005303814461	0.929643149971374	60	55	0.600141676299913	0.997658065803488
K02045	group	GERD	0.00764822127500268	0.268248251383795	60	60	0.977351894057233	0.997658065803488
K02046	group	GERD	0.018603342798132	0.284576720556242	60	60	0.94810264158929	0.997658065803488
K02047	group	GERD	0.0191357553900135	0.284615811593894	60	60	0.946626945658827	0.997658065803488
K02048	group	GERD	0.022959527407916	0.269816699047992	60	60	0.932480463621625	0.997658065803488
K02055	group	GERD	-0.0511975601747623	0.311910155425657	60	60	0.870190030558506	0.997658065803488
K02056	group	GERD	0.0172462756768735	0.128906488058003	60	60	0.894032542264443	0.997658065803488
K02057	group	GERD	-0.00728440412879461	0.128920797520916	60	60	0.955135355860727	0.997658065803488
K02062	group	GERD	0.0102510901919953	0.308602167439123	60	60	0.973614942868263	0.997658065803488
K02063	group	GERD	-0.0197547186975434	0.321922774004544	60	60	0.951279677472509	0.997658065803488
K02064	group	GERD	-0.127574700992046	0.263098637066429	60	60	0.629578590962566	0.997658065803488
K02068	group	GERD	0.0139613831167081	0.283174536959034	60	60	0.96084713992491	0.997658065803488
K02069	group	GERD	0.0434382466190616	0.183967546736057	60	60	0.814172120561814	0.997658065803488
K02078	group	GERD	-0.0246092624531943	0.0454135332719287	60	60	0.589968264186884	0.997658065803488
K02079	group	GERD	0.023811661663931	1.10946395501999	60	37	0.982950533814853	0.997658065803488
K02083	group	GERD	0.198979167343644	0.399749762185353	60	60	0.620535736291588	0.997658065803488
K02099	group	GERD	0.421421214138081	0.944791204697845	60	58	0.657224118004829	0.997658065803488
K02100	group	GERD	-0.0250939380634318	1.12885443392305	60	42	0.982341138904184	0.997658065803488
K02121	group	GERD	0.0905029657521813	0.160769582699741	60	60	0.575648263576932	0.997658065803488
K02167	group	GERD	-0.356503464599634	0.893615580166683	60	59	0.691398814559817	0.997658065803488
K02168	group	GERD	0.0380373707759984	0.306036742903775	60	60	0.901515258513918	0.997658065803488
K02170	group	GERD	-0.013223083037683	0.340587030273423	60	60	0.969163729881619	0.997658065803488
K02172	group	GERD	0.433192155824169	0.864738633014159	60	35	0.618301134209481	0.997658065803488
K02182	group	GERD	0.199286855640359	0.750220755346554	60	51	0.791460252187397	0.997658065803488
K02192	group	GERD	-0.0432668764988257	0.315270855122453	60	60	0.89131864066655	0.997658065803488
K02193	group	GERD	0.0243573970911491	0.299784097921151	60	60	0.935523026975741	0.997658065803488
K02194	group	GERD	0.0218945742994165	0.299079398040006	60	60	0.941893628395079	0.997658065803488
K02195	group	GERD	0.0260141106457575	0.299117753103283	60	60	0.930995346638939	0.997658065803488
K02196	group	GERD	0.0357715808851186	0.358470820609287	60	60	0.92085566286297	0.997658065803488
K02197	group	GERD	0.0262949972751101	0.299094223224317	60	60	0.930246737867205	0.997658065803488
K02198	group	GERD	0.0243094835366437	0.300343437831948	60	60	0.935769152942699	0.997658065803488
K02199	group	GERD	0.00566477798507991	0.382397130992852	60	60	0.988231521842742	0.997658065803488
K02200	group	GERD	-0.0192776443963133	0.371869347855914	60	60	0.958834447869019	0.997658065803488
K02204	group	GERD	0.0937628466114195	0.289601892347098	60	60	0.747280843396749	0.997658065803488
K02225	group	GERD	0.117165306805293	0.350276263953281	60	60	0.739213421346357	0.997658065803488
K02229	group	GERD	-0.0624261495605145	0.49356246996236	60	59	0.899788838477231	0.997658065803488
K02230	group	GERD	0.039065333689004	0.165100098960327	60	60	0.813788350204301	0.997658065803488
K02234	group	GERD	-0.00957266510967634	0.77353033283208406	60	37	0.990168666325929	0.997658065803488
K02238	group	GERD	-0.00152850608035559	0.029584507291012	60	60	0.958972550645386	0.997658065803488
K02255	group	GERD	-0.114824636863897	1.11329964788367	60	39	0.918208427641583	0.997658065803488
K02258	group	GERD	-0.121766472762266	0.501925412839885	60	58	0.809172109649724	0.997658065803488
K02279	group	GERD	0.12161246070742	0.223915735325912	60	60	0.589130472055957	0.997658065803488
K02282	group	GERD	0.190317805708482	0.340373323458772	60	60	0.578215973636437	0.997658065803488
K02283	group	GERD	-0.0953186925940616	0.197637469571972	60	60	0.631414697126329	0.997658065803488
K02291	group	GERD	-0.0204277733638893	0.320799255869568	60	60	0.949445781436321	0.997658065803488
K02299	group	GERD	0.12239697994174	0.239797342550763	60	60	0.611695540326925	0.997658065803488
K02302	group	GERD	-0.038667248661135	0.291352997577852	60	60	0.894877241804869	0.997658065803488
K02305	group	GERD	-0.233353288460727	0.504781050801304	60	11	0.645605677415928	0.997658065803488
K02313	group	GERD	-0.00402879813471826	0.0306752267015655	60	60	0.895963092298446	0.997658065803488
K02314	group	GERD	0.00586853240150869	0.0194549423187942	60	60	0.763999807737663	0.997658065803488
K02316	group	GERD	0.00207371940023183	0.018848216533728	60	60	0.912771696577761	0.997658065803488
K02317	group	GERD	-0.116228137914495	1.11303352188419	60	39	0.917192634773666	0.997658065803488
K02334	group	GERD	0.0229559328798632	0.140575562767567	60	60	0.870850227920335	0.997658065803488
K02335	group	GERD	-0.0106751248747506	0.0208197942032278	60	60	0.610081089129141	0.997658065803488
K02336	group	GERD	0.464837327023175	0.892221306015292	60	59	0.60435806645606	0.997658065803488
K02337	group	GERD	0.00256522230535463	0.0189992026932822	60	60	0.893065620874182	0.997658065803488
K02338	group	GERD	0.00952968076605668	0.0199044800269505	60	60	0.633901833472422	0.997658065803488
K02339	group	GERD	-0.0710849608056504	0.321262026822458	60	60	0.825661029014633	0.997658065803488
K02340	group	GERD	0.00602786154534093	0.0174459603339599	60	60	0.73095639797683	0.997658065803488
K02341	group	GERD	0.0039811005355131	0.0185116563721117	60	60	0.83047564683941	0.997658065803488
K02343	group	GERD	0.00414799571621498	0.019785479601472	60	60	0.834676711409743	0.997658065803488
K02344	group	GERD	0.111536008408262	0.385538656014143	60	60	0.773384063847338	0.997658065803488
K02345	group	GERD	0.0861595515670672	0.858625505320412	60	56	0.920415777394143	0.997658065803488
K02348	group	GERD	-0.0379473505189963	0.185665297704467	60	60	0.838767542510249	0.997658065803488
K02352	group	GERD	-0.225042306199052	0.619295183099888	60	15	0.717638778474425	0.997658065803488
K02356	group	GERD	0.00635461241801989	0.0197138522631393	60	60	0.748352294083435	0.997658065803488
K02357	group	GERD	0.00221770375643662	0.0188805034589305	60	60	0.906901365414423	0.997658065803488
K02362	group	GERD	-0.160888225150207	1.1545804661859	60	42	0.889658080516467	0.997658065803488
K02371	group	GERD	-0.0718668155375985	0.158334837700528	60	60	0.651600929593363	0.997658065803488
K02380	group	GERD	0.092520823692647	0.327981261344716	60	60	0.778877279336899	0.997658065803488
K02381	group	GERD	0.261999160778799	0.460186355537299	60	60	0.571328771617377	0.997658065803488
K02399	group	GERD	0.495014700551444	0.890716361789238	60	59	0.580520028572606	0.997658065803488
K02425	group	GERD	0.0210936685927428	0.966009256974528	60	55	0.982653817179997	0.997658065803488
K02427	group	GERD	-0.0778625872170971	0.306887695976701	60	60	0.800611548310633	0.997658065803488
K02438	group	GERD	0.054148384903671	0.155607660826233	60	60	0.729114857181288	0.997658065803488
K02439	group	GERD	0.0403828486541703	0.35862588457100403	60	60	0.910733036339577	0.997658065803488
K02441	group	GERD	0.0762793868564162	0.295437686896401	60	60	0.797173400700874	0.997658065803488
K02444	group	GERD	-0.0345691367680228	0.212896443369962	60	60	0.871574656968334	0.997658065803488
K02445	group	GERD	-0.0812675903270041	0.189680529540474	60	60	0.669914463841464	0.997658065803488
K02446	group	GERD	-0.0293745672528483	0.154661670002723	60	60	0.850028781909062	0.997658065803488
K02448	group	GERD	-0.239786911320348	0.519963322577252	60	11	0.646407715530521	0.997658065803488
K02450	group	GERD	0.443303350793902	1.08021114122959	60	44	0.683035023455788	0.997658065803488
K02452	group	GERD	0.241767390128741	0.517637859116272	60	60	0.642207595130445	0.997658065803488
K02459	group	GERD	0.206179419959903	0.429793312132864	60	60	0.633232306639111	0.997658065803488
K02462	group	GERD	0.136273795703372	0.243792829813506	60	60	0.578331597116657	0.997658065803488
K02463	group	GERD	-0.0431264625792509	0.313545978338953	60	60	0.891076961573542	0.997658065803488
K02464	group	GERD	0.491780128637291	1.01368343596053	60	27	0.629403269041946	0.997658065803488
K02465	group	GERD	-0.141344047854955	0.537732114860289	60	39	0.793596002176084	0.997658065803488
K02466	group	GERD	0.339940998840014	0.740538092947011	60	58	0.64791695344124	0.997658065803488
K02467	group	GERD	0.510728058256075	0.898781164842261	60	55	0.572062038004142	0.997658065803488
K02469	group	GERD	-0.00456552668463071	0.0240793820625765	60	60	0.850282104967924	0.997658065803488
K02470	group	GERD	-0.00398703035169882	0.0239159419864876	60	60	0.868177957724577	0.997658065803488
K02471	group	GERD	0.0473876262741071	0.322652700788842	60	60	0.883744876356248	0.997658065803488
K02472	group	GERD	0.113637051667376	0.302699386492719	60	60	0.708723371731963	0.997658065803488
K02475	group	GERD	-0.329134227797924	0.886336960242584	60	29	0.711735813390399	0.997658065803488
K02476	group	GERD	-0.228855999266403	0.891213006912195	60	32	0.798248416496804	0.997658065803488
K02479	group	GERD	-0.178769505882922	0.462356026551942	60	12	0.700431000341103	0.997658065803488
K02480	group	GERD	0.0330080297122335	0.521918825526735	60	22	0.9497899773549	0.997658065803488
K02483	group	GERD	-0.0925600413330333	0.22208798486928	60	60	0.678383698328138	0.997658065803488
K02484	group	GERD	-0.00387149865891699	0.194355911782473	60	60	0.984175851930028	0.997658065803488
K02485	group	GERD	0.497707023124728	0.87322884425451	60	58	0.570904904085376	0.997658065803488
K02488	group	GERD	-0.340083664731763	0.821323837054445	60	38	0.680351820825065	0.997658065803488
K02490	group	GERD	-0.117032855526865	0.287360672287161	60	59	0.685310281758801	0.997658065803488
K02493	group	GERD	0.00477439481588127	0.0187350952149406	60	60	0.7997504610269	0.997658065803488
K02494	group	GERD	-0.0295158597627824	0.335033284558535	60	60	0.930102034690012	0.997658065803488
K02498	group	GERD	-0.0241422259517053	0.334863281687521	60	60	0.942773734481039	0.997658065803488
K02500	group	GERD	0.0274819927335256	0.143325213688544	60	60	0.848611130660939	0.997658065803488
K02501	group	GERD	-0.0178861935390406	0.126270277795209	60	60	0.88784729001733	0.997658065803488
K02502	group	GERD	-0.0537267767436703	0.156381904555954	60	60	0.732418522677842	0.997658065803488
K02503	group	GERD	0.00595022030402399	0.0177274284469324	60	60	0.738345578117311	0.997658065803488
K02504	group	GERD	0.122841684707651	0.390233354418609	60	60	0.754050548030794	0.997658065803488
K02505	group	GERD	0.122841684707651	0.390233354418609	60	60	0.754050548030794	0.997658065803488
K02506	group	GERD	0.0581229715367612	0.457295246669814	60	60	0.899299591308791	0.997658065803488
K02507	group	GERD	0.0667849531063005	0.262087423701034	60	60	0.799763983357565	0.997658065803488
K02508	group	GERD	0.111097124890891	0.719354770272655	60	40	0.877799008039208	0.997658065803488
K02511	group	GERD	0.266775788984414	0.696268187572607	60	40	0.703008621505516	0.997658065803488
K02518	group	GERD	0.00233957538844346	0.0188133430339343	60	60	0.901462423692338	0.997658065803488
K02519	group	GERD	0.00271815889235843	0.0201891301428964	60	60	0.893366778608112	0.997658065803488
K02520	group	GERD	0.00193751625161571	0.0189455503888768	60	60	0.918897015750193	0.997658065803488
K02521	group	GERD	0.0583334525801014	0.368172166594682	60	60	0.874659930901603	0.997658065803488
K02526	group	GERD	0.0826744658932451	0.35065020511669	60	60	0.814438032513614	0.997658065803488
K02528	group	GERD	0.0020213222050888	0.0189467208532325	60	60	0.915407404482614	0.997658065803488
K02532	group	GERD	0.0995110409318371	0.347355806243505	60	60	0.775530159324125	0.997658065803488
K02533	group	GERD	-0.0774540828002487	0.302080869388632	60	60	0.798547877796801	0.997658065803488
K02535	group	GERD	0.0698459240835416	0.187041975353427	60	60	0.710194500201339	0.997658065803488
K02538	group	GERD	0.0257930113408293	1.12396847702511	60	28	0.981770391593977	0.997658065803488
K02548	group	GERD	-0.0198927671101176	0.0591515965644178	60	60	0.737857267452219	0.997658065803488
K02554	group	GERD	-0.35451008526104	0.762389722465711	60	36	0.643673621918671	0.997658065803488
K02558	group	GERD	-0.090789247558088	0.29442160006474	60	60	0.758909607532965	0.997658065803488
K02560	group	GERD	0.0995009951369937	0.38136809777478903	60	60	0.795089625941177	0.997658065803488
K02562	group	GERD	0.342688046885702	0.87389398484904	60	58	0.696392679420693	0.997658065803488
K02563	group	GERD	0.00218062089776495	0.018891797024728	60	60	0.908505488365138	0.997658065803488
K02575	group	GERD	-0.0817204014909882	0.200985511211923	60	60	0.685799409880233	0.997658065803488
K02584	group	GERD	0.157564105873935	0.307302656638556	60	60	0.610085650383287	0.997658065803488
K02592	group	GERD	-0.107484224396964	0.312457683602214	60	59	0.732093257472367	0.997658065803488
K02593	group	GERD	0.2234851079334	0.403046206922787	60	17	0.58137545006538	0.997658065803488
K02595	group	GERD	0.2234851079334	0.403046206922787	60	17	0.58137545006538	0.997658065803488
K02597	group	GERD	0.123485107933401	0.442327575294994	60	17	0.781106533592067	0.997658065803488
K02598	group	GERD	0.0230503419130466	0.214267095302204	60	60	0.914702032254124	0.997658065803488
K02600	group	GERD	0.00181706641081529	0.0190085639571813	60	60	0.924174145369176	0.997658065803488
K02601	group	GERD	0.00444961642571672	0.0195931867125267	60	60	0.821144415463362	0.997658065803488
K02609	group	GERD	-0.0171758834869774	0.454637925727126	60	57	0.969993417247921	0.997658065803488
K02613	group	GERD	-0.0760689005070077	0.288864074783017	60	60	0.793223335707706	0.997658065803488
K02616	group	GERD	-0.260377972017808	0.493627908332447	60	53	0.599873606306384	0.997658065803488
K02623	group	GERD	-0.352045017995944	0.733573786388007	60	22	0.633100536768773	0.997658065803488
K02624	group	GERD	-0.114310397122766	0.33642012829294	60	60	0.735246121530015	0.997658065803488
K02626	group	GERD	-0.0910119712205092	0.264534953033967	60	60	0.732056553115237	0.997658065803488
K02652	group	GERD	-0.0569600311827752	0.110382238736875	60	60	0.607798442293071	0.997658065803488
K02653	group	GERD	-0.0397890872461628	0.102795181108466	60	60	0.700119915941496	0.997658065803488
K02654	group	GERD	0.0185562460180741	0.109437213226348	60	60	0.865945686024573	0.997658065803488
K02655	group	GERD	0.0855849410937213	0.363526544328563	60	60	0.81470454307703	0.997658065803488
K02656	group	GERD	-0.0261444706311558	0.359249596820937	60	60	0.942235376698235	0.997658065803488
K02657	group	GERD	0.0165717881743769	0.320687766914045	60	60	0.958964607484419	0.997658065803488
K02658	group	GERD	0.027855893145109	0.322155349549141	60	60	0.931392794217973	0.997658065803488
K02659	group	GERD	-0.0294500861643678	0.322913044130332	60	60	0.927646904855436	0.997658065803488
K02660	group	GERD	0.0384977716954183	0.318968700214665	60	60	0.90435015449338	0.997658065803488
K02661	group	GERD	-0.0379714091138067	0.358861147215504	60	11	0.916097523454566	0.997658065803488
K02662	group	GERD	-0.0593827587687281	0.301485712498576	60	60	0.844541906293445	0.997658065803488
K02663	group	GERD	-0.0276530465647053	0.353058328029148	60	60	0.937839682777589	0.997658065803488
K02664	group	GERD	-0.0206957793066164	0.348410540149769	60	60	0.952837267143437	0.997658065803488
K02665	group	GERD	-0.0281967325255943	0.354270474086428	60	60	0.936836555005658	0.997658065803488
K02666	group	GERD	-0.0747344094260928	0.291762337198211	60	60	0.798742714915835	0.997658065803488
K02667	group	GERD	-0.0230705289581331	0.35696321714605	60	60	0.948690850333767	0.997658065803488
K02668	group	GERD	-0.0218789015055841	0.357710149659581	60	60	0.951439061788973	0.997658065803488
K02669	group	GERD	0.0621783154453576	0.109684281456892	60	60	0.572980103328286	0.997658065803488
K02670	group	GERD	-0.0382702795122459	0.355187601416248	60	60	0.914568515004045	0.997658065803488
K02672	group	GERD	-0.0266684233876997	0.355325226671403	60	60	0.940430369997117	0.997658065803488
K02673	group	GERD	-0.0250717208077252	0.361565118572222	60	60	0.944955757881646	0.997658065803488
K02674	group	GERD	-0.042540916648056	0.302835090532602	60	60	0.888771019386667	0.997658065803488
K02676	group	GERD	-0.0244198311561538	0.356968744459501	60	60	0.945695451857268	0.997658065803488
K02679	group	GERD	0.122841684707651	0.390233354418609	60	60	0.754050548030794	0.997658065803488
K02680	group	GERD	0.121264872449536	0.38945150283507	60	60	0.756633158662803	0.997658065803488
K02681	group	GERD	0.122841684707651	0.390233354418609	60	60	0.754050548030794	0.997658065803488
K02682	group	GERD	0.123134011121016	0.390358090693557	60	60	0.753560865621234	0.997658065803488
K02686	group	GERD	-0.0132487587227844	0.345224802505774	60	60	0.969518736544449	0.997658065803488
K02742	group	GERD	0.0577753468166894	0.36587833453262403	60	60	0.875077284258499	0.997658065803488
K02744	group	GERD	-0.0773474413675856	0.268106250611625	60	60	0.773996030204542	0.997658065803488
K02746	group	GERD	0.123928793034237	0.331728282186825	60	60	0.710075007309125	0.997658065803488
K02747	group	GERD	0.173877048308775	0.34756221341376897	60	60	0.618773695089886	0.997658065803488
K02750	group	GERD	-0.0650359255789793	0.162378219060097	60	60	0.690244180378235	0.997658065803488
K02757	group	GERD	-0.135288576557265	0.258618863256159	60	60	0.602883956024113	0.997658065803488
K02763	group	GERD	0.0589663715523619	0.484639625518542	60	55	0.903580504994862	0.997658065803488
K02769	group	GERD	-0.0340088665300496	0.281842053081248	60	60	0.904372321825258	0.997658065803488
K02773	group	GERD	-0.0835223346250351	0.286934820523463	60	60	0.772024971516233	0.997658065803488
K02774	group	GERD	-0.0977629634719767	0.283625153915904	60	60	0.731573666137541	0.997658065803488
K02778	group	GERD	0.145375099243629	0.435680933153657	60	9	0.739829468509808	0.997658065803488
K02784	group	GERD	0.0533315299624532	0.179719972541858	60	60	0.767719066559504	0.997658065803488
K02798	group	GERD	-0.104045327173752	0.25851030538439	60	60	0.688810092213625	0.997658065803488
K02800	group	GERD	0.0264675627645813	0.2411459531519	60	60	0.912980627876357	0.997658065803488
K02804	group	GERD	0.00260798613983241	0.131901033704699	60	60	0.984292882571142	0.997658065803488
K02806	group	GERD	0.00765034164760449	0.199088808572695	60	60	0.969479371990945	0.997658065803488
K02812	group	GERD	0.290520394829427	1.12069353465286	60	29	0.79637360457032	0.997658065803488
K02814	group	GERD	0.454632313486494	1.1436654301565	60	35	0.692441732619105	0.997658065803488
K02815	group	GERD	0.290520394829427	1.12069353465286	60	29	0.79637360457032	0.997658065803488
K02822	group	GERD	0.0497215083998925	0.194525481808018	60	60	0.799160867543507	0.997658065803488
K02824	group	GERD	0.0116950589465994	0.02629505640314	60	60	0.658146648136159	0.997658065803488
K02834	group	GERD	0.00100770352407826	0.0189257526914858	60	60	0.95771959780413	0.997658065803488
K02835	group	GERD	-0.00778235017417128	0.0202500554959956	60	60	0.702152274635048	0.997658065803488
K02836	group	GERD	0.00209035653716865	0.0189286602106448	60	60	0.912446900853508	0.997658065803488
K02837	group	GERD	-0.00791105990515933	0.028715114994913	60	60	0.783910066673014	0.997658065803488
K02838	group	GERD	0.00221583895140076	0.0188806784962647	60	60	0.906980142764902	0.997658065803488
K02841	group	GERD	0.0467048441931312	0.238474917198212	60	60	0.845413662161822	0.997658065803488
K02843	group	GERD	0.0910286455335792	0.177099269626013	60	60	0.60920632909529	0.997658065803488
K02846	group	GERD	0.14595202632565	0.909041710399065	60	56	0.873001081845913	0.997658065803488
K02847	group	GERD	0.156141860530661	0.308135342975783	60	60	0.614264364580048	0.997658065803488
K02848	group	GERD	0.422023013008593	1.17342689984111	60	33	0.720415085476668	0.997658065803488
K02849	group	GERD	0.0949807581290808	0.315327922228313	60	60	0.764329597748682	0.997658065803488
K02853	group	GERD	0.0350188127356729	0.909346438791953	60	56	0.96941341011657	0.997658065803488
K02854	group	GERD	-0.158265119597098	1.10352569499084	60	39	0.886457422073668	0.997658065803488
K02855	group	GERD	-0.126801880868077	1.11411354299142	60	39	0.909778185835511	0.997658065803488
K02858	group	GERD	-0.113091354905854	0.200647202277295	60	60	0.575176861803279	0.997658065803488
K02859	group	GERD	-0.145241711882271	0.287447807117211	60	60	0.615276740041114	0.997658065803488
K02860	group	GERD	0.00216737389909386	0.018875818824402	60	60	0.908982185150707	0.997658065803488
K02863	group	GERD	0.00220745893140188	0.0188799258639547	60	60	0.907326624483856	0.997658065803488
K02864	group	GERD	0.00190713247614163	0.0188692178920997	60	60	0.919842612042483	0.997658065803488
K02867	group	GERD	0.00229216829822159	0.0188842941134866	60	60	0.903809914724099	0.997658065803488
K02871	group	GERD	0.00216723018495211	0.0189015469122499	60	60	0.909111523786771	0.997658065803488
K02874	group	GERD	0.0023013630231737	0.0188844620929783	60	60	0.903426850860819	0.997658065803488
K02876	group	GERD	0.00221775000377334	0.0189027440084731	60	60	0.907008462545423	0.997658065803488
K02878	group	GERD	-4.9736051396939e-4	0.0191213495650873	60	60	0.979338057696741	0.997658065803488
K02881	group	GERD	0.00230071550229789	0.0188849385565529	60	60	0.903456310205476	0.997658065803488
K02884	group	GERD	0.00221720706954101	0.0188798888413176	60	60	0.906919102962134	0.997658065803488
K02886	group	GERD	0.00221677279721398	0.0188801455372339	60	60	0.906938508537226	0.997658065803488
K02887	group	GERD	0.00221770375643662	0.0188805034589305	60	60	0.906901365414423	0.997658065803488
K02888	group	GERD	0.00216445345153219	0.0189055285235412	60	60	0.909246488658633	0.997658065803488
K02890	group	GERD	0.0023013630231737	0.0188844620929783	60	60	0.903426850860819	0.997658065803488
K02892	group	GERD	0.00214937173815017	0.0189039643068127	60	60	0.909868650114415	0.997658065803488
K02895	group	GERD	0.00221663250169228	0.0188801430807456	60	60	0.906944358705569	0.997658065803488
K02899	group	GERD	0.00221770375643662	0.0188805034589305	60	60	0.906901365414423	0.997658065803488
K02902	group	GERD	0.00197134122711398	0.0187934152068502	60	60	0.916820791386697	0.997658065803488
K02904	group	GERD	0.00245423892839091	0.0188138053158467	60	60	0.896662729925078	0.997658065803488
K02906	group	GERD	0.00221663250169228	0.0188801430807456	60	60	0.906944358705569	0.997658065803488
K02911	group	GERD	0.00253180111144256	0.0188155739970075	60	60	0.893426577456704	0.997658065803488
K02913	group	GERD	-0.0131296411422647	0.0233006536054954	60	60	0.575274746553457	0.997658065803488
K02914	group	GERD	0.00185855989935501	0.0187765582891097	60	60	0.921493090708807	0.997658065803488
K02916	group	GERD	0.0022024964913029	0.0188904221538075	60	60	0.907585138196039	0.997658065803488
K02926	group	GERD	0.00221784405236766	0.0188805059149818	60	60	0.906895515382165	0.997658065803488
K02931	group	GERD	0.00173899543664676	0.0189240423114998	60	60	0.92709935926034	0.997658065803488
K02933	group	GERD	0.00221663250169228	0.0188801430807456	60	60	0.906944358705569	0.997658065803488
K02935	group	GERD	0.00239380736040553	0.0188249773951145	60	60	0.899252626652102	0.997658065803488
K02939	group	GERD	0.00215519324240123	0.0188832406127546	60	60	0.909526858937456	0.997658065803488
K02945	group	GERD	0.0110251122734637	0.0285766040307129	60	60	0.701049626143501	0.997658065803488
K02946	group	GERD	0.00221649220576078	0.0188801406252923	60	60	0.906950208902815	0.997658065803488
K02948	group	GERD	0.00190153909079347	0.0188636277722111	60	60	0.920053291033576	0.997658065803488
K02950	group	GERD	0.00221649220576078	0.0188801406252923	60	60	0.906950208902815	0.997658065803488
K02952	group	GERD	0.0022977344396827	0.0188839908254682	60	60	0.903575961212777	0.997658065803488
K02954	group	GERD	0.0015872186960128	0.0204510709414437	60	60	0.938404980026729	0.997658065803488
K02956	group	GERD	0.00267914758810198	0.0227304457809155	60	60	0.906581042969965	0.997658065803488
K02959	group	GERD	0.00226042336187145	0.0188612888564881	60	60	0.905020431749265	0.997658065803488
K02961	group	GERD	0.0020003581926866	0.0189077881882282	60	60	0.916109692265596	0.997658065803488
K02963	group	GERD	0.00241328793661262	0.018838105044892	60	60	0.898507676163049	0.997658065803488
K02965	group	GERD	0.00223881748764971	0.0195422540396798	60	60	0.909187259333901	0.997658065803488
K02967	group	GERD	0.00221649220576078	0.0188801406252923	60	60	0.906950208902815	0.997658065803488
K02968	group	GERD	0.00222654319092638	0.0187891838786003	60	60	0.9060799095069	0.997658065803488
K02970	group	GERD	-0.00241899895427184	0.0280518196704485	60	60	0.93157802491465	0.997658065803488
K02972	group	GERD	-0.116228137914495	1.11303352188419	60	39	0.917192634773666	0.997658065803488
K02982	group	GERD	0.00166842592004228	0.0189692259813356	60	60	0.930215940078449	0.997658065803488
K02986	group	GERD	0.00244149859383437	0.0189433857879753	60	60	0.897895361579696	0.997658065803488
K02988	group	GERD	0.00221677279721398	0.0188801455372339	60	60	0.906938508537226	0.997658065803488
K02990	group	GERD	0.00210035836085084	0.0188727099590417	60	60	0.911770017228107	0.997658065803488
K02992	group	GERD	0.00201010105441394	0.018938641635582	60	60	0.915839465986329	0.997658065803488
K02994	group	GERD	0.00228405391689489	0.0188567162971213	60	60	0.904009257164029	0.997658065803488
K02996	group	GERD	0.00189856110238385	0.0188869529508856	60	60	0.920276307053854	0.997658065803488
K03040	group	GERD	0.00699691361315864	0.0194094021918893	60	60	0.719789605839558	0.997658065803488
K03043	group	GERD	-8.7369442716387e-4	0.0192527642142472	60	60	0.963960142944777	0.997658065803488
K03046	group	GERD	0.0017482503192274	0.0190397002834086	60	60	0.927156417492302	0.997658065803488
K03071	group	GERD	-0.0722588892404112	0.300646048861319	60	60	0.810910010668731	0.997658065803488
K03072	group	GERD	-0.0157244782765624	0.116845336186781	60	60	0.893413711915016	0.997658065803488
K03074	group	GERD	-0.0145969075929158	0.117131388499808	60	60	0.901255351528801	0.997658065803488
K03075	group	GERD	0.00199226536059056	0.0188605530484234	60	60	0.916239346265015	0.997658065803488
K03078	group	GERD	0.0894477203829207	0.378158661591464	60	60	0.813851015202418	0.997658065803488
K03079	group	GERD	0.162053755619655	0.340296360518554	60	60	0.635711265035692	0.997658065803488
K03089	group	GERD	-0.081034845870136707	0.317504643927943	60	60	0.799452881932168	0.997658065803488
K03093	group	GERD	-0.0174816181020138	0.388787482647357	60	60	0.964290094110334	0.997658065803488
K03101	group	GERD	0.00692984845821713	0.0193153220546375	60	60	0.721066379615187	0.997658065803488
K03106	group	GERD	0.0020048082270764	0.0189384253730203	60	60	0.916059273695388	0.997658065803488
K03110	group	GERD	0.00140833022056115	0.0191142754813905	60	60	0.941518931850206	0.997658065803488
K03112	group	GERD	0.16301918344254	0.927200029735736	60	58	0.861048730315891	0.997658065803488
K03113	group	GERD	-0.0539779922726373	0.153850702504394	60	60	0.72697462375775	0.997658065803488
K03116	group	GERD	-0.0507449114936983	0.107238598534707	60	60	0.637849236985305	0.997658065803488
K03117	group	GERD	-0.0871390936218097	0.246891855331325	60	60	0.725409640428476	0.997658065803488
K03118	group	GERD	-0.0592218426380647	0.111543829733801	60	60	0.597495348104109	0.997658065803488
K03119	group	GERD	0.172082384087053	0.415721834600231	60	60	0.680447456985263	0.997658065803488
K03149	group	GERD	-0.0594069896923003	0.105234034073584	60	60	0.574575356619838	0.997658065803488
K03150	group	GERD	0.0837102603550842	0.16563025795947	60	60	0.615190130385428	0.997658065803488
K03168	group	GERD	0.00558964482510271	0.019701902151547	60	60	0.777642236964728	0.997658065803488
K03179	group	GERD	0.0172717507707905	0.188808444509776	60	60	0.927428287919019	0.997658065803488
K03182	group	GERD	0.0332259860034836	0.287889719044078	60	60	0.908517059590436	0.997658065803488
K03184	group	GERD	0.0455089166960755	0.360171478383698	60	60	0.899889133744901	0.997658065803488
K03185	group	GERD	-0.0927287033366912	0.313293925146866	60	60	0.768302595747632	0.997658065803488
K03186	group	GERD	0.0237577771764303	0.279916759361485	60	60	0.932653509639927	0.997658065803488
K03192	group	GERD	-0.18244881589062	0.450273646747465	60	59	0.68682459715013	0.997658065803488
K03194	group	GERD	0.096779432530192	0.40630536128971	60	57	0.812570281219984	0.997658065803488
K03203	group	GERD	-0.0936783762815896	0.342947387426311	60	60	0.785703059192448	0.997658065803488
K03207	group	GERD	0.0169340615585146	1.12874770030909	60	38	0.988081657031064	0.997658065803488
K03208	group	GERD	0.558911719613679	1.07007223101973	60	43	0.603442341378572	0.997658065803488
K03210	group	GERD	-0.0036193890024722	0.0161153259081779	60	60	0.823085290385198	0.997658065803488
K03214	group	GERD	0.0975024341878889	0.345133594594104	60	60	0.778561006143418	0.997658065803488
K03215	group	GERD	0.00116361874275348	0.0237387802372313	60	60	0.961073655627755	0.997658065803488
K03221	group	GERD	0.488097851339613	1.17216723129512	60	30	0.678649659199219	0.997658065803488
K03223	group	GERD	0.329209370358593	0.583940286319821	60	23	0.57508255449889	0.997658065803488
K03271	group	GERD	0.0831441825353278	0.175742688669595	60	60	0.637916269754967	0.997658065803488
K03273	group	GERD	0.0768428481655059	0.168852854355842	60	60	0.650745162652166	0.997658065803488
K03274	group	GERD	0.080753638197154	0.240751484921599	60	60	0.738516105488117	0.997658065803488
K03275	group	GERD	0.32483662332514	1.07839318277417	60	42	0.764321888622053	0.997658065803488
K03276	group	GERD	0.25520459262141	1.13664050863664	60	26	0.823137666580209	0.997658065803488
K03278	group	GERD	0.396661077597973	1.14315945420688	60	25	0.729857211045924	0.997658065803488
K03282	group	GERD	-0.00931035244754829	0.0185586441726081	60	60	0.617797296187826	0.997658065803488
K03288	group	GERD	0.134001848667167	0.728340036261651	60	42	0.854668889237453	0.997658065803488
K03291	group	GERD	0.226148724767789	0.824516660004602	60	58	0.784843721510956	0.997658065803488
K03297	group	GERD	-0.116152293022486	0.295920771181355	60	60	0.696119145226958	0.997658065803488
K03301	group	GERD	-0.109419722260053	0.789293628656357	60	25	0.890222801957481	0.997658065803488
K03304	group	GERD	-0.131815449072224	0.283917592053489	60	60	0.644189729025165	0.997658065803488
K03310	group	GERD	0.0152133785592929	0.062057888230557	60	60	0.80720701794881	0.997658065803488
K03312	group	GERD	0.0567362464694058	0.17115767798818	60	60	0.741472769916907	0.997658065803488
K03313	group	GERD	-0.00954096497443512	0.0732811425970635	60	60	0.896861292401538	0.997658065803488
K03314	group	GERD	0.090758225142359	0.379660878137509	60	60	0.811908912005603	0.997658065803488
K03319	group	GERD	-0.0470073543129991	0.219969940335251	60	60	0.831531249739776	0.997658065803488
K03321	group	GERD	-0.0471627154897257	0.119525621616504	60	60	0.694598296660459	0.997658065803488
K03324	group	GERD	0.0231388584027269	0.0582546319538219	60	60	0.692676431162513	0.997658065803488
K03325	group	GERD	0.0273566971209446	0.242605839379259	60	60	0.910608701206306	0.997658065803488
K03329	group	GERD	0.318388029070092	1.12529727796414	60	26	0.77823264101982	0.997658065803488
K03342	group	GERD	-0.110570412030676	0.294864833311137	60	60	0.709038049836853	0.997658065803488
K03382	group	GERD	0.278657262449523	0.675895553770675	60	19	0.681655140153842	0.997658065803488
K03388	group	GERD	0.0651774676692179	0.355547710434444	60	60	0.855189674639402	0.997658065803488
K03389	group	GERD	0.0986971052253301	0.37643829802465	60	60	0.79410649923318	0.997658065803488
K03390	group	GERD	0.132786339662402	0.41639732944792	60	60	0.750953012591754	0.997658065803488
K03392	group	GERD	0.0168019107829814	0.421502739650093	60	56	0.968340103947519	0.997658065803488
K03396	group	GERD	-0.19534743279914701	0.509139908389191	60	14	0.702617613353357	0.997658065803488
K03402	group	GERD	-0.0423207612774009	0.12378887019877	60	60	0.733677956625659	0.997658065803488
K03404	group	GERD	0.114053778410215	0.353461444268025	60	60	0.74810044395989606	0.997658065803488
K03405	group	GERD	0.108747256855278	0.314922440608024	60	60	0.731107264621548	0.997658065803488
K03417	group	GERD	-0.0671445504027749	0.317796784625247	60	60	0.833408320513238	0.997658065803488
K03429	group	GERD	0.083493960774375	0.248137268138684	60	60	0.737721121600538	0.997658065803488
K03437	group	GERD	0.00106488712884182	0.0483815400740521	60	60	0.9825153712458	0.997658065803488
K03438	group	GERD	0.00714531924887532	0.0204875212139214	60	60	0.728529059500204	0.997658065803488
K03439	group	GERD	0.00871793677816943	0.0207484370370514	60	60	0.675911514637366	0.997658065803488
K03458	group	GERD	-0.0658790665279651	0.132037156801503	60	60	0.619706448165992	0.997658065803488
K03468	group	GERD	0.21774984414338	0.905644922920558	60	56	0.810839930925881	0.997658065803488
K03470	group	GERD	0.00234950786107553	0.0189021677962532	60	60	0.901508858577054	0.997658065803488
K03472	group	GERD	-0.13336351630613	0.61694256206199	60	60	0.829614924346646	0.997658065803488
K03473	group	GERD	0.0498440626359942	0.186990078867481	60	60	0.790753422806717	0.997658065803488
K03474	group	GERD	-0.0891224317803441	0.164271055824559	60	60	0.589530219965582	0.997658065803488
K03477	group	GERD	0.087188159071218	0.374774790072994	60	60	0.816858819202292	0.997658065803488
K03480	group	GERD	0.216733690008033	0.990496840409997	60	40	0.827563794566975	0.997658065803488
K03482	group	GERD	-0.416422764954138	0.870387385210413	60	27	0.634140049759869	0.997658065803488
K03483	group	GERD	-0.0650519067491343	0.223054740372789	60	60	0.771601679189926	0.997658065803488
K03485	group	GERD	-0.215822123123116	0.969532807513543	60	52	0.824625586180346	0.997658065803488
K03489	group	GERD	-0.142606113095486	0.610337639315568	60	53	0.816078513571435	0.997658065803488
K03491	group	GERD	-0.102014493423132	0.272678397619106	60	60	0.709679152113631	0.997658065803488
K03492	group	GERD	-0.105058095163639	0.304056498787455	60	60	0.730952326633077	0.997658065803488
K03493	group	GERD	-0.182343901139675	0.371035957457528	60	57	0.624966162376584	0.997658065803488
K03498	group	GERD	0.00406295363474795	0.0316793880564945	60	60	0.898393004282005	0.997658065803488
K03501	group	GERD	0.0026165999554668	0.018827299586864	60	60	0.889948159208266	0.997658065803488
K03516	group	GERD	0.21217271960288	0.924935708883192	60	57	0.819371381234879	0.997658065803488
K03519	group	GERD	0.0297780185751889	0.425279738952634	60	59	0.944418733989404	0.997658065803488
K03520	group	GERD	-0.232023472308453	0.535060198363645	60	57	0.666158598554557	0.997658065803488
K03523	group	GERD	-0.0706955823361724	0.151433145129017	60	60	0.642360804174644	0.997658065803488
K03528	group	GERD	0.0315708606841032	0.359483323847403	60	60	0.930319976693257	0.997658065803488
K03533	group	GERD	0.133674373912327	1.02799172543822	60	29	0.896989082211181	0.997658065803488
K03543	group	GERD	-0.0343581704016406	0.267090627460186	60	60	0.8980886349542	0.997658065803488
K03544	group	GERD	0.0091392257424491	0.0195455387077433	60	60	0.641832614571537	0.997658065803488
K03545	group	GERD	0.00594080891388178	0.0215910997604636	60	60	0.784178201728979	0.997658065803488
K03546	group	GERD	0.0697830752499746	0.142179345866205	60	60	0.625412613741851	0.997658065803488
K03547	group	GERD	0.0125752158130714	0.136871368121597	60	60	0.927113031791123	0.997658065803488
K03548	group	GERD	-0.023034751024794	0.348284524676459	60	60	0.947495615880629	0.997658065803488
K03550	group	GERD	0.00202661337570797	0.0189722415356244	60	60	0.91530047105331	0.997658065803488
K03551	group	GERD	0.00173521553166383	0.0190242721350115	60	60	0.92763952904771	0.997658065803488
K03553	group	GERD	0.00199563457211892	0.0189618186819997	60	60	0.916544624072168	0.997658065803488
K03554	group	GERD	-0.0285737596168407	0.337017826334999	60	60	0.932725000116579	0.997658065803488
K03555	group	GERD	-0.0035386501864086	0.0212526340166315	60	60	0.868339381820234	0.997658065803488
K03557	group	GERD	-0.0294518315256383	0.335073387534965	60	60	0.930261591559393	0.997658065803488
K03558	group	GERD	0.0486808943074817	0.193276068517149	60	60	0.802030110484443	0.997658065803488
K03559	group	GERD	0.0432468408569311	0.0833631783799794	60	60	0.60589054099316	0.997658065803488
K03560	group	GERD	-0.104304338120131	0.304660412798323	60	60	0.733315598898465	0.997658065803488
K03562	group	GERD	-0.0702816611230066	0.322841602425922	60	60	0.828429241108252	0.997658065803488
K03565	group	GERD	-0.00331447531239943	0.0208093027966055	60	60	0.874002789032294	0.997658065803488
K03566	group	GERD	-0.0626983516505188	0.314946124250333	60	60	0.842899199089855	0.997658065803488
K03567	group	GERD	0.369689075359466	0.894057583079725	60	58	0.68076830677529	0.997658065803488
K03568	group	GERD	-0.0368111466655575	0.236374841107733	60	60	0.876784958062287	0.997658065803488
K03572	group	GERD	-0.00291314424587289	0.0211194751132945	60	60	0.890768453263183	0.997658065803488
K03573	group	GERD	0.114575412623531	0.3849525890578	60	60	0.76704517058296	0.997658065803488
K03576	group	GERD	-0.0332181659795254	0.334050205881952	60	60	0.92113132625306	0.997658065803488
K03579	group	GERD	-0.181264851541924	0.324344591569813	60	60	0.578405318566922	0.997658065803488
K03580	group	GERD	0.0148831256328062	0.357387125091874	60	60	0.966925311468406	0.997658065803488
K03582	group	GERD	0.161196278715826	0.336620723033247	60	60	0.633834276873005	0.997658065803488
K03583	group	GERD	-0.0188557574329702	0.339822153199665	60	60	0.955941080067837	0.997658065803488
K03586	group	GERD	-0.0340566750781803	0.334266243994838	60	60	0.919199476178282	0.997658065803488
K03591	group	GERD	0.111446228241239	0.385547721086901	60	60	0.773566544151144	0.997658065803488
K03592	group	GERD	-0.0938325669276856	0.267923725719272	60	60	0.727441392082745	0.997658065803488
K03594	group	GERD	-0.0451073505515454	0.31666313997216	60	60	0.887221532203572	0.997658065803488
K03595	group	GERD	-0.00569756641156329	0.0174299629138188	60	60	0.744932817505334	0.997658065803488
K03596	group	GERD	-8.6829760638848e-4	0.0192451951901985	60	60	0.964168530542281	0.997658065803488
K03597	group	GERD	0.0110307830478559	0.341884095392724	60	60	0.97437174736856	0.997658065803488
K03598	group	GERD	0.027091243334867902	0.346524257415933	60	60	0.937954019055352	0.997658065803488
K03599	group	GERD	-0.0333073131861016	0.333763775980243	60	60	0.920852742886266	0.997658065803488
K03600	group	GERD	-0.0328686703775019	0.333927409286911	60	60	0.921929781727675	0.997658065803488
K03601	group	GERD	0.00561818560601441	0.0197843627774095	60	60	0.777443894735965	0.997658065803488
K03603	group	GERD	0.109335264262174	0.385396459438283	60	60	0.777653952412139	0.997658065803488
K03604	group	GERD	0.0520797908372048	0.300727414893664	60	60	0.863113387390482	0.997658065803488
K03607	group	GERD	0.0754903211621815	0.326613489461363	60	60	0.818026888225383	0.997658065803488
K03608	group	GERD	0.0455145094501063	0.221362268482304	60	60	0.837814784108445	0.997658065803488
K03609	group	GERD	-0.0372781259841393	0.142781880023044	60	60	0.794952232497798	0.997658065803488
K03610	group	GERD	0.0140671138220276	0.213328941765059	60	60	0.947651606421828	0.997658065803488
K03611	group	GERD	0.106625172136986	0.308606437513578	60	60	0.730964501872292	0.997658065803488
K03613	group	GERD	-0.0209729906535386	0.121066253538992	60	60	0.8630693726611	0.997658065803488
K03614	group	GERD	0.0179421138855769	0.100509876498325	60	60	0.85894379457024606	0.997658065803488
K03615	group	GERD	0.0104294024131409	0.107191529860515	60	60	0.922826073607349	0.997658065803488
K03617	group	GERD	-0.0186540574292408	0.121088500084026	60	60	0.878102666281488	0.997658065803488
K03618	group	GERD	0.406510287226247	1.18893215511168	60	30	0.733652852460541	0.997658065803488
K03619	group	GERD	0.406510287226247	1.18893215511168	60	30	0.733652852460541	0.997658065803488
K03624	group	GERD	-0.00371349457910582	0.0330286610230752	60	60	0.910868726136298	0.997658065803488
K03625	group	GERD	0.00176368603250042	0.018829804724174	60	60	0.925698410497662	0.997658065803488
K03630	group	GERD	0.0108787961821242	0.0232841850559087	60	60	0.642094304007154	0.997658065803488
K03631	group	GERD	0.0024195953755003	0.0189037031065504	60	60	0.898595036585081	0.997658065803488
K03632	group	GERD	0.111536008408262	0.385538656014143	60	60	0.773384063847338	0.997658065803488
K03633	group	GERD	0.111536008408262	0.385538656014143	60	60	0.773384063847338	0.997658065803488
K03634	group	GERD	0.0854084051489411	0.270879915829939	60	60	0.753665642750996	0.997658065803488
K03636	group	GERD	0.131234095681153	0.273938947091561	60	60	0.633694887693152	0.997658065803488
K03637	group	GERD	-0.0330356464030589	0.125513930402541	60	60	0.793326887248166	0.997658065803488
K03638	group	GERD	0.138114118857169	0.324165206624871	60	60	0.671640512311103	0.997658065803488
K03639	group	GERD	0.00851841078662428	0.108455968812766	60	60	0.937666817659737	0.997658065803488
K03641	group	GERD	0.139506516693638	0.304125938826258	60	60	0.648154646363761	0.997658065803488
K03643	group	GERD	-0.0317846591442317	0.332093834738557	60	60	0.924080924813548	0.997658065803488
K03645	group	GERD	0.111465608555289	0.385565554264568	60	60	0.773538451630129	0.997658065803488
K03651	group	GERD	0.0293882134230804	0.361350796279171	60	60	0.935460502326414	0.997658065803488
K03656	group	GERD	-0.0294493897898389	0.335038634424586	60	60	0.930260143823307	0.997658065803488
K03658	group	GERD	0.338459721165486	0.890748246111049	60	58	0.705353804003163	0.997658065803488
K03660	group	GERD	0.112949653591999	0.212059046426802	60	60	0.596322454960823	0.997658065803488
K03664	group	GERD	0.00489914653007245	0.018725773836484	60	60	0.794536778232664	0.997658065803488
K03666	group	GERD	-0.0746797027179634	0.265196864425032	60	60	0.779251764155153	0.997658065803488
K03667	group	GERD	0.0797680134385665	0.139561982989033	60	60	0.569828699213809	0.997658065803488
K03668	group	GERD	0.20266151271268	0.93087127490224	60	58	0.828417917286953	0.997658065803488
K03671	group	GERD	0.00501831257814961	0.0354121001211904	60	60	0.887798742728157	0.997658065803488
K03672	group	GERD	0.173101188065766	0.585087424155425	60	60	0.768397308042755	0.997658065803488
K03674	group	GERD	0.102543179509781	0.383125613515414	60	60	0.789919039830069	0.997658065803488
K03675	group	GERD	0.0472262051585903	0.368238334604932	60	60	0.898395570642275	0.997658065803488
K03676	group	GERD	-0.0748501710383003	0.316101804741979	60	60	0.813653000424145	0.997658065803488
K03683	group	GERD	0.0319043452117024	0.359633296390993	60	60	0.929615181991565	0.997658065803488
K03685	group	GERD	0.00204307983390233	0.0189110200849837	60	60	0.914339638411149	0.997658065803488
K03686	group	GERD	0.014160804796226	0.0248423029996958	60	60	0.570860349474705	0.997658065803488
K03687	group	GERD	0.00224249846849068	0.01884344716559	60	60	0.905681198380239	0.997658065803488
K03690	group	GERD	-0.0389142200057856	0.330803980940188	60	60	0.906763078692584	0.997658065803488
K03699	group	GERD	-0.0370033654126801	0.131036485164915	60	60	0.778649933208299	0.997658065803488
K03702	group	GERD	0.00200207229179128	0.0190058744800691	60	60	0.916469761847459	0.997658065803488
K03703	group	GERD	0.00229903960955877	0.0192285165142316	60	60	0.905241674217542	0.997658065803488
K03705	group	GERD	0.00146196395825084	0.128823637302477	60	60	0.990984292332147	0.997658065803488
K03712	group	GERD	-0.113460938085124	1.1135598602213	60	39	0.919195197561757	0.997658065803488
K03719	group	GERD	0.0430864227789193	0.128420282722637	60	60	0.738450213084763	0.997658065803488
K03720	group	GERD	0.11365481103461	0.367053860696957	60	60	0.757943957760861	0.997658065803488
K03721	group	GERD	0.0386332001287579	0.356990778212216	60	60	0.914195452339107	0.997658065803488
K03723	group	GERD	0.00158903484920066	0.0191915928118819	60	60	0.934296868480599	0.997658065803488
K03732	group	GERD	0.0524881039055432	0.332332301460743	60	60	0.875053762191905	0.997658065803488
K03733	group	GERD	0.0117170776357	0.0403944268108771	60	60	0.772799756511622	0.997658065803488
K03738	group	GERD	0.124203253319887	0.693486050918987	60	49	0.858483481903626	0.997658065803488
K03742	group	GERD	-0.0655129420147992	0.145666078538185	60	60	0.654568963614035	0.997658065803488
K03744	group	GERD	0.00284781109981441	0.0434937217313203	60	60	0.948019885006986	0.997658065803488
K03745	group	GERD	-0.0294456233262133	0.32959394261647	60	60	0.92912021537794	0.997658065803488
K03746	group	GERD	0.0529942013902225	0.282390483116145	60	60	0.851795947551934	0.997658065803488
K03747	group	GERD	-0.00665837153845504	0.341085688248372	60	60	0.984492397315361	0.997658065803488
K03752	group	GERD	0.00589717826832689	0.218255927111554	60	60	0.978536889886775	0.997658065803488
K03755	group	GERD	0.318388029070092	1.12529727796414	60	26	0.77823264101982	0.997658065803488
K03757	group	GERD	0.150453033975337	0.920877422037868	60	48	0.870787144265218	0.997658065803488
K03759	group	GERD	0.393739152799253	1.12638984961467	60	28	0.727936116447742	0.997658065803488
K03764	group	GERD	0.111465608555289	0.385565554264568	60	60	0.773538451630129	0.997658065803488
K03765	group	GERD	0.150453033975337	0.920877422037868	60	48	0.870787144265218	0.997658065803488
K03777	group	GERD	-0.0458471958941612	0.312664652900295	60	60	0.883929592690271	0.997658065803488
K03782	group	GERD	0.270518194302463	0.510878233003155	60	60	0.598468613242323	0.997658065803488
K03788	group	GERD	-0.0501240469284282	0.189150245338849	60	60	0.79195211859276	0.997658065803488
K03793	group	GERD	0.296713609304611	0.768508333715097	60	33	0.700842468173445	0.997658065803488
K03795	group	GERD	0.134212353696062	0.313015915667878	60	60	0.669677741842136	0.997658065803488
K03798	group	GERD	0.00704853190499767	0.0297859732017125	60	60	0.813770398029372	0.997658065803488
K03802	group	GERD	-0.11641005576521	0.433327823800901	60	58	0.789158440002809	0.997658065803488
K03803	group	GERD	-0.0232301463073886	0.132270579511032	60	60	0.861199541955839	0.997658065803488
K03804	group	GERD	0.111536008408262	0.385538656014143	60	60	0.773384063847338	0.997658065803488
K03805	group	GERD	0.182045760719478	1.14941392605223	60	43	0.87470645555557	0.997658065803488
K03806	group	GERD	-0.0253585981542441	0.337317296753665	60	60	0.940332359281132	0.997658065803488
K03807	group	GERD	0.419386465175078	0.916652731244502	60	58	0.649007006619556	0.997658065803488
K03808	group	GERD	-0.0213392974339917	0.315869530791923	60	60	0.94637038981386	0.997658065803488
K03809	group	GERD	-0.04043017926464	0.3193979136466	60	60	0.899708673101201	0.997658065803488
K03817	group	GERD	0.115453607798987	0.271698170395408	60	60	0.6724576248034	0.997658065803488
K03818	group	GERD	0.473915086209449	1.08263197966571	60	43	0.663198109084857	0.997658065803488
K03819	group	GERD	0.107643187956187	1.1183249828562	60	37	0.923650709015284	0.997658065803488
K03820	group	GERD	0.00692665988297027	0.206010654049266	60	60	0.9732933665586	0.997658065803488
K03821	group	GERD	-0.149867452682917	0.334510997371974	60	60	0.655808206032726	0.997658065803488
K03824	group	GERD	-0.143979654399991	0.842851671920097	60	59	0.864956360937832	0.997658065803488
K03825	group	GERD	0.369164698016525	0.895095616531521	60	58	0.681544464046808	0.997658065803488
K03827	group	GERD	0.229393859973274	0.433630405900444	60	60	0.598818867314989	0.997658065803488
K03830	group	GERD	0.165243737848915	0.333740968395729	60	60	0.622381993419891	0.997658065803488
K03833	group	GERD	0.0128493012680784	0.18753851516116	60	60	0.94561092116518	0.997658065803488
K03834	group	GERD	-0.00999246843508917	0.392294245354822	60	60	0.97976602204326	0.997658065803488
K03835	group	GERD	-0.0409331342717373	0.320308866563989	60	60	0.898755087124183	0.997658065803488
K03837	group	GERD	0.0575715511091205	0.36303381411532	60	60	0.874547099225479	0.997658065803488
K03838	group	GERD	-0.112794371886098	1.11299908431978	60	39	0.91962792606143	0.997658065803488
K03841	group	GERD	0.0143657902833847	0.277932226730844	60	60	0.958954822939687	0.997658065803488
K03851	group	GERD	-0.227068062030935	0.478268199631999	60	30	0.636732791998503	0.997658065803488
K03852	group	GERD	0.143841826313097	0.345176093683927	60	10	0.67842138796199	0.997658065803488
K03855	group	GERD	0.0982134072871253	0.382052383407018	60	60	0.798036133294325	0.997658065803488
K03862	group	GERD	-0.183648413404895	0.418047537965759	60	60	0.662076340579129	0.997658065803488
K03863	group	GERD	0.222429182799355	0.390194662416217	60	59	0.570847650281282	0.997658065803488
K03892	group	GERD	0.0490201312952009	0.166076491923487	60	60	0.768921127275385	0.997658065803488
K03893	group	GERD	-0.0764383392302991	0.432914214212712	60	59	0.860463663682514	0.997658065803488
K03894	group	GERD	0.219049358974868	0.610875425542747	60	17	0.721209247974913	0.997658065803488
K03895	group	GERD	0.219049358974868	0.610875425542747	60	17	0.721209247974913	0.997658065803488
K03896	group	GERD	0.219049358974868	0.610875425542747	60	17	0.721209247974913	0.997658065803488
K03921	group	GERD	-0.220346350703192	0.528195020566494	60	41	0.678095242797234	0.997658065803488
K03929	group	GERD	0.0738195520528859	0.211426012209231	60	60	0.728240576671342	0.997658065803488
K03932	group	GERD	0.0647486769708546	0.4470666511263	60	59	0.885347183007236	0.997658065803488
K03933	group	GERD	-0.492590656935516	0.862350740594241	60	46	0.570058470556685	0.997658065803488
K03970	group	GERD	0.113238043167799	0.904304536755643	60	57	0.90078151008576	0.997658065803488
K03971	group	GERD	0.21691057528798	0.905600653883631	60	56	0.81154588217176	0.997658065803488
K03974	group	GERD	0.113238043167799	0.904304536755643	60	57	0.90078151008576	0.997658065803488
K03977	group	GERD	0.00208147743690547	0.0189287118144493	60	60	0.912817506962202	0.997658065803488
K03978	group	GERD	0.0085716518647604	0.0156680345805984	60	60	0.58642338955442	0.997658065803488
K03979	group	GERD	0.00214348533414414	0.0189068824493331	60	60	0.910128226761084	0.997658065803488
K03981	group	GERD	0.0783292194479585	0.327558275484167	60	60	0.811847277688436	0.997658065803488
K04013	group	GERD	0.0946078907297447	0.384224666558748	60	60	0.80637303469202	0.997658065803488
K04016	group	GERD	0.105147170472927	0.388498994218055	60	60	0.787621226990593	0.997658065803488
K04020	group	GERD	0.264062379197221	1.12378130271121	60	29	0.815054470453635	0.997658065803488
K04021	group	GERD	0.264901648052622	1.12388675700686	60	29	0.814494708915629	0.997658065803488
K04022	group	GERD	0.264062379197221	1.12378130271121	60	29	0.815054470453635	0.997658065803488
K04025	group	GERD	0.264062379197221	1.12378130271121	60	29	0.815054470453635	0.997658065803488
K04033	group	GERD	0.162581210837737	1.13982498889947	60	30	0.887071238750684	0.997658065803488
K04037	group	GERD	0.117135268901732	0.313342045914349	60	11	0.709897159935565	0.997658065803488
K04039	group	GERD	0.117135268901732	0.313342045914349	60	11	0.709897159935565	0.997658065803488
K04043	group	GERD	0.00165670703727435	0.0191568688398403	60	60	0.931381849714474	0.997658065803488
K04044	group	GERD	-0.0770977239103017	0.323834407472952	60	60	0.812659988122816	0.997658065803488
K04058	group	GERD	0.193734026310795	0.489247090452645	60	19	0.693569793077889	0.997658065803488
K04062	group	GERD	0.0085840170043707	0.351723042377407	60	60	0.980612844731166	0.997658065803488
K04064	group	GERD	0.427845574303429	0.918344188786191	60	58	0.643040533257001	0.997658065803488
K04066	group	GERD	0.00115478203746836	0.019194183983933	60	60	0.952232543205888	0.997658065803488
K04067	group	GERD	0.122723087096448	0.390274148848521	60	60	0.754304983087184	0.997658065803488
K04073	group	GERD	-0.00726269546865366	0.62608636755315	60	16	0.990784436966103	0.997658065803488
K04075	group	GERD	0.00246006177405866	0.0188001424590909	60	60	0.89634413063219	0.997658065803488
K04076	group	GERD	0.0825428593394346	0.289059009366904	60	60	0.776234686523246	0.997658065803488
K04077	group	GERD	-0.00772564562737515	0.020246493002898	60	60	0.704167712089251	0.997658065803488
K04078	group	GERD	0.00207287411943021	0.0189043021855133	60	60	0.913064737848013	0.997658065803488
K04081	group	GERD	0.190854813321732	0.934448020445536	60	53	0.838878320161369	0.997658065803488
K04082	group	GERD	-0.0779875971450762	0.323307537892706	60	60	0.81023689151804	0.997658065803488
K04085	group	GERD	-0.0411108072899066	0.328917961828769	60	60	0.900965237121147	0.997658065803488
K04087	group	GERD	-0.0203426563345144	0.292530738007777	60	60	0.94479881367374	0.997658065803488
K04088	group	GERD	-0.0192732856328696	0.29257640635421	60	60	0.947704389320621	0.997658065803488
K04091	group	GERD	0.0728011403550505	0.800298638082096	60	60	0.927831883637399	0.997658065803488
K04092	group	GERD	0.069826335976778	0.228845654405447	60	60	0.761363909968719	0.997658065803488
K04096	group	GERD	0.00837325793620899	0.0198799800404131	60	60	0.675172800889378	0.997658065803488
K04099	group	GERD	0.091271485574854	0.467423770483566	60	12	0.845867965643961	0.997658065803488
K04100	group	GERD	0.086375886256223	0.436667930672293	60	52	0.8438878690893	0.997658065803488
K04101	group	GERD	0.086375886256223	0.436667930672293	60	52	0.8438878690893	0.997658065803488
K04110	group	GERD	-0.244164506559296	0.481941277658336	60	14	0.61433712702641	0.997658065803488
K04334	group	GERD	-0.191731083608845	1.12229649636307	60	36	0.864945601286574	0.997658065803488
K04335	group	GERD	0.224083927298501	1.16224198784785	60	40	0.847786669393541	0.997658065803488
K04336	group	GERD	-0.0764166963209349	1.12577823880825	60	36	0.946115425023983	0.997658065803488
K04343	group	GERD	0.259863654426483	0.59144683936736	60	33	0.662026562846518	0.997658065803488
K04486	group	GERD	0.0623781747059231	0.114040194217754	60	60	0.586488117872339	0.997658065803488
K04518	group	GERD	-0.0509146709289929	0.139020859749639	60	60	0.715520331726052	0.997658065803488
K04566	group	GERD	0.162601426726727	0.576135106570499	60	59	0.778773406952454	0.997658065803488
K04567	group	GERD	-0.00466131624073652	0.0218662313827281	60	60	0.831938631123165	0.997658065803488
K04568	group	GERD	0.0486494289856179	0.337395721795047	60	60	0.885849494472705	0.997658065803488
K04691	group	GERD	0.0386902593492506	0.363396623612692	60	60	0.915578123821137	0.997658065803488
K04719	group	GERD	-0.404292701233282	0.810623279005479	60	31	0.619846746373762	0.997658065803488
K04744	group	GERD	0.0380889193424711	0.238517735910413	60	60	0.8736800294081	0.997658065803488
K04748	group	GERD	0.0127714038502112	0.610071358240118	60	57	0.983369935632221	0.997658065803488
K04751	group	GERD	-0.0171208077688345	0.181784838426884	60	60	0.925289422312412	0.997658065803488
K04753	group	GERD	0.120571206634955	0.390088875753057	60	60	0.758363332012655	0.997658065803488
K04754	group	GERD	0.0815773980570376	0.226881093952076	60	60	0.720481953075891	0.997658065803488
K04757	group	GERD	0.0174821907680885	0.218534922095667	60	60	0.93651483966502	0.997658065803488
K04759	group	GERD	0.0304785004978771	0.0658653128968035	60	60	0.645282377292099	0.997658065803488
K04760	group	GERD	-0.0360560455128304	0.33346597828421	60	60	0.914269634538657	0.997658065803488
K04764	group	GERD	-0.0161770848584707	0.252650058349377	60	60	0.949166820217692	0.997658065803488
K04765	group	GERD	0.0468845070656221	0.355843273777367	60	60	0.895633238312148	0.997658065803488
K04770	group	GERD	0.111829346671976	0.385664306392379	60	60	0.77287677581152	0.997658065803488
K04772	group	GERD	0.0614937049232934	0.28782014028411	60	60	0.831566764369981	0.997658065803488
K04774	group	GERD	0.0406734621945031	0.361916379108408	60	60	0.910907325037976	0.997658065803488
K04775	group	GERD	0.410019669782432	0.885324029007988	60	57	0.64500468668811906	0.997658065803488
K04781	group	GERD	0.542985546331199	1.04557289434187	60	25	0.605514693761001	0.997658065803488
K04784	group	GERD	0.529986573733578	0.95893377568196	60	25	0.582604235336861	0.997658065803488
K04794	group	GERD	-0.0692774083173837	0.343959135832741	60	60	0.841081350601172	0.997658065803488
K04940	group	GERD	0.0221527697942392	0.567448552676154	60	52	0.968993158295266	0.997658065803488
K04962	group	GERD	-0.278399872435804	0.546557291068178	60	16	0.61242552181143906	0.997658065803488
K05245	group	GERD	0.18543620218234	1.14969118569837	60	26	0.872423805400214	0.997658065803488
K05303	group	GERD	0.319689479326604	0.721478198499852	60	12	0.659339283920896	0.997658065803488
K05306	group	GERD	-0.0450875361002199	0.841375436979967	60	53	0.957447657603183	0.997658065803488
K05311	group	GERD	-0.0799125157284326	0.292368417364947	60	60	0.78557192934211	0.997658065803488
K05350	group	GERD	0.035302252015571	0.263130418456159	60	60	0.893738492578415	0.997658065803488
K05358	group	GERD	-0.435430133839526	0.777548211888668	60	49	0.577633269341449	0.997658065803488
K05365	group	GERD	0.0395361931310482	0.361714799557175	60	60	0.913340161686776	0.997658065803488
K05368	group	GERD	-0.133779152843271	0.928270003924681	60	56	0.88590795571028	0.997658065803488
K05375	group	GERD	-0.123096319385804	0.650632377691157	60	37	0.85060058801343	0.997658065803488
K05396	group	GERD	0.148162681807628	0.354972631325143	60	60	0.677932858221635	0.997658065803488
K05501	group	GERD	0.0211844012936049	0.3484505198345	60	60	0.951730678165336	0.997658065803488
K05517	group	GERD	-0.186620545303193	1.02077489572968	60	56	0.855574912771736	0.997658065803488
K05520	group	GERD	-0.219409694341257	0.399657928492597	60	60	0.585117176303909	0.997658065803488
K05523	group	GERD	-0.390149437761889	0.97141650375464	60	53	0.68943286212286	0.997658065803488
K05526	group	GERD	-0.156813816870663	0.881427216011939	60	60	0.859414373280832	0.997658065803488
K05527	group	GERD	-0.0796293184405152	0.320157793791556	60	60	0.80445677845064	0.997658065803488
K05535	group	GERD	0.0578023435111031	0.20828860689223	60	9	0.782374666863424	0.997658065803488
K05539	group	GERD	-0.0589126135047934	0.233203643014983	60	60	0.80145269037248	0.997658065803488
K05541	group	GERD	-0.00895793766134993	0.347256142289503	60	60	0.979508332530101	0.997658065803488
K05577	group	GERD	0.184093709332179	0.554050091990186	60	18	0.740883958702173	0.997658065803488
K05589	group	GERD	-0.0607037764265836	0.225356884014009	60	60	0.788603033892408	0.997658065803488
K05590	group	GERD	0.111759168159514	0.385691184595438	60	60	0.773030670091034	0.997658065803488
K05592	group	GERD	0.0421765160992305	0.0927038864560589	60	60	0.650836793167576	0.997658065803488
K05594	group	GERD	0.252803586240855	0.943699654407019	60	53	0.789737752882743	0.997658065803488
K05603	group	GERD	-0.224523626285168	0.535610473053723	60	57	0.676624316716443	0.997658065803488
K05606	group	GERD	0.0700273658432188	0.155110057732316	60	60	0.653335300399704	0.997658065803488
K05685	group	GERD	0.0878149140626974	0.321806712179345	60	60	0.785914001283292	0.997658065803488
K05708	group	GERD	-0.112227142468704	0.399581374074851	60	11	0.779815888486938	0.997658065803488
K05709	group	GERD	-0.112227142468704	0.399581374074851	60	11	0.779815888486938	0.997658065803488
K05711	group	GERD	-0.112227142468704	0.399581374074851	60	11	0.779815888486938	0.997658065803488
K05713	group	GERD	-0.0986092327348039	0.638191256247506	60	21	0.877741208151775	0.997658065803488
K05714	group	GERD	-0.123747341218347	0.57291440274131	60	13	0.829748547371363	0.997658065803488
K05739	group	GERD	-0.247035276134341	0.729512319700226	60	14	0.736110813640053	0.997658065803488
K05776	group	GERD	0.0122033296986787	0.297032021631288	60	60	0.967369855086303	0.997658065803488
K05777	group	GERD	-0.163655171983311	1.14673344861976	60	41	0.887010517078758	0.997658065803488
K05778	group	GERD	-0.163655171983311	1.14673344861976	60	41	0.887010517078758	0.997658065803488
K05779	group	GERD	-0.163655171983311	1.14673344861976	60	41	0.887010517078758	0.997658065803488
K05785	group	GERD	0.0227034715347543	0.926835970775444	60	57	0.980541318714082	0.997658065803488
K05787	group	GERD	0.0593478054396438	0.362487630129044	60	60	0.870517871311437	0.997658065803488
K05788	group	GERD	-0.0816320192132076	0.304522763141737	60	60	0.789600053877812	0.997658065803488
K05789	group	GERD	0.0624162962424364	0.370063234234224	60	60	0.866647859070327	0.997658065803488
K05790	group	GERD	0.0849233052497108	0.374207680557681	60	60	0.821267117381115	0.997658065803488
K05791	group	GERD	0.0254711289994764	0.294171844456752	60	60	0.931298918548118	0.997658065803488
K05792	group	GERD	0.19786910894396	0.549191773686967	60	25	0.719937958363373	0.997658065803488
K05793	group	GERD	-0.0856002118012998	0.325403012312175	60	8	0.793437303829919	0.997658065803488
K05794	group	GERD	-0.0820345981811038	0.181359970804859	60	60	0.652718400431838	0.997658065803488
K05796	group	GERD	0.0592049944535166	0.397678959036878	60	60	0.882167631384075	0.997658065803488
K05798	group	GERD	0.0138764768165291	0.952264246665329	60	52	0.988423579436634	0.997658065803488
K05799	group	GERD	-0.0721302705786286	0.246055941699451	60	60	0.770457003303134	0.997658065803488
K05802	group	GERD	0.100382312275595	0.327823962927753	60	60	0.760542791378613	0.997658065803488
K05803	group	GERD	0.111759168159514	0.385691184595438	60	60	0.773030670091034	0.997658065803488
K05804	group	GERD	0.400628140532516	0.766881097905888	60	58	0.603373039264663	0.997658065803488
K05805	group	GERD	-0.0166004222626572	0.332000460599432	60	60	0.96029322700108	0.997658065803488
K05809	group	GERD	0.111465608555289	0.385565554264568	60	60	0.773538451630129	0.997658065803488
K05811	group	GERD	-0.111229663830356	1.0897190610212	60	43	0.919051701407262	0.997658065803488
K05812	group	GERD	0.169697828447689	0.945695878255029	60	58	0.858215850025833	0.997658065803488
K05814	group	GERD	0.193716175813099	0.379947491485429	60	60	0.612091349333896	0.997658065803488
K05819	group	GERD	-0.266426803804725	0.564147426463808	60	27	0.638510137425686	0.997658065803488
K05820	group	GERD	-0.0787123838084221	0.198074081957444	60	60	0.692539627552943	0.997658065803488
K05822	group	GERD	-0.00294737584973526	0.187954604652596	60	60	0.987542449958867	0.997658065803488
K05825	group	GERD	-0.0751675127499026	0.303435034497735	60	60	0.805224457958302	0.997658065803488
K05826	group	GERD	0.125368886247889	0.708426755612635	60	43	0.86015004261815	0.997658065803488
K05827	group	GERD	-0.252516877868144	0.64746706138153	60	44	0.697959747662692	0.997658065803488
K05828	group	GERD	-0.0174583150290074	0.670009689332677	60	42	0.979301472608106	0.997658065803488
K05829	group	GERD	-0.0174583150290074	0.670009689332677	60	42	0.979301472608106	0.997658065803488
K05830	group	GERD	0.00981443574485377	0.479214306869622	60	41	0.98373054993803	0.997658065803488
K05831	group	GERD	0.00981443574485377	0.479214306869622	60	41	0.98373054993803	0.997658065803488
K05834	group	GERD	-0.14156740646251	0.616526023814477	60	60	0.819194042020705	0.997658065803488
K05835	group	GERD	-0.370106436225349	0.875136553023843	60	59	0.67392283955893	0.997658065803488
K05836	group	GERD	-0.127482165062679	0.471068392856219	60	60	0.787641368175262	0.997658065803488
K05839	group	GERD	0.164902465423216	0.910423819543015	60	56	0.856899249019673	0.997658065803488
K05844	group	GERD	0.0215429288011091	0.353820084996526	60	60	0.951658783957096	0.997658065803488
K05851	group	GERD	0.0663531207224114	0.368119582187502	60	60	0.85758554627288	0.997658065803488
K05873	group	GERD	0.12095107595212	0.38741526111609	60	60	0.756008122084217	0.997658065803488
K05875	group	GERD	0.408498176643865	0.882954086360131	60	55	0.645346787384125	0.997658065803488
K05876	group	GERD	-0.509383173566046	1.21714967696707	60	38	0.677123614464915	0.997658065803488
K05877	group	GERD	-0.365419295572543	0.656534611930536	60	43	0.579950248105845	0.997658065803488
K05878	group	GERD	0.104795688785289	0.204826333888308	60	60	0.610851135670719	0.997658065803488
K05879	group	GERD	0.105930923905264	0.198999082539613	60	60	0.596538750380083	0.997658065803488
K05880	group	GERD	0.105148248183153	0.923967009640508	60	48	0.909788664506596	0.997658065803488
K05886	group	GERD	0.127772036780273	0.345580430006845	60	14	0.71292901064712	0.997658065803488
K05887	group	GERD	0.318388029070092	1.12529727796414	60	26	0.77823264101982	0.997658065803488
K05910	group	GERD	-0.125084556635652	0.303506879268169	60	60	0.681762784590968	0.997658065803488
K05921	group	GERD	0.308035984291835	0.822037179888422	60	43	0.709233395560261	0.997658065803488
K05967	group	GERD	-0.112273039614685	0.295939426999301	60	60	0.705792330980355	0.997658065803488
K05973	group	GERD	0.0585858897533973	0.33385836483556	60	60	0.861312697183326	0.997658065803488
K05979	group	GERD	-0.0830344130571776	0.248218819513993	60	60	0.73919313664676	0.997658065803488
K05984	group	GERD	0.21691057528798	0.905600653883631	60	56	0.81154588217176	0.997658065803488
K05986	group	GERD	-0.141145520369261	0.298957057619902	60	7	0.638608109536506	0.997658065803488
K05988	group	GERD	0.0472134921564904	0.382002459886621	60	60	0.902063481691221	0.997658065803488
K05997	group	GERD	0.140489134516153	0.906730740732988	60	56	0.877406320878148	0.997658065803488
K06006	group	GERD	0.124513436962783	0.912207124638961	60	56	0.891901172541757	0.997658065803488
K06013	group	GERD	-0.146670249527523	0.364631224011772	60	60	0.688984012724515	0.997658065803488
K06020	group	GERD	-0.0251650937664832	0.360626964749517	60	60	0.944607605551388	0.997658065803488
K06045	group	GERD	-0.144309207168824	0.303760214711072	60	60	0.636516935432097	0.997658065803488
K06049	group	GERD	0.117135268901732	0.313342045914349	60	11	0.709897159935565	0.997658065803488
K06073	group	GERD	-0.243110568033189	0.971549909669368	60	52	0.80329401569052294	0.997658065803488
K06074	group	GERD	-0.243110568033189	0.971549909669368	60	52	0.80329401569052294	0.997658065803488
K06075	group	GERD	0.468126679733118	0.91108218733245006	60	58	0.609334154597955	0.997658065803488
K06077	group	GERD	0.00390942841303689	0.34052103695416	60	60	0.990879307622666	0.997658065803488
K06078	group	GERD	0.268983965925135	0.986378304276148	60	58	0.786053488238439	0.997658065803488
K06080	group	GERD	-0.1173488514352	0.926238509017347	60	56	0.899620802190577	0.997658065803488
K06121	group	GERD	0.275727851567524	0.684766726709949	60	18	0.688679012146985	0.997658065803488
K06122	group	GERD	0.0401905867050962	0.553138830465815	60	13	0.942327361131277	0.997658065803488
K06132	group	GERD	-0.0330752123625755	0.333048130590149	60	60	0.921234112296724	0.997658065803488
K06133	group	GERD	-0.108853695353911	0.232670262531251	60	60	0.641648445189374	0.997658065803488
K06134	group	GERD	-0.112268291934789	0.33598881000594	60	60	0.73947691276898	0.997658065803488
K06141	group	GERD	0.0385738906849553	0.911531275925892	60	56	0.966390795976787	0.997658065803488
K06144	group	GERD	0.0352540838174955	0.9093808527184	60	56	0.969209185598179	0.997658065803488
K06145	group	GERD	0.223528957387375	0.458247672292166	60	59	0.627536973063355	0.997658065803488
K06146	group	GERD	0.319599341101603	1.12520441616576	60	26	0.777393813674279	0.997658065803488
K06149	group	GERD	0.105394163149568	0.329677980394937	60	60	0.750353416797364	0.997658065803488
K06151	group	GERD	-0.282309540920666	0.72911665125801	60	40	0.700029798155032	0.997658065803488
K06152	group	GERD	-0.401122591399011	0.716251615176809	60	41	0.577615484690758	0.997658065803488
K06155	group	GERD	0.122431655004313	0.366951644535482	60	60	0.739850572279187	0.997658065803488
K06156	group	GERD	-0.119364867273039	0.957699188325351	60	57	0.901241817988341	0.997658065803488
K06160	group	GERD	0.208573952777764	0.507769364144964	60	20	0.682758410570818	0.997658065803488
K06165	group	GERD	0.383625105068545	0.938320837801471	60	55	0.68416123357248	0.997658065803488
K06169	group	GERD	0.0352918443186189	0.454554849319557	60	60	0.938381289860313	0.997658065803488
K06173	group	GERD	0.00731339091090302	0.0197197127734932	60	60	0.712087745704575	0.997658065803488
K06175	group	GERD	0.0118186592711863	0.357118288563217	60	60	0.973712839379964	0.997658065803488
K06178	group	GERD	-0.00695137429941457	0.0184039036305422	60	60	0.707023332735437	0.997658065803488
K06179	group	GERD	0.00923618670592491	0.160645051893771	60	60	0.954349008827406	0.997658065803488
K06181	group	GERD	-0.0309038854874032	0.334019305840757	60	60	0.926602745318198	0.997658065803488
K06182	group	GERD	-0.0202084455877236	0.240112572876946	60	60	0.93321715349602	0.997658065803488
K06186	group	GERD	-0.0324263449091537	0.334038815539065	60	60	0.923002629289066	0.997658065803488
K06187	group	GERD	0.00221601407005222	0.0188807355787229	60	60	0.906973105575686	0.997658065803488
K06189	group	GERD	-0.0343451211105169	0.332437655809444	60	60	0.918070982067147	0.997658065803488
K06190	group	GERD	-0.0611002595315604	0.325019412783698	60	60	0.851540994607547	0.997658065803488
K06192	group	GERD	-0.0139860489713887	0.331059276004218	60	60	0.966447407389232	0.997658065803488
K06194	group	GERD	-0.0449162395289964	0.326370856517507	60	60	0.891014789621175	0.997658065803488
K06197	group	GERD	-0.0248745699567373	0.973774152342131	60	53	0.979708344020397	0.997658065803488
K06200	group	GERD	-0.0494776803943054	0.185527535505249	60	60	0.790656474695477	0.997658065803488
K06202	group	GERD	-0.0634836165891431	0.326181419284049	60	60	0.846365323939798	0.997658065803488
K06203	group	GERD	0.0679784624862647	0.358577450924944	60	60	0.850301578802174	0.997658065803488
K06204	group	GERD	0.0186313383060963	0.302437235859379	60	60	0.951090003336313	0.997658065803488
K06205	group	GERD	0.0646141881701519	0.367803059018803	60	60	0.861160361038426	0.997658065803488
K06206	group	GERD	0.0313558571275742	0.132381670697471	60	60	0.813600370754507	0.997658065803488
K06207	group	GERD	4.1254618261206e-4	0.019153708696601	60	60	0.982889853312064	0.997658065803488
K06211	group	GERD	0.0188179500799387	0.166418629461167	60	60	0.910360795622206	0.997658065803488
K06212	group	GERD	0.111798002483048	0.385692758038029	60	60	0.772954921604579	0.997658065803488
K06213	group	GERD	-0.00399395514740587	0.0962990010445857	60	60	0.967060048285416	0.997658065803488
K06216	group	GERD	-0.155572268487281	0.465587943806401	60	57	0.739477977249731	0.997658065803488
K06284	group	GERD	-0.0325545884063191	0.236389305730054	60	60	0.890941866917363	0.997658065803488
K06285	group	GERD	-0.123498176244843	0.356695764626343	60	59	0.730423997363208	0.997658065803488
K06294	group	GERD	-0.155034418835263	0.338391373933788	60	7	0.648555778505519	0.997658065803488
K06296	group	GERD	-0.00572327057822165	0.325067825968667	60	59	0.986013287010086	0.997658065803488
K06305	group	GERD	0.0860799588022262	0.616814314548586	60	19	0.889494516757741	0.997658065803488
K06307	group	GERD	-0.0288593165212241	0.375588057270749	60	9	0.939017119591612	0.997658065803488
K06311	group	GERD	0.0186723505947799	0.526639940049659	60	31	0.971838171892357	0.997658065803488
K06313	group	GERD	0.22154141639322	0.524053042172986	60	33	0.67404371814639	0.997658065803488
K06314	group	GERD	-0.121701085501929	0.343068911940081	60	7	0.724069246753724	0.997658065803488
K06328	group	GERD	0.0162350904359346	0.617658573875936	60	20	0.979120333160665	0.997658065803488
K06330	group	GERD	-0.224385183911926	0.467411934141622	60	59	0.632991193930774	0.997658065803488
K06346	group	GERD	0.00524253410077848	0.127520384937028	60	60	0.967348328856711	0.997658065803488
K06350	group	GERD	0.154921902183737	0.682188921940283	60	17	0.821148194948787	0.997658065803488
K06351	group	GERD	0.186515122742969	0.560459924747981	60	18	0.74049316703	0.997658065803488
K06384	group	GERD	0.253260973460258	0.470101984267096	60	60	0.592130707168958	0.997658065803488
K06386	group	GERD	0.0220949692911321	0.633856523747379	60	20	0.972312663808665	0.997658065803488
K06395	group	GERD	0.317706163017674	0.615217764803587	60	60	0.607529737262638	0.997658065803488
K06401	group	GERD	-0.144303482339017	0.333025502085889	60	7	0.666396427849264	0.997658065803488
K06402	group	GERD	0.150200644770455	0.380660649442998	60	60	0.694600950179756	0.997658065803488
K06409	group	GERD	0.131867568946673	0.234529890724046	60	60	0.576103284884874	0.997658065803488
K06410	group	GERD	0.199468401503822	0.352559003539316	60	60	0.573730470078809	0.997658065803488
K06413	group	GERD	0.0392781304255277	0.366018435667894	60	59	0.914911897461144	0.997658065803488
K06415	group	GERD	-0.211900794838443	0.41005932189099	60	60	0.607291121886492	0.997658065803488
K06416	group	GERD	0.100657514112773	0.276913691816892	60	60	0.717554661809264	0.997658065803488
K06421	group	GERD	0.0240260748466653	0.373243148880634	60	8	0.948896085170795	0.997658065803488
K06422	group	GERD	-0.144303482339017	0.333025502085889	60	7	0.666396427849264	0.997658065803488
K06423	group	GERD	0.196804878749629	0.355129524578963	60	60	0.581587744640842	0.997658065803488
K06425	group	GERD	-0.216891605809488	0.529923687282331	60	13	0.683835608241299	0.997658065803488
K06426	group	GERD	-0.143023391109568	0.818279061663711	60	19	0.861856826656168	0.997658065803488
K06434	group	GERD	0.161741952680498	0.419949091052579	60	11	0.701537665476009	0.997658065803488
K06436	group	GERD	-0.183903342866472	0.545811489301031	60	60	0.737381616490357	0.997658065803488
K06442	group	GERD	-0.0339981988264587	0.135044576099318	60	60	0.802120075530789	0.997658065803488
K06443	group	GERD	-0.137249702798333	0.581592952381546	60	21	0.814272354146974	0.997658065803488
K06445	group	GERD	0.20093053521299	0.590402681654862	60	60	0.73483912818582	0.997658065803488
K06447	group	GERD	0.0816086147083064	0.821524613581256	60	60	0.921212457055683	0.997658065803488
K06596	group	GERD	0.0337150338629611	0.317220747428243	60	60	0.915724920831525	0.997658065803488
K06597	group	GERD	-0.228035760206103	0.661716421708864	60	20	0.731632170591193	0.997658065803488
K06598	group	GERD	-0.142950472234486	0.664705912160903	60	19	0.830476343231074	0.997658065803488
K06601	group	GERD	0.154782996119694	0.64777445646009	60	33	0.81198990632553	0.997658065803488
K06602	group	GERD	0.132677976808566	0.642490411727878	60	33	0.837119085577987	0.997658065803488
K06606	group	GERD	-0.363876043675741	0.745565796668727	60	46	0.627351917507025	0.997658065803488
K06608	group	GERD	-0.0273598223306953	0.773902288648028	60	31	0.97191959810292	0.997658065803488
K06639	group	GERD	-0.136327025128773	0.387983809891728	60	31	0.726581816233225	0.997658065803488
K06714	group	GERD	0.156654778325618	0.288560765680823	60	60	0.589290496715519	0.997658065803488
K06718	group	GERD	-0.0295625498489409	0.456480611383218	60	50	0.948586279683418	0.997658065803488
K06720	group	GERD	-0.0344053330368956	0.45911855068285	60	50	0.940522075435289	0.997658065803488
K06726	group	GERD	0.0465314324125715	0.269225652779464	60	60	0.863383390585001	0.997658065803488
K06858	group	GERD	0.27065853643065	0.615043745330697	60	59	0.661526439835458	0.997658065803488
K06866	group	GERD	0.0890147625216605	0.381485722720486	60	60	0.816321238459428	0.997658065803488
K06876	group	GERD	0.236590211263906	0.827404882661961	60	34	0.775940978040255	0.997658065803488
K06879	group	GERD	-0.0665019814029	0.335899069714706	60	60	0.843751398116958	0.997658065803488
K06880	group	GERD	0.0125269900071037	0.289850885379257	60	60	0.965675613590356	0.997658065803488
K06884	group	GERD	0.529920268991469	1.02964470345371	60	47	0.608744128028819	0.997658065803488
K06887	group	GERD	0.473250550812262	0.999320014085083	60	28	0.63758247131634	0.997658065803488
K06899	group	GERD	0.0550410433413411	0.3651905351667	60	60	0.880720581586705	0.997658065803488
K06901	group	GERD	0.0144674677562351	0.0255900142166585	60	60	0.574012220104432	0.997658065803488
K06918	group	GERD	0.0952139987343209	0.379776835620797	60	60	0.802924057472291	0.997658065803488
K06923	group	GERD	0.0683744173192419	0.232660330652822	60	60	0.769898067246454	0.997658065803488
K06925	group	GERD	0.00219389806880457	0.0189061382846387	60	60	0.908020445015999	0.997658065803488
K06937	group	GERD	-0.253672194455591	0.45402688443614	60	59	0.578506212365637	0.997658065803488
K06938	group	GERD	-0.0410819046863041	0.321439853975076	60	60	0.898744698176323	0.997658065803488
K06940	group	GERD	-0.0913337418403336	0.182364554933144	60	60	0.618385761919232	0.997658065803488
K06941	group	GERD	0.00460091799824442	0.0180623501544003	60	60	0.799837127132464	0.997658065803488
K06942	group	GERD	0.0020951198031155	0.0189276952898694	60	60	0.91224376622209	0.997658065803488
K06945	group	GERD	0.00507201783620091	0.376525880654549	60	60	0.989298595655586	0.997658065803488
K06951	group	GERD	-0.0789771884826516	0.521795956217243	60	29	0.880219756753912	0.997658065803488
K06953	group	GERD	0.0916405590104409	0.694514262778708	60	34	0.89548119481848	0.997658065803488
K06954	group	GERD	0.286513619754302	0.922362477836416	60	38	0.757195358711285	0.997658065803488
K06955	group	GERD	-0.0263729782341675	0.511388213046841	60	58	0.95904745764561	0.997658065803488
K06956	group	GERD	-0.0899998694163512	0.163237699207131	60	60	0.583516844955436	0.997658065803488
K06957	group	GERD	0.102179049547325	0.381173397666765	60	60	0.789600764027386	0.997658065803488
K06959	group	GERD	-0.0113482635251294	0.0212427008760739	60	60	0.595231568564738	0.997658065803488
K06960	group	GERD	-0.0164111672070201	0.132418216540994	60	60	0.901795756224856	0.997658065803488
K06962	group	GERD	-0.0645844788664466	0.261234695219411	60	60	0.805604988755101	0.997658065803488
K06968	group	GERD	0.0445135468145563	0.326724722183684	60	60	0.892101965265394	0.997658065803488
K06969	group	GERD	0.0157875219177993	0.0434388204593797	60	60	0.717595589458558	0.997658065803488
K06971	group	GERD	-0.458842715474411	0.973836527799465	60	38	0.639286674706774	0.997658065803488
K06973	group	GERD	0.0509125066396466	0.150623316784124	60	60	0.736574488709583	0.997658065803488
K06977	group	GERD	0.143998855518782	0.396049939332188	60	12	0.717487926946035	0.997658065803488
K06978	group	GERD	-0.201654890755556	0.477895345320735	60	60	0.674610903434368	0.997658065803488
K06983	group	GERD	0.0200289606778224	0.32855828605512	60	11	0.951600526396665	0.997658065803488
K06986	group	GERD	0.299043021591666	0.992194833274271	60	38	0.764190907578482	0.997658065803488
K06989	group	GERD	-0.123931036167349	0.58386597231825	60	58	0.832648869421833	0.997658065803488
K06991	group	GERD	-0.197774487022828	0.526273578525681	60	57	0.708435381589604	0.997658065803488
K06992	group	GERD	-0.391703354743595	0.836667258587847	60	54	0.641416935394811	0.997658065803488
K06997	group	GERD	0.00479254437474805	0.0178626184418366	60	60	0.789420208217897	0.997658065803488
K06998	group	GERD	-0.310343898769816	0.852275494396098	60	34	0.717080859238067	0.997658065803488
K07007	group	GERD	-0.0370003612859687	0.0690066850556812	60	60	0.593881119338669	0.997658065803488
K07008	group	GERD	-0.0296783583927236	0.337369117043291	60	60	0.930203561483395	0.997658065803488
K07012	group	GERD	-0.0106199173022544	0.110160153207377	60	60	0.923531784225235	0.997658065803488
K07014	group	GERD	0.00897676477888552	0.321129893701337	60	60	0.977795051363914	0.997658065803488
K07017	group	GERD	0.0386345162766238	0.269236001517585	60	60	0.886395202971394	0.997658065803488
K07019	group	GERD	0.0101698627993281	0.317214400074255	60	60	0.974534352646154	0.997658065803488
K07026	group	GERD	0.163870389502665	1.19018305252019	60	42	0.890966230812022	0.997658065803488
K07028	group	GERD	-0.202034308766364	0.784636108856395	60	29	0.797713505491746	0.997658065803488
K07033	group	GERD	0.21337678766281	0.506669122465053	60	59	0.675212081618434	0.997658065803488
K07035	group	GERD	0.0482585082131868	0.152542368766848	60	60	0.752864044356482	0.997658065803488
K07039	group	GERD	-0.0128948257847256	0.33164222153761	60	60	0.969118203471406	0.997658065803488
K07043	group	GERD	0.0257922134172787	0.100970723166929	60	60	0.799285054965055	0.997658065803488
K07046	group	GERD	-0.0239161019940534	0.555766067042887	60	38	0.965823291515216	0.997658065803488
K07050	group	GERD	-0.371231529165007	0.773048978782825	60	26	0.632879103511271	0.997658065803488
K07058	group	GERD	-0.0149424307658274	0.0260667752168605	60	60	0.568700456751496	0.997658065803488
K07067	group	GERD	-0.0178391642717706	0.159816678042331	60	60	0.911507996477699	0.997658065803488
K07068	group	GERD	-0.28774018993498	0.734107810627569	60	35	0.696525026802937	0.997658065803488
K07070	group	GERD	0.272314850499998	0.79043988817253	60	60	0.731708463289476	0.997658065803488
K07075	group	GERD	0.0565556211819837	0.158371237165974	60	60	0.722307100654642	0.997658065803488
K07082	group	GERD	-2.4016001336524e-4	0.0182176225394737	60	60	0.989527161679072	0.997658065803488
K07084	group	GERD	0.00829133648636124	0.210028992009678	60	60	0.968645581412549	0.997658065803488
K07089	group	GERD	-0.112903620401992	0.205236174442989	60	60	0.584352507691499	0.997658065803488
K07093	group	GERD	-0.0310057293428119	0.315721353991034	60	60	0.922107334140688	0.997658065803488
K07094	group	GERD	-0.012330510282628101	0.321202545666599	60	60	0.969509694900043	0.997658065803488
K07099	group	GERD	0.00562188855572098	0.257810229541754	60	60	0.982677312502213	0.997658065803488
K07102	group	GERD	-0.0464869008209967	0.345481561091741	60	60	0.893428136929156	0.997658065803488
K07106	group	GERD	0.0417624389786291	0.104515162739523	60	60	0.690931676984508	0.997658065803488
K07109	group	GERD	0.0963318762195516	0.380485386359947	60	60	0.801023183150571	0.997658065803488
K07110	group	GERD	0.0419283624061672	0.415219778103353	60	59	0.919915616787381	0.997658065803488
K07112	group	GERD	0.0589415916386693	0.175362131048918	60	60	0.737998191543564	0.997658065803488
K07113	group	GERD	0.0868711674409185	0.331589170011759	60	60	0.794261733771865	0.997658065803488
K07115	group	GERD	-0.0740965172692183	0.314662294699978	60	60	0.814666076205298	0.997658065803488
K07116	group	GERD	-0.107456159320304	0.814296726782589	60	26	0.895471130634563	0.997658065803488
K07117	group	GERD	0.125721426137675	0.346684464680823	60	60	0.718192478706468	0.997658065803488
K07121	group	GERD	0.0130327702222621	0.35385635937161	60	60	0.970746484858259	0.997658065803488
K07122	group	GERD	-0.0205701382702357	0.338277817814333	60	60	0.951720840705745	0.997658065803488
K07124	group	GERD	-0.0300301877132736	0.119897073913033	60	60	0.803111811393133	0.997658065803488
K07130	group	GERD	-0.086381348923257	0.328072100723918	60	60	0.79325259564848	0.997658065803488
K07138	group	GERD	0.12233758682628	0.290408022565409	60	60	0.675121556888497	0.997658065803488
K07149	group	GERD	0.0439563972845829	0.350772541141509	60	60	0.90070902508479	0.997658065803488
K07152	group	GERD	-0.0236901963387586	0.270964206972556	60	60	0.930631481187925	0.997658065803488
K07153	group	GERD	0.027951336279564	0.359680829836062	60	60	0.938325020294843	0.997658065803488
K07157	group	GERD	0.156371192595481	0.334658888674645	60	60	0.6420678440768	0.997658065803488
K07162	group	GERD	0.178017380279241	0.479278426025423	60	26	0.711672260236896	0.997658065803488
K07165	group	GERD	0.185664443033467	0.537389674045391	60	59	0.73097362783297	0.997658065803488
K07167	group	GERD	0.00819975438934132	0.741365695399862	60	28	0.991213264657741	0.997658065803488
K07169	group	GERD	0.0510248590890147	0.664173208731237	60	32	0.939027461722388	0.997658065803488
K07178	group	GERD	-0.330825547388674	0.796150486857047	60	26	0.679286253831208	0.997658065803488
K07180	group	GERD	0.266816373593002	0.679978513633405	60	60	0.696208803118776	0.997658065803488
K07182	group	GERD	0.0719473991573119	0.747070970902819	60	46	0.923609564649275	0.997658065803488
K07183	group	GERD	0.066935343905007	0.132602354712201	60	60	0.61562421816447	0.997658065803488
K07184	group	GERD	0.0680043889310468	0.366700483874266	60	60	0.85352357114296	0.997658065803488
K07186	group	GERD	0.110911711670201	0.385281194291717	60	60	0.77447079616984	0.997658065803488
K07192	group	GERD	0.0854473292080558	0.15383392532351	60	60	0.580721902832042	0.997658065803488
K07215	group	GERD	0.00929263259873417	0.380323878489763	60	60	0.980590720512494	0.997658065803488
K07219	group	GERD	0.119620997957581	0.371078272018088	60	60	0.748338687308703	0.997658065803488
K07222	group	GERD	-0.225969051217577	0.78772554843226394	60	37	0.775239791131179	0.997658065803488
K07223	group	GERD	-0.0748291381116307	0.238209048161447	60	60	0.754547754342056	0.997658065803488
K07226	group	GERD	0.116914514401478	0.328915712988305	60	60	0.723538742271041	0.997658065803488
K07231	group	GERD	-0.0954806161554002	0.452445472569993	60	57	0.833601772244181	0.997658065803488
K07233	group	GERD	-0.122756936277806	0.725122618161996	60	52	0.866156593967475	0.997658065803488
K07234	group	GERD	-0.00801812129073079	0.346413852579278	60	60	0.981613201315573	0.997658065803488
K07235	group	GERD	0.0383184610018522	0.363286578095498	60	60	0.916361084205086	0.997658065803488
K07236	group	GERD	0.0574786193213316	0.365800865856008	60	60	0.875687407656109	0.997658065803488
K07237	group	GERD	0.0592781740280197	0.365721314515682	60	60	0.871801764986874	0.997658065803488
K07241	group	GERD	-0.0179782170124355	0.830816120864106	60	35	0.982810017992696	0.997658065803488
K07243	group	GERD	-0.0403001286822191	0.170767787125799	60	60	0.814268911075572	0.997658065803488
K07248	group	GERD	0.0120275408032179	0.349278574550253	60	60	0.97264820800003	0.997658065803488
K07251	group	GERD	-0.118238035421117	0.926151872724708	60	56	0.898854970282935	0.997658065803488
K07261	group	GERD	0.108141053327368	0.38487887143726	60	60	0.779730059640717	0.997658065803488
K07262	group	GERD	-0.0376523541175758	0.331463114776489	60	60	0.909951618073379	0.997658065803488
K07264	group	GERD	-0.126638955107348	0.925647726604019	60	56	0.891653847350355	0.997658065803488
K07265	group	GERD	-0.128481768551778	0.396927662825664	60	60	0.74733657012991	0.997658065803488
K07266	group	GERD	0.0355815687938178	0.387257027956792	60	60	0.927109191802972	0.997658065803488
K07267	group	GERD	0.0597702218813042	0.81367981780364	60	40	0.941695459826772	0.997658065803488
K07268	group	GERD	0.0759859346964775	0.473961705164793	60	60	0.873185418300076	0.997658065803488
K07269	group	GERD	-0.118050213612701	0.926195645766246	60	56	0.899019502466841	0.997658065803488
K07275	group	GERD	0.0601824038746943	0.211780198050628	60	60	0.777289193875121	0.997658065803488
K07276	group	GERD	0.144235072379533	0.574969896370724	60	54	0.802811449934806	0.997658065803488
K07278	group	GERD	-0.0290680840770915	0.331828807624681	60	60	0.930496637547508	0.997658065803488
K07282	group	GERD	0.0450598348288199	0.191986843636147	60	60	0.815266085647436	0.997658065803488
K07283	group	GERD	0.435492882169334	0.893656422149448	60	58	0.627871392495841	0.997658065803488
K07287	group	GERD	-0.01658188810851	0.333378568128615	60	60	0.960501339045615	0.997658065803488
K07302	group	GERD	0.0283000676032205	0.845359304526894	60	47	0.973409174519693	0.997658065803488
K07303	group	GERD	-0.0157570087790796	0.849948109820479	60	47	0.985272661985485	0.997658065803488
K07306	group	GERD	0.126207289139994	0.457320936195441	60	60	0.78355132618583	0.997658065803488
K07307	group	GERD	0.0750578917868519	0.455714616147734	60	60	0.869749873273666	0.997658065803488
K07308	group	GERD	0.209827916818412	0.434002176007338	60	60	0.630580864918186	0.997658065803488
K07309	group	GERD	-0.0171850029723892	1.10806462601709	60	41	0.987679310688613	0.997658065803488
K07311	group	GERD	-0.0149502660984132	0.316470860416711	60	7	0.962483777923074	0.997658065803488
K07313	group	GERD	-0.0267983873196894	0.12241322382218	60	60	0.82748291461089	0.997658065803488
K07319	group	GERD	0.560398031642319	1.09156316141708	60	32	0.609628452524001	0.997658065803488
K07320	group	GERD	-0.0334378469346632	0.333478875800237	60	60	0.920475960356663	0.997658065803488
K07321	group	GERD	0.0584884189065971	0.575575781441189	60	60	0.919410989077479	0.997658065803488
K07323	group	GERD	0.0226227150706383	0.331522651202088	60	60	0.945830232947384	0.997658065803488
K07326	group	GERD	0.151501743937496	0.423785058504833	60	60	0.722017650106126	0.997658065803488
K07335	group	GERD	-0.0802282357180904	0.176352737785145	60	60	0.650857565650963	0.997658065803488
K07336	group	GERD	0.109956156438582	0.417567253292913	60	60	0.793232863275751	0.997658065803488
K07338	group	GERD	0.084955808333656	0.507043690171325	60	57	0.867519163317151	0.997658065803488
K07339	group	GERD	0.0396581527535403	0.237647364600552	60	60	0.868046366282614	0.997658065803488
K07340	group	GERD	0.0470513508481772	0.358352175559009	60	60	0.895993018371922	0.997658065803488
K07346	group	GERD	0.470330026688708	0.923917036745842	60	58	0.61264079846652	0.997658065803488
K07347	group	GERD	0.0709947669059879	0.833294597181224	60	59	0.932397650016835	0.997658065803488
K07348	group	GERD	-0.230873009916588	1.11504893114064	60	39	0.836694533812451	0.997658065803488
K07349	group	GERD	0.150654251643631	0.891681187685702	60	52	0.86641966988829	0.997658065803488
K07350	group	GERD	-0.229509311137816	1.11530873535361	60	39	0.837682598503747	0.997658065803488
K07351	group	GERD	-0.258931673394594	1.0647506802426	60	39	0.808719912899281	0.997658065803488
K07357	group	GERD	0.28095667514482	0.960008416020726	60	48	0.770826011210244	0.997658065803488
K07358	group	GERD	0.508296400022602	0.904149048570946	60	27	0.576158299758658	0.997658065803488
K07390	group	GERD	-0.0764994042004594	0.320362863855208	60	60	0.812110261893003	0.997658065803488
K07393	group	GERD	0.205358074559476	0.361011290325133	60	60	0.57166016491028	0.997658065803488
K07395	group	GERD	0.0284785058749586	0.328006524931881	60	60	0.931111270556102	0.997658065803488
K07396	group	GERD	-0.320624578047413	0.917181143313238	60	52	0.727923003766086	0.997658065803488
K07399	group	GERD	-0.100549836344056	0.325087017034239	60	60	0.758200780296021	0.997658065803488
K07400	group	GERD	0.0281770121557188	0.360242969133473	60	60	0.937924909337549	0.997658065803488
K07401	group	GERD	-0.465024251798697	0.89245918585927	60	49	0.604309207869088	0.997658065803488
K07403	group	GERD	0.105218596246022	0.272103678750091	60	60	0.700404007288026	0.997658065803488
K07444	group	GERD	-0.008335461273878	0.0449178037794769	60	60	0.853428311327497	0.997658065803488
K07447	group	GERD	5.620603775833e-4	0.0191107984782181	60	60	0.976638073782349	0.997658065803488
K07448	group	GERD	0.109513795244267	0.190646519559858	60	60	0.567895690389317	0.997658065803488
K07451	group	GERD	-0.11138515208717	0.205256303862207	60	60	0.58944061512303	0.997658065803488
K07464	group	GERD	-0.0246143779683183	0.111454174656616	60	60	0.825986774948757	0.997658065803488
K07469	group	GERD	-0.0766206381591494	0.44190155961235	60	58	0.862949796513114	0.997658065803488
K07470	group	GERD	0.0928861473819256	0.950633334370779	60	52	0.922499655621787	0.997658065803488
K07478	group	GERD	0.00432699124653334	0.0193635227613813	60	60	0.823961972442759	0.997658065803488
K07479	group	GERD	0.109612931478525	0.385524444206449	60	60	0.777176561682916	0.997658065803488
K07480	group	GERD	0.243044753392669	0.690288044892105	60	25	0.726045541420734	0.997658065803488
K07481	group	GERD	-0.0333720042816865	0.127979899124628	60	60	0.79520141612139	0.997658065803488
K07482	group	GERD	0.0957148812687761	0.310713806147337	60	60	0.759149122989868	0.997658065803488
K07483	group	GERD	0.0361289353309243	0.0963918401423566	60	60	0.709166432448511	0.997658065803488
K07488	group	GERD	0.142507759675839	0.377172624893685	60	60	0.706934876992995	0.997658065803488
K07490	group	GERD	0.0156273940053723	0.951939628094476	60	52	0.986958561190303	0.997658065803488
K07498	group	GERD	-0.0469708797760401	0.511406008700918	60	52	0.927136451913219	0.997658065803488
K07501	group	GERD	0.0491881890478808	0.291648382520062	60	60	0.866654182118555	0.997658065803488
K07505	group	GERD	-0.321631642230865	0.655883443364233	60	53	0.625715610353892	0.997658065803488
K07516	group	GERD	-0.0523062358069756	0.273325206396748	60	60	0.848904111154927	0.997658065803488
K07518	group	GERD	0.0658242523994621	0.544170006303461	60	22	0.904138698179182	0.997658065803488
K07535	group	GERD	0.0485051877156292	0.746710277531815	60	16	0.948430412175444	0.997658065803488
K07566	group	GERD	-0.00315504335041297	0.0213527618776904	60	60	0.883046157162582	0.997658065803488
K07571	group	GERD	0.0709203390917163	0.237086009940265	60	60	0.765907539805323	0.997658065803488
K07577	group	GERD	0.0780462059879843	0.552740344546429	60	58	0.888202269746597	0.997658065803488
K07584	group	GERD	-0.0590115494332541	0.138784096195318	60	60	0.672261459320746	0.997658065803488
K07588	group	GERD	0.00513079114916944	0.216576041042059	60	60	0.981180815548335	0.997658065803488
K07589	group	GERD	0.182132385761933	0.968457375939629	60	55	0.851482580014884	0.997658065803488
K07590	group	GERD	0.143300717173406	0.260330195816473	60	60	0.58411953858695	0.997658065803488
K07592	group	GERD	-0.112794371886098	1.11299908431978	60	39	0.91962792606143	0.997658065803488
K07637	group	GERD	0.300168515154835	0.925971542387326	60	58	0.746978507415541	0.997658065803488
K07638	group	GERD	0.114185764796484	0.247373957140543	60	60	0.646100741776511	0.997658065803488
K07639	group	GERD	0.281729358508166	0.789891998856319	60	60	0.722634537304841	0.997658065803488
K07640	group	GERD	0.0869286876342758	0.377388181022598	60	60	0.818635849167104	0.997658065803488
K07642	group	GERD	0.0321120913421069	0.521736794707138	60	60	0.951134036129984	0.997658065803488
K07644	group	GERD	0.118999520959265	0.436742401667761	60	60	0.78622779771354	0.997658065803488
K07645	group	GERD	-0.0344259085877681	0.338784821084439	60	60	0.919412080501353	0.997658065803488
K07647	group	GERD	0.27375216217487	1.11910780310372	60	28	0.807616782287778	0.997658065803488
K07648	group	GERD	0.109680186918695	0.385497738234258	60	60	0.777028523655475	0.997658065803488
K07649	group	GERD	-0.00901437123355266	0.325154942444784	60	60	0.977978003614408	0.997658065803488
K07650	group	GERD	0.00985697071595571	0.281265183268237	60	60	0.972164100240056	0.997658065803488
K07659	group	GERD	0.119927305979397	0.236848164855785	60	60	0.614532634259871	0.997658065803488
K07660	group	GERD	0.28461445660682	0.925172161830581	60	58	0.75946280536798	0.997658065803488
K07661	group	GERD	0.262707354336611	0.790907527998125	60	60	0.740966350175855	0.997658065803488
K07662	group	GERD	0.0677031824897126	0.36704988667908	60	60	0.854302098640668	0.997658065803488
K07664	group	GERD	0.0802387154202213	0.473833486140286	60	60	0.866118856796321	0.997658065803488
K07665	group	GERD	0.126581493508688	0.48473879774552	60	60	0.794914649552172	0.997658065803488
K07666	group	GERD	-0.00366662990283122	0.338188433774084	60	60	0.991386733877982	0.997658065803488
K07673	group	GERD	-0.0269692214683345	0.340257596217928	60	60	0.937097715787916	0.997658065803488
K07674	group	GERD	0.114345847230742	0.38746019472603	60	60	0.768958834891276	0.997658065803488
K07675	group	GERD	0.0659610184163448	0.894828513850691	60	56	0.941491925348648	0.997658065803488
K07676	group	GERD	0.140489134516153	0.906730740732988	60	56	0.877406320878148	0.997658065803488
K07677	group	GERD	0.284430903603101	0.908264168585946	60	57	0.755283394628311	0.997658065803488
K07679	group	GERD	0.0568811973826131	0.893330461337639	60	49	0.949449395589819	0.997658065803488
K07684	group	GERD	-0.0309412312449226	0.327730523222488	60	60	0.92510841393935	0.997658065803488
K07685	group	GERD	0.101577248698699	0.386849406109935	60	60	0.793808074390253	0.997658065803488
K07686	group	GERD	0.21692796149944	0.745344673835066	60	57	0.772056075557741	0.997658065803488
K07687	group	GERD	0.313006186841682	0.782343964900339	60	57	0.690561694484979	0.997658065803488
K07688	group	GERD	-0.22403065565655	0.675530884237098	60	34	0.741359187860693	0.997658065803488
K07689	group	GERD	0.248756813965926	0.891836918858943	60	58	0.781293488246583	0.997658065803488
K07690	group	GERD	0.0890766631638184	0.933213766875967	60	49	0.924285231585251	0.997658065803488
K07696	group	GERD	0.157527927507468	0.790581776624266	60	34	0.842759622950872	0.997658065803488
K07699	group	GERD	0.0854367546965108	0.255713624714466	60	60	0.739500837028535	0.997658065803488
K07701	group	GERD	0.21774984414338	0.905644922920558	60	56	0.810839930925881	0.997658065803488
K07703	group	GERD	0.217855919634319	0.905672754457214	60	56	0.810755277737261	0.997658065803488
K07704	group	GERD	-0.024637255941192	0.353563672477613	60	60	0.944685945186671	0.997658065803488
K07705	group	GERD	0.0353348878980004	0.271056862398923	60	60	0.896732941137016	0.997658065803488
K07708	group	GERD	0.106889624924968	0.228450440049296	60	60	0.641616848399383	0.997658065803488
K07711	group	GERD	0.476434882818632	0.852972164981755	60	59	0.578613159274047	0.997658065803488
K07715	group	GERD	0.420070060493967	0.854215224349077	60	59	0.624744082394756	0.997658065803488
K07716	group	GERD	-0.120434815381622	0.737808669489612	60	33	0.870902325911575	0.997658065803488
K07719	group	GERD	0.113530208624329	0.221091235142631	60	60	0.609552715117464	0.997658065803488
K07720	group	GERD	0.0358674271360036	0.129521084925406	60	60	0.782823425262407	0.997658065803488
K07723	group	GERD	0.226992048199148	0.395282871517938	60	60	0.568017721214174	0.997658065803488
K07729	group	GERD	-0.0900394851583267	0.218555360020218	60	60	0.681875921856871	0.997658065803488
K07735	group	GERD	-0.12015832738466	0.27326785600892	60	60	0.661782012628183	0.997658065803488
K07739	group	GERD	-0.114370106379912	0.343004254704447	60	60	0.740007331820068	0.997658065803488
K07740	group	GERD	0.271692207771831	0.948945812654527	60	58	0.775661282996858	0.997658065803488
K07741	group	GERD	-0.0796689106258551	0.736667614007022	60	21	0.914251791403449	0.997658065803488
K07751	group	GERD	0.101587412752036	0.381532635502007	60	60	0.790982190112735	0.997658065803488
K07757	group	GERD	0.0385751634295415	1.10690881997601	60	43	0.9723194505206	0.997658065803488
K07770	group	GERD	0.0245508877269817	0.280684708207399	60	60	0.930600931904946	0.997658065803488
K07772	group	GERD	0.246298718257745	1.13675532902412	60	30	0.829227246396277	0.997658065803488
K07773	group	GERD	0.109612931478525	0.385524444206449	60	60	0.777176561682916	0.997658065803488
K07774	group	GERD	-0.237537708681585	0.523879395061191	60	55	0.651937824036705	0.997658065803488
K07781	group	GERD	0.21691057528798	0.905600653883631	60	56	0.81154588217176	0.997658065803488
K07782	group	GERD	0.330437459538705	0.904402579187072	60	58	0.716167699449996	0.997658065803488
K07796	group	GERD	-0.165956721462212	1.12855656109571	60	39	0.883600795211695	0.997658065803488
K07806	group	GERD	-0.0980863212174237	0.923945597235793	60	56	0.915821514327839	0.997658065803488
K07807	group	GERD	0.0931353339332834	0.339697456785606	60	10	0.784927022413567	0.997658065803488
K07810	group	GERD	0.0830961164527771	0.901366551665926	60	52	0.926865532912905	0.997658065803488
K07811	group	GERD	0.196039107869522	1.01167589622142	60	27	0.847027874833932	0.997658065803488
K07823	group	GERD	-0.141097266198864	0.598696390003423	60	13	0.814515727222417	0.997658065803488
K08081	group	GERD	0.143449318947961	0.5125581443928	60	14	0.780573453988177	0.997658065803488
K08082	group	GERD	-0.0168443911684448	0.365036831751167	60	60	0.963353705272587	0.997658065803488
K08083	group	GERD	-0.021570951470789	0.363691190120279	60	60	0.952908148662011	0.997658065803488
K08084	group	GERD	-0.0461697339351148	0.346978734214068	60	60	0.89460482561022	0.997658065803488
K08085	group	GERD	-0.28964280805286	0.603052512210132	60	13	0.632824576913866	0.997658065803488
K08151	group	GERD	-0.110624825982153	0.495590364775949	60	60	0.824149941397934	0.997658065803488
K08154	group	GERD	-0.134618421698671	0.928233316207352	60	56	0.885192762200733	0.997658065803488
K08160	group	GERD	-0.465989803648092	0.893831623634781	60	57	0.604115282562498	0.997658065803488
K08161	group	GERD	0.0693790594294357	0.282023407992938	60	60	0.80654716747956	0.997658065803488
K08163	group	GERD	-0.491309507484964	1.13763732333993	60	39	0.667438393326393	0.997658065803488
K08169	group	GERD	0.0876273035570914	0.504163318813123	60	60	0.862622061325579	0.997658065803488
K08172	group	GERD	0.122822426076855	1.10558500247196	60	40	0.911926383407181	0.997658065803488
K08173	group	GERD	0.538824224383484	0.960038105974534	60	53	0.576787281026887	0.997658065803488
K08177	group	GERD	0.0718953581579428	0.285636124978294	60	60	0.802160671352788	0.997658065803488
K08178	group	GERD	0.119160547268896	0.59608697427555	60	40	0.842254415220554	0.997658065803488
K08195	group	GERD	0.137802966667064	0.312887759994444	60	60	0.661267873974392	0.997658065803488
K08196	group	GERD	0.0205743184182478	0.171862824695671	60	7	0.905123733331065	0.997658065803488
K08217	group	GERD	-0.0537114147733213	0.415637008802221	60	60	0.897625338259567	0.997658065803488
K08219	group	GERD	0.426266072542429	0.866027249031216	60	58	0.624429854270249	0.997658065803488
K08221	group	GERD	-0.186705040202256	0.324881843979015	60	59	0.567726199312764	0.997658065803488
K08225	group	GERD	0.377631099707512	0.890894373142913	60	58	0.673222278574715	0.997658065803488
K08226	group	GERD	0.114194362801349	0.311493166983758	60	11	0.715249126253262	0.997658065803488
K08227	group	GERD	0.464826309033296	0.864276379521852	60	58	0.592758160784078	0.997658065803488
K08260	group	GERD	-0.018482446197337202	0.38518372845249	60	59	0.961894276294306	0.997658065803488
K08261	group	GERD	-0.173717249592233	0.484283051830496	60	14	0.721114394408779	0.997658065803488
K08277	group	GERD	0.318388029070092	1.12529727796414	60	26	0.77823264101982	0.997658065803488
K08281	group	GERD	0.0368110583397014	0.083659802532599	60	60	0.661566022438579	0.997658065803488
K08282	group	GERD	0.0771761997563404	0.340858985002461	60	60	0.821673329877557	0.997658065803488
K08295	group	GERD	-0.232884000680895	0.472267392946946	60	58	0.623790462544557	0.997658065803488
K08296	group	GERD	-0.0648629950985859	0.207142539589294	60	60	0.755303503270155	0.997658065803488
K08297	group	GERD	0.362556807482781	0.733899072393228	60	50	0.623161715340247	0.997658065803488
K08298	group	GERD	0.378012927326189	0.737412413242227	60	50	0.61016342803058	0.997658065803488
K08299	group	GERD	0.41688701959563	1.11657408901999	60	32	0.710239782054821	0.997658065803488
K08304	group	GERD	-0.0186545908804065	0.337706896742385	60	60	0.956137904895596	0.997658065803488
K08305	group	GERD	-0.0435703344643155	0.325987674926076	60	60	0.894136978113267	0.997658065803488
K08306	group	GERD	0.106623108290398	0.382776596384206	60	60	0.78157952957493	0.997658065803488
K08308	group	GERD	0.0444947819955851	0.872878926087884	60	56	0.959520794179598	0.997658065803488
K08310	group	GERD	-0.0238251242398586	0.332824309257273	60	60	0.943178700496285	0.997658065803488
K08311	group	GERD	0.0404311041361425	0.315620396080249	60	60	0.898512646214734	0.997658065803488
K08312	group	GERD	0.0485107131502574	0.362295408519539	60	60	0.893946586713946	0.997658065803488
K08318	group	GERD	-0.1509017477295	1.12368385068875	60	36	0.89363660362405	0.997658065803488
K08319	group	GERD	0.532793234809358	0.954250524110037	60	52	0.578763506241854	0.997658065803488
K08320	group	GERD	-0.0131924703441646	0.953777455281731	60	52	0.989011632330425	0.997658065803488
K08321	group	GERD	0.208911279517047	0.37340890286509	60	58	0.577994827511461	0.997658065803488
K08322	group	GERD	0.125214908082827	1.00496625393108	60	54	0.901274123692101	0.997658065803488
K08323	group	GERD	-0.184663379989038	0.513532282856449	60	58	0.720456398210089	0.997658065803488
K08324	group	GERD	0.0329433804106057	0.360578099470798	60	60	0.927519232670897	0.997658065803488
K08325	group	GERD	-0.0670952421053127	0.244029938164773	60	60	0.784334202222307	0.997658065803488
K08326	group	GERD	-0.0995138049573443	1.11312017118065	60	36	0.929071409944715	0.997658065803488
K08348	group	GERD	-0.264478768016405	1.11465675222079	60	39	0.813280556503595	0.997658065803488
K08349	group	GERD	0.178935759795821	1.05943314251907	60	45	0.866464806861973	0.997658065803488
K08350	group	GERD	-0.415040277594474	1.12692773622515	60	39	0.713995139563714	0.997658065803488
K08354	group	GERD	0.447278886725617	1.00554444324306	60	27	0.658110722533704	0.997658065803488
K08368	group	GERD	0.423589496680644	1.03494021530661	60	47	0.68383525865871	0.997658065803488
K08476	group	GERD	-0.313804466053969	0.613364207650754	60	14	0.61086501291977	0.997658065803488
K08478	group	GERD	-0.313804466053969	0.613364207650754	60	14	0.61086501291977	0.997658065803488
K08481	group	GERD	0.082668578899078	0.278856387445784	60	9	0.767941042146669	0.997658065803488
K08484	group	GERD	0.138991152575094	0.81314550180961	60	59	0.864873539945214	0.997658065803488
K08589	group	GERD	0.216510751653376	0.382872533657456	60	60	0.573921404181328	0.997658065803488
K08602	group	GERD	-0.0472699987777844	0.125565711676074	60	60	0.707951396622071	0.997658065803488
K08676	group	GERD	0.142445929068739	0.434427350704553	60	60	0.744172873929652	0.997658065803488
K08680	group	GERD	-0.0701497189397105	0.187597241198181	60	60	0.709814034448405	0.997658065803488
K08682	group	GERD	0.46501413084171	0.864320154169029	60	58	0.592627778553494	0.997658065803488
K08691	group	GERD	-0.033225985177884	0.549469141402398	60	18	0.951989791148816	0.997658065803488
K08714	group	GERD	0.146170573801133	0.447217974502906	60	16	0.744962397976792	0.997658065803488
K08722	group	GERD	0.0622279451692848	0.179697175669414	60	60	0.730375355114177	0.997658065803488
K08728	group	GERD	-0.219172847887823	0.53330376583669	60	57	0.682607663401504	0.997658065803488
K08744	group	GERD	0.0294336834079241	0.187631829437998	60	60	0.875892607497823	0.997658065803488
K08884	group	GERD	0.0415675935776177	0.154079382031338	60	60	0.788286769072427	0.997658065803488
K08926	group	GERD	0.117135268901732	0.313342045914349	60	11	0.709897159935565	0.997658065803488
K08928	group	GERD	0.117135268901732	0.313342045914349	60	11	0.709897159935565	0.997658065803488
K08929	group	GERD	0.117135268901732	0.313342045914349	60	11	0.709897159935565	0.997658065803488
K08964	group	GERD	0.0912168646038936	0.803913468435159	60	54	0.910052941843834	0.997658065803488
K08965	group	GERD	0.0448682048608101	0.498489881737377	60	12	0.928590765271929	0.997658065803488
K08967	group	GERD	-0.260386821096492	0.848290925667292	60	51	0.759977284382369	0.997658065803488
K08970	group	GERD	0.459517901440294	1.07599384004059	60	43	0.670914154624188	0.997658065803488
K08972	group	GERD	0.032745746847007	0.17508036827568	60	60	0.852287744571055	0.997658065803488
K08973	group	GERD	0.0139059855035221	0.287039233989476	60	60	0.961527011642158	0.997658065803488
K08983	group	GERD	-0.0440892173106919	0.522941351088073	60	58	0.933100250332839	0.997658065803488
K08985	group	GERD	-0.168432176640806	0.597671057764245	60	12	0.779089102630638	0.997658065803488
K08989	group	GERD	-0.0406944465278977	0.249925264401988	60	60	0.871221064204634	0.997658065803488
K08990	group	GERD	0.0949371155493475	0.37964814568827	60	60	0.803419891653891	0.997658065803488
K08992	group	GERD	0.0680346333339498	0.376327024472824	60	60	0.85716584599459	0.997658065803488
K08993	group	GERD	0.0981481250255647	0.930744778448324	60	58	0.916381669504599	0.997658065803488
K08995	group	GERD	-0.0811794975771474	0.578866108814403	60	55	0.88895719482427	0.997658065803488
K08996	group	GERD	0.0830514396935841	0.194947096569909	60	60	0.671669853961192	0.997658065803488
K08997	group	GERD	0.286271559462808	0.775423108479434	60	60	0.713337121541024	0.997658065803488
K08998	group	GERD	-0.014810584883711	0.0270051263431259	60	60	0.585497462753015	0.997658065803488
K09001	group	GERD	-0.0423193316199883	0.3180276311689	60	60	0.894600137936266	0.997658065803488
K09003	group	GERD	0.336817568693511	0.644135143981805	60	56	0.603036504582044	0.997658065803488
K09004	group	GERD	-0.170366219601792	0.802869835815274	60	41	0.832697653985593	0.997658065803488
K09007	group	GERD	-0.0643912406648553	0.303430433204412	60	60	0.832686533536091	0.997658065803488
K09015	group	GERD	0.0658428881614164	0.1361259972022	60	60	0.630426544315243	0.997658065803488
K09016	group	GERD	0.0842673961678	1.12277562512914	60	37	0.940431013541695	0.997658065803488
K09017	group	GERD	0.0417077183763086	0.432772865414042	60	60	0.923556387243446	0.997658065803488
K09018	group	GERD	0.3118275946543	0.919830811810674	60	44	0.735830022641037	0.997658065803488
K09021	group	GERD	0.316289748809866	0.919528645885006	60	44	0.732113205046339	0.997658065803488
K09023	group	GERD	0.468667539629918	0.910409580545062	60	45	0.608657769833555	0.997658065803488
K09065	group	GERD	-0.191324297396569	0.535607000806893	60	19	0.722230915430656	0.997658065803488
K09116	group	GERD	0.41476682550405	0.767748587478154	60	31	0.591101530494825	0.997658065803488
K09117	group	GERD	-0.00763883929915734	0.0899414100781186	60	60	0.932608513391582	0.997658065803488
K09122	group	GERD	-0.200635450168507	0.393794889378852	60	19	0.612340355123794	0.997658065803488
K09129	group	GERD	-0.062009977389656	0.498592368410326	60	41	0.901452294387441	0.997658065803488
K09131	group	GERD	-0.0191672728318689	0.341992749304717	60	60	0.95549791167694	0.997658065803488
K09133	group	GERD	-0.181429627536968	0.634748346796565	60	18	0.776027299911033	0.997658065803488
K09136	group	GERD	-0.0239013868635318	0.33240605093554	60	60	0.94292553691618	0.997658065803488
K09138	group	GERD	-0.135930450599387	0.2955943828595	60	60	0.647339762383618	0.997658065803488
K09144	group	GERD	0.114065300704039	0.240892102104753	60	7	0.637625417395826	0.997658065803488
K09146	group	GERD	-0.0273476152762081	0.36349160045671	60	58	0.940285930534175	0.997658065803488
K09158	group	GERD	-0.0802964922437552	0.29405594859321	60	60	0.785772927234657	0.997658065803488
K09159	group	GERD	-0.0754168550132335	0.320964533620444	60	60	0.815060053214707	0.997658065803488
K09160	group	GERD	0.0499739853215235	0.359054130805081	60	60	0.889788244363529	0.997658065803488
K09164	group	GERD	0.0630090046072333	0.405422482067573	60	60	0.877033263406522	0.997658065803488
K09165	group	GERD	-0.300200224574009	0.782746146502021	60	33	0.702735147209224	0.997658065803488
K09190	group	GERD	-0.0808157113102927	0.388945554092732	60	14	0.836127407713175	0.997658065803488
K09384	group	GERD	-0.0129335136557641	0.666750832854185	60	56	0.984590326045826	0.997658065803488
K09386	group	GERD	-0.171533385496586	0.518684645853076	60	57	0.742056481294763	0.997658065803488
K09458	group	GERD	-0.00434187399138092	0.0314696844318338	60	60	0.890741971464228	0.997658065803488
K09461	group	GERD	0.0705485474956614	0.484773577926893	60	58	0.884797912991261	0.997658065803488
K09470	group	GERD	-0.187936483759598	0.731546585301895	60	39	0.79816285052395	0.997658065803488
K09472	group	GERD	0.211230454162358	0.800229669851349	60	44	0.792744621003411	0.997658065803488
K09475	group	GERD	0.0932907385246554	1.00453385666176	60	56	0.926327144763115	0.997658065803488
K09476	group	GERD	0.272269349534069	0.861360854976955	60	58	0.753067355178184	0.997658065803488
K09477	group	GERD	0.112183987629961	0.3926711507206	60	60	0.77612998141386	0.997658065803488
K09483	group	GERD	-0.0486010117678212	0.253201629258917	60	12	0.848455034892913	0.997658065803488
K09612	group	GERD	-0.0195917485029153	0.950070527209547	60	52	0.983618478468938	0.997658065803488
K09681	group	GERD	0.0427481138157603	0.382466589817277	60	11	0.911392054998521	0.997658065803488
K09684	group	GERD	-0.177708789276923	0.344773776863082	60	60	0.608207577638247	0.997658065803488
K09688	group	GERD	-0.127416309366767	0.396902877659689	60	60	0.749344297502915	0.997658065803488
K09689	group	GERD	0.0166707380493243	0.379845495267311	60	60	0.9651442656292	0.997658065803488
K09691	group	GERD	0.0549364538666242	0.288262657855819	60	60	0.849521912944651	0.997658065803488
K09694	group	GERD	0.0064151680124648	0.464160435102187	60	57	0.989020209669594	0.997658065803488
K09696	group	GERD	0.0097160012151481	0.899020701982294	60	36	0.991414265324001	0.997658065803488
K09697	group	GERD	-0.314726851834956	0.875936900598247	60	38	0.720673180020588	0.997658065803488
K09699	group	GERD	-0.487890031240663	0.853979383297489	60	39	0.569994416113739	0.997658065803488
K09700	group	GERD	0.214090237094072	0.592539149915386	60	44	0.719180669880847	0.997658065803488
K09701	group	GERD	0.0833638372921751	0.455498593694598	60	58	0.855423197638673	0.997658065803488
K09702	group	GERD	-0.11038860643636	0.652708902676108	60	58	0.866287730132168	0.997658065803488
K09706	group	GERD	0.176868552683065	0.41769580960546	60	58	0.673541375882189	0.997658065803488
K09707	group	GERD	0.201955271456494	0.669052510266175	60	55	0.76384410775143	0.997658065803488
K09709	group	GERD	0.0873214370032679	0.393585654333426	60	21	0.825201165306429	0.997658065803488
K09710	group	GERD	-0.0092711954146405	0.0312808372610312	60	60	0.767994199140477	0.997658065803488
K09748	group	GERD	-0.00546569601680298	0.0174678687576804	60	60	0.755479005278021	0.997658065803488
K09760	group	GERD	0.015456335406934	0.0293750681202892	60	60	0.600775089973704	0.997658065803488
K09763	group	GERD	0.0727709902909951	0.722264655579649	60	20	0.920093294948422	0.997658065803488
K09764	group	GERD	0.0495653656993265	0.307767323810853	60	60	0.872615115582544	0.997658065803488
K09768	group	GERD	0.0690329401741487	0.239438905910295	60	60	0.774136301990312	0.997658065803488
K09772	group	GERD	-0.0610084217841842	0.129545452596288	60	60	0.63944847967804	0.997658065803488
K09774	group	GERD	0.0315452243578022	0.233758980712411	60	60	0.893120498745443	0.997658065803488
K09786	group	GERD	0.266816373593002	0.679978513633405	60	60	0.696208803118776	0.997658065803488
K09787	group	GERD	-0.0792200853236776	0.142630459012712	60	60	0.580742186316001	0.997658065803488
K09788	group	GERD	-0.0195838148461253	0.326616306028991	60	60	0.95239385851072	0.997658065803488
K09789	group	GERD	-0.0302951121762677	0.149588602580406	60	60	0.840216734895318	0.997658065803488
K09791	group	GERD	-0.0393721275024247	0.325990354955013	60	60	0.904285129089345	0.997658065803488
K09792	group	GERD	0.0854502777840515	0.324165465768954	60	60	0.793021821940145	0.997658065803488
K09794	group	GERD	0.108990070856756	0.336556588724101	60	60	0.747224993095283	0.997658065803488
K09796	group	GERD	0.0244123073456046	0.315083049451193	60	60	0.938509195457338	0.997658065803488
K09800	group	GERD	-0.0558016839355669	0.196195489491399	60	60	0.777102466444207	0.997658065803488
K09801	group	GERD	-0.0292306580111209	0.335108207733276	60	60	0.930791122426123	0.997658065803488
K09805	group	GERD	0.157824670392623	0.314344778443647	60	60	0.617515527711323	0.997658065803488
K09806	group	GERD	-0.0402122720324122	0.331210531803777	60	60	0.903785950131535	0.997658065803488
K09812	group	GERD	0.00930747739371114	0.0299248466902147	60	60	0.756894142408511	0.997658065803488
K09818	group	GERD	-0.0748524696136749	0.341058003014338	60	60	0.827053442870615	0.997658065803488
K09823	group	GERD	0.108488659243088	0.323598175734495	60	60	0.738640580104957	0.997658065803488
K09824	group	GERD	0.0624028280153674	0.232880225869183	60	60	0.789679996065678	0.997658065803488
K09826	group	GERD	-0.0326871281381579	0.623478707645235	60	24	0.958368601998883	0.997658065803488
K09836	group	GERD	-0.0651319023847475	0.492089593378943	60	17	0.895159393359402	0.997658065803488
K09844	group	GERD	0.0447354647224284	0.272450592535246	60	10	0.870147241686612	0.997658065803488
K09845	group	GERD	0.117135268901732	0.313342045914349	60	11	0.709897159935565	0.997658065803488
K09846	group	GERD	0.126038737906492	0.319039414774271	60	11	0.694250043670763	0.997658065803488
K09857	group	GERD	-0.0161630152765568	0.331615450807495	60	60	0.961293764505639	0.997658065803488
K09862	group	GERD	-0.0156798907038638	0.338013081806107	60	60	0.963160027408674	0.997658065803488
K09880	group	GERD	0.154417138099245	0.761074216320302	60	54	0.839928240343053	0.997658065803488
K09882	group	GERD	-0.190013107558657	0.745677526642962	60	42	0.799763955117049	0.997658065803488
K09883	group	GERD	0.354105393275872	0.66185142612083	60	34	0.594679703280492	0.997658065803488
K09889	group	GERD	-0.0262956136066323	0.330071514418112	60	60	0.936776816153073	0.997658065803488
K09890	group	GERD	0.0066788376235701	0.352200136075352	60	60	0.984935556815473	0.997658065803488
K09891	group	GERD	0.102836717649733	0.383251573218085	60	60	0.789399748122343	0.997658065803488
K09892	group	GERD	0.0417766678757178	0.359400078416182	60	60	0.907863877514336	0.997658065803488
K09893	group	GERD	0.111759168159514	0.385691184595438	60	60	0.773030670091034	0.997658065803488
K09894	group	GERD	0.111465608555289	0.385565554264568	60	60	0.773538451630129	0.997658065803488
K09895	group	GERD	0.0304741583170749	0.359571021574304	60	60	0.932750875431936	0.997658065803488
K09896	group	GERD	0.111536008408262	0.385538656014143	60	60	0.773384063847338	0.997658065803488
K09897	group	GERD	0.111759168159514	0.385691184595438	60	60	0.773030670091034	0.997658065803488
K09898	group	GERD	0.0551567326208032	0.3651621828169	60	60	0.880462593179983	0.997658065803488
K09899	group	GERD	0.111759168159514	0.385691184595438	60	60	0.773030670091034	0.997658065803488
K09900	group	GERD	0.108361744768315	0.389322225514382	60	60	0.781745612228057	0.997658065803488
K09901	group	GERD	0.0992735134186195	0.381214596386325	60	60	0.795466975607306	0.997658065803488
K09902	group	GERD	0.0283819819455202	0.36031827363613	60	60	0.937487338817195	0.997658065803488
K09903	group	GERD	0.00214923144221913	0.0189039618605152	60	60	0.909874495908203	0.997658065803488
K09904	group	GERD	0.109335264262174	0.385396459438283	60	60	0.777653952412139	0.997658065803488
K09906	group	GERD	0.0788682089714562	0.380026349731658	60	60	0.836320179190911	0.997658065803488
K09907	group	GERD	0.109335264262174	0.385396459438283	60	60	0.777653952412139	0.997658065803488
K09908	group	GERD	0.0579731684793886	0.365793109745466	60	60	0.874624216786164	0.997658065803488
K09909	group	GERD	0.0729058036054949	0.376316455005083	60	60	0.847060013336576	0.997658065803488
K09910	group	GERD	0.109335264262174	0.385396459438283	60	60	0.777653952412139	0.997658065803488
K09911	group	GERD	0.122794201187637	0.390247385776536	60	60	0.754151018519708	0.997658065803488
K09912	group	GERD	0.410379122158734	0.785111629041896	60	60	0.603172947125441	0.997658065803488
K09914	group	GERD	0.470510306312119	0.839758445927026	60	58	0.577437858031471	0.997658065803488
K09916	group	GERD	0.262420182690962	0.790354616783248	60	60	0.741064733099856	0.997658065803488
K09917	group	GERD	0.120660986801977	0.390079947288575	60	60	0.758183800058765	0.997658065803488
K09918	group	GERD	0.180390901433703	0.934725604607676	60	58	0.847642510598979	0.997658065803488
K09919	group	GERD	0.10910178992683	0.328700732446877	60	60	0.741147438709025	0.997658065803488
K09921	group	GERD	0.00855771968086249	0.326327213454925	60	60	0.979168414527884	0.997658065803488
K09922	group	GERD	0.16645797373014	0.376605099808982	60	60	0.660135767323052	0.997658065803488
K09923	group	GERD	0.0583001800276442	0.364043425004776	60	60	0.873322336184431	0.997658065803488
K09926	group	GERD	-0.0374322831000744	0.355914021535577	60	60	0.916602000982282	0.997658065803488
K09929	group	GERD	-0.00630903327152749	0.377383231901453	60	60	0.986719089951444	0.997658065803488
K09930	group	GERD	-0.0427220609772404	0.353789552816312	60	60	0.90430200102863	0.997658065803488
K09931	group	GERD	-0.0270164543745524	0.498112200514829	60	18	0.95693218748178	0.997658065803488
K09932	group	GERD	-0.0360500063833106	0.791921697292743	60	47	0.963847466251047	0.997658065803488
K09934	group	GERD	0.396576152797981	0.991166735002983	60	32	0.690545033562214	0.997658065803488
K09936	group	GERD	-0.0545322252162201	0.241021439770766	60	60	0.821798824792505	0.997658065803488
K09938	group	GERD	-0.267993592478648	0.746966278088909	60	22	0.721065377108363	0.997658065803488
K09939	group	GERD	0.0707684282740074	0.458483616398345	60	60	0.877867081926139	0.997658065803488
K09941	group	GERD	-0.0154679982701901	0.362723031725715	60	60	0.966131707894328	0.997658065803488
K09942	group	GERD	-0.0188909465810163	0.350418890954283	60	58	0.957192441216004	0.997658065803488
K09943	group	GERD	0.20384991001517	0.361142522661434	60	60	0.574618781577659	0.997658065803488
K09945	group	GERD	0.0104080627185787	0.861949650508194	60	48	0.990407198403148	0.997658065803488
K09946	group	GERD	0.00774428677711551	0.352496559607718	60	60	0.98254743752464	0.997658065803488
K09947	group	GERD	-0.122670858066252	0.450891767110813	60	57	0.7865399263365	0.997658065803488
K09948	group	GERD	-0.378989362783576	0.747227005679947	60	33	0.613941518969342	0.997658065803488
K09950	group	GERD	-0.224910496685089	0.77371024019296	60	22	0.772324682506033	0.997658065803488
K09951	group	GERD	0.00622658297798264	0.058350764196621	60	60	0.915387661169518	0.997658065803488
K09952	group	GERD	-0.0109608230803915	0.164343791660328	60	60	0.947054305728525	0.997658065803488
K09957	group	GERD	0.247797897657246	0.559964161931882	60	21	0.659755597048054	0.997658065803488
K09958	group	GERD	0.226453606862437	0.542306326883368	60	58	0.677799620102739	0.997658065803488
K09963	group	GERD	0.0372549674910003	0.231995044974894	60	60	0.872978132526072	0.997658065803488
K09964	group	GERD	-0.404726911464699	0.718318585212284	60	32	0.575309644254461	0.997658065803488
K09966	group	GERD	-0.240312530425008	0.724423848475456	60	41	0.741289512660564	0.997658065803488
K09977	group	GERD	-0.02201329700102	0.365774913171334	60	60	0.952217072127225	0.997658065803488
K09980	group	GERD	0.201085584896568	1.07833200012653	60	39	0.852720367106706	0.997658065803488
K09982	group	GERD	0.154154908547986	0.698883299683637	60	23	0.826199396688601	0.997658065803488
K09983	group	GERD	-0.206728813164802	0.470726373249834	60	57	0.662170340518637	0.997658065803488
K09985	group	GERD	-0.161756018450178	0.747450200553281	60	34	0.829427200533953	0.997658065803488
K09986	group	GERD	-0.451909037619831	0.792501355684629	60	50	0.570723325376914	0.997658065803488
K09987	group	GERD	-0.143381521071702	0.750201500353042	60	33	0.849095910228328	0.997658065803488
K09989	group	GERD	0.00473153665426541	0.295102431111476	60	60	0.987262661556095	0.997658065803488
K09990	group	GERD	0.0212822694045355	0.567757807464131	60	26	0.970227207641079	0.997658065803488
K09991	group	GERD	0.0245175436722819	0.709367922684397	60	33	0.972547262463179	0.997658065803488
K09994	group	GERD	0.139016634439594	1.16096737888434	60	40	0.905101285824682	0.997658065803488
K09996	group	GERD	0.144051816913718	0.913023694359873	60	56	0.875182537631793	0.997658065803488
K09997	group	GERD	0.110860482279034	0.385021910203874	60	60	0.774424482249168	0.997658065803488
K09998	group	GERD	0.111536008408262	0.385538656014143	60	60	0.773384063847338	0.997658065803488
K09999	group	GERD	0.111536008408262	0.385538656014143	60	60	0.773384063847338	0.997658065803488
K10000	group	GERD	0.111536008408262	0.385538656014143	60	60	0.773384063847338	0.997658065803488
K10010	group	GERD	-0.0598144700764514	0.272977789103378	60	60	0.827327054636026	0.997658065803488
K10011	group	GERD	0.351505512105893	0.68250031939712	60	60	0.608492092262439	0.997658065803488
K10014	group	GERD	0.104653309551288	0.920264375767901	60	56	0.909851764821141	0.997658065803488
K10021	group	GERD	-0.154046930180332	0.441923819799465	60	46	0.728664923850903	0.997658065803488
K10022	group	GERD	-0.439989852501378	0.792988089556941	60	20	0.581130450023962	0.997658065803488
K10038	group	GERD	0.363817383413859	0.670010956459478	60	58	0.589209097943185	0.997658065803488
K10107	group	GERD	0.0171479536743967	0.379763466589524	60	60	0.964139428190597	0.997658065803488
K10112	group	GERD	-0.0676512408169527	0.185547893985878	60	60	0.716734107741169	0.997658065803488
K10121	group	GERD	0.126221532143348	0.231645199452191	60	60	0.587917213279201	0.997658065803488
K10122	group	GERD	0.126221532143348	0.231645199452191	60	60	0.587917213279201	0.997658065803488
K10200	group	GERD	0.0499743561641481	0.957743775291106	60	34	0.95856516315337	0.997658065803488
K10201	group	GERD	0.23844414632374	0.914854497445617	60	33	0.795296269234061	0.997658065803488
K10212	group	GERD	-0.127098861930496	0.424135402495647	60	12	0.765503416407553	0.997658065803488
K10216	group	GERD	0.0711729855811009	0.259397275448363	60	13	0.784768825240976	0.997658065803488
K10218	group	GERD	0.0303623640407983	0.426023523861111	60	56	0.943428675668383	0.997658065803488
K10219	group	GERD	0.144149006806384	0.463764226084359	60	52	0.757048822008664	0.997658065803488
K10220	group	GERD	0.162399301087128	0.463590499749454	60	52	0.727376852931816	0.997658065803488
K10221	group	GERD	0.150264724582393	0.464211521979763	60	52	0.747330402852599	0.997658065803488
K10227	group	GERD	-0.18314684071762	0.78323987474167	60	28	0.815938509750137	0.997658065803488
K10228	group	GERD	-0.121447687172457	0.778843819180973	60	28	0.876627063208655	0.997658065803488
K10229	group	GERD	-0.121447687172457	0.778843819180973	60	28	0.876627063208655	0.997658065803488
K10235	group	GERD	-0.108855266319838	0.624655892200094	60	19	0.862264548917284	0.997658065803488
K10236	group	GERD	-0.0784920665767721	0.553850927185866	60	19	0.887791852595141	0.997658065803488
K10237	group	GERD	-0.330500720850274	0.654765928664983	60	20	0.615638761407079	0.997658065803488
K10238	group	GERD	0.0935182732231415	0.264586904136742	60	60	0.725032531231943	0.997658065803488
K10241	group	GERD	-0.307329743470631	0.61513008878328	60	16	0.619234559945857	0.997658065803488
K10242	group	GERD	-0.326828493494671	0.605777360768423	60	16	0.591593990720533	0.997658065803488
K10255	group	GERD	-0.204480944645828	0.554385123641053	60	23	0.713587946492686	0.997658065803488
K10353	group	GERD	-0.0145378898110407	0.776414726244695	60	36	0.985125239232411	0.997658065803488
K10530	group	GERD	-0.32469553536991	0.864449181989057	60	33	0.708577303713862	0.997658065803488
K10531	group	GERD	0.201696917929351	0.438154148317904	60	17	0.646998287846116	0.997658065803488
K10537	group	GERD	0.0163640085182443	0.950368307583253	60	56	0.98632132227853	0.997658065803488
K10538	group	GERD	0.0159842783672838	0.934831642500424	60	56	0.986416668518879	0.997658065803488
K10539	group	GERD	0.347167622806835	0.910823990495418	60	57	0.704478871779248	0.997658065803488
K10541	group	GERD	0.0717912216553842	0.13560464861087	60	60	0.598537768527968	0.997658065803488
K10542	group	GERD	0.0711981823990218	0.135586468044888	60	60	0.601506465633182	0.997658065803488
K10546	group	GERD	0.0861947287000452	0.238959769556395	60	60	0.71962809723588	0.997658065803488
K10547	group	GERD	0.0995330363849642	0.245781255663763	60	60	0.686992326806118	0.997658065803488
K10548	group	GERD	0.0574966776072016	0.2358240596934	60	60	0.808236972870554	0.997658065803488
K10552	group	GERD	0.160749063647658	0.521295561883924	60	19	0.758909781588742	0.997658065803488
K10553	group	GERD	0.0697658355386226	0.522844005711122	60	20	0.894311051515949	0.997658065803488
K10554	group	GERD	-0.0443786047023975	0.618567001477379	60	22	0.943052293207766	0.997658065803488
K10559	group	GERD	-0.122866063355044	0.721746959330121	60	51	0.865418335095648	0.997658065803488
K10560	group	GERD	-0.0421734916952138	0.952764323669186	60	35	0.964845735003564	0.997658065803488
K10561	group	GERD	-0.0674552972938531	0.667179276425876	60	51	0.919815652389597	0.997658065803488
K10670	group	GERD	-0.03521834194151	0.262596774631695	60	60	0.893775410821377	0.997658065803488
K10672	group	GERD	-0.0205406079367769	0.259122347050079	60	60	0.937090800483596	0.997658065803488
K10674	group	GERD	-0.0128166326685355	0.44715925114914	60	50	0.977232286043647	0.997658065803488
K10676	group	GERD	0.0446086164795528	0.199166929503133	60	8	0.823563055509776	0.997658065803488
K10679	group	GERD	-0.142287113779181	0.277335610919144	60	60	0.609864841309856	0.997658065803488
K10708	group	GERD	-0.124382155408411	0.70753262949646	60	17	0.861065722097987	0.997658065803488
K10709	group	GERD	0.17536503796466	0.699018221876731	60	50	0.802798673225125	0.997658065803488
K10710	group	GERD	0.0528305955823291	0.697251926475048	60	21	0.939863044154399	0.997658065803488
K10715	group	GERD	0.0611512946131065	0.381745887171944	60	12	0.873289198700774	0.997658065803488
K10747	group	GERD	0.0131943696419478	0.372609239280885	60	60	0.971873810129808	0.997658065803488
K10748	group	GERD	-0.0980863212174237	0.923945597235793	60	56	0.915821514327839	0.997658065803488
K10763	group	GERD	-0.0334029964359702	0.334336871628657	60	60	0.920761739960769	0.997658065803488
K10764	group	GERD	-0.0415261637004696	0.344517333616168	60	60	0.904476478951463	0.997658065803488
K10773	group	GERD	0.00590605633954868	0.0179467305275204	60	60	0.743274463557678	0.997658065803488
K10778	group	GERD	0.0266974712290639	0.18145598575209201	60	60	0.88354030121072	0.997658065803488
K10793	group	GERD	-0.0704485001870438	0.320046116409966	60	60	0.826550768237199	0.997658065803488
K10794	group	GERD	-0.148620759685693	0.332282075740863	60	60	0.65634398747947	0.997658065803488
K10795	group	GERD	-0.057656575106628	0.330162448826805	60	60	0.861977807794197	0.997658065803488
K10796	group	GERD	-0.057656575106628	0.330162448826805	60	60	0.861977807794197	0.997658065803488
K10800	group	GERD	-0.0657333254888976	0.415704130387825	60	14	0.8749073505056	0.997658065803488
K10806	group	GERD	0.103514196900529	0.329426017235794	60	60	0.754476951062443	0.997658065803488
K10823	group	GERD	0.0039550300157807404	0.13718124223948	60	60	0.97709859910472	0.997658065803488
K10831	group	GERD	-0.328004567004251	0.900138023114345	60	58	0.716889269303157	0.997658065803488
K10843	group	GERD	0.0565128585747533	0.31039912003989	60	60	0.856166447604364	0.997658065803488
K10844	group	GERD	-0.174152423519006	0.524650555267294	60	20	0.741131258504678	0.997658065803488
K10857	group	GERD	0.247606131563166	0.64455722986604	60	58	0.702272676106698	0.997658065803488
K10914	group	GERD	0.0906344035390511	0.327963643555722	60	60	0.783257785743303	0.997658065803488
K10916	group	GERD	0.159431033072972	0.319512455182355	60	11	0.619679263275583	0.997658065803488
K10926	group	GERD	-0.13018416589078	0.622380940048894	60	17	0.835047529823113	0.997658065803488
K10927	group	GERD	-0.179315205501861	0.631936932376071	60	17	0.777608693914583	0.997658065803488
K10941	group	GERD	0.207352883428884	0.891890936402292	60	26	0.816978354748244	0.997658065803488
K10942	group	GERD	-0.194546924437539	0.647886958486609	60	17	0.765037922456832	0.997658065803488
K10943	group	GERD	-0.333313491644639	0.776861000893179	60	19	0.669475144436402	0.997658065803488
K10975	group	GERD	0.230217705527101	0.447088966696966	60	60	0.608561681599535	0.997658065803488
K10979	group	GERD	0.152042801458609	0.439876425365445	60	60	0.73085716686546	0.997658065803488
K11016	group	GERD	0.338069719497072	0.63228171596626	60	54	0.594913583673869	0.997658065803488
K11045	group	GERD	-0.183440870455318	0.413393260767601	60	11	0.658878591175134	0.997658065803488
K11060	group	GERD	0.182900934754089	0.338576272890893	60	7	0.591123331603843	0.997658065803488
K11068	group	GERD	0.00986028073521173	0.0543206156621808	60	60	0.856592279924903	0.997658065803488
K11073	group	GERD	-0.0275760167846629	0.349511376074937	60	60	0.937384727939214	0.997658065803488
K11074	group	GERD	-0.0235942098146229	0.333350711077679	60	60	0.943817182048026	0.997658065803488
K11075	group	GERD	-0.0241353651019353	0.333234985807223	60	60	0.942510917273581	0.997658065803488
K11076	group	GERD	-0.0250041640666713	0.33259992610797	60	60	0.940331870962723	0.997658065803488
K11081	group	GERD	0.0980772445434782	0.453253360373715	60	31	0.829446899616348	0.997658065803488
K11082	group	GERD	0.149003966030242	0.515457789042325	60	31	0.773557681721618	0.997658065803488
K11083	group	GERD	0.0980772445434782	0.453253360373715	60	31	0.829446899616348	0.997658065803488
K11084	group	GERD	0.0980772445434782	0.453253360373715	60	31	0.829446899616348	0.997658065803488
K11104	group	GERD	0.0776214728932119	0.278649990723208	60	60	0.781571258887994	0.997658065803488
K11106	group	GERD	0.120586424209478	0.393037621361043	60	60	0.760089601735759	0.997658065803488
K11107	group	GERD	0.0439948795633449	0.363911622164977	60	60	0.904192522011957	0.997658065803488
K11159	group	GERD	-0.123612508417838	0.519951913576573	60	23	0.812921876884356	0.997658065803488
K11178	group	GERD	-0.285230735936141	0.891527523131819	60	37	0.75016738666671	0.997658065803488
K11179	group	GERD	0.0339508706143383	0.358732144530956	60	60	0.924925967747444	0.997658065803488
K11180	group	GERD	-0.175779743268348	0.337815925423092	60	58	0.604806039152917	0.997658065803488
K11181	group	GERD	-0.175779743268348	0.337815925423092	60	58	0.604806039152917	0.997658065803488
K11183	group	GERD	0.0978673733267543	0.330295145376118	60	60	0.768057253783077	0.997658065803488
K11192	group	GERD	0.304364335287024	1.00755215271066	60	28	0.76366942205206	0.997658065803488
K11200	group	GERD	0.0760340674866514	0.747721472741719	60	21	0.919355310481253	0.997658065803488
K11201	group	GERD	-0.168952042566376	1.22847379870274	60	36	0.891088188389219	0.997658065803488
K11208	group	GERD	0.10094898016498	0.746442814489972	60	44	0.89289032663054	0.997658065803488
K11209	group	GERD	0.0398641914384528	0.205194192541153	60	60	0.846639080028732	0.997658065803488
K11210	group	GERD	-0.139569515509937	0.330741353967593	60	7	0.67459248973142	0.997658065803488
K11211	group	GERD	-0.0429885754079468	0.434857785038005	60	60	0.921592979754579	0.997658065803488
K11258	group	GERD	0.0933165332186271	0.378679967694882	60	60	0.806222669990605	0.997658065803488
K11329	group	GERD	0.105784139824541	0.444891006049607	60	51	0.812893268827561	0.997658065803488
K11333	group	GERD	0.117135268901732	0.313342045914349	60	11	0.709897159935565	0.997658065803488
K11334	group	GERD	0.117135268901732	0.313342045914349	60	11	0.709897159935565	0.997658065803488
K11335	group	GERD	0.117135268901732	0.313342045914349	60	11	0.709897159935565	0.997658065803488
K11336	group	GERD	0.117135268901732	0.313342045914349	60	11	0.709897159935565	0.997658065803488
K11337	group	GERD	0.0477858199006494	0.419057872074203	60	13	0.909606602139583	0.997658065803488
K11382	group	GERD	0.322990788796344	1.08461577758083	60	41	0.766925410439861	0.997658065803488
K11383	group	GERD	-0.171496259622175	0.597006536321415	60	12	0.774936869342583	0.997658065803488
K11384	group	GERD	-0.249417006497371	0.636811706480108	60	30	0.69674092871748206	0.997658065803488
K11387	group	GERD	-0.0636005267672821	0.369694255115942	60	58	0.864008511531767	0.997658065803488
K11391	group	GERD	-0.321346717993793	1.10805920717358	60	43	0.772843961126818	0.997658065803488
K11392	group	GERD	0.266940244381596	0.847057841319367	60	58	0.753787800359256	0.997658065803488
K11444	group	GERD	-0.0268102617637395	0.747853405249607	60	22	0.971525365811704	0.997658065803488
K11474	group	GERD	0.395028370720655	0.864460671715786	60	31	0.649403057802318	0.997658065803488
K11475	group	GERD	-0.11451876579112	0.485540092344041	60	54	0.814373342315143	0.997658065803488
K11477	group	GERD	0.357195514513485	0.838266761337632	60	29	0.671603499497076	0.997658065803488
K11527	group	GERD	0.22575355923823	0.550649366457446	60	58	0.683333242950842	0.997658065803488
K11532	group	GERD	0.356636088125748	0.626709203092808	60	23	0.571511598435937	0.997658065803488
K11535	group	GERD	0.311005094450172	0.71840457294769	60	59	0.666685199927262	0.997658065803488
K11537	group	GERD	-0.0665790627412196	0.1763490999789	60	60	0.707149455139027	0.997658065803488
K11604	group	GERD	0.0660918898898693	0.416416170507092	60	60	0.874444025986646	0.997658065803488
K11605	group	GERD	0.0660646827032527	0.416412284184731	60	60	0.874494111023315	0.997658065803488
K11606	group	GERD	0.113558931772954	0.365269017264665	60	60	0.756997901838413	0.997658065803488
K11607	group	GERD	0.0630353341601271	0.415808264956454	60	60	0.880030783573368	0.997658065803488
K11614	group	GERD	-0.00465487673627555	0.357673172808742	60	59	0.989661023640682	0.997658065803488
K11616	group	GERD	-0.3223957511028	0.814907679528912	60	30	0.693835086214168	0.997658065803488
K11646	group	GERD	-0.023175461919187	0.519580899814295	60	30	0.964576053120902	0.997658065803488
K11685	group	GERD	-0.116228137914495	1.11303352188419	60	39	0.917192634773666	0.997658065803488
K11691	group	GERD	-0.0144999169442766	0.582719583062057	60	20	0.980233557721178	0.997658065803488
K11711	group	GERD	-0.0403899833183746	0.41040330212496	60	56	0.921941828559627	0.997658065803488
K11719	group	GERD	-0.0561422355628869	0.257079892188558	60	60	0.827896213866454	0.997658065803488
K11732	group	GERD	-0.114824636863897	1.11329964788367	60	39	0.918208427641583	0.997658065803488
K11734	group	GERD	0.10850923285553	0.329643129962736	60	60	0.743211542737487	0.997658065803488
K11736	group	GERD	0.21774984414338	0.905644922920558	60	56	0.810839930925881	0.997658065803488
K11742	group	GERD	0.185795563204442	0.85634636540939	60	58	0.828998485571909	0.997658065803488
K11743	group	GERD	0.185795563204442	0.85634636540939	60	58	0.828998485571909	0.997658065803488
K11747	group	GERD	0.00805534537569401	0.355479514306008	60	60	0.981998861427519	0.997658065803488
K11750	group	GERD	0.345407379053379	0.880239762201856	60	58	0.696199947076105	0.997658065803488
K11751	group	GERD	0.0946996567038461	0.373469568212812	60	60	0.800726582801024	0.997658065803488
K11753	group	GERD	0.00128338083944732	0.0187488755700643	60	60	0.945662001363691	0.997658065803488
K11783	group	GERD	-0.0650719648838822	0.672343692183895	60	36	0.923231766138375	0.997658065803488
K11890	group	GERD	0.0874496149320193	0.512125212365535	60	57	0.865008146741728	0.997658065803488
K11891	group	GERD	-0.0939284655515641	0.379177625706522	60	60	0.80522882056664	0.997658065803488
K11892	group	GERD	0.20894130713795	0.372464874398092	60	60	0.576979465183287	0.997658065803488
K11893	group	GERD	0.184115131169913	0.358634917098495	60	60	0.609637341574011	0.997658065803488
K11894	group	GERD	-0.269795912605852	1.09096217006136	60	19	0.805548700947851	0.997658065803488
K11895	group	GERD	0.183737706971937	0.358555446940018	60	60	0.610289991074165	0.997658065803488
K11896	group	GERD	0.183385447803333	0.358477279090961	60	60	0.610895705560093	0.997658065803488
K11898	group	GERD	0.133034845661744	0.671398776536911	60	50	0.843623866295303	0.997658065803488
K11900	group	GERD	0.171182150640294	0.361227832999541	60	60	0.637357654703962	0.997658065803488
K11901	group	GERD	0.191349946893149	0.362047476135322	60	60	0.599153963796175	0.997658065803488
K11902	group	GERD	0.356443473002678	0.836918407575692	60	52	0.671757151568374	0.997658065803488
K11903	group	GERD	0.193830685711159	0.347168540508897	60	60	0.578775823681127	0.997658065803488
K11904	group	GERD	0.0592502836913337	0.348279924310321	60	60	0.865505756838425	0.997658065803488
K11907	group	GERD	-0.0996927842152693	0.380028460261824	60	60	0.793996710496016	0.997658065803488
K11909	group	GERD	-0.378441460834186	0.794178038165969	60	16	0.635494561758943	0.997658065803488
K11912	group	GERD	-0.0129146101198817	0.346883449830718	60	7	0.970429146048602	0.997658065803488
K11913	group	GERD	-0.127903984261819	0.344861466008328	60	7	0.712074333246128	0.997658065803488
K11914	group	GERD	-0.161880360645362	0.593317677667585	60	12	0.785945868908037	0.997658065803488
K11915	group	GERD	-0.118508806944848	0.510639677919654	60	12	0.817293486023667	0.997658065803488
K11923	group	GERD	0.0352540838174955	0.9093808527184	60	56	0.969209185598179	0.997658065803488
K11925	group	GERD	-0.0978984994090087	0.923989474797347	60	56	0.915986065942869	0.997658065803488
K11926	group	GERD	-0.118050213612701	0.926195645766246	60	56	0.899019502466841	0.997658065803488
K11928	group	GERD	-0.0177374182529755	0.165666854728113	60	60	0.915105484531039	0.997658065803488
K11929	group	GERD	0.249100553983677	0.891216056930807	60	56	0.78085059952176	0.997658065803488
K11930	group	GERD	0.131080737224947	1.12517262450366	60	27	0.907660057210845	0.997658065803488
K11931	group	GERD	-0.171425531398761	0.504585521645798	60	54	0.735283071321526	0.997658065803488
K11932	group	GERD	0.401894963318025	0.845018215773071	60	55	0.636142194617134	0.997658065803488
K11935	group	GERD	0.195189282505811	0.47356592672824	60	51	0.68173486626559	0.997658065803488
K11937	group	GERD	-0.0656256774530037	0.827348332765621	60	34	0.937050751729395	0.997658065803488
K11938	group	GERD	0.0928861473819256	0.950633334370779	60	52	0.922499655621787	0.997658065803488
K11941	group	GERD	0.167750661563334	0.905008342454517	60	56	0.853594826966998	0.997658065803488
K11959	group	GERD	-0.0516802237170332	0.289065889899475	60	60	0.858730721630699	0.997658065803488
K11960	group	GERD	-0.0498223122860166	0.279172328294371	60	60	0.858980212195854	0.997658065803488
K11961	group	GERD	-0.017656807940576	0.279730115067278	60	60	0.949887290118608	0.997658065803488
K11962	group	GERD	-0.0487351351496429	0.279363769385986	60	60	0.862118986134784	0.997658065803488
K11963	group	GERD	-0.0206604302550767	0.279390394291331	60	60	0.941306013130134	0.997658065803488
K12055	group	GERD	0.113254903713355	0.44344149763601	60	9	0.799317808702068	0.997658065803488
K12057	group	GERD	-0.202416910030377	0.697071120955163	60	22	0.772559750175777	0.997658065803488
K12058	group	GERD	-0.190823893531086	0.701085185840462	60	22	0.786447465943137	0.997658065803488
K12059	group	GERD	0.160736373997487	0.432763725012842	60	9	0.711679360401278	0.997658065803488
K12060	group	GERD	-0.25773559345151	0.791879685830252	60	22	0.74599425205591	0.997658065803488
K12062	group	GERD	-0.25773559345151	0.791879685830252	60	22	0.74599425205591	0.997658065803488
K12063	group	GERD	-0.0104362874815389	0.825838378455809	60	23	0.989960608074288	0.997658065803488
K12064	group	GERD	0.203767745184147	0.413358781854726	60	9	0.623904801079463	0.997658065803488
K12069	group	GERD	-0.249125371761083	0.498906204461596	60	16	0.619426614255168	0.997658065803488
K12071	group	GERD	-0.313439479227217	0.611038563468462	60	18	0.609926305808639	0.997658065803488
K12072	group	GERD	-0.25773559345151	0.791879685830252	60	22	0.74599425205591	0.997658065803488
K12112	group	GERD	-0.071077778593331	1.11779420216414	60	36	0.949517301521867	0.997658065803488
K12113	group	GERD	-0.411627687868727	1.14168428536546	60	36	0.719749969566828	0.997658065803488
K12147	group	GERD	0.21691057528798	0.905600653883631	60	56	0.81154588217176	0.997658065803488
K12148	group	GERD	0.140489134516153	0.906730740732988	60	56	0.877406320878148	0.997658065803488
K12149	group	GERD	-0.120522052821263	1.07325466813588	60	56	0.910976579307302	0.997658065803488
K12151	group	GERD	0.0977057106210232	0.951439856385515	60	52	0.918561284920994	0.997658065803488
K12152	group	GERD	-0.230337061246359	0.875941679308013	60	58	0.793513778938388	0.997658065803488
K12254	group	GERD	-0.365725437865592	0.851065424701518	60	25	0.668986863741668	0.997658065803488
K12255	group	GERD	-0.201277145076182	0.733575449931133	60	42	0.784768872969253	0.997658065803488
K12256	group	GERD	-0.150589104134216	0.871280852928328	60	30	0.863381710216115	0.997658065803488
K12262	group	GERD	0.0233252259355337	0.310832465642397	60	60	0.940440200679266	0.997658065803488
K12264	group	GERD	-0.440276505850285	1.13354418648229	60	39	0.699136943891072	0.997658065803488
K12265	group	GERD	-0.459798486113032	1.13574314577804	60	39	0.687081660609973	0.997658065803488
K12266	group	GERD	0.399073244673668	1.13462313582611	60	46	0.726320535214905	0.997658065803488
K12276	group	GERD	-0.13018416589078	0.622380940048894	60	17	0.835047529823113	0.997658065803488
K12278	group	GERD	0.272488416181297	0.778600204322661	60	38	0.727627272315834	0.997658065803488
K12279	group	GERD	-0.13018416589078	0.622380940048894	60	17	0.835047529823113	0.997658065803488
K12280	group	GERD	-0.13018416589078	0.622380940048894	60	17	0.835047529823113	0.997658065803488
K12281	group	GERD	0.00875399128729796	0.616110363995116	60	16	0.988712417787344	0.997658065803488
K12282	group	GERD	-0.289984857587303	0.624538446788552	60	19	0.644157655025572	0.997658065803488
K12283	group	GERD	-0.13018416589078	0.622380940048894	60	17	0.835047529823113	0.997658065803488
K12284	group	GERD	-0.13018416589078	0.622380940048894	60	17	0.835047529823113	0.997658065803488
K12285	group	GERD	-0.13018416589078	0.622380940048894	60	17	0.835047529823113	0.997658065803488
K12288	group	GERD	0.140489134516153	0.906730740732988	60	56	0.877406320878148	0.997658065803488
K12289	group	GERD	0.218539765124721	0.905852455924635	60	56	0.81020977356517	0.997658065803488
K12290	group	GERD	0.0349055355180777	1.10460452923434	60	40	0.974899512190632	0.997658065803488
K12291	group	GERD	0.511444449086098	0.991848645846555	60	49	0.608060574628229	0.997658065803488
K12297	group	GERD	-0.0699520164068551	0.302208719639211	60	60	0.817764969509832	0.997658065803488
K12299	group	GERD	0.290520394829427	1.12069353465286	60	29	0.79637360457032	0.997658065803488
K12308	group	GERD	-0.0989125185879203	0.203750305475146	60	60	0.629179266203055	0.997658065803488
K12339	group	GERD	0.130011736581424	0.234082665585205	60	60	0.580750632326982	0.997658065803488
K12368	group	GERD	0.00801286332414816	0.355233189202037	60	60	0.982081364567141	0.997658065803488
K12369	group	GERD	0.0387214350848244	0.357808335492069	60	60	0.914195982737915	0.997658065803488
K12370	group	GERD	0.0393363568815487	0.357795461281892	60	60	0.912835766066664	0.997658065803488
K12371	group	GERD	0.0387214350848244	0.357808335492069	60	60	0.914195982737915	0.997658065803488
K12372	group	GERD	0.0388818535109219	0.357822246185676	60	60	0.91384526066112	0.997658065803488
K12373	group	GERD	0.0691772910046333	0.140856664512152	60	60	0.625196013621437	0.997658065803488
K12410	group	GERD	-0.01731083054737	0.0512491326812062	60	60	0.736749987980408	0.997658065803488
K12428	group	GERD	-0.0292725355495832	0.360810153433022	60	58	0.935617864378073	0.997658065803488
K12437	group	GERD	-0.0323761823626319	0.361275529274268	60	58	0.928900867545707	0.997658065803488
K12472	group	GERD	-0.0629348544936622	0.463728389684017	60	57	0.892516598744158	0.997658065803488
K12500	group	GERD	0.0334773499547397	0.361108107767367	60	60	0.926455601875938	0.997658065803488
K12507	group	GERD	0.284621748689417	1.17468313109649	60	29	0.809405065973302	0.997658065803488
K12508	group	GERD	-0.171623222300451	0.47423946680753	60	55	0.71874829812666	0.997658065803488
K12525	group	GERD	-0.133779152843271	0.928270003924681	60	56	0.88590795571028	0.997658065803488
K12526	group	GERD	0.0611512946131065	0.381745887171944	60	12	0.873289198700774	0.997658065803488
K12528	group	GERD	0.0330430098402505	1.09079683131765	60	32	0.975937742739203	0.997658065803488
K12529	group	GERD	0.21316787202298	0.942793980990451	60	31	0.821916777094462	0.997658065803488
K12538	group	GERD	-0.250485750675332	0.45914981153942	60	27	0.587472496390456	0.997658065803488
K12541	group	GERD	0.0646107343865002	0.344977615416754	60	60	0.852087187290988	0.997658065803488
K12542	group	GERD	0.0878156179442172	0.343890930604856	60	60	0.799349282718656	0.997658065803488
K12543	group	GERD	0.0861358776449452	0.343916729302082	60	60	0.803120101968793	0.997658065803488
K12552	group	GERD	-0.0977207835076204	0.491831893716318	60	48	0.843202141908475	0.997658065803488
K12573	group	GERD	0.00845855526308857	0.0162941407188945	60	60	0.60565487377262	0.997658065803488
K12582	group	GERD	0.0350188127356729	0.909346438791953	60	56	0.96941341011657	0.997658065803488
K12585	group	GERD	-0.0362627064981163	0.463691329342697	60	60	0.937934634421415	0.997658065803488
K12660	group	GERD	0.373350752572367	1.12732573748628	60	28	0.741700113058047	0.997658065803488
K12678	group	GERD	0.33542725548848	1.03131728201258	60	27	0.746168610532896	0.997658065803488
K12685	group	GERD	-0.190684274073292	0.60015669634094	60	50	0.751835274119618	0.997658065803488
K12686	group	GERD	0.071376764013944	0.733969705308478	60	43	0.922865074131173	0.997658065803488
K12733	group	GERD	-0.118417175860692	0.45256383298494	60	8	0.794511724123728	0.997658065803488
K12943	group	GERD	0.0928861473819256	0.950633334370779	60	52	0.922499655621787	0.997658065803488
K12944	group	GERD	0.410484216219961	0.908552240288739	60	48	0.653097881903822	0.997658065803488
K12961	group	GERD	0.140898584234366	0.879500468481804	60	58	0.873277841405646	0.997658065803488
K12963	group	GERD	-0.12775960152069	0.926640415578127	60	56	0.890817561732576	0.997658065803488
K12973	group	GERD	-0.0832025104261536	0.904044120469519	60	56	0.926988424379816	0.997658065803488
K12974	group	GERD	0.217886737679066	0.90599955182188	60	56	0.810795970853053	0.997658065803488
K12975	group	GERD	0.217096816697725	0.90579205252008	60	56	0.811426284113976	0.997658065803488
K12976	group	GERD	-0.346890790716536	0.749973025868549	60	21	0.645426398205204	0.997658065803488
K12979	group	GERD	-0.261962100458966	0.767598481588308	60	50	0.734129929558259	0.997658065803488
K12982	group	GERD	0.0126852723394606	0.450760716484141	60	60	0.97764556896505606	0.997658065803488
K12984	group	GERD	0.0591340242261907	0.459075732490699	60	60	0.897952803891169	0.997658065803488
K12998	group	GERD	-0.246725436495597	0.458580680461039	60	58	0.592622118159009	0.997658065803488
K12999	group	GERD	0.201482779581447	0.476826869664703	60	57	0.674186680594308	0.997658065803488
K13002	group	GERD	0.0596546942146749	0.452795807866077	60	20	0.895640014950777	0.997658065803488
K13006	group	GERD	0.0344686817409984	0.33751808375994	60	13	0.919010541859834	0.997658065803488
K13007	group	GERD	-0.215571768925703	0.586703683949681	60	15	0.714636618078109	0.997658065803488
K13012	group	GERD	0.226930677425542	0.420179653454283	60	60	0.59120957966428	0.997658065803488
K13013	group	GERD	0.117557715822555	0.378205780599975	60	19	0.757044184203983	0.997658065803488
K13014	group	GERD	-0.0980863212174237	0.923945597235793	60	56	0.915821514327839	0.997658065803488
K13015	group	GERD	-0.111182235558971	0.310639954296639	60	60	0.721707329721044	0.997658065803488
K13020	group	GERD	-0.00760360697954487	0.483843441332721	60	44	0.987515682245743	0.997658065803488
K13021	group	GERD	0.166611977013899	0.560061137442199	60	31	0.767156221796142	0.997658065803488
K13049	group	GERD	0.339008154048973	0.71677021852087	60	52	0.638012364079902	0.997658065803488
K13053	group	GERD	0.258955825178084	0.922949066793992	60	58	0.780035292769622	0.997658065803488
K13059	group	GERD	0.0371942096043039	0.542026374399585	60	58	0.945527598937037	0.997658065803488
K13069	group	GERD	0.174385345717805	0.63102300165507	60	57	0.783259041282821	0.997658065803488
K13237	group	GERD	-0.246930139100298	0.449300178347153	60	7	0.58471182623045	0.997658065803488
K13255	group	GERD	0.219296951817922	1.05886721534404	60	45	0.83665307641128694	0.997658065803488
K13256	group	GERD	0.0388913339582044	0.295390563615734	60	60	0.895708315613347	0.997658065803488
K13275	group	GERD	-0.0539951581415943	0.487297218136706	60	14	0.912153215667169	0.997658065803488
K13281	group	GERD	0.0622289329575373	1.25861958679371	60	27	0.960736762805213	0.997658065803488
K13282	group	GERD	0.339076359335312	0.903407631511021	60	37	0.708783881450438	0.997658065803488
K13283	group	GERD	0.0996990540996036	0.381027867700477	60	60	0.794511981971458	0.997658065803488
K13301	group	GERD	0.0350662620090796	0.909336188795632	60	56	0.969371642165701	0.997658065803488
K13408	group	GERD	0.0678416013891631	0.63481826480237	60	55	0.915262692323883	0.997658065803488
K13409	group	GERD	-0.182854543666964	0.676249068277652	60	55	0.787816052682239	0.997658065803488
K13421	group	GERD	-0.0944139712047473	0.546383744628804	60	19	0.863411877070308	0.997658065803488
K13480	group	GERD	0.420526217525849	0.741544331742396	60	25	0.572837887720806	0.997658065803488
K13481	group	GERD	-0.213265191776922	0.536777301190218	60	55	0.692599721362938	0.997658065803488
K13483	group	GERD	-0.0112751702923434	0.866490616638949	60	36	0.989662513061297	0.997658065803488
K13485	group	GERD	0.206461565743603	0.480608334999623	60	49	0.669090131997888	0.997658065803488
K13486	group	GERD	0.0806496492355196	0.751867479978912	60	23	0.914948319139591	0.997658065803488
K13487	group	GERD	0.10791480416205	0.748983476441124	60	23	0.88593543017985	0.997658065803488
K13488	group	GERD	0.10791480416205	0.748983476441124	60	23	0.88593543017985	0.997658065803488
K13489	group	GERD	0.10791480416205	0.748983476441124	60	23	0.88593543017985	0.997658065803488
K13490	group	GERD	0.0528455809427275	0.756723526641452	60	23	0.944565430920991	0.997658065803488
K13491	group	GERD	0.10791480416205	0.748983476441124	60	23	0.88593543017985	0.997658065803488
K13498	group	GERD	0.0445577081782947	0.253426213324721	60	60	0.861046819934499	0.997658065803488
K13522	group	GERD	0.207014756385622	0.430252656016694	60	56	0.632222304002234	0.997658065803488
K13525	group	GERD	-0.0912680047844635	0.680771550904789	60	47	0.893814873897973	0.997658065803488
K13529	group	GERD	-0.125784226605257	0.752468983945146	60	53	0.867824031082867	0.997658065803488
K13531	group	GERD	0.490976487294606	0.864532000332834	60	40	0.572288018936886	0.997658065803488
K13542	group	GERD	0.0328267955762491	0.15289713296784	60	60	0.830755442375205	0.997658065803488
K13543	group	GERD	0.0946815965800515	0.343804886673734	60	60	0.783992768951251	0.997658065803488
K13580	group	GERD	-0.144516324853717	0.51809689097326	60	54	0.781285452827362	0.997658065803488
K13583	group	GERD	0.281432267880251	0.658191394949343	60	33	0.670537227562068	0.997658065803488
K13584	group	GERD	-0.228746339708589	0.738347529122906	60	33	0.757816985603154	0.997658065803488
K13587	group	GERD	0.258755688915504	0.653751771665498	60	33	0.693703968191286	0.997658065803488
K13588	group	GERD	0.268984306628078	0.650884554279349	60	33	0.680940356007707	0.997658065803488
K13590	group	GERD	0.0431713654869217	0.335050804421577	60	60	0.897921952019927	0.997658065803488
K13598	group	GERD	-0.298894836598198	0.742270835874075	60	44	0.688666782509034	0.997658065803488
K13612	group	GERD	-0.117207934339853	0.282205064037825	60	9	0.679433609380263	0.997658065803488
K13620	group	GERD	-0.0764166963209349	1.12577823880825	60	36	0.946115425023983	0.997658065803488
K13629	group	GERD	-0.115478930422194	1.11343708466217	60	39	0.917754172137194	0.997658065803488
K13630	group	GERD	-0.116228137914495	1.11303352188419	60	39	0.917192634773666	0.997658065803488
K13631	group	GERD	0.481837455823195	1.11024791604981	60	33	0.665905213106525	0.997658065803488
K13632	group	GERD	-0.114824636863897	1.11329964788367	60	39	0.918208427641583	0.997658065803488
K13633	group	GERD	0.330819519878757	0.834946751885521	60	29	0.693399381623639	0.997658065803488
K13634	group	GERD	-0.0199510943636319	0.337203524101314	60	60	0.953023016694097	0.997658065803488
K13638	group	GERD	-0.12233382390022	0.930717784628887	60	56	0.895881894497548	0.997658065803488
K13639	group	GERD	0.368755517530973	1.07588068063459	60	49	0.733027458050933	0.997658065803488
K13640	group	GERD	-0.0860557910610524	0.236542699222135	60	60	0.717325278595444	0.997658065803488
K13643	group	GERD	-0.0653393815461159	0.25609569772483	60	60	0.799520166843844	0.997658065803488
K13650	group	GERD	-0.0731502431375891	1.12538434112053	60	36	0.948397337928209	0.997658065803488
K13654	group	GERD	0.0977913405487757	1.13661299785383	60	34	0.93173293593961	0.997658065803488
K13665	group	GERD	-0.26038680031294	0.525191922545753	60	17	0.621913543296539	0.997658065803488
K13683	group	GERD	-0.165571529855947	1.12523932683991	60	36	0.883529138751364	0.997658065803488
K13684	group	GERD	-0.0731502431375891	1.12538434112053	60	36	0.948397337928209	0.997658065803488
K13686	group	GERD	-0.0245566202873362	0.365190197717644	60	58	0.94661922733657	0.997658065803488
K13687	group	GERD	-0.0551152048631823	0.366969122859498	60	58	0.881135562597314	0.997658065803488
K13688	group	GERD	0.0411463042664261	0.616890958615464	60	24	0.947050341755234	0.997658065803488
K13689	group	GERD	-0.124056104879803	0.249230613643572	60	9	0.620537856773213	0.997658065803488
K13694	group	GERD	0.066759435166126	0.171192971793791	60	60	0.697990130340551	0.997658065803488
K13695	group	GERD	0.0792398210024358	0.347881186671338	60	60	0.820619592618892	0.997658065803488
K13714	group	GERD	-0.0096255508956431	0.722118399294024	60	23	0.98941057699947	0.997658065803488
K13727	group	GERD	0.415197411426866	0.881479436982991	60	36	0.639390871899054	0.997658065803488
K13732	group	GERD	-0.137811833945613	0.464588204210738	60	57	0.767806965568999	0.997658065803488
K13735	group	GERD	0.354501227963185	1.3597948980128	60	37	0.795245736288528	0.997658065803488
K13745	group	GERD	-0.275802081075499	0.5802687277891	60	59	0.636357862922075	0.997658065803488
K13766	group	GERD	0.0737830120056724	0.247088827252152	60	60	0.766305446526191	0.997658065803488
K13775	group	GERD	-0.177705433641395	0.670164385359834	60	26	0.791821039860958	0.997658065803488
K13788	group	GERD	-0.111045581834461	0.226669824368908	60	60	0.626052548129445	0.997658065803488
K13797	group	GERD	0.278984518547169	0.507089949471585	60	21	0.584316995224079	0.997658065803488
K13810	group	GERD	-0.238912899478707	0.57113486061493	60	24	0.677263444414756	0.997658065803488
K13815	group	GERD	0.0356522685939979	0.447066717893439	60	14	0.936712930996821	0.997658065803488
K13818	group	GERD	0.188871506701774	0.338151682473189	60	60	0.578625195733793	0.997658065803488
K13853	group	GERD	-0.269788783418555	0.615469789075543	60	26	0.662763797785536	0.997658065803488
K13888	group	GERD	0.0592079941985024	0.188498477611571	60	60	0.754569608055912	0.997658065803488
K13893	group	GERD	-0.0187708144103007	0.327798444738779	60	60	0.954532294336537	0.997658065803488
K13894	group	GERD	-0.00835149043675326	0.334531214948461	60	60	0.980168770143509	0.997658065803488
K13895	group	GERD	-0.00835682659534325	0.334530443689726	60	60	0.980156055981192	0.997658065803488
K13896	group	GERD	-0.00977705643757096	0.335592454252909	60	60	0.976857960076063	0.997658065803488
K13918	group	GERD	-0.116228137914495	1.11303352188419	60	39	0.917192634773666	0.997658065803488
K13919	group	GERD	0.100641917659632	0.386348678785495	60	60	0.795404558814655	0.997658065803488
K13920	group	GERD	0.100641917659632	0.386348678785495	60	60	0.795404558814655	0.997658065803488
K13921	group	GERD	0.0976709544768586	0.385970494830663	60	60	0.801122104180009	0.997658065803488
K13922	group	GERD	0.126242605811487	0.360830213634965	60	60	0.727705753541374	0.997658065803488
K13923	group	GERD	0.0880644587252384	0.402040128981249	60	60	0.82738481314241	0.997658065803488
K13924	group	GERD	0.374494379863647	0.782416548427252	60	35	0.633995562860611	0.997658065803488
K13928	group	GERD	-0.187710390825567	0.967767803006558	60	33	0.846883194569464	0.997658065803488
K13929	group	GERD	0.0988836354484528	0.960125287529577	60	39	0.918325907449061	0.997658065803488
K13930	group	GERD	0.0979417069502605	0.959983243219748	60	39	0.919089222101715	0.997658065803488
K13931	group	GERD	0.0988836354484528	0.960125287529577	60	39	0.918325907449061	0.997658065803488
K13932	group	GERD	0.0945560920284404	0.960770078811035	60	39	0.921940535484905	0.997658065803488
K13933	group	GERD	0.0988836354484528	0.960125287529577	60	39	0.918325907449061	0.997658065803488
K13934	group	GERD	0.0988836354484528	0.960125287529577	60	39	0.918325907449061	0.997658065803488
K13935	group	GERD	-0.167195741138238	0.965833193236014	60	33	0.863167392719017	0.997658065803488
K13936	group	GERD	0.370521044544298	0.744965769626661	60	24	0.620810934378812	0.997658065803488
K13938	group	GERD	0.10359011260921	0.97795173221969	60	55	0.916006900762109	0.997658065803488
K13979	group	GERD	-0.0575575611012494	0.223961020480457	60	60	0.798089746599707	0.997658065803488
K13991	group	GERD	0.117135268901732	0.313342045914349	60	11	0.709897159935565	0.997658065803488
K13995	group	GERD	-0.0266445236615894	0.339618032025836	60	45	0.937736659617015	0.997658065803488
K14048	group	GERD	0.16204211163309	0.574398861596921	60	19	0.778865452307514	0.997658065803488
K14051	group	GERD	-0.0246807720908819	1.12414096866137	60	38	0.982559028588943	0.997658065803488
K14052	group	GERD	0.24834661390062	0.601740470070891	60	36	0.681337985194743	0.997658065803488
K14054	group	GERD	0.117822354803557	0.944716987134968	60	52	0.901178783615439	0.997658065803488
K14056	group	GERD	-0.246822541792627	0.642112514967628	60	38	0.702094134994702	0.997658065803488
K14057	group	GERD	0.370944543222793	0.704326277314066	60	39	0.600434198237171	0.997658065803488
K14058	group	GERD	-0.0321024702566836	0.333118202827688	60	60	0.92355925111472	0.997658065803488
K14061	group	GERD	0.252234414213517	0.925134203299896	60	48	0.786093486958947	0.997658065803488
K14062	group	GERD	0.0681188082452722	1.02858775623928	60	45	0.947425995328636	0.997658065803488
K14064	group	GERD	0.0928861473819256	0.950633334370779	60	52	0.922499655621787	0.997658065803488
K14080	group	GERD	0.0198082992734638	0.658960544815207	60	32	0.976122467537592	0.997658065803488
K14084	group	GERD	-0.0479601786273946	0.207983812184326	60	7	0.818440339570169	0.997658065803488
K14136	group	GERD	-0.0689422434650684	0.374115463003328	60	58	0.854436095717131	0.997658065803488
K14138	group	GERD	0.137590209687324	0.754093434085252	60	22	0.855859740937107	0.997658065803488
K14153	group	GERD	0.176320021478125	0.425806258041291	60	60	0.680339152911683	0.997658065803488
K14159	group	GERD	-0.24542508521915	0.750733823055983	60	34	0.744910142343021	0.997658065803488
K14160	group	GERD	0.16688873589536601	0.323948480943558	60	60	0.608391784570975	0.997658065803488
K14161	group	GERD	-0.0371445508734036	0.221844485435607	60	60	0.867610148215303	0.997658065803488
K14166	group	GERD	0.125228498110313	0.391514007051822	60	11	0.750226105969167	0.997658065803488
K14170	group	GERD	-0.0670053217914803	0.134422570903269	60	60	0.620039483238396	0.997658065803488
K14187	group	GERD	0.111707609956742	0.385721218477057	60	60	0.773149604408371	0.997658065803488
K14189	group	GERD	0.292690063206432	0.619839474205248	60	17	0.638553764069837	0.997658065803488
K14205	group	GERD	-0.0806717694733325	0.242172449775387	60	60	0.74024713112296	0.997658065803488
K14259	group	GERD	0.0147817703994247	0.369007164661146	60	9	0.96818428329279	0.997658065803488
K14267	group	GERD	-0.0705608428311856	0.338293714811574	60	60	0.835507960897458	0.997658065803488
K14268	group	GERD	-0.171496259622175	0.597006536321415	60	12	0.774936869342583	0.997658065803488
K14333	group	GERD	-0.0517234172606535	0.213986391940013	60	8	0.809854672527716	0.997658065803488
K14335	group	GERD	-0.382550192860806	0.738346752979649	60	33	0.606347360619736	0.997658065803488
K14338	group	GERD	0.0737409050796067	0.320586174423437	60	11	0.818886347779732	0.997658065803488
K14348	group	GERD	-0.508662983379451	0.94084000326539	60	47	0.590820750853709	0.997658065803488
K14446	group	GERD	-0.0565396309840121	0.456530240303584	60	17	0.901865087375376	0.997658065803488
K14447	group	GERD	-0.120312215972126	0.544927448761056	60	19	0.826034645342442	0.997658065803488
K14448	group	GERD	-0.0746029542992261	0.556182465583441	60	21	0.893761014562354	0.997658065803488
K14449	group	GERD	-0.0594331252352548	0.455203004709281	60	17	0.896572023188592	0.997658065803488
K14475	group	GERD	0.1661759736986	0.625666108839335	60	18	0.79149024379378	0.997658065803488
K14519	group	GERD	-0.305641055173179	0.855615702772212	60	46	0.722225365735935	0.997658065803488
K14534	group	GERD	0.0165277447431715	0.223607477750583	60	60	0.941333069631632	0.997658065803488
K14578	group	GERD	-0.0702933204213141	0.444856561837309	60	52	0.874995059612078	0.997658065803488
K14581	group	GERD	0.171343007876684	0.45780163690193	60	52	0.70956573714362	0.997658065803488
K14588	group	GERD	-0.119867225257859	0.925912114364463	60	56	0.897442746906514	0.997658065803488
K14591	group	GERD	0.242065589366154	1.07329707508789	60	46	0.822356259822494	0.997658065803488
K14654	group	GERD	0.189098497764904	0.452489196103629	60	14	0.677558135146261	0.997658065803488
K14660	group	GERD	-0.267078367367426	0.568876757677688	60	11	0.640484170730964	0.997658065803488
K14681	group	GERD	-0.0138629730444623	0.337046200545216	60	8	0.967332899392963	0.997658065803488
K14682	group	GERD	-0.0378005931975217	0.325973372434355	60	60	0.908083065691201	0.997658065803488
K14683	group	GERD	-0.0485525151862399	0.541667688731445	60	10	0.928885892633807	0.997658065803488
K14743	group	GERD	-0.0674544885774042	0.365795676485085	60	58	0.8543391383929	0.997658065803488
K14744	group	GERD	0.158842488192098	1.2699938989066	60	28	0.900897929177741	0.997658065803488
K14762	group	GERD	0.0351885515629158	0.909203813441905	60	56	0.969260410819798	0.997658065803488
K14940	group	GERD	-0.0836259651898584	0.28307414975721	60	7	0.768727535674207	0.997658065803488
K14941	group	GERD	-0.179707075724792	0.45854622659632	60	52	0.696563905607341	0.997658065803488
K14949	group	GERD	0.023429557728189	0.355975246228317	60	58	0.94774911861427	0.997658065803488
K14974	group	GERD	-0.130586599498248	0.337202805183925	60	44	0.699978011078486	0.997658065803488
K14977	group	GERD	0.0382720945493725	0.379627051145566	60	60	0.920045028043551	0.997658065803488
K14978	group	GERD	-0.0188416862290068	0.391295700425936	60	24	0.96176050091621	0.997658065803488
K14980	group	GERD	0.216241045783656	0.65652812431212	60	33	0.743062113931424	0.997658065803488
K14981	group	GERD	0.230589968831804	0.662184641920097	60	33	0.728931173320036	0.997658065803488
K14987	group	GERD	-0.0345204760330431	0.615933755483715	60	34	0.955497978822956	0.997658065803488
K14998	group	GERD	-0.0563288342261361	0.491343512732076	60	56	0.909124472808513	0.997658065803488
K15022	group	GERD	-0.0667792491706431	0.71572893865473	60	26	0.925984857576598	0.997658065803488
K15023	group	GERD	0.0963737074129037	0.537539946404933	60	59	0.858337529703728	0.997658065803488
K15034	group	GERD	0.124583278690096	0.225435180281611	60	60	0.582637299897269	0.997658065803488
K15125	group	GERD	0.0465223151028906	0.243791023877082	60	60	0.849326240552321	0.997658065803488
K15311	group	GERD	-0.117207934339863	0.307066669431696	60	9	0.704077360050353	0.997658065803488
K15312	group	GERD	-0.117207934339863	0.307066669431696	60	9	0.704077360050353	0.997658065803488
K15337	group	GERD	-0.117207934339863	0.307066669431696	60	9	0.704077360050353	0.997658065803488
K15357	group	GERD	-0.124973348441726	0.439538447572034	60	44	0.777171238812559	0.997658065803488
K15358	group	GERD	0.0288521025047257	0.342503682188042	60	8	0.933156652197781	0.997658065803488
K15383	group	GERD	0.0391927650964429	0.329232797034193	60	60	0.905652877697227	0.997658065803488
K15396	group	GERD	0.0207053745337721	0.35807770637864	60	60	0.954087824274864	0.997658065803488
K15408	group	GERD	0.305988910533649	0.712504208789637	60	29	0.669182900989483	0.997658065803488
K15496	group	GERD	-0.232076517236398	0.467486714679461	60	16	0.621464204370432	0.997658065803488
K15509	group	GERD	0.276967837052504	0.79826239848699	60	45	0.729874590296757	0.997658065803488
K15512	group	GERD	-0.15426205250646	0.366558754295904	60	12	0.675428313852369	0.997658065803488
K15513	group	GERD	-0.15426205250646	0.366558754295904	60	12	0.675428313852369	0.997658065803488
K15527	group	GERD	0.172451422884507	0.795849359512414	60	32	0.829211472252934	0.997658065803488
K15539	group	GERD	-0.0106745984207823	0.339316164847583	60	60	0.975011376927844	0.997658065803488
K15540	group	GERD	0.199244947056495	1.0701688292366	60	46	0.852952586852894	0.997658065803488
K15545	group	GERD	0.10791338492389	0.385704305059693	60	60	0.780639627439869	0.997658065803488
K15546	group	GERD	-0.136011540902569	0.370542674633921	60	15	0.714909837741856	0.997658065803488
K15548	group	GERD	0.21774984414338	0.905644922920558	60	56	0.810839930925881	0.997658065803488
K15550	group	GERD	0.30964775136906	1.11850852860528	60	29	0.782887299474903	0.997658065803488
K15551	group	GERD	-0.27450211423112	0.901200398367631	60	58	0.761764077784808	0.997658065803488
K15552	group	GERD	-0.106269951675608	0.926336382026236	60	59	0.909062743096404	0.997658065803488
K15576	group	GERD	0.109026544441569	0.315125899201133	60	60	0.730611323002371	0.997658065803488
K15577	group	GERD	0.0971474923206576	0.446709029626814	60	58	0.828602407561671	0.997658065803488
K15578	group	GERD	0.0885486703361902	0.445856716337861	60	58	0.843267505525014	0.997658065803488
K15629	group	GERD	0.157688169440305	0.75842922413096	60	22	0.836024352281882	0.997658065803488
K15640	group	GERD	0.189236501953735	0.459538596167899	60	49	0.682006309319678	0.997658065803488
K15722	group	GERD	-0.115047889541924	1.11325720155595	60	39	0.918046861995573	0.997658065803488
K15723	group	GERD	0.200374294532517	0.885369649983282	60	58	0.821750495496265	0.997658065803488
K15724	group	GERD	-0.0743254636505466	0.322704637561628	60	60	0.818653241987855	0.997658065803488
K15727	group	GERD	0.147828511250581	0.29572355845067	60	60	0.619045576821664	0.997658065803488
K15734	group	GERD	0.102948363778564	0.326057552776215	60	10	0.753335665296556	0.997658065803488
K15735	group	GERD	0.267526771799069	1.12903858674495	60	30	0.813529762157821	0.997658065803488
K15736	group	GERD	0.346627888509772	0.907262859451415	60	50	0.703813968061523	0.997658065803488
K15737	group	GERD	0.177490164013846	1.1249998675922	60	29	0.875186776066306	0.997658065803488
K15739	group	GERD	0.316059356998851	0.631634620950685	60	9	0.618698715227076	0.997658065803488
K15777	group	GERD	-0.123211157341674	0.240821432581966	60	60	0.61085336737854	0.997658065803488
K15778	group	GERD	0.0674071464469398	0.32583935769506	60	60	0.836834129186376	0.997658065803488
K15790	group	GERD	-0.230606096036047	0.526689296193608	60	21	0.6631279147279	0.997658065803488
K15827	group	GERD	-0.114824636863897	1.11329964788367	60	39	0.918208427641583	0.997658065803488
K15828	group	GERD	-0.114824636863897	1.11329964788367	60	39	0.918208427641583	0.997658065803488
K15829	group	GERD	-0.114824636863897	1.11329964788367	60	39	0.918208427641583	0.997658065803488
K15830	group	GERD	-0.195846302622029	1.11699202194107	60	41	0.861428143478751	0.997658065803488
K15831	group	GERD	-0.111617459688588	1.11394840685048	60	39	0.920531220260151	0.997658065803488
K15832	group	GERD	0.128762820958618	1.09696311387582	60	41	0.906963541854396	0.997658065803488
K15833	group	GERD	-0.121925177785364	1.11371083777308	60	39	0.913202453261549	0.997658065803488
K15836	group	GERD	-0.0688818213813242	1.11752321455979	60	41	0.951063083364002	0.997658065803488
K15862	group	GERD	0.112612468666752	0.324300808260068	60	60	0.729662695756936	0.997658065803488
K15864	group	GERD	-0.21391432630389	0.477835583064841	60	7	0.656056480694532	0.997658065803488
K15866	group	GERD	0.0974453087743763	0.270756006048778	60	60	0.720228520751145	0.997658065803488
K15868	group	GERD	-0.125202409512145	0.334594392352972	60	9	0.709626316705948	0.997658065803488
K15916	group	GERD	-0.177879151253779	0.380549944488475	60	9	0.641946178990532	0.997658065803488
K15922	group	GERD	-0.190190016291962	1.13376724629171	60	36	0.867363125662839	0.997658065803488
K15924	group	GERD	0.0121818311852121	0.51350284353655	60	18	0.981154985190762	0.997658065803488
K15973	group	GERD	-0.0891427303033733	0.250157303720416	60	60	0.722873981075615	0.997658065803488
K15974	group	GERD	0.0450856911403671	0.365984334128213	60	60	0.902382368651498	0.997658065803488
K15983	group	GERD	0.0656192869995915	0.3178956618426	60	11	0.837187563173453	0.997658065803488
K15984	group	GERD	-0.00717309916675218	0.344913511905462	60	60	0.983479127581681	0.997658065803488
K15986	group	GERD	-0.0567812132180495	0.142467124663305	60	60	0.691683435175559	0.997658065803488
K16011	group	GERD	0.185761240827722	0.33972495571147	60	60	0.58661452958088	0.997658065803488
K16044	group	GERD	-0.191444315105003	0.520821062477834	60	16	0.714523089965889	0.997658065803488
K16055	group	GERD	-0.0270110716036057	0.883299328587196	60	46	0.97570967864432	0.997658065803488
K16066	group	GERD	0.103854313814875	0.376885123928068	60	60	0.783865727096339	0.997658065803488
K16076	group	GERD	-0.160351712325291	1.12465223088166	60	36	0.887116893329015	0.997658065803488
K16077	group	GERD	-0.121155548738627	1.12578000079852	60	43	0.914669180572536	0.997658065803488
K16079	group	GERD	0.418964384704659	0.738876793812465	60	23	0.572882722060497	0.997658065803488
K16081	group	GERD	-0.250694381586074	0.58318974166827	60	12	0.668884855898097	0.997658065803488
K16087	group	GERD	-0.103820963911771	0.27096221480956	60	60	0.703004417139732	0.997658065803488
K16090	group	GERD	0.12591199588191	0.242992879515111	60	60	0.606309722807057	0.997658065803488
K16093	group	GERD	0.17103006887734	0.489771422592846	60	10	0.728200926110059	0.997658065803488
K16130	group	GERD	-0.0254941459408707	0.407688142768218	60	29	0.950353031199873	0.997658065803488
K16136	group	GERD	-0.138934012700082	0.910340461156342	60	52	0.879229509101679	0.997658065803488
K16137	group	GERD	0.0661271957819394	0.217136908360794	60	60	0.761805460932775	0.997658065803488
K16153	group	GERD	0.176360422205434	0.323200253238392	60	60	0.587385973171816	0.997658065803488
K16165	group	GERD	0.0513245730023096	0.307265076104713	60	60	0.867922106148396	0.997658065803488
K16171	group	GERD	0.0877325315798014	0.319621364986947	60	60	0.784684229927079	0.997658065803488
K16202	group	GERD	-0.025261597971092	0.3668321785879	60	60	0.945334599453136	0.997658065803488
K16203	group	GERD	-0.131433336619066	0.295274801501642	60	60	0.657888399057693	0.997658065803488
K16209	group	GERD	0.145988006005468	0.287942256573201	60	60	0.61407397045368906	0.997658065803488
K16210	group	GERD	0.0450755576358587	0.278895263989219	60	60	0.872165380684894	0.997658065803488
K16238	group	GERD	-0.0962181392336248	0.992003137643318	60	45	0.92306572258419906	0.997658065803488
K16242	group	GERD	-0.0608415415552073	0.184506741572695	60	8	0.74277505687994	0.997658065803488
K16243	group	GERD	-0.0608415415552073	0.184506741572695	60	8	0.74277505687994	0.997658065803488
K16244	group	GERD	-0.0608415415552073	0.184506741572695	60	8	0.74277505687994	0.997658065803488
K16245	group	GERD	-0.0608415415552073	0.184506741572695	60	8	0.74277505687994	0.997658065803488
K16248	group	GERD	0.432388745711471	0.801888241974255	60	30	0.591803690325561	0.997658065803488
K16263	group	GERD	-0.163127333054894	0.970572922206387	60	52	0.867110371532683	0.997658065803488
K16320	group	GERD	0.0233072330028365	0.435271881661291	60	52	0.957480589938008	0.997658065803488
K16321	group	GERD	0.344557187980049	1.12190948564613	60	26	0.759854512023668	0.997658065803488
K16322	group	GERD	0.26601004435494	0.99159647461119	60	58	0.789447631120336	0.997658065803488
K16324	group	GERD	0.316332887918255	1.12564648005123	60	26	0.779692627191455	0.997658065803488
K16329	group	GERD	0.0983126073614618	0.238283439208413	60	60	0.681430526080095	0.997658065803488
K16331	group	GERD	0.00649274664218354	0.546027976596531	60	58	0.990553490931905	0.997658065803488
K16347	group	GERD	-0.237911765621132	1.11289824303834	60	39	0.831470894916126	0.997658065803488
K16370	group	GERD	0.234988316937567	0.412197192620546	60	60	0.570820412965519	0.997658065803488
K16422	group	GERD	-0.181454285259715	0.332971740384755	60	46	0.587874590994058	0.997658065803488
K16514	group	GERD	-0.0708644098136716	0.492332049565843	60	14	0.886049792897689	0.997658065803488
K16515	group	GERD	-0.130778265591797	0.68225984555534	60	19	0.848659272114635	0.997658065803488
K16516	group	GERD	0.091271485574854	0.467423770483566	60	12	0.845867965643961	0.997658065803488
K16566	group	GERD	-0.0940871167031886	0.249199330333956	60	12	0.707137339827735	0.997658065803488
K16647	group	GERD	-0.0292725355495832	0.360810153433022	60	58	0.935617864378073	0.997658065803488
K16648	group	GERD	-0.060035926068544	0.365683446193933	60	58	0.87016450845679	0.997658065803488
K16651	group	GERD	-0.0330696132908022	0.304738041505036	60	60	0.913959227921493	0.997658065803488
K16652	group	GERD	-0.0110164995724804	0.360357403584047	60	58	0.975716596368184	0.997658065803488
K16653	group	GERD	-0.078022190580406	0.366538387948841	60	58	0.832180793833505	0.997658065803488
K16692	group	GERD	0.0141064356659847	0.330549593893589	60	60	0.966106627798186	0.997658065803488
K16693	group	GERD	0.0350662620090796	0.909336188795632	60	56	0.969371642165701	0.997658065803488
K16695	group	GERD	-0.0731502431375891	1.12538434112053	60	36	0.948397337928209	0.997658065803488
K16704	group	GERD	0.0350188127356729	0.909346438791953	60	56	0.96941341011657	0.997658065803488
K16710	group	GERD	-0.293975979420668	1.1082906162272	60	41	0.791756053977944	0.997658065803488
K16711	group	GERD	-0.0731502431375891	1.12538434112053	60	36	0.948397337928209	0.997658065803488
K16783	group	GERD	-0.131602362110566	0.330741569138724	60	60	0.692164058244967	0.997658065803488
K16789	group	GERD	0.0387673416284429	0.235353037200389	60	60	0.869737150979453	0.997658065803488
K16839	group	GERD	-0.0830196393699151	0.892236922565887	60	33	0.926187182821964	0.997658065803488
K16843	group	GERD	-0.173910118735898	0.482073974925389	60	15	0.71959397171775	0.997658065803488
K16845	group	GERD	-0.215162089237759	0.544760616389162	60	32	0.694316567223552	0.997658065803488
K16846	group	GERD	-0.215162089237759	0.544760616389162	60	32	0.694316567223552	0.997658065803488
K16849	group	GERD	0.226797441598597	0.763446293808456	60	19	0.767473959617857	0.997658065803488
K16850	group	GERD	0.0731868760571041	0.424421476143991	60	60	0.863692616740654	0.997658065803488
K16872	group	GERD	-0.360868467822491	0.819451388309331	60	48	0.661300181392315	0.997658065803488
K16874	group	GERD	0.225447571699647	0.522559670641275	60	26	0.667755653651313	0.997658065803488
K16881	group	GERD	0.0814163243312547	0.447670505157374	60	60	0.856321522908816	0.997658065803488
K16885	group	GERD	-0.115601781534314	0.330020445920365	60	58	0.7273924753999	0.997658065803488
K16886	group	GERD	-0.115601781534314	0.330020445920365	60	58	0.7273924753999	0.997658065803488
K16887	group	GERD	-0.106325076118078	0.330457361789196	60	58	0.748797883375432	0.997658065803488
K16905	group	GERD	0.149904391505266	0.685438040898616	60	13	0.827652519216044	0.997658065803488
K16906	group	GERD	0.207107839587641	0.67723828598789	60	13	0.760842481616457	0.997658065803488
K16907	group	GERD	-0.198905605603541	0.782092133352566	60	26	0.800143988381777	0.997658065803488
K16915	group	GERD	0.144174991043224	0.446379629584631	60	60	0.747866361129594	0.997658065803488
K16950	group	GERD	0.0924023909436943	0.17818758862266	60	60	0.606034868804381	0.997658065803488
K16951	group	GERD	0.0899642308111577	0.17806709926137	60	60	0.615314229354069	0.997658065803488
K16957	group	GERD	0.0966115195681968	0.206836347398901	60	60	0.642184372036896	0.997658065803488
K16958	group	GERD	-0.147515699575686	0.311405018253488	60	60	0.637484979462631	0.997658065803488
K16959	group	GERD	0.0051393981211126	0.197673531748206	60	60	0.979347046584091	0.997658065803488
K17060	group	GERD	-0.250694381586074	0.58318974166827	60	12	0.668884855898097	0.997658065803488
K17061	group	GERD	-0.250694381586074	0.58318974166827	60	12	0.668884855898097	0.997658065803488
K17202	group	GERD	0.0211504548809315	0.511995596770069	60	12	0.96719076935656	0.997658065803488
K17203	group	GERD	0.055312862919492	0.579915059681899	60	13	0.924341010643588	0.997658065803488
K17204	group	GERD	0.0211504548809315	0.511995596770069	60	12	0.96719076935656	0.997658065803488
K17222	group	GERD	0.0469470067665492	0.57257985716361	60	21	0.934935321963113	0.997658065803488
K17223	group	GERD	0.0469470067665492	0.57257985716361	60	21	0.934935321963113	0.997658065803488
K17225	group	GERD	-0.0771807299670017	0.520694069897621	60	18	0.882678044269314	0.997658065803488
K17226	group	GERD	0.175233051878831	0.339313430494077	60	60	0.607514717913968	0.997658065803488
K17227	group	GERD	0.154241895016331	0.547955986077575	60	52	0.779339580774158	0.997658065803488
K17241	group	GERD	-0.0743312647621643	0.418171388800458	60	11	0.859536229499496	0.997658065803488
K17242	group	GERD	0.127995691017004	0.46192345163945	60	12	0.782693992607344	0.997658065803488
K17243	group	GERD	-0.150053632958122	0.678991968447686	60	23	0.825872704824393	0.997658065803488
K17329	group	GERD	0.225623156764025	0.408563711829359	60	11	0.582909265426627	0.997658065803488
K17330	group	GERD	-0.0180413880459236	0.400203868490966	60	12	0.964198003369423	0.997658065803488
K17363	group	GERD	-0.223261565387233	0.50330533283068	60	58	0.658988954916976	0.997658065803488
K17398	group	GERD	0.0253695778881429	0.188973244958674	60	8	0.893669997648221	0.997658065803488
K17462	group	GERD	0.0127600437518316	0.282674561621029	60	60	0.964150457285851	0.997658065803488
K17464	group	GERD	-0.0737493075264893	0.732145780145443	60	13	0.920111910906733	0.997658065803488
K17467	group	GERD	0.010896218229447	0.69449137496438	60	12	0.987535955041094	0.997658065803488
K17624	group	GERD	-0.129893771857683	0.67942943517386	60	22	0.849051730383115	0.997658065803488
K17675	group	GERD	0.461252911403219	0.802536749208634	60	49	0.567687439322025	0.997658065803488
K17680	group	GERD	-0.495032034272143	1.0172747045498	60	30	0.628357446396844	0.997658065803488
K17736	group	GERD	-0.197163772074581	0.59067993530722	60	13	0.739740954348243	0.997658065803488
K17752	group	GERD	-0.0819976164127981	0.583769413942722	60	19	0.888781387304959	0.997658065803488
K17762	group	GERD	-0.08296266220267	0.583363124477135	60	19	0.887403490511821	0.997658065803488
K17763	group	GERD	-0.130772524030634	0.601891962190409	60	19	0.828761142116577	0.997658065803488
K17810	group	GERD	-0.152677973458711	0.329428903445554	60	60	0.644767377474922	0.997658065803488
K17829	group	GERD	-0.00502397024998723	0.209954544487145	60	7	0.980991501338115	0.997658065803488
K17837	group	GERD	0.0632627013641092	0.926288570598235	60	37	0.945784147351954	0.997658065803488
K17838	group	GERD	0.10531108124858	0.717541636363923	60	19	0.883825283083107	0.997658065803488
K17989	group	GERD	0.0417886178327286	0.530824641714464	60	19	0.937523166269335	0.997658065803488
K17992	group	GERD	0.199713633699582	0.417973933929121	60	60	0.634578796219799	0.997658065803488
K18005	group	GERD	-0.0107145295618317	0.514878202095053	60	39	0.983468779749391	0.997658065803488
K18006	group	GERD	-0.0303778387996279	0.409554177413792	60	22	0.9411280007793	0.997658065803488
K18007	group	GERD	-0.0107181505977592	0.48093893567383	60	41	0.982296401805041	0.997658065803488
K18008	group	GERD	-0.0789771884826516	0.521795956217243	60	29	0.880219756753912	0.997658065803488
K18009	group	GERD	-0.205938031689075	0.547454340228991	60	35	0.708160154385369	0.997658065803488
K18016	group	GERD	0.00769988350319848	0.477739187340811	60	41	0.987196097548406	0.997658065803488
K18017	group	GERD	0.00769988350319848	0.477739187340811	60	41	0.987196097548406	0.997658065803488
K18023	group	GERD	0.00769988350319848	0.477739187340811	60	41	0.987196097548406	0.997658065803488
K18028	group	GERD	-0.0863394783658781	0.338062738177747	60	44	0.799321680712147	0.997658065803488
K18029	group	GERD	-0.177747273485162	0.454474561063587	60	51	0.697152690206883	0.997658065803488
K18030	group	GERD	-0.0834114111530229	0.335219003639555	60	45	0.804373909582848	0.997658065803488
K18072	group	GERD	0.109010345629751	0.460096723093793	60	16	0.813546564339402	0.997658065803488
K18073	group	GERD	0.0392962780781146	0.311368225211944	60	8	0.900006005209295	0.997658065803488
K18093	group	GERD	-0.280985217607223	0.757702295698217	60	14	0.712108832882683	0.997658065803488
K18104	group	GERD	0.0877157464399405	0.865498076123601	60	38	0.919624452708664	0.997658065803488
K18119	group	GERD	-0.0842452542947797	0.270367734709634	60	60	0.756465587634233	0.997658065803488
K18120	group	GERD	-0.0358247036586631	0.248628080049014	60	60	0.885929264675901	0.997658065803488
K18122	group	GERD	0.0620811361150213	0.208212505253317	60	60	0.766644765311721	0.997658065803488
K18123	group	GERD	0.170410708965258	0.665102522366776	60	43	0.798689724260402	0.997658065803488
K18135	group	GERD	-0.00606767172611347	0.366792986481566	60	11	0.986858374101418	0.997658065803488
K18136	group	GERD	0.0525306117984957	0.46381855556383	60	60	0.910218066488787	0.997658065803488
K18138	group	GERD	0.0201546686825478	0.261185471499556	60	60	0.93875698072028	0.997658065803488
K18139	group	GERD	0.0570404193837393	0.299742624687036	60	60	0.849740121074448	0.997658065803488
K18140	group	GERD	-0.116228137914495	1.11303352188419	60	39	0.917192634773666	0.997658065803488
K18141	group	GERD	0.342067898400075	1.0597204402293	60	45	0.748014561160481	0.997658065803488
K18142	group	GERD	-0.116228137914495	1.11303352188419	60	39	0.917192634773666	0.997658065803488
K18143	group	GERD	-0.166741976920473	0.707529138313479	60	18	0.814520481489224	0.997658065803488
K18144	group	GERD	0.125702805346262	0.598118610686924	60	24	0.83427647983794	0.997658065803488
K18145	group	GERD	-0.149898553787357	0.285660292378013	60	8	0.601761119829499	0.997658065803488
K18146	group	GERD	0.204310578976794	0.660522397226041	60	16	0.758189158324196	0.997658065803488
K18149	group	GERD	-0.0716607779989057	0.295076506747548	60	60	0.808974601033883	0.997658065803488
K18164	group	GERD	-0.102575916843124	0.206429781596727	60	8	0.621134628194521	0.997658065803488
K18199	group	GERD	0.229819929922899	0.664202057489025	60	39	0.730587903986848	0.997658065803488
K18231	group	GERD	-0.145429540104026	0.267819213995535	60	60	0.589201093808135	0.997658065803488
K18234	group	GERD	0.175490541750627	0.313239153124566	60	60	0.577470273280388	0.997658065803488
K18242	group	GERD	-0.0702933204213141	0.444856561837309	60	52	0.874995059612078	0.997658065803488
K18243	group	GERD	-0.0564587371120185	0.444136745193961	60	52	0.89928498574177	0.997658065803488
K18248	group	GERD	0.112583277971423	0.444910858397625	60	51	0.80112678251283	0.997658065803488
K18289	group	GERD	-0.279156746467739	0.610707826809639	60	15	0.649304108261046	0.997658065803488
K18291	group	GERD	-0.272486413990287	0.609375201091105	60	15	0.656427124063559	0.997658065803488
K18292	group	GERD	0.240695076273247	0.847802267725416	60	30	0.777494439724922	0.997658065803488
K18294	group	GERD	0.0379475448666459	0.312309605021878	60	8	0.903710119599763	0.997658065803488
K18297	group	GERD	-0.175086300543164	0.502403412720151	60	12	0.728728493322739	0.997658065803488
K18298	group	GERD	-0.304601400141707	0.648570701487549	60	14	0.640365860620536	0.997658065803488
K18299	group	GERD	-0.304601400141707	0.648570701487549	60	14	0.640365860620536	0.997658065803488
K18300	group	GERD	-0.171496259622175	0.597006536321415	60	12	0.774936869342583	0.997658065803488
K18302	group	GERD	0.099778523646553	0.398649928747527	60	60	0.803246716600906	0.997658065803488
K18321	group	GERD	0.150275195928336	0.332599605105341	60	8	0.653083713561071	0.997658065803488
K18322	group	GERD	0.150275195928336	0.332599605105341	60	8	0.653083713561071	0.997658065803488
K18323	group	GERD	0.150275195928336	0.332599605105341	60	8	0.653083713561071	0.997658065803488
K18324	group	GERD	0.21691057528798	0.905600653883631	60	56	0.81154588217176	0.997658065803488
K18325	group	GERD	-0.198988344883035	0.775368573364329	60	28	0.798367100229177	0.997658065803488
K18326	group	GERD	0.21774984414338	0.905644922920558	60	56	0.810839930925881	0.997658065803488
K18333	group	GERD	0.0854557306253736	0.426981794943171	60	60	0.84207193167139	0.997658065803488
K18334	group	GERD	0.24825353808199	0.698841089347242	60	40	0.723701390470411	0.997658065803488
K18335	group	GERD	-0.363323642736929	0.74716465827995	60	41	0.628608173005405	0.997658065803488
K18345	group	GERD	0.0273111904218397	0.763402908347427	60	27	0.971584141260249	0.997658065803488
K18369	group	GERD	-0.157917266472677	0.290472758668172	60	60	0.588761870147976	0.997658065803488
K18384	group	GERD	0.151217346948162	0.412076002633688	60	34	0.714980834762196	0.997658065803488
K18425	group	GERD	0.0275277234911252	0.158364273956472	60	8	0.862608008753558	0.997658065803488
K18456	group	GERD	-0.103537770836882	0.59903612360646	60	19	0.863378465813553	0.997658065803488
K18471	group	GERD	0.524767858132936	1.03545460810079	60	36	0.614216901903001	0.997658065803488
K18473	group	GERD	-0.124042127373106	0.530806643172705	60	15	0.81605154523251	0.997658065803488
K18476	group	GERD	0.0107541970432426	0.592181187038238	60	35	0.985573290192392	0.997658065803488
K18478	group	GERD	0.225619236771821	1.09758813747581	60	42	0.837855106753282	0.997658065803488
K18541	group	GERD	0.034504429545047	0.304672864773847	60	7	0.910222854913851	0.997658065803488
K18574	group	GERD	-0.0835474706312001	0.271101729060276	60	60	0.759051317652069	0.997658065803488
K18587	group	GERD	-0.182591757274651	0.73422845208197	60	27	0.804482772642905	0.997658065803488
K18588	group	GERD	-0.143381521071702	0.750201500353042	60	33	0.849095910228328	0.997658065803488
K18657	group	GERD	0.140898584234366	0.879500468481804	60	58	0.873277841405646	0.997658065803488
K18676	group	GERD	0.213975838562193	0.715860309359753	60	25	0.766079204907547	0.997658065803488
K18697	group	GERD	0.209131609239906	0.895577190228464	60	56	0.816182968907509	0.997658065803488
K18698	group	GERD	-0.0348095452403707	0.623711847279183	60	23	0.955684744218686	0.997658065803488
K18701	group	GERD	0.0729939001865903	0.344339647779558	60	16	0.832864050294051	0.997658065803488
K18765	group	GERD	-0.105649482827124	0.926331923379561	60	56	0.909590912837822	0.997658065803488
K18768	group	GERD	-0.217235363927775	0.595120221336565	60	20	0.716418452994447	0.997658065803488
K18800	group	GERD	0.0238475274812911	0.349076710718003	60	60	0.945769056976248	0.997658065803488
K18820	group	GERD	-0.0436570429892498	0.539874501043504	60	25	0.935827576093754	0.997658065803488
K18837	group	GERD	0.0313837870561511	1.08479942920739	60	49	0.977019341308231	0.997658065803488
K18838	group	GERD	-0.361406271058327	1.25111149434823	60	35	0.773712234724746	0.997658065803488
K18843	group	GERD	-0.268459285151009	0.785276195343769	60	41	0.733687312335389	0.997658065803488
K18844	group	GERD	-0.0988938535149823	0.293874879934543	60	7	0.737695686040579	0.997658065803488
K18862	group	GERD	0.240825131278924	1.31252270688706	60	26	0.855059276228431	0.997658065803488
K18889	group	GERD	0.120031723257863	0.898947027354097	60	57	0.894240571352092	0.997658065803488
K18890	group	GERD	0.133523643628793	0.89780301102962	60	57	0.882288376152771	0.997658065803488
K18893	group	GERD	-0.0235383500159732	0.364077319164347	60	60	0.948673350640898	0.997658065803488
K18898	group	GERD	0.344557187980049	1.12190948564613	60	26	0.759854512023668	0.997658065803488
K18899	group	GERD	0.344557187980049	1.12190948564613	60	26	0.759854512023668	0.997658065803488
K18900	group	GERD	-0.265323762156922	0.619333842354225	60	31	0.669945374508515	0.997658065803488
K18901	group	GERD	-0.0586422058457889	0.471207780004164	60	57	0.901388641722596	0.997658065803488
K18902	group	GERD	-0.0248875062026924	0.469833369395017	60	57	0.957937105076877	0.997658065803488
K18903	group	GERD	-0.00984945614291806	0.470531625787964	60	57	0.98337125914989	0.997658065803488
K18907	group	GERD	0.138536922897127	0.322761891160846	60	8	0.669350951495473	0.997658065803488
K18910	group	GERD	-0.261178021013236	0.957991594616941	60	31	0.786105336725765	0.997658065803488
K18912	group	GERD	-0.116071524985984	0.259016239359553	60	10	0.655732872921703	0.997658065803488
K18918	group	GERD	0.066021191044933	0.374099740073567	60	60	0.860531505675564	0.997658065803488
K18919	group	GERD	0.489722334597933	1.02199720971789	60	45	0.633611187915015	0.997658065803488
K18922	group	GERD	0.233686509313045	1.23304612317129	60	29	0.85034721555684	0.997658065803488
K18941	group	GERD	0.105686136176964	0.51651391682897	60	59	0.838589825683735	0.997658065803488
K18958	group	GERD	-0.12594079887878	0.245001054241044	60	8	0.609175755654198	0.997658065803488
K18974	group	GERD	-0.266473488680736	0.592853411719257	60	21	0.654763423619421	0.997658065803488
K18975	group	GERD	-0.266473488680736	0.592853411719257	60	21	0.654763423619421	0.997658065803488
K18981	group	GERD	-0.12974335909177	0.792003487749925	60	32	0.870445003408788	0.997658065803488
K18982	group	GERD	0.13692612164212	0.3764085790946	60	9	0.717352505611728	0.997658065803488
K18983	group	GERD	-0.215706483096544	0.694505748445005	60	17	0.757225812640075	0.997658065803488
K18988	group	GERD	0.237109763562348	0.891549578010405	60	57	0.791218983450973	0.997658065803488
K18989	group	GERD	0.0130286539590425	0.624308789764932	60	18	0.983421843725653	0.997658065803488
K18990	group	GERD	0.0244986364885747	0.62760883520981	60	18	0.968996631636059	0.997658065803488
K19000	group	GERD	-0.276647359457291	0.945460313868989	60	56	0.770867570451048	0.997658065803488
K19033	group	GERD	0.0402639951957165	0.491673963992135	60	16	0.935014822758624	0.997658065803488
K19046	group	GERD	0.127610873083412	0.24020959126768	60	60	0.597275617308208	0.997658065803488
K19047	group	GERD	-0.0168185394801657	0.543745624216455	60	33	0.975430842719788	0.997658065803488
K19048	group	GERD	0.0353426364760561	0.681176957568374	60	49	0.958798880654412	0.997658065803488
K19050	group	GERD	0.0293640607885407	0.748405804861173	60	19	0.968837389839128	0.997658065803488
K19052	group	GERD	-0.109280276515419	0.923895761004443	60	19	0.906252882965191	0.997658065803488
K19056	group	GERD	0.109195162822591	0.800689225683668	60	48	0.891995947643434	0.997658065803488
K19057	group	GERD	0.140531468130497	0.635292455428089	60	22	0.825707787741402	0.997658065803488
K19059	group	GERD	0.146105880004469	0.626466417904258	60	20	0.816410005958742	0.997658065803488
K19062	group	GERD	0.372634677263891	0.947104749987385	60	20	0.695432630172695	0.997658065803488
K19064	group	GERD	-0.158291824698	0.524936212402925	60	9	0.764077564917961	0.997658065803488
K19073	group	GERD	0.0770419510634607	0.219975074490723	60	8	0.727434544344485	0.997658065803488
K19076	group	GERD	0.0545322194619299	0.241721685574692	60	16	0.822306220069949	0.997658065803488
K19081	group	GERD	-0.00341910151433095	0.229238063106594	60	60	0.988151126013869	0.997658065803488
K19082	group	GERD	-0.00341910151433095	0.229238063106594	60	60	0.988151126013869	0.997658065803488
K19092	group	GERD	0.291703536049046	0.626301728542648	60	57	0.643134777105017	0.997658065803488
K19123	group	GERD	0.0884970237736916	0.242602207906752	60	60	0.71660055812627	0.997658065803488
K19124	group	GERD	0.0499425309432258	0.238760700362928	60	60	0.835045350881883	0.997658065803488
K19128	group	GERD	0.209433477393103	0.674619970078929	60	17	0.757334225327856	0.997658065803488
K19129	group	GERD	0.190369932463247	0.67988356832056	60	17	0.780470873384328	0.997658065803488
K19130	group	GERD	0.216415256247401	0.672817089487856	60	17	0.748870139173383	0.997658065803488
K19147	group	GERD	0.0202024704196965	0.203103879455591	60	60	0.921109177913372	0.997658065803488
K19158	group	GERD	-0.00352543884168016	0.111129463305823	60	60	0.974801303974996	0.997658065803488
K19162	group	GERD	0.140489134516153	0.906730740732988	60	56	0.877406320878148	0.997658065803488
K19163	group	GERD	-0.114760777680741	1.06416778510771	60	36	0.914494116094739	0.997658065803488
K19164	group	GERD	0.302951857279639	1.09790692902586	60	39	0.783578162946666	0.997658065803488
K19168	group	GERD	0.0210916178010536	0.347659276062098	60	60	0.951832585019458	0.997658065803488
K19180	group	GERD	-0.0170446815618724	0.273910338777279	60	60	0.950595827550282	0.997658065803488
K19191	group	GERD	-0.130341303014621	0.355393775026909	60	8	0.715138803855535	0.997658065803488
K19215	group	GERD	0.215441508685557	0.609296154653701	60	17	0.724927651680381	0.997658065803488
K19222	group	GERD	0.350737207829672	0.842904679077153	60	56	0.678868576403419	0.997658065803488
K19226	group	GERD	0.109335264262174	0.385396459438283	60	60	0.777653952412139	0.997658065803488
K19227	group	GERD	0.111759168159514	0.385691184595438	60	60	0.773030670091034	0.997658065803488
K19228	group	GERD	0.111759168159514	0.385691184595438	60	60	0.773030670091034	0.997658065803488
K19229	group	GERD	0.111759168159514	0.385691184595438	60	60	0.773030670091034	0.997658065803488
K19230	group	GERD	0.111759168159514	0.385691184595438	60	60	0.773030670091034	0.997658065803488
K19231	group	GERD	-0.17362192231537	0.43179196828528	60	8	0.689091202535964	0.997658065803488
K19234	group	GERD	-0.114824636863897	1.11329964788367	60	39	0.918208427641583	0.997658065803488
K19235	group	GERD	0.305294667505004	0.902370396263588	60	58	0.736339783616735	0.997658065803488
K19236	group	GERD	-0.243110568033189	0.971549909669368	60	52	0.80329401569052294	0.997658065803488
K19238	group	GERD	0.316704281402657	1.12571197604813	60	26	0.77945332422705	0.997658065803488
K19239	group	GERD	-0.208695802751455	0.551785611083353	60	47	0.706648701346364	0.997658065803488
K19244	group	GERD	-0.19509182183903	0.569152596558548	60	46	0.733006238116709	0.997658065803488
K19265	group	GERD	-0.0860726240420662	0.191767035982463	60	60	0.655219978780621	0.997658065803488
K19267	group	GERD	0.0823123971751328	0.18921526263873	60	60	0.665162458434176	0.997658065803488
K19270	group	GERD	0.153152383970832	0.831982802157989	60	59	0.85459185355632294	0.997658065803488
K19278	group	GERD	0.284730996497558	0.50781137303412	60	9	0.577160218035086	0.997658065803488
K19290	group	GERD	-0.337604549664148	0.617943632390409	60	16	0.586930917634312	0.997658065803488
K19291	group	GERD	-0.250694381586074	0.58318974166827	60	12	0.668884855898097	0.997658065803488
K19292	group	GERD	-0.250694381586074	0.58318974166827	60	12	0.668884855898097	0.997658065803488
K19293	group	GERD	-0.250694381586074	0.58318974166827	60	12	0.668884855898097	0.997658065803488
K19295	group	GERD	-0.197736184287845	0.503363328945302	60	15	0.695885188767121	0.997658065803488
K19296	group	GERD	-0.250694381586074	0.58318974166827	60	12	0.668884855898097	0.997658065803488
K19302	group	GERD	0.0193092447691584	0.0604642041043576	60	60	0.750608508781333	0.997658065803488
K19303	group	GERD	0.112326971636307	0.908565828619825	60	56	0.902034832087881	0.997658065803488
K19304	group	GERD	0.289112371843792	0.921500046300785	60	58	0.754843358832788	0.997658065803488
K19310	group	GERD	0.0411575730081106	0.82215621796703	60	47	0.960246156964954	0.997658065803488
K19333	group	GERD	0.312410088046474	0.943847666048511	60	55	0.741840154320106	0.997658065803488
K19335	group	GERD	0.220946153965341	0.46396402288257	60	11	0.635710997370508	0.997658065803488
K19336	group	GERD	0.220946153965341	0.46396402288257	60	11	0.635710997370508	0.997658065803488
K19337	group	GERD	-0.0308602487999462	0.328890589027764	60	60	0.925566520288439	0.997658065803488
K19349	group	GERD	0.067806169537749	0.36980953922904	60	47	0.855159506263475	0.997658065803488
K19350	group	GERD	0.0108427085452927	0.204298400886031	60	60	0.957856203378972	0.997658065803488
K19416	group	GERD	0.0989371658188606	0.332825958726057	60	60	0.767327071674505	0.997658065803488
K19426	group	GERD	0.276488574923727	0.56242567126715	60	16	0.624857345246053	0.997658065803488
K19427	group	GERD	-0.105736093850384	0.350101064676265	60	60	0.763720270819738	0.997658065803488
K19429	group	GERD	-0.0779771202312276	0.551485702144662	60	56	0.888048162825561	0.997658065803488
K19505	group	GERD	0.281559159152014	1.08130048278414	60	37	0.795485664204045	0.997658065803488
K19545	group	GERD	0.0863309877032326	0.703381964858892	60	16	0.90273967873996	0.997658065803488
K19572	group	GERD	-0.210685202243442	0.385239855671131	60	11	0.586549918982197	0.997658065803488
K19577	group	GERD	-0.133170818753401	0.343040846523253	60	60	0.699284209031828	0.997658065803488
K19585	group	GERD	0.289897360703611	0.771564272389531	60	43	0.708490755211636	0.997658065803488
K19586	group	GERD	0.147429907190961	0.754650330649878	60	42	0.845792449376234	0.997658065803488
K19587	group	GERD	0.346827980667155	0.668641440814628	60	45	0.605939618552485	0.997658065803488
K19591	group	GERD	-0.0957630477423336	0.489227665455867	60	52	0.845495247872791	0.997658065803488
K19592	group	GERD	0.187236188291509	0.425274335675563	60	14	0.661376917924956	0.997658065803488
K19609	group	GERD	-0.163310434345957	0.593857878022431	60	12	0.784294124846738	0.997658065803488
K19610	group	GERD	-0.163310434345957	0.593857878022431	60	12	0.784294124846738	0.997658065803488
K19686	group	GERD	-0.16579081578048	0.333089074867032	60	14	0.620551245025394	0.997658065803488
K19687	group	GERD	-0.018040103643106	0.293941558426219	60	11	0.951273079304305	0.997658065803488
K19688	group	GERD	-0.116228137914495	1.11303352188419	60	39	0.917192634773666	0.997658065803488
K19696	group	GERD	0.146950523547631	0.811876765285202	60	22	0.856997790520072	0.997658065803488
K19709	group	GERD	0.318388029070092	1.12529727796414	60	26	0.77823264101982	0.997658065803488
K19714	group	GERD	0.0140648751302362	0.441050804853925	60	32	0.974669685319925	0.997658065803488
K19715	group	GERD	-0.200124085407085	0.36953976659209	60	11	0.590203190215005	0.997658065803488
K19734	group	GERD	0.37320252970277	0.739344837865283	60	40	0.615629677897292	0.997658065803488
K19736	group	GERD	-0.0365402357333369	0.522802219011199	60	16	0.94451921991275	0.997658065803488
K19743	group	GERD	-0.109366620715776	0.350793987198381	60	42	0.756334218168376	0.997658065803488
K19746	group	GERD	-0.160736869978355	0.448729039690542	60	57	0.721490547745864	0.997658065803488
K19775	group	GERD	0.0939138680847678	0.950731338971133	60	52	0.921653036686241	0.997658065803488
K19776	group	GERD	0.195679833691521	1.11174695684732	60	38	0.860898310762112	0.997658065803488
K19777	group	GERD	0.46383043118515	0.809545306056017	60	29	0.568892036425536	0.997658065803488
K19778	group	GERD	0.380356993227941	1.00760916473153	60	30	0.707191293523896	0.997658065803488
K19784	group	GERD	-0.0356482068185511	0.302253517957184	60	60	0.906521583447264	0.997658065803488
K19789	group	GERD	0.25005998022286	0.890133666316387	60	58	0.779768352995023	0.997658065803488
K03750	group	GERD	0.0011268449192478	0.123024176988482	60	60	0.992723279391522	0.99794654706472
K03812	group	GERD	-0.0128924859526687	1.39431570462579	60	31	0.992654227940833	0.99794654706472
K06222	group	GERD	0.00772469890509967	0.859851112673728	60	58	0.992862920152933	0.99794654706472
K06985	group	GERD	0.00421953090578685	0.491369123738907	60	58	0.99317788439251	0.99794654706472
K07131	group	GERD	0.00364607280441988	0.377454298771503	60	60	0.992325991331814	0.99794654706472
K17236	group	GERD	-0.00817775136894469	0.852536495250886	60	17	0.992379519720011	0.99794654706472
K18850	group	GERD	-0.00287959835293311	0.337422616166388	60	60	0.993220142579299	0.99794654706472
K18920	group	GERD	0.010172397888915	1.10944428065516	60	37	0.9927158337616	0.99794654706472
K19548	group	GERD	-0.00468376839656828	0.541578091532921	60	38	0.993129362862904	0.99794654706472
K04333	group	GERD	-0.00921510971428974	1.11393674809733	60	40	0.993427915551524	0.997985698681497
K01906	group	GERD	-0.00282623752899572	0.365950954084901	60	60	0.993864505391412	0.998254664606528
K08678	group	GERD	-0.00210697107445935	0.29255945762857	60	60	0.994278514422681	0.998500862454032
K11177	group	GERD	-0.00589188818587934	0.867621455899476	60	36	0.994605030264981	0.998566657049092
K14053	group	GERD	-0.00739942966637735	1.12807058535582	60	35	0.994788928901044	0.998566657049092
K19431	group	GERD	0.00285629232821217	0.440680096229016	60	60	0.9948507459437	0.998566657049092
K17870	group	GERD	0.00279368093162377	0.480491519969734	60	41	0.995380906192087	0.998929200035243
K00114	group	GERD	0.0037879649407723	0.777330989150298	60	32	0.996128614528988	0.998969842130494
K03602	group	GERD	-8.89096039899813e-5	0.0186909839168719	60	60	0.996220946491392	0.998969842130494
K08224	group	GERD	0.00404717485923792	0.803613355984487	60	60	0.995998976057646	0.998969842130494
K10678	group	GERD	0.001866060914188	0.346491054450923	60	60	0.995721418102729	0.998969842130494
K16703	group	GERD	-0.00518965939425119	1.10423760709426	60	40	0.996266270162617	0.998969842130494
K01847	group	GERD	7.7581717057063e-4	0.203923761221905	60	60	0.996977553069794	0.998997428011528
K03177	group	GERD	-7.98076779087013e-5	0.0188528259401289	60	60	0.996636936306139	0.998997428011528
K03328	group	GERD	-6.0110396658737e-4	0.220461571003293	60	60	0.997833870864856	0.998997428011528
K07229	group	GERD	0.00243690424751999	1.08845474851294	60	43	0.998221327818595	0.998997428011528
K07343	group	GERD	-6.8380065941106e-4	0.323653470301514	60	60	0.998321516355228	0.998997428011528
K08137	group	GERD	0.00243690424751999	1.08845474851294	60	43	0.998221327818595	0.998997428011528
K08723	group	GERD	0.00243690424751999	1.08845474851294	60	43	0.998221327818595	0.998997428011528
K12945	group	GERD	0.00243690424751999	1.08845474851294	60	43	0.998221327818595	0.998997428011528
K12990	group	GERD	-0.00106611009673552	0.299526644689109	60	60	0.997172296578746	0.998997428011528
K15011	group	GERD	-0.00107870215966241	0.480565433958018	60	58	0.998216731070609	0.998997428011528
K15012	group	GERD	-0.00187625355751	0.480326657021204	60	58	0.996896713223808	0.998997428011528
K18240	group	GERD	-0.0010218714973738	0.260688881358761	60	8	0.996885840580596	0.998997428011528
K03299	group	GERD	3.9005137382472e-4	0.210603744182652	60	60	0.998528624004284	0.99903557710498
K10562	group	GERD	-8.899646716932e-4	0.675041148562014	60	52	0.998952604780511	0.999290659807509
K09695	group	GERD	-4.6652790311587e-4	0.464804304713596	60	57	0.99920260115259	0.999371642364086
K09767	group	GERD	8.13464738839864e-6	0.130700226068026	60	60	0.999950554065578	0.999950554065578
