feature	metadata	value	coef	stderr	N	N.not.0	pval	qval	study	disease
Unclassified_NA.1	group	GERD	-0.496375992268885	0.259944157374155	26	3	0.0682156290093536	0.871643985471175	Ziganshina_2020	GERD
Unclassified_f__Saccharimonadaceae	group	GERD	-1.28163481950465	0.646002008549876	26	6	0.0588119146523396	0.871643985471175	Ziganshina_2020	GERD
g__Scardovia	group	GERD	-1.0881470917117	0.50432047051003	26	7	0.0411806962336346	0.871643985471175	Ziganshina_2020	GERD
g__F0332	group	GERD	-1.21248927852342	0.704431826363986	26	8	0.0980770284756013	0.871643985471175	Ziganshina_2020	GERD
g__Actinomyces	group	GERD	0.538197113432923	0.346462572590721	26	26	0.133414895735384	0.871643985471175	Ziganshina_2020	GERD
g__Mobiluncus	group	GERD	1.05139650612764	0.656621178357486	26	11	0.122409791598061	0.871643985471175	Ziganshina_2020	GERD
g__Centipeda	group	GERD	-0.688129606340283	0.435312347971329	26	8	0.127020761742596	0.871643985471175	Ziganshina_2020	GERD
g__Stomatobaculum	group	GERD	0.970822536214388	0.359308429284383	26	25	0.0124517503004797	0.871643985471175	Ziganshina_2020	GERD
g__Butyrivibrio	group	GERD	1.73924512746378	0.86514537343315	26	20	0.0557608414827297	0.871643985471175	Ziganshina_2020	GERD
g__Leptotrichia	group	GERD	0.748702460429615	0.471612428990036	26	26	0.125479660671324	0.871643985471175	Ziganshina_2020	GERD
g__Peptostreptococcus	group	GERD	-1.03892240437667	0.55849100361162	26	26	0.0751512122732541	0.871643985471175	Ziganshina_2020	GERD
g__Family_XIII_UCG.001	group	GERD	-0.707828123930933	0.44844726642278	26	6	0.127565321461516	0.871643985471175	Ziganshina_2020	GERD
g__Capnocytophaga	group	GERD	-1.02617722314297	0.642343197323786	26	25	0.123226771877245	0.871643985471175	Ziganshina_2020	GERD
g__Bergeyella	group	GERD	-1.33522061565323	0.846632843523411	26	23	0.127864852607293	0.871643985471175	Ziganshina_2020	GERD
g__Porphyromonas	group	GERD	-1.13718662879893	0.61858546631201	26	26	0.078417103226934	0.871643985471175	Ziganshina_2020	GERD
g__Gemella	group	GERD	-0.881710314686796	0.58709523398695	26	26	0.146187887113938	0.890463468874023	Ziganshina_2020	GERD
g__.Eubacterium._yurii_group	group	GERD	-0.720473211242225	0.490015540576327	26	11	0.154468152763861	0.890463468874023	Ziganshina_2020	GERD
g__JGI_0000069.P22	group	GERD	-0.313093450011739	0.605058378209652	26	12	0.609572035600882	0.938732399765978	Ziganshina_2020	GERD
g__Treponema	group	GERD	-0.470090790744221	1.04749475322094	26	19	0.657619004701246	0.938732399765978	Ziganshina_2020	GERD
g__Candidatus_Saccharimonas	group	GERD	0.348744479672203	0.592458680125483	26	25	0.561602894877381	0.938732399765978	Ziganshina_2020	GERD
g__Saccharimonadales	group	GERD	-0.658693475955031	1.04015634480123	26	26	0.532549974159233	0.938732399765978	Ziganshina_2020	GERD
g__Saccharimonadaceae	group	GERD	-0.438911995134398	1.13293520371476	26	21	0.701866078839168	0.938732399765978	Ziganshina_2020	GERD
g__TM7x	group	GERD	0.486337927363847	0.781878403568178	26	26	0.53979854099021	0.938732399765978	Ziganshina_2020	GERD
g__Pseudopropionibacterium	group	GERD	-0.889931268332538	0.803183000410519	26	10	0.27884044344076	0.938732399765978	Ziganshina_2020	GERD
g__Corynebacterium	group	GERD	-0.289153662830881	0.74828333363772	26	24	0.702588382060459	0.938732399765978	Ziganshina_2020	GERD
g__Alloscardovia	group	GERD	0.591595056611617	0.644284888557692	26	4	0.367640227377522	0.938732399765978	Ziganshina_2020	GERD
g__Bifidobacterium	group	GERD	0.20680868117173	0.258024192956198	26	3	0.430701633018612	0.938732399765978	Ziganshina_2020	GERD
g__Atopobium	group	GERD	0.657302144997657	0.467741389680405	26	26	0.172754459363337	0.938732399765978	Ziganshina_2020	GERD
g__Slackia	group	GERD	0.431267235958681	0.56216539709532	26	12	0.450471650417616	0.938732399765978	Ziganshina_2020	GERD
g__Olsenella	group	GERD	-0.224911923415365	0.343140574519497	26	6	0.518411397471389	0.938732399765978	Ziganshina_2020	GERD
g__Selenomonas	group	GERD	0.498926122752046	0.663926870718346	26	26	0.459671511488236	0.938732399765978	Ziganshina_2020	GERD
Unclassified_f__Selenomonadaceae	group	GERD	-0.313141337231424	0.703754821535362	26	10	0.660337334881868	0.938732399765978	Ziganshina_2020	GERD
g__uncultured	group	GERD	0.454059069252099	0.560165391500603	26	6	0.425571968027576	0.938732399765978	Ziganshina_2020	GERD
g__Megasphaera	group	GERD	0.785412868282777	0.655840808509665	26	25	0.242780275217779	0.938732399765978	Ziganshina_2020	GERD
g__Veillonella	group	GERD	0.279882911622618	0.352354424884521	26	26	0.434792507452324	0.938732399765978	Ziganshina_2020	GERD
Unclassified_f__Veillonellaceae	group	GERD	-0.100770326376253	0.193158544080636	26	4	0.606662578482474	0.938732399765978	Ziganshina_2020	GERD
Unclassified_NA.3	group	GERD	-1.18599216386142	0.930839153147832	26	19	0.214824277947713	0.938732399765978	Ziganshina_2020	GERD
g__Absconditabacteriales_.SR1.	group	GERD	-0.670650596205688	1.25885540818412	26	22	0.599107826267868	0.938732399765978	Ziganshina_2020	GERD
g__Streptococcus	group	GERD	-0.248733430992522	0.342192730825903	26	26	0.474329721156519	0.938732399765978	Ziganshina_2020	GERD
g__Eggerthia	group	GERD	-0.098012904568824	0.142367538530136	26	3	0.497770910538713	0.938732399765978	Ziganshina_2020	GERD
g__Erysipelotrichaceae_UCG.006	group	GERD	0.429505715014029	0.655386144092783	26	9	0.518476994230836	0.938732399765978	Ziganshina_2020	GERD
g__Bulleidia	group	GERD	0.199187613296663	0.498988526734462	26	6	0.69328847279168	0.938732399765978	Ziganshina_2020	GERD
g__Solobacterium	group	GERD	0.582657254109587	0.479481517460837	26	26	0.236116483307997	0.938732399765978	Ziganshina_2020	GERD
g__Defluviitaleaceae_UCG.011	group	GERD	-0.180880732810987	0.543663944519966	26	8	0.742244285292375	0.938732399765978	Ziganshina_2020	GERD
g__Clostridia_UCG.014	group	GERD	0.247510132503218	0.417904429338723	26	26	0.559212311002426	0.938732399765978	Ziganshina_2020	GERD
g__Oribacterium	group	GERD	0.317492598092765	0.428448097399598	26	26	0.465864943729989	0.938732399765978	Ziganshina_2020	GERD
g__uncultured.1	group	GERD	-0.37856823341913	0.397073241111425	26	4	0.349893673201605	0.938732399765978	Ziganshina_2020	GERD
g__Streptobacillus	group	GERD	-0.316097952810713	0.655850740249226	26	7	0.634196033755563	0.938732399765978	Ziganshina_2020	GERD
g__Lachnoanaerobaculum	group	GERD	0.253235595927312	0.422717327287191	26	26	0.554742108739596	0.938732399765978	Ziganshina_2020	GERD
g__Johnsonella	group	GERD	0.225679830269069	0.659144177612067	26	8	0.735042981340948	0.938732399765978	Ziganshina_2020	GERD
Unclassified_f__Lachnospiraceae	group	GERD	1.28179363552831	0.981609774852026	26	18	0.20399658102318	0.938732399765978	Ziganshina_2020	GERD
Unclassified_f__Peptostreptococcaceae	group	GERD	0.36624833748208	0.578189348678394	26	10	0.532436867397983	0.938732399765978	Ziganshina_2020	GERD
g__.Eubacterium._brachy_group	group	GERD	-0.246019598760847	0.636222345842086	26	11	0.702394471227511	0.938732399765978	Ziganshina_2020	GERD
g__uncultured.3	group	GERD	-0.109506996083055	0.349488819519844	26	6	0.756733261035839	0.938732399765978	Ziganshina_2020	GERD
g__.Eubacterium._nodatum_group	group	GERD	-0.34771488249102	0.569965401601801	26	25	0.547553521775322	0.938732399765978	Ziganshina_2020	GERD
g__Mogibacterium	group	GERD	-0.84891809609754	0.679595201122882	26	25	0.223655806319007	0.938732399765978	Ziganshina_2020	GERD
g__.Eubacterium._saphenum_group	group	GERD	-0.560725432003129	0.803202448754735	26	6	0.491816239818962	0.938732399765978	Ziganshina_2020	GERD
g__Comamonas	group	GERD	0.173424272266774	0.17208322380589	26	4	0.323607128435443	0.938732399765978	Ziganshina_2020	GERD
g__Eikenella	group	GERD	0.302395648658854	0.826300329238467	26	15	0.717598527874648	0.938732399765978	Ziganshina_2020	GERD
Unclassified_f__Neisseriaceae	group	GERD	-0.33285287655514	1.04788022763236	26	15	0.753502155703702	0.938732399765978	Ziganshina_2020	GERD
g__Simonsiella	group	GERD	-0.259813857400162	0.48919399710774	26	3	0.600226560213916	0.938732399765978	Ziganshina_2020	GERD
g__Alysiella	group	GERD	-0.215463016601211	0.32589671887627	26	3	0.514820479357977	0.938732399765978	Ziganshina_2020	GERD
g__Kingella	group	GERD	0.467390774613488	0.726562951987281	26	16	0.526135285270283	0.938732399765978	Ziganshina_2020	GERD
g__Neisseria	group	GERD	-0.813017327472551	0.846418689208857	26	26	0.346362519635037	0.938732399765978	Ziganshina_2020	GERD
g__Ralstonia	group	GERD	-0.208071843037299	0.196882526339653	26	3	0.301110448549011	0.938732399765978	Ziganshina_2020	GERD
g__Lautropia	group	GERD	0.279699217676674	0.701369066924799	26	21	0.693573742934362	0.938732399765978	Ziganshina_2020	GERD
g__Actinobacillus	group	GERD	0.371423279608677	0.89055372098034	26	11	0.680334270730541	0.938732399765978	Ziganshina_2020	GERD
g__Haemophilus	group	GERD	-0.274015453557965	0.42510690882753	26	26	0.525313031014556	0.938732399765978	Ziganshina_2020	GERD
g__Aggregatibacter	group	GERD	0.424794106560297	0.839523708614821	26	21	0.617477105605175	0.938732399765978	Ziganshina_2020	GERD
g__Cardiobacterium	group	GERD	-0.887102683077326	0.714504336746172	26	23	0.226395185524556	0.938732399765978	Ziganshina_2020	GERD
g__uncultured.6	group	GERD	-0.227707015080944	0.208561956085595	26	3	0.285762426427243	0.938732399765978	Ziganshina_2020	GERD
g__Peptococcus	group	GERD	0.248087756260727	0.609338579839505	26	11	0.687511703386627	0.938732399765978	Ziganshina_2020	GERD
g__Campylobacter	group	GERD	-0.168057975563362	0.47808518435860903	26	26	0.72826343677427	0.938732399765978	Ziganshina_2020	GERD
g__Fusobacterium	group	GERD	-0.340740821587477	0.485306651597355	26	26	0.489361708480578	0.938732399765978	Ziganshina_2020	GERD
g__Lentimicrobium	group	GERD	-0.623462358401065	0.933820227586899	26	14	0.510728493632648	0.938732399765978	Ziganshina_2020	GERD
g__F0058	group	GERD	0.656752540560719	0.752817948808118	26	19	0.3916389579846	0.938732399765978	Ziganshina_2020	GERD
g__Tannerella	group	GERD	0.199986568997561	0.620727491881993	26	21	0.750105284020614	0.938732399765978	Ziganshina_2020	GERD
g__Phocaeicola	group	GERD	-0.191421439730169	0.209017349390515	26	3	0.368874270173007	0.938732399765978	Ziganshina_2020	GERD
g__Prevotella	group	GERD	0.168219181568806	0.290545489825334	26	26	0.567999389271581	0.938732399765978	Ziganshina_2020	GERD
g__Filifactor	group	GERD	0.288804281313215	0.981475231005732	26	15	0.771092843272392	0.94458873300868	Ziganshina_2020	GERD
g__Cryptobacterium	group	GERD	0.11538121913994	0.42129005722331	26	5	0.786523290378369	0.951271225979133	Ziganshina_2020	GERD
g__Granulicatella	group	GERD	0.0893569132381789	0.341749482173986	26	26	0.795961638064172	0.951271225979133	Ziganshina_2020	GERD
g__Gracilibacteria	group	GERD	-0.162461158595892	0.879030255943252	26	9	0.854924213980513	0.952074692841934	Ziganshina_2020	GERD
g__Dialister	group	GERD	-0.135692290377732	0.689895706526945	26	25	0.845729946067728	0.952074692841934	Ziganshina_2020	GERD
g__Anaeroglobus	group	GERD	-0.0775756711402216	0.366546625756047	26	5	0.834175398569678	0.952074692841934	Ziganshina_2020	GERD
g__Mycoplasma	group	GERD	0.132950245718556	0.599884842199792	26	11	0.826479754878755	0.952074692841934	Ziganshina_2020	GERD
g__Catonella	group	GERD	-0.0857721046260168	0.451799368951301	26	26	0.851026691034027	0.952074692841934	Ziganshina_2020	GERD
g__Clostridia_vadinBB60_group	group	GERD	0.0613266144454793	0.26317929651059	26	3	0.817720087682578	0.952074692841934	Ziganshina_2020	GERD
Unclassified_NA	group	GERD	0.0304573096641897	0.648093548800562	26	9	0.962905901892002	0.992561992048827	Ziganshina_2020	GERD
g__Rothia	group	GERD	0.016712119895532	0.462730882003177	26	26	0.971488360781474	0.992561992048827	Ziganshina_2020	GERD
g__Abiotrophia	group	GERD	0.0524985796700458	0.737341218432374	26	18	0.943828704337747	0.992561992048827	Ziganshina_2020	GERD
g__Lactobacillus	group	GERD	-0.0305986941877594	0.6296841993936	26	5	0.961645214614314	0.992561992048827	Ziganshina_2020	GERD
g__RF39	group	GERD	-0.0644198464405662	0.683792875285988	26	12	0.925724792598007	0.992561992048827	Ziganshina_2020	GERD
g__Fretibacterium	group	GERD	0.0266971699889639	0.761023983326322	26	15	0.972305624864157	0.992561992048827	Ziganshina_2020	GERD
g__Rikenellaceae_RC9_gut_group	group	GERD	0.0486231854088265	0.910036607755632	26	10	0.957831629654863	0.992561992048827	Ziganshina_2020	GERD
g__Alloprevotella	group	GERD	0.0621995777289023	0.702664157483313	26	25	0.930198190595209	0.992561992048827	Ziganshina_2020	GERD
g__Shuttleworthia	group	GERD	-0.0140521353127519	0.684688662942831	26	11	0.983795527589777	0.993937749523693	Ziganshina_2020	GERD
g__Parvimonas	group	GERD	-2.7558765193039e-4	1.02727536312261	26	22	0.99978816859665	0.99978816859665	Ziganshina_2020	GERD
g__Rothia	group	GERD	-1.29661097005223	0.364666946335918	60	60	7.5844693271473e-4	0.133486660157793	Qian_2023	GERD
g__Absconditabacteriales_.SR1.	group	GERD	1.68764353648458	0.671539427102231	60	56	0.0147685293733214	0.642930357394957	Qian_2023	GERD
g__Streptococcus	group	GERD	-0.531256900564495	0.237608090444925	60	60	0.0292241071543162	0.642930357394957	Qian_2023	GERD
g__Catonella	group	GERD	0.590345986998783	0.256007756005407	60	60	0.0247066158992186	0.642930357394957	Qian_2023	GERD
g__Pseudopropionibacterium	group	GERD	-0.538606835285098	0.197592835848865	60	9	0.00846677964579723	0.642930357394957	Qian_2023	GERD
g__Campylobacter	group	GERD	1.05965597560036	0.45940543594091	60	59	0.0246700733004861	0.642930357394957	Qian_2023	GERD
g__Prevotella	group	GERD	0.436596854862642	0.193542043574122	60	60	0.0278683991278135	0.642930357394957	Qian_2023	GERD
g__uncultured.28	group	GERD	1.3098119604046	0.572297413021675	60	26	0.0257581187051693	0.642930357394957	Qian_2023	GERD
g__Scardovia	group	GERD	-0.432753130722432	0.206969430407678	60	10	0.0409281191055993	0.800372106953941	Qian_2023	GERD
g__JGI_0000069.P22	group	GERD	0.0925613466291186	0.227350421257742	60	9	0.685410641801271	0.968936839785773	Qian_2023	GERD
g__Chloroplast	group	GERD	0.309767351028741	0.178405488449894	60	7	0.0878183788124511	0.968936839785773	Qian_2023	GERD
g__Mycoplasma	group	GERD	-0.362290710240476	0.443829530129836	60	49	0.417678035331806	0.968936839785773	Qian_2023	GERD
g__Pyramidobacter	group	GERD	-0.200009031425073	0.246816458481273	60	14	0.421048556255859	0.968936839785773	Qian_2023	GERD
g__uncultured.1	group	GERD	0.219293694564274	0.225083937035659	60	7	0.333965918487062	0.968936839785773	Qian_2023	GERD
g__Anaeroglobus	group	GERD	0.116346265167079	0.392415614988848	60	49	0.767917033829594	0.968936839785773	Qian_2023	GERD
g__Megasphaera	group	GERD	0.400897210229026	0.413866447399281	60	59	0.33673536909683	0.968936839785773	Qian_2023	GERD
g__Dialister	group	GERD	0.618810921316706	0.38756818289093	60	60	0.115778353938146	0.968936839785773	Qian_2023	GERD
Unclassified_f__Veillonellaceae	group	GERD	0.0681632605370997	0.261886481129941	60	8	0.795571236609303	0.968936839785773	Qian_2023	GERD
g__Veillonella	group	GERD	0.112668752212276	0.407517901231668	60	60	0.783165657087735	0.968936839785773	Qian_2023	GERD
g__Anaerovibrio	group	GERD	0.198078804161653	0.247067892843124	60	9	0.425988561147239	0.968936839785773	Qian_2023	GERD
g__uncultured.3	group	GERD	0.535167597686273	0.701620099429067	60	36	0.448697853842983	0.968936839785773	Qian_2023	GERD
g__Selenomonas	group	GERD	0.499206152229266	0.400634547617991	60	60	0.217759851754246	0.968936839785773	Qian_2023	GERD
Unclassified_f__Selenomonadaceae	group	GERD	0.274668806545601	0.446553511122504	60	57	0.540903818693242	0.968936839785773	Qian_2023	GERD
g__Centipeda	group	GERD	0.591904364144418	0.530655858067963	60	37	0.269270607312918	0.968936839785773	Qian_2023	GERD
g__Peptococcus	group	GERD	-0.250777526046441	0.298314342179675	60	58	0.40399717599159	0.968936839785773	Qian_2023	GERD
g__Acholeplasma	group	GERD	0.28474699237968	0.506676114884054	60	22	0.576288197243312	0.968936839785773	Qian_2023	GERD
g__Izemoplasmatales	group	GERD	-0.198070625163897	0.288282355471957	60	20	0.494775756160581	0.968936839785773	Qian_2023	GERD
g__RF39	group	GERD	0.658121139572271	0.494480266990378	60	38	0.188418869362936	0.968936839785773	Qian_2023	GERD
g__Eggerthia	group	GERD	-0.297486914079494	0.208224425613001	60	11	0.158458586054737	0.968936839785773	Qian_2023	GERD
g__uncultured.4	group	GERD	-0.264246212423607	0.351066075403522	60	10	0.454676530753017	0.968936839785773	Qian_2023	GERD
g__Bulleidia	group	GERD	-0.378623338052887	0.221746188452862	60	9	0.0930844114347863	0.968936839785773	Qian_2023	GERD
g__Lactobacillus	group	GERD	-0.167156914778159	0.574273922309437	60	57	0.772032172827128	0.968936839785773	Qian_2023	GERD
Unclassified_NA	group	GERD	-0.314052987214829	0.353283663861423	60	58	0.377699835667986	0.968936839785773	Qian_2023	GERD
g__Enterococcus	group	GERD	0.819934494686667	0.704093371280822	60	18	0.248978867897241	0.968936839785773	Qian_2023	GERD
g__Granulicatella	group	GERD	-0.300896002661884	0.304009108191992	60	60	0.326402769641657	0.968936839785773	Qian_2023	GERD
g__Gemella	group	GERD	-0.323266370959811	0.288280813809283	60	60	0.266756277585538	0.968936839785773	Qian_2023	GERD
g__Turicibacter	group	GERD	0.109324694566546	0.337677152015216	60	8	0.747288026615097	0.968936839785773	Qian_2023	GERD
g__Abiotrophia	group	GERD	-0.541999514009013	0.330213506659588	60	57	0.10613472373834	0.968936839785773	Qian_2023	GERD
g__Pseudoramibacter	group	GERD	-0.0536722888635129	0.197530799101268	60	7	0.786805210846417	0.968936839785773	Qian_2023	GERD
g__uncultured.7	group	GERD	0.157829388406598	0.470086398747507	60	26	0.738274316237015	0.968936839785773	Qian_2023	GERD
g__Romboutsia	group	GERD	-0.251944698819993	0.409966096848583	60	12	0.541255320815122	0.968936839785773	Qian_2023	GERD
g__Peptostreptococcus	group	GERD	-0.506683839073333	0.365839929477863	60	60	0.17136054021075	0.968936839785773	Qian_2023	GERD
g__Amnipila	group	GERD	0.165507083833381	0.420624682717532	60	48	0.695408292681484	0.968936839785773	Qian_2023	GERD
g__.Eubacterium._brachy_group	group	GERD	-0.288856970429622	0.376305949336566	60	24	0.445831535823021	0.968936839785773	Qian_2023	GERD
g__Family_XIII_UCG.001	group	GERD	0.126792094020733	0.395212668635937	60	38	0.749499990857634	0.968936839785773	Qian_2023	GERD
g__Family_XIII_AD3011_group	group	GERD	0.174152579467913	0.237960560264486	60	8	0.467204121535727	0.968936839785773	Qian_2023	GERD
g__.Eubacterium._saphenum_group	group	GERD	-0.76160101184098306	0.531558700874327	60	38	0.157291966282224	0.968936839785773	Qian_2023	GERD
g__Mogibacterium	group	GERD	-0.140731758888602	0.366541703314067	60	31	0.702423370488203	0.968936839785773	Qian_2023	GERD
g__.Eubacterium._nodatum_group	group	GERD	-0.279743794141012	0.29869312236138	60	60	0.352868802713626	0.968936839785773	Qian_2023	GERD
g__uncultured.8	group	GERD	-0.238268117469449	0.427603085013266	60	26	0.57952264108015	0.968936839785773	Qian_2023	GERD
g__Filifactor	group	GERD	-0.303588347765789	0.341629210225488	60	60	0.377862669893615	0.968936839785773	Qian_2023	GERD
g__Peptoanaerobacter	group	GERD	0.294506123652122	0.212372394572089	60	13	0.170826907158819	0.968936839785773	Qian_2023	GERD
g__.Eubacterium._yurii_group	group	GERD	0.276625103379993	0.428937032266477	60	42	0.521529366199408	0.968936839785773	Qian_2023	GERD
Unclassified_f__Peptostreptococcaceae	group	GERD	0.524721501351302	0.53328137499203	60	42	0.329227616940701	0.968936839785773	Qian_2023	GERD
g__Clostridium_sensu_stricto_1	group	GERD	0.212816772898173	0.290705376002274	60	9	0.467073591900306	0.968936839785773	Qian_2023	GERD
g__Candidatus_Arthromitus	group	GERD	-0.309561181641381	0.337658627754046	60	13	0.363050483317817	0.968936839785773	Qian_2023	GERD
g__Monoglobus	group	GERD	0.368509155885268	0.336733219840842	60	10	0.278318854629501	0.968936839785773	Qian_2023	GERD
g__Saccharofermentans	group	GERD	-0.456411072117595	0.254171513322487	60	7	0.0777548126694337	0.968936839785773	Qian_2023	GERD
g__Defluviitaleaceae_UCG.011	group	GERD	-0.120390946889283	0.337695724309362	60	56	0.722754465942292	0.968936839785773	Qian_2023	GERD
g__Lachnoanaerobaculum	group	GERD	0.159846634741139	0.22569536345476	60	60	0.481632559151643	0.968936839785773	Qian_2023	GERD
g__Stomatobaculum	group	GERD	0.143347945945121	0.292795062445794	60	60	0.626274524311495	0.968936839785773	Qian_2023	GERD
g__Lachnospiraceae_NK3A20_group	group	GERD	0.505178983205214	0.428734971056879	60	15	0.243488305605547	0.968936839785773	Qian_2023	GERD
g__Blautia	group	GERD	0.351605590159819	0.586082303477854	60	12	0.550892784435252	0.968936839785773	Qian_2023	GERD
g__Lachnoclostridium	group	GERD	0.460883606451147	0.498862752682998	60	17	0.35938249514208	0.968936839785773	Qian_2023	GERD
g__Lachnospiraceae_NK4A136_group	group	GERD	-0.196469443333716	0.663148084588208	60	14	0.768083817217598	0.968936839785773	Qian_2023	GERD
g__.Eubacterium._xylanophilum_group	group	GERD	0.101868788697974	0.216440531120722	60	10	0.639652468630767	0.968936839785773	Qian_2023	GERD
g__Lachnospiraceae_UCG.001	group	GERD	-0.0637450038851808	0.212090652705053	60	7	0.764828223357014	0.968936839785773	Qian_2023	GERD
g__.Ruminococcus._torques_group	group	GERD	0.378984221578973	0.301914258959816	60	8	0.214414416890429	0.968936839785773	Qian_2023	GERD
g__Shuttleworthia	group	GERD	-0.71107777273466	0.403002822068485	60	18	0.0829218738980273	0.968936839785773	Qian_2023	GERD
g__Roseburia	group	GERD	0.553210006215041	0.58660292658137	60	38	0.349554895489936	0.968936839785773	Qian_2023	GERD
g__.Ruminococcus._gnavus_group	group	GERD	0.509795258706708	0.448397888554653	60	10	0.260244622689066	0.968936839785773	Qian_2023	GERD
g__Oribacterium	group	GERD	0.389129220937281	0.294507516662353	60	60	0.191594205215839	0.968936839785773	Qian_2023	GERD
g__Butyrivibrio	group	GERD	0.801418619667072	0.535711575473235	60	47	0.140078444167886	0.968936839785773	Qian_2023	GERD
Unclassified_f__Lachnospiraceae	group	GERD	0.256487988429834	0.656151486018032	60	33	0.69730520799923	0.968936839785773	Qian_2023	GERD
g__uncultured.10	group	GERD	-0.433864598990132	0.735942058609484	60	42	0.55779112409855	0.968936839785773	Qian_2023	GERD
g__Johnsonella	group	GERD	0.211109728071625	0.491076264070144	60	50	0.668867259333761	0.968936839785773	Qian_2023	GERD
g__Lachnospiraceae_ND3007_group	group	GERD	0.121996261789301	0.307314622606926	60	7	0.692842823712019	0.968936839785773	Qian_2023	GERD
g__uncultured.11	group	GERD	0.272973575824773	0.525078840068263	60	15	0.605131672158098	0.968936839785773	Qian_2023	GERD
g__Colidextribacter	group	GERD	-0.179192538960147	0.307311657035526	60	13	0.562088384787915	0.968936839785773	Qian_2023	GERD
g__Oscillibacter	group	GERD	0.0713448711132443	0.210985245629312	60	11	0.736470382957278	0.968936839785773	Qian_2023	GERD
g__UCG.002	group	GERD	0.550739059474615	0.384999740700712	60	9	0.157941462306496	0.968936839785773	Qian_2023	GERD
g__UCG.005	group	GERD	0.497516089048594	0.441592416552608	60	14	0.264534178244193	0.968936839785773	Qian_2023	GERD
g__.Eubacterium._coprostanoligenes_group	group	GERD	-0.287119627512415	0.495763450724716	60	28	0.564732995648741	0.968936839785773	Qian_2023	GERD
g__uncultured.12	group	GERD	0.201258112188531	0.39965981813371	60	16	0.616468406514925	0.968936839785773	Qian_2023	GERD
g__Anaerotruncus	group	GERD	-0.226212998586048	0.202024045020398	60	7	0.267443125108108	0.968936839785773	Qian_2023	GERD
g__Clostridia_vadinBB60_group	group	GERD	0.281749036447916	0.395781302650509	60	50	0.479392424729213	0.968936839785773	Qian_2023	GERD
g__Brevundimonas	group	GERD	0.55166525938478606	0.423253915364552	60	14	0.197591671175688	0.968936839785773	Qian_2023	GERD
g__Methylobacterium.Methylorubrum	group	GERD	0.0672102611941642	0.12332706621498	60	7	0.587859731164124	0.968936839785773	Qian_2023	GERD
g__Devosia	group	GERD	0.509519373923945	0.273763507440162	60	8	0.0677913215727222	0.968936839785773	Qian_2023	GERD
g__Cardiobacterium	group	GERD	0.367554102739623	0.41099263027967	60	52	0.374853172486476	0.968936839785773	Qian_2023	GERD
g__Gilliamella	group	GERD	0.196906058938974	0.430102210699963	60	11	0.648797870166528	0.968936839785773	Qian_2023	GERD
Unclassified_f__Enterobacteriaceae	group	GERD	-0.982019496904446	0.587977282027181	60	30	0.100275336885389	0.968936839785773	Qian_2023	GERD
g__Klebsiella	group	GERD	0.241520443730264	0.41640360800282	60	8	0.564150868462859	0.968936839785773	Qian_2023	GERD
g__Escherichia.Shigella	group	GERD	0.702765129534816	0.743425900644177	60	24	0.348424142474293	0.968936839785773	Qian_2023	GERD
g__Serratia	group	GERD	-0.22479043424995	0.394776289599862	60	23	0.571275221097844	0.968936839785773	Qian_2023	GERD
g__Aggregatibacter	group	GERD	0.427983011155505	0.528298254938235	60	58	0.421184817218741	0.968936839785773	Qian_2023	GERD
Unclassified_f__Pasteurellaceae	group	GERD	0.327032430647918	0.248280082363006	60	10	0.192954653961968	0.968936839785773	Qian_2023	GERD
g__Actinobacillus	group	GERD	0.654942173446945	0.925104081794983	60	42	0.481801876339726	0.968936839785773	Qian_2023	GERD
g__Kingella	group	GERD	-0.302439417080649	0.560185227083853	60	26	0.591338609295984	0.968936839785773	Qian_2023	GERD
g__Eikenella	group	GERD	-0.409362658746198	0.70996972695469	60	44	0.566446394522171	0.968936839785773	Qian_2023	GERD
Unclassified_f__Neisseriaceae	group	GERD	0.100818459748348	0.403333476072293	60	51	0.803499179511356	0.968936839785773	Qian_2023	GERD
g__Alysiella	group	GERD	0.161063341192688	0.379919674321189	60	14	0.673177415018229	0.968936839785773	Qian_2023	GERD
g__Limnobacter	group	GERD	0.280596783317696	0.271055290581695	60	7	0.304871920218527	0.968936839785773	Qian_2023	GERD
g__Parasutterella	group	GERD	-0.433152868947084	0.490841983688026	60	15	0.381166090863725	0.968936839785773	Qian_2023	GERD
g__Lautropia	group	GERD	0.175550790367107	0.382078525029981	60	60	0.647619548519361	0.968936839785773	Qian_2023	GERD
Unclassified_f__Comamonadaceae	group	GERD	0.206972146144457	0.575621414603505	60	21	0.720479847281538	0.968936839785773	Qian_2023	GERD
g__Massilia	group	GERD	0.0881473202885355	0.310759223097417	60	10	0.777687551712887	0.968936839785773	Qian_2023	GERD
g__Pseudomonas	group	GERD	-0.250144189637892	0.475202731793485	60	12	0.600621307246811	0.968936839785773	Qian_2023	GERD
g__Acinetobacter	group	GERD	-0.648698277664799	0.534805675507908	60	25	0.230061996877835	0.968936839785773	Qian_2023	GERD
g__Moraxella	group	GERD	0.78398604258625	0.527353959544048	60	16	0.142525842156033	0.968936839785773	Qian_2023	GERD
g__Stenotrophomonas	group	GERD	-0.0776938258146196	0.293351287019583	60	7	0.792064683246891	0.968936839785773	Qian_2023	GERD
g__Desulfovibrio	group	GERD	0.0813531395137595	0.325931611868461	60	17	0.803777151185926	0.968936839785773	Qian_2023	GERD
g__uncultured.19	group	GERD	-0.197217491129248	0.380622281774001	60	14	0.606328200505118	0.968936839785773	Qian_2023	GERD
g__F0332	group	GERD	-0.341374983766608	0.390065943856846	60	25	0.385089948020972	0.968936839785773	Qian_2023	GERD
g__Actinomyces	group	GERD	-0.591043542369347	0.401245616486484	60	60	0.146151642450133	0.968936839785773	Qian_2023	GERD
g__Atopobium	group	GERD	-0.115333914457322	0.327594870882322	60	60	0.72606728768636	0.968936839785773	Qian_2023	GERD
g__Bifidobacterium	group	GERD	0.113309056041287	0.305991607490482	60	11	0.712506971034302	0.968936839785773	Qian_2023	GERD
g__Treponema	group	GERD	0.427305653055699	0.510438912693008	60	60	0.405953562320503	0.968936839785773	Qian_2023	GERD
g__Fusobacterium	group	GERD	0.467670311293781	0.336188478084519	60	60	0.169510048829753	0.968936839785773	Qian_2023	GERD
g__Leptotrichia	group	GERD	0.195834784376806	0.195812545614282	60	60	0.321409894589347	0.968936839785773	Qian_2023	GERD
g__uncultured.27	group	GERD	-0.46064992132658	0.801539849444312	60	29	0.567712611329219	0.968936839785773	Qian_2023	GERD
g__Streptobacillus	group	GERD	-0.155075425773559	0.459741738557685	60	23	0.737100990928852	0.968936839785773	Qian_2023	GERD
g__Faecalibacterium	group	GERD	-0.298163419660086	0.400964274040591	60	9	0.460110703360562	0.968936839785773	Qian_2023	GERD
g__Helicobacter	group	GERD	-0.123508998048577	0.262794936057131	60	9	0.640129954925971	0.968936839785773	Qian_2023	GERD
g__Wolinella	group	GERD	0.445387431992531	0.332470175069831	60	12	0.185590841666699	0.968936839785773	Qian_2023	GERD
g__Candidatus_Saccharimonas	group	GERD	0.638517655759913	0.457174331988536	60	58	0.167837246393329	0.968936839785773	Qian_2023	GERD
Unclassified_f__Saccharimonadaceae	group	GERD	-0.148213900589697	0.388563033156913	60	18	0.704269809217464	0.968936839785773	Qian_2023	GERD
g__TM7x	group	GERD	0.274895740722836	0.373781958795113	60	60	0.465032749981776	0.968936839785773	Qian_2023	GERD
g__Bacteroides	group	GERD	0.386117824628872	0.638699455298476	60	56	0.547844034876582	0.968936839785773	Qian_2023	GERD
g__Prevotellaceae_UCG.004	group	GERD	0.392599119127773	0.326625887150364	60	7	0.234254396731843	0.968936839785773	Qian_2023	GERD
g__Prevotellaceae	group	GERD	0.417375853744509	0.284456595630583	60	11	0.147703344759272	0.968936839785773	Qian_2023	GERD
g__Alloprevotella	group	GERD	0.406316559499673	0.519415719267132	60	60	0.437245635071468	0.968936839785773	Qian_2023	GERD
g__Prevotellaceae_UCG.003	group	GERD	0.165082558247681	0.358913315015865	60	11	0.647270968531406	0.968936839785773	Qian_2023	GERD
g__Tannerella	group	GERD	0.103713355651826	0.306845282182109	60	60	0.736584428896023	0.968936839785773	Qian_2023	GERD
g__Parabacteroides	group	GERD	-0.146780688236139	0.525050120504851	60	21	0.780813021314712	0.968936839785773	Qian_2023	GERD
g__F0058	group	GERD	0.216538075307307	0.315499120288497	60	60	0.495236643243488	0.968936839785773	Qian_2023	GERD
g__Porphyromonas	group	GERD	-0.0900185954771799	0.255200488012131	60	60	0.725564470628402	0.968936839785773	Qian_2023	GERD
g__Rikenellaceae_RC9_gut_group	group	GERD	0.133132889845726	0.443944911652233	60	51	0.765336220553159	0.968936839785773	Qian_2023	GERD
g__Capnocytophaga	group	GERD	0.14981804045961	0.392886294513336	60	60	0.7043541901854	0.968936839785773	Qian_2023	GERD
g__Bergeyella	group	GERD	0.398656101668576	0.505151559693903	60	57	0.433220400381017	0.968936839785773	Qian_2023	GERD
g__F082	group	GERD	0.188766612298937	0.459203939928479	60	13	0.682533498680404	0.968936839785773	Qian_2023	GERD
g__Lentimicrobium	group	GERD	-0.425641868259902	0.465812069822443	60	39	0.364624380493008	0.968936839785773	Qian_2023	GERD
g__Muribaculaceae	group	GERD	0.233201178667923	0.796239068969292	60	44	0.770660427854835	0.968936839785773	Qian_2023	GERD
g__Phocaeicola	group	GERD	0.149997257157659	0.326719101592739	60	24	0.647877226479952	0.968936839785773	Qian_2023	GERD
Unclassified_NA.10	group	GERD	0.488253055617083	0.475119802220272	60	59	0.308384999482567	0.968936839785773	Qian_2023	GERD
Unclassified_NA.11	group	GERD	0.151034332370268	0.398693757451768	60	60	0.70620259849159694	0.968936839785773	Qian_2023	GERD
g__Incertae_Sedis	group	GERD	0.0685072368424628	0.298732946899008	60	11	0.819422307482334	0.974448149438452	Qian_2023	GERD
g__Corynebacterium	group	GERD	0.090634582964374	0.385180556172034	60	58	0.814801508691704	0.974448149438452	Qian_2023	GERD
g__Saccharimonadaceae	group	GERD	-0.101908215726192	0.47282170267759	60	37	0.830108702120322	0.980531084383736	Qian_2023	GERD
g__NK4A214_group	group	GERD	0.0861254755336802	0.416165462121025	60	11	0.836773689106893	0.981814461885421	Qian_2023	GERD
g__Dubosiella	group	GERD	0.0540988852039933	0.293876555966538	60	7	0.854587232256428	0.98604671872186	Qian_2023	GERD
g__Clostridia_UCG.014	group	GERD	0.0556280962883606	0.328931038420347	60	60	0.866292417380541	0.98604671872186	Qian_2023	GERD
g__Christensenellaceae_R.7_group	group	GERD	-0.0689044983007627	0.414002216979693	60	15	0.868393417056183	0.98604671872186	Qian_2023	GERD
g__Saccharimonadales	group	GERD	0.0857851051606159	0.455852899475067	60	58	0.851387770853088	0.98604671872186	Qian_2023	GERD
g__Prevotellaceae_UCG.001	group	GERD	-0.0785784545680058	0.452539348387274	60	21	0.862753834898132	0.98604671872186	Qian_2023	GERD
g__Sphaerochaeta	group	GERD	0.0403634875260984	0.256178569609376	60	9	0.875350797055633	0.987575258216612	Qian_2023	GERD
g__UCG.004	group	GERD	-0.026104134277781	0.266609508802347	60	7	0.922340162142939	0.989192213789864	Qian_2023	GERD
g__Erysipelotrichaceae_UCG.006	group	GERD	-0.0389678979114319	0.425626416125801	60	13	0.927367700427998	0.989192213789864	Qian_2023	GERD
g__Ruminococcus	group	GERD	0.0510373532200853	0.509481733549287	60	18	0.920550827448974	0.989192213789864	Qian_2023	GERD
g__Succinivibrio	group	GERD	-0.0340717111263126	0.28533145514993	60	7	0.905362406905603	0.989192213789864	Qian_2023	GERD
g__Alcaligenes	group	GERD	-0.0398023633127601	0.337721929269905	60	41	0.906589410991477	0.989192213789864	Qian_2023	GERD
g__Halomonas	group	GERD	0.0303385063705156	0.23821166850097	60	8	0.899096447556321	0.989192213789864	Qian_2023	GERD
g__Mobiluncus	group	GERD	-0.0421985651601978	0.290541735000576	60	9	0.88502418030542	0.989192213789864	Qian_2023	GERD
g__Enterorhabdus	group	GERD	-0.0370546791231902	0.292562406353239	60	7	0.899651020201204	0.989192213789864	Qian_2023	GERD
g__Odoribacter	group	GERD	0.0358039798433507	0.335796329737757	60	14	0.915455148266597	0.989192213789864	Qian_2023	GERD
g__Parvimonas	group	GERD	0.0340199502434063	0.406272212109408	60	59	0.933554017291487	0.989792211104227	Qian_2023	GERD
g__Neisseria	group	GERD	0.0312834888370904	0.411044304218857	60	60	0.939595620059184	0.990232509762972	Qian_2023	GERD
g__Erysipelatoclostridium	group	GERD	0.0170054839963886	0.34459530875699	60	7	0.960810605950489	0.991139941760881	Qian_2023	GERD
g__Solobacterium	group	GERD	0.0157181335566641	0.288512775348255	60	60	0.956740088191459	0.991139941760881	Qian_2023	GERD
g__UCG.010	group	GERD	0.0133070794728811	0.336744475096389	60	14	0.968614033993588	0.991139941760881	Qian_2023	GERD
g__Haemophilus	group	GERD	0.021749060093894	0.482345939367223	60	60	0.964190324605408	0.991139941760881	Qian_2023	GERD
g__Comamonas	group	GERD	-0.0259114440823465	0.420180783072691	60	51	0.95103974197064	0.991139941760881	Qian_2023	GERD
g__Gracilibacteria	group	GERD	0.00874614902611741	0.629080583012573	60	29	0.988955029622052	0.991208473706734	Qian_2023	GERD
g__Fretibacterium	group	GERD	-0.0140067748694879	0.588902985220217	60	42	0.981106129407491	0.991208473706734	Qian_2023	GERD
g__.Eubacterium._ventriosum_group	group	GERD	-0.00456793683957544	0.277906809691134	60	10	0.986942224296147	0.991208473706734	Qian_2023	GERD
g__Alistipes	group	GERD	0.00569510663589805	0.514631966662718	60	20	0.991208473706734	0.991208473706734	Qian_2023	GERD
g__Prevotella	group	IBS-D	1.16723936663474	0.316812527474432	35	35	8.1629824655317e-4	0.024022545134659	Li_2025	IBS-D
g__Bergeyella	group	IBS-D	-2.40409414923646	0.630098627451335	35	29	5.6634211668714e-4	0.024022545134659	Li_2025	IBS-D
g__Streptococcus	group	IBS-D	-1.00127570146795	0.271852904078204	35	35	8.1895040231792e-4	0.024022545134659	Li_2025	IBS-D
g__Granulicatella	group	IBS-D	-1.21081592841194	0.366523725134154	35	35	0.00230410228336843	0.0506902502341054	Li_2025	IBS-D
g__Gemella	group	IBS-D	-1.42194897904964	0.483072834509183	35	35	0.00590109821027443	0.10385932850083	Li_2025	IBS-D
g__Porphyromonas	group	IBS-D	-2.2356637320605	0.903879211412606	35	34	0.0187027464022883	0.164584168340137	Li_2025	IBS-D
g__TM7x	group	IBS-D	1.47214621257355	0.594132948237902	35	35	0.0185104116840112	0.164584168340137	Li_2025	IBS-D
g__Atopobium	group	IBS-D	1.30832834918409	0.494961549434331	35	34	0.0124629247872781	0.164584168340137	Li_2025	IBS-D
g__Haemophilus	group	IBS-D	-1.38014876393249	0.55754595183842	35	35	0.018615489271004	0.164584168340137	Li_2025	IBS-D
g__Veillonella	group	IBS-D	1.0231955708979	0.392539624327326	35	35	0.013619754568383	0.164584168340137	Li_2025	IBS-D
g__Enterobacter	group	IBS-D	-0.799033646698485	0.329395459683446	35	4	0.0209079296882489	0.16726343750599099	Li_2025	IBS-D
g__Catonella	group	IBS-D	-1.39037427945487	0.592668169814943	35	32	0.0251366359385467	0.184335330216009	Li_2025	IBS-D
g__Parvimonas	group	IBS-D	-2.33364001327838	1.0313394890821	35	29	0.0303582667415331	0.201174772460054	Li_2025	IBS-D
g__Amnipila	group	IBS-D	-1.42608560525956	0.636887064002378	35	21	0.0320050774368267	0.201174772460054	Li_2025	IBS-D
g__Perlucidibaca	group	IBS-D	-0.663554836863122	0.307612488367516	35	4	0.0383763450126605	0.225141224074275	Li_2025	IBS-D
Unclassified_f__Micrococcaceae	group	IBS-D	0.63332851372374	0.319013279230144	35	9	0.055476460927307	0.241003885149162	Li_2025	IBS-D
g__Rothia	group	IBS-D	-0.978170766374656	0.483283956091219	35	35	0.051127069453033	0.241003885149162	Li_2025	IBS-D
g__Acinetobacter	group	IBS-D	-0.715306729814044	0.363460448750507	35	4	0.0575122907742317	0.241003885149162	Li_2025	IBS-D
g__Megasphaera	group	IBS-D	1.99510914365584	0.998378561543716	35	27	0.0539734179128649	0.241003885149162	Li_2025	IBS-D
g__Dialister	group	IBS-D	1.31469021431228	0.648588638674175	35	17	0.0508037415494064	0.241003885149162	Li_2025	IBS-D
g__Abiotrophia	group	IBS-D	-1.41204872656933	0.712181382843031	35	11	0.0557753974352789	0.241003885149162	Li_2025	IBS-D
g__Shuttleworthia	group	IBS-D	0.619941496782778	0.342276795961526	35	6	0.0792167039910533	0.278842798048508	Li_2025	IBS-D
g__Peptococcus	group	IBS-D	-1.02541742296037	0.554584283053859	35	28	0.0734358532321438	0.278842798048508	Li_2025	IBS-D
g__Neisseria	group	IBS-D	-1.1883541974623	0.652112393643067	35	35	0.0774803476534894	0.278842798048508	Li_2025	IBS-D
Unclassified_f__Peptostreptococcaceae	group	IBS-D	-1.08478034194037	0.58561442202209	35	14	0.0729340353266461	0.278842798048508	Li_2025	IBS-D
g__Fusobacterium	group	IBS-D	-1.28763554821837	0.732927918588419	35	35	0.0882218075993573	0.298596887259363	Li_2025	IBS-D
g__Oribacterium	group	IBS-D	-0.60829388272404	0.379520179322762	35	35	0.118509527094367	0.38625327349275	Li_2025	IBS-D
g__Campylobacter	group	IBS-D	1.16625896392047	0.75322990409461	35	27	0.131077460019527	0.411957731489941	Li_2025	IBS-D
g__.Eubacterium._yurii_group	group	IBS-D	0.903155978396883	0.600131012532621	35	19	0.141853925557911	0.430453291348144	Li_2025	IBS-D
g__Treponema	group	IBS-D	-0.789600116159105	0.545810071773645	35	17	0.157425511111946	0.461781499261709	Li_2025	IBS-D
g__Actinomyces	group	IBS-D	0.375849308623787	0.264424625085624	35	35	0.164586764757557	0.46721404189242	Li_2025	IBS-D
g__Saccharimonadales	group	IBS-D	-1.10879648843235	0.8468938747962	35	27	0.199492734926961	0.548605021049142	Li_2025	IBS-D
g__Lautropia	group	IBS-D	-0.854523604813897	0.662577020647723	35	19	0.206121635500017	0.549657694666712	Li_2025	IBS-D
Unclassified_f__Saccharimonadaceae	group	IBS-D	0.683511685783039	0.581186577051071	35	18	0.247984677246984	0.641842694051019	Li_2025	IBS-D
g__Lentimicrobium	group	IBS-D	-0.521371630042239	0.453915248225732	35	9	0.258974664681733	0.651136299771216	Li_2025	IBS-D
g__Candidatus_Saccharimonas	group	IBS-D	-0.648887372020571	0.592651110808506	35	32	0.281492296707318	0.669495192168757	Li_2025	IBS-D
Unclassified_NA.8	group	IBS-D	-0.68421632301883	0.621828681835123	35	21	0.279150672903263	0.669495192168757	Li_2025	IBS-D
Unclassified_NA.4	group	IBS-D	0.208420377710751	0.203378516799267	35	6	0.312915860765627	0.703521698360886	Li_2025	IBS-D
g__Stomatobaculum	group	IBS-D	-0.642367992973989	0.615146226007659	35	34	0.303958123395055	0.703521698360886	Li_2025	IBS-D
g__Mogibacterium	group	IBS-D	0.68581134861934	0.678933732436682	35	31	0.319782590164039	0.703521698360886	Li_2025	IBS-D
g__Olsenella	group	IBS-D	0.371401087806973	0.390430816433804	35	7	0.348388226947539	0.712980557474032	Li_2025	IBS-D
g__Eikenella	group	IBS-D	0.51613149934444	0.536520455695572	35	8	0.343047194786821	0.712980557474032	Li_2025	IBS-D
g__Desulfobulbus	group	IBS-D	-0.258669412971833	0.271399852100773	35	4	0.347472243666472	0.712980557474032	Li_2025	IBS-D
Unclassified_NA.2	group	IBS-D	0.3646388321312	0.435835179204813	35	17	0.408810639268594	0.808724383647647	Li_2025	IBS-D
Unclassified_f__Pasteurellaceae	group	IBS-D	-0.475516896378089	0.574213158838579	35	22	0.413552241638001	0.808724383647647	Li_2025	IBS-D
g__Defluviitaleaceae_UCG.011	group	IBS-D	-0.398079349940786	0.517863508547534	35	15	0.447540816983605	0.856165041186028	Li_2025	IBS-D
g__Clostridia_UCG.014	group	IBS-D	-0.419705442080995	0.58675539893536	35	33	0.479455037483774	0.880254754053685	Li_2025	IBS-D
g__Lachnospiraceae_UCG.004	group	IBS-D	0.135161948807043	0.189255429334558	35	5	0.480138956756555	0.880254754053685	Li_2025	IBS-D
g__RF39	group	IBS-D	-0.345413079804603	0.758665997670816	35	21	0.651882111425035	0.913930235960612	Li_2025	IBS-D
g__P5D1.392	group	IBS-D	-0.174407559472293	0.305597387697557	35	10	0.572062168073017	0.913930235960612	Li_2025	IBS-D
g__Alloprevotella	group	IBS-D	-0.277560066391927	0.592540364097934	35	34	0.642560954597292	0.913930235960612	Li_2025	IBS-D
g__Capnocytophaga	group	IBS-D	-0.466480124781908	0.918869711394753	35	33	0.615063133516475	0.913930235960612	Li_2025	IBS-D
g__Butyrivibrio	group	IBS-D	-0.438256496058872	0.687232575049361	35	22	0.52806154172751	0.913930235960612	Li_2025	IBS-D
g__Leptotrichia	group	IBS-D	0.325563276384033	0.538207756459165	35	35	0.549380945490053	0.913930235960612	Li_2025	IBS-D
g__uncultured	group	IBS-D	-0.446564062071804	0.979701192741069	35	27	0.651507309432405	0.913930235960612	Li_2025	IBS-D
g__Johnsonella	group	IBS-D	-0.467933641500466	1.0354598504699	35	20	0.654290964380893	0.913930235960612	Li_2025	IBS-D
g__uncultured.1	group	IBS-D	0.0929595531860698	0.167343838688356	35	4	0.582299165791047	0.913930235960612	Li_2025	IBS-D
g__Pseudopropionibacterium	group	IBS-D	0.213522246294752	0.383964508624525	35	8	0.581894586239202	0.913930235960612	Li_2025	IBS-D
Unclassified_f__Neisseriaceae	group	IBS-D	-0.217310987529602	0.394608614383308	35	6	0.585548437983167	0.913930235960612	Li_2025	IBS-D
g__Alysiella	group	IBS-D	0.233254405336317	0.389894182068388	35	7	0.553756989744626	0.913930235960612	Li_2025	IBS-D
Unclassified_NA.9	group	IBS-D	0.0773695946546563	0.159232826375793	35	4	0.630256215613334	0.913930235960612	Li_2025	IBS-D
g__Selenomonas	group	IBS-D	0.528287835277493	0.925853547305116	35	29	0.572139083213314	0.913930235960612	Li_2025	IBS-D
Unclassified_NA.11	group	IBS-D	-0.126098934133992	0.241265938224828	35	6	0.604705649143436	0.913930235960612	Li_2025	IBS-D
g__Tannerella	group	IBS-D	0.40744577276166	0.968385972927629	35	26	0.676667164534694	0.924605489581361	Li_2025	IBS-D
g__.Eubacterium._saphenum_group	group	IBS-D	-0.208167495429211	0.505165871318259	35	7	0.682947236622596	0.924605489581361	Li_2025	IBS-D
g__Aggregatibacter	group	IBS-D	-0.288158139613062	0.747539197384897	35	18	0.702358764588187	0.932797564878596	Li_2025	IBS-D
g__Comamonas	group	IBS-D	-0.0790873035793733	0.211005099597358	35	4	0.710198145987113	0.932797564878596	Li_2025	IBS-D
g__F0058	group	IBS-D	0.116283612744239	0.512776576944296	35	9	0.82199960271679	0.939428117390617	Li_2025	IBS-D
Unclassified_NA.6	group	IBS-D	-0.0815259106749499	0.306837132653343	35	7	0.792124983315365	0.939428117390617	Li_2025	IBS-D
g__F0332	group	IBS-D	0.105944471034769	0.458545759812411	35	9	0.818706773630592	0.939428117390617	Li_2025	IBS-D
g__Absconditabacteriales_.SR1.	group	IBS-D	0.316759331044828	1.09157769122881	35	27	0.773490542755351	0.939428117390617	Li_2025	IBS-D
g__Gracilibacteria	group	IBS-D	-0.156067614107886	0.627572678546398	35	8	0.805146028411354	0.939428117390617	Li_2025	IBS-D
g__Fretibacterium	group	IBS-D	0.0811571161632803	0.260096277901891	35	7	0.756982893720144	0.939428117390617	Li_2025	IBS-D
g__.Eubacterium._nodatum_group	group	IBS-D	0.11008698979455	0.437196544798083	35	35	0.802755662950619	0.939428117390617	Li_2025	IBS-D
g__Family_XIII_UCG.001	group	IBS-D	-0.179901853935689	0.583814566449033	35	23	0.75990572999675	0.939428117390617	Li_2025	IBS-D
g__.Eubacterium._brachy_group	group	IBS-D	0.137065996227747	0.429167362458283	35	11	0.751454057929528	0.939428117390617	Li_2025	IBS-D
g__Filifactor	group	IBS-D	-0.258684170858062	0.90982359563303306	35	22	0.777939067154977	0.939428117390617	Li_2025	IBS-D
Unclassified_NA.7	group	IBS-D	-0.102287848120322	0.481685638980604	35	19	0.833137161109215	0.939949617661679	Li_2025	IBS-D
Unclassified_f__Leptotrichiaceae	group	IBS-D	-0.0574773047947196	0.299404074546678	35	6	0.848940294186517	0.945655011245741	Li_2025	IBS-D
g__Lachnoanaerobaculum	group	IBS-D	-0.0709561296600955	0.485509923321483	35	35	0.884693967007362	0.966018166477535	Li_2025	IBS-D
g__Cardiobacterium	group	IBS-D	-0.061943253955623	0.445358124244831	35	16	0.890227238762148	0.966018166477535	Li_2025	IBS-D
g__Centipeda	group	IBS-D	-0.0435237154192331	0.34423256543689	35	4	0.90015329149043	0.966018166477535	Li_2025	IBS-D
Unclassified_f__Lachnospiraceae	group	IBS-D	-0.0498737992884137	0.489168199578838	35	15	0.919408341088101	0.974794385731962	Li_2025	IBS-D
g__Saccharimonadaceae	group	IBS-D	0.0508027664510009	0.583775029598393	35	14	0.931177910836202	0.975519716114116	Li_2025	IBS-D
g__Peptostreptococcus	group	IBS-D	-0.0338358183127127	0.592201992172785	35	35	0.954781735931399	0.980448718831988	Li_2025	IBS-D
g__Corynebacterium	group	IBS-D	-0.0218912548026361	0.886544255520365	35	26	0.980448718831988	0.980448718831988	Li_2025	IBS-D
g__Solobacterium	group	IBS-D	0.0142969222299458	0.363221420528936	35	35	0.968839384406927	0.980448718831988	Li_2025	IBS-D
g__Actinobacillus	group	IBS-D	0.0154059917980723	0.595007876399246	35	5	0.979499360470776	0.980448718831988	Li_2025	IBS-D
g__Centipeda	group	LPRD	-3.6955150283438	0.381320803728063	151	94	1.59062397665302e-17	8.01674484233123e-15	Zheng_2024	LPRD
g__Selenomonas	group	LPRD	-3.52880093921437	0.400056128761036	151	138	2.8036472868999303e-15	7.06519116298782e-13	Zheng_2024	LPRD
g__Veillonella	group	LPRD	-2.39774559831112	0.322981071070253	151	151	8.10065704991848e-12	1.3609103843863e-9	Zheng_2024	LPRD
g__Megasphaera	group	LPRD	-3.05157918247431	0.423881478354174	151	128	2.7725806395829698e-11	2.7947612846996303e-9	Zheng_2024	LPRD
g__Alloprevotella	group	LPRD	-1.33934408099521	0.186025116568955	151	151	2.76250485881483e-11	2.7947612846996303e-9	Zheng_2024	LPRD
g__Peptococcus	group	LPRD	-2.32145770902277	0.325740492816775	151	130	4.1075656846390895e-11	3.4503551750968403e-9	Zheng_2024	LPRD
g__Moraxella	group	LPRD	-4.18654047436115	0.624123961865394	151	109	3.84392151012629e-10	2.76762348729093e-8	Zheng_2024	LPRD
Unclassified_f__Selenomonadaceae	group	LPRD	-2.37677421892699	0.358535891842455	151	131	5.81000757378259e-10	3.66030477148303e-8	Zheng_2024	LPRD
g__Dialister	group	LPRD	-2.24591805176244	0.364429513718392	151	131	6.36279805858827e-9	3.56316691280943e-7	Zheng_2024	LPRD
g__Ruminococcus	group	LPRD	2.5074544633198	0.436924122168522	151	68	5.15520503485244e-8	2.59822333756563e-6	Zheng_2024	LPRD
g__P5D1.392	group	LPRD	2.4459601631546	0.472992570838381	151	55	7.37688827838763e-7	3.37995608391579e-5	Zheng_2024	LPRD
g__Sneathia	group	LPRD	-1.65016213974798	0.322519321409639	151	49	9.44943925516955e-7	3.96876448717121e-5	Zheng_2024	LPRD
g__Treponema	group	LPRD	-2.25845561989072	0.443318994721347	151	132	1.04349970632172e-6	4.04556809220115e-5	Zheng_2024	LPRD
g__uncultured.18	group	LPRD	-1.38933203115864	0.2860297475381	151	48	2.9800947349028e-6	1.072834104565e-4	Zheng_2024	LPRD
Unclassified_f__Peptostreptococcaceae	group	LPRD	1.21134462897245	0.25093767146147	151	58	3.39566877754727e-6	1.1409447092558e-4	Zheng_2024	LPRD
g__Haemophilus	group	LPRD	-3.38158036426003	0.709901764148215	151	126	4.47370358369325e-6	1.4092166288633e-4	Zheng_2024	LPRD
g__Erysipelotrichaceae_UCG.003	group	LPRD	0.925561310115494	0.196955864708246	151	28	5.88690397276741e-6	1.745293883691e-4	Zheng_2024	LPRD
g__Stomatobaculum	group	LPRD	-0.808657992999329	0.174494732667435	151	147	7.75785951241127e-6	2.1722006634751e-4	Zheng_2024	LPRD
g__Neisseria	group	LPRD	-2.22972512435441	0.489315832022271	151	151	1.0739760977729e-5	2.848862911987e-4	Zheng_2024	LPRD
g__Streptococcus	group	LPRD	-2.02352043129448	0.449927392665691	151	151	1.37464256501031e-5	3.4640992638259e-4	Zheng_2024	LPRD
g__Actinobacillus	group	LPRD	-2.41438764898899	0.547128824469252	151	134	1.94649180957329e-5	4.6715803429758e-4	Zheng_2024	LPRD
g__Blautia	group	LPRD	1.89651092256651	0.446277694406835	151	127	3.75891604209999e-5	8.6113349328109e-4	Zheng_2024	LPRD
g__Aggregatibacter	group	LPRD	-2.38304925143914	0.562376751746222	151	136	3.94509701360508e-5	8.6449082385085e-4	Zheng_2024	LPRD
g__RF39	group	LPRD	-1.32991576932366	0.317970609297671	151	79	4.90235542355277e-5	9.7783443534458e-4	Zheng_2024	LPRD
g__Parabacteroides	group	LPRD	1.77720317796203	0.42445230731184	151	65	4.81553383480214e-5	9.7783443534458e-4	Zheng_2024	LPRD
g__Lautropia	group	LPRD	-1.6110083425	0.385847134467212	151	124	5.04438399185696e-5	9.7783443534458e-4	Zheng_2024	LPRD
g__Christensenellaceae_R.7_group	group	LPRD	1.80807177136907	0.439886713674756	151	76	6.50215353465854e-5	0.00121373532646959	Zheng_2024	LPRD
g__Achromobacter	group	LPRD	-0.874679191506759	0.216925493615823	151	40	8.79259374708371e-5	0.00158266687447507	Zheng_2024	LPRD
g__Lachnoanaerobaculum	group	LPRD	-0.806397980282212	0.201754597890478	151	151	1.0060803208277e-4	0.00174849821274884	Zheng_2024	LPRD
g__Gemella	group	LPRD	-1.57073984241732	0.403450392540321	151	140	1.4881220580459e-4	0.0025000450575171	Zheng_2024	LPRD
g__Tagaea	group	LPRD	0.661686385590782	0.175560146294856	151	22	2.3562185996106e-4	0.00383075540065738	Zheng_2024	LPRD
Unclassified_f__Ruminococcaceae	group	LPRD	1.24348453588597	0.332448027192081	151	31	2.6152315883306e-4	0.00411898975162078	Zheng_2024	LPRD
g__Agathobacter	group	LPRD	1.53819558648294	0.416398756182676	151	47	3.0927307098801e-4	0.0047234432659987	Zheng_2024	LPRD
g__Ochrobactrum	group	LPRD	-0.643809714261952	0.176512911810423	151	35	3.6560728370141e-4	0.0054195903231033	Zheng_2024	LPRD
g__Ralstonia	group	LPRD	-1.74612916383111	0.483162955229307	151	112	4.1177316315494e-4	0.00592953354943117	Zheng_2024	LPRD
g__Rikenellaceae_RC9_gut_group	group	LPRD	1.33749930075992	0.376501008668042	151	123	5.1143319176765e-4	0.00716006468474717	Zheng_2024	LPRD
g__Rothia	group	LPRD	0.713332500027441	0.201741299475918	151	151	5.4192949896891e-4	0.00718769651264032	Zheng_2024	LPRD
g__Porphyromonas	group	LPRD	0.727770303057024	0.205404023437579	151	151	5.284007228846e-4	0.00718769651264032	Zheng_2024	LPRD
g__Granulicatella	group	LPRD	-1.47812787631263	0.4333910801028	151	138	8.3433940095553e-4	0.0107822322585023	Zheng_2024	LPRD
Unclassified_NA	group	LPRD	1.02374691119338	0.306070061306159	151	50	0.00104181558255857	0.012860884302239	Zheng_2024	LPRD
g__Faecalibacterium	group	LPRD	1.82019298507988	0.544388941234945	151	62	0.00104622273093611	0.012860884302239	Zheng_2024	LPRD
g__Fusicatenibacter	group	LPRD	1.06307627513968	0.32213083002379	151	26	0.00120917606078838	0.0145101127294606	Zheng_2024	LPRD
g__UCG.002	group	LPRD	1.10822521867737	0.342175878951336	151	25	0.00148026075662056	0.01695571412129	Zheng_2024	LPRD
g__Campylobacter	group	LPRD	-0.899739850634146	0.277584319010851	151	151	0.00146789779951382	0.01695571412129	Zheng_2024	LPRD
Unclassified_NA.25	group	LPRD	0.465519323183279	0.144152458187088	151	21	0.00152648298926718	0.0170966094797924	Zheng_2024	LPRD
g__Abiotrophia	group	LPRD	-0.708341356009867	0.220571012545971	151	41	0.00161848019997904	0.0177329134954225	Zheng_2024	LPRD
g__Dadabacteriales	group	LPRD	0.426222138359002	0.134187945181059	151	22	0.0018133249643395	0.0194450166388747	Zheng_2024	LPRD
g__Coriobacteriaceae_UCG.002	group	LPRD	-0.943408041406358	0.300402614985778	151	54	0.00203455409969591	0.021362818046807	Zheng_2024	LPRD
g__Roseburia	group	LPRD	1.29010267614664	0.412598804635813	151	95	0.0021256109948169	0.0218634273752596	Zheng_2024	LPRD
g__Collinsella	group	LPRD	1.14898189239679	0.37364793031414	151	33	0.00250439081221503	0.0252442593871275	Zheng_2024	LPRD
g__NK4A214_group	group	LPRD	1.07736478711266	0.354363372284214	151	69	0.00279290731851459	0.0255931870642064	Zheng_2024	LPRD
g__.Eubacterium._coprostanoligenes_group	group	LPRD	1.39663786217562	0.458764587399854	151	95	0.0027576649659656	0.0255931870642064	Zheng_2024	LPRD
g__Capnocytophaga	group	LPRD	1.12462121115499	0.368341440783354	151	151	0.00268224854612485	0.0255931870642064	Zheng_2024	LPRD
g__Saccharimonadales	group	LPRD	1.3236727755358	0.434937959365537	151	140	0.0027661750419756	0.0255931870642064	Zheng_2024	LPRD
g__Eikenella	group	LPRD	-1.15123253234583	0.37845880352901	151	97	0.00277885763203622	0.0255931870642064	Zheng_2024	LPRD
g__F0332	group	LPRD	0.508814081627358	0.168214490359329	151	26	0.00293111129166443	0.0263800016249798	Zheng_2024	LPRD
g__Lachnospiraceae_UCG.006	group	LPRD	-0.599717200681435	0.198654345942654	151	26	0.00298535042778573	0.0263967827298949	Zheng_2024	LPRD
g__Subdoligranulum	group	LPRD	1.13125372625409	0.379729332176831	151	37	0.0033763209840018	0.02884179281249	Zheng_2024	LPRD
g__Alcaligenes	group	LPRD	-0.649266624911143	0.217850417477903	151	32	0.00336359527969044	0.02884179281249	Zheng_2024	LPRD
g__Family_XIII_UCG.001	group	LPRD	0.791461919342352	0.270092339655793	151	82	0.00391952261621769	0.0329239899762286	Zheng_2024	LPRD
g__Anaerostipes	group	LPRD	0.970370765173666	0.33328229141036	151	33	0.00414928452016276	0.0342826130846234	Zheng_2024	LPRD
g__Peptostreptococcus	group	LPRD	0.659490367566225	0.229752598933849	151	151	0.00469607131744825	0.0381745152257084	Zheng_2024	LPRD
Unclassified_f__Veillonellaceae	group	LPRD	-0.627436433933892	0.222507811107195	151	25	0.00545897531772689	0.0436718025418151	Zheng_2024	LPRD
g__.Eubacterium._siraeum_group	group	LPRD	0.874447286289856	0.311825411725017	151	17	0.00571528534004555	0.0450078720528587	Zheng_2024	LPRD
g__Dorea	group	LPRD	0.859106453924989	0.307485665276226	151	35	0.00589120262064817	0.0450206161011979	Zheng_2024	LPRD
g__JG30.KF.CM66	group	LPRD	0.683438139067517	0.245083365106937	151	40	0.00598488348964337	0.0450206161011979	Zheng_2024	LPRD
g__uncultured.142	group	LPRD	0.553293631582075	0.198384495710494	151	29	0.00597783804774392	0.0450206161011979	Zheng_2024	LPRD
Unclassified_f__Saccharimonadaceae	group	LPRD	-0.513523485801388	0.186812378038598	151	48	0.00671990778449244	0.0498063753438851	Zheng_2024	LPRD
g__Antarcticibacterium	group	LPRD	-0.444274251127439	0.163079975216494	151	16	0.00721529353613778	0.0527030136552673	Zheng_2024	LPRD
g__Lachnospiraceae_UCG.010	group	LPRD	0.563301003621039	0.209629966927695	151	20	0.00802634785137472	0.0571797497387271	Zheng_2024	LPRD
g__Alysiella	group	LPRD	-1.22058967571711	0.454448919971706	151	104	0.00805508379255878	0.0571797497387271	Zheng_2024	LPRD
g__Lachnospiraceae_NK4A136_group	group	LPRD	1.12623408574087	0.422090668444043	151	68	0.00846965557414637	0.0592875890190246	Zheng_2024	LPRD
g__TM7x	group	LPRD	-0.777230414453272	0.294044150709808	151	149	0.00908982608295211	0.0627571554220255	Zheng_2024	LPRD
Unclassified_f__Rhodanobacteraceae	group	LPRD	-0.574114383273593	0.222970945324707	151	28	0.011002684001886	0.0749371991479805	Zheng_2024	LPRD
g__uncultured.152	group	LPRD	-1.32827217362866	0.521750390806221	151	54	0.0119186948307405	0.0800936292625765	Zheng_2024	LPRD
g__Cohnella	group	LPRD	-0.673241749935416	0.26511317614081	151	32	0.012127866524772	0.0804269043221722	Zheng_2024	LPRD
g__Prevotellaceae	group	LPRD	-0.421207884036602	0.169601844228109	151	25	0.014117395172457	0.0924047684015364	Zheng_2024	LPRD
g__Mitochondria	group	LPRD	0.610978137757902	0.247490049120383	151	30	0.0146907302038092	0.0949247182399976	Zheng_2024	LPRD
g__Candidatus_Soleaferrea	group	LPRD	-0.35495785322131	0.144197486240737	151	22	0.0149723724023501	0.0955199454529679	Zheng_2024	LPRD
g__.Eubacterium._saphenum_group	group	LPRD	0.688875702174794	0.280815062537354	151	60	0.015315588066391	0.0964882048182631	Zheng_2024	LPRD
g__UBA1819	group	LPRD	-0.463984735527968	0.189761240744944	151	43	0.0156471146641672	0.0973598245770401	Zheng_2024	LPRD
g__uncultured.27	group	LPRD	1.22178179982489	0.506526461187979	151	74	0.0170779413703908	0.104958557521004	Zheng_2024	LPRD
g__Bergeyella	group	LPRD	0.852247464077743	0.353995525854231	151	138	0.0172848418139748	0.104958557521004	Zheng_2024	LPRD
g__Ileibacterium	group	LPRD	-1.00877122455535	0.423688566852907	151	55	0.0185330077588106	0.111198046552864	Zheng_2024	LPRD
g__Desulfovibrio	group	LPRD	-0.726053540630525	0.307357680854552	151	44	0.0194572921576804	0.11537029702906999	Zheng_2024	LPRD
g__Lachnospira	group	LPRD	0.537151689331374	0.229937074251529	151	21	0.0208198423522381	0.122013959831721	Zheng_2024	LPRD
g__PB19	group	LPRD	0.256095678407179	0.109970032605559	151	16	0.0212149649347127	0.122900486518336	Zheng_2024	LPRD
g__Monoglobus	group	LPRD	0.989470000035552	0.427568717412185	151	70	0.022024521355007	0.126140440487768	Zheng_2024	LPRD
g__Gracilibacteria	group	LPRD	0.571207765793621	0.24966051261473	151	28	0.023547982586745	0.133350373300219	Zheng_2024	LPRD
g__Pseudopropionibacterium	group	LPRD	-0.422394261277902	0.185656112672533	151	33	0.0243237791211977	0.134716315132788	Zheng_2024	LPRD
Unclassified_NA.17	group	LPRD	0.384338667296731	0.168916063297816	151	30	0.02431270709385	0.134716315132788	Zheng_2024	LPRD
g__Nitriliruptoraceae	group	LPRD	0.368539552699173	0.165906905147899	151	32	0.0278344806856084	0.150771345768089	Zheng_2024	LPRD
g__Mycoplasma	group	LPRD	0.778684315434552	0.350587792619073	151	81	0.027853949445042	0.150771345768089	Zheng_2024	LPRD
g__Chloroplast	group	LPRD	0.881983394247352	0.398548669781952	151	97	0.0284192020793025	0.150771345768089	Zheng_2024	LPRD
g__Nitrososphaeraceae	group	LPRD	0.253650200985762	0.114595489499268	151	18	0.0283873951758749	0.150771345768089	Zheng_2024	LPRD
g__Prevotellaceae_UCG.003	group	LPRD	0.457358589855538	0.207109619849666	151	29	0.0287516636364392	0.150946234091306	Zheng_2024	LPRD
g__.Eubacterium._hallii_group	group	LPRD	0.819970011013214	0.377796458028183	151	31	0.0315604373205713	0.16398412793369	Zheng_2024	LPRD
g__Subgroup_9	group	LPRD	-0.493786515654323	0.229855464814912	151	22	0.0333103934476688	0.171310594873725	Zheng_2024	LPRD
Unclassified_f__Eggerthellaceae	group	LPRD	-0.666369811349696	0.312161101921254	151	49	0.0344215173287438	0.17515657475357	Zheng_2024	LPRD
g__Candidatus_Stoquefichus	group	LPRD	0.566147312934802	0.265706308629361	151	25	0.0347532886415813	0.17515657475357	Zheng_2024	LPRD
g__Saccharimonadaceae	group	LPRD	-0.6369619840377	0.300804280147137	151	37	0.0358752681288605	0.177266030754369	Zheng_2024	LPRD
g__Desulfuromusa	group	LPRD	-0.274303235828788	0.129478888407373	151	18	0.0357902483581448	0.177266030754369	Zheng_2024	LPRD
g__uncultured.30	group	LPRD	-0.806348665607055	0.384719547174717	151	93	0.0377782635512868	0.18485674592086	Zheng_2024	LPRD
Unclassified_NA.5	group	LPRD	0.647312590873875	0.312580178264099	151	149	0.0400961415154662	0.194312070421105	Zheng_2024	LPRD
Unclassified_f__Micromonosporaceae	group	LPRD	0.624000160344699	0.303214051023922	151	22	0.0413371857167603	0.198418491440449	Zheng_2024	LPRD
g__Enterobacter	group	LPRD	-0.308598685295931	0.150375079496913	151	16	0.0419011007681813	0.199227875350598	Zheng_2024	LPRD
g__Comamonas	group	LPRD	-0.766333956393071	0.37473244229846697	151	82	0.0426129458684278	0.200718922595212	Zheng_2024	LPRD
g__Hyphomicrobium	group	LPRD	0.416130818073921	0.204539970877273	151	24	0.043677556829891	0.203828598539491	Zheng_2024	LPRD
g__Cutibacterium	group	LPRD	-0.274321885379866	0.137496938408833	151	19	0.0478540623688693	0.217779185927796	Zheng_2024	LPRD
g__Lachnospiraceae_NC2004_group	group	LPRD	0.22454596943886	0.112417878613063	151	16	0.0475999494199309	0.217779185927796	Zheng_2024	LPRD
Unclassified_f__Neisseriaceae	group	LPRD	-0.759219654267847	0.380728540986513	151	115	0.0479632730912409	0.217779185927796	Zheng_2024	LPRD
g__Bulleidia	group	LPRD	0.483829344236027	0.246391378788483	151	39	0.0514306978396551	0.227519865155351	Zheng_2024	LPRD
g__Erysipelatoclostridium	group	LPRD	-0.521048312862467	0.265382269969108	151	37	0.0514628266422817	0.227519865155351	Zheng_2024	LPRD
g__JG30.KF.CM45	group	LPRD	0.445701639502251	0.22650740179477	151	39	0.0509576277807352	0.227519865155351	Zheng_2024	LPRD
g__F0058	group	LPRD	0.56536337830981	0.289471036477645	151	142	0.0526824516563034	0.230886570737191	Zheng_2024	LPRD
g__Fimbriimonadaceae	group	LPRD	0.360247362052142	0.186537744008792	151	30	0.0553529605748678	0.238641052552567	Zheng_2024	LPRD
g__Simonsiella	group	LPRD	-0.613276312754301	0.317746423955865	151	40	0.0554964770116547	0.238641052552567	Zheng_2024	LPRD
Unclassified_f__Enterobacteriaceae	group	LPRD	-0.842022237148131	0.436941443593503	151	80	0.0558723099230216	0.238641052552567	Zheng_2024	LPRD
g__Terrisporobacter	group	LPRD	0.585127955472933	0.305348180765151	151	37	0.0572461250347651	0.242454176617829	Zheng_2024	LPRD
g__Bifidobacterium	group	LPRD	0.876802978589615	0.459628007737061	151	84	0.0583621714315838	0.245121120012652	Zheng_2024	LPRD
g__Dubosiella	group	LPRD	-1.07909431461946	0.567616091149041	151	60	0.0592198131485655	0.246667651461793	Zheng_2024	LPRD
g__.Eubacterium._nodatum_group	group	LPRD	0.402456142644669	0.21634435116022	151	149	0.0648203593265707	0.265605374801558	Zheng_2024	LPRD
g__Defluviicoccus	group	LPRD	0.33963477908442	0.182525673708787	151	18	0.0647501401493966	0.265605374801558	Zheng_2024	LPRD
g__Psychrobacter	group	LPRD	-0.381990216053131	0.208734227929215	151	16	0.0692436995754904	0.281442133758445	Zheng_2024	LPRD
g__.Eubacterium._yurii_group	group	LPRD	0.628532810120859	0.351515517497234	151	121	0.0757976758554822	0.30415525100981	Zheng_2024	LPRD
g__Paracoccus	group	LPRD	-0.253172258759208	0.141707792736401	151	16	0.0760388127524526	0.30415525100981	Zheng_2024	LPRD
g__Incertae_Sedis	group	LPRD	0.488002609770075	0.276465097810954	151	43	0.0795870133076496	0.315841375646105	Zheng_2024	LPRD
g__Oribacterium	group	LPRD	0.290839286173233	0.165646523485616	151	151	0.0811803767007833	0.318228101002501	Zheng_2024	LPRD
g__uncultured.147	group	LPRD	0.220659395226494	0.125788824215106	151	22	0.081451240137545	0.318228101002501	Zheng_2024	LPRD
g__Coprococcus	group	LPRD	0.81951056619834906	0.468352479750881	151	80	0.0822161847676509	0.318745824022277	Zheng_2024	LPRD
g__Anaerosporobacter	group	LPRD	0.540252700009267	0.31277457092488	151	34	0.0861876214532008	0.331592070323765	Zheng_2024	LPRD
g__Anaerotruncus	group	LPRD	-0.525622936098807	0.305140576579205	151	46	0.0870429820872765	0.332345931605965	Zheng_2024	LPRD
g__Acetitomaculum	group	LPRD	0.511844242002894	0.301533393356556	151	50	0.0916953159386142	0.347476986714749	Zheng_2024	LPRD
g__Fusobacterium	group	LPRD	0.372517576086884	0.224157828585218	151	151	0.0986445512954322	0.368272991502947	Zheng_2024	LPRD
g__Lachnospiraceae_UCG.001	group	LPRD	0.43585881639921	0.262213455601709	151	17	0.0985692206311484	0.368272991502947	Zheng_2024	LPRD
g__Faecalibaculum	group	LPRD	-0.632458896052719	0.381618972620742	151	62	0.0995619832342048	0.368964996691465	Zheng_2024	LPRD
g__Truepera	group	LPRD	0.283981466763151	0.172962199744203	151	19	0.102725901946184	0.377911347305669	Zheng_2024	LPRD
Unclassified_f__Microbacteriaceae	group	LPRD	-0.653448079529634	0.403593733848529	151	37	0.107546114446645	0.383802552785532	Zheng_2024	LPRD
g__Solobacterium	group	LPRD	0.252100380873243	0.155032001884035	151	151	0.106037636871191	0.383802552785532	Zheng_2024	LPRD
g__.Eubacterium._xylanophilum_group	group	LPRD	0.307921211455525	0.189479068808822	151	30	0.106256023770877	0.383802552785532	Zheng_2024	LPRD
g__OM27_clade	group	LPRD	0.352341656058874	0.217986527668231	151	42	0.108134846221321	0.383802552785532	Zheng_2024	LPRD
g__Nitrococcus	group	LPRD	0.248573335558609	0.15313576858003	151	20	0.106655804411709	0.383802552785532	Zheng_2024	LPRD
g__Turicibacter	group	LPRD	-0.669852010288892	0.419843873716484	151	76	0.112724076374461	0.389320240669198	Zheng_2024	LPRD
g__Lactobacillus	group	LPRD	-0.920028568122838	0.575396610793359	151	100	0.111950812091625	0.389320240669198	Zheng_2024	LPRD
g__.Eubacterium._brachy_group	group	LPRD	0.532011230721214	0.334176091560183	151	110	0.113502080708536	0.389320240669198	Zheng_2024	LPRD
g__11.24	group	LPRD	0.313488858528577	0.195373055988	151	37	0.110706977399202	0.389320240669198	Zheng_2024	LPRD
g__Thermomonas	group	LPRD	-0.301707398324967	0.189539959503351	151	16	0.113551736861849	0.389320240669198	Zheng_2024	LPRD
g__Ellin6067	group	LPRD	-0.551529453815217	0.349016872237119	151	66	0.116173077401489	0.39561642574561	Zheng_2024	LPRD
g__Adhaeribacter	group	LPRD	0.282934044284405	0.179460178611632	151	27	0.117012084233214	0.395799264788858	Zheng_2024	LPRD
g__0319.7L14	group	LPRD	-0.348681488943576	0.223294660077267	151	38	0.120520024267063	0.39700713876209	Zheng_2024	LPRD
g__Anaeroglobus	group	LPRD	-0.624821326813081	0.398952529499905	151	91	0.119433778924146	0.39700713876209	Zheng_2024	LPRD
Unclassified_NA.24	group	LPRD	0.174905923191208	0.111983961252431	151	18	0.120436845278452	0.39700713876209	Zheng_2024	LPRD
g__wb1.P19	group	LPRD	-0.321548564063575	0.204767433352812	151	44	0.118463937679911	0.39700713876209	Zheng_2024	LPRD
g__Kribbella	group	LPRD	-0.279389769163372	0.179526369886661	151	30	0.121767704199799	0.39851248647207	Zheng_2024	LPRD
g__Paenibacillus	group	LPRD	-0.516237959291323	0.332987042644505	151	58	0.123185097635193	0.400550252955724	Zheng_2024	LPRD
g__UCG.005	group	LPRD	0.963389856546937	0.627627629066559	151	96	0.126911790186041	0.410022706754903	Zheng_2024	LPRD
g__Novibacillus	group	LPRD	0.154203242629662	0.101118030424173	151	18	0.129383201264859	0.415344798964899	Zheng_2024	LPRD
Unclassified_f__Anaerovoracaceae	group	LPRD	-0.252261626591366	0.16665743259156	151	19	0.132232021744648	0.421803411134827	Zheng_2024	LPRD
g__CAG.352	group	LPRD	0.468884248820551	0.31153856109202	151	23	0.134425527724888	0.426103559580776	Zheng_2024	LPRD
g__Actinomyces	group	LPRD	0.350287923485931	0.234634304392308	151	151	0.137575173493475	0.430664411486023	Zheng_2024	LPRD
g__Noviherbaspirillum	group	LPRD	-0.373933978999141	0.251019987400701	151	20	0.138427846549079	0.430664411486023	Zheng_2024	LPRD
g__uncultured.140	group	LPRD	-0.665708458435892	0.444979261170286	151	84	0.13675737769517	0.430664411486023	Zheng_2024	LPRD
g__Subgroup_15	group	LPRD	0.228034451260538	0.154061004013953	151	20	0.140942725894595	0.435798367183288	Zheng_2024	LPRD
g__Fimbriimonadales	group	LPRD	0.173360776300445	0.117651000719897	151	18	0.142721107545486	0.43860633050564	Zheng_2024	LPRD
g__IS.44	group	LPRD	-0.311911619678288	0.212278777555332	151	28	0.143846385260514	0.439385322250296	Zheng_2024	LPRD
g__0319.6G20	group	LPRD	-0.312962589391602	0.213664458836043	151	38	0.145099041241399	0.440541667383526	Zheng_2024	LPRD
g__Allobaculum	group	LPRD	0.506509439033684	0.350816223882586	151	53	0.150893781135977	0.447355680544307	Zheng_2024	LPRD
g__uncultured.39	group	LPRD	-0.333537975150722	0.230408763855746	151	34	0.149831867091272	0.447355680544307	Zheng_2024	LPRD
g__EPR3968.O8a.Bc78	group	LPRD	0.24011389953757	0.165512573148594	151	24	0.148957286157667	0.447355680544307	Zheng_2024	LPRD
g__Massilia	group	LPRD	-0.433233582116041	0.300035317236114	151	36	0.150854679962858	0.447355680544307	Zheng_2024	LPRD
g__uncultured.32	group	LPRD	0.346526838129889	0.240613498904454	151	34	0.151914246580908	0.447747253080571	Zheng_2024	LPRD
g__DS.100	group	LPRD	-0.231340527802641	0.161532934917512	151	20	0.154193385198396	0.451822477558091	Zheng_2024	LPRD
g__Nitrosarchaeum	group	LPRD	0.195995703222349	0.137306872088703	151	20	0.155548908497989	0.453159825913217	Zheng_2024	LPRD
g__Paeniclostridium	group	LPRD	0.371171171356124	0.261633950441155	151	19	0.158084757694694	0.454411447360123	Zheng_2024	LPRD
g__Subgroup_25	group	LPRD	-0.486034214358897	0.34187334970934	151	52	0.157209171370583	0.454411447360123	Zheng_2024	LPRD
g__uncultured.109	group	LPRD	0.403686954695874	0.284966243676715	151	30	0.158683362570202	0.454411447360123	Zheng_2024	LPRD
g__Fretibacterium	group	LPRD	0.463126540090485	0.327701523073449	151	65	0.159665781175787	0.45464154639885	Zheng_2024	LPRD
g__Defluviitaleaceae_UCG.011	group	LPRD	0.329250720680877	0.234818830640237	151	129	0.162951004767093	0.459070213011211	Zheng_2024	LPRD
g__Stenotrophomonas	group	LPRD	-0.284479352728404	0.202932836686827	151	24	0.163042793906759	0.459070213011211	Zheng_2024	LPRD
g__Rhizobacter	group	LPRD	0.306775235210466	0.221043008469781	151	19	0.167253635280745	0.468310178786086	Zheng_2024	LPRD
g__Akkermansia	group	LPRD	-0.579379408928865	0.421638728765107	151	91	0.171469979955225	0.477463369599081	Zheng_2024	LPRD
g__Escherichia.Shigella	group	LPRD	-0.401095116866166	0.294854744065546	151	67	0.175784920689015	0.486789011138811	Zheng_2024	LPRD
Unclassified_f__Lachnospiraceae	group	LPRD	0.544007630109974	0.400904341071705	151	143	0.176848836610894	0.487059090993939	Zheng_2024	LPRD
g__Filifactor	group	LPRD	0.298471259905658	0.221466043841465	151	150	0.17979834561759	0.492491120604704	Zheng_2024	LPRD
g__Family_XIII_AD3011_group	group	LPRD	-0.346185376533391	0.259308837783555	151	42	0.183902331082925	0.501009593869159	Zheng_2024	LPRD
g__Subgroup_18	group	LPRD	-0.276635489106386	0.208488376310406	151	44	0.18658387780115	0.50558212049344	Zheng_2024	LPRD
g__Helicobacter	group	LPRD	-0.604306312563351	0.457434844869021	151	45	0.188501147136175	0.50804587249536	Zheng_2024	LPRD
g__Bacillus	group	LPRD	-0.930432562155674	0.707707138819555	151	75	0.190625998153322	0.508335995075524	Zheng_2024	LPRD
g__Longimicrobiaceae	group	LPRD	-0.616373707877855	0.467987028355903	151	58	0.189835651083278	0.508335995075524	Zheng_2024	LPRD
g__uncultured.7	group	LPRD	-0.529978158682765	0.412709193447005	151	58	0.201084617326068	0.529118036052989	Zheng_2024	LPRD
g__uncultured.28	group	LPRD	0.513371149498565	0.400208923568525	151	67	0.201568775639234	0.529118036052989	Zheng_2024	LPRD
g__KF.JG30.B3	group	LPRD	-0.259755041590635	0.201764534682298	151	29	0.199945231757497	0.529118036052989	Zheng_2024	LPRD
g__Lacibacter	group	LPRD	-0.154298241628692	0.121239070249509	151	16	0.205114810353066	0.535636603201789	Zheng_2024	LPRD
g__Butyricicoccus	group	LPRD	0.478756039811723	0.381719378633412	151	43	0.211729929084454	0.544810375536674	Zheng_2024	LPRD
g__Lentimicrobium	group	LPRD	-0.459846588189592	0.365456471015128	151	119	0.210258643424545	0.544810375536674	Zheng_2024	LPRD
g__Pontibacter	group	LPRD	-0.360310717347209	0.287370135301718	151	47	0.211870701597595	0.544810375536674	Zheng_2024	LPRD
g__uncultured.4	group	LPRD	-0.278501735942401	0.22466056941251	151	40	0.217051697455918	0.554726901724109	Zheng_2024	LPRD
g__Porticoccus	group	LPRD	-0.413659580060349	0.33432900776695	151	56	0.217928425677329	0.554726901724109	Zheng_2024	LPRD
g__Clostridium_sensu_stricto_1	group	LPRD	0.563507300120857	0.458227758153774	151	128	0.220727576447182	0.557277079828025	Zheng_2024	LPRD
g__Reyranella	group	LPRD	0.190237445630251	0.154835070224071	151	21	0.221141698344454	0.557277079828025	Zheng_2024	LPRD
g__uncultured.119	group	LPRD	-0.168090387020878	0.138010243939278	151	29	0.225165916580818	0.564595134113095	Zheng_2024	LPRD
g__Chryseolinea	group	LPRD	-0.344164080178615	0.285020772466209	151	49	0.229150890872864	0.571742816831303	Zheng_2024	LPRD
g__Quadrisphaera	group	LPRD	0.163635322441071	0.135932047751491	151	22	0.230574945477742	0.57246193359991	Zheng_2024	LPRD
g__Cardiobacterium	group	LPRD	0.345687069325597	0.291119097392503	151	78	0.236942842442257	0.585388198974988	Zheng_2024	LPRD
g__Ga0077536	group	LPRD	0.275912046420297	0.235139077486172	151	30	0.242507996895485	0.591192561736289	Zheng_2024	LPRD
Unclassified_f__Rhizobiaceae	group	LPRD	-0.335537662093468	0.286138477610106	151	43	0.242811230713119	0.591192561736289	Zheng_2024	LPRD
g__SWB02	group	LPRD	0.213407125700331	0.181296513415575	151	35	0.241025917347778	0.591192561736289	Zheng_2024	LPRD
g__uncultured.14	group	LPRD	-0.132443266432642	0.114000616000465	151	18	0.247183795921688	0.596079584423591	Zheng_2024	LPRD
g__Ensifer	group	LPRD	-0.452903771596432	0.389640866335233	151	61	0.246946802724963	0.596079584423591	Zheng_2024	LPRD
g__Corynebacterium	group	LPRD	-0.52521759801116	0.456590577487132	151	139	0.251861834710482	0.601603624142574	Zheng_2024	LPRD
g__Vibrio	group	LPRD	-0.315657409219212	0.273903748781712	151	61	0.250986254623331	0.601603624142574	Zheng_2024	LPRD
g__uncultured.11	group	LPRD	0.292588054622782	0.256582873534089	151	28	0.255980276884905	0.605699810093859	Zheng_2024	LPRD
g__uncultured.50	group	LPRD	0.433555057587524	0.380053025975027	151	43	0.255793749599791	0.605699810093859	Zheng_2024	LPRD
g__uncultured.101	group	LPRD	0.270892112036462	0.239231483921157	151	34	0.259309183606941	0.610709479149057	Zheng_2024	LPRD
g__Succinivibrio	group	LPRD	0.364828583589493	0.323138516445232	151	66	0.260705492565914	0.611142177921956	Zheng_2024	LPRD
g__Psychrobacillus	group	LPRD	-0.202403266191544	0.180071169387753	151	20	0.262812942203927	0.613230198475829	Zheng_2024	LPRD
g__Holdemanella	group	LPRD	0.233087653601945	0.209005215866399	151	19	0.266549879984687	0.617333222411173	Zheng_2024	LPRD
g__Romboutsia	group	LPRD	0.444674878167288	0.399126107753603	151	124	0.267021116042928	0.617333222411173	Zheng_2024	LPRD
g__Odoribacter	group	LPRD	-0.356686479992205	0.323593922091083	151	48	0.272123433076893	0.623410046685245	Zheng_2024	LPRD
g__Subgroup_7	group	LPRD	-0.440713894640328	0.399785478560055	151	68	0.272075676775392	0.623410046685245	Zheng_2024	LPRD
g__Mobiluncus	group	LPRD	-0.174949645564984	0.161075842542025	151	28	0.27917458557948	0.630666889749457	Zheng_2024	LPRD
g__Latescibacterota	group	LPRD	0.188581977532375	0.173388544369244	151	44	0.2785162365044	0.630666889749457	Zheng_2024	LPRD
g__Candidatus_Berkiella	group	LPRD	0.27092374178298	0.250023924484629	151	32	0.280296395444203	0.630666889749457	Zheng_2024	LPRD
g__Microbulbifer	group	LPRD	0.115592428761603	0.10619587296636	151	20	0.278139286411071	0.630666889749457	Zheng_2024	LPRD
g__uncultured.3	group	LPRD	0.236927308633202	0.221337097277901	151	31	0.286153791847704	0.635337053265387	Zheng_2024	LPRD
Unclassified_NA.16	group	LPRD	-0.420885014600227	0.392731444290441	151	140	0.285593611814361	0.635337053265387	Zheng_2024	LPRD
g__Limibaculum	group	LPRD	0.237525088625919	0.221783805624194	151	31	0.285912030575177	0.635337053265387	Zheng_2024	LPRD
g__uncultured.26	group	LPRD	-0.274051240560797	0.256723751116724	151	45	0.287475036352028	0.635471132988695	Zheng_2024	LPRD
g__Arenimonas	group	LPRD	-0.323067703078391	0.30352007261872	151	66	0.288868026077382	0.635761943855898	Zheng_2024	LPRD
g__Colidextribacter	group	LPRD	-0.386978345429574	0.370442055266587	151	60	0.297881507625659	0.652749042797096	Zheng_2024	LPRD
g__AKAU4049	group	LPRD	-0.421567220896581	0.409301274575165	151	66	0.304694032977888	0.664786981042665	Zheng_2024	LPRD
Unclassified_f__Paenibacillaceae	group	LPRD	0.214640662680502	0.209359854211752	151	22	0.306919249194895	0.666755610319944	Zheng_2024	LPRD
g__Oscillibacter	group	LPRD	-0.370917088010057	0.368175380462024	151	45	0.315353389168335	0.676332375067409	Zheng_2024	LPRD
g__Parvimonas	group	LPRD	0.181702063529123	0.180205934539006	151	151	0.314943970588495	0.676332375067409	Zheng_2024	LPRD
Unclassified_f__Comamonadaceae	group	LPRD	-0.472747995713977	0.468699832769075	151	74	0.314783916003705	0.676332375067409	Zheng_2024	LPRD
g__SBR1031	group	LPRD	-0.241581965261304	0.240770418766828	151	34	0.317308758400864	0.677642433195066	Zheng_2024	LPRD
g__Kapabacteriales	group	LPRD	0.166400901404223	0.167937821162812	151	29	0.323366018962349	0.687664445388286	Zheng_2024	LPRD
g__Mogibacterium	group	LPRD	0.278764795177964	0.282946346238553	151	57	0.326112461915057	0.68770159332715	Zheng_2024	LPRD
g__Subgroup_22	group	LPRD	0.247029251536136	0.250649441585685	151	32	0.325948346695737	0.68770159332715	Zheng_2024	LPRD
Unclassified_NA.1	group	LPRD	0.235867601859104	0.241001054470576	151	37	0.329314884005863	0.691561256412313	Zheng_2024	LPRD
g__S15.21	group	LPRD	-0.154101978918049	0.158184818377003	151	22	0.331541406568077	0.693348003777224	Zheng_2024	LPRD
g__Allorhizobium.Neorhizobium.Pararhizobium.Rhizobium	group	LPRD	-0.294321246884483	0.303440646746142	151	25	0.3336449374144	0.694863836598585	Zheng_2024	LPRD
g__uncultured.15	group	LPRD	-0.172119103091301	0.178794961863988	151	18	0.33727690501021	0.69953728446562	Zheng_2024	LPRD
g__Nannocystis	group	LPRD	0.254888419518691	0.265963171202784	151	53	0.339433820950691	0.701125597373559	Zheng_2024	LPRD
g__Acholeplasma	group	LPRD	-0.118496284187944	0.125086945900892	151	21	0.3450139674172	0.704301293787305	Zheng_2024	LPRD
Unclassified_f__Chitinophagaceae	group	LPRD	-0.146969688731047	0.154773787081556	151	19	0.343864691958021	0.704301293787305	Zheng_2024	LPRD
g__Zeaxanthinibacter	group	LPRD	-0.236245842225009	0.250189182251341	151	42	0.346560954085817	0.704301293787305	Zheng_2024	LPRD
g__Sphingomonas	group	LPRD	0.525271431995425	0.555059277557922	151	67	0.345510451334252	0.704301293787305	Zheng_2024	LPRD
g__.Ruminococcus._torques_group	group	LPRD	0.307885678350459	0.329197106003026	151	64	0.351166380827872	0.707951423748989	Zheng_2024	LPRD
g__Tannerella	group	LPRD	0.197977604752062	0.211564067840809	151	151	0.350900214169262	0.707951423748989	Zheng_2024	LPRD
g__TK10	group	LPRD	0.184747261773254	0.198305336967872	151	23	0.353034692095584	0.708882409626192	Zheng_2024	LPRD
g__Dokdonella	group	LPRD	-0.273601480620068	0.295637855821752	151	35	0.35622232887499	0.71244465774998	Zheng_2024	LPRD
g__uncultured.55	group	LPRD	0.21734537454666	0.235572146615151	151	39	0.357692875006136	0.712558138352144	Zheng_2024	LPRD
g__Butyrivibrio	group	LPRD	-0.344881594254627	0.378811245287103	151	93	0.364065592203374	0.719655882157669	Zheng_2024	LPRD
g__Iodidimonas	group	LPRD	0.19621051810945	0.215534554245272	151	20	0.364111607044059	0.719655882157669	Zheng_2024	LPRD
g__Tepidiphilus	group	LPRD	0.172896644737715	0.192938827745113	151	33	0.371633327015824	0.731653112562404	Zheng_2024	LPRD
g__Enterorhabdus	group	LPRD	0.244157998554058	0.277884992066549	151	39	0.381016796736834	0.733993307104886	Zheng_2024	LPRD
g__Anaerovibrio	group	LPRD	-0.119334703540519	0.135058409703248	151	18	0.378347236116177	0.733993307104886	Zheng_2024	LPRD
g__uncultured.73	group	LPRD	-0.382990671331583	0.436874908625153	151	68	0.382082654635201	0.733993307104886	Zheng_2024	LPRD
g__bacteriap25	group	LPRD	-0.411100527225577	0.46933565013482	151	70	0.382483373516595	0.733993307104886	Zheng_2024	LPRD
g__uncultured.102	group	LPRD	-0.335073312447827	0.379513179573394	151	67	0.378710941078063	0.733993307104886	Zheng_2024	LPRD
Unclassified_NA.49	group	LPRD	0.128158520652576	0.146477428613315	151	25	0.383016348747193	0.733993307104886	Zheng_2024	LPRD
g__uncultured.138	group	LPRD	0.246025231799776	0.280571893314023	151	39	0.381968532493004	0.733993307104886	Zheng_2024	LPRD
g__MND1	group	LPRD	-0.407917004065905	0.469638435397188	151	70	0.386475578793476	0.735032798912875	Zheng_2024	LPRD
Unclassified_NA.52	group	LPRD	0.176652752213482	0.203068038323932	151	30	0.385743912362781	0.735032798912875	Zheng_2024	LPRD
g__uncultured.62	group	LPRD	0.263510158356236	0.304399674052691	151	39	0.388061983058778	0.735275336321895	Zheng_2024	LPRD
g__Marinobacterium	group	LPRD	0.18861144419155	0.21971960102816	151	24	0.392040027584819	0.740030613867973	Zheng_2024	LPRD
g__Solirubrobacter	group	LPRD	-0.240450485793375	0.285279692860894	151	36	0.400658408874571	0.74085044315326	Zheng_2024	LPRD
g__Rubrobacter	group	LPRD	-0.139142195674093	0.169878361239965	151	18	0.414054860455266	0.74085044315326	Zheng_2024	LPRD
g__Tuzzerella	group	LPRD	-0.274213047624752	0.324943624101578	151	32	0.400089908477238	0.74085044315326	Zheng_2024	LPRD
g__uncultured.45	group	LPRD	-0.0936175333141551	0.114412474301638	151	19	0.414523462240514	0.74085044315326	Zheng_2024	LPRD
g__Pedobacter	group	LPRD	-0.171835027310153	0.208859491365112	151	25	0.4119761387206	0.74085044315326	Zheng_2024	LPRD
g__Flavobacterium	group	LPRD	-0.367862507989209	0.447416661363763	151	63	0.41228126770402	0.74085044315326	Zheng_2024	LPRD
g__Prevotella	group	LPRD	-0.132581118331104	0.159506004644241	151	151	0.407191629501578	0.74085044315326	Zheng_2024	LPRD
g__S085	group	LPRD	0.302594333052259	0.360010596157139	151	70	0.401966411406487	0.74085044315326	Zheng_2024	LPRD
g__Subgroup_11	group	LPRD	-0.0782944875470826	0.0945636616603137	151	16	0.409019966868248	0.74085044315326	Zheng_2024	LPRD
g__SAR324_clade.Marine_group_B.	group	LPRD	-0.144515563728638	0.170203458133925	151	22	0.397201458894611	0.74085044315326	Zheng_2024	LPRD
g__Lysobacter	group	LPRD	-0.277896072316656	0.336094588916708	151	66	0.409650547291538	0.74085044315326	Zheng_2024	LPRD
g__Methylotenera	group	LPRD	0.240780595717938	0.283766349174013	151	30	0.397511164578311	0.74085044315326	Zheng_2024	LPRD
g__TRA3.20	group	LPRD	-0.438293443994263	0.520719371634289	151	71	0.401300550936993	0.74085044315326	Zheng_2024	LPRD
g__uncultured.122	group	LPRD	-0.105189041955936	0.127467256727163	151	17	0.410563663189765	0.74085044315326	Zheng_2024	LPRD
g__uncultured.124	group	LPRD	0.138151895619766	0.166874631638028	151	22	0.4090634230046	0.74085044315326	Zheng_2024	LPRD
g__Luteolibacter	group	LPRD	0.15430042844463	0.190958808170212	151	24	0.420361533364992	0.745452763521416	Zheng_2024	LPRD
g__Subgroup_5	group	LPRD	0.169850713908857	0.210316153670314	151	34	0.420609946866903	0.745452763521416	Zheng_2024	LPRD
g__uncultured.94	group	LPRD	-0.241713670189437	0.299898359620176	151	40	0.421535788896039	0.745452763521416	Zheng_2024	LPRD
g__Nitrosomonas	group	LPRD	-0.382964493953779	0.48040378857484	151	68	0.426619575164676	0.751805125465024	Zheng_2024	LPRD
g__uncultured.71	group	LPRD	0.0960112845502728	0.121347532559024	151	20	0.430079579143238	0.752639263500667	Zheng_2024	LPRD
g__Ruminobacter	group	LPRD	0.164770363875213	0.207614576035778	151	40	0.428669539007077	0.752639263500667	Zheng_2024	LPRD
g__Streptobacillus	group	LPRD	0.245952855731236	0.315532885117752	151	44	0.436930960134183	0.759355875543546	Zheng_2024	LPRD
g__OLB14	group	LPRD	0.150926095785468	0.193182919442184	151	35	0.435889136384915	0.759355875543546	Zheng_2024	LPRD
g__SAR202_clade	group	LPRD	-0.275343796291032	0.355666233310641	151	57	0.440060797396604	0.75955699276674	Zheng_2024	LPRD
g__uncultured.85	group	LPRD	0.139020246542831	0.179403422626953	151	27	0.439624993105279	0.75955699276674	Zheng_2024	LPRD
g__Phaselicystis	group	LPRD	-0.124698181142163	0.163214072405017	151	18	0.446065811834212	0.76729409271141	Zheng_2024	LPRD
g__Sulfurifustis	group	LPRD	0.162115245069348	0.213272301271717	151	39	0.448376376104431	0.768645216179025	Zheng_2024	LPRD
g__Ilumatobacter	group	LPRD	0.116136394705583	0.154613271641393	151	22	0.453752398136846	0.774033259696245	Zheng_2024	LPRD
g__Eel.36e1D6	group	LPRD	0.171903561986415	0.230143500735584	151	24	0.456276360086228	0.774033259696245	Zheng_2024	LPRD
g__Pseudomonas	group	LPRD	-0.53556058561002	0.721687880801777	151	100	0.459198302875352	0.774033259696245	Zheng_2024	LPRD
g__Nitrosospira	group	LPRD	-0.242513950299718	0.325990302915432	151	68	0.458090404425128	0.774033259696245	Zheng_2024	LPRD
Unclassified_f__Pasteurellaceae	group	LPRD	0.248825993095723	0.335030945843199	151	131	0.458835322762775	0.774033259696245	Zheng_2024	LPRD
g__Rhizorhapis	group	LPRD	-0.20360345206956	0.27602408491574	151	36	0.461899806078989	0.775991674212702	Zheng_2024	LPRD
g__P2.11E	group	LPRD	-0.164365210006695	0.224071046053595	151	32	0.464381376680928	0.777568816768065	Zheng_2024	LPRD
g__Subgroup_21	group	LPRD	-0.227115218857937	0.310703985838898	151	50	0.465945537312831	0.777604472866447	Zheng_2024	LPRD
g__Staphylococcus	group	LPRD	-0.1728417169952	0.240572825754534	151	21	0.473599413873603	0.787769322086786	Zheng_2024	LPRD
g__GAL15	group	LPRD	-0.133890658834302	0.189113219904837	151	25	0.480056226255616	0.791286353934678	Zheng_2024	LPRD
Unclassified_f__Nocardioidaceae	group	LPRD	-0.16739212397649	0.235302203314238	151	21	0.477953537419924	0.791286353934678	Zheng_2024	LPRD
Unclassified_f__Planococcaceae	group	LPRD	0.167474066120513	0.236746441149001	151	20	0.480423857746055	0.791286353934678	Zheng_2024	LPRD
g__Atopobium	group	LPRD	-0.132732544837082	0.191537101658797	151	151	0.489397027241878	0.795532300955315	Zheng_2024	LPRD
g__Candidatus_Solibacter	group	LPRD	-0.144380515513575	0.215740243316829	151	21	0.504382427477942	0.795532300955315	Zheng_2024	LPRD
g__AKYG1722	group	LPRD	0.210415146851472	0.313990460110083	151	47	0.503810732520636	0.795532300955315	Zheng_2024	LPRD
g__Haliangium	group	LPRD	0.24512728569845	0.366899085915139	151	74	0.505099873622422	0.795532300955315	Zheng_2024	LPRD
g__Methylophaga	group	LPRD	-0.196461361546974	0.287361121938537	151	38	0.49524279424849	0.795532300955315	Zheng_2024	LPRD
g__uncultured.108	group	LPRD	-0.275473526957027	0.394553712982143	151	50	0.486146469833253	0.795532300955315	Zheng_2024	LPRD
g__PLTA13	group	LPRD	-0.152326840874291	0.218677526475248	151	66	0.487149665766312	0.795532300955315	Zheng_2024	LPRD
Unclassified_f__Alcaligenaceae	group	LPRD	0.157370366100823	0.230797507537565	151	30	0.496389351421395	0.795532300955315	Zheng_2024	LPRD
g__Limnobacter	group	LPRD	-0.140572484883665	0.208950088793144	151	16	0.502144379186472	0.795532300955315	Zheng_2024	LPRD
g__Skermanella	group	LPRD	-0.208665369603481	0.311265256649341	151	54	0.503654593690955	0.795532300955315	Zheng_2024	LPRD
g__uncultured.130	group	LPRD	0.0684634948799598	0.099090593447463	151	16	0.490691925804928	0.795532300955315	Zheng_2024	LPRD
g__Bauldia	group	LPRD	0.124319778371844	0.180636945695988	151	56	0.492378005255253	0.795532300955315	Zheng_2024	LPRD
g__BD2.11_terrestrial_group	group	LPRD	-0.203136754368674	0.300126658185383	151	65	0.499558952853523	0.795532300955315	Zheng_2024	LPRD
g__S0134_terrestrial_group	group	LPRD	-0.184103991047343	0.270416692971089	151	64	0.497044608697776	0.795532300955315	Zheng_2024	LPRD
g__uncultured.37	group	LPRD	-0.225382371588524	0.345485419858805	151	54	0.515171314511649	0.796568786644915	Zheng_2024	LPRD
g__uncultured.38	group	LPRD	-0.27901603665807	0.42792755044631	151	74	0.515394739041591	0.796568786644915	Zheng_2024	LPRD
g__Blfdi19	group	LPRD	-0.226612492088329	0.345794428535898	151	48	0.513260195913309	0.796568786644915	Zheng_2024	LPRD
g__MBNT15	group	LPRD	-0.153065423826303	0.232208898273122	151	64	0.510803268840385	0.796568786644915	Zheng_2024	LPRD
g__Ahniella	group	LPRD	-0.197192993641417	0.303425653851142	151	32	0.516764621261481	0.796568786644915	Zheng_2024	LPRD
Unclassified_f__Rhodocyclaceae	group	LPRD	0.129541840682691	0.197047131514487	151	18	0.511928055439534	0.796568786644915	Zheng_2024	LPRD
g__SM2D12	group	LPRD	0.146270334839395	0.22510025666795	151	51	0.516821415144618	0.796568786644915	Zheng_2024	LPRD
g__Vicinamibacteraceae	group	LPRD	0.307621547497498	0.482087072335711	151	79	0.524385656685722	0.803314197476	Zheng_2024	LPRD
g__Bradyrhizobium	group	LPRD	0.181152305451286	0.283212371940779	151	24	0.523392707118126	0.803314197476	Zheng_2024	LPRD
g__Bacteroides	group	LPRD	0.237669547412005	0.377328161542895	151	149	0.529741131744035	0.809059183027253	Zheng_2024	LPRD
g__Ellin6055	group	LPRD	0.166682110157293	0.26635488620749	151	19	0.532410364735911	0.81067922606314	Zheng_2024	LPRD
g__Steroidobacter	group	LPRD	-0.203990860128444	0.328723134386517	151	64	0.535840331206976	0.811001582367315	Zheng_2024	LPRD
g__Devosia	group	LPRD	-0.186894765513554	0.301077478071075	151	42	0.535710493171598	0.811001582367315	Zheng_2024	LPRD
g__uncultured.10	group	LPRD	-0.30790164702888	0.499328384914404	151	68	0.538418781524167	0.812464269126288	Zheng_2024	LPRD
g__Acinetobacter	group	LPRD	-0.170355120776549	0.277895892154205	151	48	0.5407991565035	0.813620223515714	Zheng_2024	LPRD
g__Hydrogenedensaceae	group	LPRD	-0.0827969419659044	0.139999919583226	151	22	0.555143879810024	0.830244852890956	Zheng_2024	LPRD
g__JTB255_marine_benthic_group	group	LPRD	0.0654022734668928	0.110268556877992	151	16	0.55400134203636	0.830244852890956	Zheng_2024	LPRD
g__Paraprevotella	group	LPRD	-0.128885607803648	0.220598966930967	151	24	0.559933641170566	0.834930636538359	Zheng_2024	LPRD
g__Halomonas	group	LPRD	-0.196260181655058	0.340144377894015	151	46	0.564816395186367	0.839727030011589	Zheng_2024	LPRD
g__Iamia	group	LPRD	-0.165759084397284	0.293832820850495	151	25	0.573515734000323	0.840281006279943	Zheng_2024	LPRD
g__Clostridia_vadinBB60_group	group	LPRD	-0.200178189290763	0.354422359006266	151	122	0.573058301661627	0.840281006279943	Zheng_2024	LPRD
g__Muribaculaceae	group	LPRD	0.312996511697646	0.548640129282039	151	134	0.569201257217732	0.840281006279943	Zheng_2024	LPRD
g__RB41	group	LPRD	0.197710520241856	0.353471319278278	151	73	0.576769739003562	0.840281006279943	Zheng_2024	LPRD
g__Pseudoxanthomonas	group	LPRD	-0.195741656814365	0.350689010861496	151	62	0.577570769903566	0.840281006279943	Zheng_2024	LPRD
g__Hydrogenophaga	group	LPRD	-0.108107037085466	0.19272804089892	151	60	0.575687485059013	0.840281006279943	Zheng_2024	LPRD
g__Azoarcus	group	LPRD	0.14463643364464	0.253614596389011	151	51	0.569333140718412	0.840281006279943	Zheng_2024	LPRD
g__uncultured.131	group	LPRD	0.0849793635593786	0.152631987770442	151	38	0.578526803926866	0.840281006279943	Zheng_2024	LPRD
g__Lachnospiraceae_FCS020_group	group	LPRD	-0.0828125678713313	0.152084138412071	151	25	0.58689898326935	0.842726745207272	Zheng_2024	LPRD
g__MM2	group	LPRD	-0.142364200955378	0.258690081356779	151	56	0.582919022079359	0.842726745207272	Zheng_2024	LPRD
g__Methyloceanibacter	group	LPRD	0.104038402085159	0.190620050708901	151	18	0.586026914746085	0.842726745207272	Zheng_2024	LPRD
g__Brevundimonas	group	LPRD	0.108192063535667	0.198034651424858	151	40	0.585656975573404	0.842726745207272	Zheng_2024	LPRD
g__Luteimonas	group	LPRD	0.16994168064642	0.318007667466193	151	46	0.593864813904382	0.850306438090366	Zheng_2024	LPRD
g__NB1.j	group	LPRD	0.150610219596395	0.287204118814746	151	56	0.600778707290799	0.857769032505843	Zheng_2024	LPRD
g__Christensenella	group	LPRD	-0.0591944508722252	0.114250326035076	151	21	0.605148698488595	0.859919732433407	Zheng_2024	LPRD
g__uncultured.53	group	LPRD	0.0964535972336122	0.186447323811761	151	24	0.605697430583054	0.859919732433407	Zheng_2024	LPRD
g__uncultured.86	group	LPRD	-0.120540041031666	0.235740835080404	151	44	0.609880806196061	0.861008196982674	Zheng_2024	LPRD
g__Thauera	group	LPRD	-0.0922128074929155	0.180006768493982	151	20	0.609217685355681	0.861008196982674	Zheng_2024	LPRD
g__PAUC26f	group	LPRD	-0.183288565746915	0.36025367610261	151	70	0.611661508261509	0.861110056323466	Zheng_2024	LPRD
g__Johnsonella	group	LPRD	-0.129137904776808	0.260603386182386	151	142	0.620953105532543	0.864038190583038	Zheng_2024	LPRD
g__Frisingicoccus	group	LPRD	0.0901590220799678	0.184993561727939	151	20	0.626717355469854	0.864038190583038	Zheng_2024	LPRD
Unclassified_NA.21	group	LPRD	0.113634241364221	0.231249994244381	151	43	0.623872754360114	0.864038190583038	Zheng_2024	LPRD
g__Rs.E47_termite_group	group	LPRD	-0.102015182151642	0.212075934495423	151	18	0.631199807932739	0.864038190583038	Zheng_2024	LPRD
g__Hoppeia	group	LPRD	-0.0953594048624402	0.193642819081286	151	16	0.623126109231979	0.864038190583038	Zheng_2024	LPRD
g__Lineage_IV	group	LPRD	0.04320894502796	0.0905636331178769	151	17	0.6339818216046	0.864038190583038	Zheng_2024	LPRD
g__WPS.2	group	LPRD	0.0863026420579148	0.177373820271585	151	22	0.627286539539805	0.864038190583038	Zheng_2024	LPRD
Unclassified_f__Xanthomonadaceae	group	LPRD	0.15720563614922	0.329070338695335	151	53	0.633544927926205	0.864038190583038	Zheng_2024	LPRD
g__B1.7BS	group	LPRD	0.0893020245448491	0.187355724159293	151	38	0.634313751023262	0.864038190583038	Zheng_2024	LPRD
g__uncultured.98	group	LPRD	0.142344920506453	0.296953914917319	151	52	0.632392311102394	0.864038190583038	Zheng_2024	LPRD
g__Geminicoccus	group	LPRD	-0.0748727083732352	0.153784780603193	151	19	0.627068137141208	0.864038190583038	Zheng_2024	LPRD
Unclassified_f__Xanthobacteraceae	group	LPRD	-0.103481606988283	0.214183680121634	151	42	0.629702506628578	0.864038190583038	Zheng_2024	LPRD
Unclassified_f__Micrococcaceae	group	LPRD	0.273008965475322	0.579971929055555	151	78	0.63852344209337	0.864371758244844	Zheng_2024	LPRD
g__Sediminicola	group	LPRD	0.0665487242413321	0.143615521565145	151	16	0.643767344723645	0.864371758244844	Zheng_2024	LPRD
Unclassified_NA.30	group	LPRD	0.0878791400525535	0.188882642733129	151	16	0.64242605574797	0.864371758244844	Zheng_2024	LPRD
g__.Rhizobium._sphaerophysae_group	group	LPRD	-0.0881539904330339	0.188423009284683	151	30	0.64057436407644	0.864371758244844	Zheng_2024	LPRD
g__uncultured.146	group	LPRD	-0.108778586525987	0.232192208807436	151	30	0.640122376648504	0.864371758244844	Zheng_2024	LPRD
g__Gemmatimonas	group	LPRD	0.132183293004304	0.286192057775504	151	43	0.644848772023931	0.864371758244844	Zheng_2024	LPRD
g__Lysinibacillus	group	LPRD	0.135748199992276	0.299025102059315	151	26	0.65051152187548	0.867348695833974	Zheng_2024	LPRD
Unclassified_f__Microscillaceae	group	LPRD	-0.0611336729859555	0.134506271909218	151	16	0.650127372994083	0.867348695833974	Zheng_2024	LPRD
g__uncultured.56	group	LPRD	-0.145010199312417	0.324338948524615	151	48	0.655455968894192	0.870151144523889	Zheng_2024	LPRD
g__uncultured.144	group	LPRD	-0.0729459034785804	0.163465141091665	151	25	0.656066339125154	0.870151144523889	Zheng_2024	LPRD
g__Leptotrichia	group	LPRD	0.114338802661429	0.260918924390879	151	151	0.661864494141552	0.871138699678445	Zheng_2024	LPRD
g__Bryobacter	group	LPRD	0.151037782657499	0.342364756467087	151	58	0.659736340117277	0.871138699678445	Zheng_2024	LPRD
g__Rheinheimera	group	LPRD	0.082019104721746	0.188270477640776	151	20	0.66372472356453	0.871138699678445	Zheng_2024	LPRD
g__Cellvibrio	group	LPRD	-0.154355735073395	0.353470525448667	151	44	0.662971025068033	0.871138699678445	Zheng_2024	LPRD
g__uncultured.99	group	LPRD	-0.20107311757818	0.472612230750988	151	64	0.671122139836156	0.87855989214915	Zheng_2024	LPRD
Unclassified_f__Prevotellaceae	group	LPRD	0.0605925132244017	0.14328819698967	151	27	0.672998592916965	0.878733914067747	Zheng_2024	LPRD
g__Candidatus_Entotheonella	group	LPRD	-0.127598959324835	0.307616057701738	151	66	0.678885369472076	0.884129783498518	Zheng_2024	LPRD
g__Prevotellaceae_UCG.001	group	LPRD	-0.122703320419533	0.302595755313012	151	44	0.685689885842471	0.886122314011809	Zheng_2024	LPRD
g__Parasutterella	group	LPRD	-0.101905445861393	0.250396253291145	151	50	0.68460911998086	0.886122314011809	Zheng_2024	LPRD
g__uncultured.133	group	LPRD	0.0851649823189435	0.208800108416337	151	39	0.683948684217976	0.886122314011809	Zheng_2024	LPRD
g__67.14	group	LPRD	-0.114586812210478	0.285001686708268	151	52	0.688218514088449	0.887115424809663	Zheng_2024	LPRD
Unclassified_NA.12	group	LPRD	0.0718602920891889	0.181395544694716	151	23	0.692559278776666	0.890433358427142	Zheng_2024	LPRD
g__KD4.96	group	LPRD	0.125483054278975	0.330646948183575	151	68	0.704851241639431	0.895194681464771	Zheng_2024	LPRD
g__Entotheonellaceae	group	LPRD	0.0972073574977299	0.25423181477759	151	48	0.702741286225635	0.895194681464771	Zheng_2024	LPRD
g__BIrii41	group	LPRD	0.119573650407578	0.315403454616348	151	48	0.705143429645861	0.895194681464771	Zheng_2024	LPRD
g__uncultured.92	group	LPRD	-0.0755556745948804	0.196590352435944	151	28	0.701281433572856	0.895194681464771	Zheng_2024	LPRD
g__Ramlibacter	group	LPRD	-0.0620736555520002	0.161864559602812	151	36	0.701902120835205	0.895194681464771	Zheng_2024	LPRD
g__Solibacillus	group	LPRD	-0.113312304013387	0.305655160457224	151	52	0.711373040185915	0.900834201642465	Zheng_2024	LPRD
g__uncultured.6	group	LPRD	-0.0860693693512773	0.243302393919322	151	35	0.724022774672651	0.901006119592632	Zheng_2024	LPRD
g__Paeniglutamicibacter	group	LPRD	0.0402776770387206	0.11066058840975	151	16	0.716392713927076	0.901006119592632	Zheng_2024	LPRD
g__Peptoanaerobacter	group	LPRD	-0.0848716636503638	0.236877473082687	151	42	0.720630778067355	0.901006119592632	Zheng_2024	LPRD
g__Subgroup_10	group	LPRD	-0.195214174630367	0.541674692405636	151	68	0.71906583360781	0.901006119592632	Zheng_2024	LPRD
g__Woeseia	group	LPRD	-0.123826229491618	0.34784195665633	151	66	0.722355943634008	0.901006119592632	Zheng_2024	LPRD
g__Pedomicrobium	group	LPRD	-0.0966978312936853	0.267620172172591	151	36	0.718368414405115	0.901006119592632	Zheng_2024	LPRD
g__Altererythrobacter	group	LPRD	0.068218417453500907	0.191068857027768	151	28	0.721570179430856	0.901006119592632	Zheng_2024	LPRD
Unclassified_NA.15	group	LPRD	0.0640937610662638	0.184460989558555	151	21	0.728732240879361	0.90284731454635	Zheng_2024	LPRD
g__GCA.900066575	group	LPRD	-0.0657876848004877	0.190028687526816	151	18	0.729681763010583	0.90284731454635	Zheng_2024	LPRD
g__Subgroup_17	group	LPRD	-0.105619244934506	0.307037937265425	151	62	0.731335680732416	0.90284731454635	Zheng_2024	LPRD
g__Marinobacter	group	LPRD	-0.0791790974011589	0.231369162482974	151	28	0.73266776120924	0.90284731454635	Zheng_2024	LPRD
g__Stenotrophobacter	group	LPRD	0.0460561958041058	0.144059077019312	151	17	0.74964091200534	0.921173991630074	Zheng_2024	LPRD
g__Pseudohongiella	group	LPRD	-0.0706424793016246	0.222391207054765	151	22	0.751195457460239	0.921173991630074	Zheng_2024	LPRD
Unclassified_f__Oxalobacteraceae	group	LPRD	0.0491163883571314	0.157820364742141	151	18	0.756070611884718	0.924901913567713	Zheng_2024	LPRD
g__Amnipila	group	LPRD	0.112941115189227	0.370197982887154	151	127	0.760728681976563	0.92834686614089	Zheng_2024	LPRD
g__Absconditabacteriales_.SR1.	group	LPRD	0.158984098382905	0.529733579617029	151	137	0.764503271760087	0.92929933853512	Zheng_2024	LPRD
g__EF100.94H03	group	LPRD	0.0343131556970192	0.114679232471267	151	26	0.765196875976339	0.92929933853512	Zheng_2024	LPRD
g__Sporosarcina	group	LPRD	0.101143447996953	0.345927644998221	151	27	0.770400355001243	0.931131364318049	Zheng_2024	LPRD
g__.Eubacterium._ventriosum_group	group	LPRD	-0.0573514996954423	0.195819844159431	151	20	0.770022198926123	0.931131364318049	Zheng_2024	LPRD
Unclassified_NA.48	group	LPRD	-0.103882099299355	0.359977928720087	151	75	0.773304580070993	0.93240552238225	Zheng_2024	LPRD
g__Paenisporosarcina	group	LPRD	0.0410669212439435	0.14659457804464401	151	20	0.779759087305268	0.934445955410056	Zheng_2024	LPRD
g__uncultured.59	group	LPRD	-0.0278481915696317	0.100653073804109	151	16	0.782413081712388	0.934445955410056	Zheng_2024	LPRD
g__Sandaracinus	group	LPRD	0.0656407809939436	0.233544237570433	151	32	0.779051548919066	0.934445955410056	Zheng_2024	LPRD
g__Novosphingobium	group	LPRD	-0.0841076667110399	0.301951635870762	151	47	0.780978828122385	0.934445955410056	Zheng_2024	LPRD
Unclassified_f__Oscillospiraceae	group	LPRD	0.136606242854358	0.498683826860956	151	66	0.784515055030027	0.934741342163436	Zheng_2024	LPRD
g__Aquicella	group	LPRD	0.0625914352649782	0.245554136068292	151	46	0.799152808285949	0.94770121264969	Zheng_2024	LPRD
g__Dongia	group	LPRD	0.0836150047568006	0.32623123920076	151	68	0.798068146257899	0.94770121264969	Zheng_2024	LPRD
g__Terrimonas	group	LPRD	-0.0547598597861714	0.226137654325702	151	33	0.808994765645996	0.955577829802201	Zheng_2024	LPRD
g__Lineage_IIb	group	LPRD	-0.0320910680616897	0.132944272930624	151	18	0.809586772471309	0.955577829802201	Zheng_2024	LPRD
g__Gaiella	group	LPRD	-0.0930368918892755	0.391963726156699	151	66	0.812702817059872	0.956833606399979	Zheng_2024	LPRD
Unclassified_f__Myxococcaceae	group	LPRD	0.0520666467051002	0.221458346021105	151	23	0.814447653066649	0.956833606399979	Zheng_2024	LPRD
g__Arenibacter	group	LPRD	-0.0645513952175762	0.280685173548483	151	32	0.818424344392351	0.959269464124988	Zheng_2024	LPRD
Unclassified_f__Bacillaceae	group	LPRD	0.0708912652355262	0.311833171105166	151	34	0.820473219468143	0.959439681234209	Zheng_2024	LPRD
g__SC.I.84	group	LPRD	0.0508253143290232	0.227767770666275	151	22	0.823728026763564	0.961016031224158	Zheng_2024	LPRD
g__Candidatus_Saccharimonas	group	LPRD	0.09535559037912	0.447006391861704	151	110	0.83136865144032	0.965460369414565	Zheng_2024	LPRD
g__CCD24	group	LPRD	0.0889077388467494	0.416696166465757	151	65	0.83133513731831	0.965460369414565	Zheng_2024	LPRD
g__Pedosphaeraceae	group	LPRD	-0.0363616382144878	0.177386714690051	151	30	0.837863507381028	0.966849335491601	Zheng_2024	LPRD
g__uncultured.80	group	LPRD	0.0648811382763969	0.317422195836809	151	58	0.838319761130615	0.966849335491601	Zheng_2024	LPRD
Unclassified_f__Rhodobacteraceae	group	LPRD	-0.0493585624878939	0.238291421166665	151	25	0.836187014198938	0.966849335491601	Zheng_2024	LPRD
g__Acidibacter	group	LPRD	-0.0437884583981894	0.22458101024925	151	26	0.845675428977828	0.968682764101875	Zheng_2024	LPRD
g__Nordella	group	LPRD	0.0470229104306337	0.235525590836534	151	53	0.842025780953501	0.968682764101875	Zheng_2024	LPRD
Unclassified_f__Sphingomonadaceae	group	LPRD	0.0727360223020374	0.370048642904815	151	52	0.844441281061965	0.968682764101875	Zheng_2024	LPRD
g__Mucispirillum	group	LPRD	-0.045292519281374	0.236642820824871	151	16	0.848475821879982	0.969686653577122	Zheng_2024	LPRD
g__Blastococcus	group	LPRD	0.0563688709713711	0.30743236480468	151	37	0.854769746531033	0.972469418175261	Zheng_2024	LPRD
g__Arthrobacter	group	LPRD	-0.077865821125211	0.419830444025958	151	40	0.853112890825314	0.972469418175261	Zheng_2024	LPRD
g__Clostridia_UCG.014	group	LPRD	-0.0634135268488184	0.359773129347129	151	151	0.860329209160734	0.976589913101374	Zheng_2024	LPRD
g__Candidatus_Ovatusbacter	group	LPRD	-0.0177297392413979	0.103783471502612	151	18	0.864586107331645	0.97921662493292	Zheng_2024	LPRD
g__F082	group	LPRD	0.0420728107712707	0.250311454099365	151	29	0.866746824087234	0.979462778789161	Zheng_2024	LPRD
Unclassified_f__Gemmatimonadaceae	group	LPRD	-0.0492356008043206	0.303488476741378	151	34	0.871342808167391	0.982453636054508	Zheng_2024	LPRD
g__UTBCD1	group	LPRD	0.0219955384363063	0.146358006569663	151	17	0.88074234238501	0.982603162710158	Zheng_2024	LPRD
g__Rokubacteriales	group	LPRD	-0.0333446573009497	0.208971044805447	151	62	0.873439123553816	0.982603162710158	Zheng_2024	LPRD
Unclassified_f__Methylophilaceae	group	LPRD	-0.0372668488375042	0.240122679528272	151	42	0.876874322195546	0.982603162710158	Zheng_2024	LPRD
g__KI89A_clade	group	LPRD	-0.0305711562136104	0.202446509082292	151	24	0.88017321209671	0.982603162710158	Zheng_2024	LPRD
g__PAUC43f_marine_benthic_group	group	LPRD	0.0593426616316226	0.396476879832697	151	46	0.881223471319428	0.982603162710158	Zheng_2024	LPRD
g__Ohtaekwangia	group	LPRD	-0.0200636106327985	0.137808718436955	151	21	0.884441607916532	0.984014504172036	Zheng_2024	LPRD
g__MB.A2.108	group	LPRD	-0.063976727125094	0.550043005762893	151	73	0.907561715142956	0.985661548985333	Zheng_2024	LPRD
g__IMCC26256	group	LPRD	0.0431543868589757	0.420104467038174	151	77	0.918320947641541	0.985661548985333	Zheng_2024	LPRD
g__uncultured.9	group	LPRD	0.0234692868724176	0.500122813868781	151	75	0.962634209859217	0.985661548985333	Zheng_2024	LPRD
g__Nocardioides	group	LPRD	-0.010661988195062	0.21699128141388	151	49	0.960877067421286	0.985661548985333	Zheng_2024	LPRD
g__Marmoricola	group	LPRD	0.0244901567281343	0.26948146898966	151	16	0.92771094103458	0.985661548985333	Zheng_2024	LPRD
g__Mycobacterium	group	LPRD	-0.024864640539049	0.239474707566242	151	59	0.917443944013801	0.985661548985333	Zheng_2024	LPRD
g__Agromyces	group	LPRD	-0.0149132421397219	0.313224617903207	151	46	0.962089247307527	0.985661548985333	Zheng_2024	LPRD
g__Enterococcus	group	LPRD	0.0178371795494639	0.135399602216164	151	17	0.895369791819759	0.985661548985333	Zheng_2024	LPRD
g__Lactococcus	group	LPRD	-0.016022185415389	0.206247105880441	151	24	0.93818331545992	0.985661548985333	Zheng_2024	LPRD
g__Virgibacillus	group	LPRD	0.0115902384586942	0.120566219717064	151	16	0.923545131677485	0.985661548985333	Zheng_2024	LPRD
g__Melghirimyces	group	LPRD	0.0198248682055126	0.245910799246816	151	20	0.935853832475145	0.985661548985333	Zheng_2024	LPRD
g__UCG.009	group	LPRD	-0.0204900491117501	0.20671606293575	151	34	0.921174867919588	0.985661548985333	Zheng_2024	LPRD
g__Catonella	group	LPRD	0.0198867406739899	0.187701291272402	151	151	0.915765420528709	0.985661548985333	Zheng_2024	LPRD
g__Alistipes	group	LPRD	-0.0733570502757877	0.545542647198814	151	81	0.89321539585493	0.985661548985333	Zheng_2024	LPRD
g__Rikenella	group	LPRD	-0.0264937895190589	0.315714777706831	151	38	0.933235182636276	0.985661548985333	Zheng_2024	LPRD
g__uncultured.46	group	LPRD	-0.0204715804065552	0.455759591688392	151	70	0.964233211875867	0.985661548985333	Zheng_2024	LPRD
g__Nitrospira	group	LPRD	-0.0719527875079705	0.527980390328681	151	77	0.891784457581214	0.985661548985333	Zheng_2024	LPRD
g__Gitt.GS.136	group	LPRD	0.0134477279074682	0.261166919099602	151	60	0.959003293274648	0.985661548985333	Zheng_2024	LPRD
g__A4b	group	LPRD	0.0134768036882966	0.243076019442209	151	42	0.955860010102608	0.985661548985333	Zheng_2024	LPRD
g__RCP2.54	group	LPRD	-0.032645679074905	0.328084726588183	151	50	0.920872015484677	0.985661548985333	Zheng_2024	LPRD
g__Bradymonadales	group	LPRD	-0.0164954080071626	0.14670464131888	151	26	0.910626215145002	0.985661548985333	Zheng_2024	LPRD
g__uncultured.96	group	LPRD	-0.0168788758452997	0.350618539265876	151	66	0.961668908739559	0.985661548985333	Zheng_2024	LPRD
g__Kingella	group	LPRD	0.0321385874536209	0.256736007895868	151	37	0.900548634962619	0.985661548985333	Zheng_2024	LPRD
g__mle1.7	group	LPRD	0.00943832802097718	0.196240266752224	151	16	0.961704319237796	0.985661548985333	Zheng_2024	LPRD
g__uncultured.100	group	LPRD	-0.018959588535431	0.181531917877685	151	26	0.916958910698616	0.985661548985333	Zheng_2024	LPRD
g__Polycyclovorans	group	LPRD	-0.0239869404099141	0.361136696639065	151	60	0.947131955729585	0.985661548985333	Zheng_2024	LPRD
g__Klebsiella	group	LPRD	-0.0738888089747905	0.527175491826913	151	62	0.888723027122357	0.985661548985333	Zheng_2024	LPRD
Unclassified_f__Steroidobacteraceae	group	LPRD	-0.00597672135164822	0.140411871563704	151	17	0.96610477221975	0.985661548985333	Zheng_2024	LPRD
g__AT.s2.59	group	LPRD	-0.0204930844510132	0.305898702302274	151	38	0.946677052930521	0.985661548985333	Zheng_2024	LPRD
g__HOC36	group	LPRD	-0.012474866969919	0.236877942821002	151	66	0.958070408949819	0.985661548985333	Zheng_2024	LPRD
Unclassified_NA.50	group	LPRD	-0.0202883467043795	0.229724147396077	151	54	0.929744011623027	0.985661548985333	Zheng_2024	LPRD
g__Cupriavidus	group	LPRD	-0.0363492250548404	0.324454973985251	151	61	0.91094909802002	0.985661548985333	Zheng_2024	LPRD
g__Candidatus_Nitrotoga	group	LPRD	-0.0274465653716278	0.331365791617501	151	64	0.93409899511588	0.985661548985333	Zheng_2024	LPRD
g__uncultured.139	group	LPRD	0.0208182400159057	0.285892117631615	151	54	0.942048194642251	0.985661548985333	Zheng_2024	LPRD
g__Pelagibius	group	LPRD	-0.0201597954745864	0.256589790751067	151	56	0.937481505178942	0.985661548985333	Zheng_2024	LPRD
g__uncultured.141	group	LPRD	0.0167518093540134	0.177091461356508	151	35	0.924764318338131	0.985661548985333	Zheng_2024	LPRD
g__Mesorhizobium	group	LPRD	-0.00963966911246596	0.22543891389653	151	21	0.965950447048334	0.985661548985333	Zheng_2024	LPRD
g__Hirschia	group	LPRD	0.00860710148883851	0.171737737826598	151	46	0.960095711339017	0.985661548985333	Zheng_2024	LPRD
g__Phenylobacterium	group	LPRD	0.0192685448745579	0.198164950729061	151	24	0.922670541522081	0.985661548985333	Zheng_2024	LPRD
g__uncultured.153	group	LPRD	0.0543146635962417	0.551235180311187	151	80	0.921641778096673	0.985661548985333	Zheng_2024	LPRD
Unclassified_NA.57	group	LPRD	0.0289375036699081	0.390909650266472	151	40	0.941088931433565	0.985661548985333	Zheng_2024	LPRD
g__DEV007	group	LPRD	-0.00492818543016713	0.13199243809011801	151	20	0.970266378902378	0.987907585791512	Zheng_2024	LPRD
g__Lachnoclostridium	group	LPRD	0.0102546925932106	0.393527900897742	151	48	0.979245655373578	0.990710886874295	Zheng_2024	LPRD
g__UCG.010	group	LPRD	-0.00583885555835917	0.290395314466664	151	64	0.983985254033055	0.990710886874295	Zheng_2024	LPRD
g__uncultured.58	group	LPRD	-0.0049471417865102	0.230032644934061	151	44	0.982870583567484	0.990710886874295	Zheng_2024	LPRD
g__Sericytochromatia	group	LPRD	-0.00413011726260317	0.159127955702222	151	24	0.979328204560713	0.990710886874295	Zheng_2024	LPRD
g__Bdellovibrio	group	LPRD	-0.00568148841231419	0.182794042025441	151	37	0.975246245228087	0.990710886874295	Zheng_2024	LPRD
g__uncultured.134	group	LPRD	-0.00674581530369918	0.353810060628864	151	72	0.984813798261948	0.990710886874295	Zheng_2024	LPRD
g__uncultured.127	group	LPRD	0.00620928653306781	0.425908785181891	151	67	0.988387626385118	0.992325425693425	Zheng_2024	LPRD
g__Streptomyces	group	LPRD	-0.00379857438698453	0.471312603152861	151	57	0.993580248254216	0.994422221474135	Zheng_2024	LPRD
g__P3OB.42	group	LPRD	0.00122319576696374	0.174679731369035	151	26	0.994422221474135	0.994422221474135	Zheng_2024	LPRD
g__Atopobium	group	GERD	1.60682295665137	0.556660618964704	24	20	0.00856580820325911	0.346644789023056	Hao_2022	GERD
g__Actinomyces	group	GERD	2.25956227074452	0.851882532264995	24	24	0.0145472124004267	0.346644789023056	Hao_2022	GERD
g__Rothia	group	GERD	1.53792985727149	0.603496458296955	24	24	0.0183187242510758	0.346644789023056	Hao_2022	GERD
g__Veillonella	group	GERD	1.60815173447427	0.606664123336832	24	24	0.0145999799803814	0.346644789023056	Hao_2022	GERD
g__Lachnoanaerobaculum	group	GERD	2.48640746948656	0.834569423258974	24	17	0.00691885467428601	0.346644789023056	Hao_2022	GERD
g__Stomatobaculum	group	GERD	1.56952215856971	0.62041476573484	24	18	0.0190813645333792	0.346644789023056	Hao_2022	GERD
g__Haemophilus	group	GERD	-1.72510014725361	0.730882525971275	24	22	0.0275428497639159	0.396032447923611	Hao_2022	GERD
g__Streptococcus	group	GERD	0.930079358080655	0.398314506455637	24	24	0.0290666016824669	0.396032447923611	Hao_2022	GERD
g__Oribacterium	group	GERD	1.95526501828134	0.876484683113522	24	20	0.0362084681574874	0.438524781018458	Hao_2022	GERD
g__Leptotrichia	group	GERD	1.53863545906722	0.753547814044247	24	22	0.0533359170523724	0.581361495870859	Hao_2022	GERD
g__Actinobacillus	group	GERD	-1.48384422690294	0.800797620047671	24	13	0.0773505816786755	0.6680729825816	Hao_2022	GERD
g__Absconditabacteriales_.SR1.	group	GERD	-0.640210552772935	0.341763382330792	24	4	0.0743803268279819	0.6680729825816	Hao_2022	GERD
g__Mogibacterium	group	GERD	1.2401165272897	0.674886567981	24	18	0.0796784291152367	0.6680729825816	Hao_2022	GERD
g__Bergeyella	group	GERD	-1.02992723911581	0.605055601380264	24	17	0.102807859885548	0.692994634067745	Hao_2022	GERD
Unclassified_f__Peptostreptococcaceae	group	GERD	-0.414299337242268	0.233612100981029	24	3	0.0899995032309882	0.692994634067745	Hao_2022	GERD
g__Treponema	group	GERD	-0.661015152543926	0.394623754629733	24	4	0.108081731918823	0.692994634067745	Hao_2022	GERD
g__Filifactor	group	GERD	-1.13461503939574	0.668167485862372	24	6	0.103590510745876	0.692994634067745	Hao_2022	GERD
g__TM7x	group	GERD	1.20488507190332	0.748357645370557	24	16	0.121645677706057	0.736632159442234	Hao_2022	GERD
g__Granulicatella	group	GERD	0.763806429661687	0.486560693334155	24	24	0.130732190589735	0.749989935488481	Hao_2022	GERD
g__Klebsiella	group	GERD	-0.965383091776062	0.710497235024223	24	4	0.187997098574833	0.790388826690544	Hao_2022	GERD
g__Aggregatibacter	group	GERD	-2.255907292246	1.63386705183142	24	19	0.181233373288138	0.790388826690544	Hao_2022	GERD
Unclassified_NA.4	group	GERD	0.43001509009638	0.303430989462081	24	4	0.170438514411284	0.790388826690544	Hao_2022	GERD
Unclassified_f__Micrococcaceae	group	GERD	0.419324804466015	0.303576703515756	24	4	0.18106213641096	0.790388826690544	Hao_2022	GERD
g__Saccharimonadales	group	GERD	-0.489718005381632	0.348535978354593	24	6	0.173963830053648	0.790388826690544	Hao_2022	GERD
g__Megasphaera	group	GERD	1.19236767769414	0.89369270673837	24	18	0.195784388262795	0.790388826690544	Hao_2022	GERD
g__Fretibacterium	group	GERD	-0.648629231696775	0.459487347442495	24	5	0.172044599440228	0.790388826690544	Hao_2022	GERD
g__Prevotella	group	GERD	1.19015632849793	0.889337314191069	24	23	0.194482819405039	0.790388826690544	Hao_2022	GERD
g__Enhydrobacter	group	GERD	0.874368139505948	0.67123411119996	24	4	0.206173510763247	0.802604024042639	Hao_2022	GERD
g__F0058	group	GERD	-0.512852021836736	0.449927342456428	24	7	0.266605157049597	0.907550241817665	Hao_2022	GERD
g__Neisseria	group	GERD	-2.23100679000627	1.86339132671201	24	21	0.243938269446506	0.907550241817665	Hao_2022	GERD
g__Agathobacter	group	GERD	0.578101187738579	0.503394510399305	24	3	0.263135101908139	0.907550241817665	Hao_2022	GERD
g__Alloprevotella	group	GERD	-1.45432411131955	1.29842154836558	24	20	0.27476291724755	0.907550241817665	Hao_2022	GERD
Unclassified_f__Lachnospiraceae	group	GERD	0.784205679034749	0.67627737233122	24	7	0.258646045606142	0.907550241817665	Hao_2022	GERD
g__Lentimicrobium	group	GERD	-0.388165200334956	0.361836051542936	24	3	0.295003327761718	0.945745962530214	Hao_2022	GERD
g__Enterobacter	group	GERD	-1.02147544407961	1.15478392389569	24	6	0.385959670482469	0.952443103148389	Hao_2022	GERD
g__Serratia	group	GERD	-0.405353019953706	0.458011584808265	24	4	0.385712678508362	0.952443103148389	Hao_2022	GERD
Unclassified_f__Pasteurellaceae	group	GERD	-0.663457451749594	0.725528601375838	24	13	0.370396231078536	0.952443103148389	Hao_2022	GERD
g__Kingella	group	GERD	0.375357924266403	0.402583722511821	24	6	0.361264439141665	0.952443103148389	Hao_2022	GERD
g__Azospira	group	GERD	-0.382724644901299	0.456545988533895	24	3	0.410875538849384	0.952443103148389	Hao_2022	GERD
g__Acidovorax	group	GERD	0.78671733988683	0.930552693380793	24	10	0.406971966635174	0.952443103148389	Hao_2022	GERD
g__Campylobacter	group	GERD	-0.676811486365251	0.755340396783483	24	23	0.379934159660736	0.952443103148389	Hao_2022	GERD
g__Mycoplasma	group	GERD	-0.527883291913005	0.577568531330915	24	6	0.370638655433963	0.952443103148389	Hao_2022	GERD
g__Scardovia	group	GERD	0.656332330128659	0.762294739228841	24	6	0.398527425761297	0.952443103148389	Hao_2022	GERD
g__Corynebacterium	group	GERD	0.733681430102219	0.886043530257404	24	12	0.416539285169659	0.952443103148389	Hao_2022	GERD
g__Selenomonas	group	GERD	0.683635211356827	0.691712391467918	24	11	0.333740520229359	0.952443103148389	Hao_2022	GERD
g__Anaeroglobus	group	GERD	0.959955496621513	0.988422909408853	24	11	0.342006704638444	0.952443103148389	Hao_2022	GERD
g__P5D1.392	group	GERD	0.874027990893949	0.860956200150607	24	13	0.321054018727912	0.952443103148389	Hao_2022	GERD
g__Anaerostipes	group	GERD	-0.231036511092236	0.280776596022656	24	3	0.419424485790116	0.952443103148389	Hao_2022	GERD
Unclassified_NA.1	group	GERD	0.202521258250318	0.269873720297742	24	4	0.46094723682945	0.985442296456251	Hao_2022	GERD
Unclassified_f__Enterobacteriaceae	group	GERD	-0.665406016251599	0.935699448383221	24	6	0.484474497726775	0.985442296456251	Hao_2022	GERD
g__uncultured.5	group	GERD	0.361297619132919	0.520962054070458	24	3	0.495241005745776	0.985442296456251	Hao_2022	GERD
g__Clostridia_UCG.014	group	GERD	0.610517272045604	0.839643002945145	24	10	0.474822344463591	0.985442296456251	Hao_2022	GERD
g__Johnsonella	group	GERD	0.647466126550862	0.832191464169334	24	10	0.444841351049616	0.985442296456251	Hao_2022	GERD
g__Catonella	group	GERD	-0.496794674449867	0.719708794604206	24	10	0.497241525734805	0.985442296456251	Hao_2022	GERD
g__uncultured.9	group	GERD	-0.270370645751061	0.38919397450137	24	3	0.494519232032268	0.985442296456251	Hao_2022	GERD
g__Capnocytophaga	group	GERD	-0.195526730175846	0.965106559256635	24	20	0.841312737168512	0.986101141827334	Hao_2022	GERD
g__Cloacibacterium	group	GERD	0.651513206446791	1.36815661476363	24	10	0.638628601658753	0.986101141827334	Hao_2022	GERD
g__Tannerella	group	GERD	-0.168428420823473	0.564422219390494	24	9	0.768191623611106	0.986101141827334	Hao_2022	GERD
g__Porphyromonas	group	GERD	0.175700577563551	1.00545319008164	24	22	0.862876148960575	0.986101141827334	Hao_2022	GERD
g__Alistipes	group	GERD	0.0838469344631837	0.222442046706286	24	3	0.709830801878852	0.986101141827334	Hao_2022	GERD
g__Pseudomonas	group	GERD	0.369335864125873	1.46048203168348	24	11	0.802704049368447	0.986101141827334	Hao_2022	GERD
g__Acinetobacter	group	GERD	0.308164187067618	1.07785317370086	24	6	0.77762526264893606	0.986101141827334	Hao_2022	GERD
g__Aeromonas	group	GERD	-0.170502224332322	0.799255266821435	24	4	0.833036922748076	0.986101141827334	Hao_2022	GERD
g__Cardiobacterium	group	GERD	-0.0679072708920984	0.435603847225689	24	8	0.877539548231665	0.986101141827334	Hao_2022	GERD
g__Zoogloea	group	GERD	0.198264898581202	0.329772494702655	24	3	0.553840279272384	0.986101141827334	Hao_2022	GERD
g__Dechloromonas	group	GERD	0.212981279583106	1.08957287683997	24	6	0.846817369766256	0.986101141827334	Hao_2022	GERD
g__Cupriavidus	group	GERD	-0.18082694912348	0.353378773808156	24	3	0.613953199550737	0.986101141827334	Hao_2022	GERD
g__Diaphorobacter	group	GERD	0.471007579149922	1.29344494893319	24	8	0.719222738145462	0.986101141827334	Hao_2022	GERD
Unclassified_f__Comamonadaceae	group	GERD	0.237668759755517	1.46535812819656	24	8	0.87263543368705	0.986101141827334	Hao_2022	GERD
g__Comamonas	group	GERD	-0.104694028129082	0.502712186705921	24	4	0.836943212088006	0.986101141827334	Hao_2022	GERD
g__Parasutterella	group	GERD	-0.188657017022697	0.291460050009493	24	3	0.524146369794112	0.986101141827334	Hao_2022	GERD
g__Castellaniella	group	GERD	0.216700406676271	0.665727055610323	24	5	0.747871207018237	0.986101141827334	Hao_2022	GERD
Unclassified_f__Alcaligenaceae	group	GERD	0.190199777018597	0.324429187639262	24	3	0.563668312134423	0.986101141827334	Hao_2022	GERD
g__Lautropia	group	GERD	-0.229698918785607	0.777791569513807	24	15	0.770517153190973	0.986101141827334	Hao_2022	GERD
g__Novosphingobium	group	GERD	-0.194637335246702	0.53589023020513	24	3	0.719919268975888	0.986101141827334	Hao_2022	GERD
g__Sphingopyxis	group	GERD	-0.316471367569563	0.586353440265145	24	3	0.594806081566344	0.986101141827334	Hao_2022	GERD
g__Bosea	group	GERD	-0.161319185003491	0.311602225311332	24	3	0.60982858443402	0.986101141827334	Hao_2022	GERD
g__Methylobacterium.Methylorubrum	group	GERD	-0.149244335371574	0.430742095513974	24	4	0.73227257794826806	0.986101141827334	Hao_2022	GERD
g__Bifidobacterium	group	GERD	-0.166449681086141	0.665252176708571	24	6	0.804750215334489	0.986101141827334	Hao_2022	GERD
g__uncultured.3	group	GERD	-0.058856042207021	0.319661109037469	24	3	0.85560579597273	0.986101141827334	Hao_2022	GERD
g__Fusobacterium	group	GERD	-0.227013139953599	0.907666988137171	24	23	0.804825950875884	0.986101141827334	Hao_2022	GERD
g__Dialister	group	GERD	0.263393734044514	0.845860278522831	24	16	0.758434581973906	0.986101141827334	Hao_2022	GERD
g__Abiotrophia	group	GERD	0.384656154128843	0.765533714368623	24	12	0.620330994072629	0.986101141827334	Hao_2022	GERD
Unclassified_NA.6	group	GERD	-0.677658017465663	1.06147014761001	24	18	0.529794262692594	0.986101141827334	Hao_2022	GERD
g__Lactobacillus	group	GERD	0.624370425989206	1.00071190884286	24	7	0.539092347653735	0.986101141827334	Hao_2022	GERD
g__Bacillus	group	GERD	0.406926191155222	0.928920372228763	24	7	0.66561128901886	0.986101141827334	Hao_2022	GERD
g__Parvimonas	group	GERD	0.532775626165013	0.966994594944622	24	14	0.587213126964572	0.986101141827334	Hao_2022	GERD
g__Peptostreptococcus	group	GERD	0.209052750832604	0.70521412191968	24	12	0.76967551371108	0.986101141827334	Hao_2022	GERD
g__.Eubacterium._brachy_group	group	GERD	-0.0982254452696273	0.308362297793551	24	5	0.753080405685089	0.986101141827334	Hao_2022	GERD
g__Dorea	group	GERD	-0.250064654719384	0.619731400538565	24	3	0.690471867946471	0.986101141827334	Hao_2022	GERD
g__.Ruminococcus._gnavus_group	group	GERD	-0.118661261197583	0.320765232128401	24	3	0.714970649147689	0.986101141827334	Hao_2022	GERD
g__Blautia	group	GERD	-0.268663761972243	0.822989602124842	24	4	0.747170266082798	0.986101141827334	Hao_2022	GERD
g__Bacteroides	group	GERD	0.273689599650372	1.23560809500843	24	7	0.826744693814534	0.986101141827334	Hao_2022	GERD
g__Lachnospira	group	GERD	-0.210197527734417	0.396740654767357	24	3	0.601549585717087	0.986101141827334	Hao_2022	GERD
g__Roseburia	group	GERD	-0.10889924169306	0.547254076846324	24	3	0.844096510759545	0.986101141827334	Hao_2022	GERD
g__Hungatella	group	GERD	0.0743304217816108	0.219608771075897	24	3	0.738219915061346	0.986101141827334	Hao_2022	GERD
g__Lachnoclostridium	group	GERD	0.0669290400796302	0.250559426904504	24	3	0.791866017025633	0.986101141827334	Hao_2022	GERD
g__.Eubacterium._nodatum_group	group	GERD	0.111987131880755	0.784910372771639	24	12	0.887845461530029	0.987501584762991	Hao_2022	GERD
g__Elizabethkingia	group	GERD	-0.0895968607276225	0.882400485817933	24	4	0.920043432610491	0.991069684572079	Hao_2022	GERD
g__Stenotrophomonas	group	GERD	0.0691060632098695	0.773301963465212	24	4	0.929600478560799	0.991069684572079	Hao_2022	GERD
g__Sphingobium	group	GERD	-0.0710230211931415	0.881548804477398	24	4	0.936515390008478	0.991069684572079	Hao_2022	GERD
g__Gemella	group	GERD	-0.0726231942414221	0.700413716621038	24	24	0.918357840516553	0.991069684572079	Hao_2022	GERD
g__Butyrivibrio	group	GERD	0.0647802172591863	0.65386213372895	24	7	0.921977358674025	0.991069684572079	Hao_2022	GERD
g__Solobacterium	group	GERD	0.021376047463079	0.346911285453486	24	4	0.951423262176734	0.993244065654716	Hao_2022	GERD
g__Enterococcus	group	GERD	0.0216893863209335	0.684817986085291	24	6	0.975019403899584	0.993244065654716	Hao_2022	GERD
g__Faecalibacterium	group	GERD	0.0284120299701111	0.752482100636863	24	4	0.970221363191271	0.993244065654716	Hao_2022	GERD
g__.Ruminococcus._torques_group	group	GERD	0.0593189710519491	1.37354874654901	24	4	0.965942323930459	0.993244065654716	Hao_2022	GERD
g__Aquabacterium	group	GERD	-0.0095140365958845	0.808408808399178	24	4	0.990716112013528	0.995313550968092	Hao_2022	GERD
g__Peptococcus	group	GERD	0.00213935851153268	0.360116974388959	24	4	0.995313550968092	0.995313550968092	Hao_2022	GERD
g__Mogibacterium	group	GERD	-0.73051072439046	0.521033663309826	128	115	0.16336168442687	0.917829643193681	Kawar_2021	GERD
g__.Eubacterium._yurii_group	group	GERD	-0.560549520546026	0.328919182336628	128	32	0.0908054432914153	0.917829643193681	Kawar_2021	GERD
g__Peptostreptococcus	group	GERD	-0.847063541507992	0.679074698027855	128	88	0.214572026408985	0.917829643193681	Kawar_2021	GERD
g__.Eubacterium._nodatum_group	group	GERD	-0.726573062930781	0.558498020146805	128	87	0.195652683401434	0.917829643193681	Kawar_2021	GERD
g__Saccharimonadales	group	GERD	-0.641923007401163	0.590417236916995	128	89	0.279007878204257	0.917829643193681	Kawar_2021	GERD
g__Candidatus_Saccharimonas	group	GERD	-0.742359931043498	0.496525363460685	128	86	0.13738615864895	0.917829643193681	Kawar_2021	GERD
g__TM7x	group	GERD	-1.2887682795441	0.597448912190879	128	101	0.0328945613146087	0.917829643193681	Kawar_2021	GERD
g__Delftia	group	GERD	0.404253125386224	0.333810149607289	128	42	0.228151583518021	0.917829643193681	Kawar_2021	GERD
g__Comamonas	group	GERD	-0.349124452293752	0.322297082947202	128	25	0.280771350453687	0.917829643193681	Kawar_2021	GERD
g__Rhodanobacter	group	GERD	0.5929294588222	0.486200225251078	128	86	0.224925926645861	0.917829643193681	Kawar_2021	GERD
Unclassified_f__Xanthobacteraceae	group	GERD	0.60422926632176	0.519863922058651	128	67	0.247317094375075	0.917829643193681	Kawar_2021	GERD
Unclassified_f__Rhizobiaceae	group	GERD	0.562443569400933	0.498587828468772	128	105	0.261432440305294	0.917829643193681	Kawar_2021	GERD
Unclassified_NA.4	group	GERD	0.345552234421783	0.308242821130451	128	27	0.264403297212483	0.917829643193681	Kawar_2021	GERD
g__Achromobacter	group	GERD	0.411397602203932	0.279044567587891	128	26	0.142892882078692	0.917829643193681	Kawar_2021	GERD
g__Bergeyella	group	GERD	-0.888629295378459	0.4167607395277	128	116	0.0349285891903261	0.917829643193681	Kawar_2021	GERD
g__Porphyromonas	group	GERD	-1.03710512908311	0.652105693747498	128	120	0.114251937015658	0.917829643193681	Kawar_2021	GERD
g__Alloprevotella	group	GERD	-1.14223665759598	0.586683678095419	128	115	0.0537671438710189	0.917829643193681	Kawar_2021	GERD
g__Pseudopropionibacterium	group	GERD	-0.703032428177998	0.482702372884019	128	58	0.147755358567703	0.917829643193681	Kawar_2021	GERD
Unclassified_NA.13	group	GERD	-0.773911986326585	0.665701035922584	128	115	0.247208544936662	0.917829643193681	Kawar_2021	GERD
g__Rhodococcus	group	GERD	0.409395029677138	0.229559226018414	128	24	0.0769293189512784	0.917829643193681	Kawar_2021	GERD
Unclassified_f__Micrococcaceae	group	GERD	0.551512568939251	0.45521826383075	128	43	0.22795791016853	0.917829643193681	Kawar_2021	GERD
g__Leptotrichia	group	GERD	-0.784384760665099	0.503730698890871	128	121	0.121942886005715	0.917829643193681	Kawar_2021	GERD
Unclassified_f__Atopobiaceae	group	GERD	-0.320743870926069	0.227652741864627	128	14	0.161322705274643	0.917829643193681	Kawar_2021	GERD
g__Clostridia_UCG.014	group	GERD	-0.851726560907429	0.51774716832038	128	96	0.102449403968322	0.917829643193681	Kawar_2021	GERD
g__Defluviitaleaceae_UCG.011	group	GERD	-0.391772845886204	0.277658757474854	128	15	0.160712816005746	0.917829643193681	Kawar_2021	GERD
g__Neisseria	group	GERD	-1.07909994221617	0.699637857717149	128	113	0.125491690163341	0.917829643193681	Kawar_2021	GERD
g__Clostridia_vadinBB60_group	group	GERD	-0.236096477275611	0.218378761022168	128	17	0.281702886793396	0.917829643193681	Kawar_2021	GERD
g__Solobacterium	group	GERD	-1.02906744106498	0.42597906078894	128	114	0.0171367064133305	0.917829643193681	Kawar_2021	GERD
Unclassified_NA.18	group	GERD	0.389157097931266	0.327093447630429	128	51	0.236384486362412	0.917829643193681	Kawar_2021	GERD
g__Catonella	group	GERD	-0.821607862617132	0.501279436357031	128	94	0.10370333888747	0.917829643193681	Kawar_2021	GERD
Unclassified_f__Lachnospiraceae	group	GERD	-0.49032341406259	0.459756808057623	128	117	0.288244020176528	0.917829643193681	Kawar_2021	GERD
g__Oribacterium	group	GERD	0.403380892267122	0.274487971006768	128	27	0.144169170504245	0.917829643193681	Kawar_2021	GERD
g__uncultured.14	group	GERD	0.171417442131222	0.140118761636999	128	13	0.223472022294016	0.917829643193681	Kawar_2021	GERD
g__Johnsonella	group	GERD	-0.457005412275687	0.357647597070159	128	45	0.203665882200819	0.917829643193681	Kawar_2021	GERD
g__Granulicatella	group	GERD	-0.336245368205892	0.26970941070364	128	128	0.214821995949675	0.917829643193681	Kawar_2021	GERD
g__Streptococcus	group	GERD	0.105639642876904	0.0932951202494124	128	128	0.259651458214827	0.917829643193681	Kawar_2021	GERD
g__Fretibacterium	group	GERD	-0.649528270013805	0.449852839223016	128	50	0.151257885199072	0.917829643193681	Kawar_2021	GERD
g__Gemella	group	GERD	-0.685410851678788	0.311686564823415	128	128	0.0297004133580407	0.917829643193681	Kawar_2021	GERD
g__Absconditabacteriales_.SR1.	group	GERD	-0.508552752594008	0.524112763636185	128	40	0.333750093017039	0.922753632436065	Kawar_2021	GERD
g__Nevskia	group	GERD	0.140606186245065	0.14950183359563	128	16	0.348761714615247	0.922753632436065	Kawar_2021	GERD
g__Pseudomonas	group	GERD	0.152798686768169	0.16468992595407	128	14	0.355287172493233	0.922753632436065	Kawar_2021	GERD
g__Allorhizobium.Neorhizobium.Pararhizobium.Rhizobium	group	GERD	0.178360745405906	0.188635418753216	128	13	0.3461972538171	0.922753632436065	Kawar_2021	GERD
g__Phocaeicola	group	GERD	-0.288129498485441	0.279896869768849	128	25	0.305257631590367	0.922753632436065	Kawar_2021	GERD
g__Erysipelotrichaceae_UCG.006	group	GERD	-0.216658713579274	0.210623262968666	128	14	0.305612351130241	0.922753632436065	Kawar_2021	GERD
g__Bulleidia	group	GERD	-0.346409820839341	0.343933203500475	128	19	0.315768576480508	0.922753632436065	Kawar_2021	GERD
g__Lactobacillus	group	GERD	0.724492560881571	0.786004045503167	128	66	0.358424964665248	0.922753632436065	Kawar_2021	GERD
Unclassified_NA.26	group	GERD	-0.188063873968081	0.199453516620169	128	20	0.347538629009933	0.922753632436065	Kawar_2021	GERD
Unclassified_NA.1	group	GERD	0.303925119018136	0.432678525754189	128	99	0.483708506951197	0.930547889962053	Kawar_2021	GERD
g__Peptococcus	group	GERD	-0.323169412487871	0.528490022569035	128	59	0.541973138357391	0.930547889962053	Kawar_2021	GERD
g__.Eubacterium._brachy_group	group	GERD	0.45236337515952	0.568315347557868	128	77	0.427545103861351	0.930547889962053	Kawar_2021	GERD
g__Parvimonas	group	GERD	-0.13314254497259	0.593570932358158	128	110	0.822881191949914	0.930547889962053	Kawar_2021	GERD
g__Megasphaera	group	GERD	-0.288143591401879	0.535980350843782	128	118	0.591800743432948	0.930547889962053	Kawar_2021	GERD
g__.Eubacterium._saphenum_group	group	GERD	0.107857454206727	0.299867371137617	128	19	0.719685695156377	0.930547889962053	Kawar_2021	GERD
g__uncultured.1	group	GERD	-0.156980919078123	0.307808905732352	128	23	0.61094734614666	0.930547889962053	Kawar_2021	GERD
g__F0332	group	GERD	-0.172561957548717	0.454879019102774	128	59	0.705060672653964	0.930547889962053	Kawar_2021	GERD
g__Saccharimonadaceae	group	GERD	-0.190138093985635	0.533807556507873	128	69	0.722292338524207	0.930547889962053	Kawar_2021	GERD
g__TM7a	group	GERD	-0.189394504074842	0.295672690497648	128	20	0.522975330604251	0.930547889962053	Kawar_2021	GERD
g__Aggregatibacter	group	GERD	-0.103386219335221	0.15661432679206	128	16	0.510373707420485	0.930547889962053	Kawar_2021	GERD
g__Variovorax	group	GERD	-0.0929277961696867	0.399617260881217	128	56	0.816494372403111	0.930547889962053	Kawar_2021	GERD
g__Herbaspirillum	group	GERD	-0.0498428222538216	0.210627899533232	128	23	0.813320968233468	0.930547889962053	Kawar_2021	GERD
g__Cardiobacterium	group	GERD	0.0421063030769228	0.134110907948565	128	15	0.754065863682337	0.930547889962053	Kawar_2021	GERD
g__uncultured.5	group	GERD	0.159755120430248	0.20145656736474	128	21	0.429268334505301	0.930547889962053	Kawar_2021	GERD
g__Hyphomicrobium	group	GERD	-0.0712461767956657	0.259830229868632	128	21	0.78437780899714	0.930547889962053	Kawar_2021	GERD
g__Lautropia	group	GERD	-0.355972194409935	0.635430421478347	128	73	0.576333331377291	0.930547889962053	Kawar_2021	GERD
Unclassified_NA.5	group	GERD	-0.106465092928546	0.351322958562232	128	49	0.762358736814339	0.930547889962053	Kawar_2021	GERD
g__Campylobacter	group	GERD	-0.0851028148210738	0.231274797357527	128	121	0.713511011181927	0.930547889962053	Kawar_2021	GERD
g__Capnocytophaga	group	GERD	-0.517229811859488	0.626677538988023	128	111	0.410731466780503	0.930547889962053	Kawar_2021	GERD
g__Tannerella	group	GERD	0.142048745261973	0.513929267887927	128	95	0.78269566763663	0.930547889962053	Kawar_2021	GERD
g__F0058	group	GERD	-0.274081423310265	0.479180799779165	128	62	0.568355156270602	0.930547889962053	Kawar_2021	GERD
g__Prevotellaceae_UCG.001	group	GERD	0.0863367674632092	0.24007473179188	128	27	0.719729946212387	0.930547889962053	Kawar_2021	GERD
g__Prevotella	group	GERD	-0.11673518282639	0.306259855679386	128	128	0.703723623641477	0.930547889962053	Kawar_2021	GERD
Unclassified_f__Prevotellaceae	group	GERD	-0.219432994214539	0.518453608716129	128	59	0.672837926034977	0.930547889962053	Kawar_2021	GERD
Unclassified_NA.10	group	GERD	-0.151079387906132	0.261474132569922	128	25	0.564431246332255	0.930547889962053	Kawar_2021	GERD
g__Lentimicrobium	group	GERD	-0.340179124891101	0.39647737528355	128	31	0.392519483081682	0.930547889962053	Kawar_2021	GERD
g__Asinibacterium	group	GERD	0.204525328254867	0.394625840629404	128	121	0.605174235234051	0.930547889962053	Kawar_2021	GERD
g__Propionibacterium	group	GERD	0.0846376101271634	0.295731440979809	128	27	0.775196850512594	0.930547889962053	Kawar_2021	GERD
g__Actinomyces	group	GERD	-0.17732282165594	0.259251525915448	128	128	0.495243900881244	0.930547889962053	Kawar_2021	GERD
Unclassified_NA.11	group	GERD	-0.135613678658531	0.231866300974566	128	19	0.55967512908305	0.930547889962053	Kawar_2021	GERD
Unclassified_NA.12	group	GERD	0.0627302918195886	0.225173042643832	128	21	0.781018444883462	0.930547889962053	Kawar_2021	GERD
Unclassified_f__Veillonellaceae	group	GERD	-0.143809279454585	0.189371407352276	128	26	0.449029730793704	0.930547889962053	Kawar_2021	GERD
g__Corynebacterium	group	GERD	0.269374236658635	0.558072748982296	128	99	0.630155832802491	0.930547889962053	Kawar_2021	GERD
g__Rothia	group	GERD	0.102819154104849	0.284181119112809	128	128	0.718101161346676	0.930547889962053	Kawar_2021	GERD
Unclassified_NA.15	group	GERD	-0.110456911300592	0.172701464019737	128	14	0.523604937554577	0.930547889962053	Kawar_2021	GERD
g__Slackia	group	GERD	-0.116499731339609	0.221530469913781	128	22	0.59989189884544	0.930547889962053	Kawar_2021	GERD
g__Eikenella	group	GERD	-0.0922835851769544	0.393509999314152	128	56	0.814966660012595	0.930547889962053	Kawar_2021	GERD
Unclassified_f__Neisseriaceae	group	GERD	0.0633992832089094	0.281171803153459	128	22	0.821969358005746	0.930547889962053	Kawar_2021	GERD
g__Eggerthia	group	GERD	-0.190060247675311	0.269333328648299	128	14	0.481696477342658	0.930547889962053	Kawar_2021	GERD
g__Butyrivibrio	group	GERD	-0.068640945919722	0.204635713721277	128	23	0.73785862324605	0.930547889962053	Kawar_2021	GERD
g__Lachnospiraceae_UCG.004	group	GERD	0.203728876041663	0.384217836561535	128	47	0.596876573516449	0.930547889962053	Kawar_2021	GERD
g__Shuttleworthia	group	GERD	-0.0829232174710932	0.213304129518605	128	23	0.698112949090275	0.930547889962053	Kawar_2021	GERD
g__Lachnoanaerobaculum	group	GERD	-0.332782716866039	0.394422053574124	128	117	0.400423521036244	0.930547889962053	Kawar_2021	GERD
g__Stomatobaculum	group	GERD	-0.302399742092207	0.405294020389176	128	117	0.456982090068043	0.930547889962053	Kawar_2021	GERD
g__RF39	group	GERD	-0.0936405759456159	0.305208857789608	128	27	0.75949582884483	0.930547889962053	Kawar_2021	GERD
g__Mycoplasma	group	GERD	0.29318471378496	0.419233296246508	128	56	0.485631409140933	0.930547889962053	Kawar_2021	GERD
g__Atopobium	group	GERD	-0.105567139295161	0.380309236864926	128	123	0.781787898095528	0.930547889962053	Kawar_2021	GERD
g__Abiotrophia	group	GERD	-0.162465697045166	0.413967685211206	128	49	0.695381572667138	0.930547889962053	Kawar_2021	GERD
Unclassified_NA.19	group	GERD	0.203951985906957	0.27856180816175	128	34	0.4654302314628	0.930547889962053	Kawar_2021	GERD
Unclassified_NA.20	group	GERD	-0.109213871034142	0.425578264426613	128	64	0.797887099759659	0.930547889962053	Kawar_2021	GERD
g__Desulfobulbus	group	GERD	-0.221588335881502	0.26982941982169	128	19	0.413074131447881	0.930547889962053	Kawar_2021	GERD
g__Pseudoramibacter	group	GERD	0.197903595565078	0.299448333294815	128	25	0.509886898170903	0.930547889962053	Kawar_2021	GERD
g__Staphylococcus	group	GERD	0.156581107905901	0.362083507860129	128	36	0.666157435817242	0.930547889962053	Kawar_2021	GERD
Unclassified_f__Selenomonadaceae	group	GERD	-0.179325020320287	0.358631830444305	128	37	0.617929350660095	0.930547889962053	Kawar_2021	GERD
g__Selenomonas	group	GERD	0.143559467336474	0.549828389154956	128	98	0.794442688086122	0.930547889962053	Kawar_2021	GERD
g__uncultured.16	group	GERD	-0.184097390672103	0.301560727677185	128	23	0.542642159293466	0.930547889962053	Kawar_2021	GERD
g__Veillonella	group	GERD	0.178626700651378	0.252380113423982	128	128	0.480396161749537	0.930547889962053	Kawar_2021	GERD
Unclassified_f__Saccharimonadaceae	group	GERD	-0.361441605053002	0.449112899890503	128	49	0.422456803942783	0.930547889962053	Kawar_2021	GERD
g__Dialister	group	GERD	0.180945712571053	0.574319423853152	128	90	0.753236431823365	0.930547889962053	Kawar_2021	GERD
g__Olsenella	group	GERD	0.0710705585991174	0.353852785555044	128	19	0.841141424447277	0.9337441500745	Kawar_2021	GERD
Unclassified_NA.27	group	GERD	-0.0801725942521674	0.387816459430321	128	39	0.836555840485818	0.9337441500745	Kawar_2021	GERD
g__JGI_0000069.P22	group	GERD	-0.0290067503775816	0.161796143910364	128	13	0.85800612760069	0.943806740360759	Kawar_2021	GERD
g__Filifactor	group	GERD	0.0782841565715486	0.541086849802049	128	43	0.885195119474929	0.947863800499702	Kawar_2021	GERD
g__Rikenellaceae_RC9_gut_group	group	GERD	0.0540048957050728	0.362931025660739	128	38	0.881947692164082	0.947863800499702	Kawar_2021	GERD
g__Fusobacterium	group	GERD	-0.0714587785157715	0.489338961807047	128	124	0.884130092775068	0.947863800499702	Kawar_2021	GERD
g__Treponema	group	GERD	0.0714769618234441	0.590611933503531	128	87	0.903866493848473	0.959367068032151	Kawar_2021	GERD
g__Kingella	group	GERD	0.0538031330005584	0.548540433443246	128	80	0.922021319302638	0.970126779440167	Kawar_2021	GERD
Unclassified_f__Actinomycetaceae	group	GERD	-0.0335034906826846	0.453485942671889	128	41	0.941223118645224	0.973683492763815	Kawar_2021	GERD
g__Cryptobacterium	group	GERD	0.0262856183870195	0.357448707787595	128	37	0.941495608705507	0.973683492763815	Kawar_2021	GERD
Unclassified_NA	group	GERD	-0.00990334006505741	0.362969889727187	128	121	0.978276231821169	0.992699981908379	Kawar_2021	GERD
g__Haemophilus	group	GERD	-0.00387778819903013	0.422992231957638	128	100	0.992699981908379	0.992699981908379	Kawar_2021	GERD
g__Ralstonia	group	GERD	0.0112377872138931	0.324787150481714	128	31	0.972453082741343	0.992699981908379	Kawar_2021	GERD
Unclassified_NA.16	group	GERD	0.00486073930697137	0.306258759499153	128	19	0.987362132201465	0.992699981908379	Kawar_2021	GERD
g__Bacteroides	group	IBS-D	-3.59887455996899	0.355954544284069	62	14	1.4078671258750901e-14	9.43270974336313e-13	Tang_2023	IBS-D
g__Pseudomonas	group	IBS-D	3.65783538491086	0.468556620786048	62	51	1.04795695084556e-10	3.5106557853326404e-9	Tang_2023	IBS-D
g__Campylobacter	group	IBS-D	-2.69857235540996	0.485013662829269	62	57	6.48418157010418e-7	1.44813388398993e-5	Tang_2023	IBS-D
g__Fretibacterium	group	IBS-D	-1.74326145152763	0.351055107513852	62	9	5.99222156745018e-6	1.0036971125479e-4	Tang_2023	IBS-D
g__Lautropia	group	IBS-D	-2.95549565689422	0.636050514334727	62	50	1.89349772389598e-5	2.5372869500206e-4	Tang_2023	IBS-D
g__Rothia	group	IBS-D	-2.03603947527387	0.474205875571574	62	62	6.52104543413052e-5	7.2818340681124e-4	Tang_2023	IBS-D
g__Chloroplast	group	IBS-D	-2.20333914153631	0.602573434447777	62	12	5.4004797313324e-4	0.0051690305999896	Tang_2023	IBS-D
g__Mobiluncus	group	IBS-D	-0.87306574329019	0.25087033908170697	62	8	9.4011869880639e-4	0.00787349410250355	Tang_2023	IBS-D
g__Peptostreptococcus	group	IBS-D	1.76190703405593	0.544904135638761	62	61	0.0019898110199919	0.0148130375932731	Tang_2023	IBS-D
g__Lentimicrobium	group	IBS-D	-1.55637523348585	0.600335923813526	62	24	0.011950489818274901	0.080068281782442	Tang_2023	IBS-D
g__Alloprevotella	group	IBS-D	1.09294967366431	0.433085096120437	62	62	0.0142808013135215	0.0869830625459946	Tang_2023	IBS-D
g__Dialister	group	IBS-D	-1.88148083440888	0.765355985649341	62	31	0.0168633070622736	0.0941534644310274	Tang_2023	IBS-D
g__Rikenellaceae_RC9_gut_group	group	IBS-D	-0.820731051085379	0.353327850713212	62	10	0.0235953956433704	0.116756941314952	Tang_2023	IBS-D
g__Parvimonas	group	IBS-D	2.06918329002474	0.896091686599041	62	55	0.0243969728120795	0.116756941314952	Tang_2023	IBS-D
g__Oribacterium	group	IBS-D	-0.787077866196737	0.347403397874578	62	62	0.0270977378058577	0.121036562199498	Tang_2023	IBS-D
g__Alysiella	group	IBS-D	-1.16169131884622	0.5508773395054	62	23	0.0391447676041279	0.138036812077714	Tang_2023	IBS-D
g__F0058	group	IBS-D	-1.39198381716136	0.64782166786589	62	23	0.0357021981370471	0.138036812077714	Tang_2023	IBS-D
g__Defluviitaleaceae_UCG.011	group	IBS-D	-1.30082700893785	0.610344440472531	62	24	0.0371703210152063	0.138036812077714	Tang_2023	IBS-D
g__Catonella	group	IBS-D	-0.872162019521161	0.4119433911836	62	61	0.0383982902276662	0.138036812077714	Tang_2023	IBS-D
g__.Eubacterium._brachy_group	group	IBS-D	-0.728006968270968	0.35630187147252	62	9	0.045428719691354	0.152186210966036	Tang_2023	IBS-D
Unclassified_f__Selenomonadaceae	group	IBS-D	-0.61608452646171	0.323707262090367	62	10	0.0618130867194475	0.197213181438237	Tang_2023	IBS-D
g__Bergeyella	group	IBS-D	-1.02926800585247	0.587751974279042	62	61	0.0850230777883096	0.258933918718943	Tang_2023	IBS-D
g__Corynebacterium	group	IBS-D	-1.103891876016	0.638450338199094	62	38	0.0889485797968944	0.25911108027791	Tang_2023	IBS-D
g__.Eubacterium._nodatum_group	group	IBS-D	0.746304731381327	0.456971732455789	62	61	0.107674195115534	0.300590461364198	Tang_2023	IBS-D
g__Mogibacterium	group	IBS-D	-0.893422133634547	0.570848352214893	62	51	0.122824072903323	0.329168515380905	Tang_2023	IBS-D
g__Filifactor	group	IBS-D	-0.893189738968446	0.611121397710192	62	29	0.149080009946337	0.384167717938638	Tang_2023	IBS-D
g__RF39	group	IBS-D	1.38673800951803	0.9710234824206	62	45	0.158442137534179	0.393171230177408	Tang_2023	IBS-D
g__Neisseria	group	IBS-D	0.594549025181162	0.435213354473271	62	62	0.177003282495134	0.408938618178413	Tang_2023	IBS-D
g__Lachnoanaerobaculum	group	IBS-D	-0.521125652049781	0.381171320005447	62	61	0.176672681410325	0.408938618178413	Tang_2023	IBS-D
g__Actinomyces	group	IBS-D	-0.590487781944967	0.446752065264694	62	62	0.191273968125259	0.427178528813079	Tang_2023	IBS-D
g__uncultured.1	group	IBS-D	-0.538333262822695	0.432487106173	62	7	0.218068025381109	0.471308312920462	Tang_2023	IBS-D
g__uncultured	group	IBS-D	-0.732140728202033	0.619486096810613	62	13	0.241927468891837	0.506535637992283	Tang_2023	IBS-D
g__uncultured.5	group	IBS-D	-1.0274739396035	0.896928192312363	62	41	0.256531031796148	0.520835731222482	Tang_2023	IBS-D
g__Abiotrophia	group	IBS-D	-0.420635289596637	0.380221913004577	62	12	0.273017457091983	0.538004988975378	Tang_2023	IBS-D
g__Eikenella	group	IBS-D	-0.436859784657056	0.432848221659425	62	16	0.316899143609917	0.538059936490172	Tang_2023	IBS-D
g__Selenomonas	group	IBS-D	-0.713687247662175	0.725584673890011	62	54	0.329260558150702	0.538059936490172	Tang_2023	IBS-D
g__Treponema	group	IBS-D	-0.978899163418985	0.943442180830218	62	50	0.30362798170078	0.538059936490172	Tang_2023	IBS-D
g__Capnocytophaga	group	IBS-D	0.946289880283948	0.955526003388363	62	59	0.325987996286501	0.538059936490172	Tang_2023	IBS-D
g__Solobacterium	group	IBS-D	0.487219403793721	0.475468516281959	62	28	0.309611711036464	0.538059936490172	Tang_2023	IBS-D
g__.Eubacterium._yurii_group	group	IBS-D	-0.698405362290975	0.703253228577742	62	29	0.32464634273264	0.538059936490172	Tang_2023	IBS-D
g__Clostridia_UCG.014	group	IBS-D	0.636546585542933	0.638027283404247	62	60	0.322441605346951	0.538059936490172	Tang_2023	IBS-D
g__Actinobacillus	group	IBS-D	-0.383591770080372	0.415438329822213	62	10	0.359527273676475	0.573531603245806	Tang_2023	IBS-D
g__Amnipila	group	IBS-D	-0.674859865035505	0.760981010495121	62	31	0.378712029522284	0.590086185534722	Tang_2023	IBS-D
g__Eggerthia	group	IBS-D	0.169316220068117	0.217316228975463	62	10	0.438969115562203	0.653576238725947	Tang_2023	IBS-D
g__Streptococcus	group	IBS-D	-0.169934354739555	0.216022824196427	62	62	0.434582909438002	0.653576238725947	Tang_2023	IBS-D
g__Porphyromonas	group	IBS-D	0.426331773203591	0.647069080294457	62	62	0.512502524129111	0.746471067753271	Tang_2023	IBS-D
g__Leptotrichia	group	IBS-D	-0.306458429685606	0.50013255258455	62	62	0.54235435856187	0.773143447311602	Tang_2023	IBS-D
g__Peptococcus	group	IBS-D	-0.354486547095743	0.60319670539532	62	37	0.558952569573136	0.780204628362502	Tang_2023	IBS-D
g__Comamonas	group	IBS-D	0.209803617455639	0.378677830293329	62	12	0.581608882878037	0.795261125567928	Tang_2023	IBS-D
g__Fusobacterium	group	IBS-D	0.216922537774943	0.410534874571733	62	62	0.599177722664017	0.802898148369783	Tang_2023	IBS-D
g__Megasphaera	group	IBS-D	-0.44252671144924	1.11450153948862	62	42	0.692730328556208	0.910057490456195	Tang_2023	IBS-D
g__Tannerella	group	IBS-D	0.26938184832833	0.830043698731362	62	49	0.74665852390151	0.926409650025948	Tang_2023	IBS-D
Unclassified_f__Peptostreptococcaceae	group	IBS-D	-0.251436890332281	0.756887969285408	62	23	0.740897297025207	0.926409650025948	Tang_2023	IBS-D
g__Stomatobaculum	group	IBS-D	-0.220151438882831	0.654257725316031	62	58	0.737675155846879	0.926409650025948	Tang_2023	IBS-D
g__Granulicatella	group	IBS-D	-0.0799988375874116	0.30207509351972	62	62	0.792047366768832	0.947628099526996	Tang_2023	IBS-D
g__Family_XIII_UCG.001	group	IBS-D	-0.123533857373506	0.461666167564719	62	27	0.789938280541621	0.947628099526996	Tang_2023	IBS-D
g__Haemophilus	group	IBS-D	0.0727845247771769	0.415194250658362	62	62	0.861432332978456	0.978236717111128	Tang_2023	IBS-D
g__Veillonella	group	IBS-D	-0.0624702289832197	0.32873871353497	62	62	0.849927053610507	0.978236717111128	Tang_2023	IBS-D
Unclassified_NA.2	group	IBS-D	-0.0892621022579739	0.436964336003995	62	13	0.838827777108012	0.978236717111128	Tang_2023	IBS-D
g__Aggregatibacter	group	IBS-D	-0.0396315491454788	0.698281428256739	62	49	0.954928277941076	0.996155458682932	Tang_2023	IBS-D
g__Moraxella	group	IBS-D	0.019723797902791	0.663980302997108	62	10	0.97640059783503	0.996155458682932	Tang_2023	IBS-D
g__Absconditabacteriales_.SR1.	group	IBS-D	0.00192865010877161	0.398600441638881	62	17	0.996155458682932	0.996155458682932	Tang_2023	IBS-D
g__Atopobium	group	IBS-D	-0.0622768641875953	0.778197925115013	62	60	0.9364820919855	0.996155458682932	Tang_2023	IBS-D
g__Prevotella	group	IBS-D	-0.0060671903353056	0.337591821872482	62	62	0.985720844632635	0.996155458682932	Tang_2023	IBS-D
g__Gemella	group	IBS-D	-0.00298590357645225	0.359358867909209	62	62	0.993398039570149	0.996155458682932	Tang_2023	IBS-D
g__Johnsonella	group	IBS-D	0.0826612160289684	0.901744296200107	62	32	0.927267087475946	0.996155458682932	Tang_2023	IBS-D
g__Butyrivibrio	group	IBS-D	0.0120720992857843	0.790647435400133	62	42	0.987868531876938	0.996155458682932	Tang_2023	IBS-D
