feature	metadata	value	coef	stderr	N	N.not.0	pval	qval	study	disease
g__Patescibacteria..C1.O1.F1.G1.	group	GERD	-0.312777208352347	0.604955282102788	26	12	0.60987077516714	0.906914482027349	Ziganshina_2020	GERD
g__Treponema	group	GERD	-0.46987647862241	1.04759072486434	26	19	0.657793773117918	0.906914482027349	Ziganshina_2020	GERD
g__Nanosyncoccus	group	GERD	0.385364410042707	0.595455612276465	26	25	0.523660655048063	0.906914482027349	Ziganshina_2020	GERD
g__Nanogingivalis	group	GERD	-0.851472073466539	1.08556497753783	26	23	0.440503363276054	0.906914482027349	Ziganshina_2020	GERD
g__Saccharimonadales..F1.G1.	group	GERD	-0.850609553170403	0.563730432360744	26	5	0.14437905203709	0.906914482027349	Ziganshina_2020	GERD
g__Saccharimonas	group	GERD	-0.475698696912948	1.13707877405731	26	21	0.679409950296781	0.906914482027349	Ziganshina_2020	GERD
Unclassified_NA.1	group	GERD	-0.283008288735344	0.618526175276099	26	5	0.651389146756851	0.906914482027349	Ziganshina_2020	GERD
g__Parvisynbacter	group	GERD	-0.129606813447202	0.358852900386076	26	4	0.721132501924032	0.906914482027349	Ziganshina_2020	GERD
g__Nanosynbacter	group	GERD	0.575899981214463	0.700386829763321	26	25	0.419023673979292	0.906914482027349	Ziganshina_2020	GERD
g__Nanoperiomorbus	group	GERD	1.00906914127513	0.850836340549554	26	18	0.24724193273277	0.906914482027349	Ziganshina_2020	GERD
g__Arachnia	group	GERD	-0.808364618496417	0.597583595317353	26	9	0.188752147088012	0.906914482027349	Ziganshina_2020	GERD
g__Corynebacterium	group	GERD	-0.288684106726416	0.74834692174214	26	24	0.703070929375254	0.906914482027349	Ziganshina_2020	GERD
g__Alloscardovia	group	GERD	0.591761492718411	0.644446397928604	26	4	0.367625796079441	0.906914482027349	Ziganshina_2020	GERD
g__Scardovia	group	GERD	-1.08798983946527	0.504265761304942	26	7	0.0411873908257547	0.906914482027349	Ziganshina_2020	GERD
g__Bifidobacterium	group	GERD	0.206935491005301	0.258141229910954	26	3	0.43062907270045	0.906914482027349	Ziganshina_2020	GERD
g__Peptidiphaga	group	GERD	-1.1689045453929	0.731006582474372	26	10	0.122896417310517	0.906914482027349	Ziganshina_2020	GERD
g__Actinomyces	group	GERD	0.257156581014143	0.493335544063041	26	26	0.606961953551728	0.906914482027349	Ziganshina_2020	GERD
g__Schaalia	group	GERD	0.611710349349524	0.381979781821313	26	26	0.12236574743402	0.906914482027349	Ziganshina_2020	GERD
g__Mobiluncus	group	GERD	1.05275450049629	0.657121354326699	26	11	0.122221678676483	0.906914482027349	Ziganshina_2020	GERD
g__Lancefieldella	group	GERD	0.657607853540928	0.467729489926771	26	26	0.172551971432365	0.906914482027349	Ziganshina_2020	GERD
g__Slackia	group	GERD	0.431646331299522	0.56267049855916	26	12	0.450480353555126	0.906914482027349	Ziganshina_2020	GERD
g__Olsenella	group	GERD	-0.224578868189034	0.34272959354023	26	6	0.518528930377966	0.906914482027349	Ziganshina_2020	GERD
g__Selenomonas	group	GERD	0.387279613200986	0.668481262442193	26	26	0.567756802398327	0.906914482027349	Ziganshina_2020	GERD
g__Selenomonadaceae..G1.	group	GERD	0.15842948179018	0.388038461019658	26	6	0.68668577938469	0.906914482027349	Ziganshina_2020	GERD
g__Mitsuokella	group	GERD	0.454135520266386	0.560231043852084	26	6	0.425548603606989	0.906914482027349	Ziganshina_2020	GERD
g__Megasphaera	group	GERD	0.785736043079192	0.655893556274576	26	25	0.242628783869295	0.906914482027349	Ziganshina_2020	GERD
g__Veillonella	group	GERD	0.280218417744092	0.352308088613155	26	26	0.434189471257318	0.906914482027349	Ziganshina_2020	GERD
Unclassified_f__Veillonellaceae	group	GERD	0.182554901132805	0.21025963948753	26	3	0.39386472324037203	0.906914482027349	Ziganshina_2020	GERD
g__Dialister	group	GERD	-0.202698315981065	0.689498331136095	26	25	0.771301101537278	0.906914482027349	Ziganshina_2020	GERD
g__Gemella	group	GERD	-0.881404606143524	0.587070209628489	26	26	0.146305269934742	0.906914482027349	Ziganshina_2020	GERD
g__Granulicatella	group	GERD	-0.11067838511216	0.323165863070411	26	26	0.734969751303113	0.906914482027349	Ziganshina_2020	GERD
g__Lactobacillus	group	GERD	0.0930945595797692	0.165290949082019	26	3	0.578512104898056	0.906914482027349	Ziganshina_2020	GERD
g__Absconditicoccaceae..G1.	group	GERD	-0.670671010267972	1.25892224938181	26	22	0.599116054540765	0.906914482027349	Ziganshina_2020	GERD
g__Streptococcus	group	GERD	-0.248394162018896	0.342224249359918	26	26	0.474966495211807	0.906914482027349	Ziganshina_2020	GERD
g__Eggerthia	group	GERD	-0.0980965859557069	0.142599328545641	26	3	0.498100086228459	0.906914482027349	Ziganshina_2020	GERD
g__Erysipelotrichaceae..G1.	group	GERD	0.429964209326008	0.655477396603412	26	9	0.518092294816756	0.906914482027349	Ziganshina_2020	GERD
g__Bulleidia	group	GERD	0.199531083104982	0.498942785826082	26	6	0.692761533742606	0.906914482027349	Ziganshina_2020	GERD
g__Solobacterium	group	GERD	0.582962962652858	0.479381376611936	26	26	0.235782906628766	0.906914482027349	Ziganshina_2020	GERD
g__Lachnospiraceae..G8.	group	GERD	-0.180499854548265	0.543689060788804	26	8	0.742778051511624	0.906914482027349	Ziganshina_2020	GERD
g__Ruminococcaceae..G2.	group	GERD	0.99110906271813	0.503164363614037	26	26	0.0605127152509981	0.906914482027349	Ziganshina_2020	GERD
g__Ruminococcaceae..G1.	group	GERD	-0.597051572249323	0.762854852190707	26	24	0.441484740891054	0.906914482027349	Ziganshina_2020	GERD
g__Stomatobaculum	group	GERD	1.53659237584299	0.650351642529193	26	17	0.0265877326237826	0.906914482027349	Ziganshina_2020	GERD
g__Moryella	group	GERD	0.409046214283326	0.706317210023119	26	22	0.567900946747434	0.906914482027349	Ziganshina_2020	GERD
g__Butyrivibrio	group	GERD	1.73962649539627	0.865124439264354	26	20	0.0557056239422209	0.906914482027349	Ziganshina_2020	GERD
g__Oribacterium	group	GERD	0.317798306636036	0.428436464237245	26	26	0.465428442226354	0.906914482027349	Ziganshina_2020	GERD
Unclassified_f__Leptotrichiaceae	group	GERD	0.268735193801791	0.368485401251708	26	3	0.472878142759514	0.906914482027349	Ziganshina_2020	GERD
g__Sneathia	group	GERD	-0.719250991537943	0.815169792935622	26	6	0.386349126392113	0.906914482027349	Ziganshina_2020	GERD
g__Leptotrichia	group	GERD	1.17913600105311	0.68615972706585	26	26	0.0985892475760385	0.906914482027349	Ziganshina_2020	GERD
g__Pseudoleptotrichia	group	GERD	-1.09356061968293	0.791043248208997	26	26	0.179570761112986	0.906914482027349	Ziganshina_2020	GERD
g__Lachnoanaerobaculum	group	GERD	0.264354038256175	0.420667597369325	26	26	0.535666987506448	0.906914482027349	Ziganshina_2020	GERD
g__Lachnospiraceae..G3.	group	GERD	0.422231308377179	0.627896567242038	26	7	0.507718045189028	0.906914482027349	Ziganshina_2020	GERD
g__Lachnospiraceae..G2.	group	GERD	1.24955510670771	0.9821488701822	26	18	0.215467591471233	0.906914482027349	Ziganshina_2020	GERD
g__Peptoanaerobacter	group	GERD	-0.477885116825292	0.823288794441797	26	15	0.567016166639181	0.906914482027349	Ziganshina_2020	GERD
g__Filifactor	group	GERD	0.289038935183234	0.981414757427861	26	15	0.770898678443949	0.906914482027349	Ziganshina_2020	GERD
g__Peptostreptococcus	group	GERD	-1.03861669583339	0.558450020986426	26	26	0.0752114828964165	0.906914482027349	Ziganshina_2020	GERD
g__Hornefia	group	GERD	0.572192763840987	0.34155922491208	26	5	0.106870130766021	0.906914482027349	Ziganshina_2020	GERD
g__Gallibacter	group	GERD	-0.245674540893671	0.636251497645321	26	11	0.702803706295198	0.906914482027349	Ziganshina_2020	GERD
g__Anaerovoracaceae..G2.	group	GERD	-0.707448353413284	0.448438366726895	26	6	0.127752809109528	0.906914482027349	Ziganshina_2020	GERD
g__Anaerovoracaceae..G4.	group	GERD	-0.109371205811301	0.349336055609547	26	6	0.756922119808687	0.906914482027349	Ziganshina_2020	GERD
g__Anaerovoracaceae..G1.	group	GERD	-0.567636323456799	0.596275907586709	26	25	0.350602283293819	0.906914482027349	Ziganshina_2020	GERD
g__Mogibacterium	group	GERD	-0.848617533422601	0.679554884311339	26	25	0.223788127107474	0.906914482027349	Ziganshina_2020	GERD
g__Anaerovoracaceae..G5.	group	GERD	-0.614789130543509	0.822623380559204	26	6	0.462111213071241	0.906914482027349	Ziganshina_2020	GERD
g__Ottowia	group	GERD	0.152018365404747	0.189156405390775	26	4	0.429479014075779	0.906914482027349	Ziganshina_2020	GERD
g__Eikenella	group	GERD	0.302651635717639	0.8261895418436	26	15	0.717334184341821	0.906914482027349	Ziganshina_2020	GERD
g__Kingella	group	GERD	-0.344269036345172	0.804190367699451	26	21	0.672399981350031	0.906914482027349	Ziganshina_2020	GERD
Unclassified_f__Neisseriaceae	group	GERD	-0.449609289260612	0.792288306036508	26	5	0.575657286443867	0.906914482027349	Ziganshina_2020	GERD
g__Neisseria	group	GERD	-0.811478331655616	0.846143486015437	26	26	0.347105362263906	0.906914482027349	Ziganshina_2020	GERD
g__Ralstonia	group	GERD	-0.20754412076906	0.196543808452583	26	3	0.301496852977999	0.906914482027349	Ziganshina_2020	GERD
g__Lautropia	group	GERD	0.279998468770973	0.701456952826145	26	21	0.693299922083974	0.906914482027349	Ziganshina_2020	GERD
g__Haemophilus	group	GERD	-0.26945035445632	0.428701215495619	26	26	0.535595096276791	0.906914482027349	Ziganshina_2020	GERD
g__Aggregatibacter	group	GERD	0.435057496578128	0.840233382754641	26	21	0.609350841471868	0.906914482027349	Ziganshina_2020	GERD
Unclassified_f__Pasteurellaceae	group	GERD	-0.33315796122083	0.526191897610625	26	4	0.532623630545487	0.906914482027349	Ziganshina_2020	GERD
g__Cardiobacterium	group	GERD	-1.01299679585135	0.746401798883387	26	23	0.187353342703669	0.906914482027349	Ziganshina_2020	GERD
Unclassified_NA.5	group	GERD	-0.22743319120542	0.20845348222216	26	3	0.286083694554972	0.906914482027349	Ziganshina_2020	GERD
g__Peptococcus	group	GERD	0.248425780048415	0.609283400423773	26	11	0.687083085337445	0.906914482027349	Ziganshina_2020	GERD
g__Campylobacter	group	GERD	-0.167752267020089	0.478110742164703	26	26	0.728750907797308	0.906914482027349	Ziganshina_2020	GERD
g__Fusobacterium	group	GERD	-0.340435113044207	0.485250656021411	26	26	0.489697974904767	0.906914482027349	Ziganshina_2020	GERD
g__Odoribacteraceae..G5.	group	GERD	-0.389049953100707	0.596774946247281	26	9	0.520647310563452	0.906914482027349	Ziganshina_2020	GERD
Unclassified_f__Odoribacteraceae	group	GERD	-0.808308150107046	0.67694080929549	26	8	0.244123193581888	0.906914482027349	Ziganshina_2020	GERD
g__Capnocytophaga	group	GERD	-1.0258715145997	0.642236477328908	26	25	0.12327378445304	0.906914482027349	Ziganshina_2020	GERD
g__Cloacibacterium	group	GERD	-1.03536855875238	1.08340399788223	26	9	0.348770619258177	0.906914482027349	Ziganshina_2020	GERD
g__Riemerella	group	GERD	-0.7479137078756	0.568044733723119	26	22	0.200392716141899	0.906914482027349	Ziganshina_2020	GERD
g__Weeksellaceae..G1.	group	GERD	-0.253710231501665	0.335887630253222	26	8	0.457392880135347	0.906914482027349	Ziganshina_2020	GERD
g__Porphyromonas	group	GERD	-1.13690369810152	0.618547670330737	26	26	0.0784696160700927	0.906914482027349	Ziganshina_2020	GERD
g__Paludibacteraceae..G1.	group	GERD	0.657019895155403	0.752818062576442	26	19	0.391449239678844	0.906914482027349	Ziganshina_2020	GERD
g__Tannerella	group	GERD	0.20019155295441	0.620802928637614	26	21	0.749887551483119	0.906914482027349	Ziganshina_2020	GERD
g__Phocaeicola	group	GERD	-0.191518462912862	0.209022509923747	26	3	0.368647362289629	0.906914482027349	Ziganshina_2020	GERD
g__Hoylesella	group	GERD	-0.61928210808838	0.546368573829061	26	25	0.268220791695371	0.906914482027349	Ziganshina_2020	GERD
Unclassified_f__Prevotellaceae	group	GERD	-0.424745575783833	0.414581604067363	26	3	0.315807755085674	0.906914482027349	Ziganshina_2020	GERD
g__Segatella	group	GERD	0.284268679222733	0.4403845685019	26	26	0.524726458184593	0.906914482027349	Ziganshina_2020	GERD
g__Prevotella	group	GERD	0.167160201186372	0.352774273060842	26	26	0.639892998654718	0.906914482027349	Ziganshina_2020	GERD
g__Cryptobacterium	group	GERD	0.115620894212987	0.421325833184146	26	5	0.786108984591082	0.914278927730932	Ziganshina_2020	GERD
g__Anaeroglobus	group	GERD	-0.077217083469042	0.366507879086742	26	5	0.834912973392848	0.920986475804482	Ziganshina_2020	GERD
g__Metamycoplasma	group	GERD	0.133240052334449	0.59984347291372	26	11	0.826096144182927	0.920986475804482	Ziganshina_2020	GERD
g__Clostridiales..F1.G1.	group	GERD	0.0615888583851295	0.263024370143314	26	3	0.816849500142123	0.920986475804482	Ziganshina_2020	GERD
g__Odoribacteraceae..G3.	group	GERD	0.191448955612828	0.900580044059938	26	11	0.833446665428272	0.920986475804482	Ziganshina_2020	GERD
g__Hallella	group	GERD	0.157055356244895	0.618990338477868	26	15	0.801866524892329	0.920986475804482	Ziganshina_2020	GERD
g__Patescibacteria..C1.O1.F1.G2.	group	GERD	-0.162235795877718	0.878975118294841	26	9	0.855114110283707	0.924214240407643	Ziganshina_2020	GERD
g__Catonella	group	GERD	-0.0854663960827458	0.451796310801806	26	26	0.851550097965798	0.924214240407643	Ziganshina_2020	GERD
Unclassified_NA.4	group	GERD	-0.0642060806618879	0.683705397054151	26	12	0.925961064035894	0.984964622961551	Ziganshina_2020	GERD
g__Alloprevotella	group	GERD	0.0626143666166534	0.702653924224515	26	25	0.929732961860903	0.984964622961551	Ziganshina_2020	GERD
g__Abiotrophia	group	GERD	0.0527822224070962	0.737408376477488	26	18	0.943530890637679	0.989782404884624	Ziganshina_2020	GERD
Unclassified_NA	group	GERD	-0.023290799936898	0.684592608413615	26	9	0.973141459820225	0.991677487626324	Ziganshina_2020	GERD
g__Rothia	group	GERD	0.0170178284388033	0.462650747014933	26	26	0.970962024351426	0.991677487626324	Ziganshina_2020	GERD
g__Fretibacterium	group	GERD	0.0270082172882331	0.761035557602291	26	15	0.971983525359958	0.991677487626324	Ziganshina_2020	GERD
g__Shuttleworthia	group	GERD	-0.0137739650835095	0.684562243530416	26	11	0.98411332619325	0.993397414176205	Ziganshina_2020	GERD
g__Parvimonas	group	GERD	2.44409448812489e-5	1.02721619795851	26	22	0.999981212300752	0.999981212300752	Ziganshina_2020	GERD
g__Rothia	group	GERD	-1.29760425186791	0.364748307944902	60	60	7.5389590656386e-4	0.117607761423962	Qian_2023	GERD
g__Arachnia	group	GERD	-0.539282665247981	0.197906026655038	60	9	0.00848719126870819	0.662000918959239	Qian_2023	GERD
g__Absconditicoccaceae..G1.	group	GERD	1.68691054825913	0.671990286924949	60	56	0.0148734353983339	0.674841514224555	Qian_2023	GERD
g__Streptococcus	group	GERD	-0.532528670599529	0.237410395171564	60	60	0.0287274931295731	0.674841514224555	Qian_2023	GERD
g__Catonella	group	GERD	0.586496390347743	0.255873627385584	60	60	0.0255455346860385	0.674841514224555	Qian_2023	GERD
g__Campylobacter	group	GERD	1.0588392914054	0.459463682670767	60	59	0.0247938345064452	0.674841514224555	Qian_2023	GERD
g__Prevotella	group	GERD	0.561084255638625	0.252645122843674	60	60	0.0302813499972557	0.674841514224555	Qian_2023	GERD
g__Scardovia	group	GERD	-0.433526211896258	0.207422036585367	60	10	0.0410059698752306	0.799616412566997	Qian_2023	GERD
g__Mesorhizobium	group	GERD	0.562618142104204	0.283113795605625	60	9	0.0516239388335822	0.894814939782092	Qian_2023	GERD
g__Segatella	group	GERD	0.572778409983995	0.296676271247154	60	60	0.0584196088727293	0.911345898414578	Qian_2023	GERD
g__Arthrospira	group	GERD	0.30958484443441	0.178334826134007	60	7	0.0878781588769217	0.983409926458838	Qian_2023	GERD
g__Dialister	group	GERD	0.617505431995173	0.38443670527619	60	60	0.113648031933384	0.983409926458838	Qian_2023	GERD
g__Mitsuokella	group	GERD	1.17373618899561	0.702751778005661	60	44	0.100268475513716	0.983409926458838	Qian_2023	GERD
g__Bulleidia	group	GERD	-0.37838518972849	0.22170268260915801	60	9	0.0932226775555288	0.983409926458838	Qian_2023	GERD
g__Abiotrophia	group	GERD	-0.57139583359644	0.335454335773923	60	57	0.093856089668538	0.983409926458838	Qian_2023	GERD
g__Butyrivibrio	group	GERD	0.896619227027818	0.57340017459973	60	51	0.123331056901532	0.983409926458838	Qian_2023	GERD
g__Agathobacter	group	GERD	0.604157255962503	0.401899309043095	60	17	0.138199060370933	0.983409926458838	Qian_2023	GERD
g__Shuttleworthia	group	GERD	-0.710742487479587	0.402695852857684	60	18	0.0828348529342947	0.983409926458838	Qian_2023	GERD
g__Moraxella	group	GERD	0.888004207875806	0.5628659895606	60	23	0.120085666869764	0.983409926458838	Qian_2023	GERD
g__Schaalia	group	GERD	-0.626521997200604	0.407248370577865	60	60	0.129382347207999	0.983409926458838	Qian_2023	GERD
g__Nanoperiomorbus	group	GERD	-0.805533979990373	0.518737311225189	60	46	0.125893177686262	0.983409926458838	Qian_2023	GERD
g__Nanosyncoccus	group	GERD	0.691515805590166	0.460591369066834	60	58	0.138686015269836	0.983409926458838	Qian_2023	GERD
g__Patescibacteria..C1.O1.F1.G2.	group	GERD	0.00802894272794187	0.629553112061768	60	29	0.989868302740959	0.997600273240037	Qian_2023	GERD
g__Patescibacteria..C1.O1.F1.G1.	group	GERD	0.0921386211531339	0.227121537831004	60	9	0.686470593999989	0.997600273240037	Qian_2023	GERD
g__Metamycoplasma	group	GERD	-0.337401120586331	0.442591326103681	60	49	0.448951619374509	0.997600273240037	Qian_2023	GERD
g__Pyramidobacter	group	GERD	-0.19986025010766	0.246871670721914	60	14	0.421495475482519	0.997600273240037	Qian_2023	GERD
g__Fretibacterium	group	GERD	-0.0535634694051275	0.598030246061297	60	42	0.928940292360689	0.997600273240037	Qian_2023	GERD
g__Anaeroglobus	group	GERD	0.150547765077073	0.403751523834023	60	50	0.710602704794715	0.997600273240037	Qian_2023	GERD
g__Megasphaera	group	GERD	0.399519605441575	0.413741016163452	60	59	0.338239891530805	0.997600273240037	Qian_2023	GERD
g__Veillonella	group	GERD	0.111577140405822	0.40773424041898	60	60	0.785324517385181	0.997600273240037	Qian_2023	GERD
Unclassified_f__Selenomonadaceae	group	GERD	0.0850975008452643	0.445417890411382	60	14	0.849152905342353	0.997600273240037	Qian_2023	GERD
g__Selenomonas	group	GERD	0.435902680323478	0.333811764421905	60	59	0.196764795267722	0.997600273240037	Qian_2023	GERD
g__Selenomonadaceae..G1.	group	GERD	-0.053869791130774	0.674604423762573	60	39	0.936628351340321	0.997600273240037	Qian_2023	GERD
g__Peptococcus	group	GERD	-0.251984451385334	0.298635344624371	60	58	0.402255501814884	0.997600273240037	Qian_2023	GERD
g__Mollicutes..O1.F1.G1.	group	GERD	0.285076043513705	0.507195854968376	60	22	0.57623887222299	0.997600273240037	Qian_2023	GERD
g__Mollicutes..O2.F2.G2.	group	GERD	-0.199030618969377	0.289593550295047	60	20	0.494648097838252	0.997600273240037	Qian_2023	GERD
Unclassified_NA	group	GERD	0.549218478014134	0.615501148089686	60	42	0.375913452104558	0.997600273240037	Qian_2023	GERD
g__Erysipelothrix	group	GERD	0.149274811137201	0.48152191597185	60	14	0.757667353577115	0.997600273240037	Qian_2023	GERD
g__Eggerthia	group	GERD	-0.317241228848899	0.26501610250273	60	16	0.236151499831856	0.997600273240037	Qian_2023	GERD
Unclassified_f__Erysipelotrichaceae	group	GERD	-0.177857805055393	0.647227505909548	60	20	0.784446777718091	0.997600273240037	Qian_2023	GERD
g__Solobacterium	group	GERD	0.0144958520954175	0.288662857224853	60	60	0.960121814104166	0.997600273240037	Qian_2023	GERD
g__Erysipelotrichaceae..G1.	group	GERD	0.354968311169818	0.519804302047336	60	24	0.497396095587695	0.997600273240037	Qian_2023	GERD
g__Ligilactobacillus	group	GERD	-0.538084629728447	0.536313383507491	60	54	0.319882398557216	0.997600273240037	Qian_2023	GERD
g__Lactobacillus	group	GERD	-0.0305689677024176	0.769135812618471	60	35	0.968433266817526	0.997600273240037	Qian_2023	GERD
g__Lentilactobacillus	group	GERD	0.16379219474742	0.349294661084725	60	7	0.640882735177114	0.997600273240037	Qian_2023	GERD
g__Limosilactobacillus	group	GERD	-0.732403137875963	0.737444093834114	60	25	0.324755364244352	0.997600273240037	Qian_2023	GERD
Unclassified_NA.2	group	GERD	0.293256127861709	0.366911444082039	60	8	0.427403152784047	0.997600273240037	Qian_2023	GERD
g__Enterococcus	group	GERD	0.618051339467137	0.72104096524285	60	19	0.394881483247943	0.997600273240037	Qian_2023	GERD
g__Granulicatella	group	GERD	-0.324667508584866	0.294587177313471	60	60	0.274966201543307	0.997600273240037	Qian_2023	GERD
g__Gemella	group	GERD	-0.248999570295491	0.267575342541835	60	60	0.355929455600573	0.997600273240037	Qian_2023	GERD
g__Pseudoramibacter	group	GERD	-0.0536506120653204	0.197332610094054	60	7	0.786680452037577	0.997600273240037	Qian_2023	GERD
g__Parvimonas	group	GERD	0.0324908382234971	0.406218578736193	60	59	0.936525614250964	0.997600273240037	Qian_2023	GERD
g__Peptoniphilaceae..G2.	group	GERD	0.288221514586085	0.486265354744006	60	27	0.555669416108676	0.997600273240037	Qian_2023	GERD
Unclassified_f__Anaerovoracaceae	group	GERD	-0.353540668096917	0.577636419591939	60	18	0.542898623473174	0.997600273240037	Qian_2023	GERD
g__Peptostreptococcus	group	GERD	-0.382529944755857	0.36615878941237	60	60	0.30049146411959	0.997600273240037	Qian_2023	GERD
g__Anaerovoracaceae..G5.	group	GERD	0.0574332825463695	0.516192009313402	60	54	0.911791615352228	0.997600273240037	Qian_2023	GERD
g__Hornefia	group	GERD	-0.255374336240653	0.448087757447391	60	38	0.570932778183737	0.997600273240037	Qian_2023	GERD
g__Gallibacter	group	GERD	-0.514732380269488	0.356550296936821	60	22	0.154218555164122	0.997600273240037	Qian_2023	GERD
g__Anaerovoracaceae..G2.	group	GERD	0.071849035347978	0.399967088533639	60	37	0.858063384083702	0.997600273240037	Qian_2023	GERD
g__Mogibacterium	group	GERD	-0.0297665633482534	0.37915886899039	60	32	0.937695119258908	0.997600273240037	Qian_2023	GERD
g__Anaerovoracaceae..G1.	group	GERD	-0.242681614104917	0.291678556318408	60	60	0.408811799590475	0.997600273240037	Qian_2023	GERD
g__Anaerovoracaceae..G4.	group	GERD	-0.258078298378406	0.416243634130956	60	25	0.537674771201831	0.997600273240037	Qian_2023	GERD
g__Filifactor	group	GERD	-0.304810629227034	0.341842059837965	60	60	0.376253681224012	0.997600273240037	Qian_2023	GERD
g__Peptoanaerobacter	group	GERD	0.444376532883944	0.506090587323996	60	51	0.383535576884234	0.997600273240037	Qian_2023	GERD
g__Clostridiales..F3.G1.	group	GERD	-0.113729479008144	0.652529707917549	60	20	0.862244408771813	0.997600273240037	Qian_2023	GERD
g__Lachnospiraceae..G8.	group	GERD	-0.110666352870102	0.337549988474743	60	56	0.744204325065336	0.997600273240037	Qian_2023	GERD
g__Lachnoanaerobaculum	group	GERD	0.149734550143446	0.20429929954215	60	60	0.466560583651805	0.997600273240037	Qian_2023	GERD
g__Moryella	group	GERD	0.348054227730021	0.396020470047855	60	57	0.38309334665302	0.997600273240037	Qian_2023	GERD
g__Stomatobaculum	group	GERD	0.0495294876903277	0.433223476719467	60	54	0.90937280175472	0.997600273240037	Qian_2023	GERD
Unclassified_f__Lachnospiraceae	group	GERD	0.454175239505777	0.687921215413232	60	50	0.511730028270539	0.997600273240037	Qian_2023	GERD
g__Lachnospiraceae..G10.	group	GERD	-0.149619464620805	0.298134466380863	60	10	0.617671256599677	0.997600273240037	Qian_2023	GERD
g__Oribacterium	group	GERD	0.391022295805429	0.295373361288084	60	60	0.190755626870021	0.997600273240037	Qian_2023	GERD
g__Lachnospiraceae..G2.	group	GERD	-0.017787968092259	0.772910012234006	60	50	0.981717877843628	0.997600273240037	Qian_2023	GERD
g__Lachnospiraceae..G3.	group	GERD	0.164758945791445	0.467293427965958	60	47	0.725680385697278	0.997600273240037	Qian_2023	GERD
g__Johnsonella	group	GERD	0.111130482625386	0.259216017772909	60	15	0.66971682414454	0.997600273240037	Qian_2023	GERD
g__Ruminococcaceae..G1.	group	GERD	0.0629107029944711	0.442915057376136	60	60	0.887542351190429	0.997600273240037	Qian_2023	GERD
g__Ruminococcaceae..G2.	group	GERD	0.0819603507050155	0.27404918486222	60	60	0.765954375812135	0.997600273240037	Qian_2023	GERD
g__Ruminococcaceae..G3.	group	GERD	0.00158190906651434	0.523705631670798	60	18	0.997600273240037	0.997600273240037	Qian_2023	GERD
g__Fastidiosipila	group	GERD	0.17155467191861	0.443492960085857	60	19	0.700300580148496	0.997600273240037	Qian_2023	GERD
Unclassified_NA.4	group	GERD	0.401295515515902	0.617249659273679	60	25	0.518172065710128	0.997600273240037	Qian_2023	GERD
Unclassified_NA.5	group	GERD	0.0118370434022406	0.498375893558039	60	32	0.981132564536377	0.997600273240037	Qian_2023	GERD
g__Hominimerdicola	group	GERD	-0.223942570625301	0.578592903043829	60	23	0.700138067874439	0.997600273240037	Qian_2023	GERD
g__Clostridiales..F1.G2.	group	GERD	-0.0674709858311346	0.364850790912439	60	15	0.85393094946641	0.997600273240037	Qian_2023	GERD
g__Anaerovoracaceae..G3.	group	GERD	0.00791897324679474	0.47616029415658	60	14	0.986788153222458	0.997600273240037	Qian_2023	GERD
g__Clostridiales..F1.G1.	group	GERD	0.337838105310389	0.377042832641319	60	50	0.373945687471621	0.997600273240037	Qian_2023	GERD
g__Brevundimonas	group	GERD	0.612200684153364	0.42234306264681	60	15	0.152574357246964	0.997600273240037	Qian_2023	GERD
g__Afipia	group	GERD	-0.0238468131258853	0.29380263506748	60	13	0.935589300148812	0.997600273240037	Qian_2023	GERD
g__Agrobacterium	group	GERD	0.10808783150085	0.250390104882455	60	7	0.667576125422734	0.997600273240037	Qian_2023	GERD
g__Cardiobacterium	group	GERD	0.408267616808523	0.417312478335956	60	52	0.331976305216809	0.997600273240037	Qian_2023	GERD
g__Serratia	group	GERD	-0.338248357019099	0.3354035839625	60	29	0.317412152940009	0.997600273240037	Qian_2023	GERD
g__Enterobacter	group	GERD	-0.565476509594702	0.549985787833589	60	26	0.308140737811287	0.997600273240037	Qian_2023	GERD
g__Klebsiella	group	GERD	0.419826526272559	0.469982263741152	60	10	0.375397949201389	0.997600273240037	Qian_2023	GERD
g__Escherichia	group	GERD	0.500367788843398	0.976098246261669	60	26	0.61016375330817	0.997600273240037	Qian_2023	GERD
g__Haemophilus	group	GERD	0.0278329323825932	0.489968938188704	60	60	0.954895375485945	0.997600273240037	Qian_2023	GERD
g__Aggregatibacter	group	GERD	0.453145116690309	0.533739328477675	60	58	0.399371492441269	0.997600273240037	Qian_2023	GERD
g__Neisseria	group	GERD	0.0280792311145764	0.411127511695735	60	60	0.945783244404902	0.997600273240037	Qian_2023	GERD
g__Eikenella	group	GERD	-0.31017552588918	0.501206577836902	60	43	0.538433273181414	0.997600273240037	Qian_2023	GERD
g__Kingella	group	GERD	0.269520343818826	0.421951007857227	60	51	0.525501355961393	0.997600273240037	Qian_2023	GERD
g__Simonsiella	group	GERD	-0.134811692465261	0.223117151365388	60	8	0.548054135421864	0.997600273240037	Qian_2023	GERD
Unclassified_f__Neisseriaceae	group	GERD	-0.111692563252591	0.365152845784696	60	44	0.760792048318871	0.997600273240037	Qian_2023	GERD
g__Ralstonia	group	GERD	0.312728546999684	0.386902317763148	60	7	0.422227731998679	0.997600273240037	Qian_2023	GERD
g__Lautropia	group	GERD	0.0899844067104989	0.362074877890108	60	60	0.804606652236941	0.997600273240037	Qian_2023	GERD
g__Leptothrix	group	GERD	-0.272139920622583	0.364000752464305	60	12	0.457700589498168	0.997600273240037	Qian_2023	GERD
g__Ottowia	group	GERD	0.156338521855649	0.509676803745978	60	52	0.760139440363572	0.997600273240037	Qian_2023	GERD
g__Pseudomonas	group	GERD	-0.153668436514209	0.389648364736788	60	11	0.694748972935935	0.997600273240037	Qian_2023	GERD
g__Acinetobacter	group	GERD	-0.624641082325817	0.536103932469204	60	25	0.248728264076171	0.997600273240037	Qian_2023	GERD
Unclassified_NA.14	group	GERD	0.0812841480288158	0.233173772172832	60	7	0.728652620947196	0.997600273240037	Qian_2023	GERD
g__Stenotrophomonas	group	GERD	0.0492305740915203	0.387768556602305	60	12	0.899412251037043	0.997600273240037	Qian_2023	GERD
g__Desulfovibrio	group	GERD	-0.128974833162514	0.497086499072798	60	29	0.796197894721791	0.997600273240037	Qian_2023	GERD
g__Mobiluncus	group	GERD	-0.0425421132805826	0.29028582955372	60	9	0.883993455922161	0.997600273240037	Qian_2023	GERD
g__Peptidiphaga	group	GERD	-0.3864395660154	0.396969558256192	60	25	0.334360344247308	0.997600273240037	Qian_2023	GERD
g__Actinomyces	group	GERD	-0.490221343309834	0.48082229498438	60	53	0.312176975200346	0.997600273240037	Qian_2023	GERD
g__Corynebacterium	group	GERD	0.0913314493970685	0.385836515159702	60	58	0.81371563268924	0.997600273240037	Qian_2023	GERD
g__Eggerthella	group	GERD	0.134757073869776	0.266651099279764	60	7	0.615215160077819	0.997600273240037	Qian_2023	GERD
g__Olsenella	group	GERD	0.128307156453826	0.322975273136106	60	9	0.692629388659034	0.997600273240037	Qian_2023	GERD
g__Lancefieldella	group	GERD	-0.109827758171984	0.326426962382462	60	60	0.737742605671804	0.997600273240037	Qian_2023	GERD
g__Bifidobacterium	group	GERD	0.0920681893118096	0.447974425710545	60	12	0.837884672327539	0.997600273240037	Qian_2023	GERD
g__Treponema	group	GERD	0.436466994859904	0.51010652218825	60	60	0.395718542875244	0.997600273240037	Qian_2023	GERD
g__Fusobacterium	group	GERD	0.456416004406553	0.335448722834196	60	60	0.178900097789859	0.997600273240037	Qian_2023	GERD
g__Pseudoleptotrichia	group	GERD	0.0604091579561842	0.358516814824714	60	59	0.866778197247716	0.997600273240037	Qian_2023	GERD
g__Leptotrichia	group	GERD	0.348320700126048	0.288611695846217	60	60	0.232376300154437	0.997600273240037	Qian_2023	GERD
Unclassified_f__Leptotrichiaceae	group	GERD	0.14521424290549	0.228750489916494	60	10	0.528045426558664	0.997600273240037	Qian_2023	GERD
g__Sneathia	group	GERD	-0.121972847114418	0.791611788895303	60	32	0.878080251266174	0.997600273240037	Qian_2023	GERD
g__Faecalibacterium	group	GERD	-0.0384452987896138	0.433567057439385	60	13	0.929647982823731	0.997600273240037	Qian_2023	GERD
g__Helicobacter	group	GERD	0.417268414050164	0.437868341030852	60	20	0.344568053476144	0.997600273240037	Qian_2023	GERD
g__Nanogingivalis	group	GERD	0.19825317235284	0.476764888451123	60	45	0.679068935504741	0.997600273240037	Qian_2023	GERD
g__Saccharimonadales..F1.G1.	group	GERD	-0.06631931022167	0.295261243664549	60	18	0.823070318640197	0.997600273240037	Qian_2023	GERD
g__Parvisynbacter	group	GERD	0.272846843806495	0.492215482059009	60	18	0.581488332872447	0.997600273240037	Qian_2023	GERD
Unclassified_NA.18	group	GERD	-0.183295771121283	0.589896793317152	60	20	0.757123516882415	0.997600273240037	Qian_2023	GERD
g__Nanosynbacter	group	GERD	0.318947137709699	0.37378899586386	60	60	0.397013594420776	0.997600273240037	Qian_2023	GERD
g__Saccharimonas	group	GERD	-0.103302193691547	0.473112560402929	60	37	0.827926050695559	0.997600273240037	Qian_2023	GERD
g__Saccharimonadales..F3.G1.	group	GERD	-0.308083531093109	0.379463565338857	60	10	0.420173144753949	0.997600273240037	Qian_2023	GERD
g__Bacteroides	group	GERD	0.293440815744067	0.615949972920069	60	56	0.63557670469291	0.997600273240037	Qian_2023	GERD
g__Phocaeicola	group	GERD	0.43395965989998	0.667134244773897	60	37	0.517948665547011	0.997600273240037	Qian_2023	GERD
Unclassified_f__Prevotellaceae	group	GERD	0.245802918463365	0.858115178681091	60	43	0.775557931763105	0.997600273240037	Qian_2023	GERD
g__Hoylesella	group	GERD	-0.283594620494465	0.263323404690316	60	60	0.285947465749088	0.997600273240037	Qian_2023	GERD
g__Hallella	group	GERD	0.522503458590054	0.633102891076368	60	53	0.412579722004083	0.997600273240037	Qian_2023	GERD
g__Alloprevotella	group	GERD	0.401924384010916	0.518713462454094	60	60	0.441576696696267	0.997600273240037	Qian_2023	GERD
g__Tannerella	group	GERD	0.0918085543454906	0.308775786886689	60	60	0.767276304190731	0.997600273240037	Qian_2023	GERD
g__Parabacteroides	group	GERD	-0.14702208782713	0.524632559013919	60	21	0.780291872555166	0.997600273240037	Qian_2023	GERD
g__Paludibacteraceae..G1.	group	GERD	0.215315793846063	0.315673144389459	60	60	0.497900426076361	0.997600273240037	Qian_2023	GERD
g__Alistipes	group	GERD	0.0032172133636467	0.51352920294578	60	20	0.99502285809106	0.997600273240037	Qian_2023	GERD
g__Porphyromonas	group	GERD	-0.0885881793286501	0.254636940707748	60	60	0.729174807313355	0.997600273240037	Qian_2023	GERD
g__Odoribacteraceae..G3.	group	GERD	0.157765772688094	0.451725770130401	60	51	0.728165563880823	0.997600273240037	Qian_2023	GERD
g__Capnocytophaga	group	GERD	0.14007546045143	0.393260744384089	60	60	0.72299085835229	0.997600273240037	Qian_2023	GERD
g__Weeksellaceae..G1.	group	GERD	0.372370716990662	0.545103899701623	60	31	0.49725156384452	0.997600273240037	Qian_2023	GERD
g__Riemerella	group	GERD	0.202526623060718	0.312059714643042	60	51	0.518900354817253	0.997600273240037	Qian_2023	GERD
g__Cloacibacterium	group	GERD	-0.245822586512506	0.465597203970252	60	14	0.59953257467808	0.997600273240037	Qian_2023	GERD
g__Pedobacter	group	GERD	-0.131470396739679	0.330956898246606	60	8	0.692646203746789	0.997600273240037	Qian_2023	GERD
Unclassified_NA.19	group	GERD	-0.0309804930673969	0.459945748472759	60	18	0.946529288189812	0.997600273240037	Qian_2023	GERD
g__Odoribacteraceae..G5.	group	GERD	-0.476842418943199	0.420412353524412	60	35	0.26136612052513	0.997600273240037	Qian_2023	GERD
Unclassified_f__Odoribacteraceae	group	GERD	0.0312282773374362	0.371262034213143	60	22	0.933255573355768	0.997600273240037	Qian_2023	GERD
g__Odoribacteraceae..G7.	group	GERD	0.270450635082718	0.837493582090856	60	41	0.747910650572101	0.997600273240037	Qian_2023	GERD
Unclassified_NA.20	group	GERD	-0.212214526385272	0.705699748103207	60	32	0.764707138732189	0.997600273240037	Qian_2023	GERD
g__Odoribacter	group	GERD	-0.0170919995545537	0.279294296171639	60	13	0.951412637467813	0.997600273240037	Qian_2023	GERD
Unclassified_NA.21	group	GERD	0.308331312965067	0.359126120920842	60	60	0.394117674987669	0.997600273240037	Qian_2023	GERD
g__Riemerella	group	IBS-D	-2.53096329515513	0.646370136022819	35	28	4.2719638809358e-4	0.0359966743282201	Li_2025	IBS-D
g__Streptococcus	group	IBS-D	-1.00126598582845	0.271822823003122	35	35	8.1810623473227e-4	0.0359966743282201	Li_2025	IBS-D
g__Prevotella	group	IBS-D	1.19708628940178	0.347619121843464	35	35	0.00157987411400385	0.0463429740107796	Li_2025	IBS-D
g__Granulicatella	group	IBS-D	-1.22585728609662	0.368249178019926	35	35	0.00215291816011916	0.0473641995226216	Li_2025	IBS-D
g__Segatella	group	IBS-D	2.04716764602734	0.651795071758569	35	34	0.00354376302671644	0.0623702292702093	Li_2025	IBS-D
g__Gemella	group	IBS-D	-1.42137945767089	0.482785329821127	35	35	0.00589247994289135	0.0864230391624064	Li_2025	IBS-D
g__Lancefieldella	group	IBS-D	1.30469763187487	0.496035057795798	35	34	0.0128632560233208	0.151012391071692	Li_2025	IBS-D
g__Veillonella	group	IBS-D	1.02217816534684	0.392645810359077	35	35	0.0137283991883356	0.151012391071692	Li_2025	IBS-D
g__Porphyromonas	group	IBS-D	-2.25456347282899	0.91210052361252	35	34	0.0187720178351936	0.151889191103341	Li_2025	IBS-D
g__Nanosynbacter	group	IBS-D	1.47283915483195	0.594699370259482	35	35	0.0185625040454016	0.151889191103341	Li_2025	IBS-D
g__Haemophilus	group	IBS-D	-1.37546885706258	0.557545616794383	35	35	0.0189861488879176	0.151889191103341	Li_2025	IBS-D
g__Enterobacter	group	IBS-D	-0.825213039891159	0.346354369347421	35	4	0.0231086269664123	0.169463264420357	Li_2025	IBS-D
g__Catonella	group	IBS-D	-1.39078626671455	0.592630620401186	35	32	0.0250881346071592	0.169827372725385	Li_2025	IBS-D
g__Parvimonas	group	IBS-D	-2.32953136457356	1.03195345376558	35	29	0.0307235853954129	0.193119679628309	Li_2025	IBS-D
g__Rothia	group	IBS-D	-0.980218601614359	0.483278647744206	35	35	0.0506674906393446	0.266355752862657	Li_2025	IBS-D
g__Acinetobacter	group	IBS-D	-0.715281321806499	0.363441903852624	35	4	0.0575086284589828	0.266355752862657	Li_2025	IBS-D
g__Megasphaera	group	IBS-D	1.99344223919001	0.998049922405657	35	27	0.0540884768849326	0.266355752862657	Li_2025	IBS-D
g__Dialister	group	IBS-D	1.31470285223684	0.648640400460048	35	17	0.0508190689769157	0.266355752862657	Li_2025	IBS-D
g__Abiotrophia	group	IBS-D	-1.41210274520329	0.71226243703171	35	11	0.0557929058964241	0.266355752862657	Li_2025	IBS-D
g__Hallella	group	IBS-D	0.842053491122257	0.466180652964594	35	16	0.0800021189460988	0.270776402586796	Li_2025	IBS-D
g__Shuttleworthia	group	IBS-D	0.619888252324037	0.342249360810923	35	6	0.0792183453534023	0.270776402586796	Li_2025	IBS-D
g__Moryella	group	IBS-D	-1.14272919557058	0.598114309159737	35	33	0.0647831470235519	0.270776402586796	Li_2025	IBS-D
g__Stomatobaculum	group	IBS-D	1.79552713398835	0.985620835083364	35	18	0.0775723995794332	0.270776402586796	Li_2025	IBS-D
g__Peptococcus	group	IBS-D	-1.02156829341287	0.556426665199273	35	28	0.0753902842467032	0.270776402586796	Li_2025	IBS-D
g__Neisseria	group	IBS-D	-1.18929759113841	0.651823779591698	35	35	0.0771312909890269	0.270776402586796	Li_2025	IBS-D
g__Anaerovoracaceae..G5.	group	IBS-D	-1.28460195486399	0.700127556650725	35	26	0.0755621593342967	0.270776402586796	Li_2025	IBS-D
g__Fusobacterium	group	IBS-D	-1.27625760590745	0.726282828417854	35	35	0.0881511494525305	0.287307450067507	Li_2025	IBS-D
g__Hornefia	group	IBS-D	-0.385399992198403	0.223381272509692	35	5	0.093828073166056	0.294888229950462	Li_2025	IBS-D
g__Nanogingivalis	group	IBS-D	-1.42161397077595	0.866840044245097	35	25	0.110505543612135	0.335327166823029	Li_2025	IBS-D
g__Oribacterium	group	IBS-D	-0.608707373444126	0.379577888747787	35	35	0.118322418916556	0.347079095488563	Li_2025	IBS-D
g__Campylobacter	group	IBS-D	1.16595095904031	0.753204524848839	35	27	0.131163235932904	0.372334347164372	Li_2025	IBS-D
Unclassified_f__Odoribacteraceae	group	IBS-D	-0.374886492098666	0.248760243846033	35	4	0.141319800144661	0.388629450397817	Li_2025	IBS-D
Unclassified_NA	group	IBS-D	0.619184022409662	0.421936013095908	35	27	0.151711612947498	0.404564301193329	Li_2025	IBS-D
g__Schaalia	group	IBS-D	0.363045637160142	0.262965548556883	35	35	0.176687515713687	0.457308864200131	Li_2025	IBS-D
g__Actinomyces	group	IBS-D	0.568101407285869	0.441364319360647	35	35	0.206997803628304	0.496583596790312	Li_2025	IBS-D
g__Treponema	group	IBS-D	-0.74193007331632	0.578747373309162	35	18	0.208790830468654	0.496583596790312	Li_2025	IBS-D
g__Lautropia	group	IBS-D	-0.854658851436551	0.662386480330258	35	19	0.205924286671356	0.496583596790312	Li_2025	IBS-D
g__Hoylesella	group	IBS-D	-0.837054330923017	0.731768006311998	35	34	0.260903641303207	0.604197906175848	Li_2025	IBS-D
g__Kocuria	group	IBS-D	0.442727217423718	0.409248995490704	35	16	0.287181802606516	0.647999964855728	Li_2025	IBS-D
g__Mogibacterium	group	IBS-D	0.694174671560417	0.679235601721434	35	31	0.314217836812288	0.691279240987033	Li_2025	IBS-D
g__Olsenella	group	IBS-D	0.371424872878734	0.390482002821646	35	7	0.348420116691012	0.713045820204862	Li_2025	IBS-D
g__Eikenella	group	IBS-D	0.516050012591052	0.536513618114243	35	8	0.34311628821417	0.713045820204862	Li_2025	IBS-D
g__Desulfobulbus	group	IBS-D	-0.258639712173274	0.271447530673525	35	4	0.347610417521808	0.713045820204862	Li_2025	IBS-D
g__Lachnospiraceae..G8.	group	IBS-D	-0.398252451613044	0.517853569766892	35	15	0.447336448822876	0.860231220935525	Li_2025	IBS-D
g__Nanosyncoccus	group	IBS-D	-0.481261399950535	0.609657204843963	35	30	0.435515566995145	0.860231220935525	Li_2025	IBS-D
g__Selenomonadaceae..G1.	group	IBS-D	0.210842272503666	0.275585178304864	35	6	0.449666320034479	0.860231220935525	Li_2025	IBS-D
Unclassified_f__Pasteurellaceae	group	IBS-D	-0.233526134839385	0.315443571839413	35	9	0.464346646008159	0.869414996781234	Li_2025	IBS-D
g__Butyrivibrio	group	IBS-D	-0.438450161634894	0.687168707747196	35	22	0.527842232054514	0.922153257801299	Li_2025	IBS-D
g__Aggregatibacter	group	IBS-D	-0.399743932348872	0.636371160380522	35	23	0.534221608785321	0.922153257801299	Li_2025	IBS-D
g__Enterococcus	group	IBS-D	-0.243815828437109	0.388340726634796	35	13	0.534429728953026	0.922153257801299	Li_2025	IBS-D
g__Selenomonas	group	IBS-D	0.578424906690351	0.906561554013301	35	30	0.52784900613272	0.922153257801299	Li_2025	IBS-D
Unclassified_f__Lachnospiraceae	group	IBS-D	0.287620266382769	0.494404333849118	35	12	0.564687605419063	0.929592122228951	Li_2025	IBS-D
g__Pseudoleptotrichia	group	IBS-D	-0.435067581738951	0.802922582554781	35	34	0.591558623236605	0.929592122228951	Li_2025	IBS-D
g__Leptotrichia	group	IBS-D	0.404216850178173	0.733237664342969	35	35	0.585157637196575	0.929592122228951	Li_2025	IBS-D
g__Arachnia	group	IBS-D	0.213537125160382	0.384026167726123	35	8	0.581928740893559	0.929592122228951	Li_2025	IBS-D
g__Peptoanaerobacter	group	IBS-D	-0.404968927482188	0.711315528130094	35	24	0.572991529656486	0.929592122228951	Li_2025	IBS-D
g__Capnocytophaga	group	IBS-D	-0.466878192582194	0.918706963497771	35	33	0.614700186889594	0.949010814847093	Li_2025	IBS-D
g__Alloprevotella	group	IBS-D	-0.277733283444164	0.593226567083145	35	34	0.642737731437021	0.958659667228099	Li_2025	IBS-D
g__Lachnospiraceae..G2.	group	IBS-D	-0.44101558414349	0.922365165383044	35	27	0.635706096371408	0.958659667228099	Li_2025	IBS-D
Unclassified_f__Prevotellaceae	group	IBS-D	0.15897331647689	0.742763992392186	35	12	0.831841131260092	0.963184467774844	Li_2025	IBS-D
g__Tannerella	group	IBS-D	0.412249064596273	0.96964704285447	35	26	0.673484249709921	0.963184467774844	Li_2025	IBS-D
g__Paludibacteraceae..G1.	group	IBS-D	0.116179771464303	0.512769419144644	35	9	0.822153336667669	0.963184467774844	Li_2025	IBS-D
g__Odoribacteraceae..G5.	group	IBS-D	-0.122725441080677	0.341898721393867	35	5	0.721917062625385	0.963184467774844	Li_2025	IBS-D
Unclassified_NA.4	group	IBS-D	0.0855147994847395	0.343732080953372	35	4	0.805070268480229	0.963184467774844	Li_2025	IBS-D
Unclassified_f__Leptotrichiaceae	group	IBS-D	-0.144399390094681	0.328152886708582	35	6	0.6627790794189	0.963184467774844	Li_2025	IBS-D
g__Lachnospiraceae..G3.	group	IBS-D	-0.350715201712249	1.02851738826095	35	20	0.735271898524506	0.963184467774844	Li_2025	IBS-D
g__Peptidiphaga	group	IBS-D	0.105912399266878	0.458597176840115	35	9	0.81878060881353	0.963184467774844	Li_2025	IBS-D
g__Absconditicoccaceae..G1.	group	IBS-D	0.316753259418087	1.0916205246725	35	27	0.773503394595386	0.963184467774844	Li_2025	IBS-D
g__Patescibacteria..C1.O1.F1.G2.	group	IBS-D	-0.156372923660839	0.62732077445564	35	8	0.80469614632235	0.963184467774844	Li_2025	IBS-D
g__Ottowia	group	IBS-D	-0.0790927249909199	0.210958429025241	35	4	0.710118128644667	0.963184467774844	Li_2025	IBS-D
g__Fretibacterium	group	IBS-D	0.0812138149652889	0.260183627271987	35	7	0.756897662121035	0.963184467774844	Li_2025	IBS-D
Unclassified_NA.8	group	IBS-D	-0.0971560753891439	0.261569691480567	35	4	0.712687959926732	0.963184467774844	Li_2025	IBS-D
g__Anaerovoracaceae..G1.	group	IBS-D	0.159430227187291	0.439944686639497	35	35	0.719373451402067	0.963184467774844	Li_2025	IBS-D
g__Anaerovoracaceae..G2.	group	IBS-D	-0.180157840309949	0.584687664500211	35	23	0.759922571746741	0.963184467774844	Li_2025	IBS-D
g__Gallibacter	group	IBS-D	0.108000821538799	0.422873876497607	35	10	0.800001454944788	0.963184467774844	Li_2025	IBS-D
g__Filifactor	group	IBS-D	-0.258703411511791	0.910659093001061	35	22	0.778121171849725	0.963184467774844	Li_2025	IBS-D
Unclassified_NA.1	group	IBS-D	-0.113900700042129	0.745596704615905	35	19	0.879514260351126	0.967260741089965	Li_2025	IBS-D
g__Ruminococcaceae..G2.	group	IBS-D	-0.112386038366413	0.636457904339497	35	33	0.860917195571154	0.967260741089965	Li_2025	IBS-D
g__Lachnoanaerobaculum	group	IBS-D	-0.0717135132991149	0.485182482941032	35	35	0.883394281609306	0.967260741089965	Li_2025	IBS-D
g__Moraxella	group	IBS-D	0.116429031849328	0.67354523906072	35	8	0.863817352805764	0.967260741089965	Li_2025	IBS-D
g__Cardiobacterium	group	IBS-D	-0.0618981470929397	0.445410852585295	35	16	0.89031954577599	0.967260741089965	Li_2025	IBS-D
g__Peptostreptococcus	group	IBS-D	-0.0342624139551019	0.592078267871416	35	35	0.954202726427072	0.983984540799434	Li_2025	IBS-D
g__Nanoperiomorbus	group	IBS-D	0.0111831452561139	0.552897360442646	35	14	0.983984540799434	0.983984540799434	Li_2025	IBS-D
g__Saccharimonas	group	IBS-D	0.0507614944008634	0.583794149269374	35	14	0.931235922975137	0.983984540799434	Li_2025	IBS-D
g__Ruminococcaceae..G1.	group	IBS-D	-0.0357262585405123	0.65851683187441	35	25	0.957061026378844	0.983984540799434	Li_2025	IBS-D
g__Corynebacterium	group	IBS-D	-0.0219005546143878	0.886542056236127	35	26	0.980440366312544	0.983984540799434	Li_2025	IBS-D
g__Solobacterium	group	IBS-D	0.0186882456019103	0.362774600552849	35	35	0.959225912655122	0.983984540799434	Li_2025	IBS-D
g__Kingella	group	IBS-D	0.0264693397864085	0.567797626166187	35	11	0.963099015700667	0.983984540799434	Li_2025	IBS-D
g__Selenomonas	group	LPRD	-2.72204540125215	0.354738089470482	151	145	2.02635258711288e-12	4.53902979513286e-10	Zheng_2024	LPRD
g__Veillonella	group	LPRD	-2.39870885532392	0.322022853756503	151	151	7.0537979528911e-12	7.900253707238031e-10	Zheng_2024	LPRD
g__Alloprevotella	group	LPRD	-1.32514131331814	0.18460388014542	151	151	3.1051026853770394e-11	2.3184766717481903e-9	Zheng_2024	LPRD
g__Megasphaera	group	LPRD	-2.91036619943009	0.412809302477927	151	131	6.21125992067991e-11	3.47830555558075e-9	Zheng_2024	LPRD
g__Dialister	group	LPRD	-2.1274729937006	0.341466198558786	151	137	4.523883157314031e-9	2.02669965447669e-7	Zheng_2024	LPRD
g__Peptococcus	group	LPRD	-2.15055554090498	0.368016915734498	151	131	3.0987261177415e-8	1.15685775062349e-6	Zheng_2024	LPRD
g__Moraxella	group	LPRD	-3.19702900873246	0.589076276789898	151	116	2.26932213778529e-7	7.26183084091292e-6	Zheng_2024	LPRD
g__Treponema	group	LPRD	-2.25644823099007	0.436908469604157	151	134	7.60324541858395e-7	2.12890871720351e-5	Zheng_2024	LPRD
g__Mitsuokella	group	LPRD	-2.02340865374966	0.422140677349568	151	54	3.93516820866399e-6	9.79419643045261e-5	Zheng_2024	LPRD
Unclassified_NA.8	group	LPRD	1.39802411574388	0.303882512520003	151	32	8.94268818231585e-6	1.8891600252255e-4	Zheng_2024	LPRD
g__Haemophilus	group	LPRD	-2.95275996620773	0.643050906732568	151	144	9.27712512387561e-6	1.8891600252255e-4	Zheng_2024	LPRD
g__Neisseria	group	LPRD	-2.216642689237	0.488207301428193	151	151	1.15022933851386e-5	2.1470947652258e-4	Zheng_2024	LPRD
g__Eggerthia	group	LPRD	1.38155607126965	0.317418957396268	151	43	2.48785764457957e-5	4.2867700952755e-4	Zheng_2024	LPRD
g__Lautropia	group	LPRD	-1.58108344284877	0.383859552948824	151	126	6.288223655953e-5	0.00100611578495248	Zheng_2024	LPRD
g__Parabacteroides	group	LPRD	1.7532146051019	0.430321849450674	151	63	7.47912921617103e-5	0.00111688329628154	Zheng_2024	LPRD
g__Granulicatella	group	LPRD	-2.08744589498151	0.525466663058527	151	129	1.1037841529738e-4	0.00154529781416335	Zheng_2024	LPRD
g__Aggregatibacter	group	LPRD	-1.87637258623984	0.474459067839748	151	146	1.1807721723303e-4	0.00155584098001178	Zheng_2024	LPRD
g__Streptococcus	group	LPRD	-1.43330547351474	0.367157267567572	151	151	1.4306118881318e-4	0.00168661612074493	Zheng_2024	LPRD
g__Sneathia	group	LPRD	-1.75535595535872	0.448983787011814	151	114	1.3996821542947e-4	0.00168661612074493	Zheng_2024	LPRD
g__Achromobacter	group	LPRD	-0.832685443111029	0.216903758366413	151	40	1.8214784858357e-4	0.00204005590413608	Zheng_2024	LPRD
g__Moryella	group	LPRD	-0.749823185363576	0.198668667534505	151	142	2.3115108864333e-4	0.00246561161219556	Zheng_2024	LPRD
g__Gemella	group	LPRD	-1.49827280070546	0.404470661545325	151	140	2.980656678709e-4	0.00303485043650371	Zheng_2024	LPRD
g__Rothia	group	LPRD	0.713285992057565	0.201891141513565	151	151	5.4735379942441e-4	0.00454100929892844	Zheng_2024	LPRD
g__Erysipelotrichaceae..G1.	group	LPRD	1.09248100171158	0.308249283800291	151	41	5.2649873373245e-4	0.00454100929892844	Zheng_2024	LPRD
g__Agathobacter	group	LPRD	1.80113545103994	0.506073954700978	151	107	4.9975737788849e-4	0.00454100929892844	Zheng_2024	LPRD
g__Odoribacteraceae..G3.	group	LPRD	1.27393595039081	0.358874659512595	151	124	5.1617820414514e-4	0.00454100929892844	Zheng_2024	LPRD
g__Porphyromonas	group	LPRD	0.723029140804273	0.204183827380557	151	151	5.3219297513843e-4	0.00454100929892844	Zheng_2024	LPRD
g__Nanogingivalis	group	LPRD	1.68806597455754	0.506385673551174	151	124	0.00108180743255252	0.00865445946042013	Zheng_2024	LPRD
g__Peptostreptococcus	group	LPRD	0.836355060695442	0.253095531478095	151	151	0.00119177921058705	0.00912482576911754	Zheng_2024	LPRD
g__Clostridiales..F1.G2.	group	LPRD	1.46589987820693	0.44462445900532	151	86	0.00122207487979253	0.00912482576911754	Zheng_2024	LPRD
g__Desulfovibrio	group	LPRD	-1.38146064285014	0.421859001968258	151	123	0.00131537101865615	0.00950461639287021	Zheng_2024	LPRD
g__Campylobacter	group	LPRD	-0.881408925806431	0.275722358170486	151	151	0.00169745086047901	0.0118821560233531	Zheng_2024	LPRD
Unclassified_f__Selenomonadaceae	group	LPRD	1.33132167450038	0.417849990542499	151	112	0.00175673253189392	0.0119244874892193	Zheng_2024	LPRD
Unclassified_NA.13	group	LPRD	1.22702459136443	0.391704168341464	151	39	0.00208691976821532	0.013749118472948	Zheng_2024	LPRD
Unclassified_f__Odoribacteraceae	group	LPRD	-0.895236264670456	0.291933306202454	151	68	0.00257197163126107	0.0164012193961706	Zheng_2024	LPRD
g__Cloacibacterium	group	LPRD	1.13460959951348	0.370937742038346	151	40	0.00263591026009885	0.0164012193961706	Zheng_2024	LPRD
g__Ralstonia	group	LPRD	-1.62669876806767	0.538998419276493	151	114	0.00299366601394421	0.0181238158682028	Zheng_2024	LPRD
Unclassified_NA.14	group	LPRD	0.424987089037702	0.141906334476886	151	16	0.00321639086139255	0.0186082456316406	Zheng_2024	LPRD
g__Eikenella	group	LPRD	-1.06785148655941	0.356843600321465	151	96	0.00323982848050886	0.0186082456316406	Zheng_2024	LPRD
g__Faecalibacterium	group	LPRD	1.52508550775311	0.521013193731217	151	99	0.00395764737763449	0.0216222685997591	Zheng_2024	LPRD
g__Capnocytophaga	group	LPRD	1.02831933784013	0.350363589064651	151	151	0.00386425332619029	0.0216222685997591	Zheng_2024	LPRD
g__Lachnoanaerobaculum	group	LPRD	-0.586771255522637	0.203176426157627	151	151	0.00445508893178036	0.0237604743028286	Zheng_2024	LPRD
g__Peptidiphaga	group	LPRD	0.472786002753497	0.172380469108024	151	28	0.00684144182077455	0.0356391387872907	Zheng_2024	LPRD
g__Nanosynbacter	group	LPRD	-0.785161890565332	0.291979180786416	151	149	0.007981085721068	0.0406309818527098	Zheng_2024	LPRD
Unclassified_f__Lachnospiraceae	group	LPRD	0.918731305646066	0.347787815293821	151	148	0.00913092351246931	0.0454517081509584	Zheng_2024	LPRD
g__Hominimerdicola	group	LPRD	1.12788300227743	0.429099861073496	151	83	0.00947511479897898	0.0461396894558976	Zheng_2024	LPRD
g__Gallibacter	group	LPRD	0.854120284740182	0.328056934245334	151	98	0.0101590089252686	0.0484174042395782	Zheng_2024	LPRD
g__Ligilactobacillus	group	LPRD	-0.907746547610896	0.359842516898391	151	61	0.0126982184095039	0.0592583525776849	Zheng_2024	LPRD
g__Arthrospira	group	LPRD	0.973247592191505	0.395427325376062	151	57	0.0149865577760651	0.0685099784048689	Zheng_2024	LPRD
g__Patescibacteria..C1.O1.F1.G2.	group	LPRD	0.582283773324716	0.245887970297937	151	28	0.0191639710833941	0.0858545904536054	Zheng_2024	LPRD
g__Ottowia	group	LPRD	-0.948297103569718	0.411198102906508	151	95	0.0224793827053788	0.098732975019703	Zheng_2024	LPRD
g__Anaerovoracaceae..G2.	group	LPRD	0.807886791238613	0.357813528702983	151	107	0.0254083037190926	0.109451154482245	Zheng_2024	LPRD
g__Brucella	group	LPRD	-0.500081327354955	0.224875422565597	151	42	0.0276653372691036	0.116925199024136	Zheng_2024	LPRD
Unclassified_NA.11	group	LPRD	0.887667713301035	0.403376007934685	151	146	0.0293038926662693	0.117236453250633	Zheng_2024	LPRD
g__Lachnospiraceae..G10.	group	LPRD	0.86428106321143	0.392761470508111	151	38	0.0293091133126582	0.117236453250633	Zheng_2024	LPRD
g__Escherichia	group	LPRD	-0.727417483857781	0.329791856170277	151	62	0.0289376135099648	0.117236453250633	Zheng_2024	LPRD
g__Actinomyces	group	LPRD	0.636284976352177	0.297861789056796	151	138	0.0342988780307773	0.132464632394726	Zheng_2024	LPRD
g__Lachnospiraceae..G2.	group	LPRD	0.805357371288982	0.376128297169482	151	135	0.0338862878563947	0.132464632394726	Zheng_2024	LPRD
g__Arachnia	group	LPRD	-0.411964895178	0.195694255431527	151	35	0.0369564368616498	0.139051044858218	Zheng_2024	LPRD
g__Metamycoplasma	group	LPRD	0.726620436059509	0.345929188838187	151	82	0.0373701652583663	0.139051044858218	Zheng_2024	LPRD
g__Abiotrophia	group	LPRD	-0.6029056939154	0.287788669404936	151	65	0.0378665791801397	0.139051044858218	Zheng_2024	LPRD
g__Anaerovoracaceae..G1.	group	LPRD	0.439949717027227	0.211503487230363	151	147	0.0392282967259486	0.139478388358928	Zheng_2024	LPRD
Unclassified_f__Anaerovoracaceae	group	LPRD	0.66940157389182	0.321260921164559	151	149	0.0388978582459423	0.139478388358928	Zheng_2024	LPRD
Unclassified_f__Neisseriaceae	group	LPRD	-0.680317073653158	0.329048929673492	151	86	0.0404142856561735	0.141449999796607	Zheng_2024	LPRD
g__Simonsiella	group	LPRD	-0.650381957757401	0.322581980343038	151	44	0.0455786709955413	0.157071112353866	Zheng_2024	LPRD
g__Bulleidia	group	LPRD	0.495135834763457	0.247404380209252	151	39	0.0471734666091822	0.160103886673588	Zheng_2024	LPRD
g__Weeksellaceae..G1.	group	LPRD	0.845416972741086	0.436848010878176	151	81	0.0548516075683812	0.183384479034588	Zheng_2024	LPRD
g__Kingella	group	LPRD	-0.855169948463999	0.444468960547762	151	125	0.0562576077349922	0.185319178421151	Zheng_2024	LPRD
g__Bifidobacterium	group	LPRD	0.877206406876054	0.457736010319923	151	84	0.0572284624319337	0.18578515340222	Zheng_2024	LPRD
Unclassified_f__Erysipelotrichaceae	group	LPRD	-1.05084762405482	0.552296713332223	151	78	0.0590105323610815	0.186174073927919	Zheng_2024	LPRD
g__Oribacterium	group	LPRD	0.310179762136991	0.162659599394042	151	151	0.058454870057812	0.186174073927919	Zheng_2024	LPRD
g__Paludibacteraceae..G1.	group	LPRD	0.543262337338824	0.290046249976959	151	142	0.0630246746523112	0.193390782494763	Zheng_2024	LPRD
g__Saccharimonas	group	LPRD	-0.580640681866016	0.309611653746163	151	53	0.0626966440250792	0.193390782494763	Zheng_2024	LPRD
g__Solobacterium	group	LPRD	0.286831045219449	0.155274280583189	151	151	0.0666935609643729	0.201727286888231	Zheng_2024	LPRD
g__Lactobacillus	group	LPRD	-1.12968587366536	0.613472922840005	151	65	0.0675426183777559	0.201727286888231	Zheng_2024	LPRD
g__Kluyvera	group	LPRD	-0.290614869815735	0.164740308476926	151	18	0.0797680581945263	0.235105855731235	Zheng_2024	LPRD
g__Clostridiales..F3.G1.	group	LPRD	0.574044993014395	0.344507187310273	151	149	0.0977587928094495	0.282656346467287	Zheng_2024	LPRD
g__Delftia	group	LPRD	-0.352400557838238	0.21191317670046	151	22	0.0984249777877159	0.282656346467287	Zheng_2024	LPRD
g__Cutibacterium	group	LPRD	-0.242533211098164	0.147209619194349	151	22	0.101555106705971	0.284425301310934	Zheng_2024	LPRD
g__Fusobacterium	group	LPRD	0.370806426626147	0.225926317768233	151	151	0.102850220563329	0.284425301310934	Zheng_2024	LPRD
Unclassified_f__Prevotellaceae	group	LPRD	0.813509030621238	0.495514407691755	151	101	0.102751569891469	0.284425301310934	Zheng_2024	LPRD
Unclassified_NA.23	group	LPRD	0.547351777166692	0.339495419425339	151	149	0.109023502278542	0.297820298907236	Zheng_2024	LPRD
Unclassified_NA.1	group	LPRD	0.67562038614438	0.428762855154548	151	151	0.117205734430278	0.314475627825433	Zheng_2024	LPRD
g__Anaeroglobus	group	LPRD	-0.626845629339293	0.398600070159352	151	91	0.117928360434537	0.314475627825433	Zheng_2024	LPRD
g__Ruminococcaceae..G3.	group	LPRD	0.769704759583998	0.503594688205481	151	117	0.128528147952472	0.33495333217825	Zheng_2024	LPRD
g__Ruminococcaceae..G1.	group	LPRD	-0.623658485764613	0.40811635201415303	151	144	0.128598154318435	0.33495333217825	Zheng_2024	LPRD
g__Ignavibacterium	group	LPRD	-0.251086817135354	0.166990299145152	151	25	0.134800705950144	0.347073081986579	Zheng_2024	LPRD
g__Paracoccus	group	LPRD	-0.211466763453668	0.142522327412635	151	17	0.139988903416308	0.356335390514239	Zheng_2024	LPRD
g__Enterobacter	group	LPRD	-0.573005175899252	0.39511530826433	151	54	0.149098214322	0.371088888979201	Zheng_2024	LPRD
g__Helicobacter	group	LPRD	-0.663897068628757	0.456861168183233	151	47	0.148279341622956	0.371088888979201	Zheng_2024	LPRD
g__Anaerovoracaceae..G3.	group	LPRD	-0.69553149129462	0.486082792378939	151	115	0.154555403224481	0.380444069475645	Zheng_2024	LPRD
g__Akkermansia	group	LPRD	-0.597742502416238	0.422175514901978	151	91	0.158902711368729	0.386893558115166	Zheng_2024	LPRD
g__Lachnospiraceae..G8.	group	LPRD	0.326568234660217	0.2333455708267	151	129	0.16374014816614	0.394384873002317	Zheng_2024	LPRD
g__Mycolicibacterium	group	LPRD	0.264347443880563	0.19051642724942	151	17	0.167351592101243	0.394597438217667	Zheng_2024	LPRD
g__Stomatobaculum	group	LPRD	-0.692182075622574	0.498509086037307	151	105	0.167055745702123	0.394597438217667	Zheng_2024	LPRD
Unclassified_f__Burkholderiaceae	group	LPRD	-0.607038664804671	0.444361231348242	151	53	0.173968146449762	0.405925675049445	Zheng_2024	LPRD
g__Filifactor	group	LPRD	0.299938356427898	0.221015991843833	151	150	0.176805172252452	0.408292356541744	Zheng_2024	LPRD
g__Aquamicrobium	group	LPRD	-0.654296166304265	0.484552427572382	151	68	0.178963909145032	0.409060363760074	Zheng_2024	LPRD
Unclassified_NA.24	group	LPRD	-0.778719143226751	0.588641571434436	151	90	0.187892377740538	0.425130228423035	Zheng_2024	LPRD
g__Peptoanaerobacter	group	LPRD	0.397111060513752	0.317837249912754	151	135	0.213471943710275	0.473442726644571	Zheng_2024	LPRD
Unclassified_NA.28	group	LPRD	0.635498707466716	0.507288283541534	151	83	0.212264032928603	0.473442726644571	Zheng_2024	LPRD
g__Enterococcus	group	LPRD	0.447084141455224	0.360579835919393	151	91	0.216960308922008	0.476461854887547	Zheng_2024	LPRD
g__Limosilactobacillus	group	LPRD	-0.678954575369677	0.552522841910547	151	58	0.221074183318031	0.48078268993436	Zheng_2024	LPRD
g__Erysipelothrix	group	LPRD	-0.3359767625074	0.279261717265227	151	43	0.230849939582494	0.491662939962299	Zheng_2024	LPRD
Unclassified_NA.16	group	LPRD	-0.526125618888248	0.435822129066539	151	118	0.229267037713507	0.491662939962299	Zheng_2024	LPRD
g__Micavibrio	group	LPRD	0.277718590753613	0.231740125333391	151	40	0.232661926946445	0.491662939962299	Zheng_2024	LPRD
g__Fastidiosipila	group	LPRD	0.557362448981154	0.469035021877829	151	104	0.236599022768059	0.49531010373874	Zheng_2024	LPRD
g__Paenibacillus	group	LPRD	-0.598479628415219	0.515690208377547	151	63	0.247684671993979	0.509186986607414	Zheng_2024	LPRD
g__Bacillus	group	LPRD	-0.680889311599907	0.59236756009682	151	70	0.252217431978221	0.509186986607414	Zheng_2024	LPRD
g__Cardiobacterium	group	LPRD	0.381476563091558	0.331953496910421	151	104	0.252320337113495	0.509186986607414	Zheng_2024	LPRD
g__Brevundimonas	group	LPRD	0.267767066009586	0.231696637837934	151	46	0.249662061009768	0.509186986607414	Zheng_2024	LPRD
g__Butyrivibrio	group	LPRD	0.453830952888604	0.398125054634931	151	117	0.256148498622127	0.512296997244255	Zheng_2024	LPRD
g__Tannerella	group	LPRD	0.232338408635738	0.211474558313397	151	151	0.273688984964344	0.537378085501787	Zheng_2024	LPRD
Unclassified_f__Comamonadaceae	group	LPRD	-0.480815412591782	0.438633103934115	151	73	0.274773967922945	0.537378085501787	Zheng_2024	LPRD
Unclassified_f__Erythrobacteraceae	group	LPRD	0.273613349159138	0.250190257518183	151	37	0.275886070681721	0.537378085501787	Zheng_2024	LPRD
g__Agrobacterium	group	LPRD	-0.428532358571633	0.395328053235007	151	49	0.280119362604487	0.540920148477629	Zheng_2024	LPRD
g__Mobiluncus	group	LPRD	-0.1699343860945	0.159215053465071	151	28	0.287550867853568	0.550524738454694	Zheng_2024	LPRD
g__Riemerella	group	LPRD	0.364494575960608	0.349488605909393	151	132	0.298666694454015	0.558425122529235	Zheng_2024	LPRD
g__Stenotrophomonas	group	LPRD	-0.700831776804736	0.672662753327251	151	83	0.299156315640662	0.558425122529235	Zheng_2024	LPRD
Unclassified_f__Phyllobacteriaceae	group	LPRD	0.293010577177278	0.280929740723513	151	69	0.298636174161073	0.558425122529235	Zheng_2024	LPRD
Unclassified_NA.32	group	LPRD	0.401298932173409	0.390860322150344	151	67	0.306222457250521	0.56689116052989	Zheng_2024	LPRD
Unclassified_NA.6	group	LPRD	0.406187010193461	0.403387997871961	151	88	0.315596638723117	0.577862474477247	Zheng_2024	LPRD
Unclassified_f__Pasteurellaceae	group	LPRD	0.304476502927022	0.30689051482831	151	81	0.322740629178318	0.577862474477247	Zheng_2024	LPRD
g__Mogibacterium	group	LPRD	0.326750092468024	0.331162279736784	151	73	0.325400694389185	0.577862474477247	Zheng_2024	LPRD
g__Parvimonas	group	LPRD	0.175998432727788	0.181631935098	151	151	0.334123451050864	0.577862474477247	Zheng_2024	LPRD
g__Flavitalea	group	LPRD	0.371835330004545	0.385720706789864	151	49	0.336607127240453	0.577862474477247	Zheng_2024	LPRD
Unclassified_NA.17	group	LPRD	-0.537353171722814	0.551221943389994	151	53	0.33121965328643	0.577862474477247	Zheng_2024	LPRD
g__Odoribacteraceae..G7.	group	LPRD	0.542337485974558	0.541187710344143	151	125	0.317908120118721	0.577862474477247	Zheng_2024	LPRD
g__Pseudomonas	group	LPRD	-0.772380547771974	0.784285209726351	151	100	0.326308474103403	0.577862474477247	Zheng_2024	LPRD
g__Schlegelella	group	LPRD	-0.288932843633953	0.299594494866209	151	70	0.336401506155386	0.577862474477247	Zheng_2024	LPRD
g__Oryzomicrobium	group	LPRD	-0.632979608290251	0.658445131335108	151	77	0.337946357841604	0.577862474477247	Zheng_2024	LPRD
g__Mollicutes..O1.F1.G1.	group	LPRD	-0.11866470665891	0.124761549733877	151	21	0.34307764507002	0.582192367391549	Zheng_2024	LPRD
g__Anoxybacillus	group	LPRD	-0.410595764348737	0.439617090059934	151	68	0.351822746370865	0.583765149533879	Zheng_2024	LPRD
g__Paenacidovorax	group	LPRD	-0.209516860360423	0.223714896184676	151	66	0.350513205840254	0.583765149533879	Zheng_2024	LPRD
Unclassified_NA.27	group	LPRD	-0.508650244449157	0.539370767571764	151	74	0.347185085514933	0.583765149533879	Zheng_2024	LPRD
g__Clostridiales..F1.G1.	group	LPRD	-0.332661355292004	0.360591181308203	151	118	0.357736157135675	0.584911672980958	Zheng_2024	LPRD
g__Prevotella	group	LPRD	-0.188445513867938	0.20339983172546	151	151	0.355695736677206	0.584911672980958	Zheng_2024	LPRD
Unclassified_NA.12	group	LPRD	0.351673105274653	0.388167164437971	151	56	0.366407230289139	0.594747968005559	Zheng_2024	LPRD
g__Lachnospiraceae..G3.	group	LPRD	-0.235146562958334	0.264622360099341	151	139	0.375644024367944	0.603466190662501	Zheng_2024	LPRD
g__Enhydrobacter	group	LPRD	0.399787322579413	0.453906243414823	151	71	0.379860414658092	0.603466190662501	Zheng_2024	LPRD
g__Mesorhizobium	group	LPRD	0.337561838206847	0.381898603325213	151	71	0.378171854170289	0.603466190662501	Zheng_2024	LPRD
g__Bacteroides	group	LPRD	0.394878961031255	0.459801884679123	151	126	0.391829025930999	0.618096491609462	Zheng_2024	LPRD
g__Anaerovoracaceae..G4.	group	LPRD	0.227766764926328	0.275747902514499	151	42	0.410126790978099	0.642436371881777	Zheng_2024	LPRD
g__Desulfomicrobium	group	LPRD	-0.347872268578784	0.426080460384504	151	62	0.415547714893611	0.646407556501173	Zheng_2024	LPRD
g__Serratia	group	LPRD	-0.285538270024445	0.358750829649151	151	69	0.427342632044658	0.656219953069232	Zheng_2024	LPRD
g__Bradyrhizobium	group	LPRD	-0.200036873117615	0.251529625962037	151	52	0.427714790839767	0.656219953069232	Zheng_2024	LPRD
g__Corynebacterium	group	LPRD	-0.338481767206336	0.430493614413993	151	137	0.43296132434876	0.658841595096118	Zheng_2024	LPRD
Unclassified_NA.10	group	LPRD	0.362606225951787	0.468237274227065	151	58	0.43991723959656	0.658841595096118	Zheng_2024	LPRD
g__Fretibacterium	group	LPRD	0.27546683063429	0.356706042439436	151	67	0.441188568144722	0.658841595096118	Zheng_2024	LPRD
Unclassified_NA.22	group	LPRD	0.313182081528347	0.402855787021818	151	65	0.438152450406594	0.658841595096118	Zheng_2024	LPRD
g__Leptotrichia	group	LPRD	0.21557118955777901	0.286477674298184	151	151	0.452944429258863	0.671917563933677	Zheng_2024	LPRD
g__Microbacterium	group	LPRD	-0.291731287509959	0.398539204409523	151	65	0.465317460811608	0.672631629485773	Zheng_2024	LPRD
g__Peptoniphilaceae..G2.	group	LPRD	-0.173493544022593	0.237076209832151	151	39	0.465437065045959	0.672631629485773	Zheng_2024	LPRD
g__Novosphingobium	group	LPRD	-0.360702580873229	0.486452819533836	151	74	0.459560164557271	0.672631629485773	Zheng_2024	LPRD
Unclassified_NA.33	group	LPRD	-0.467413894645154	0.637621137144406	151	75	0.464674187760376	0.672631629485773	Zheng_2024	LPRD
Unclassified_NA.4	group	LPRD	0.183609967198391	0.254327550044549	151	36	0.471461046157523	0.675771633216591	Zheng_2024	LPRD
g__Odoribacter	group	LPRD	-0.255194240337321	0.355232130306517	151	45	0.473643510781272	0.675771633216591	Zheng_2024	LPRD
g__Afipia	group	LPRD	0.342960154083058	0.483254207607102	151	82	0.47900619823597	0.679097394967451	Zheng_2024	LPRD
g__Johnsonella	group	LPRD	0.114091315168615	0.169710893074251	151	28	0.502453816701699	0.700725620298573	Zheng_2024	LPRD
g__Anaerovoracaceae..G5.	group	LPRD	0.225413011688954	0.338724356356744	151	140	0.506774778965932	0.700725620298573	Zheng_2024	LPRD
g__Hoylesella	group	LPRD	-0.124290296448903	0.186566648652669	151	151	0.506314809897847	0.700725620298573	Zheng_2024	LPRD
g__Acinetobacter	group	LPRD	-0.18861050932742	0.281720450755282	151	52	0.504215714999756	0.700725620298573	Zheng_2024	LPRD
g__Pseudoleptotrichia	group	LPRD	0.18249951281841	0.276478461316002	151	151	0.510217854061011	0.701158277973414	Zheng_2024	LPRD
g__Eggerthella	group	LPRD	-0.245019209779846	0.381554248958948	151	64	0.521755512118571	0.71264167508878	Zheng_2024	LPRD
g__Mycobacterium	group	LPRD	0.29284215797709	0.473937065214558	151	78	0.537589471783465	0.721078093889198	Zheng_2024	LPRD
g__Kocuria	group	LPRD	0.328295987672372	0.528933126234092	151	86	0.535761201832118	0.721078093889198	Zheng_2024	LPRD
g__Desulfobulbus	group	LPRD	0.0591102556922606	0.0945638307189476	151	16	0.532872623803188	0.721078093889198	Zheng_2024	LPRD
g__Ruminococcaceae..G2.	group	LPRD	0.24884847077534	0.410871808124401	151	145	0.545662253370542	0.727549671160722	Zheng_2024	LPRD
Unclassified_NA.5	group	LPRD	-0.222274347425318	0.371444843622146	151	42	0.550478491044096	0.729628295821761	Zheng_2024	LPRD
g__Saccharimonadales..F3.G1.	group	LPRD	0.112007243370969	0.194564134769185	151	25	0.565697976317161	0.745390274676729	Zheng_2024	LPRD
g__Cupriavidus	group	LPRD	-0.131907114226505	0.241344629272202	151	47	0.585504860685111	0.766977127447163	Zheng_2024	LPRD
g__Caldilinea	group	LPRD	0.227530981189757	0.428383997314356	151	72	0.596114075631898	0.776334610125262	Zheng_2024	LPRD
g__Sphingomonas	group	LPRD	0.312496069968143	0.594773503283371	151	76	0.600083724900179	0.776987019523932	Zheng_2024	LPRD
g__Odoribacteraceae..G5.	group	LPRD	0.191403241819539	0.370302239898034	151	93	0.606003635250793	0.780142610897573	Zheng_2024	LPRD
Unclassified_NA.9	group	LPRD	-0.196603673361834	0.394406626966635	151	54	0.618881060277235	0.788628020864937	Zheng_2024	LPRD
Unclassified_NA.18	group	LPRD	0.260229382868212	0.523173437952468	151	108	0.619636302108165	0.788628020864937	Zheng_2024	LPRD
g__Schaalia	group	LPRD	0.106615144740695	0.223210904023448	151	151	0.633604200045951	0.801849383109001	Zheng_2024	LPRD
g__Lachnospiraceae..G7.	group	LPRD	0.0791099593549211	0.171378765771786	151	27	0.645035036748772	0.807956715732072	Zheng_2024	LPRD
g__Pseudoramibacter	group	LPRD	-0.232435873551184	0.50446402928007	151	77	0.645643982660896	0.807956715732072	Zheng_2024	LPRD
g__Alistipes	group	LPRD	-0.238430670992006	0.544851058758008	151	87	0.662304813961016	0.824201546262598	Zheng_2024	LPRD
Unclassified_NA.2	group	LPRD	0.301880825479019	0.750178629674472	151	89	0.687957614703432	0.845260034107655	Zheng_2024	LPRD
Unclassified_f__Mycobacteriaceae	group	LPRD	-0.106012549348343	0.272775399670863	151	44	0.69809422459784	0.845260034107655	Zheng_2024	LPRD
g__Micrococcus	group	LPRD	0.20401137591749	0.520019991695901	151	76	0.695386474263901	0.845260034107655	Zheng_2024	LPRD
g__Segatella	group	LPRD	0.0724965159163325	0.186294140716443	151	151	0.697720176499656	0.845260034107655	Zheng_2024	LPRD
Unclassified_f__Moraxellaceae	group	LPRD	-0.155262149883274	0.394107070866425	151	55	0.694174309834744	0.845260034107655	Zheng_2024	LPRD
g__Staphylococcus	group	LPRD	-0.0896973453053601	0.243370923158926	151	23	0.712977142635157	0.85414381140548	Zheng_2024	LPRD
g__Phocaeicola	group	LPRD	-0.163881412051042	0.444780957833943	151	123	0.713057556842967	0.85414381140548	Zheng_2024	LPRD
g__Caulobacter	group	LPRD	0.0840898388039248	0.244684794829285	151	40	0.731581968332035	0.871672132480723	Zheng_2024	LPRD
g__Absconditicoccaceae..G1.	group	LPRD	0.156745414833085	0.530354210381433	151	137	0.767986338106677	0.8867471120407	Zheng_2024	LPRD
Unclassified_NA.20	group	LPRD	-0.0834371825574805	0.27025969453345	151	44	0.757958422117754	0.8867471120407	Zheng_2024	LPRD
g__Nanoperiomorbus	group	LPRD	-0.0832871103444994	0.280864625655205	151	43	0.767231987561028	0.8867471120407	Zheng_2024	LPRD
g__Roseomonas	group	LPRD	0.147424701963954	0.46720344847795	151	81	0.752787814151175	0.8867471120407	Zheng_2024	LPRD
g__Rhodobacter	group	LPRD	-0.04374229066784	0.145528767031258	151	21	0.764157679549099	0.8867471120407	Zheng_2024	LPRD
g__Erythrobacter	group	LPRD	0.088184351862777	0.280727545742231	151	47	0.753863293221642	0.8867471120407	Zheng_2024	LPRD
g__Lysinibacillus	group	LPRD	-0.086813709679086	0.338782020602896	151	62	0.798109398921856	0.898808775427361	Zheng_2024	LPRD
Unclassified_f__Bacillaceae	group	LPRD	-0.075966209745045	0.28675189804674	151	46	0.791437500688884	0.898808775427361	Zheng_2024	LPRD
Unclassified_f__Chitinophagaceae	group	LPRD	0.0512090657268339	0.190682631530725	151	23	0.788642439275139	0.898808775427361	Zheng_2024	LPRD
Unclassified_f__Weeksellaceae	group	LPRD	-0.0945916674559474	0.356069524895702	151	58	0.790872095944069	0.898808775427361	Zheng_2024	LPRD
Unclassified_NA.25	group	LPRD	0.101496003700887	0.396853674927883	151	56	0.798495296026986	0.898808775427361	Zheng_2024	LPRD
Unclassified_f__Nitrobacteraceae	group	LPRD	-0.0544727591445589	0.226200068349953	151	27	0.810028212924968	0.907231598475964	Zheng_2024	LPRD
g__Cryptobacterium	group	LPRD	0.0422476947299527	0.181977877033821	151	35	0.816733538336136	0.910190609887037	Zheng_2024	LPRD
g__Lactococcus	group	LPRD	-0.0417654614877118	0.201639515456842	151	21	0.836191645253946	0.927262022459822	Zheng_2024	LPRD
g__Pedobacter	group	LPRD	0.107536001586889	0.558088365154044	151	111	0.847467010266092	0.930552011272572	Zheng_2024	LPRD
g__Nanosyncoccus	group	LPRD	0.0813219548031326	0.411272108146464	151	108	0.843523685491104	0.930552011272572	Zheng_2024	LPRD
g__Lancefieldella	group	LPRD	-0.0277633928078269	0.178535051903676	151	151	0.876632362256691	0.939548560504779	Zheng_2024	LPRD
Unclassified_f__Atopobiaceae	group	LPRD	0.0733769648345755	0.467326802870645	151	81	0.87544618246958406	0.939548560504779	Zheng_2024	LPRD
Unclassified_NA	group	LPRD	-0.0658686402676935	0.378587751322349	151	65	0.862113307487148	0.939548560504779	Zheng_2024	LPRD
g__Hornefia	group	LPRD	-0.0481073615767746	0.301174139119912	151	78	0.873307961595474	0.939548560504779	Zheng_2024	LPRD
Unclassified_f__Enterobacteriaceae	group	LPRD	-0.0249793398590467	0.156031010549043	151	27	0.873025313001011	0.939548560504779	Zheng_2024	LPRD
Unclassified_f__Ruminococcaceae	group	LPRD	-0.0292940407591613	0.198955799433881	151	21	0.883142471482773	0.942018636248291	Zheng_2024	LPRD
g__Propionibacteriaceae..G1.	group	LPRD	0.05831792453721	0.514056716753749	151	72	0.909829304577891	0.95681579448567	Zheng_2024	LPRD
Unclassified_NA.3	group	LPRD	0.0720496635160972	0.603540365247156	151	76	0.9051364038617	0.95681579448567	Zheng_2024	LPRD
g__Haematobacter	group	LPRD	0.0439956623043927	0.383403524099982	151	79	0.908797547694468	0.95681579448567	Zheng_2024	LPRD
g__Klebsiella	group	LPRD	-0.0522909519691087	0.526900991125964	151	63	0.921079155744993	0.959635957613388	Zheng_2024	LPRD
Unclassified_NA.31	group	LPRD	0.0591581187302609	0.577576110411521	151	90	0.918557213665775	0.959635957613388	Zheng_2024	LPRD
g__Bordetella	group	LPRD	0.0201322901323856	0.221065048991349	151	28	0.927559659507071	0.961913720970296	Zheng_2024	LPRD
g__Segetibacter	group	LPRD	-0.0234983486916573	0.325262150672126	151	62	0.942504345793178	0.972907711786506	Zheng_2024	LPRD
g__Catonella	group	LPRD	0.0109554268821342	0.188192644075056	151	151	0.953656250990896	0.975429224757811	Zheng_2024	LPRD
g__Leptothrix	group	LPRD	-0.0227544841152813	0.369012161346695	151	75	0.950913654316566	0.975429224757811	Zheng_2024	LPRD
Unclassified_NA.7	group	LPRD	0.0205787176971695	0.401493681358494	151	148	0.959190659052498	0.976630489217089	Zheng_2024	LPRD
g__Olsenella	group	LPRD	-0.00771699620609736	0.336543194088038	151	143	0.981736645576935	0.99261482107107	Zheng_2024	LPRD
g__Hallella	group	LPRD	0.00335563504849196	0.339728746879694	151	140	0.992132319769803	0.99261482107107	Zheng_2024	LPRD
g__Bdellovibrio	group	LPRD	0.00353512542194619	0.180157657188706	151	35	0.984370847466248	0.99261482107107	Zheng_2024	LPRD
Unclassified_NA.26	group	LPRD	-0.00607113223026259	0.654807720141267	151	94	0.99261482107107	0.99261482107107	Zheng_2024	LPRD
g__Schaalia	group	GERD	2.60265412586621	0.838862416046193	24	23	0.00519345710007729	0.285640140504251	Hao_2022	GERD
g__Stomatobaculum	group	GERD	4.31455399598179	1.35110455410795	24	13	0.0041972770668904	0.285640140504251	Hao_2022	GERD
g__Lancefieldella	group	GERD	1.60873673488574	0.555839259634912	24	20	0.00841573794969125	0.308577058155346	Hao_2022	GERD
g__Haemophilus	group	GERD	-1.78432331062476	0.740432121973539	24	22	0.0247660171201022	0.398756931004061	Hao_2022	GERD
g__Rothia	group	GERD	1.53439313438172	0.606373950406378	24	24	0.0190543697804343	0.398756931004061	Hao_2022	GERD
g__Veillonella	group	GERD	1.61124165506572	0.60863941555649	24	24	0.0147152184937508	0.398756931004061	Hao_2022	GERD
g__Streptococcus	group	GERD	0.937120588971523	0.399504335295387	24	24	0.0284136941037667	0.398756931004061	Hao_2022	GERD
g__Segatella	group	GERD	1.69214503339672	0.724343735261643	24	23	0.0290005040730226	0.398756931004061	Hao_2022	GERD
g__Leptotrichia	group	GERD	2.1660310423136	0.965262131479287	24	19	0.035224517471897	0.430521880212074	Hao_2022	GERD
g__Ruminococcaceae..G2.	group	GERD	1.442619653413	0.708400778533193	24	8	0.0539187563913726	0.539187563913726	Hao_2022	GERD
g__Lachnoanaerobaculum	group	GERD	1.89558503496848	0.916826748646265	24	18	0.0506436101316637	0.539187563913726	Hao_2022	GERD
g__Absconditicoccaceae..G1.	group	GERD	-0.636508651926985	0.340496487187739	24	4	0.0749434643896389	0.570904952519747	Hao_2022	GERD
g__Actinomyces	group	GERD	2.16123762356497	1.19017705276908	24	20	0.0830407203665087	0.570904952519747	Hao_2022	GERD
g__Kocuria	group	GERD	0.970660876835499	0.500541318772223	24	6	0.0654055249293442	0.570904952519747	Hao_2022	GERD
g__Nanosynbacter	group	GERD	1.43597682623159	0.752418178787842	24	15	0.0694619570709204	0.570904952519747	Hao_2022	GERD
g__Mogibacterium	group	GERD	1.23949126757887	0.672204889260684	24	18	0.0787061304993793	0.570904952519747	Hao_2022	GERD
g__Oribacterium	group	GERD	1.50823840481189	0.858085534476943	24	21	0.0927101598991976	0.599889269935984	Hao_2022	GERD
g__Treponema	group	GERD	-0.666588841472874	0.395259642323822	24	4	0.105838823523666	0.612751083558064	Hao_2022	GERD
g__Filifactor	group	GERD	-1.12951687365094	0.667010012325342	24	6	0.104492618634939	0.612751083558064	Hao_2022	GERD
g__Aggregatibacter	group	GERD	-1.19474161679906	0.741617176636651	24	17	0.121436351530038	0.667899933415208	Hao_2022	GERD
g__Riemerella	group	GERD	-1.07404596256972	0.736907431624815	24	16	0.15910460869001	0.784619164771072	Hao_2022	GERD
g__Paludibacteraceae..G1.	group	GERD	-0.597820218734432	0.438459793267611	24	6	0.186530113961894	0.784619164771072	Hao_2022	GERD
Unclassified_NA.7	group	GERD	0.429687391521664	0.290230914901931	24	4	0.152919338052369	0.784619164771072	Hao_2022	GERD
g__Nanogingivalis	group	GERD	-0.478276882689794	0.344122802365205	24	6	0.178481330723475	0.784619164771072	Hao_2022	GERD
g__Megasphaera	group	GERD	1.19899611866565	0.891990584068225	24	18	0.192588340443809	0.784619164771072	Hao_2022	GERD
g__Lactobacillus	group	GERD	0.881072494500577	0.633676041918309	24	4	0.178310242490731	0.784619164771072	Hao_2022	GERD
g__Fretibacterium	group	GERD	-0.652921527904924	0.458752079980398	24	5	0.168689512429098	0.784619164771072	Hao_2022	GERD
g__Klebsiella	group	GERD	-0.920959043871163	0.749244663087039	24	5	0.231988479394483	0.850624424446436	Hao_2022	GERD
g__Campylobacter	group	GERD	-0.924757452621363	0.740146372115072	24	23	0.224639592007291	0.850624424446436	Hao_2022	GERD
g__Granulicatella	group	GERD	0.621430609629573	0.49839130166651	24	24	0.225556267204892	0.850624424446436	Hao_2022	GERD
g__Neisseria	group	GERD	-2.22244555826769	1.86294806301951	24	21	0.245587894060873	0.871380256101052	Hao_2022	GERD
Unclassified_f__Micrococcaceae	group	GERD	0.427783377096232	0.366313161438803	24	3	0.255385169787888	0.871380256101052	Hao_2022	GERD
g__Peptoanaerobacter	group	GERD	-0.471169865811407	0.408761217408285	24	4	0.261414076830316	0.871380256101052	Hao_2022	GERD
Unclassified_f__Veillonellaceae	group	GERD	0.780916613595174	0.703145705018641	24	3	0.278730179189734	0.876009134596308	Hao_2022	GERD
g__Alloprevotella	group	GERD	-1.44586131583271	1.29683349450048	24	20	0.276917778449672	0.876009134596308	Hao_2022	GERD
g__Odoribacteraceae..G5.	group	GERD	-0.389849592530949	0.361887481061085	24	3	0.293032192902396	0.895376144979543	Hao_2022	GERD
g__Moraxella	group	GERD	0.838305334236793	1.00065220990484	24	6	0.411175497485207	0.907989218887133	Hao_2022	GERD
g__Serratia	group	GERD	-0.71493184633382	0.843072794292676	24	5	0.405566011429708	0.907989218887133	Hao_2022	GERD
g__Yersinia	group	GERD	-0.401379319801502	0.453187375159263	24	4	0.385368357606215	0.907989218887133	Hao_2022	GERD
Unclassified_f__Pasteurellaceae	group	GERD	0.849253748042774	0.958465444457476	24	6	0.385170688333561	0.907989218887133	Hao_2022	GERD
g__Kingella	group	GERD	-0.542596280374223	0.601634661356754	24	8	0.376894127231206	0.907989218887133	Hao_2022	GERD
Unclassified_NA.4	group	GERD	-0.530060175367351	0.51262965976984	24	3	0.312368390028965	0.907989218887133	Hao_2022	GERD
g__Paenacidovorax	group	GERD	0.78501982937584	0.934082860129443	24	10	0.409715458042283	0.907989218887133	Hao_2022	GERD
g__Helicobacter	group	GERD	-0.732462868352724	0.733904454999374	24	3	0.329113565873107	0.907989218887133	Hao_2022	GERD
g__Metamycoplasma	group	GERD	-0.529961198304393	0.575669375776754	24	6	0.367244556848333	0.907989218887133	Hao_2022	GERD
g__Scardovia	group	GERD	0.656140810474995	0.761507475329132	24	6	0.398183386611673	0.907989218887133	Hao_2022	GERD
g__Corynebacterium	group	GERD	0.738161358255416	0.884080092951073	24	12	0.412722372221424	0.907989218887133	Hao_2022	GERD
g__Anaeroglobus	group	GERD	0.956372506966556	0.987039979852465	24	11	0.343112594454404	0.907989218887133	Hao_2022	GERD
g__Enterococcus	group	GERD	0.921614036444495	1.03620294629664	24	12	0.383402897698878	0.907989218887133	Hao_2022	GERD
Unclassified_NA.19	group	GERD	-0.1669474115893	0.183135888180954	24	3	0.371858517068994	0.907989218887133	Hao_2022	GERD
g__Enterobacter	group	GERD	-0.893861389605419	1.21433710354417	24	7	0.469452387367244	0.948933057327572	Hao_2022	GERD
g__Lautropia	group	GERD	-0.498688416575974	0.719391054501674	24	16	0.495432308618628	0.948933057327572	Hao_2022	GERD
Unclassified_NA.9	group	GERD	-0.345742952616487	0.495362668432717	24	3	0.492514445206676	0.948933057327572	Hao_2022	GERD
g__Sneathia	group	GERD	0.357991908151556	0.516784476083695	24	3	0.495727384110267	0.948933057327572	Hao_2022	GERD
g__Selenomonadaceae..G1.	group	GERD	-0.21099125096562	0.318706795324527	24	4	0.514831891481612	0.948933057327572	Hao_2022	GERD
g__Selenomonas	group	GERD	0.536049962509775	0.77273904507727	24	12	0.495129594594733	0.948933057327572	Hao_2022	GERD
g__Anoxybacillus	group	GERD	0.52039164353609	0.791316842553183	24	7	0.517599849451403	0.948933057327572	Hao_2022	GERD
g__Anaerovoracaceae..G1.	group	GERD	0.486375095742564	0.705982283055968	24	11	0.498066863392051	0.948933057327572	Hao_2022	GERD
g__Prevotella	group	GERD	0.827284817706572	1.15584909966561	24	18	0.481681615974418	0.948933057327572	Hao_2022	GERD
g__Lachnospiraceae..G3.	group	GERD	0.534397038254435	0.782514879006832	24	9	0.501784711504424	0.948933057327572	Hao_2022	GERD
g__Cloacibacterium	group	GERD	0.806149186399869	1.34749105317998	24	11	0.555776621163358	0.95060680102306	Hao_2022	GERD
g__Weeksellaceae..G1.	group	GERD	-0.272760064705646	0.48130637800854	24	6	0.576649416220496	0.95060680102306	Hao_2022	GERD
Unclassified_f__Weeksellaceae	group	GERD	0.264512351854724	0.77399083222652	24	5	0.735781014179288	0.95060680102306	Hao_2022	GERD
g__Tannerella	group	GERD	-0.158995400152369	0.572001595807221	24	9	0.783636178336519	0.95060680102306	Hao_2022	GERD
g__Porphyromonas	group	GERD	0.185513006764064	1.00714390840783	24	22	0.855546120920754	0.95060680102306	Hao_2022	GERD
g__Alistipes	group	GERD	0.106929100414462	0.242518696770632	24	3	0.663580046522606	0.95060680102306	Hao_2022	GERD
g__Pseudomonas	group	GERD	0.360355363545008	1.44721736328136	24	11	0.80567161702689	0.95060680102306	Hao_2022	GERD
g__Acinetobacter	group	GERD	0.310417784198256	1.07104377476159	24	6	0.774662361562169	0.95060680102306	Hao_2022	GERD
g__Kluyvera	group	GERD	-0.124835838893839	0.580555914176295	24	4	0.83172624450331	0.95060680102306	Hao_2022	GERD
g__Oryzomicrobium	group	GERD	0.253475643310253	1.13529059414052	24	6	0.825385948077582	0.95060680102306	Hao_2022	GERD
g__Cupriavidus	group	GERD	-0.178379070777976	0.349968497800127	24	3	0.615336618682436	0.95060680102306	Hao_2022	GERD
g__Acidovorax	group	GERD	0.557892584515052	1.49017106720828	24	9	0.711704771375832	0.95060680102306	Hao_2022	GERD
g__Comamonas	group	GERD	-0.202874492388826	0.359334799297541	24	3	0.578068825912021	0.95060680102306	Hao_2022	GERD
g__Bordetella	group	GERD	0.241068093558066	0.676269538801743	24	5	0.724886526042564	0.95060680102306	Hao_2022	GERD
g__Achromobacter	group	GERD	0.192647655364097	0.326436202166085	24	3	0.561100850955164	0.95060680102306	Hao_2022	GERD
g__Novosphingobium	group	GERD	0.233186657777289	1.08863671509113	24	6	0.832363513594247	0.95060680102306	Hao_2022	GERD
g__Afipia	group	GERD	-0.104932449572416	0.517304528297363	24	4	0.841120759981013	0.95060680102306	Hao_2022	GERD
g__Bifidobacterium	group	GERD	-0.159785733536918	0.667643365276013	24	6	0.813066857551612	0.95060680102306	Hao_2022	GERD
g__Peptidiphaga	group	GERD	0.0863992392589559	0.443394607798999	24	4	0.847291961908704	0.95060680102306	Hao_2022	GERD
g__Fusobacterium	group	GERD	-0.219672015126986	0.908100385122626	24	23	0.811096130907944	0.95060680102306	Hao_2022	GERD
g__Pseudoleptotrichia	group	GERD	0.199129112751115	0.685331470588824	24	19	0.774110122415404	0.95060680102306	Hao_2022	GERD
g__Dialister	group	GERD	0.272410040279383	0.863053079677174	24	16	0.755254078640602	0.95060680102306	Hao_2022	GERD
g__Abiotrophia	group	GERD	0.347194165805798	0.770832345663643	24	12	0.656818914691257	0.95060680102306	Hao_2022	GERD
g__Limosilactobacillus	group	GERD	0.367765964923793	0.624531843961224	24	6	0.561948970760761	0.95060680102306	Hao_2022	GERD
Unclassified_NA.16	group	GERD	0.423275144421474	1.01719763012964	24	6	0.681354389011016	0.95060680102306	Hao_2022	GERD
g__Parvimonas	group	GERD	0.528049158833793	0.966925495789329	24	14	0.590484972780471	0.95060680102306	Hao_2022	GERD
g__Peptostreptococcus	group	GERD	0.217180343072716	0.721390908437272	24	12	0.766197415368942	0.95060680102306	Hao_2022	GERD
g__Gallibacter	group	GERD	-0.10201302964192	0.304314968441504	24	5	0.740633199742412	0.95060680102306	Hao_2022	GERD
g__Hornefia	group	GERD	-0.151684469291273	0.376138187866843	24	3	0.690643613318001	0.95060680102306	Hao_2022	GERD
g__Ruminococcaceae..G1.	group	GERD	-0.222033241281707	0.709564514210827	24	6	0.757292465307735	0.95060680102306	Hao_2022	GERD
Unclassified_f__Lachnospiraceae	group	GERD	-0.300034005992686	1.1594193001437	24	5	0.798211154586764	0.95060680102306	Hao_2022	GERD
g__Hoylesella	group	GERD	-0.360791714565944	1.10448366639503	24	20	0.74701175167648	0.95060680102306	Hao_2022	GERD
g__Bacteroides	group	GERD	0.223445865613982	1.15203124388117	24	6	0.847988383190535	0.95060680102306	Hao_2022	GERD
g__Butyrivibrio	group	GERD	-0.136526432274482	0.652536252972033	24	8	0.836198381338892	0.95060680102306	Hao_2022	GERD
g__Agathobacter	group	GERD	0.47115167530248	1.43054850417216	24	5	0.745005915852093	0.95060680102306	Hao_2022	GERD
g__Lachnospiraceae..G2.	group	GERD	0.298041249924284	0.954808866538134	24	5	0.757867666964327	0.95060680102306	Hao_2022	GERD
g__Johnsonella	group	GERD	0.0917302233405664	0.243010440339189	24	3	0.709438122166027	0.95060680102306	Hao_2022	GERD
g__Moryella	group	GERD	0.515794986884599	1.19158438752434	24	11	0.669326985040596	0.95060680102306	Hao_2022	GERD
g__Catonella	group	GERD	-0.448162329086951	0.740977340468338	24	10	0.551482590969771	0.95060680102306	Hao_2022	GERD
g__Stenotrophomonas	group	GERD	0.132348161517018	0.85540863995973	24	4	0.87845334016263	0.966298674178894	Hao_2022	GERD
g__Cardiobacterium	group	GERD	0.0340036390018738	0.450509399224814	24	9	0.940516401437509	0.990556396025427	Hao_2022	GERD
g__Solobacterium	group	GERD	0.0266907814095768	0.344635078547715	24	4	0.938968401226675	0.990556396025427	Hao_2022	GERD
g__Gemella	group	GERD	-0.0617152723576918	0.703024362247808	24	24	0.930841416745265	0.990556396025427	Hao_2022	GERD
Unclassified_NA.17	group	GERD	-0.0743185288033019	0.949914884813372	24	4	0.938346740047545	0.990556396025427	Hao_2022	GERD
g__Phocaeicola	group	GERD	0.0610868738659545	0.883984622437745	24	4	0.945531105296998	0.990556396025427	Hao_2022	GERD
g__Capnocytophaga	group	GERD	0.00323369452286806	0.939226764260068	24	20	0.99728397210254	0.998161948718977	Hao_2022	GERD
g__Leptothrix	group	GERD	0.00177793520701382	0.763070189428967	24	5	0.998161948718977	0.998161948718977	Hao_2022	GERD
g__Microbacterium	group	GERD	-0.0262184777374494	0.54567659822559	24	3	0.962111791252124	0.998161948718977	Hao_2022	GERD
g__Peptococcus	group	GERD	0.00198491469490445	0.35861054208602	24	4	0.995633604523444	0.998161948718977	Hao_2022	GERD
g__Faecalibacterium	group	GERD	-0.0178820925705746	0.777690092674715	24	4	0.981862461095401	0.998161948718977	Hao_2022	GERD
g__Peptoanaerobacter	group	GERD	-0.687856223251875	0.34421409116067	128	38	0.0478327676591526	0.643296285533034	Kawar_2021	GERD
g__Nanogingivalis	group	GERD	-0.99518648988447	0.533423675261442	128	71	0.0644146496356432	0.643296285533034	Kawar_2021	GERD
g__Nanosynbacter	group	GERD	-1.23823532230248	0.600231272785204	128	102	0.0411734445810935	0.643296285533034	Kawar_2021	GERD
g__Brucella	group	GERD	0.827471027823037	0.448587872918929	128	47	0.06744235251556	0.643296285533034	Kawar_2021	GERD
g__Achromobacter	group	GERD	0.545575250594382	0.280060951591594	128	28	0.0536313560707629	0.643296285533034	Kawar_2021	GERD
g__Riemerella	group	GERD	-0.812615844095259	0.413661543253027	128	115	0.0516794282157315	0.643296285533034	Kawar_2021	GERD
g__Weeksellaceae..G1.	group	GERD	-0.752915892472825	0.347221088977039	128	44	0.0320065920005682	0.643296285533034	Kawar_2021	GERD
g__Alloprevotella	group	GERD	-1.138893294563	0.586587556794552	128	115	0.054422880795051	0.643296285533034	Kawar_2021	GERD
g__Ruminococcaceae..G2.	group	GERD	-0.963198659683808	0.482713476963358	128	87	0.0481581230006292	0.643296285533034	Kawar_2021	GERD
Unclassified_f__Neisseriaceae	group	GERD	-0.47681304141147	0.218865128105862	128	17	0.0312246712423526	0.643296285533034	Kawar_2021	GERD
g__Solobacterium	group	GERD	-1.03075971529729	0.427203012008627	128	114	0.0172701333785173	0.643296285533034	Kawar_2021	GERD
Unclassified_f__Leptotrichiaceae	group	GERD	-0.734757431714824	0.396258759689374	128	59	0.066043493810188	0.643296285533034	Kawar_2021	GERD
g__Gemella	group	GERD	-0.686099997264489	0.311836630153243	128	128	0.0296166053651511	0.643296285533034	Kawar_2021	GERD
g__Pseudomonas	group	GERD	0.281772600523173	0.158610764445111	128	19	0.0780632814288006	0.691417635512234	Kawar_2021	GERD
g__Catonella	group	GERD	-0.868562170755766	0.499091935898477	128	95	0.0842504656349731	0.696470515915778	Kawar_2021	GERD
g__Ruminococcaceae..G1.	group	GERD	-0.876019848761359	0.515124389577327	128	60	0.0914852606739895	0.709010770223419	Kawar_2021	GERD
g__Pseudoleptotrichia	group	GERD	-0.973553316928264	0.591453202512314	128	102	0.102248506973239	0.743425515742479	Kawar_2021	GERD
g__Neisseria	group	GERD	-1.20537307415767	0.744450688763313	128	114	0.107916607123908	0.743425515742479	Kawar_2021	GERD
g__Porphyromonas	group	GERD	-1.0251113281081	0.655986920179949	128	119	0.120631150240713	0.763116042266612	Kawar_2021	GERD
g__Ligilactobacillus	group	GERD	0.869805115810224	0.560309842253215	128	29	0.123083232623647	0.763116042266612	Kawar_2021	GERD
g__Nanosyncoccus	group	GERD	-0.727720547870921	0.49566488981468	128	86	0.144549920478497	0.823472851185808	Kawar_2021	GERD
g__Arachnia	group	GERD	-0.70666559639626	0.483197314543791	128	58	0.146100021984579	0.823472851185808	Kawar_2021	GERD
g__Mogibacterium	group	GERD	-0.72663263568937	0.521673361401291	128	115	0.166106394514568	0.849036368602314	Kawar_2021	GERD
Unclassified_NA.5	group	GERD	0.647778838428858	0.493524111779815	128	82	0.191717889684394	0.849036368602314	Kawar_2021	GERD
g__Lachnospiraceae..G8.	group	GERD	-0.391305327350112	0.277450148609019	128	15	0.160896565857117	0.849036368602314	Kawar_2021	GERD
Unclassified_f__Veillonellaceae	group	GERD	-0.27650425316106	0.203163159807327	128	20	0.175944181180448	0.849036368602314	Kawar_2021	GERD
g__Moryella	group	GERD	-0.645622163555565	0.481844863272442	128	64	0.182690501597352	0.849036368602314	Kawar_2021	GERD
g__Fretibacterium	group	GERD	-0.596033139757657	0.449741553654292	128	51	0.187476667024119	0.849036368602314	Kawar_2021	GERD
g__Peptostreptococcus	group	GERD	-0.849004222751393	0.678697793302563	128	88	0.213277407819839	0.857050669095134	Kawar_2021	GERD
g__Anaerovoracaceae..G1.	group	GERD	-0.713580881632605	0.555163374062702	128	82	0.201026504294605	0.857050669095134	Kawar_2021	GERD
g__Delftia	group	GERD	0.404183257039155	0.333705176122774	128	42	0.228086065162415	0.857050669095134	Kawar_2021	GERD
g__Hallella	group	GERD	0.519785559235139	0.429068361256759	128	50	0.227998388814616	0.857050669095134	Kawar_2021	GERD
g__Granulicatella	group	GERD	-0.335937466785428	0.269707452900408	128	128	0.215236327100458	0.857050669095134	Kawar_2021	GERD
g__Bradyrhizobium	group	GERD	0.565544460443282	0.477475977036987	128	62	0.238466041057999	0.869699679152701	Kawar_2021	GERD
g__Ottowia	group	GERD	-0.396266904357606	0.345565699308951	128	25	0.253670529100317	0.871292204942796	Kawar_2021	GERD
Unclassified_NA.15	group	GERD	0.399664097402506	0.345242358031207	128	40	0.249203385683113	0.871292204942796	Kawar_2021	GERD
g__Streptococcus	group	GERD	0.105520549610056	0.0932550052530221	128	128	0.259982351474867	0.871292204942796	Kawar_2021	GERD
g__Lactobacillus	group	GERD	0.726188012086571	0.699887649618084	128	51	0.301453670827887	0.892342388069222	Kawar_2021	GERD
g__Aggregatibacter	group	GERD	-0.148943385366744	0.148145392284702	128	14	0.31663762157295	0.892342388069222	Kawar_2021	GERD
g__Phocaeicola	group	GERD	-0.287938644671155	0.279877432487828	128	25	0.305543313845939	0.892342388069222	Kawar_2021	GERD
g__Clostridiales..F1.G1.	group	GERD	-0.235673822112304	0.218209193185351	128	17	0.282189083342284	0.892342388069222	Kawar_2021	GERD
g__Erysipelotrichaceae..G1.	group	GERD	-0.216330200679919	0.210494038612242	128	14	0.306047618360835	0.892342388069222	Kawar_2021	GERD
g__Bulleidia	group	GERD	-0.34600237068687	0.343754089902962	128	19	0.316084764365144	0.892342388069222	Kawar_2021	GERD
Unclassified_NA.22	group	GERD	-0.365326869432675	0.344635650497047	128	40	0.291155116467475	0.892342388069222	Kawar_2021	GERD
g__Absconditicoccaceae..G1.	group	GERD	-0.508109711670372	0.523936768660674	128	40	0.334008086444503	0.92037783820263	Kawar_2021	GERD
g__Agrobacterium	group	GERD	0.178146834435755	0.189027443907201	128	13	0.3477714135673	0.937470767007504	Kawar_2021	GERD
g__Odoribacteraceae..G5.	group	GERD	-0.342465953013742	0.397420019066472	128	31	0.390476986892758	0.988145844381673	Kawar_2021	GERD
g__Lachnoanaerobaculum	group	GERD	-0.342456435840541	0.39322269948347	128	118	0.385466715197059	0.988145844381673	Kawar_2021	GERD
g__Lachnospiraceae..G3.	group	GERD	-0.322364852868404	0.36615088352801	128	44	0.380310544968481	0.988145844381673	Kawar_2021	GERD
g__Peptococcus	group	GERD	-0.327484187424277	0.528694028346002	128	59	0.536757486550335	0.991799301409473	Kawar_2021	GERD
g__Gallibacter	group	GERD	0.431106824884328	0.567414908247349	128	77	0.448809183792402	0.991799301409473	Kawar_2021	GERD
g__Parvimonas	group	GERD	-0.126008061208032	0.594475265822313	128	110	0.832476689308065	0.991799301409473	Kawar_2021	GERD
g__Filifactor	group	GERD	0.0785523351077264	0.540886789856341	128	43	0.884762296849131	0.991799301409473	Kawar_2021	GERD
g__Selenomonadaceae..G1.	group	GERD	0.175314855315042	0.375077376814636	128	29	0.641014033797459	0.991799301409473	Kawar_2021	GERD
g__Megasphaera	group	GERD	-0.368919151388585	0.581475237889905	128	113	0.526935006679879	0.991799301409473	Kawar_2021	GERD
g__Hornefia	group	GERD	0.0889390080355413	0.415381823934519	128	35	0.830804375361649	0.991799301409473	Kawar_2021	GERD
g__Anaerovoracaceae..G5.	group	GERD	0.0598717224838179	0.33665951642795	128	24	0.859133774702993	0.991799301409473	Kawar_2021	GERD
g__Anaerovoracaceae..G4.	group	GERD	-0.153158472322209	0.30999614978274	128	25	0.62211998415387	0.991799301409473	Kawar_2021	GERD
g__Peptidiphaga	group	GERD	-0.181130336183333	0.456910653770513	128	59	0.692462849446942	0.991799301409473	Kawar_2021	GERD
g__Patescibacteria..C1.O1.F1.G1.	group	GERD	-0.0290275419886355	0.16163487012816	128	13	0.857765195343072	0.991799301409473	Kawar_2021	GERD
g__Parvisynbacter	group	GERD	-0.0736520382460929	0.189491468556813	128	16	0.698166960684376	0.991799301409473	Kawar_2021	GERD
g__Haemophilus	group	GERD	-0.0713424365795738	0.401467507695385	128	103	0.859240706192069	0.991799301409473	Kawar_2021	GERD
g__Variovorax	group	GERD	-0.181796143362773	0.397661869772013	128	59	0.648341397754846	0.991799301409473	Kawar_2021	GERD
g__Leptothrix	group	GERD	0.0861999440242576	0.254451677489404	128	29	0.735348823612948	0.991799301409473	Kawar_2021	GERD
g__Cardiobacterium	group	GERD	0.0321578121326194	0.146747839958162	128	19	0.826898278551075	0.991799301409473	Kawar_2021	GERD
Unclassified_NA.8	group	GERD	0.154621634449688	0.271731066490826	128	34	0.570352435195251	0.991799301409473	Kawar_2021	GERD
Unclassified_NA.10	group	GERD	-0.144248043392376	0.224656633744612	128	18	0.52198624038733	0.991799301409473	Kawar_2021	GERD
Unclassified_f__Phyllobacteriaceae	group	GERD	0.355752999321538	0.532376163367336	128	85	0.505205139775051	0.991799301409473	Kawar_2021	GERD
g__Lautropia	group	GERD	-0.446634623502032	0.709591680192232	128	77	0.530210573600514	0.991799301409473	Kawar_2021	GERD
g__Campylobacter	group	GERD	-0.0853120016493831	0.231410903165745	128	121	0.712999683621729	0.991799301409473	Kawar_2021	GERD
g__Capnocytophaga	group	GERD	-0.520146941043984	0.626655473348935	128	111	0.40808801940187	0.991799301409473	Kawar_2021	GERD
g__Tannerella	group	GERD	0.138517249012321	0.51392256932877	128	95	0.787963207987187	0.991799301409473	Kawar_2021	GERD
g__Paludibacteraceae..G1.	group	GERD	-0.273806483350524	0.479259367561614	128	62	0.568806039400899	0.991799301409473	Kawar_2021	GERD
Unclassified_f__Prevotellaceae	group	GERD	-0.36382968104992103	0.467044848936137	128	78	0.437438130460674	0.991799301409473	Kawar_2021	GERD
g__Hoylesella	group	GERD	-0.0575309400498926	0.518429674482714	128	115	0.911815486779677	0.991799301409473	Kawar_2021	GERD
g__Prevotella	group	GERD	-0.0845696436237619	0.325010462457706	128	128	0.795129680389356	0.991799301409473	Kawar_2021	GERD
g__Segatella	group	GERD	-0.322347014802767	0.4391799036701	128	120	0.464327655702148	0.991799301409473	Kawar_2021	GERD
g__Odoribacteraceae..G3.	group	GERD	0.0462669622626424	0.364649088309276	128	38	0.899237013598717	0.991799301409473	Kawar_2021	GERD
g__Flavitalea	group	GERD	0.245918699216185	0.397912308699334	128	121	0.537676094092533	0.991799301409473	Kawar_2021	GERD
g__Propionibacterium	group	GERD	0.092926966001191	0.295197430089947	128	26	0.753437258465604	0.991799301409473	Kawar_2021	GERD
g__Schaalia	group	GERD	-0.215734885453525	0.299694688052288	128	128	0.472951206875315	0.991799301409473	Kawar_2021	GERD
g__Actinomyces	group	GERD	0.084925999947091907	0.278816283004457	128	120	0.761177270322889	0.991799301409473	Kawar_2021	GERD
g__Corynebacterium	group	GERD	0.274960677580514	0.558349504833181	128	99	0.623256405649415	0.991799301409473	Kawar_2021	GERD
g__Rothia	group	GERD	0.128418249628814	0.28800502348422	128	128	0.656442735165621	0.991799301409473	Kawar_2021	GERD
g__Fusobacterium	group	GERD	-0.0715050456248096	0.489281702825479	128	124	0.884042135913729	0.991799301409473	Kawar_2021	GERD
g__Sneathia	group	GERD	-0.0635566917572705	0.298453586871829	128	15	0.831707506102697	0.991799301409473	Kawar_2021	GERD
g__Leptotrichia	group	GERD	-0.439380788650602	0.575714140755191	128	113	0.446775102959238	0.991799301409473	Kawar_2021	GERD
Unclassified_f__Atopobiaceae	group	GERD	-0.051941301295698	0.381756479442535	128	28	0.891991994510519	0.991799301409473	Kawar_2021	GERD
g__Slackia	group	GERD	-0.0543900755590553	0.227430904284639	128	24	0.811377920410362	0.991799301409473	Kawar_2021	GERD
Unclassified_NA.17	group	GERD	0.0510786924952066	0.158617688007082	128	13	0.747968213075708	0.991799301409473	Kawar_2021	GERD
g__Kingella	group	GERD	0.0809929472886391	0.547926626523231	128	83	0.882723365886535	0.991799301409473	Kawar_2021	GERD
g__Treponema	group	GERD	0.0703758811702377	0.590593360186327	128	87	0.905337332478819	0.991799301409473	Kawar_2021	GERD
g__Eggerthia	group	GERD	-0.189711064798058	0.269258660178404	128	14	0.482379310281273	0.991799301409473	Kawar_2021	GERD
g__Butyrivibrio	group	GERD	-0.0594745176877839	0.264585850548763	128	25	0.822511880600163	0.991799301409473	Kawar_2021	GERD
g__Shuttleworthia	group	GERD	-0.0828197583519182	0.213220469166932	128	23	0.698358467523467	0.991799301409473	Kawar_2021	GERD
Unclassified_f__Lachnospiraceae	group	GERD	-0.218641636204508	0.436985402339127	128	69	0.617707895733379	0.991799301409473	Kawar_2021	GERD
g__Lachnospiraceae..G2.	group	GERD	-0.206129688412259	0.566179850800958	128	52	0.716415180125071	0.991799301409473	Kawar_2021	GERD
g__Oribacterium	group	GERD	-0.27869798434187	0.413287331672426	128	115	0.501327759022379	0.991799301409473	Kawar_2021	GERD
g__Stomatobaculum	group	GERD	0.132916847937148	0.552864932153497	128	75	0.810399518725639	0.991799301409473	Kawar_2021	GERD
Unclassified_NA.18	group	GERD	-0.0423749269786421	0.247917952859229	128	17	0.864558338550186	0.991799301409473	Kawar_2021	GERD
g__Metamycoplasma	group	GERD	0.203750232061876	0.418298228786279	128	55	0.627038583123267	0.991799301409473	Kawar_2021	GERD
g__Lancefieldella	group	GERD	-0.12690536176849	0.380769966669418	128	123	0.739472240277705	0.991799301409473	Kawar_2021	GERD
g__Abiotrophia	group	GERD	-0.208792565406355	0.55426972679004	128	57	0.707031313669956	0.991799301409473	Kawar_2021	GERD
g__Limosilactobacillus	group	GERD	0.394822073341405	0.681684102068079	128	47	0.563497527632882	0.991799301409473	Kawar_2021	GERD
Unclassified_NA.19	group	GERD	0.224211090864439	0.397076398479017	128	51	0.573312461175291	0.991799301409473	Kawar_2021	GERD
g__Desulfobulbus	group	GERD	-0.221133687012908	0.269636674624958	128	19	0.413698022013398	0.991799301409473	Kawar_2021	GERD
g__Pseudoramibacter	group	GERD	0.198228396899823	0.299417536563346	128	25	0.509150325658127	0.991799301409473	Kawar_2021	GERD
g__Staphylococcus	group	GERD	0.169764194423729	0.363008434571619	128	36	0.64083623862885	0.991799301409473	Kawar_2021	GERD
g__Selenomonas	group	GERD	0.280001253291607	0.533331939431838	128	102	0.600503163814584	0.991799301409473	Kawar_2021	GERD
g__Mitsuokella	group	GERD	-0.162865159895746	0.301138357361175	128	22	0.589578449510919	0.991799301409473	Kawar_2021	GERD
g__Veillonella	group	GERD	0.178202524954183	0.252548908104212	128	128	0.481729547679255	0.991799301409473	Kawar_2021	GERD
Unclassified_NA.23	group	GERD	-0.0680305808178459	0.240621924731224	128	18	0.777849204347236	0.991799301409473	Kawar_2021	GERD
g__Anaeroglobus	group	GERD	0.222011167037762	0.40335533695782	128	50	0.583012074920982	0.991799301409473	Kawar_2021	GERD
g__Dialister	group	GERD	0.146879768081932	0.57199560646807	128	91	0.797763745142801	0.991799301409473	Kawar_2021	GERD
g__Saccharimonas	group	GERD	-0.0539789833456174	0.537183433999818	128	70	0.920118848559505	0.992128149751119	Kawar_2021	GERD
Unclassified_NA	group	GERD	-0.0270365878939447	0.336658254798901	128	125	0.936119153077252	0.992704911589684	Kawar_2021	GERD
g__Nanoperiomorbus	group	GERD	-0.0320062364128706	0.460262867780952	128	49	0.944670802964376	0.992704911589684	Kawar_2021	GERD
g__Cryptobacterium	group	GERD	0.0263187700429915	0.357420087500587	128	37	0.94141727457995	0.992704911589684	Kawar_2021	GERD
Unclassified_NA.9	group	GERD	0.00923545540964247	0.264827275353812	128	22	0.972235793955205	0.995459901561877	Kawar_2021	GERD
Unclassified_NA.11	group	GERD	0.00987447341628855	0.221313410945651	128	15	0.964482746825429	0.995459901561877	Kawar_2021	GERD
g__Ralstonia	group	GERD	0.0129678751571832	0.325103929069546	128	31	0.96824523449037	0.995459901561877	Kawar_2021	GERD
g__Eikenella	group	GERD	0.00654880557757206	0.392542195001769	128	56	0.986715848484353	0.995459901561877	Kawar_2021	GERD
g__Olsenella	group	GERD	0.0029360180789866	0.362639053404597	128	21	0.993552998875679	0.995459901561877	Kawar_2021	GERD
g__Lacticaseibacillus	group	GERD	-0.00182196795240642	0.319559304940756	128	15	0.995459901561877	0.995459901561877	Kawar_2021	GERD
g__Phocaeicola	group	IBS-D	-2.2229764578697	0.294642702710717	62	9	2.93722627550195e-10	2.23229196938148e-8	Tang_2023	IBS-D
g__Campylobacter	group	IBS-D	-2.69741066905296	0.484990476726029	62	57	6.53656421550334e-7	2.48389440189127e-5	Tang_2023	IBS-D
g__Fretibacterium	group	IBS-D	-1.74325128005583	0.350974849231855	62	9	5.96807608697426e-6	1.5119126087001e-4	Tang_2023	IBS-D
g__Lautropia	group	IBS-D	-2.95477650369801	0.635968597054414	62	50	1.89708825659383e-5	3.0831434824571e-4	Tang_2023	IBS-D
g__Pseudomonas	group	IBS-D	2.26984586142313	0.493139686365116	62	53	2.21221411077242e-5	3.0831434824571e-4	Tang_2023	IBS-D
g__Cloacibacterium	group	IBS-D	-2.04087117361237	0.446008091332848	62	11	2.43406064404512e-5	3.0831434824571e-4	Tang_2023	IBS-D
g__Rothia	group	IBS-D	-2.03487474966782	0.474188204142593	62	62	6.5727952517521e-5	7.1361777019022e-4	Tang_2023	IBS-D
g__Bacteroides	group	IBS-D	-1.35133186039775	0.323423856009887	62	7	9.67759701311979e-5	9.1937171624638e-4	Tang_2023	IBS-D
g__Mobiluncus	group	IBS-D	-0.872489479320602	0.250779860596518	62	8	9.431615066636e-4	0.0079644749451593	Tang_2023	IBS-D
g__Peptostreptococcus	group	IBS-D	1.76306584595943	0.544968484671254	62	61	0.00197950579704177	0.0150442440575174	Tang_2023	IBS-D
g__Arthrospira	group	IBS-D	-1.77326933501207	0.561310742888108	62	11	0.00247834811773186	0.0171231324497838	Tang_2023	IBS-D
g__Alloprevotella	group	IBS-D	1.09411439927035	0.433167223814525	62	62	0.0142000391303098	0.0882882883120122	Tang_2023	IBS-D
g__Odoribacteraceae..G5.	group	IBS-D	-1.62864765110842	0.650994790003187	62	32	0.0151019440533705	0.0882882883120122	Tang_2023	IBS-D
g__Dialister	group	IBS-D	-1.88060432510754	0.765472042065204	62	31	0.0169280102192433	0.0918949126187491	Tang_2023	IBS-D
g__Kingella	group	IBS-D	-1.27545045027825	0.559016510534227	62	23	0.0260757602345408	0.115289507089738	Tang_2023	IBS-D
g__Odoribacteraceae..G3.	group	IBS-D	-0.820338540911066	0.353230693023374	62	10	0.0236225554500707	0.115289507089738	Tang_2023	IBS-D
g__Parvimonas	group	IBS-D	2.06942770420197	0.89604120307162	62	55	0.0243731293359007	0.115289507089738	Tang_2023	IBS-D
g__Oribacterium	group	IBS-D	-0.785913140590691	0.347377630467817	62	62	0.0273054095738852	0.115289507089738	Tang_2023	IBS-D
g__Paludibacteraceae..G1.	group	IBS-D	-1.39127247180926	0.6477970215765	62	23	0.0357864660510335	0.138482535163065	Tang_2023	IBS-D
Unclassified_NA.3	group	IBS-D	2.08263407639241	0.992481046859346	62	41	0.0400870496524662	0.138482535163065	Tang_2023	IBS-D
g__Lachnospiraceae..G8.	group	IBS-D	-1.30054335384199	0.610313892125261	62	24	0.0372010542929248	0.138482535163065	Tang_2023	IBS-D
g__Catonella	group	IBS-D	-0.870992491382576	0.411939137062612	62	61	0.0386476431238153	0.138482535163065	Tang_2023	IBS-D
g__Gallibacter	group	IBS-D	-0.727584512505446	0.356151586816012	62	9	0.0454618172132717	0.150221656878637	Tang_2023	IBS-D
g__Anaerovoracaceae..G1.	group	IBS-D	0.929629384968243	0.471829605326084	62	61	0.0534279978741829	0.169188659934913	Tang_2023	IBS-D
Unclassified_NA.1	group	IBS-D	-0.985248570002627	0.521957689468973	62	10	0.0639184943089182	0.192945650808212	Tang_2023	IBS-D
g__Hallella	group	IBS-D	1.39216456263706	0.743465464296252	62	33	0.0660077226449146	0.192945650808212	Tang_2023	IBS-D
g__Corynebacterium	group	IBS-D	-1.1031024912226	0.638351806361593	62	38	0.0891235897042037	0.25086640064887	Tang_2023	IBS-D
Unclassified_f__Neisseriaceae	group	IBS-D	-0.668926643282896	0.3970350463655	62	10	0.0972214888436014	0.263886898289775	Tang_2023	IBS-D
g__Actinomyces	group	IBS-D	-1.2692078988487	0.808568277037674	62	56	0.121744573019792	0.312179830000504	Tang_2023	IBS-D
g__Mogibacterium	group	IBS-D	-0.892364617432018	0.570801450590938	62	51	0.123228880263357	0.312179830000504	Tang_2023	IBS-D
g__Sneathia	group	IBS-D	-0.845133232162616	0.579475726971195	62	12	0.149933175313119	0.356091291368658	Tang_2023	IBS-D
g__Filifactor	group	IBS-D	-0.892798403893735	0.611027578271353	62	29	0.149193774306329	0.356091291368658	Tang_2023	IBS-D
g__Neisseria	group	IBS-D	0.58971461820817	0.434954514561307	62	62	0.180241631349502	0.402893058310652	Tang_2023	IBS-D
g__Lachnoanaerobaculum	group	IBS-D	-0.51932569573387	0.381208894535755	62	61	0.178191558754849	0.402893058310652	Tang_2023	IBS-D
g__Riemerella	group	IBS-D	-0.792328474928583	0.603889170062843	62	60	0.19450336809284	0.422350170715882	Tang_2023	IBS-D
g__Schaalia	group	IBS-D	-0.496141871225345	0.42976643539872	62	62	0.252895051223854	0.509314165749586	Tang_2023	IBS-D
g__Mitsuokella	group	IBS-D	-0.731694510094402	0.619368857960318	62	13	0.242123151220153	0.509314165749586	Tang_2023	IBS-D
g__Lachnospiraceae..G2.	group	IBS-D	-1.03268702892005	0.897893378023235	62	41	0.254657082874793	0.509314165749586	Tang_2023	IBS-D
g__Selenomonas	group	IBS-D	-0.759885304859665	0.702255956844905	62	56	0.283554203795827	0.525612670450802	Tang_2023	IBS-D
g__Hoylesella	group	IBS-D	0.556630161924134	0.507066590508949	62	62	0.276701482101109	0.525612670450802	Tang_2023	IBS-D
g__Abiotrophia	group	IBS-D	-0.420329036891459	0.380256105677189	62	12	0.273406017223163	0.525612670450802	Tang_2023	IBS-D
g__Eikenella	group	IBS-D	0.674586035385637	0.636377225377101	62	8	0.293374564561853	0.526193772815179	Tang_2023	IBS-D
g__Leptotrichia	group	IBS-D	-0.838404225804017	0.836556844230754	62	60	0.320267822286059	0.526193772815179	Tang_2023	IBS-D
g__Treponema	group	IBS-D	-0.978160683844601	0.943397868609586	62	50	0.303967182491486	0.526193772815179	Tang_2023	IBS-D
g__Weeksellaceae..G1.	group	IBS-D	-0.508644543386286	0.509465676625728	62	12	0.322100666111577	0.526193772815179	Tang_2023	IBS-D
g__Capnocytophaga	group	IBS-D	0.947432750093215	0.955527100598337	62	59	0.325409306872545	0.526193772815179	Tang_2023	IBS-D
g__Solobacterium	group	IBS-D	0.487521765264081	0.475413352660651	62	28	0.309258493315148	0.526193772815179	Tang_2023	IBS-D
g__Anaerovoracaceae..G5.	group	IBS-D	-0.722894947626247	0.757592039721959	62	33	0.343810622023228	0.544366818203444	Tang_2023	IBS-D
g__Eggerthia	group	IBS-D	0.169291314462986	0.217350349632763	62	10	0.439107597357336	0.667443547983151	Tang_2023	IBS-D
g__Streptococcus	group	IBS-D	-0.168887592757488	0.215977047391791	62	62	0.437307216242546	0.667443547983151	Tang_2023	IBS-D
g__Stomatobaculum	group	IBS-D	-0.631592091835558	0.849362123453834	62	25	0.46001600696573	0.68551404959599	Tang_2023	IBS-D
g__Segatella	group	IBS-D	-0.499226431920211	0.765243125460169	62	61	0.516650141520471	0.713916559191924	Tang_2023	IBS-D
g__Porphyromonas	group	IBS-D	0.427496498809636	0.647052605919688	62	62	0.511344573608911	0.713916559191924	Tang_2023	IBS-D
g__Ruminococcaceae..G1.	group	IBS-D	0.579947546200036	0.876040524216338	62	52	0.510499571725654	0.713916559191924	Tang_2023	IBS-D
g__Ruminococcaceae..G2.	group	IBS-D	0.478495056370815	0.717089307979204	62	56	0.507155430193539	0.713916559191924	Tang_2023	IBS-D
g__Peptoanaerobacter	group	IBS-D	-0.497683759374806	0.846966701051354	62	39	0.559001001406773	0.745563482425756	Tang_2023	IBS-D
g__Peptococcus	group	IBS-D	-0.354242079741301	0.603119267681252	62	37	0.559172611819317	0.745563482425756	Tang_2023	IBS-D
g__Ottowia	group	IBS-D	0.210061128037578	0.378573951815625	62	12	0.581043057397687	0.756817664600414	Tang_2023	IBS-D
g__Aggregatibacter	group	IBS-D	0.410774848629356	0.784461763917058	62	53	0.602458420891542	0.756817664600414	Tang_2023	IBS-D
g__Fusobacterium	group	IBS-D	0.218087263380989	0.410523580785857	62	62	0.597212509082259	0.756817664600414	Tang_2023	IBS-D
Unclassified_NA.2	group	IBS-D	-0.249858121297587	0.483809095103665	62	11	0.60744575711349	0.756817664600414	Tang_2023	IBS-D
g__Megasphaera	group	IBS-D	-0.441534170303948	1.11440793698066	62	42	0.693359219215052	0.849924204199095	Tang_2023	IBS-D
g__Tannerella	group	IBS-D	0.273657069615288	0.829850661432457	62	49	0.742724841402157	0.895985522961332	Tang_2023	IBS-D
g__Granulicatella	group	IBS-D	-0.0765357801812817	0.302092534153556	62	62	0.800862227778588	0.936392758633426	Tang_2023	IBS-D
g__Anaerovoracaceae..G2.	group	IBS-D	-0.123127794259005	0.4615967411421	62	27	0.790581524296463	0.936392758633426	Tang_2023	IBS-D
g__Veillonella	group	IBS-D	-0.0613055033771739	0.328762595688553	62	62	0.852702540277939	0.956822336574097	Tang_2023	IBS-D
g__Lachnospiraceae..G3.	group	IBS-D	0.170429729350615	0.897778009753338	62	32	0.850079170842194	0.956822336574097	Tang_2023	IBS-D
g__Moryella	group	IBS-D	-0.133388651536009	0.732430647181115	62	54	0.856104195882087	0.956822336574097	Tang_2023	IBS-D
g__Haemophilus	group	IBS-D	0.0614408296917067	0.415565426774055	62	62	0.882957872271813	0.972533308589243	Tang_2023	IBS-D
g__Moraxella	group	IBS-D	-0.0132758903979173	0.789560127702807	62	11	0.986640560731945	0.99621813042654	Tang_2023	IBS-D
g__Absconditicoccaceae..G1.	group	IBS-D	0.00189731571587972	0.398622652554348	62	17	0.99621813042654	0.99621813042654	Tang_2023	IBS-D
g__Lancefieldella	group	IBS-D	-0.0614936614967839	0.778190362247292	62	60	0.937278594363186	0.99621813042654	Tang_2023	IBS-D
g__Pseudoleptotrichia	group	IBS-D	-0.0316007125995331	0.682817844872338	62	60	0.963240888230893	0.99621813042654	Tang_2023	IBS-D
g__Prevotella	group	IBS-D	-0.0325446708225698	0.398690587331402	62	62	0.935213520525366	0.99621813042654	Tang_2023	IBS-D
g__Gemella	group	IBS-D	-0.00182117797040716	0.359328603366435	62	62	0.995972928936045	0.99621813042654	Tang_2023	IBS-D
g__Butyrivibrio	group	IBS-D	0.013037634134258	0.790577375563126	62	42	0.986897173820087	0.99621813042654	Tang_2023	IBS-D
