feature	metadata	value	coef	stderr	N	N.not.0	pval	qval	study	disease
3-HYDROXYPHENYLACETATE-DEGRADATION-PWY	group	GERD	-0.364877151383752	0.308901051595403	26	3	0.249092516302689	0.90197076167089	Ziganshina_2020	GERD
ALL-CHORISMATE-PWY	group	GERD	-0.536284266824848	0.963806315735129	26	17	0.583073008906832	0.90197076167089	Ziganshina_2020	GERD
ANAEROFRUCAT-PWY	group	GERD	0.0217524933449771	0.0517329917799035	26	26	0.677878646970048	0.90197076167089	Ziganshina_2020	GERD
ARG+POLYAMINE-SYN	group	GERD	0.201982180566371	0.166248896980898	26	26	0.236207618272312	0.90197076167089	Ziganshina_2020	GERD
ARGSYN-PWY	group	GERD	0.218461701443492	0.120553542052651	26	26	0.0824933759232181	0.90197076167089	Ziganshina_2020	GERD
ARGSYNBSUB-PWY	group	GERD	0.206345010630379	0.134530398847112	26	26	0.138152805419809	0.90197076167089	Ziganshina_2020	GERD
BIOTIN-BIOSYNTHESIS-PWY	group	GERD	-0.256672666794546	0.175458333164895	26	26	0.156476743189419	0.90197076167089	Ziganshina_2020	GERD
BRANCHED-CHAIN-AA-SYN-PWY	group	GERD	0.0949013941470229	0.0416924589758213	26	26	0.0320430725712273	0.90197076167089	Ziganshina_2020	GERD
CALVIN-PWY	group	GERD	-0.0181705416623712	0.0217786897192266	26	26	0.412324825548766	0.90197076167089	Ziganshina_2020	GERD
CATECHOL-ORTHO-CLEAVAGE-PWY	group	GERD	-0.386621693990434	0.458401129456776	26	4	0.407325129409405	0.90197076167089	Ziganshina_2020	GERD
CENTFERM-PWY	group	GERD	-0.514489102841573	0.432596146734201	26	26	0.245953175800597	0.90197076167089	Ziganshina_2020	GERD
CHLOROPHYLL-SYN	group	GERD	0.337869135780492	0.321555060255933	26	3	0.30384589145582	0.90197076167089	Ziganshina_2020	GERD
COA-PWY	group	GERD	-0.0239233303838231	0.0271696373054238	26	26	0.38731183680175	0.90197076167089	Ziganshina_2020	GERD
CODH-PWY	group	GERD	-0.360384647890834	0.578420110681715	26	26	0.539127795697503	0.90197076167089	Ziganshina_2020	GERD
COLANSYN-PWY	group	GERD	-0.0869551939397698	0.0943733088199684	26	26	0.366013651032457	0.90197076167089	Ziganshina_2020	GERD
COMPLETE-ARO-PWY	group	GERD	0.00849921575807349	0.0190207864898698	26	26	0.658998105236752	0.90197076167089	Ziganshina_2020	GERD
DAPLYSINESYN-PWY	group	GERD	0.035476061958401	0.0521737156475246	26	26	0.503036198970387	0.90197076167089	Ziganshina_2020	GERD
DENITRIFICATION-PWY	group	GERD	-0.403079569393506	0.522889635747984	26	26	0.448307401398524	0.90197076167089	Ziganshina_2020	GERD
FAO-PWY	group	GERD	-0.543045984205582	0.482532671036054	26	26	0.271545334199857	0.90197076167089	Ziganshina_2020	GERD
FASYN-ELONG-PWY	group	GERD	-0.081043502929792	0.0398934366350853	26	26	0.0534186854072099	0.90197076167089	Ziganshina_2020	GERD
FERMENTATION-PWY	group	GERD	-0.0706113731968949	0.0733583579424417	26	26	0.345370142588098	0.90197076167089	Ziganshina_2020	GERD
FOLSYN-PWY	group	GERD	-0.049367698352076	0.0275763538867423	26	26	0.086043982652177	0.90197076167089	Ziganshina_2020	GERD
FUC-RHAMCAT-PWY	group	GERD	0.383239883385113	0.206768038475001	26	26	0.076147179344263	0.90197076167089	Ziganshina_2020	GERD
FUCCAT-PWY	group	GERD	0.440804996621303	0.243833383276712	26	26	0.0831860785027892	0.90197076167089	Ziganshina_2020	GERD
GALACT-GLUCUROCAT-PWY	group	GERD	0.267015875472714	0.218955725406248	26	26	0.234505239440168	0.90197076167089	Ziganshina_2020	GERD
GALACTUROCAT-PWY	group	GERD	0.238662053376689	0.191903268705471	26	26	0.225636647247084	0.90197076167089	Ziganshina_2020	GERD
GALLATE-DEGRADATION-I-PWY	group	GERD	0.583292624380046	0.589942206718204	26	6	0.332660095823417	0.90197076167089	Ziganshina_2020	GERD
GLCMANNANAUT-PWY	group	GERD	-0.0406470571426257	0.0936766478560086	26	26	0.66823083874618	0.90197076167089	Ziganshina_2020	GERD
GLUCONEO-PWY	group	GERD	0.0526553089444254	0.0326416318275109	26	26	0.119788830878462	0.90197076167089	Ziganshina_2020	GERD
GLUCOSE1PMETAB-PWY	group	GERD	0.101244570664428	0.174486291058837	26	26	0.567158773887335	0.90197076167089	Ziganshina_2020	GERD
GLUCUROCAT-PWY	group	GERD	0.284230988790716	0.207725596873456	26	26	0.183892447613746	0.90197076167089	Ziganshina_2020	GERD
GLUTORN-PWY	group	GERD	0.23096022765261	0.167000402090088	26	26	0.179400012495468	0.90197076167089	Ziganshina_2020	GERD
GLYCOCAT-PWY	group	GERD	0.0650390403849732	0.100681573619852	26	26	0.524416708198129	0.90197076167089	Ziganshina_2020	GERD
GLYCOL-GLYOXDEG-PWY	group	GERD	-0.381265098243772	0.848966747686424	26	25	0.657393670916377	0.90197076167089	Ziganshina_2020	GERD
GLYCOLYSIS-E-D	group	GERD	0.106725273872058	0.0862943447261027	26	26	0.228142838696516	0.90197076167089	Ziganshina_2020	GERD
GLYCOLYSIS-TCA-GLYOX-BYPASS	group	GERD	-0.396803059816788	0.834286821706386	26	25	0.638646093097202	0.90197076167089	Ziganshina_2020	GERD
GLYOXYLATE-BYPASS	group	GERD	-0.409453782502392	0.869751451903361	26	25	0.642054933381278	0.90197076167089	Ziganshina_2020	GERD
GOLPDLCAT-PWY	group	GERD	-1.16730816165407	1.08454201607361	26	23	0.292487649880105	0.90197076167089	Ziganshina_2020	GERD
HEME-BIOSYNTHESIS-II	group	GERD	-0.0387496134370806	0.0642893341395956	26	26	0.552336486138578	0.90197076167089	Ziganshina_2020	GERD
HEXITOLDEGSUPER-PWY	group	GERD	0.165905197647588	0.15322505844709	26	26	0.289676143502684	0.90197076167089	Ziganshina_2020	GERD
HISDEG-PWY	group	GERD	-0.238138533498607	0.164674608614419	26	26	0.161078689003927	0.90197076167089	Ziganshina_2020	GERD
HISTSYN-PWY	group	GERD	0.24517066477463	0.121451501019861	26	26	0.0548286842838601	0.90197076167089	Ziganshina_2020	GERD
HOMOSER-METSYN-PWY	group	GERD	0.0497110019625971	0.0786524847577043	26	26	0.533340099445261	0.90197076167089	Ziganshina_2020	GERD
HSERMETANA-PWY	group	GERD	0.0723221904891848	0.0690242878496137	26	26	0.305178329487524	0.90197076167089	Ziganshina_2020	GERD
ILEUSYN-PWY	group	GERD	0.103283530603809	0.044963155056103	26	26	0.0306419520395996	0.90197076167089	Ziganshina_2020	GERD
KDO-NAGLIPASYN-PWY	group	GERD	-0.215665638882593	0.278577562613977	26	26	0.44639169656094	0.90197076167089	Ziganshina_2020	GERD
LACTOSECAT-PWY	group	GERD	0.211052938462007	0.247863726959798	26	26	0.402914925277473	0.90197076167089	Ziganshina_2020	GERD
MET-SAM-PWY	group	GERD	0.038449910369512	0.051269814494527	26	26	0.460572616850619	0.90197076167089	Ziganshina_2020	GERD
METHYLGALLATE-DEGRADATION-PWY	group	GERD	0.583288659244084	0.589916510741068	26	6	0.33264267259919	0.90197076167089	Ziganshina_2020	GERD
NAD-BIOSYNTHESIS-II	group	GERD	0.302206128159501	0.244473435062525	26	26	0.228364485544531	0.90197076167089	Ziganshina_2020	GERD
NADSYN-PWY	group	GERD	-0.32731354873923	0.282116856987699	26	3	0.257376835284857	0.90197076167089	Ziganshina_2020	GERD
NONMEVIPP-PWY	group	GERD	-0.0234353264976597	0.0494673744635371	26	26	0.639957281138675	0.90197076167089	Ziganshina_2020	GERD
NONOXIPENT-PWY	group	GERD	0.0192736834122904	0.0317881720094864	26	26	0.54999731691219	0.90197076167089	Ziganshina_2020	GERD
OANTIGEN-PWY	group	GERD	0.0297472672430288	0.0235341149871673	26	26	0.218367090555286	0.90197076167089	Ziganshina_2020	GERD
P105-PWY	group	GERD	-0.473521726768735	0.75035963636271	26	26	0.533965836958126	0.90197076167089	Ziganshina_2020	GERD
P108-PWY	group	GERD	-0.174134167593586	0.111434384576451	26	26	0.131223442395582	0.90197076167089	Ziganshina_2020	GERD
P122-PWY	group	GERD	0.197603189170931	0.198496887236168	26	26	0.329425934943304	0.90197076167089	Ziganshina_2020	GERD
P124-PWY	group	GERD	0.217890805370243	0.197900501260094	26	26	0.281811874665777	0.90197076167089	Ziganshina_2020	GERD
P125-PWY	group	GERD	0.133872598007009	0.236681959113299	26	26	0.576900983641003	0.90197076167089	Ziganshina_2020	GERD
P162-PWY	group	GERD	-0.146437843350226	0.337620017692564	26	26	0.668354336289935	0.90197076167089	Ziganshina_2020	GERD
P163-PWY	group	GERD	-0.322098782830576	0.47747479813525	26	26	0.50638437819881	0.90197076167089	Ziganshina_2020	GERD
P164-PWY	group	GERD	0.116215820037612	0.262093017240807	26	26	0.661437615815674	0.90197076167089	Ziganshina_2020	GERD
P184-PWY	group	GERD	0.47679436881456	0.597774301594321	26	5	0.43291457486134	0.90197076167089	Ziganshina_2020	GERD
P221-PWY	group	GERD	0.19874212349389	0.382823738021356	26	26	0.608412321678177	0.90197076167089	Ziganshina_2020	GERD
P281-PWY	group	GERD	0.639592931066233	0.602300295821301	26	6	0.298842806345312	0.90197076167089	Ziganshina_2020	GERD
P341-PWY	group	GERD	-0.754009293238987	0.801480577345151	26	14	0.356195874510995	0.90197076167089	Ziganshina_2020	GERD
P381-PWY	group	GERD	-0.118424537742376	0.157035770284982	26	3	0.458110209778387	0.90197076167089	Ziganshina_2020	GERD
P4-PWY	group	GERD	0.0644843449422421	0.0312668837050825	26	26	0.0501552861216954	0.90197076167089	Ziganshina_2020	GERD
P441-PWY	group	GERD	0.0248589183572589	0.0560247117912641	26	26	0.661224393357766	0.90197076167089	Ziganshina_2020	GERD
P461-PWY	group	GERD	0.153928867397037	0.232763101700035	26	26	0.514711890664759	0.90197076167089	Ziganshina_2020	GERD
P562-PWY	group	GERD	0.437226767752524	0.309870785013232	26	26	0.171077441611091	0.90197076167089	Ziganshina_2020	GERD
PANTO-PWY	group	GERD	-0.0454070649068364	0.059278070133974	26	26	0.451144270187108	0.90197076167089	Ziganshina_2020	GERD
PANTOSYN-PWY	group	GERD	-0.0333391222698399	0.0432814879187225	26	26	0.44864676690822197	0.90197076167089	Ziganshina_2020	GERD
PEPTIDOGLYCANSYN-PWY	group	GERD	-0.0208601128205849	0.0241134566256244	26	26	0.395558894454897	0.90197076167089	Ziganshina_2020	GERD
PHOSLIPSYN-PWY	group	GERD	-0.0277203707164072	0.0277548273035456	26	26	0.327875740005926	0.90197076167089	Ziganshina_2020	GERD
POLYAMINSYN3-PWY	group	GERD	-0.21884236688121	0.293135692542705	26	26	0.462582423238484	0.90197076167089	Ziganshina_2020	GERD
POLYAMSYN-PWY	group	GERD	0.19905775092382	0.183954946846146	26	26	0.28996093685176	0.90197076167089	Ziganshina_2020	GERD
POLYISOPRENSYN-PWY	group	GERD	-0.0630775700499259	0.0291986839092434	26	26	0.0409541408568321	0.90197076167089	Ziganshina_2020	GERD
PPGPPMET-PWY	group	GERD	-0.252926209266289	0.260091756175723	26	26	0.340526510332638	0.90197076167089	Ziganshina_2020	GERD
PROTOCATECHUATE-ORTHO-CLEAVAGE-PWY	group	GERD	-0.572698386836974	0.522930983272662	26	9	0.284311333605957	0.90197076167089	Ziganshina_2020	GERD
PRPP-PWY	group	GERD	0.0222220977401608	0.0424959078210438	26	26	0.605822226303084	0.90197076167089	Ziganshina_2020	GERD
PWY-181	group	GERD	-0.307018671884993	0.267914769939985	26	3	0.263111298452027	0.90197076167089	Ziganshina_2020	GERD
PWY-2941	group	GERD	0.11432800732848	0.129286598887869	26	26	0.385308307238121	0.90197076167089	Ziganshina_2020	GERD
PWY-2942	group	GERD	0.028496976995308	0.030250184742089	26	26	0.355557252287455	0.90197076167089	Ziganshina_2020	GERD
PWY-3001	group	GERD	0.0676540088123422	0.033637390503982	26	26	0.0556566617943096	0.90197076167089	Ziganshina_2020	GERD
PWY-3781	group	GERD	-0.342754185502343	0.543872339221697	26	26	0.534511704684183	0.90197076167089	Ziganshina_2020	GERD
PWY-5088	group	GERD	-0.409392013853022	0.456006562428828	26	26	0.37822315592364403	0.90197076167089	Ziganshina_2020	GERD
PWY-5097	group	GERD	0.0618527428935926	0.0352538339925246	26	26	0.0921066014838867	0.90197076167089	Ziganshina_2020	GERD
PWY-5101	group	GERD	0.105971446904654	0.0455881638688077	26	26	0.0288811240275047	0.90197076167089	Ziganshina_2020	GERD
PWY-5103	group	GERD	0.109251804482919	0.0477338367503743	26	26	0.0311929660261612	0.90197076167089	Ziganshina_2020	GERD
PWY-5104	group	GERD	0.0957947304470886	0.0563046837759039	26	26	0.101796975512632	0.90197076167089	Ziganshina_2020	GERD
PWY-5121	group	GERD	-0.0184839745337555	0.0435873041713028	26	26	0.675293271907002	0.90197076167089	Ziganshina_2020	GERD
PWY-5177	group	GERD	-0.518471062729711	0.474755803955464	26	26	0.28564013647536	0.90197076167089	Ziganshina_2020	GERD
PWY-5178	group	GERD	-0.229102099700079	0.204406942586594	26	3	0.273457551541058	0.90197076167089	Ziganshina_2020	GERD
PWY-5180	group	GERD	-0.190342145275356	0.412963570356554	26	4	0.649007426701393	0.90197076167089	Ziganshina_2020	GERD
PWY-5182	group	GERD	-0.190342145275356	0.412963570356554	26	4	0.649007426701393	0.90197076167089	Ziganshina_2020	GERD
PWY-5189	group	GERD	-0.0309539632077255	0.0565258170067205	26	26	0.589018433891636	0.90197076167089	Ziganshina_2020	GERD
PWY-5265	group	GERD	-1.28302452733997	0.760422757146213	26	10	0.104511317544539	0.90197076167089	Ziganshina_2020	GERD
PWY-5304	group	GERD	0.631457293927993	0.459297692958514	26	26	0.181884270111341	0.90197076167089	Ziganshina_2020	GERD
PWY-5345	group	GERD	-0.102676006101663	0.177981810752222	26	26	0.569385619863855	0.90197076167089	Ziganshina_2020	GERD
PWY-5347	group	GERD	0.0546476169517933	0.0616830232139695	26	26	0.384439675101794	0.90197076167089	Ziganshina_2020	GERD
PWY-5384	group	GERD	0.180646625235072	0.168899900349413	26	26	0.295462094592914	0.90197076167089	Ziganshina_2020	GERD
PWY-5415	group	GERD	-0.295005406877853	0.423586885601905	26	4	0.492840145946018	0.90197076167089	Ziganshina_2020	GERD
PWY-5417	group	GERD	-0.306281092018381	0.258171114859593	26	3	0.247096300430869	0.90197076167089	Ziganshina_2020	GERD
PWY-5419	group	GERD	-0.336604797749399	0.367546338689406	26	4	0.368874315010162	0.90197076167089	Ziganshina_2020	GERD
PWY-5420	group	GERD	-0.323901142840225	0.382981940642411	26	4	0.406054114314907	0.90197076167089	Ziganshina_2020	GERD
PWY-5430	group	GERD	-0.282370145500066	0.342229792660637	26	4	0.417446830413536	0.90197076167089	Ziganshina_2020	GERD
PWY-5431	group	GERD	-0.306281092018381	0.258171114859593	26	3	0.247096300430869	0.90197076167089	Ziganshina_2020	GERD
PWY-5505	group	GERD	0.174363188021651	0.165566047877579	26	26	0.302767670413009	0.90197076167089	Ziganshina_2020	GERD
PWY-5507	group	GERD	-0.252470898593538	0.321834025747848	26	3	0.44043603208903	0.90197076167089	Ziganshina_2020	GERD
PWY-5531	group	GERD	0.442145359434086	0.422458837333414	26	4	0.30571091523705	0.90197076167089	Ziganshina_2020	GERD
PWY-5647	group	GERD	-0.367451626534664	0.303626502998299	26	3	0.237983471849845	0.90197076167089	Ziganshina_2020	GERD
PWY-5651	group	GERD	-0.327517806335831	0.282262440987458	26	3	0.25732684545691	0.90197076167089	Ziganshina_2020	GERD
PWY-5654	group	GERD	-0.372166920565195	0.307414582787153	26	3	0.237823135306307	0.90197076167089	Ziganshina_2020	GERD
PWY-5655	group	GERD	-0.326252822614163	0.279372575134263	26	3	0.254356251242631	0.90197076167089	Ziganshina_2020	GERD
PWY-5667	group	GERD	-0.0483767263738296	0.0280075500317579	26	26	0.0969684042975026	0.90197076167089	Ziganshina_2020	GERD
PWY-5677	group	GERD	-0.414156037608644	0.342937258476714	26	26	0.238940050487914	0.90197076167089	Ziganshina_2020	GERD
PWY-5686	group	GERD	-0.014200594557344	0.0333582676312318	26	26	0.674120169754027	0.90197076167089	Ziganshina_2020	GERD
PWY-5695	group	GERD	0.0263518691682927	0.0440962649696432	26	26	0.555705002174865	0.90197076167089	Ziganshina_2020	GERD
PWY-5705	group	GERD	-0.632545333764906	0.632484433007032	26	25	0.327241239788399	0.90197076167089	Ziganshina_2020	GERD
PWY-5747	group	GERD	-0.575231539062378	0.785350736465057	26	26	0.470986143031195	0.90197076167089	Ziganshina_2020	GERD
PWY-5837	group	GERD	0.0992128094883285	0.134268604612466	26	26	0.467125452640528	0.90197076167089	Ziganshina_2020	GERD
PWY-5845	group	GERD	-0.63144730631458	1.05151884826338	26	17	0.553795601298316	0.90197076167089	Ziganshina_2020	GERD
PWY-5850	group	GERD	-0.63144730631458	1.05151884826338	26	17	0.553795601298316	0.90197076167089	Ziganshina_2020	GERD
PWY-5855	group	GERD	-0.363004203714421	0.546525475710297	26	26	0.512891314483737	0.90197076167089	Ziganshina_2020	GERD
PWY-5856	group	GERD	-0.363004203714421	0.546525475710297	26	26	0.512891314483737	0.90197076167089	Ziganshina_2020	GERD
PWY-5857	group	GERD	-0.363004203714421	0.546525475710297	26	26	0.512891314483737	0.90197076167089	Ziganshina_2020	GERD
PWY-5860	group	GERD	-0.642904990495453	1.06136730500972	26	17	0.550378323929016	0.90197076167089	Ziganshina_2020	GERD
PWY-5862	group	GERD	-0.642904990495453	1.06136730500972	26	17	0.550378323929016	0.90197076167089	Ziganshina_2020	GERD
PWY-5863	group	GERD	0.0946408362764143	0.128577914394158	26	26	0.468828880474826	0.90197076167089	Ziganshina_2020	GERD
PWY-5896	group	GERD	-0.63144730631458	1.05151884826338	26	17	0.553795601298316	0.90197076167089	Ziganshina_2020	GERD
PWY-5913	group	GERD	-0.0916886866393292	0.0995670669785089	26	26	0.366280844338845	0.90197076167089	Ziganshina_2020	GERD
PWY-5918	group	GERD	-0.0271362584484022	0.0418988654277467	26	26	0.523352074112736	0.90197076167089	Ziganshina_2020	GERD
PWY-5920	group	GERD	-0.569072066126958	0.691411569437657	26	26	0.41857830406203	0.90197076167089	Ziganshina_2020	GERD
PWY-5973	group	GERD	-0.0652491769744675	0.0233523549905329	26	26	0.0100657703009566	0.90197076167089	Ziganshina_2020	GERD
PWY-6121	group	GERD	-0.0118324511592362	0.0257887256009711	26	26	0.650489776022033	0.90197076167089	Ziganshina_2020	GERD
PWY-6122	group	GERD	-0.0130460122796783	0.0293408993959635	26	26	0.660566984379534	0.90197076167089	Ziganshina_2020	GERD
PWY-6125	group	GERD	0.020205643598451	0.0310263325173101	26	26	0.521077901152846	0.90197076167089	Ziganshina_2020	GERD
PWY-6126	group	GERD	-0.0266877531720285	0.0251692891119496	26	26	0.299549271854137	0.90197076167089	Ziganshina_2020	GERD
PWY-6143	group	GERD	-0.241365271211689	0.444354764136735	26	26	0.59201460141202	0.90197076167089	Ziganshina_2020	GERD
PWY-6147	group	GERD	-0.0315284399643744	0.0328365031748264	26	26	0.346546675659432	0.90197076167089	Ziganshina_2020	GERD
PWY-621	group	GERD	0.126569930374679	0.108829041958409	26	26	0.256256709894246	0.90197076167089	Ziganshina_2020	GERD
PWY-6210	group	GERD	-0.331714684967675	0.27545743603921	26	3	0.240242319729184	0.90197076167089	Ziganshina_2020	GERD
PWY-6263	group	GERD	0.267321172347055	0.406317070581067	26	26	0.516855666736015	0.90197076167089	Ziganshina_2020	GERD
PWY-6277	group	GERD	-0.0130460122796783	0.0293408993959635	26	26	0.660566984379534	0.90197076167089	Ziganshina_2020	GERD
PWY-6317	group	GERD	-0.0591073023354129	0.0705913559853125	26	26	0.410675558622833	0.90197076167089	Ziganshina_2020	GERD
PWY-6353	group	GERD	0.181667417114982	0.252863259527132	26	26	0.479421701396217	0.90197076167089	Ziganshina_2020	GERD
PWY-6383	group	GERD	0.198913856392632	0.241939373302989	26	26	0.419077134254096	0.90197076167089	Ziganshina_2020	GERD
PWY-6385	group	GERD	-0.0204881569528464	0.0241246871150892	26	26	0.40412813313683	0.90197076167089	Ziganshina_2020	GERD
PWY-6386	group	GERD	-0.0241986591696692	0.0243315195189567	26	26	0.329882364969736	0.90197076167089	Ziganshina_2020	GERD
PWY-6387	group	GERD	-0.0218157180774834	0.0244824043596902	26	26	0.381734161987177	0.90197076167089	Ziganshina_2020	GERD
PWY-6396	group	GERD	-0.251196588272049	0.321562364113384	26	26	0.44233743030707	0.90197076167089	Ziganshina_2020	GERD
PWY-6397	group	GERD	-0.354699006260819	0.774551499450089	26	24	0.651113961549178	0.90197076167089	Ziganshina_2020	GERD
PWY-6471	group	GERD	0.119213196434139	0.155697218153986	26	26	0.451335680713239	0.90197076167089	Ziganshina_2020	GERD
PWY-6478	group	GERD	0.450377077798636	0.317578312482531	26	26	0.16899865896989	0.90197076167089	Ziganshina_2020	GERD
PWY-6505	group	GERD	-0.326252822614163	0.279372575134263	26	3	0.254356251242631	0.90197076167089	Ziganshina_2020	GERD
PWY-6519	group	GERD	-0.278048019838576	0.189615587343854	26	26	0.155526770429783	0.90197076167089	Ziganshina_2020	GERD
PWY-6545	group	GERD	0.183764907990436	0.235044286238081	26	26	0.441959271183817	0.90197076167089	Ziganshina_2020	GERD
PWY-6562	group	GERD	-0.485926171237706	0.773529161894693	26	25	0.535809793574761	0.90197076167089	Ziganshina_2020	GERD
PWY-6572	group	GERD	0.217231625899185	0.369301507508692	26	26	0.561877769489031	0.90197076167089	Ziganshina_2020	GERD
PWY-6590	group	GERD	-0.511144611090249	0.42851387995906	26	26	0.244595394352466	0.90197076167089	Ziganshina_2020	GERD
PWY-6608	group	GERD	0.121854030643373	0.274807973222197	26	26	0.661437055534782	0.90197076167089	Ziganshina_2020	GERD
PWY-6612	group	GERD	-0.0654298635427991	0.0343241970157578	26	26	0.0686639465671718	0.90197076167089	Ziganshina_2020	GERD
PWY-6628	group	GERD	0.0892206624162603	0.0931469112027967	26	26	0.34768934111394	0.90197076167089	Ziganshina_2020	GERD
PWY-6630	group	GERD	0.0899898223268558	0.0904774939074802	26	26	0.329848790702827	0.90197076167089	Ziganshina_2020	GERD
PWY-6700	group	GERD	-0.0770855417812224	0.0386268374965338	26	26	0.057442233020379	0.90197076167089	Ziganshina_2020	GERD
PWY-6703	group	GERD	-0.0498264408669736	0.0539536096745751	26	26	0.364936212631622	0.90197076167089	Ziganshina_2020	GERD
PWY-6708	group	GERD	-0.363004203714421	0.546525475710297	26	26	0.512891314483737	0.90197076167089	Ziganshina_2020	GERD
PWY-6749	group	GERD	0.594743531542277	0.528082457350269	26	26	0.27120312680930603	0.90197076167089	Ziganshina_2020	GERD
PWY-6876	group	GERD	-0.26686514116131	0.227661493825372	26	3	0.252621070593286	0.90197076167089	Ziganshina_2020	GERD
PWY-6891	group	GERD	-0.309399864278692	0.293747219658208	26	26	0.302699268112858	0.90197076167089	Ziganshina_2020	GERD
PWY-6892	group	GERD	-0.399059071974177	0.202840694441135	26	26	0.0608044849696327	0.90197076167089	Ziganshina_2020	GERD
PWY-6895	group	GERD	-0.240040336985021	0.207330013983094	26	26	0.25835068947901	0.90197076167089	Ziganshina_2020	GERD
PWY-6897	group	GERD	-0.118268377875028	0.058256830793156	26	26	0.0535687294408334	0.90197076167089	Ziganshina_2020	GERD
PWY-6901	group	GERD	0.167101000406488	0.188411417676025	26	26	0.38393731700635497	0.90197076167089	Ziganshina_2020	GERD
PWY-7003	group	GERD	0.082269410251714	0.180689669971162	26	26	0.652980222611468	0.90197076167089	Ziganshina_2020	GERD
PWY-7007	group	GERD	-0.860646929281047	0.779664125104599	26	20	0.280595291804655	0.90197076167089	Ziganshina_2020	GERD
PWY-7031	group	GERD	-0.191658113192644	0.453720219393347	26	26	0.676482729313318	0.90197076167089	Ziganshina_2020	GERD
PWY-7090	group	GERD	-0.258889278598082	0.585758568923788	26	25	0.662465998207213	0.90197076167089	Ziganshina_2020	GERD
PWY-7111	group	GERD	0.109054891850403	0.0577464923817162	26	26	0.071102745688553	0.90197076167089	Ziganshina_2020	GERD
PWY-7159	group	GERD	0.442145359434086	0.422458837333414	26	4	0.30571091523705	0.90197076167089	Ziganshina_2020	GERD
PWY-7184	group	GERD	0.0300502984479536	0.0456124601661408	26	26	0.516284307734055	0.90197076167089	Ziganshina_2020	GERD
PWY-7187	group	GERD	0.0122797169128541	0.0269788743349389	26	26	0.653084685215484	0.90197076167089	Ziganshina_2020	GERD
PWY-7197	group	GERD	0.0442890759693762	0.0464576290692275	26	26	0.349930673033387	0.90197076167089	Ziganshina_2020	GERD
PWY-7198	group	GERD	-0.868363338343394	0.756206029939302	26	15	0.262155379483766	0.90197076167089	Ziganshina_2020	GERD
PWY-7199	group	GERD	-0.0699087610894892	0.0636736421798573	26	26	0.283131472964246	0.90197076167089	Ziganshina_2020	GERD
PWY-7210	group	GERD	-0.86808986479603	0.755945907055623	26	15	0.262141875301185	0.90197076167089	Ziganshina_2020	GERD
PWY-7219	group	GERD	-0.0124354419481726	0.024273161403399	26	26	0.613115068529822	0.90197076167089	Ziganshina_2020	GERD
PWY-7220	group	GERD	-0.045496596541999	0.0326787759701893	26	26	0.176617904105453	0.90197076167089	Ziganshina_2020	GERD
PWY-7222	group	GERD	-0.045496596541999	0.0326787759701893	26	26	0.176617904105453	0.90197076167089	Ziganshina_2020	GERD
PWY-7228	group	GERD	0.0281402039641109	0.0361436280692169	26	26	0.443844286741801	0.90197076167089	Ziganshina_2020	GERD
PWY-7229	group	GERD	-0.0239924652145779	0.0252800057459854	26	26	0.352045286357318	0.90197076167089	Ziganshina_2020	GERD
PWY-7237	group	GERD	0.387303756422657	0.2935049200265	26	26	0.199424984605552	0.90197076167089	Ziganshina_2020	GERD
PWY-7242	group	GERD	0.113647272852127	0.172980576653312	26	26	0.517435771263155	0.90197076167089	Ziganshina_2020	GERD
PWY-7315	group	GERD	1.00986135867277	0.721354182874742	26	20	0.174322346909414	0.90197076167089	Ziganshina_2020	GERD
PWY-7323	group	GERD	-0.063326271549817	0.100246606493952	26	26	0.533551193385254	0.90197076167089	Ziganshina_2020	GERD
PWY-7332	group	GERD	-0.475301197828028	0.377376280536766	26	26	0.219965333103618	0.90197076167089	Ziganshina_2020	GERD
PWY-7371	group	GERD	0.282286146139595	0.422524245079921	26	26	0.510447818439994	0.90197076167089	Ziganshina_2020	GERD
PWY-7374	group	GERD	-0.696086486874036	0.485549361734804	26	3	0.16458521947486	0.90197076167089	Ziganshina_2020	GERD
PWY-7376	group	GERD	-0.119596729678626	0.157769966310398	26	3	0.455803713275856	0.90197076167089	Ziganshina_2020	GERD
PWY-7377	group	GERD	0.185030425069772	0.223302692065867	26	26	0.415491004899295	0.90197076167089	Ziganshina_2020	GERD
PWY-7391	group	GERD	-1.05735149741341	0.760402554951268	26	23	0.177133336776273	0.90197076167089	Ziganshina_2020	GERD
PWY-7400	group	GERD	0.220132298380435	0.12067278459768	26	26	0.0805967229330059	0.90197076167089	Ziganshina_2020	GERD
PWY-7431	group	GERD	-0.569445883027508	0.674724492690158	26	10	0.407021274380035	0.90197076167089	Ziganshina_2020	GERD
PWY-7539	group	GERD	-0.0311573337800022	0.0345924156194166	26	26	0.376698477958936	0.90197076167089	Ziganshina_2020	GERD
PWY-7560	group	GERD	-0.0234353264976597	0.0494673744635371	26	26	0.639957281138675	0.90197076167089	Ziganshina_2020	GERD
PWY-7663	group	GERD	-0.0519482106544784	0.0270761466614273	26	26	0.0670057103205945	0.90197076167089	Ziganshina_2020	GERD
PWY-841	group	GERD	0.0118036691742122	0.0232820200321258	26	26	0.61679108029204	0.90197076167089	Ziganshina_2020	GERD
PWY0-1061	group	GERD	-0.128600419905508	0.189839348979163	26	26	0.504619700151384	0.90197076167089	Ziganshina_2020	GERD
PWY0-1241	group	GERD	0.157767564620605	0.161943704789635	26	26	0.339668743835653	0.90197076167089	Ziganshina_2020	GERD
PWY0-1261	group	GERD	-0.082176143717302	0.102412963561979	26	26	0.430196145758606	0.90197076167089	Ziganshina_2020	GERD
PWY0-1296	group	GERD	0.0475806830009021	0.107692304709765	26	26	0.66257447955553	0.90197076167089	Ziganshina_2020	GERD
PWY0-1298	group	GERD	0.0605383707744364	0.103396272027515	26	26	0.563678030236544	0.90197076167089	Ziganshina_2020	GERD
PWY0-1319	group	GERD	-0.0483767263738296	0.0280075500317579	26	26	0.0969684042975024	0.90197076167089	Ziganshina_2020	GERD
PWY0-1415	group	GERD	0.109108198135799	0.139504034478849	26	26	0.441795527155518	0.90197076167089	Ziganshina_2020	GERD
PWY0-1586	group	GERD	0.105109004116209	0.102094729636483	26	26	0.31349782647179403	0.90197076167089	Ziganshina_2020	GERD
PWY0-162	group	GERD	0.015043101532905	0.027111826715403	26	26	0.584129262601926	0.90197076167089	Ziganshina_2020	GERD
PWY0-166	group	GERD	0.0126338471529289	0.0282819820311658	26	26	0.659089369563217	0.90197076167089	Ziganshina_2020	GERD
PWY0-41	group	GERD	-0.818471744650458	0.677262054082617	26	25	0.238627500240138	0.90197076167089	Ziganshina_2020	GERD
PWY0-42	group	GERD	-0.871000494082643	0.943472226042037	26	22	0.365099073874125	0.90197076167089	Ziganshina_2020	GERD
PWY0-781	group	GERD	0.0722099974070081	0.0300711642236095	26	26	0.0244400273665743	0.90197076167089	Ziganshina_2020	GERD
PWY0-845	group	GERD	-0.521834089860462	0.360554256055939	26	26	0.160746836445141	0.90197076167089	Ziganshina_2020	GERD
PWY490-3	group	GERD	0.396389428976293	0.370622882283326	26	26	0.295473638833772	0.90197076167089	Ziganshina_2020	GERD
PWYG-321	group	GERD	0.0372337595603999	0.0842183946691527	26	26	0.66236830801384	0.90197076167089	Ziganshina_2020	GERD
PYRIDOXSYN-PWY	group	GERD	-0.645993291451504	0.437291169825254	26	26	0.152608862476212	0.90197076167089	Ziganshina_2020	GERD
REDCITCYC	group	GERD	-0.226496364006737	0.396060650726213	26	26	0.572725949629373	0.90197076167089	Ziganshina_2020	GERD
RHAMCAT-PWY	group	GERD	0.181966254271475	0.228352560177058	26	26	0.433342087994155	0.90197076167089	Ziganshina_2020	GERD
SALVADEHYPOX-PWY	group	GERD	0.220010142985395	0.287636060709914	26	26	0.451792833911284	0.90197076167089	Ziganshina_2020	GERD
SER-GLYSYN-PWY	group	GERD	-0.0665516123787088	0.0479771900346897	26	26	0.178144136760275	0.90197076167089	Ziganshina_2020	GERD
SO4ASSIM-PWY	group	GERD	-0.142560121168868	0.248887532703378	26	26	0.57211513735291	0.90197076167089	Ziganshina_2020	GERD
SULFATE-CYS-PWY	group	GERD	-0.129135049421978	0.191147757060905	26	26	0.505767028945013	0.90197076167089	Ziganshina_2020	GERD
TCA-GLYOX-BYPASS	group	GERD	-0.407880254838874	0.849857473979251	26	25	0.635615531379819	0.90197076167089	Ziganshina_2020	GERD
TEICHOICACID-PWY	group	GERD	0.510358243385455	0.537891856961178	26	26	0.352173255251168	0.90197076167089	Ziganshina_2020	GERD
THISYN-PWY	group	GERD	-0.221131560931375	0.107618050550014	26	26	0.0509417748329018	0.90197076167089	Ziganshina_2020	GERD
THRESYN-PWY	group	GERD	0.0255613785209052	0.0359824358587179	26	26	0.484311874118615	0.90197076167089	Ziganshina_2020	GERD
TRNA-CHARGING-PWY	group	GERD	-0.0236465631988564	0.0290032654173812	26	26	0.422914326530823	0.90197076167089	Ziganshina_2020	GERD
TRPSYN-PWY	group	GERD	0.119436729591689	0.0590603533389082	26	26	0.0544284514463043	0.90197076167089	Ziganshina_2020	GERD
TYRFUMCAT-PWY	group	GERD	-1.16599003454086	0.809704039735961	26	23	0.16277977034065	0.90197076167089	Ziganshina_2020	GERD
UBISYN-PWY	group	GERD	-0.374866143696866	0.552778585028661	26	26	0.504163836112925	0.90197076167089	Ziganshina_2020	GERD
UDPNAGSYN-PWY	group	GERD	0.042137369302519	0.035594104728544	26	26	0.248073418612008	0.90197076167089	Ziganshina_2020	GERD
VALDEG-PWY	group	GERD	0.151386704852071	0.269466359086351	26	4	0.579460303942133	0.90197076167089	Ziganshina_2020	GERD
VALSYN-PWY	group	GERD	0.103283530603809	0.044963155056103	26	26	0.0306419520395996	0.90197076167089	Ziganshina_2020	GERD
METH-ACETATE-PWY	group	GERD	-0.286461872985829	0.727015701445157	26	12	0.697042271610219	0.914285041045893	Ziganshina_2020	GERD
PWY-5022	group	GERD	-0.100208344259695	0.255609840408872	26	26	0.698491056202763	0.914285041045893	Ziganshina_2020	GERD
PWY-6123	group	GERD	-0.0116478020061583	0.0291480045495202	26	26	0.692978720614571	0.914285041045893	Ziganshina_2020	GERD
PWY0-1297	group	GERD	0.046397201712867	0.1160872075678	26	26	0.692930384448844	0.914285041045893	Ziganshina_2020	GERD
RIBOSYN2-PWY	group	GERD	-0.0154299785864263	0.0400296697700578	26	26	0.703289375889096	0.916838781523437	Ziganshina_2020	GERD
PWY-6737	group	GERD	-0.0177501797129802	0.0472948287352195	26	26	0.710727122553182	0.921777888620043	Ziganshina_2020	GERD
PWY-7196	group	GERD	0.0110283466229272	0.0296077593476251	26	26	0.712803398342829	0.921777888620043	Ziganshina_2020	GERD
PWY-5910	group	GERD	0.0694936408004749	0.191821686386933	26	26	0.720311585453616	0.925056855669132	Ziganshina_2020	GERD
PWY-922	group	GERD	0.0742948749462518	0.205669351356265	26	26	0.721084691841466	0.925056855669132	Ziganshina_2020	GERD
NAGLIPASYN-PWY	group	GERD	-0.0357632198656546	0.100272293624684	26	26	0.724462237906975	0.925701748436691	Ziganshina_2020	GERD
PWY-7200	group	GERD	-0.0110440221266267	0.0331387477887194	26	26	0.741827414868507	0.944143982559918	Ziganshina_2020	GERD
ENTBACSYN-PWY	group	GERD	0.136073583213196	0.453684428609756	26	26	0.766812937179244	0.946490918587033	Ziganshina_2020	GERD
P23-PWY	group	GERD	0.0505172595000941	0.172200769483252	26	26	0.771766820584789	0.946490918587033	Ziganshina_2020	GERD
PWY-4984	group	GERD	-0.270073576425543	0.870573993778501	26	24	0.759068008097696	0.946490918587033	Ziganshina_2020	GERD
PWY-5676	group	GERD	0.0939587043281017	0.30033892897386	26	26	0.757102844550774	0.946490918587033	Ziganshina_2020	GERD
PWY-5897	group	GERD	0.0253756532537422	0.087009306496398	26	26	0.773065563939098	0.946490918587033	Ziganshina_2020	GERD
PWY-5898	group	GERD	0.0253756532537422	0.087009306496398	26	26	0.773065563939098	0.946490918587033	Ziganshina_2020	GERD
PWY-5899	group	GERD	0.0253756532537422	0.087009306496398	26	26	0.773065563939098	0.946490918587033	Ziganshina_2020	GERD
PWY-6163	group	GERD	-0.00735966322723526	0.0248756064125801	26	26	0.769882830301445	0.946490918587033	Ziganshina_2020	GERD
PWY-6609	group	GERD	-0.0170753891604905	0.054240618516757	26	26	0.755627986076498	0.946490918587033	Ziganshina_2020	GERD
PWY-7254	group	GERD	0.0484002300621389	0.150343432584983	26	26	0.750292195267117	0.946490918587033	Ziganshina_2020	GERD
ARO-PWY	group	GERD	0.00593424806796838	0.0212016247906387	26	26	0.781955607927996	0.947547432122232	Ziganshina_2020	GERD
LEU-DEG2-PWY	group	GERD	0.164121346182141	0.573645563267971	26	12	0.777254781744033	0.947547432122232	Ziganshina_2020	GERD
PENTOSE-P-PWY	group	GERD	-0.0248723497913176	0.0891995125468703	26	26	0.782756574361844	0.947547432122232	Ziganshina_2020	GERD
HEMESYN2-PWY	group	GERD	-0.0132999570051151	0.0554222383819687	26	26	0.812387393855335	0.951231784805156	Ziganshina_2020	GERD
P42-PWY	group	GERD	-0.0153631023581952	0.0631153690342931	26	26	0.80975400100319	0.951231784805156	Ziganshina_2020	GERD
PWY-1269	group	GERD	-0.0246400962013002	0.0988054215016217	26	26	0.805188834906543	0.951231784805156	Ziganshina_2020	GERD
PWY-5840	group	GERD	0.021893293959874	0.0830067308853464	26	26	0.79422154892548	0.951231784805156	Ziganshina_2020	GERD
PWY-5861	group	GERD	0.0280434558565299	0.103622391660778	26	26	0.788988506712845	0.951231784805156	Ziganshina_2020	GERD
PWY-6588	group	GERD	-0.0831246181881265	0.323488457958429	26	26	0.799397374971461	0.951231784805156	Ziganshina_2020	GERD
PWY-7208	group	GERD	-0.00769730654030554	0.0294036354408674	26	26	0.795724102552324	0.951231784805156	Ziganshina_2020	GERD
PWY-7328	group	GERD	0.0446533322744796	0.179284178464181	26	26	0.805430006822522	0.951231784805156	Ziganshina_2020	GERD
PWY1G-0	group	GERD	0.124061683790032	0.504054978223577	26	26	0.807676528357536	0.951231784805156	Ziganshina_2020	GERD
ARGORNPROST-PWY	group	GERD	0.0442358878610883	0.19421658252812601	26	26	0.821757598822397	0.95871719862613	Ziganshina_2020	GERD
DENOVOPURINE2-PWY	group	GERD	0.00444123681130745	0.0239658440493936	26	26	0.854538979869903	0.968748356319144	Ziganshina_2020	GERD
DTDPRHAMSYN-PWY	group	GERD	0.00989302734885368	0.0538159292795993	26	26	0.855690514265348	0.968748356319144	Ziganshina_2020	GERD
PWY-5484	group	GERD	-0.00821866066402771	0.0437393752840355	26	26	0.852534115525047	0.968748356319144	Ziganshina_2020	GERD
PWY-5659	group	GERD	0.0104056602230134	0.0577831324451355	26	26	0.858600654932524	0.968748356319144	Ziganshina_2020	GERD
PWY-5838	group	GERD	0.016363260463412	0.0827040763164725	26	26	0.844826231780153	0.968748356319144	Ziganshina_2020	GERD
PWY-5971	group	GERD	-0.0142253264859934	0.0728097756932303	26	26	0.846742798440233	0.968748356319144	Ziganshina_2020	GERD
PWY-7373	group	GERD	-0.0686325470844763	0.386202406324191	26	26	0.860441086668556	0.968748356319144	Ziganshina_2020	GERD
PWY-7456	group	GERD	0.056027026090331	0.265535171841258	26	26	0.83467120777884	0.968748356319144	Ziganshina_2020	GERD
PWY0-1479	group	GERD	-0.0241476930198822	0.130286660142253	26	26	0.854517633384162	0.968748356319144	Ziganshina_2020	GERD
TCA	group	GERD	0.0255722636731524	0.139412510917778	26	26	0.856002480695922	0.968748356319144	Ziganshina_2020	GERD
PWY-7013	group	GERD	0.0413702123741007	0.2483958123712	26	26	0.869119713518279	0.975109922483922	Ziganshina_2020	GERD
GLYCOGENSYNTH-PWY	group	GERD	-0.00943850277462933	0.0599947448449347	26	26	0.876307030910911	0.976369771464752	Ziganshina_2020	GERD
KETOGLUCONMET-PWY	group	GERD	0.0280176030096715	0.175587662542009	26	3	0.874559223101113	0.976369771464752	Ziganshina_2020	GERD
1CMET2-PWY	group	GERD	0.00510628266702198	0.0441886328043667	26	26	0.908965494268924	0.981213256581881	Ziganshina_2020	GERD
ASPASN-PWY	group	GERD	-0.00780304023208969	0.0740343247097476	26	26	0.916936279171608	0.981213256581881	Ziganshina_2020	GERD
COBALSYN-PWY	group	GERD	0.0152377058810087	0.142842423523238	26	26	0.915933562355034	0.981213256581881	Ziganshina_2020	GERD
PWY-1861	group	GERD	0.0814924921601118	0.733564779219509	26	26	0.912467964594104	0.981213256581881	Ziganshina_2020	GERD
PWY-5188	group	GERD	-0.0061296522871745	0.0534460070335855	26	26	0.909646005331524	0.981213256581881	Ziganshina_2020	GERD
PWY-5989	group	GERD	0.0125470314601452	0.100239604956371	26	26	0.901431236338336	0.981213256581881	Ziganshina_2020	GERD
PWY-6151	group	GERD	-0.00575941509196205	0.0432164343664852	26	26	0.895091726911581	0.981213256581881	Ziganshina_2020	GERD
PWY-6470	group	GERD	0.0226327165190454	0.159597017373996	26	26	0.888412493307837	0.981213256581881	Ziganshina_2020	GERD
PWY-6507	group	GERD	0.0256965086440998	0.193066541322378	26	26	0.895226645926502	0.981213256581881	Ziganshina_2020	GERD
PWY-7094	group	GERD	-0.112011501786321	0.772270660250545	26	24	0.885889103207535	0.981213256581881	Ziganshina_2020	GERD
PWY-7211	group	GERD	0.00657016038468246	0.0606325915798755	26	26	0.914610821471918	0.981213256581881	Ziganshina_2020	GERD
RUMP-PWY	group	GERD	0.0767996844007626	0.731183057738891	26	26	0.917221087674367	0.981213256581881	Ziganshina_2020	GERD
ANAGLYCOLYSIS-PWY	group	GERD	0.00181545982713955	0.0294636989260578	26	26	0.951378240461213	0.983938554308272	Ziganshina_2020	GERD
FASYN-INITIAL-PWY	group	GERD	0.00537219984371548	0.11047687110775	26	26	0.961618671142799	0.983938554308272	Ziganshina_2020	GERD
GLYCOLYSIS	group	GERD	-0.00268095611955355	0.0308059934000975	26	26	0.931372012539039	0.983938554308272	Ziganshina_2020	GERD
P161-PWY	group	GERD	-0.0184813255779741	0.197695516152129	26	26	0.926295277667129	0.983938554308272	Ziganshina_2020	GERD
PWY-5005	group	GERD	-0.00805291838412626	0.244006755279593	26	26	0.973945256684767	0.983938554308272	Ziganshina_2020	GERD
PWY-5154	group	GERD	-0.00911959720274525	0.285379920281808	26	26	0.974771424920307	0.983938554308272	Ziganshina_2020	GERD
PWY-5509	group	GERD	0.00905921738724798	0.144005069512801	26	26	0.950359965869288	0.983938554308272	Ziganshina_2020	GERD
PWY-6269	group	GERD	0.0109392892469338	0.143841494677845	26	26	0.940008944032775	0.983938554308272	Ziganshina_2020	GERD
PWY-6282	group	GERD	0.00712582217070751	0.0993948158790219	26	26	0.943441048805004	0.983938554308272	Ziganshina_2020	GERD
PWY-6467	group	GERD	-0.00348107177275933	0.0895118001901892	26	26	0.969300158364085	0.983938554308272	Ziganshina_2020	GERD
PWY-7221	group	GERD	-0.00140787950313082	0.0263403996908636	26	26	0.957816244445498	0.983938554308272	Ziganshina_2020	GERD
PWY-7234	group	GERD	-0.00820092956998473	0.106420836257157	26	26	0.939213610221334	0.983938554308272	Ziganshina_2020	GERD
PWY-7392	group	GERD	0.00570200971461513	0.103864762546913	26	26	0.956673859355011	0.983938554308272	Ziganshina_2020	GERD
PWY0-862	group	GERD	-0.00430902402434413	0.0891134009945526	26	26	0.961833959661458	0.983938554308272	Ziganshina_2020	GERD
PWY4FS-7	group	GERD	-0.00122153940594098	0.0340596714787383	26	26	0.971686893604466	0.983938554308272	Ziganshina_2020	GERD
PWY4FS-8	group	GERD	-0.00122153940594104	0.0340596714787383	26	26	0.971686893604465	0.983938554308272	Ziganshina_2020	GERD
PYRIDNUCSAL-PWY	group	GERD	-0.00595332151914651	0.075046901917289	26	26	0.937429474232953	0.983938554308272	Ziganshina_2020	GERD
PYRIDNUCSYN-PWY	group	GERD	0.00993762889733244	0.130248756123799	26	26	0.9398150433943	0.983938554308272	Ziganshina_2020	GERD
PWY-5100	group	GERD	1.217401353774e-4	0.0562553955943061	26	26	0.998291217801132	0.998291217801132	Ziganshina_2020	GERD
PWY-6969	group	GERD	3.8430549228174e-4	0.12224957355361	26	26	0.997517747480514	0.998291217801132	Ziganshina_2020	GERD
PWY-7664	group	GERD	7.6827140756507e-4	0.0880766418968204	26	26	0.993112435914548	0.998291217801132	Ziganshina_2020	GERD
P42-PWY	group	GERD	0.222727625226544	0.0568006669350156	60	60	2.3551869431221e-4	0.0641843419269812	Qian_2023	GERD
PWY-6897	group	GERD	0.141117575282296	0.0393639976633933	60	60	6.9201446821543e-4	0.0641843419269812	Qian_2023	GERD
PWY-7234	group	GERD	-0.180427043320897	0.0494632183039229	60	60	5.6803739020532e-4	0.0641843419269812	Qian_2023	GERD
PWY0-166	group	GERD	-0.0871921863943635	0.0240350417947271	60	60	6.0501968128158e-4	0.0641843419269812	Qian_2023	GERD
FERMENTATION-PWY	group	GERD	-0.132913010214265	0.041042379044439	60	60	0.00199031752563156	0.0834904799619979	Qian_2023	GERD
GLUCONEO-PWY	group	GERD	0.0775077852343053	0.0238240118535377	60	60	0.0019041687736388	0.0834904799619979	Qian_2023	GERD
NAGLIPASYN-PWY	group	GERD	0.124695639506713	0.0388195503912673	60	60	0.00215090528934785	0.0834904799619979	Qian_2023	GERD
PENTOSE-P-PWY	group	GERD	-0.161965230233867	0.0506642836522203	60	60	0.00225041724964954	0.0834904799619979	Qian_2023	GERD
PWY-7187	group	GERD	-0.0755732269053658	0.0225319748504554	60	60	0.00140823728990075	0.0834904799619979	Qian_2023	GERD
UDPNAGSYN-PWY	group	GERD	-0.105935771079079	0.0312140652939323	60	60	0.0012481794077853	0.0834904799619979	Qian_2023	GERD
PWY-6895	group	GERD	0.197288307582903	0.0660204365662028	60	60	0.00410830686074952	0.127015153778173	Qian_2023	GERD
THISYN-PWY	group	GERD	0.128766996232833	0.0427190375186901	60	60	0.00381635138992028	0.127015153778173	Qian_2023	GERD
PWY1G-0	group	GERD	-1.04277447799012	0.353130163438561	60	60	0.00453887715320044	0.129532571064413	Qian_2023	GERD
PWY-6700	group	GERD	0.0833941439959427	0.0292260792706977	60	60	0.00598690415121306	0.14807609600667	Qian_2023	GERD
PWY0-1586	group	GERD	-0.214185156339364	0.0745789333148533	60	60	0.00568883003875601	0.14807609600667	Qian_2023	GERD
ANAEROFRUCAT-PWY	group	GERD	-0.10313833987882	0.0395227239523455	60	60	0.0115139446097211	0.15089891273216	Qian_2023	GERD
ASPASN-PWY	group	GERD	0.091194392232244	0.0333975955246942	60	60	0.00836019955392031	0.15089891273216	Qian_2023	GERD
FUC-RHAMCAT-PWY	group	GERD	0.381111041748149	0.140100075593558	60	60	0.00859388037224803	0.15089891273216	Qian_2023	GERD
GALACT-GLUCUROCAT-PWY	group	GERD	0.458426475591428	0.168826179458983	60	60	0.0087072839440896	0.15089891273216	Qian_2023	GERD
GALACTUROCAT-PWY	group	GERD	0.415065400820444	0.158966552284391	60	60	0.011471128293572	0.15089891273216	Qian_2023	GERD
GLUCUROCAT-PWY	group	GERD	0.453322760479271	0.166835697188954	60	60	0.00866535803326153	0.15089891273216	Qian_2023	GERD
NONMEVIPP-PWY	group	GERD	0.0788341169613252	0.0302984397696833	60	60	0.0117466729430362	0.15089891273216	Qian_2023	GERD
OANTIGEN-PWY	group	GERD	-0.0584726559782557	0.0216743630935964	60	60	0.00912576996717901	0.15089891273216	Qian_2023	GERD
PWY-6383	group	GERD	-0.871639717880291	0.335203163175082	60	60	0.0117953328011661	0.15089891273216	Qian_2023	GERD
PWY-6507	group	GERD	0.397196391441875	0.148496684454549	60	60	0.0097004709101135	0.15089891273216	Qian_2023	GERD
PWY-7539	group	GERD	0.0562402856209066	0.02110707940923	60	60	0.00996740992440457	0.15089891273216	Qian_2023	GERD
PWY-7560	group	GERD	0.0788341169613252	0.0302984397696833	60	60	0.0117466729430362	0.15089891273216	Qian_2023	GERD
PWY4FS-7	group	GERD	-0.12780547108715	0.0457157967833203	60	60	0.00701235667501849	0.15089891273216	Qian_2023	GERD
PWY4FS-8	group	GERD	-0.12780547108715	0.0457157967833203	60	60	0.00701235667501846	0.15089891273216	Qian_2023	GERD
PWY-5913	group	GERD	-0.159692558450256	0.062434158807062	60	60	0.0131701714341483	0.157617212969969	Qian_2023	GERD
PYRIDNUCSYN-PWY	group	GERD	0.149120544508935	0.0581115510352955	60	60	0.0128900309096356	0.157617212969969	Qian_2023	GERD
RHAMCAT-PWY	group	GERD	0.414583439729747	0.164516424908629	60	60	0.0145101670101161	0.168227248773533	Qian_2023	GERD
PWY-6143	group	GERD	1.06577354241429	0.428764476384046	60	59	0.0158339901417694	0.178012434624135	Qian_2023	GERD
PWY-1269	group	GERD	0.102509121598109	0.0427640614350305	60	60	0.019768283129802	0.185240034081999	Qian_2023	GERD
PWY-5484	group	GERD	-0.0931931486078245	0.0381113297290123	60	60	0.0175308492700281	0.185240034081999	Qian_2023	GERD
PWY-7007	group	GERD	-0.857478320544624	0.350244698271176	60	58	0.0174020871994815	0.185240034081999	Qian_2023	GERD
PWY-7031	group	GERD	1.04012831955891	0.42950921638343	60	59	0.0185971339788304	0.185240034081999	Qian_2023	GERD
PWY-7197	group	GERD	-0.126896659312518	0.0529919038064101	60	60	0.0198882302480533	0.185240034081999	Qian_2023	GERD
PWY-7373	group	GERD	0.879011651940156	0.367334760216148	60	59	0.0199719713295956	0.185240034081999	Qian_2023	GERD
RIBOSYN2-PWY	group	GERD	0.0556723526277789	0.0229019445329751	60	60	0.0181735556330031	0.185240034081999	Qian_2023	GERD
HISDEG-PWY	group	GERD	0.284850644251228	0.121429740980685	60	60	0.0224263261190084	0.202930902198832	Qian_2023	GERD
PWY-841	group	GERD	-0.0377449597936582	0.0161708927376468	60	60	0.0230744381098579	0.203824203303745	Qian_2023	GERD
PWY-7184	group	GERD	-0.110161294160318	0.0478316176684619	60	60	0.0248781684696981	0.214646523308325	Qian_2023	GERD
CODH-PWY	group	GERD	0.748737668668374	0.328149673669018	60	60	0.0261950137122477	0.215963335272086	Qian_2023	GERD
PWY-6545	group	GERD	0.375151611559289	0.164193776698449	60	60	0.0259996903435831	0.215963335272086	Qian_2023	GERD
CRNFORCAT-PWY	group	GERD	-0.710016115034227	0.314204595717323	60	58	0.0276101662280804	0.217944078098252	Qian_2023	GERD
PWY-7111	group	GERD	-0.109748022061231	0.0484248391778752	60	60	0.0271759785109852	0.217944078098252	Qian_2023	GERD
PWY-6263	group	GERD	0.635874025231553	0.284486096056183	60	60	0.0292717113440536	0.223110885647366	Qian_2023	GERD
PWY-7242	group	GERD	0.351693086558379	0.157543494682883	60	60	0.0294674754628597	0.223110885647366	Qian_2023	GERD
PWY-7323	group	GERD	0.209871620642528	0.0946693060772553	60	60	0.0305648591891415	0.22679125518343	Qian_2023	GERD
PWY-6125	group	GERD	-0.059481953332743	0.0272447678975559	60	60	0.0330779400100271	0.233336851231776	Qian_2023	GERD
PWY-7228	group	GERD	-0.0738037266989628	0.0338557876544417	60	60	0.0333338358902537	0.233336851231776	Qian_2023	GERD
PWY-7371	group	GERD	0.667474671075873	0.304099687740091	60	60	0.0321859569941497	0.233336851231776	Qian_2023	GERD
PWY-5100	group	GERD	0.153374392932773	0.0746709536631969	60	60	0.0444919371001426	0.300118339348235	Qian_2023	GERD
PWY-7456	group	GERD	0.391909614537097	0.190493210712587	60	60	0.0441588295266075	0.300118339348235	Qian_2023	GERD
COLANSYN-PWY	group	GERD	0.151865244207857	0.081214618001608	60	60	0.0665441077164962	0.367537759488041	Qian_2023	GERD
COMPLETE-ARO-PWY	group	GERD	-0.029138382102274	0.0160684422669812	60	60	0.074946302968783	0.367537759488041	Qian_2023	GERD
FASYN-ELONG-PWY	group	GERD	0.0459539536998137	0.0237733118686086	60	60	0.0581223819530122	0.367537759488041	Qian_2023	GERD
GLUCOSE1PMETAB-PWY	group	GERD	0.284424673630658	0.147621847407423	60	60	0.058919832804114	0.367537759488041	Qian_2023	GERD
P163-PWY	group	GERD	0.351614444720152	0.193678665511915	60	60	0.0746250913161305	0.367537759488041	Qian_2023	GERD
PANTOSYN-PWY	group	GERD	0.0788361979740789	0.0434127068954188	60	60	0.0745445450374724	0.367537759488041	Qian_2023	GERD
POLYISOPRENSYN-PWY	group	GERD	0.0395869700414816	0.0204150003265512	60	60	0.0573576574806005	0.367537759488041	Qian_2023	GERD
PWY-5101	group	GERD	-0.0681405715846887	0.0377530045233485	60	60	0.0762814217805369	0.367537759488041	Qian_2023	GERD
PWY-5121	group	GERD	0.0866675579373747	0.0457785596492286	60	60	0.0633249707374297	0.367537759488041	Qian_2023	GERD
PWY-5347	group	GERD	0.0652216106442153	0.0353124451627655	60	60	0.0698522223809896	0.367537759488041	Qian_2023	GERD
PWY-5659	group	GERD	0.117855510944572	0.0650270083571241	60	60	0.0750999617395339	0.367537759488041	Qian_2023	GERD
PWY-5667	group	GERD	-0.0647414958686487	0.0355594413375676	60	60	0.0738192505814095	0.367537759488041	Qian_2023	GERD
PWY-6467	group	GERD	0.0855443354552159	0.0464215330822108	60	60	0.0704747438705326	0.367537759488041	Qian_2023	GERD
PWY-6471	group	GERD	-0.309704919437039	0.165289727944431	60	60	0.0660112548964304	0.367537759488041	Qian_2023	GERD
PWY-6572	group	GERD	0.42701230718604	0.228293667212027	60	60	0.0664697116977321	0.367537759488041	Qian_2023	GERD
PWY-6588	group	GERD	0.285540501070247	0.155719635264776	60	60	0.0718334663392237	0.367537759488041	Qian_2023	GERD
PWY-6749	group	GERD	0.753674267700591	0.387969400844537	60	60	0.0569230966609526	0.367537759488041	Qian_2023	GERD
PWY-7200	group	GERD	-0.0553412247351277	0.030389911888415	60	60	0.0737601077376218	0.367537759488041	Qian_2023	GERD
PWY-7237	group	GERD	-0.604137563401477	0.333693980085095	60	60	0.0754062367325928	0.367537759488041	Qian_2023	GERD
PWY0-1061	group	GERD	-0.13659088771066	0.0730619103594636	60	60	0.0666009883971774	0.367537759488041	Qian_2023	GERD
PWY0-1319	group	GERD	-0.0647414958686488	0.0355594413375677	60	60	0.0738192505814095	0.367537759488041	Qian_2023	GERD
PYRIDNUCSAL-PWY	group	GERD	0.151522892811726	0.080504412202094	60	60	0.0648331925002999	0.367537759488041	Qian_2023	GERD
GLYCOCAT-PWY	group	GERD	0.151127911668996	0.0850343727018113	60	60	0.0807693884258372	0.379628363851075	Qian_2023	GERD
LIPASYN-PWY	group	GERD	-0.828718100077448	0.46800961524005	60	9	0.0818605636336549	0.379628363851075	Qian_2023	GERD
PWY-7208	group	GERD	0.0427444151795889	0.024128540374905	60	60	0.0817261057671061	0.379628363851075	Qian_2023	GERD
DENOVOPURINE2-PWY	group	GERD	-0.0289647651709633	0.0164929841568491	60	60	0.084335426651066	0.38443575468489	Qian_2023	GERD
PHOSLIPSYN-PWY	group	GERD	-0.0468445897396618	0.0267298802413802	60	60	0.0849696277201105	0.38443575468489	Qian_2023	GERD
PWY-5505	group	GERD	0.294116170589569	0.1684235063783	60	60	0.0860552084887711	0.384656413847399	Qian_2023	GERD
ARO-PWY	group	GERD	-0.0319319358403288	0.0186031867971032	60	60	0.0914117140532067	0.396244292899731	Qian_2023	GERD
ILEUSYN-PWY	group	GERD	-0.0605820314169037	0.0355810368707177	60	60	0.0939878646231167	0.396244292899731	Qian_2023	GERD
P441-PWY	group	GERD	-0.0962400467833998	0.0561651973598409	60	60	0.0919580866982078	0.396244292899731	Qian_2023	GERD
PWY-6478	group	GERD	0.354733637479617	0.205994188413522	60	60	0.0903887514078913	0.396244292899731	Qian_2023	GERD
VALSYN-PWY	group	GERD	-0.0605820314169037	0.0355810368707177	60	60	0.0939878646231167	0.396244292899731	Qian_2023	GERD
ENTBACSYN-PWY	group	GERD	-0.604752622005302	0.360254631899224	60	60	0.0985947383414408	0.410996044097467	Qian_2023	GERD
ARGORNPROST-PWY	group	GERD	-0.309194067086966	0.187588144757122	60	60	0.104706498398646	0.416190499952205	Qian_2023	GERD
DAPLYSINESYN-PWY	group	GERD	-0.0638020420045454	0.0394810617189613	60	60	0.111517821637161	0.416190499952205	Qian_2023	GERD
POLYAMINSYN3-PWY	group	GERD	0.396791848533395	0.245241300418764	60	60	0.111096232166702	0.416190499952205	Qian_2023	GERD
PROTOCATECHUATE-ORTHO-CLEAVAGE-PWY	group	GERD	-0.504367036204535	0.312695717341706	60	60	0.112180727749921	0.416190499952205	Qian_2023	GERD
PWY-5103	group	GERD	-0.0636360941815887	0.038900898907398	60	60	0.107286548154442	0.416190499952205	Qian_2023	GERD
PWY-5104	group	GERD	0.0675463976325344	0.0416071603585598	60	60	0.109920341114539	0.416190499952205	Qian_2023	GERD
PWY-6151	group	GERD	0.0425575714115523	0.0261667493521799	60	60	0.109286450443343	0.416190499952205	Qian_2023	GERD
PWY-6353	group	GERD	0.263511567840567	0.162443695228499	60	60	0.11019052523843299	0.416190499952205	Qian_2023	GERD
PWY-6891	group	GERD	0.20873806804402	0.126752736007016	60	60	0.105004746770942	0.416190499952205	Qian_2023	GERD
PWY0-162	group	GERD	-0.0319327544017009	0.0195549404251113	60	60	0.107891684682334	0.416190499952205	Qian_2023	GERD
SALVADEHYPOX-PWY	group	GERD	0.26662128908178	0.163153562866998	60	60	0.107639300770809	0.416190499952205	Qian_2023	GERD
PWY-6608	group	GERD	0.297575719210417	0.185718879211125	60	60	0.114524050557289	0.420677453037171	Qian_2023	GERD
PWY-3661	group	GERD	-0.775772505764438	0.490770164951877	60	11	0.119379598127946	0.43421402848498	Qian_2023	GERD
SER-GLYSYN-PWY	group	GERD	0.0444541318692737	0.0288650953986949	60	60	0.128982912353286	0.464588936728826	Qian_2023	GERD
LACTOSECAT-PWY	group	GERD	-0.318632015947206	0.21184114000527	60	60	0.137979744819145	0.492216205075988	Qian_2023	GERD
BRANCHED-CHAIN-AA-SYN-PWY	group	GERD	-0.05052294984121	0.0341966049464787	60	60	0.144971315069691	0.493434476062892	Qian_2023	GERD
DENITRIFICATION-PWY	group	GERD	0.428031359207143	0.286599975666402	60	60	0.140732021900427	0.493434476062892	Qian_2023	GERD
GLCMANNANAUT-PWY	group	GERD	-0.154403073206974	0.104384188229913	60	60	0.144503117907812	0.493434476062892	Qian_2023	GERD
GLYCOLYSIS-E-D	group	GERD	-0.0745925698841999	0.050474956884718	60	60	0.144867810235357	0.493434476062892	Qian_2023	GERD
P162-PWY	group	GERD	0.243800076116558	0.164417373674716	60	60	0.143537968234462	0.493434476062892	Qian_2023	GERD
P164-PWY	group	GERD	0.256861002020115	0.174883870162935	60	60	0.147303219882477	0.496813587058173	Qian_2023	GERD
P4-PWY	group	GERD	-0.0371467583184224	0.0255263328245096	60	60	0.150996134511972	0.504680773909386	Qian_2023	GERD
PWY-7255	group	GERD	-0.385595504138631	0.266048180075884	60	9	0.152627055391772	0.505577120985245	Qian_2023	GERD
PWY-6147	group	GERD	0.0370142714249417	0.0256975888559494	60	60	0.155136689633905	0.509342582780342	Qian_2023	GERD
CHLOROPHYLL-SYN	group	GERD	0.339469344771694	0.236986732269455	60	14	0.157385683458678	0.511483224887463	Qian_2023	GERD
PANTO-PWY	group	GERD	0.0767504250326393	0.0543087583981399	60	60	0.162934436409641	0.511483224887463	Qian_2023	GERD
PWY-1861	group	GERD	0.454209249427419	0.321990153863029	60	60	0.163694567463573	0.511483224887463	Qian_2023	GERD
PWY-5189	group	GERD	-0.0964872508730555	0.0683407922605097	60	60	0.163335517825216	0.511483224887463	Qian_2023	GERD
PWY-5430	group	GERD	-0.466202685790218	0.329826507457571	60	14	0.162859880783787	0.511483224887463	Qian_2023	GERD
PWY-922	group	GERD	-0.265014255230961	0.188035329669669	60	60	0.164060657039375	0.511483224887463	Qian_2023	GERD
RUMP-PWY	group	GERD	0.443855798064727	0.32010192143004	60	60	0.170868241750598	0.528267647412265	Qian_2023	GERD
GOLPDLCAT-PWY	group	GERD	0.460048978583806	0.337357974888331	60	60	0.177937205639195	0.54110412534542	Qian_2023	GERD
P161-PWY	group	GERD	-0.136108503733927	0.0995737524373688	60	60	0.176928102089979	0.54110412534542	Qian_2023	GERD
PWY-1541	group	GERD	0.315204082531111	0.234069477284111	60	8	0.183339521648152	0.549266579622684	Qian_2023	GERD
PWY-5910	group	GERD	-0.240977773703425	0.179050010459203	60	60	0.18358236084424	0.549266579622684	Qian_2023	GERD
1CMET2-PWY	group	GERD	0.0412212509410399	0.03101414449608	60	60	0.18901608051929	0.552416696508228	Qian_2023	GERD
POLYAMSYN-PWY	group	GERD	0.176278015273315	0.132732547479231	60	60	0.189357963925015	0.552416696508228	Qian_2023	GERD
PWY-2941	group	GERD	-0.214322975695813	0.160823903440584	60	60	0.187856575685892	0.552416696508228	Qian_2023	GERD
PWY-7315	group	GERD	0.881526497706844	0.665643603097695	60	60	0.190591205264294	0.552416696508228	Qian_2023	GERD
GLYOXYLATE-BYPASS	group	GERD	-0.387697747188	0.302274145881514	60	60	0.204733479199537	0.579817715900978	Qian_2023	GERD
P562-PWY	group	GERD	-0.500010867019607	0.389607088885731	60	60	0.204465885838551	0.579817715900978	Qian_2023	GERD
PWY-5918	group	GERD	-0.0735453559693921	0.0569852081054233	60	60	0.201962100645361	0.579817715900978	Qian_2023	GERD
PWY-5420	group	GERD	-0.58213888152819	0.459051495322924	60	20	0.209816928331614	0.5809110478435	Qian_2023	GERD
PWY-5531	group	GERD	0.433401175662276	0.340983622396694	60	17	0.208791290248749	0.5809110478435	Qian_2023	GERD
PWY-7159	group	GERD	0.433401175662276	0.340983622396694	60	17	0.208791290248749	0.5809110478435	Qian_2023	GERD
HEMESYN2-PWY	group	GERD	-0.101164252224754	0.0818999116437502	60	60	0.221729643350249	0.601625536611093	Qian_2023	GERD
HOMOSER-METSYN-PWY	group	GERD	0.0598130470954117	0.0485013989962272	60	60	0.222467311420189	0.601625536611093	Qian_2023	GERD
PWY-3001	group	GERD	-0.0235042309906039	0.0190900441066593	60	60	0.223206180716626	0.601625536611093	Qian_2023	GERD
PWY-7332	group	GERD	0.308855329305326	0.251169082159375	60	60	0.223785240033237	0.601625536611093	Qian_2023	GERD
PWY-5654	group	GERD	-0.423228077403927	0.348194920891255	60	18	0.229103087454937	0.611490974430085	Qian_2023	GERD
PWY-7090	group	GERD	0.312561879761472	0.25890505423635	60	60	0.232238100590533	0.615430966564912	Qian_2023	GERD
PWY-5154	group	GERD	-0.168444710261373	0.141382349956927	60	60	0.238344299614854	0.622716444768385	Qian_2023	GERD
PWY-5941	group	GERD	0.590401839352139	0.495140300905287	60	20	0.237962824350624	0.622716444768385	Qian_2023	GERD
GLYCOLYSIS	group	GERD	-0.0393378371138062	0.0332458611909907	60	60	0.241541318737111	0.626656148611666	Qian_2023	GERD
COBALSYN-PWY	group	GERD	0.165413729297166	0.140499362478797	60	60	0.243873634924645	0.628313323312801	Qian_2023	GERD
HEME-BIOSYNTHESIS-II	group	GERD	-0.0761463266437588	0.0653748843118916	60	60	0.24888286223613099	0.636796840617964	Qian_2023	GERD
PWY-5509	group	GERD	0.159141021546782	0.140482181152731	60	60	0.261951168396228	0.656647861317572	Qian_2023	GERD
PWY-6269	group	GERD	0.159555718863058	0.140661811349474	60	60	0.261326195861805	0.656647861317572	Qian_2023	GERD
REDCITCYC	group	GERD	0.205090329223546	0.180402927338907	60	60	0.260277873123754	0.656647861317572	Qian_2023	GERD
PWY-5676	group	GERD	0.19602718884672	0.174344972362022	60	60	0.265490573865133	0.661053710764862	Qian_2023	GERD
PWY-5188	group	GERD	-0.0701766812513704	0.0648547644480078	60	60	0.283704664067373	0.6834703270714	Qian_2023	GERD
PWY-5419	group	GERD	-0.620159361452959	0.572033941854873	60	21	0.282793107302696	0.6834703270714	Qian_2023	GERD
PWY-6641	group	GERD	0.349143274908161	0.321919358224215	60	9	0.282600989690086	0.6834703270714	Qian_2023	GERD
PWY-6713	group	GERD	0.515437373172229	0.475222918030596	60	8	0.282576915542341	0.6834703270714	Qian_2023	GERD
TCA-GLYOX-BYPASS	group	GERD	-0.274237808235822	0.250854396783272	60	60	0.278819206816841	0.6834703270714	Qian_2023	GERD
PWY-7377	group	GERD	0.141992912313316	0.132862859772684	60	60	0.289624679458688	0.693230684381762	Qian_2023	GERD
PWY-6396	group	GERD	-0.276969621467614	0.261787144767021	60	60	0.294444101801261	0.700248472873511	Qian_2023	GERD
HSERMETANA-PWY	group	GERD	0.051726435275673	0.0494970561671748	60	60	0.300340177203089	0.709721055683734	Qian_2023	GERD
PWY-6737	group	GERD	0.0642458214560657	0.0624749897037333	60	60	0.308057290668878	0.718800344894049	Qian_2023	GERD
PWY-7003	group	GERD	-0.310650237234179	0.301372824808875	60	60	0.306921542081081	0.718800344894049	Qian_2023	GERD
PWY0-781	group	GERD	-0.0237108581896821	0.0231908705544239	60	60	0.310826850806711	0.720729760308062	Qian_2023	GERD
MET-SAM-PWY	group	GERD	0.0400866988684993	0.0395169819943388	60	60	0.314596962546944	0.72494082673861	Qian_2023	GERD
GLYCOLYSIS-TCA-GLYOX-BYPASS	group	GERD	-0.20695419375052	0.207052259404263	60	60	0.321691683128828	0.735043346151006	Qian_2023	GERD
PWY0-1241	group	GERD	0.175260229013278	0.175801380041329	60	60	0.322943572567693	0.735043346151006	Qian_2023	GERD
PWY-5265	group	GERD	-0.805520874281716	0.81558456093379506	60	39	0.327421268914302	0.740690797361014	Qian_2023	GERD
DTDPRHAMSYN-PWY	group	GERD	0.0395780888390218	0.0408022439989517	60	60	0.336075378087576	0.752077290819282	Qian_2023	GERD
PWY-6123	group	GERD	0.0307223315469958	0.0317012391342056	60	60	0.336508976485177	0.752077290819282	Qian_2023	GERD
PWY-5695	group	GERD	0.0621589737784467	0.0652704532027018	60	60	0.344881942968954	0.761614290723107	Qian_2023	GERD
PWY-7400	group	GERD	-0.0680553129628324	0.0712417148884471	60	60	0.343404185726182	0.761614290723107	Qian_2023	GERD
ARGSYN-PWY	group	GERD	-0.0670998156659265	0.0713716503786125	60	60	0.35104148270941	0.770629527131308	Qian_2023	GERD
CALVIN-PWY	group	GERD	0.0249068221356561	0.0270498482672784	60	60	0.360982024894108	0.787790183739494	Qian_2023	GERD
P105-PWY	group	GERD	-0.17422739546941	0.19170290406399	60	60	0.367195383649158	0.789293522417695	Qian_2023	GERD
PWY-5304	group	GERD	0.190032007570663	0.209470215910536	60	60	0.368053313688036	0.789293522417695	Qian_2023	GERD
PWY-5989	group	GERD	0.122746085235435	0.135138341104808	60	60	0.367478754334889	0.789293522417695	Qian_2023	GERD
PWY-5417	group	GERD	-0.70055207152595	0.7818202020955	60	43	0.373928653210561	0.792728744806389	Qian_2023	GERD
PWY-5431	group	GERD	-0.70055207152595	0.7818202020955	60	43	0.373928653210561	0.792728744806389	Qian_2023	GERD
PWY-5097	group	GERD	0.0257641147473359	0.0290857257743279	60	60	0.379383617916279	0.79972342185761	Qian_2023	GERD
P221-PWY	group	GERD	0.195974455245485	0.224773063667786	60	60	0.386870451289289	0.810897951572464	Qian_2023	GERD
PWY-2942	group	GERD	0.0245093959086287	0.02838593836203	60	60	0.3914552349524	0.811340179705812	Qian_2023	GERD
PWY-7196	group	GERD	-0.0249148576758582	0.0287915350801209	60	60	0.390410060105163	0.811340179705812	Qian_2023	GERD
CATECHOL-ORTHO-CLEAVAGE-PWY	group	GERD	-0.653535027085653	0.782860315443864	60	44	0.407253465830744	0.818289791223777	Qian_2023	GERD
FUCCAT-PWY	group	GERD	0.152183506409809	0.180759068977052	60	60	0.403294500745494	0.818289791223777	Qian_2023	GERD
P108-PWY	group	GERD	0.106692617524871	0.126407755876338	60	60	0.402117523074742	0.818289791223777	Qian_2023	GERD
P125-PWY	group	GERD	0.13097373846510801	0.157562098065407	60	60	0.409240648333433	0.818289791223777	Qian_2023	GERD
PWY-5532	group	GERD	0.315764975077784	0.373404815015868	60	10	0.401230437987644	0.818289791223777	Qian_2023	GERD
PWY-6282	group	GERD	0.110116279486882	0.1317871876497	60	60	0.406830675342423	0.818289791223777	Qian_2023	GERD
PWY-7616	group	GERD	-0.658332673757856	0.797466440030756	60	22	0.412453344902551	0.818289791223777	Qian_2023	GERD
TEICHOICACID-PWY	group	GERD	-0.243980470609753	0.294526405399457	60	60	0.410849896102364	0.818289791223777	Qian_2023	GERD
PWY-7391	group	GERD	0.338823239473466	0.417602377011655	60	53	0.420479765853831	0.828500270702793	Qian_2023	GERD
PWY-7664	group	GERD	0.0896623727779532	0.11088990021335	60	60	0.422066175641046	0.828500270702793	Qian_2023	GERD
PWY-7295	group	GERD	0.281503347071745	0.352080719072882	60	16	0.427238585911092	0.834239554594816	Qian_2023	GERD
PWY-7198	group	GERD	0.402775481488505	0.509471646030838	60	58	0.432412873751891	0.834536378692631	Qian_2023	GERD
PWY-7210	group	GERD	0.401592851747528	0.507558646705741	60	58	0.432036759061808	0.834536378692631	Qian_2023	GERD
TCA	group	GERD	0.077191288005243	0.0980085020794482	60	60	0.434138870856275	0.834536378692631	Qian_2023	GERD
PWY-7328	group	GERD	0.109621074895146	0.139876361516217	60	60	0.436405060591445	0.834568440615599	Qian_2023	GERD
PWY-5845	group	GERD	0.590840883892003	0.794103217927064	60	57	0.459858871171089	0.844592283190466	Qian_2023	GERD
PWY-5850	group	GERD	0.590840883892003	0.794103217927064	60	57	0.459858871171089	0.844592283190466	Qian_2023	GERD
PWY-5860	group	GERD	0.600512645368439	0.799337769591504	60	57	0.455532111783035	0.844592283190466	Qian_2023	GERD
PWY-5862	group	GERD	0.600512645368439	0.799337769591504	60	57	0.455532111783035	0.844592283190466	Qian_2023	GERD
PWY-5896	group	GERD	0.590840883892003	0.794103217927064	60	57	0.459858871171089	0.844592283190466	Qian_2023	GERD
PWY-5971	group	GERD	0.0698944620104347	0.0912495860186125	60	60	0.446800205427715	0.844592283190466	Qian_2023	GERD
PWY0-1533	group	GERD	0.564461116722899	0.758422237503983	60	55	0.459725794932965	0.844592283190466	Qian_2023	GERD
PWY0-42	group	GERD	0.347136098336183	0.455841086584108	60	59	0.449426749964472	0.844592283190466	Qian_2023	GERD
KETOGLUCONMET-PWY	group	GERD	0.522075789846742	0.708018809790153	60	50	0.463866676119708	0.847756339115328	Qian_2023	GERD
P23-PWY	group	GERD	0.0732180996744155	0.100090241863512	60	60	0.467406437264517	0.850038177574195	Qian_2023	GERD
PWY-5028	group	GERD	-0.394662303422036	0.550443827524985	60	57	0.476258280478306	0.861911327109519	Qian_2023	GERD
ALL-CHORISMATE-PWY	group	GERD	0.504074735678494	0.729046995835668	60	57	0.492062540770506	0.875140591213581	Qian_2023	GERD
FASYN-INITIAL-PWY	group	GERD	0.103161796803203	0.149728200248363	60	60	0.493574289455426	0.875140591213581	Qian_2023	GERD
NONOXIPENT-PWY	group	GERD	0.0250376378122085	0.0368951718339169	60	60	0.500080337836332	0.875140591213581	Qian_2023	GERD
PWY-5178	group	GERD	-0.2470765155811	0.355857372080089	60	16	0.49025759100949	0.875140591213581	Qian_2023	GERD
PWY-5384	group	GERD	-0.148696774687931	0.215317287427462	60	60	0.492575415001679	0.875140591213581	Qian_2023	GERD
PWY-6892	group	GERD	0.066602896816332	0.0976370756947354	60	60	0.497860892652408	0.875140591213581	Qian_2023	GERD
THRESYN-PWY	group	GERD	0.0116294988800032	0.017067311245792	60	60	0.498336361081891	0.875140591213581	Qian_2023	GERD
PWY-7211	group	GERD	-0.0576748298036733	0.0858407779291411	60	60	0.504326746044978	0.878428275975056	Qian_2023	GERD
ARG+POLYAMINE-SYN	group	GERD	0.0687496933925217	0.103701740037645	60	60	0.509984951447611	0.878738431506741	Qian_2023	GERD
GALACTARDEG-PWY	group	GERD	0.509491179421691	0.775850247708607	60	56	0.513979082579414	0.878738431506741	Qian_2023	GERD
GLUCARGALACTSUPER-PWY	group	GERD	0.509491179421691	0.775850247708607	60	56	0.513979082579414	0.878738431506741	Qian_2023	GERD
PWY-7392	group	GERD	-0.0776882575328408	0.117422584183176	60	60	0.510839563434048	0.878738431506741	Qian_2023	GERD
COA-PWY	group	GERD	0.0198212434631785	0.0309799692974655	60	60	0.524816523174638	0.881026833021677	Qian_2023	GERD
DHGLUCONATE-PYR-CAT-PWY	group	GERD	-0.208136464548185	0.324996787353708	60	9	0.524417714297904	0.881026833021677	Qian_2023	GERD
PWY-621	group	GERD	-0.0642934398012446	0.09990144081691	60	60	0.522391810241125	0.881026833021677	Qian_2023	GERD
PWY-6969	group	GERD	0.058794296161368	0.0915021097913044	60	60	0.52305080240991	0.881026833021677	Qian_2023	GERD
ANAGLYCOLYSIS-PWY	group	GERD	0.0236751391189555	0.0383107063715051	60	60	0.53900954072389	0.882483926968388	Qian_2023	GERD
GLUCARDEG-PWY	group	GERD	0.482763264124711	0.787664222536737	60	56	0.542335135711031	0.882483926968388	Qian_2023	GERD
NAD-BIOSYNTHESIS-II	group	GERD	0.0815939632119508	0.131859489720611	60	60	0.538474411957409	0.882483926968388	Qian_2023	GERD
P124-PWY	group	GERD	0.138416012685402	0.224211962245354	60	60	0.539423757901453	0.882483926968388	Qian_2023	GERD
PWY-5655	group	GERD	-0.182287973769537	0.295687191689785	60	10	0.53998396605151	0.882483926968388	Qian_2023	GERD
PWY-5686	group	GERD	0.0258855034540702	0.0411017615375535	60	60	0.5313048497045	0.882483926968388	Qian_2023	GERD
PWY-7254	group	GERD	-0.0945356784377125	0.15309366810857	60	60	0.539320455957848	0.882483926968388	Qian_2023	GERD
KDO-NAGLIPASYN-PWY	group	GERD	0.161508344115252	0.276566404997937	60	60	0.561500401017027	0.897570652583827	Qian_2023	GERD
P261-PWY	group	GERD	-0.252945014523999	0.43106004886364	60	11	0.5596168206581	0.897570652583827	Qian_2023	GERD
PWY-5088	group	GERD	0.166277369885959	0.284837330673081	60	60	0.561643532634602	0.897570652583827	Qian_2023	GERD
PWY-6126	group	GERD	0.0229556643587869	0.0387425944894198	60	60	0.555807226854085	0.897570652583827	Qian_2023	GERD
PWY-6185	group	GERD	-0.476501482248865	0.82058739670739	60	37	0.563703401757498	0.897570652583827	Qian_2023	GERD
PWY-5180	group	GERD	0.187145030119551	0.331241631794429	60	54	0.574265975419505	0.906607135662283	Qian_2023	GERD
PWY-5182	group	GERD	0.187145030119551	0.331241631794429	60	54	0.574265975419505	0.906607135662283	Qian_2023	GERD
PWY-1622	group	GERD	0.156707133558326	0.28353375930754	60	10	0.582597534524159	0.913196601343819	Qian_2023	GERD
PWY-7376	group	GERD	-0.283702598862678	0.514355880682931	60	30	0.583362788459528	0.913196601343819	Qian_2023	GERD
P122-PWY	group	GERD	0.119268269178616	0.219252391486822	60	60	0.588542366090812	0.913595053638875	Qian_2023	GERD
P381-PWY	group	GERD	-0.278631846007767	0.50998314185998	60	30	0.586917600948602	0.913595053638875	Qian_2023	GERD
PWY-5507	group	GERD	-0.40423196112853	0.75459611424464	60	31	0.594219006842866	0.918563548077931	Qian_2023	GERD
CENTFERM-PWY	group	GERD	0.0696149709088986	0.146356223149885	60	60	0.636107320415788	0.931334917528416	Qian_2023	GERD
HEXITOLDEGSUPER-PWY	group	GERD	-0.0781209320581261	0.178317169255653	60	60	0.662940421008358	0.931334917528416	Qian_2023	GERD
LEU-DEG2-PWY	group	GERD	-0.159327308955646	0.359650397776774	60	60	0.659409309689941	0.931334917528416	Qian_2023	GERD
PWY-3781	group	GERD	-0.105544935119825	0.213796571806779	60	60	0.623403623157217	0.931334917528416	Qian_2023	GERD
PWY-5529	group	GERD	0.0902294425717202	0.174655534218521	60	8	0.607390150615581	0.931334917528416	Qian_2023	GERD
PWY-5647	group	GERD	-0.154246660592866	0.314192971890933	60	11	0.625328617611383	0.931334917528416	Qian_2023	GERD
PWY-5840	group	GERD	0.038595939022374	0.0874761451644306	60	60	0.660696541052015	0.931334917528416	Qian_2023	GERD
PWY-6470	group	GERD	-0.135738438826325	0.285233401547912	60	60	0.635943603286156	0.931334917528416	Qian_2023	GERD
PWY-6562	group	GERD	-0.253029857490759	0.556203216737653	60	59	0.65086263085466	0.931334917528416	Qian_2023	GERD
PWY-6590	group	GERD	0.0666854127732645	0.141805680707254	60	60	0.639933464460977	0.931334917528416	Qian_2023	GERD
PWY-6612	group	GERD	0.00974039109859038	0.0212907812694372	60	60	0.64902565208306	0.931334917528416	Qian_2023	GERD
PWY-6876	group	GERD	0.229927098189637	0.453173377249958	60	15	0.613818299104106	0.931334917528416	Qian_2023	GERD
PWY-6901	group	GERD	0.0736812447551881	0.169415865739529	60	60	0.665239226806011	0.931334917528416	Qian_2023	GERD
PWY-6906	group	GERD	0.270864305625785	0.618177650322026	60	22	0.66289372822124	0.931334917528416	Qian_2023	GERD
PWY-7094	group	GERD	-0.128423815499849	0.273907253552491	60	60	0.640928165493268	0.931334917528416	Qian_2023	GERD
PWY-7199	group	GERD	0.0460686033008029	0.0916796923019424	60	60	0.617221869717465	0.931334917528416	Qian_2023	GERD
PWY-7220	group	GERD	0.0302210276143914	0.0612027685570521	60	60	0.623322620162985	0.931334917528416	Qian_2023	GERD
PWY-7222	group	GERD	0.0302210276143914	0.0612027685570521	60	60	0.623322620162985	0.931334917528416	Qian_2023	GERD
PWY-7347	group	GERD	0.0593158794343517	0.121472128611442	60	7	0.627172420569585	0.931334917528416	Qian_2023	GERD
PWY0-1261	group	GERD	0.054159174235764	0.116987096919183	60	60	0.645132593264236	0.931334917528416	Qian_2023	GERD
PWY0-1296	group	GERD	-0.074358056112815	0.159661199719532	60	60	0.643157246803429	0.931334917528416	Qian_2023	GERD
PWY0-1298	group	GERD	-0.0622438165924143	0.139843132302742	60	60	0.65790612625901	0.931334917528416	Qian_2023	GERD
PWY490-3	group	GERD	0.133303399184853	0.281263212998259	60	60	0.637318191502636	0.931334917528416	Qian_2023	GERD
PWYG-321	group	GERD	0.0502825344794173	0.110353299048498	60	60	0.650342695111958	0.931334917528416	Qian_2023	GERD
SUCSYN-PWY	group	GERD	0.0592395830520988	0.12141312585264	60	7	0.627447740070702	0.931334917528416	Qian_2023	GERD
ARGSYNBSUB-PWY	group	GERD	-0.0396801061653409	0.0933621226008028	60	60	0.672399951078782	0.937820984399354	Qian_2023	GERD
FOLSYN-PWY	group	GERD	0.00835798555909722	0.0203132625870732	60	60	0.682255712838157	0.948003256415566	Qian_2023	GERD
METHGLYUT-PWY	group	GERD	-0.390021377863688	0.962155058282232	60	53	0.68670263171515	0.950289136107117	Qian_2023	GERD
PWY-7229	group	GERD	0.0144692183433349	0.0359762086874139	60	60	0.689023659333732	0.950289136107117	Qian_2023	GERD
ARGDEG-PWY	group	GERD	0.251091481220041	0.670109879515464	60	38	0.709248736111047	0.956841022171631	Qian_2023	GERD
GLYCOGENSYNTH-PWY	group	GERD	-0.0287635777086269	0.0760095897920692	60	60	0.706499936137078	0.956841022171631	Qian_2023	GERD
ORNARGDEG-PWY	group	GERD	0.251091481220041	0.670109879515464	60	38	0.709248736111047	0.956841022171631	Qian_2023	GERD
PPGPPMET-PWY	group	GERD	0.0986410681625038	0.257997369929631	60	60	0.703611356507612	0.956841022171631	Qian_2023	GERD
PWY-6628	group	GERD	0.036335109931362	0.0952961957727622	60	60	0.704384198312509	0.956841022171631	Qian_2023	GERD
PWY0-1479	group	GERD	-0.0726051759820383	0.192323885840575	60	60	0.707168772893432	0.956841022171631	Qian_2023	GERD
PWY-6317	group	GERD	-0.0279115653714677	0.0755669994192934	60	60	0.713203151348444	0.95868974329809	Qian_2023	GERD
PWY-6163	group	GERD	0.00937057827999787	0.026061533309072	60	60	0.720485101759205	0.960121942638748	Qian_2023	GERD
PWY-6182	group	GERD	-0.248307544541735	0.701427758941854	60	42	0.724620334066979	0.960121942638748	Qian_2023	GERD
PWY0-1297	group	GERD	-0.0441083443261225	0.122445691588152	60	60	0.7199852964913	0.960121942638748	Qian_2023	GERD
SO4ASSIM-PWY	group	GERD	-0.0865909182861224	0.244473548910981	60	60	0.724478417983906	0.960121942638748	Qian_2023	GERD
AEROBACTINSYN-PWY	group	GERD	0.20506359456133	0.594443922495743	60	17	0.731366983132097	0.962188477808539	Qian_2023	GERD
LPSSYN-PWY	group	GERD	0.380822226129483	1.09957316133366	60	25	0.730343199224056	0.962188477808539	Qian_2023	GERD
PWY0-321	group	GERD	-0.247213880489454	0.724971242175104	60	46	0.734337146753266	0.962682266591737	Qian_2023	GERD
PRPP-PWY	group	GERD	-0.0169226036961211	0.0509675312692166	60	60	0.741065682409865	0.968082282303028	Qian_2023	GERD
PWY-722	group	GERD	-0.109090340686074	0.346268709655359	60	44	0.75385791449533	0.981337846588657	Qian_2023	GERD
PWY-4984	group	GERD	0.0761873329371678	0.248564117416818	60	60	0.760314190690642	0.986281694916882	Qian_2023	GERD
P281-PWY	group	GERD	-0.110330254988181	0.36585876873077	60	57	0.764062183999416	0.987690140291927	Qian_2023	GERD
3-HYDROXYPHENYLACETATE-DEGRADATION-PWY	group	GERD	0.195775784642434	0.737039283567861	60	43	0.791470210705252	0.994621488650396	Qian_2023	GERD
AST-PWY	group	GERD	-0.0913218898149671	0.858757580425825	60	60	0.915678071126732	0.994621488650396	Qian_2023	GERD
BIOTIN-BIOSYNTHESIS-PWY	group	GERD	-0.0174405644978078	0.108640058070791	60	60	0.873017247276361	0.994621488650396	Qian_2023	GERD
ECASYN-PWY	group	GERD	0.0361208035494933	0.879613746020491	60	56	0.967385596173133	0.994621488650396	Qian_2023	GERD
FAO-PWY	group	GERD	-0.046959769051105	0.238722146049991	60	60	0.844739755099191	0.994621488650396	Qian_2023	GERD
GALLATE-DEGRADATION-I-PWY	group	GERD	0.0862809511585043	0.425066429138286	60	55	0.839859303009257	0.994621488650396	Qian_2023	GERD
GALLATE-DEGRADATION-II-PWY	group	GERD	0.0582148413618858	0.45579077371043	60	16	0.898810214949177	0.994621488650396	Qian_2023	GERD
GLYCOL-GLYOXDEG-PWY	group	GERD	0.0224954676140152	0.226368303515565	60	60	0.92118280190731	0.994621488650396	Qian_2023	GERD
HCAMHPDEG-PWY	group	GERD	-0.138208283375535	0.598014113850778	60	19	0.818041090501787	0.994621488650396	Qian_2023	GERD
HISTSYN-PWY	group	GERD	0.0177773297520391	0.112761447787655	60	60	0.875276777975326	0.994621488650396	Qian_2023	GERD
METH-ACETATE-PWY	group	GERD	0.143810370127991	0.622124033341396	60	59	0.818003815416329	0.994621488650396	Qian_2023	GERD
METHYLGALLATE-DEGRADATION-PWY	group	GERD	0.0862599231629117	0.424968888625844	60	55	0.839861552920191	0.994621488650396	Qian_2023	GERD
NADSYN-PWY	group	GERD	0.139505219062562	0.517677817130255	60	15	0.788514673992567	0.994621488650396	Qian_2023	GERD
ORNDEG-PWY	group	GERD	0.148647485779314	0.911574909946516	60	36	0.871032788716955	0.994621488650396	Qian_2023	GERD
P101-PWY	group	GERD	-0.0148003335319614	0.467845513276969	60	50	0.9748716746466	0.994621488650396	Qian_2023	GERD
P184-PWY	group	GERD	0.074243901596954	0.402807907057597	60	52	0.854408577149573	0.994621488650396	Qian_2023	GERD
P341-PWY	group	GERD	0.0120952644179449	0.457341728836644	60	18	0.978991684263013	0.994621488650396	Qian_2023	GERD
P461-PWY	group	GERD	0.0211802422472454	0.224449537356998	60	60	0.925144250106375	0.994621488650396	Qian_2023	GERD
PEPTIDOGLYCANSYN-PWY	group	GERD	8.9339233653891e-4	0.0299674653710642	60	60	0.976319276311884	0.994621488650396	Qian_2023	GERD
PWY-181	group	GERD	0.0429500847615024	0.785390738778867	60	32	0.956576353092625	0.994621488650396	Qian_2023	GERD
PWY-5005	group	GERD	-0.00907851832674475	0.321070852345246	60	60	0.977539292948712	0.994621488650396	Qian_2023	GERD
PWY-5022	group	GERD	0.0156763232119271	0.208790587874954	60	60	0.940408188740334	0.994621488650396	Qian_2023	GERD
PWY-5177	group	GERD	0.0126762868497809	0.195339389140609	60	60	0.948481827115805	0.994621488650396	Qian_2023	GERD
PWY-5181	group	GERD	-0.149173560631519	0.756861764523836	60	46	0.8444423738406	0.994621488650396	Qian_2023	GERD
PWY-5345	group	GERD	-0.0142783762202424	0.178536187670268	60	60	0.936532697138471	0.994621488650396	Qian_2023	GERD
PWY-5415	group	GERD	-0.0623230799962279	0.456971657552358	60	54	0.891990948859828	0.994621488650396	Qian_2023	GERD
PWY-5651	group	GERD	0.139255752549863	0.517917402418582	60	15	0.78897895872318	0.994621488650396	Qian_2023	GERD
PWY-5677	group	GERD	-0.0127128142898448	0.203640202359292	60	60	0.950436780993569	0.994621488650396	Qian_2023	GERD
PWY-5741	group	GERD	-0.0367730080040795	0.447927183452759	60	17	0.934853074288306	0.994621488650396	Qian_2023	GERD
PWY-5747	group	GERD	-0.0187650869149102	0.311050461872407	60	60	0.952101708826216	0.994621488650396	Qian_2023	GERD
PWY-5837	group	GERD	-0.0234214756777165	0.143272260827797	60	60	0.870712523730231	0.994621488650396	Qian_2023	GERD
PWY-5838	group	GERD	0.00787528130065547	0.0903235348232665	60	60	0.930821058212616	0.994621488650396	Qian_2023	GERD
PWY-5855	group	GERD	-0.033404263401108	0.259943315541702	60	60	0.898193152556591	0.994621488650396	Qian_2023	GERD
PWY-5856	group	GERD	-0.033404263401108	0.259943315541702	60	60	0.898193152556591	0.994621488650396	Qian_2023	GERD
PWY-5857	group	GERD	-0.033404263401108	0.259943315541702	60	60	0.898193152556591	0.994621488650396	Qian_2023	GERD
PWY-5861	group	GERD	-0.0103820016159358	0.10845856975585	60	60	0.924070385469183	0.994621488650396	Qian_2023	GERD
PWY-5863	group	GERD	-0.0124511105706062	0.137476316295919	60	60	0.928147019605955	0.994621488650396	Qian_2023	GERD
PWY-5897	group	GERD	0.003939255308927	0.0957613813646886	60	60	0.967328630354673	0.994621488650396	Qian_2023	GERD
PWY-5898	group	GERD	0.003939255308927	0.0957613813646886	60	60	0.967328630354673	0.994621488650396	Qian_2023	GERD
PWY-5899	group	GERD	0.003939255308927	0.0957613813646886	60	60	0.967328630354673	0.994621488650396	Qian_2023	GERD
PWY-5920	group	GERD	0.0237556893727847	0.171517812519398	60	60	0.890322857439455	0.994621488650396	Qian_2023	GERD
PWY-5973	group	GERD	0.00448371765953795	0.0193526379722609	60	60	0.817598083375115	0.994621488650396	Qian_2023	GERD
PWY-6071	group	GERD	-0.069671286170469	0.719688453312925	60	43	0.923212961562259	0.994621488650396	Qian_2023	GERD
PWY-6121	group	GERD	0.00649226129608945	0.0267526132597362	60	60	0.809111268483628	0.994621488650396	Qian_2023	GERD
PWY-6122	group	GERD	0.00649485342692668	0.0303311439256459	60	60	0.831195541468552	0.994621488650396	Qian_2023	GERD
PWY-6277	group	GERD	0.00649485342692668	0.0303311439256459	60	60	0.831195541468552	0.994621488650396	Qian_2023	GERD
PWY-6338	group	GERD	0.0267500449752952	0.322049785867838	60	11	0.934088384401831	0.994621488650396	Qian_2023	GERD
PWY-6339	group	GERD	-0.00590254135218839	0.249630981136854	60	8	0.981216886377479	0.994621488650396	Qian_2023	GERD
PWY-6385	group	GERD	0.00124280703152669	0.0298920550622656	60	60	0.966979103377899	0.994621488650396	Qian_2023	GERD
PWY-6386	group	GERD	-0.00145073290666794	0.0309848655760826	60	60	0.962816980361066	0.994621488650396	Qian_2023	GERD
PWY-6397	group	GERD	-0.0321406536404638	0.359933069011727	60	58	0.929154156198785	0.994621488650396	Qian_2023	GERD
PWY-6519	group	GERD	-0.00396752352203782	0.11846168140271	60	60	0.973397207488417	0.994621488650396	Qian_2023	GERD
PWY-6629	group	GERD	0.285253521740721	1.11924180996576	60	26	0.799730314852181	0.994621488650396	Qian_2023	GERD
PWY-6630	group	GERD	0.0255352355657146	0.0950202701338191	60	60	0.78908751848102	0.994621488650396	Qian_2023	GERD
PWY-6690	group	GERD	-0.138208283375535	0.598014113850778	60	19	0.818041090501787	0.994621488650396	Qian_2023	GERD
PWY-6703	group	GERD	0.00295130528825424	0.053591645396709	60	60	0.956271760978854	0.994621488650396	Qian_2023	GERD
PWY-6708	group	GERD	-0.033404263401108	0.259943315541702	60	60	0.898193152556591	0.994621488650396	Qian_2023	GERD
PWY-6728	group	GERD	-0.0286036544538396	0.531043676078886	60	18	0.957229344816699	0.994621488650396	Qian_2023	GERD
PWY-7013	group	GERD	0.0859513300567842	0.346769591777092	60	60	0.805115876816606	0.994621488650396	Qian_2023	GERD
PWY-7097	group	GERD	0.0267500449752952	0.322049785867838	60	11	0.934088384401831	0.994621488650396	Qian_2023	GERD
PWY-7098	group	GERD	0.0261672291375514	0.321815912145323	60	11	0.935474430583561	0.994621488650396	Qian_2023	GERD
PWY-7219	group	GERD	0.0065561524823685	0.0279654935320584	60	60	0.815471198319916	0.994621488650396	Qian_2023	GERD
PWY-7221	group	GERD	0.00125178108890473	0.028695951252547	60	60	0.96535537507385	0.994621488650396	Qian_2023	GERD
PWY-7374	group	GERD	0.0694654434835267	0.761492859112721	60	38	0.927629958202385	0.994621488650396	Qian_2023	GERD
PWY-7431	group	GERD	-0.0272716457240915	0.479918167718012	60	57	0.954879423150486	0.994621488650396	Qian_2023	GERD
PWY-7446	group	GERD	-0.259925057079679	1.11163199599744	60	36	0.81594580361183	0.994621488650396	Qian_2023	GERD
PWY-7663	group	GERD	0.007458607314113	0.0256693149251876	60	60	0.772420388555959	0.994621488650396	Qian_2023	GERD
PWY0-1277	group	GERD	-0.0897614100081307	0.541668367587356	60	19	0.868959214107534	0.994621488650396	Qian_2023	GERD
PWY0-1338	group	GERD	-0.0505619042294205	0.84662988518504	60	56	0.952582846706165	0.994621488650396	Qian_2023	GERD
PWY0-1415	group	GERD	-0.03444024147115	0.157344792947884	60	60	0.827508907176983	0.994621488650396	Qian_2023	GERD
PWY0-41	group	GERD	0.0809863529452211	0.381838517931237	60	60	0.832775880148185	0.994621488650396	Qian_2023	GERD
PWY0-845	group	GERD	0.00591246097638052	0.0827891309605641	60	60	0.943312439692625	0.994621488650396	Qian_2023	GERD
PWY0-862	group	GERD	0.0205548252460498	0.088080546405671	60	60	0.816300461194179	0.994621488650396	Qian_2023	GERD
PYRIDOXSYN-PWY	group	GERD	-0.021121152379731	0.121917732509152	60	60	0.863065167731989	0.994621488650396	Qian_2023	GERD
SULFATE-CYS-PWY	group	GERD	-0.010487141826365	0.177646419460985	60	60	0.953128123330898	0.994621488650396	Qian_2023	GERD
THREOCAT-PWY	group	GERD	-0.140437043822373	1.05315961479365	60	40	0.894379529762136	0.994621488650396	Qian_2023	GERD
TRNA-CHARGING-PWY	group	GERD	0.00762465668874768	0.0281367359268768	60	60	0.787364028231035	0.994621488650396	Qian_2023	GERD
TYRFUMCAT-PWY	group	GERD	-0.0222107796038149	0.374643033949627	60	60	0.952928763008993	0.994621488650396	Qian_2023	GERD
UBISYN-PWY	group	GERD	-0.0331707674435728	0.259271837810941	60	60	0.898640464385963	0.994621488650396	Qian_2023	GERD
GLUTORN-PWY	group	GERD	8.7528694736488e-4	0.135205605058459	60	60	0.994856948589992	0.99740834548159	Qian_2023	GERD
PWY-5705	group	GERD	0.00593552021254672	0.359436283972465	60	60	0.986881475529642	0.99740834548159	Qian_2023	GERD
PWY-6387	group	GERD	-1.3069823768206e-4	0.0304571862709173	60	60	0.996590844651517	0.99740834548159	Qian_2023	GERD
PWY-6609	group	GERD	-3.1123557973407e-4	0.0862371464305278	60	60	0.997132772868975	0.99740834548159	Qian_2023	GERD
TRPSYN-PWY	group	GERD	-2.3622311113598e-4	0.0724123579264252	60	60	0.99740834548159	0.99740834548159	Qian_2023	GERD
NONMEVIPP-PWY	group	IBS-D	0.227238874283962	0.0444170552584124	35	35	1.31032149241122e-5	0.00137583756703178	Li_2025	IBS-D
P161-PWY	group	IBS-D	-0.985842942667504	0.180031226807846	35	35	4.52617327829075e-6	0.00137583756703178	Li_2025	IBS-D
PWY-7560	group	IBS-D	0.227238874283962	0.0444170552584124	35	35	1.31032149241122e-5	0.00137583756703178	Li_2025	IBS-D
ASPASN-PWY	group	IBS-D	0.253458432048872	0.0530021394143489	35	35	3.50129163207869e-5	0.00275726716026197	Li_2025	IBS-D
RIBOSYN2-PWY	group	IBS-D	0.1692336448145	0.0370516904758003	35	35	6.5582353267129e-5	0.00413168825582913	Li_2025	IBS-D
P42-PWY	group	IBS-D	0.31855671469459	0.0754281175483541	35	35	1.7774626874405e-4	0.00933167910906262	Li_2025	IBS-D
PWY-5121	group	IBS-D	0.202802753632149	0.0487416690541466	35	35	2.1270029527699e-4	0.00957151328746467	Li_2025	IBS-D
FERMENTATION-PWY	group	IBS-D	-0.311859691541386	0.0786465378877217	35	35	3.7121124677716e-4	0.0120942664208923	Li_2025	IBS-D
P441-PWY	group	IBS-D	-0.283747204764044	0.0717725883695832	35	35	3.8394496574261e-4	0.0120942664208923	Li_2025	IBS-D
PWY0-1061	group	IBS-D	-0.641601690456725	0.161412927765704	35	35	3.6127485274709e-4	0.0120942664208923	Li_2025	IBS-D
GLUCONEO-PWY	group	IBS-D	0.140590615627128	0.0360688071303981	35	35	4.4921197185345e-4	0.0128637973758035	Li_2025	IBS-D
ALL-CHORISMATE-PWY	group	IBS-D	-1.99222216278026	0.549020904942493	35	32	9.5217019204227e-4	0.0156519571335807	Li_2025	IBS-D
LACTOSECAT-PWY	group	IBS-D	-0.754111760265234	0.20140188955715	35	35	6.908810859936e-4	0.0156519571335807	Li_2025	IBS-D
PWY-5505	group	IBS-D	0.860965662034209	0.237304384210733	35	35	9.5368255390378e-4	0.0156519571335807	Li_2025	IBS-D
PWY-5845	group	IBS-D	-2.01539924882767	0.557791231581763	35	32	9.9377505610036e-4	0.0156519571335807	Li_2025	IBS-D
PWY-5850	group	IBS-D	-2.01539924882767	0.557791231581763	35	32	9.9377505610036e-4	0.0156519571335807	Li_2025	IBS-D
PWY-5860	group	IBS-D	-2.01990615879117	0.558641271011192	35	32	9.8675929104643e-4	0.0156519571335807	Li_2025	IBS-D
PWY-5862	group	IBS-D	-2.01990615879117	0.558641271011192	35	32	9.8675929104643e-4	0.0156519571335807	Li_2025	IBS-D
PWY-5896	group	IBS-D	-2.01539924882767	0.557791231581763	35	32	9.9377505610036e-4	0.0156519571335807	Li_2025	IBS-D
PWY-7539	group	IBS-D	0.106928078007193	0.0295663874931537	35	35	9.8460213821836e-4	0.0156519571335807	Li_2025	IBS-D
PANTOSYN-PWY	group	IBS-D	0.209389772190134	0.0588795610565574	35	35	0.00116220054523301	0.0166405987158362	Li_2025	IBS-D
TYRFUMCAT-PWY	group	IBS-D	-1.90067164805969	0.532581555625673	35	31	0.00112285573564428	0.0166405987158362	Li_2025	IBS-D
NAGLIPASYN-PWY	group	IBS-D	0.242434494442083	0.070309146691528	35	35	0.00156091751053144	0.0204870423257251	Li_2025	IBS-D
PWY-922	group	IBS-D	-0.558484727097469	0.161555117352772	35	35	0.00152403485445687	0.0204870423257251	Li_2025	IBS-D
PWY-5100	group	IBS-D	0.266720568742392	0.078052779514031	35	35	0.001697398337345	0.0213872190505471	Li_2025	IBS-D
PWY-5913	group	IBS-D	-0.344452214936598	0.101970670762861	35	35	0.00188699754580144	0.0228617010356713	Li_2025	IBS-D
PWY-5910	group	IBS-D	-0.500725715106816	0.151080420570196	35	35	0.00223861532620498	0.0261171788057248	Li_2025	IBS-D
PWY-7208	group	IBS-D	0.129763208158828	0.0393945421253923	35	35	0.00236376559277781	0.0265923629187504	Li_2025	IBS-D
PWY-5104	group	IBS-D	0.24692682826723	0.0756451370435287	35	35	0.00255812001174745	0.0277864759896705	Li_2025	IBS-D
AST-PWY	group	IBS-D	-1.74142772415046	0.536081714389329	35	6	0.00266809546987869	0.0280150024337262	Li_2025	IBS-D
NONOXIPENT-PWY	group	IBS-D	0.140085207858548	0.043683594213429	35	35	0.00297896947694385	0.0287218159260546	Li_2025	IBS-D
PWY-6147	group	IBS-D	0.133246508277512	0.0415790864961106	35	35	0.00299603441618758	0.0287218159260546	Li_2025	IBS-D
PWY-7234	group	IBS-D	-0.202755095319264	0.0633011743551964	35	35	0.0030089521446343	0.0287218159260546	Li_2025	IBS-D
POLYISOPRENSYN-PWY	group	IBS-D	0.120891153861342	0.0382421777602498	35	35	0.00335926241432899	0.0311225782504009	Li_2025	IBS-D
PWY490-3	group	IBS-D	1.17746494817422	0.379589739021057	35	35	0.00392263945267189	0.035303755074047	Li_2025	IBS-D
PWY-1269	group	IBS-D	0.216009719413944	0.0702108893113099	35	35	0.0041901695341102	0.0356730649525598	Li_2025	IBS-D
PWY0-1297	group	IBS-D	-0.280696678642576	0.0911852817147925	35	35	0.0041714130474445	0.0356730649525598	Li_2025	IBS-D
HEME-BIOSYNTHESIS-II	group	IBS-D	0.280058223311486	0.095079540114235	35	35	0.00587160250702149	0.0480119052111312	Li_2025	IBS-D
PENTOSE-P-PWY	group	IBS-D	-0.199338438585269	0.067786373460049107	35	35	0.00594433112137815	0.0480119052111312	Li_2025	IBS-D
DENITRIFICATION-PWY	group	IBS-D	-2.11169590388714	0.720709746035544	35	35	0.00610794128304631	0.0481000376039897	Li_2025	IBS-D
CALVIN-PWY	group	IBS-D	0.0869946517280243	0.0300591597815117	35	35	0.00669060447633432	0.0501795335725074	Li_2025	IBS-D
PWY-5686	group	IBS-D	0.109641241015955	0.0378098278253357	35	35	0.00659485908313602	0.0501795335725074	Li_2025	IBS-D
GLCMANNANAUT-PWY	group	IBS-D	-0.301140677283215	0.108359882481917	35	35	0.00892811329704907	0.0573950140524583	Li_2025	IBS-D
PWY-2941	group	IBS-D	-0.378982238534395	0.135894638716917	35	35	0.00871498519816077	0.0573950140524583	Li_2025	IBS-D
PWY-5838	group	IBS-D	0.340385057466118	0.121062377807597	35	35	0.00823221195190026	0.0573950140524583	Li_2025	IBS-D
PWY-5840	group	IBS-D	0.344494891596898	0.123079634748507	35	35	0.00849709979382729	0.0573950140524583	Li_2025	IBS-D
PWY-6123	group	IBS-D	0.109583157845875	0.0391416319909841	35	35	0.00848232564273855	0.0573950140524583	Li_2025	IBS-D
PWY-6467	group	IBS-D	0.2160361871008	0.0766221494413836	35	35	0.00807224642160307	0.0573950140524583	Li_2025	IBS-D
REDCITCYC	group	IBS-D	-1.22391912801583	0.43934649760181	35	35	0.00878077909794127	0.0573950140524583	Li_2025	IBS-D
P125-PWY	group	IBS-D	-0.777313769053663	0.281657964175523	35	35	0.00936600031533436	0.0577994635741741	Li_2025	IBS-D
PWY-4984	group	IBS-D	-1.93762868691605	0.704008698005002	35	33	0.00954149874875255	0.0577994635741741	Li_2025	IBS-D
PWY-7377	group	IBS-D	0.494962989940511	0.179105747343238	35	35	0.0092795035546967709	0.0577994635741741	Li_2025	IBS-D
PANTO-PWY	group	IBS-D	0.229158594672656	0.0847419603758526	35	35	0.0107416157550693	0.0599496844608988	Li_2025	IBS-D
PWY-5897	group	IBS-D	0.34476489451935	0.127682502902034	35	35	0.0108480381405436	0.0599496844608988	Li_2025	IBS-D
PWY-5898	group	IBS-D	0.34476489451935	0.127682502902034	35	35	0.0108480381405436	0.0599496844608988	Li_2025	IBS-D
PWY-5899	group	IBS-D	0.34476489451935	0.127682502902034	35	35	0.0108480381405436	0.0599496844608988	Li_2025	IBS-D
PWY-5918	group	IBS-D	0.188349691146475	0.0694866243672853	35	35	0.0105742547810611	0.0599496844608988	Li_2025	IBS-D
COA-PWY	group	IBS-D	0.0949637445371841	0.036243803934001	35	35	0.013181961563513	0.0615768784218878	Li_2025	IBS-D
METHGLYUT-PWY	group	IBS-D	-1.22431185004255	0.458931129769396	35	7	0.0117431362021015	0.0615768784218878	Li_2025	IBS-D
POLYAMINSYN3-PWY	group	IBS-D	-1.28899586076099	0.490078731470006	35	33	0.012865488991126	0.0615768784218878	Li_2025	IBS-D
PWY-5667	group	IBS-D	-0.105677462549142	0.0401587609442295	35	35	0.0128247055309444	0.0615768784218878	Li_2025	IBS-D
PWY-5971	group	IBS-D	-0.466216970101575	0.177062940679138	35	35	0.0127761504835094	0.0615768784218878	Li_2025	IBS-D
PWY-6317	group	IBS-D	-0.258954759919636	0.0991925835175663	35	35	0.0134882686066992	0.0615768784218878	Li_2025	IBS-D
PWY-6519	group	IBS-D	-0.785837455006102	0.29882265814744	35	35	0.0128780353844066	0.0615768784218878	Li_2025	IBS-D
PWY-6545	group	IBS-D	0.925576445550395	0.354200606143181	35	35	0.013406617525249	0.0615768784218878	Li_2025	IBS-D
PWY-6572	group	IBS-D	1.63623053127643	0.625284911838903	35	35	0.0132894731010052	0.0615768784218878	Li_2025	IBS-D
PWY-6700	group	IBS-D	0.176076765520869	0.0660670414473292	35	35	0.0118184785806246	0.0615768784218878	Li_2025	IBS-D
PWY-7111	group	IBS-D	-0.159602673933359	0.0596047370814039	35	35	0.0114617816510066	0.0615768784218878	Li_2025	IBS-D
PWY0-1319	group	IBS-D	-0.105677462549142	0.0401587609442295	35	35	0.0128247055309444	0.0615768784218878	Li_2025	IBS-D
BIOTIN-BIOSYNTHESIS-PWY	group	IBS-D	-0.690128432182734	0.269950928380857	35	35	0.015360285103795	0.0691212829670775	Li_2025	IBS-D
PWY-5861	group	IBS-D	0.362859086025284	0.143684658354189	35	35	0.0165416392244059	0.0733889627561671	Li_2025	IBS-D
COBALSYN-PWY	group	IBS-D	0.396716854741785	0.158743580959878	35	35	0.0176039642720303	0.0746347726620865	Li_2025	IBS-D
COLANSYN-PWY	group	IBS-D	0.32390493140482	0.132913886751234	35	35	0.0203695232231716	0.0746347726620865	Li_2025	IBS-D
FAO-PWY	group	IBS-D	-1.23363483542558	0.507282676897945	35	35	0.0206134134019096	0.0746347726620865	Li_2025	IBS-D
FASYN-INITIAL-PWY	group	IBS-D	-0.62866675073971	0.253789344147607	35	35	0.0185402911379767	0.0746347726620865	Li_2025	IBS-D
LPSSYN-PWY	group	IBS-D	-0.837817755946121	0.339416182753075	35	4	0.0189237814886088	0.0746347726620865	Li_2025	IBS-D
POLYAMSYN-PWY	group	IBS-D	0.923442674765456	0.379110993481797	35	35	0.0204238791011285	0.0746347726620865	Li_2025	IBS-D
PWY-5347	group	IBS-D	0.112669357747502	0.0458543146609893	35	35	0.0194316636710798	0.0746347726620865	Li_2025	IBS-D
PWY-6163	group	IBS-D	0.0761450534894292	0.0308091359575965	35	35	0.0187864775970442	0.0746347726620865	Li_2025	IBS-D
PWY-6269	group	IBS-D	0.389835353962066	0.160035941843325	35	35	0.0204185011857362	0.0746347726620865	Li_2025	IBS-D
PWY-6629	group	IBS-D	-0.838463975754028	0.339750714660653	35	4	0.0189472749964498	0.0746347726620865	Li_2025	IBS-D
PWY-7323	group	IBS-D	0.377198485667605	0.154026784472997	35	35	0.0198082642452568	0.0746347726620865	Li_2025	IBS-D
PWY-7446	group	IBS-D	-0.839120215611088	0.340130235953201	35	4	0.0189839749019198	0.0746347726620865	Li_2025	IBS-D
PWY-7664	group	IBS-D	-0.440732213468845	0.180584799341219	35	35	0.0201976901088172	0.0746347726620865	Li_2025	IBS-D
PWY0-845	group	IBS-D	-1.14345427019295	0.465527043686555	35	35	0.0194707688993245	0.0746347726620865	Li_2025	IBS-D
PYRIDOXSYN-PWY	group	IBS-D	-1.29763874395463	0.528788981832144	35	35	0.0195747837241622	0.0746347726620865	Li_2025	IBS-D
TRNA-CHARGING-PWY	group	IBS-D	0.0795674587781036	0.0317118731535552	35	35	0.0171937976179332	0.0746347726620865	Li_2025	IBS-D
PWY-5509	group	IBS-D	0.385397799181463	0.159821707498622	35	35	0.021616231844939	0.0773463511007664	Li_2025	IBS-D
THREOCAT-PWY	group	IBS-D	-0.875601460389619	0.363815443293534	35	4	0.0218534134856134	0.0773463511007664	Li_2025	IBS-D
KETOGLUCONMET-PWY	group	IBS-D	-0.970493463060519	0.411134974732586	35	6	0.0243112507176482	0.0794432046184593	Li_2025	IBS-D
PPGPPMET-PWY	group	IBS-D	-0.848968927664168	0.36006774093782	35	35	0.0244634630094938	0.0794432046184593	Li_2025	IBS-D
PWY-6282	group	IBS-D	-0.545457584646984	0.229509986765074	35	35	0.0234277965228686	0.0794432046184593	Li_2025	IBS-D
PWY-7013	group	IBS-D	0.725293012228714	0.304119574214095	35	35	0.0229849631674673	0.0794432046184593	Li_2025	IBS-D
PWY0-1261	group	IBS-D	-0.520320888225854	0.219116727499949	35	35	0.0235353863746857	0.0794432046184593	Li_2025	IBS-D
PWY0-1338	group	IBS-D	-0.935327337324018	0.395565749383657	35	4	0.0240884823509277	0.0794432046184593	Li_2025	IBS-D
PWYG-321	group	IBS-D	-0.472495095584498	0.200140678559469	35	35	0.0242949498207942	0.0794432046184593	Li_2025	IBS-D
PYRIDNUCSAL-PWY	group	IBS-D	0.288361567752991	0.12077732268574	35	35	0.0228446221751931	0.0794432046184593	Li_2025	IBS-D
3-HYDROXYPHENYLACETATE-DEGRADATION-PWY	group	IBS-D	-0.985472304777053	0.424103284959081	35	4	0.0264493160289329	0.0817632240288359	Li_2025	IBS-D
PWY-5022	group	IBS-D	-0.98788002518879	0.424388764529303	35	35	0.0262027638318024	0.0817632240288359	Li_2025	IBS-D
PWY-5989	group	IBS-D	-0.547875329721113	0.2343796873083	35	35	0.0256242587203844	0.0817632240288359	Li_2025	IBS-D
PWY4FS-7	group	IBS-D	-0.102900764836173	0.044292243714733	35	35	0.0264757106379088	0.0817632240288359	Li_2025	IBS-D
PWY4FS-8	group	IBS-D	-0.102900764836173	0.044292243714733	35	35	0.0264757106379088	0.0817632240288359	Li_2025	IBS-D
PWY-5154	group	IBS-D	-0.715522348450634	0.312735877603451	35	35	0.0286815301709713	0.0877153592607374	Li_2025	IBS-D
PWY-6897	group	IBS-D	0.220753287492954	0.0969833129595153	35	35	0.029451879469681	0.0892052118552837	Li_2025	IBS-D
PWY-5097	group	IBS-D	0.0955059601560184	0.0422177457732112	35	35	0.0303926710017878	0.0911780130053635	Li_2025	IBS-D
DAPLYSINESYN-PWY	group	IBS-D	-0.0885100267079273	0.0392451371098867	35	35	0.0308678128116579	0.0917298210912474	Li_2025	IBS-D
PWY-7219	group	IBS-D	0.0668350603501759	0.0297500510913479	35	35	0.0314795801064871	0.0926735302200321	Li_2025	IBS-D
PWY-6471	group	IBS-D	-0.24522912839988	0.109802084595263	35	35	0.0324205230727336	0.0945598589621397	Li_2025	IBS-D
PHOSLIPSYN-PWY	group	IBS-D	-0.0707997693687133	0.0319002851804485	35	35	0.0334450560466368	0.0966531436210145	Li_2025	IBS-D
PWY-5177	group	IBS-D	-1.08593637027902	0.494638275335537	35	35	0.0352730503850699	0.0981455842458345	Li_2025	IBS-D
PWY-5855	group	IBS-D	-0.924910483923664	0.422658985612989	35	35	0.0358309275818126	0.0981455842458345	Li_2025	IBS-D
PWY-5856	group	IBS-D	-0.924910483923664	0.422658985612989	35	35	0.0358309275818126	0.0981455842458345	Li_2025	IBS-D
PWY-5857	group	IBS-D	-0.924910483923664	0.422658985612989	35	35	0.0358309275818126	0.0981455842458345	Li_2025	IBS-D
PWY-6708	group	IBS-D	-0.924910483923664	0.422658985612989	35	35	0.0358309275818126	0.0981455842458345	Li_2025	IBS-D
PWY-6892	group	IBS-D	-0.476895144491621	0.217140312088484	35	35	0.0352077150130098	0.0981455842458345	Li_2025	IBS-D
UBISYN-PWY	group	IBS-D	-0.913536062759982	0.420549927083693	35	35	0.0371226872369086	0.100807297238157	Li_2025	IBS-D
PWY-2942	group	IBS-D	0.0859483642328383	0.0397442092198214	35	35	0.0379225158521796	0.102099081140484	Li_2025	IBS-D
PWY-6122	group	IBS-D	0.0677393231974751	0.0319416815901724	35	35	0.0415474897647875	0.109978649377379	Li_2025	IBS-D
PWY-6277	group	IBS-D	0.0677393231974751	0.0319416815901724	35	35	0.0415474897647875	0.109978649377379	Li_2025	IBS-D
PWY-7392	group	IBS-D	-0.171312334750374	0.0809587855406842	35	35	0.0419712203455134	0.110174453406973	Li_2025	IBS-D
THRESYN-PWY	group	IBS-D	0.0512777924581256	0.0243264390249362	35	35	0.0427181482682503	0.111208402516519	Li_2025	IBS-D
GLYCOCAT-PWY	group	IBS-D	0.239962184495293	0.116512046217255	35	35	0.0474021183155492	0.121827175850289	Li_2025	IBS-D
PROTOCATECHUATE-ORTHO-CLEAVAGE-PWY	group	IBS-D	-1.62437732747466	0.789341722953546	35	10	0.0475706115224937	0.121827175850289	Li_2025	IBS-D
PWY-5677	group	IBS-D	-1.15437718491476	0.565419011647174	35	35	0.0492490933929731	0.125108584022472	Li_2025	IBS-D
PRPP-PWY	group	IBS-D	-0.0698022942234812	0.0347295635372065	35	35	0.0526775114867581	0.13274732894663	Li_2025	IBS-D
PWY-5189	group	IBS-D	0.150200895361861	0.0751948407597149	35	35	0.0540711645391855	0.135177911347964	Li_2025	IBS-D
KDO-NAGLIPASYN-PWY	group	IBS-D	-0.858672791475028	0.432905584402724	35	35	0.0556818348809953	0.137029515527449	Li_2025	IBS-D
PWY-6121	group	IBS-D	0.058253079266126	0.0293381543049466	35	35	0.055441468175707	0.137029515527449	Li_2025	IBS-D
PWY-621	group	IBS-D	-0.190381588426474	0.0984133400479304	35	35	0.0616621206273099	0.150570294555059	Li_2025	IBS-D
ARG+POLYAMINE-SYN	group	IBS-D	0.579671155001512	0.301030809847527	35	35	0.0628046749037963	0.152180558420737	Li_2025	IBS-D
P108-PWY	group	IBS-D	0.307869259219543	0.16135142389034	35	35	0.0651147742579428	0.153793863605191	Li_2025	IBS-D
PEPTIDOGLYCANSYN-PWY	group	IBS-D	0.0581259985747968	0.0304966889628951	35	35	0.0653945356675454	0.153793863605191	Li_2025	IBS-D
PWY-6385	group	IBS-D	0.0581259985747968	0.0304966889628951	35	35	0.0653945356675454	0.153793863605191	Li_2025	IBS-D
PWY0-1479	group	IBS-D	-0.478199350173141	0.250922901234039	35	35	0.0654234213431606	0.153793863605191	Li_2025	IBS-D
ENTBACSYN-PWY	group	IBS-D	-0.81461419514636	0.431001749929413	35	35	0.0675617935291293	0.15648503648291	Li_2025	IBS-D
PWY-3781	group	IBS-D	-0.828948673645855	0.43777419122002	35	35	0.0670797268859712	0.15648503648291	Li_2025	IBS-D
PWY-5863	group	IBS-D	0.333390236328601	0.177251605794823	35	35	0.068836070986249	0.158272717961084	Li_2025	IBS-D
PWY-7187	group	IBS-D	-0.0630678211535956	0.0337262623850786	35	35	0.0703783758641051	0.160646292733283	Li_2025	IBS-D
TRPSYN-PWY	group	IBS-D	0.149220870899578	0.0807637507495964	35	35	0.0736379563369324	0.16687738306571	Li_2025	IBS-D
COMPLETE-ARO-PWY	group	IBS-D	0.0402616706339604	0.0220575988229384	35	35	0.0770188676462101	0.172063427720257	Li_2025	IBS-D
PWY-5837	group	IBS-D	0.337093737477991	0.184505489253129	35	35	0.0767545479065742	0.172063427720257	Li_2025	IBS-D
ARGORNPROST-PWY	group	IBS-D	-0.419939996607885	0.232531283217814	35	35	0.080054899864954	0.176344709492731	Li_2025	IBS-D
HSERMETANA-PWY	group	IBS-D	0.0964173929656508	0.0533254221930363	35	35	0.0797135420207855	0.176344709492731	Li_2025	IBS-D
PWY-5747	group	IBS-D	-1.09486098466722	0.612828370687619	35	35	0.0831975864610059	0.18199472038345	Li_2025	IBS-D
1CMET2-PWY	group	IBS-D	0.0735691512629217	0.041386210073709	35	35	0.0846830975937784	0.18396672925545	Li_2025	IBS-D
PWY-6387	group	IBS-D	0.0547650223622895	0.0308982364974635	35	35	0.0855556637705499	0.184589274573447	Li_2025	IBS-D
P281-PWY	group	IBS-D	-1.08851052742881	0.61978372246346	35	9	0.088319380414347	0.18843164415484	Li_2025	IBS-D
PWY-7221	group	IBS-D	0.0583220407373456	0.0332310991078374	35	35	0.0885329629679881	0.18843164415484	Li_2025	IBS-D
GLYCOLYSIS-E-D	group	IBS-D	-0.191986541570595	0.109982136596036	35	35	0.0901835526736604	0.190656503974517	Li_2025	IBS-D
SO4ASSIM-PWY	group	IBS-D	-0.895673649934972	0.522290083224954	35	35	0.0957420212694997	0.200709613941328	Li_2025	IBS-D
SULFATE-CYS-PWY	group	IBS-D	-0.750111821413059	0.438056698451627	35	35	0.0962131800163192	0.200709613941328	Li_2025	IBS-D
GLUCARDEG-PWY	group	IBS-D	-0.762571669155471	0.447981863931119	35	5	0.098114715348738	0.203329837729293	Li_2025	IBS-D
P461-PWY	group	IBS-D	0.350817258594731	0.207465983179947	35	35	0.100269162927136	0.20643651190881	Li_2025	IBS-D
METH-ACETATE-PWY	group	IBS-D	-0.947213328032196	0.56396667800073	35	28	0.102488884262606	0.207710012092506	Li_2025	IBS-D
PWY-5345	group	IBS-D	-0.701046745353707	0.416680125290532	35	35	0.101920277695454	0.207710012092506	Li_2025	IBS-D
PWY0-162	group	IBS-D	0.0508248550208503	0.0302954767541891	35	35	0.102865910750575	0.207710012092506	Li_2025	IBS-D
PWY0-862	group	IBS-D	-0.155670630305858	0.0933718333675413	35	35	0.104936699867645	0.210541786358651	Li_2025	IBS-D
PWY-7237	group	IBS-D	0.481727526990468	0.289736442210087	35	35	0.105855478092856	0.211040984805378	Li_2025	IBS-D
PWY-7200	group	IBS-D	-0.0756257580493453	0.0457712044185675	35	35	0.107967327288094	0.212560675598435	Li_2025	IBS-D
PWY-7373	group	IBS-D	1.2179434631527	0.73694497935962	35	27	0.107877901034508	0.212560675598435	Li_2025	IBS-D
MET-SAM-PWY	group	IBS-D	0.0760400493974332	0.0462769132512752	35	35	0.109847243519663	0.214918519929776	Li_2025	IBS-D
ANAGLYCOLYSIS-PWY	group	IBS-D	0.0708132084742509	0.0432424959525189	35	35	0.111010640224985	0.215854022659692	Li_2025	IBS-D
P562-PWY	group	IBS-D	0.452379755336449	0.279533396263156	35	35	0.115109359406903	0.222450602534812	Li_2025	IBS-D
PWY-6749	group	IBS-D	1.0102190858415	0.628709312573715	35	35	0.117622884958786	0.225922004646449	Li_2025	IBS-D
PWY0-1241	group	IBS-D	0.274545285624163	0.171214731056084	35	35	0.118350828742428	0.225942491235545	Li_2025	IBS-D
CATECHOL-ORTHO-CLEAVAGE-PWY	group	IBS-D	-0.579829286377092	0.363516270940319	35	4	0.12023332642816	0.228153601354642	Li_2025	IBS-D
ARGSYNBSUB-PWY	group	IBS-D	-0.199065684440833	0.125743038588735	35	35	0.122933312688483	0.231880200580073	Li_2025	IBS-D
PWY-5920	group	IBS-D	-0.730082013490375	0.464222503211106	35	35	0.125328578810391	0.232226484266313	Li_2025	IBS-D
PWY-6901	group	IBS-D	0.261351494655182	0.165830200493683	35	35	0.124560996520653	0.232226484266313	Li_2025	IBS-D
PWY-7197	group	IBS-D	-0.0911006877194362	0.0579031776105219	35	35	0.125182754516312	0.232226484266313	Li_2025	IBS-D
ARO-PWY	group	IBS-D	0.0361600709319806	0.0234978380675856	35	35	0.133371294545336	0.245683963636145	Li_2025	IBS-D
PWY-7211	group	IBS-D	-0.101715431562699	0.0662592390232903	35	35	0.134289158900799	0.245936541010183	Li_2025	IBS-D
PWY0-166	group	IBS-D	-0.0501817876862826	0.0333875221135453	35	35	0.142346801596787	0.259186372849641	Li_2025	IBS-D
PWY1G-0	group	IBS-D	-0.69404015405436	0.463101406742686	35	35	0.14346317024537	0.259717808202825	Li_2025	IBS-D
PWY-6386	group	IBS-D	0.0463633791047176	0.0310865411002763	35	35	0.145347164099088	0.261624895378359	Li_2025	IBS-D
P163-PWY	group	IBS-D	-0.758620113257007	0.510598695765413	35	35	0.146837936262687	0.262284427251483	Li_2025	IBS-D
PWY-5695	group	IBS-D	0.109481608826256	0.0737898059802187	35	35	0.147378868646072	0.262284427251483	Li_2025	IBS-D
PWY-6728	group	IBS-D	-0.499168388091932	0.34218422187273	35	6	0.154081552672144	0.271152590228765	Li_2025	IBS-D
PWY-7184	group	IBS-D	-0.0774098913934829	0.0530654096353292	35	35	0.154083535399838	0.271152590228765	Li_2025	IBS-D
GLYCOGENSYNTH-PWY	group	IBS-D	-0.126949915226888	0.0905908624454092	35	35	0.170443203595474	0.298275606292079	Li_2025	IBS-D
OANTIGEN-PWY	group	IBS-D	-0.0547852549306425	0.0392338002420518	35	35	0.171922932784983	0.299202894073314	Li_2025	IBS-D
PWY-6143	group	IBS-D	0.818607554946076	0.589900528764694	35	18	0.174526798591507	0.302065612946838	Li_2025	IBS-D
PWY-5659	group	IBS-D	0.132755579763614	0.0965575884163172	35	35	0.178431057266189	0.307135426441801	Li_2025	IBS-D
GALLATE-DEGRADATION-I-PWY	group	IBS-D	-0.47128964635339	0.345245000793772	35	5	0.181460528435168	0.308980541786198	Li_2025	IBS-D
METHYLGALLATE-DEGRADATION-PWY	group	IBS-D	-0.47126962701052	0.345233776131695	35	5	0.181464762636338	0.308980541786198	Li_2025	IBS-D
P184-PWY	group	IBS-D	-0.465698931521388	0.342097676764292	35	5	0.182641068073379	0.309311486253303	Li_2025	IBS-D
PWY-5188	group	IBS-D	0.0873783187200168	0.0652542054433856	35	35	0.189707191623458	0.319560242574273	Li_2025	IBS-D
CENTFERM-PWY	group	IBS-D	-0.543993844613155	0.408183617127693	35	35	0.191753542243125	0.319589237071876	Li_2025	IBS-D
PWY-6590	group	IBS-D	-0.537032048764587	0.402892868009366	35	35	0.191681577154205	0.319589237071876	Li_2025	IBS-D
PWY-5676	group	IBS-D	-0.520872578837367	0.396715542411883	35	35	0.198253076829373	0.327409294712002	Li_2025	IBS-D
PWY-6125	group	IBS-D	-0.0525041667705404	0.0400138874042886	35	35	0.198524365999976	0.327409294712002	Li_2025	IBS-D
PWY-7031	group	IBS-D	0.916284435434438	0.705976188035178	35	27	0.203321637027281	0.333574560747882	Li_2025	IBS-D
PWY-6263	group	IBS-D	0.884871577206267	0.68559384357454	35	34	0.205789789828086	0.335874527439623	Li_2025	IBS-D
PWY-7371	group	IBS-D	0.879543271648255	0.68648017975894	35	34	0.209041264993919	0.339422672541672	Li_2025	IBS-D
ECASYN-PWY	group	IBS-D	-0.718793174960809	0.562437235396691	35	13	0.210167259746082	0.339500958051363	Li_2025	IBS-D
P162-PWY	group	IBS-D	-0.477172101362633	0.375463002117666	35	35	0.212654040421332	0.341765422105711	Li_2025	IBS-D
PWY-6891	group	IBS-D	-0.441039547276743	0.3478910581902	35	35	0.213759010301275	0.341797402258384	Li_2025	IBS-D
GLUCOSE1PMETAB-PWY	group	IBS-D	0.198684794475489	0.15759491130007	35	35	0.216246986963205	0.344029297441462	Li_2025	IBS-D
PWY-7456	group	IBS-D	0.561053365560513	0.458990171818233	35	35	0.23022889124903	0.364432667052485	Li_2025	IBS-D
PWY-7332	group	IBS-D	0.858368144090437	0.704075925739612	35	33	0.23143348645534	0.364507741167161	Li_2025	IBS-D
PWY-6588	group	IBS-D	-0.45630863570168	0.379704056412794	35	35	0.238014675771444	0.373008073970173	Li_2025	IBS-D
GALACTARDEG-PWY	group	IBS-D	-0.593517660998993	0.505278471555651	35	6	0.248547661112976	0.383786829659742	Li_2025	IBS-D
GLUCARGALACTSUPER-PWY	group	IBS-D	-0.593517660998993	0.505278471555651	35	6	0.248547661112976	0.383786829659742	Li_2025	IBS-D
P341-PWY	group	IBS-D	0.573387358557761	0.487660065471588	35	10	0.248090791727357	0.383786829659742	Li_2025	IBS-D
HISTSYN-PWY	group	IBS-D	0.12137281859797	0.103927679655366	35	35	0.251232629322622	0.386040381642077	Li_2025	IBS-D
PWY-7220	group	IBS-D	-0.073048060668085	0.0632104939986324	35	35	0.256130576313247	0.389763920476681	Li_2025	IBS-D
PWY-7222	group	IBS-D	-0.073048060668085	0.0632104939986324	35	35	0.256130576313247	0.389763920476681	Li_2025	IBS-D
CODH-PWY	group	IBS-D	-0.696059359951931	0.606113156166656	35	32	0.259060770217283	0.39232760874252	Li_2025	IBS-D
PWY-5705	group	IBS-D	0.537240755680859	0.479500890240879	35	30	0.27062434359276	0.407878795367078	Li_2025	IBS-D
ARGSYN-PWY	group	IBS-D	-0.0925565527615717	0.0841762074926184	35	35	0.279482189368508	0.417236443843981	Li_2025	IBS-D
UDPNAGSYN-PWY	group	IBS-D	-0.0425180005781967	0.038617572816071	35	35	0.278862350279987	0.417236443843981	Li_2025	IBS-D
HEXITOLDEGSUPER-PWY	group	IBS-D	-0.119438396819239	0.111910440495905	35	35	0.293596873359254	0.436240637302666	Li_2025	IBS-D
PWY-6151	group	IBS-D	-0.0730465407794368	0.0705756847563698	35	35	0.308189712056742	0.455773517830393	Li_2025	IBS-D
PWY-3001	group	IBS-D	0.0266107609728855	0.026463867195649	35	35	0.321948433247228	0.473896058284471	Li_2025	IBS-D
P101-PWY	group	IBS-D	-0.341194526818854	0.342956808450004	35	5	0.327042945694636	0.47693762913801	Li_2025	IBS-D
PWY-6895	group	IBS-D	-0.242026173568211	0.242943399659664	35	35	0.326390295763979	0.47693762913801	Li_2025	IBS-D
PWY0-41	group	IBS-D	0.508578743928532	0.524106752629178	35	30	0.338919924916694	0.491980536169395	Li_2025	IBS-D
PWY-7315	group	IBS-D	-0.714831553696321	0.739453835867342	35	15	0.340724671011119	0.492331520039002	Li_2025	IBS-D
PWY-7400	group	IBS-D	-0.0797497734029389	0.0831599146773089	35	35	0.344536224318539	0.495565802102008	Li_2025	IBS-D
HEMESYN2-PWY	group	IBS-D	0.0816840385501514	0.0861616269892181	35	35	0.350004039041128	0.498874535284865	Li_2025	IBS-D
PWY-6628	group	IBS-D	0.0388608831037548	0.0408874702582905	35	35	0.348800676814411	0.498874535284865	Li_2025	IBS-D
FASYN-ELONG-PWY	group	IBS-D	-0.0904600033870665	0.0969014810863481	35	35	0.357329396922754	0.507021441579583	Li_2025	IBS-D
PWY-7228	group	IBS-D	-0.04099586964566	0.0448459382221286	35	35	0.367269861139285	0.518789265734864	Li_2025	IBS-D
HISDEG-PWY	group	IBS-D	0.208019289556807	0.236587731488904	35	35	0.385624661611462	0.537485700918631	Li_2025	IBS-D
P105-PWY	group	IBS-D	0.671335711081162	0.763093281977551	35	35	0.385353486904714	0.537485700918631	Li_2025	IBS-D
PWY-7229	group	IBS-D	0.0326016709427575	0.0368892799639291	35	35	0.383213478747655	0.537485700918631	Li_2025	IBS-D
PWY-5507	group	IBS-D	-0.367463458080493	0.437522864357423	35	4	0.40702365098719	0.564812555334646	Li_2025	IBS-D
HOMOSER-METSYN-PWY	group	IBS-D	0.0450869472576642	0.0545791707905161	35	35	0.414689557834211	0.570993671454428	Li_2025	IBS-D
PWY-5384	group	IBS-D	-0.129513664620975	0.156920899499707	35	35	0.415103335755759	0.570993671454428	Li_2025	IBS-D
GLYOXYLATE-BYPASS	group	IBS-D	0.863474190986216	1.0644079874258	35	34	0.423049201168888	0.579393471166085	Li_2025	IBS-D
PWY-5103	group	IBS-D	-0.0357739867625982	0.044289653988969	35	35	0.425031563572953	0.5795884957813	Li_2025	IBS-D
PWY-5304	group	IBS-D	0.298215952483745	0.372018873411522	35	35	0.428510332095472	0.581813597457214	Li_2025	IBS-D
PWY-6630	group	IBS-D	0.0321618234949244	0.0420238905865276	35	35	0.449518806128013	0.607718557640876	Li_2025	IBS-D
LEU-DEG2-PWY	group	IBS-D	-0.45016526264172	0.594188788279234	35	18	0.454058850845465	0.610899619825682	Li_2025	IBS-D
PWY-6703	group	IBS-D	0.0682140255252745	0.0903793510578404	35	35	0.455750510028683	0.610899619825682	Li_2025	IBS-D
GLUTORN-PWY	group	IBS-D	-0.123290963199407	0.166475293202482	35	35	0.464175602984177	0.614935759252086	Li_2025	IBS-D
PWY-5101	group	IBS-D	-0.0316294600340948	0.0429455514070415	35	35	0.466629408983572	0.614935759252086	Li_2025	IBS-D
PWY-6470	group	IBS-D	-0.128044413199998	0.171938726964019	35	35	0.461718194134154	0.614935759252086	Li_2025	IBS-D
PWY-6507	group	IBS-D	-0.167730402397898	0.226972381120632	35	35	0.465136996189401	0.614935759252086	Li_2025	IBS-D
PWY-7663	group	IBS-D	0.0324575038631077	0.0442591698256001	35	35	0.468522483239684	0.614935759252086	Li_2025	IBS-D
P4-PWY	group	IBS-D	-0.0163583702940019	0.0225120468065201	35	35	0.472563944364155	0.615114225102102	Li_2025	IBS-D
PWY-5005	group	IBS-D	0.253220565992788	0.347068214929756	35	35	0.470782849114303	0.615114225102102	Li_2025	IBS-D
THISYN-PWY	group	IBS-D	-0.0783742062264921	0.11186775097408	35	35	0.488465223278368	0.633195659805291	Li_2025	IBS-D
PWY-7242	group	IBS-D	-0.160745717229128	0.232059463615307	35	35	0.493349117354493	0.636905622814202	Li_2025	IBS-D
PWY-5415	group	IBS-D	-0.270470444979465	0.398570058301426	35	5	0.502121592528061	0.643362850703238	Li_2025	IBS-D
TCA-GLYOX-BYPASS	group	IBS-D	0.653316516429955	0.963451611200038	35	34	0.502435750073005	0.643362850703238	Li_2025	IBS-D
GLYCOL-GLYOXDEG-PWY	group	IBS-D	0.669847697510111	0.9988165420609	35	34	0.507115863678653	0.646726708739983	Li_2025	IBS-D
ANAEROFRUCAT-PWY	group	IBS-D	0.0233122164244651	0.0357409632972983	35	35	0.518754613156515	0.658902028807671	Li_2025	IBS-D
GLYCOLYSIS-TCA-GLYOX-BYPASS	group	IBS-D	0.586703914715247	0.914953838709243	35	34	0.525796375638852	0.665164089663607	Li_2025	IBS-D
GLYCOLYSIS	group	IBS-D	0.0176924621668196	0.02819786287102	35	35	0.534688699705075	0.668402736436367	Li_2025	IBS-D
PWY-6126	group	IBS-D	0.025263748577385	0.0404437945774562	35	35	0.536487581262501	0.668402736436367	Li_2025	IBS-D
PWY-7090	group	IBS-D	0.560468936853716	0.886403008146592	35	27	0.531550363142437	0.668402736436367	Li_2025	IBS-D
PWY-7374	group	IBS-D	-0.143668950327973	0.230196855629736	35	4	0.536844102598098	0.668402736436367	Li_2025	IBS-D
PYRIDNUCSYN-PWY	group	IBS-D	0.094214875926612	0.161287868054487	35	35	0.563097551578202	0.698329640736746	Li_2025	IBS-D
ILEUSYN-PWY	group	IBS-D	-0.023407975774561902	0.0407169906641199	35	35	0.569261703517343	0.700458736749856	Li_2025	IBS-D
VALSYN-PWY	group	IBS-D	-0.023407975774561902	0.0407169906641199	35	35	0.569261703517343	0.700458736749856	Li_2025	IBS-D
PWY0-1298	group	IBS-D	-0.0647373283954659	0.116118371961825	35	35	0.580940410911232	0.712047585358125	Li_2025	IBS-D
SER-GLYSYN-PWY	group	IBS-D	0.0402650273922974	0.0727769034715694	35	35	0.583810081857608	0.712791379012196	Li_2025	IBS-D
FUCCAT-PWY	group	IBS-D	0.106831098782069	0.206790169491795	35	35	0.608869345281029	0.737192376174889	Li_2025	IBS-D
P381-PWY	group	IBS-D	-0.186331858437414	0.362655750598536	35	4	0.610816540259193	0.737192376174889	Li_2025	IBS-D
PWY-7376	group	IBS-D	-0.187657882441919	0.363556426573357	35	4	0.609175490523581	0.737192376174889	Li_2025	IBS-D
PWY-7003	group	IBS-D	-0.278722171218351	0.562233745956302	35	35	0.623362874986603	0.749462998552595	Li_2025	IBS-D
PWY-6609	group	IBS-D	-0.0442374485516456	0.0900590140675533	35	35	0.626532483931116	0.750409629042971	Li_2025	IBS-D
PWY0-42	group	IBS-D	-0.41239800660637	0.878226674953779	35	31	0.641742984631008	0.765716061207453	Li_2025	IBS-D
PWY-841	group	IBS-D	0.0125331769500911	0.0271244070342639	35	35	0.64706829369408	0.76915665099485	Li_2025	IBS-D
PWY0-1586	group	IBS-D	-0.0415513837207114	0.0931703414661269	35	35	0.658529810521848	0.779837933512714	Li_2025	IBS-D
BRANCHED-CHAIN-AA-SYN-PWY	group	IBS-D	-0.0170289536654176	0.0389091939835721	35	35	0.664484819991263	0.783942765158232	Li_2025	IBS-D
P124-PWY	group	IBS-D	0.0925037673216008	0.223336112340072	35	35	0.681414294889726	0.794983344038014	Li_2025	IBS-D
PWY-5088	group	IBS-D	-0.294177161131059	0.706156164101466	35	30	0.679676100290491	0.794983344038014	Li_2025	IBS-D
PWY-7196	group	IBS-D	0.0155754474286431	0.0372026399922302	35	35	0.67817329490226	0.794983344038014	Li_2025	IBS-D
PWY-5265	group	IBS-D	0.243067897073398	0.597646017555524	35	11	0.686847710371426	0.798365419804425	Li_2025	IBS-D
GALACT-GLUCUROCAT-PWY	group	IBS-D	0.133635080001362	0.343554761141405	35	35	0.699791426833207	0.810420218575222	Li_2025	IBS-D
GALACTUROCAT-PWY	group	IBS-D	0.124037780945825	0.328489917563828	35	35	0.708145583745378	0.814108974013847	Li_2025	IBS-D
PWY0-1296	group	IBS-D	-0.0413516896192033	0.109200876016263	35	35	0.70735430509209	0.814108974013847	Li_2025	IBS-D
PWY-1861	group	IBS-D	0.21838842926345	0.611027247070287	35	33	0.723059196386783	0.827013798618834	Li_2025	IBS-D
RUMP-PWY	group	IBS-D	0.216925900849429	0.610533107527385	35	33	0.72462161402793	0.827013798618834	Li_2025	IBS-D
FOLSYN-PWY	group	IBS-D	0.0129234503075634	0.0372687195431328	35	35	0.730970194081426	0.831247693630503	Li_2025	IBS-D
PWY-6737	group	IBS-D	-0.0288437712513955	0.0853656956526052	35	35	0.737590097381373	0.832763013172518	Li_2025	IBS-D
PWY0-781	group	IBS-D	0.00805608070813081	0.0237376777916799	35	35	0.73647429676666	0.832763013172518	Li_2025	IBS-D
PWY-6562	group	IBS-D	-0.350603504285061	1.05993952915836	35	17	0.742904154138134	0.835767173405401	Li_2025	IBS-D
NAD-BIOSYNTHESIS-II	group	IBS-D	-0.0859531483900819	0.266304618845861	35	35	0.748911305177674	0.839526907939386	Li_2025	IBS-D
P164-PWY	group	IBS-D	0.111532703530377	0.360201444555137	35	35	0.758781735623101	0.844580377106985	Li_2025	IBS-D
PWY-7094	group	IBS-D	-0.25485934334722	0.814522682198029	35	30	0.756330057216391	0.844580377106985	Li_2025	IBS-D
GLUCUROCAT-PWY	group	IBS-D	0.10157004497751	0.333661402722915	35	35	0.762726594879683	0.845164133653782	Li_2025	IBS-D
PWY-5180	group	IBS-D	0.156387838731624	0.527977587678505	35	5	0.768932192948728	0.845164133653782	Li_2025	IBS-D
PWY-5182	group	IBS-D	0.156387838731624	0.527977587678505	35	5	0.768932192948728	0.845164133653782	Li_2025	IBS-D
PWY-7007	group	IBS-D	0.0928567919493296	0.315045945056764	35	8	0.770038432884557	0.845164133653782	Li_2025	IBS-D
P122-PWY	group	IBS-D	0.0602462070609397	0.217604254992066	35	35	0.783613420870934	0.854111514098077	Li_2025	IBS-D
PWY-5484	group	IBS-D	-0.0104155790241896	0.0373405718310852	35	35	0.782035614077905	0.854111514098077	Li_2025	IBS-D
PWY-6608	group	IBS-D	0.104716542986703	0.394690402722347	35	35	0.792418643147673	0.860730595143162	Li_2025	IBS-D
FUC-RHAMCAT-PWY	group	IBS-D	-0.0809950639203653	0.353203738439515	35	35	0.820039124053629	0.887671216759083	Li_2025	IBS-D
PWY-6396	group	IBS-D	0.0953360544763209	0.52003964259592	35	35	0.855665091691281	0.923063369461484	Li_2025	IBS-D
P23-PWY	group	IBS-D	-0.0225095369639647	0.137780779721437	35	35	0.871221891416391	0.933452026517561	Li_2025	IBS-D
PWY-7199	group	IBS-D	0.0164490233061828	0.0992460916066544	35	35	0.869372999301089	0.933452026517561	Li_2025	IBS-D
PWY-5973	group	IBS-D	0.00439484981923632	0.0312223265236317	35	35	0.888915385699646	0.94271127380123	Li_2025	IBS-D
PWY-7198	group	IBS-D	-0.053143024386589	0.387802604573835	35	8	0.891834792357989	0.94271127380123	Li_2025	IBS-D
PWY-7210	group	IBS-D	-0.0531626981503713	0.387759079741195	35	8	0.891782939276398	0.94271127380123	Li_2025	IBS-D
PWY-7431	group	IBS-D	-0.078751916619514	0.555056165544393	35	11	0.888036677796865	0.94271127380123	Li_2025	IBS-D
PWY-6969	group	IBS-D	0.0175535066320616	0.132107801856919	35	35	0.895101075197346	0.942999460492188	Li_2025	IBS-D
RHAMCAT-PWY	group	IBS-D	-0.052553645004357	0.41364961789767	35	35	0.899672861801373	0.944656504891442	Li_2025	IBS-D
P221-PWY	group	IBS-D	-0.0436652458462894	0.462030397804512	35	35	0.925277706448631	0.96831387884159	Li_2025	IBS-D
PWY-7254	group	IBS-D	0.0131689884893421	0.15549768621609	35	35	0.93302012054857	0.973183238320529	Li_2025	IBS-D
PWY-6353	group	IBS-D	0.0194303445577444	0.282128475342684	35	35	0.945508289485019	0.979720760486121	Li_2025	IBS-D
PWY0-1415	group	IBS-D	-0.00838003726308655	0.11976548855878	35	35	0.944639533546618	0.979720760486121	Li_2025	IBS-D
DTDPRHAMSYN-PWY	group	IBS-D	-0.00559742111798639	0.0862906587783235	35	35	0.948671217920582	0.979775192278634	Li_2025	IBS-D
PWY-7328	group	IBS-D	0.00891938630430215	0.147953349308639	35	35	0.952292168836723	0.980300762037803	Li_2025	IBS-D
PWY-6383	group	IBS-D	0.00731709390234655	0.173217202477763	35	35	0.966560097123063	0.980603962058952	Li_2025	IBS-D
PWY-6397	group	IBS-D	-0.0342010472366387	0.850129213901207	35	26	0.968151848255029	0.980603962058952	Li_2025	IBS-D
PWY-7391	group	IBS-D	-0.017528137854227	0.433963842154363	35	16	0.968024964109227	0.980603962058952	Li_2025	IBS-D
SALVADEHYPOX-PWY	group	IBS-D	0.0162641694653573	0.312555261620261	35	35	0.958813618270605	0.980603962058952	Li_2025	IBS-D
TCA	group	IBS-D	-0.00781688100903454	0.145140590840838	35	35	0.957373585609758	0.980603962058952	Li_2025	IBS-D
DENOVOPURINE2-PWY	group	IBS-D	-8.2597976801569e-4	0.0285679936934736	35	35	0.977108313713636	0.982207665842456	Li_2025	IBS-D
PWY-6478	group	IBS-D	-0.00905525396277509	0.342874842451907	35	35	0.979089546268353	0.982207665842456	Li_2025	IBS-D
TEICHOICACID-PWY	group	IBS-D	0.0177570081154881	0.539210340257402	35	35	0.973927590626702	0.982207665842456	Li_2025	IBS-D
PWY-6612	group	IBS-D	2.2871039293331e-4	0.0476118477567674	35	35	0.996196183151762	0.996196183151762	Li_2025	IBS-D
PWY-7013	group	LPRD	-1.56269012067909	0.237441042545469	151	151	7.453875434031571e-10	3.07099667882101e-7	Zheng_2024	LPRD
PWY-5005	group	LPRD	-1.22254686983589	0.200891727763191	151	151	9.37285182313683e-9	9.65403737783093e-7	Zheng_2024	LPRD
PWY-5088	group	LPRD	-1.7132013124113	0.28044925069557203	151	146	8.3467591769503e-9	9.65403737783093e-7	Zheng_2024	LPRD
PWY-7196	group	LPRD	-0.385148760974177	0.0624100978908964	151	151	6.098562181523361e-9	9.65403737783093e-7	Zheng_2024	LPRD
PWY-7200	group	LPRD	-0.299716265147441	0.050926818095314	151	151	2.52784274311264e-8	2.08294242032482e-6	Zheng_2024	LPRD
PWY-5840	group	LPRD	-1.12275020560751	0.20145988762412	151	151	1.14110893858552e-7	7.83561471162055e-6	Zheng_2024	LPRD
PWY-5838	group	LPRD	-1.14172540075249	0.208913735446176	151	151	1.90045793249339e-7	8.94287204393246e-6	Zheng_2024	LPRD
PWY-5897	group	LPRD	-1.17405207117165	0.215949397874468	151	151	2.17060001066322e-7	8.94287204393246e-6	Zheng_2024	LPRD
PWY-5898	group	LPRD	-1.17405207117165	0.215949397874468	151	151	2.17060001066322e-7	8.94287204393246e-6	Zheng_2024	LPRD
PWY-5899	group	LPRD	-1.17405207117165	0.215949397874468	151	151	2.17060001066322e-7	8.94287204393246e-6	Zheng_2024	LPRD
PWY0-1241	group	LPRD	-0.731381767289672	0.136479886723863	151	151	3.11891202347083e-7	1.16817432151816e-5	Zheng_2024	LPRD
PWY-5861	group	LPRD	-1.22844128241236	0.230070715283352	151	151	3.41366146728983e-7	1.17202377043618e-5	Zheng_2024	LPRD
PWY0-162	group	LPRD	-0.280655251502584	0.0528402430140101	151	151	3.88540041571893e-7	1.23137305482784e-5	Zheng_2024	LPRD
DENOVOPURINE2-PWY	group	LPRD	-0.238026228791672	0.0450449423850628	151	151	4.40387372996482e-7	1.29599712624679e-5	Zheng_2024	LPRD
PWY-841	group	LPRD	-0.246595597083402	0.0472010884584426	151	151	5.79283498968062e-7	1.59109867716561e-5	Zheng_2024	LPRD
PWY-5863	group	LPRD	-1.3494952910657	0.261767246136803	151	151	7.92872667007576e-7	2.04164711754451e-5	Zheng_2024	LPRD
FASYN-ELONG-PWY	group	LPRD	0.156912341605641	0.0305488661515329	151	151	8.63568374239435e-7	2.0928833540391e-5	Zheng_2024	LPRD
PWY-5837	group	LPRD	-1.36860318368277	0.26876207392573	151	151	1.05375729486664e-6	2.41193336380587e-5	Zheng_2024	LPRD
PWY-6125	group	LPRD	-0.313862019510415	0.0618343400114088	151	151	1.13420573993454e-6	2.45943560448964e-5	Zheng_2024	LPRD
PWY-7228	group	LPRD	-0.350418188919671	0.0698590905404448	151	151	1.48127151565366e-6	3.05141932224653e-5	Zheng_2024	LPRD
GLYCOL-GLYOXDEG-PWY	group	LPRD	-1.61357819455649	0.328271656675359	151	151	2.311633515965e-6	4.53520480275038e-5	Zheng_2024	LPRD
PWY-7332	group	LPRD	-0.68825474842072	0.141520911961818	151	151	2.9035125736336e-6	5.43748718335019e-5	Zheng_2024	LPRD
PWY-7187	group	LPRD	-0.231296333204563	0.0478632669627675	151	151	3.32037125118407e-6	5.94779545864276e-5	Zheng_2024	LPRD
PWY-7184	group	LPRD	-0.380889195663654	0.0803455093939479	151	151	4.93401453604475e-6	8.47005828687682e-5	Zheng_2024	LPRD
PWY-7197	group	LPRD	-0.403253964944631	0.0856423084631154	151	151	5.65917746251278e-6	9.32632445822106e-5	Zheng_2024	LPRD
PWY-6562	group	LPRD	-2.1285668633439	0.455532063539481	151	150	6.593036670577e-6	1.0447427339529e-4	Zheng_2024	LPRD
PWY490-3	group	LPRD	-0.730067999925274	0.156648940451259	151	151	6.94234542822915e-6	1.0593504875668e-4	Zheng_2024	LPRD
KDO-NAGLIPASYN-PWY	group	LPRD	-1.93802102144753	0.417389829053973	151	151	7.47126250286693e-6	1.0993429111361e-4	Zheng_2024	LPRD
PWY-6628	group	LPRD	-0.204287811147221	0.0441227356201727	151	151	7.8997446484642e-6	1.1021727811909e-4	Zheng_2024	LPRD
PWY0-166	group	LPRD	-0.233359617045571	0.0504425519290625	151	151	8.02552996012839e-6	1.1021727811909e-4	Zheng_2024	LPRD
PRPP-PWY	group	LPRD	-0.291627899512023	0.0637065034504439	151	151	9.84283084589677e-6	1.3081439704869e-4	Zheng_2024	LPRD
MET-SAM-PWY	group	LPRD	-0.168096061120986	0.0370331421678343	151	151	1.15647723792288e-5	1.446758612264e-4	Zheng_2024	LPRD
PWY-7663	group	LPRD	0.113669702769475	0.0250451759716012	151	151	1.15881150982317e-5	1.446758612264e-4	Zheng_2024	LPRD
PWY-4984	group	LPRD	-0.85686275364363	0.190970020853026	151	151	1.43587797596499e-5	1.7399462532281e-4	Zheng_2024	LPRD
PWY-6630	group	LPRD	-0.210327245955489	0.0472781108180128	151	151	1.68038286479652e-5	1.9780506865604e-4	Zheng_2024	LPRD
HOMOSER-METSYN-PWY	group	LPRD	-0.196870770530228	0.0443485782746237	151	151	1.74759671647236e-5	2.0000273532961e-4	Zheng_2024	LPRD
PWY-7371	group	LPRD	-0.746157791561284	0.169680763964172	151	151	2.0727971917321e-5	2.3080876837665e-4	Zheng_2024	LPRD
PWY-7254	group	LPRD	-0.735949859966195	0.171669098748002	151	151	3.23757056540234e-5	3.4202027511429e-4	Zheng_2024	LPRD
PWY0-1479	group	LPRD	-1.23766836248329	0.28837335865402	151	151	3.17503258335452e-5	3.4202027511429e-4	Zheng_2024	LPRD
PWY-5920	group	LPRD	-1.05341805683328	0.253792315561167	151	151	5.55412670485961e-5	5.7207505060054e-4	Zheng_2024	LPRD
GLYCOLYSIS-TCA-GLYOX-BYPASS	group	LPRD	-1.12762051607075	0.272606273068729	151	151	5.87270484932637e-5	5.9013521900547e-4	Zheng_2024	LPRD
PWY-6263	group	LPRD	-0.641729556593343	0.155513484939163	151	151	6.1045488427465e-5	5.9882717219322e-4	Zheng_2024	LPRD
RUMP-PWY	group	LPRD	-0.724733648271085	0.177074224219382	151	151	6.95889355244456e-5	6.6675910316445e-4	Zheng_2024	LPRD
PWY-5347	group	LPRD	-0.121604896491618	0.0297823708056635	151	151	7.22549048605713e-5	6.7656865460353e-4	Zheng_2024	LPRD
P105-PWY	group	LPRD	-1.03223922571392	0.254772457234638	151	151	8.15956784524235e-5	6.9154490816283e-4	Zheng_2024	LPRD
PWY-5855	group	LPRD	-1.39600394144421	0.344742909400209	151	151	8.22913752194808e-5	6.9154490816283e-4	Zheng_2024	LPRD
PWY-5856	group	LPRD	-1.39600394144421	0.344742909400209	151	151	8.22913752194808e-5	6.9154490816283e-4	Zheng_2024	LPRD
PWY-5857	group	LPRD	-1.39600394144421	0.344742909400209	151	151	8.22913752194808e-5	6.9154490816283e-4	Zheng_2024	LPRD
PWY-6708	group	LPRD	-1.39600394144421	0.344742909400209	151	151	8.22913752194808e-5	6.9154490816283e-4	Zheng_2024	LPRD
UBISYN-PWY	group	LPRD	-1.40726988271845	0.347964404180198	151	151	8.39253529323824e-5	6.9154490816283e-4	Zheng_2024	LPRD
PWY-5973	group	LPRD	0.0934655129480959	0.0231536132846016	151	151	8.63899939703823e-5	6.9789563756465e-4	Zheng_2024	LPRD
PWY-6703	group	LPRD	-0.201238733180727	0.0504385155981289	151	151	1.0338262740538e-4	8.1910850944262e-4	Zheng_2024	LPRD
PWY-1861	group	LPRD	-0.711831141246421	0.179379971235142	151	151	1.121808324021e-4	8.7204722546544e-4	Zheng_2024	LPRD
TCA-GLYOX-BYPASS	group	LPRD	-1.18666775629967	0.302081960716748	151	151	1.3047936529212e-4	9.9550923148807e-4	Zheng_2024	LPRD
PWY-5747	group	LPRD	-1.44814915823956	0.372671603232762	151	151	1.5299090204788e-4	0.00114604093897689	Zheng_2024	LPRD
PWY-5971	group	LPRD	-0.446214338899609	0.115007909759228	151	151	1.5645747979157e-4	0.00115108002989516	Zheng_2024	LPRD
PWY0-1415	group	LPRD	-0.841710443055571	0.218131426596415	151	151	1.6926605015923e-4	0.00122346688887026	Zheng_2024	LPRD
GLYOXYLATE-BYPASS	group	LPRD	-1.32362489455325	0.344202489626751	151	151	1.7779923670855e-4	0.00124243833988662	Zheng_2024	LPRD
P221-PWY	group	LPRD	-0.640896260599654	0.166670155383207	151	151	1.7792199527502e-4	0.00124243833988662	Zheng_2024	LPRD
PWY-2941	group	LPRD	0.478060857881336	0.124825978346805	151	151	1.8841659709176e-4	0.00129379396669675	Zheng_2024	LPRD
PWY-7211	group	LPRD	-0.343325456488122	0.0919367341015271	151	151	2.6730687596922e-4	0.00180541693277572	Zheng_2024	LPRD
PWY0-1061	group	LPRD	-0.823722267536427	0.223992699767875	151	151	3.2829185702344e-4	0.00218155234022029	Zheng_2024	LPRD
ARGORNPROST-PWY	group	LPRD	0.412670947331338	0.112641243467008	151	151	3.4502592184263e-4	0.00225635999681215	Zheng_2024	LPRD
PWY-7373	group	LPRD	-0.718040281642257	0.196975879034895	151	151	3.6830419307908e-4	0.00237095824294659	Zheng_2024	LPRD
RHAMCAT-PWY	group	LPRD	0.501236670430785	0.13958066757131601	151	151	4.4657761061148e-4	0.00283061500879894	Zheng_2024	LPRD
PWY-5345	group	LPRD	-0.37283162179049	0.104243769588103	151	151	4.6996064377076e-4	0.00291033545871015	Zheng_2024	LPRD
PWY0-1261	group	LPRD	-0.666565855570068	0.18647628604056	151	151	4.7328270809121e-4	0.00291033545871015	Zheng_2024	LPRD
HSERMETANA-PWY	group	LPRD	-0.211867845874162	0.0599816227573937	151	151	5.4890238388761e-4	0.00332570267884849	Zheng_2024	LPRD
PWY-5505	group	LPRD	-0.399985257340213	0.113544135984693	151	151	5.6734005144121e-4	0.00338759566947508	Zheng_2024	LPRD
PWY-7295	group	LPRD	-1.77847409250302	0.507901853522542	151	111	6.1051519841299e-4	0.00359331802494503	Zheng_2024	LPRD
P241-PWY	group	LPRD	1.71391546242958	0.49396665716058	151	59	6.8164843420313e-4	0.00395548105481258	Zheng_2024	LPRD
SULFATE-CYS-PWY	group	LPRD	-0.287833075365045	0.0852091812931125	151	151	9.3191443441021e-4	0.00533262148579178	Zheng_2024	LPRD
GLYCOLYSIS	group	LPRD	0.0899250891016997	0.0269955796768964	151	151	0.00109071492044623	0.00607262901653847	Zheng_2024	LPRD
PWY-7392	group	LPRD	0.296061150175124	0.0888206249154135	151	151	0.0010829295804732201	0.00607262901653847	Zheng_2024	LPRD
PWY-6167	group	LPRD	1.04676483229294	0.318071995861393	151	45	0.00124649618429992	0.00684741903908758	Zheng_2024	LPRD
PWY-5484	group	LPRD	0.103540300804891	0.0323767615444816	151	151	0.00169055475035085	0.00890694831786488	Zheng_2024	LPRD
PWY-5667	group	LPRD	0.0757814772816385	0.0237488657675723	151	151	0.00172950452774071	0.00890694831786488	Zheng_2024	LPRD
PWY-6349	group	LPRD	1.08950622075078	0.340356286542518	151	43	0.00167367533773047	0.00890694831786488	Zheng_2024	LPRD
PWY-6470	group	LPRD	-0.641518099567258	0.200409346488907	151	151	0.00167387531447415	0.00890694831786488	Zheng_2024	LPRD
PWY0-1319	group	LPRD	0.0757814772816383	0.0237488657675723	151	151	0.00172950452774075	0.00890694831786488	Zheng_2024	LPRD
PWY-6350	group	LPRD	1.12106319265558	0.352290028995076	151	43	0.0017790567986415	0.00904902964247283	Zheng_2024	LPRD
PWY-7315	group	LPRD	0.829390217925406	0.263903499807453	151	151	0.00201963550001075	0.010147436902493	Zheng_2024	LPRD
PWY-6654	group	LPRD	1.20037231594918	0.384896599482911	151	47	0.00218107876182774	0.0108265596370245	Zheng_2024	LPRD
PWY-7286	group	LPRD	0.818956299741225	0.267210353813791	151	21	0.00258608185843632	0.0126841157818544	Zheng_2024	LPRD
PWY0-781	group	LPRD	-0.123143988742055	0.0402718908807919	151	151	0.00264373990649758	0.0128143628409059	Zheng_2024	LPRD
METH-ACETATE-PWY	group	LPRD	0.804303872883542	0.265696019715424	151	151	0.00290961158936735	0.0139390694746436	Zheng_2024	LPRD
HEME-BIOSYNTHESIS-II	group	LPRD	-0.244297809300274	0.0826626315071387	151	151	0.00363152813273348	0.0171975815021402	Zheng_2024	LPRD
GLYCOGENSYNTH-PWY	group	LPRD	0.186245580079817	0.0639652908809201	151	151	0.00414792685450052	0.0192016389219575	Zheng_2024	LPRD
PWY-6396	group	LPRD	-1.02576048491295	0.352078868597025	151	151	0.00412572295999779	0.0192016389219575	Zheng_2024	LPRD
PWY-6148	group	LPRD	0.79454098987524	0.280569493681567	151	21	0.00526772797843394	0.0239676882604523	Zheng_2024	LPRD
TEICHOICACID-PWY	group	LPRD	0.592928502013822	0.209499166505321	151	151	0.00529383405752709	0.0239676882604523	Zheng_2024	LPRD
GLYCOLYSIS-E-D	group	LPRD	-0.24594060629081	0.0870971804331223	151	151	0.00539622944128722	0.0241657231501123	Zheng_2024	LPRD
PWY-5918	group	LPRD	-0.164700885792036	0.0586166430647109	151	151	0.00562322606702771	0.0246464802086746	Zheng_2024	LPRD
SER-GLYSYN-PWY	group	LPRD	0.0898995452636413	0.0319637496522508	151	151	0.00557781378756396	0.0246464802086746	Zheng_2024	LPRD
METHANOGENESIS-PWY	group	LPRD	0.928094253272668	0.33297226005291	151	47	0.006007600561816	0.0260540150680862	Zheng_2024	LPRD
SO4ASSIM-PWY	group	LPRD	-0.346380581608908	0.124996985904754	151	151	0.00629888114938045	0.0270326982660911	Zheng_2024	LPRD
PWY-6143	group	LPRD	-0.779444406996082	0.282189696764387	151	151	0.00646596134472844	0.0274636708662693	Zheng_2024	LPRD
PWY-6121	group	LPRD	0.0785099338979509	0.0285218807046436	151	151	0.00664719989255767	0.0279453709768751	Zheng_2024	LPRD
P23-PWY	group	LPRD	-0.206249497548237	0.0750413665179754	151	151	0.00672762235672923	0.0279977819290146	Zheng_2024	LPRD
PWY-7221	group	LPRD	0.0801584252267082	0.0293812211107006	151	151	0.00713363731494623	0.0293905857375785	Zheng_2024	LPRD
DTDPRHAMSYN-PWY	group	LPRD	0.160335200064747	0.0591720141706404	151	151	0.00752529504137781	0.0306972431390857	Zheng_2024	LPRD
PWY0-41	group	LPRD	1.15778828061059	0.43244924555083	151	127	0.00825453315701785	0.0333418398106996	Zheng_2024	LPRD
PYRIDOXSYN-PWY	group	LPRD	-0.323439757647041	0.121000345302281	151	151	0.00835449495120659	0.0334179798048264	Zheng_2024	LPRD
PENTOSE-P-PWY	group	LPRD	-0.302410508570797	0.11443207732753	151	151	0.00910357954956497	0.0360641805232766	Zheng_2024	LPRD
PWY-7031	group	LPRD	-0.748272753900008	0.285606352772224	151	151	0.00970477922580087	0.0380797051526663	Zheng_2024	LPRD
PWY-7090	group	LPRD	-0.415857403659135	0.159182400318226	151	151	0.00991016479556986	0.0385187537337244	Zheng_2024	LPRD
PWY-6122	group	LPRD	0.0793861606411753	0.0306160190562777	151	151	0.0104635656559271	0.0395503582591006	Zheng_2024	LPRD
PWY-6277	group	LPRD	0.0793861606411753	0.0306160190562777	151	151	0.0104635656559271	0.0395503582591006	Zheng_2024	LPRD
PWY-7234	group	LPRD	-0.327315873053237	0.125931196338695	151	151	0.010284565566798	0.0395503582591006	Zheng_2024	LPRD
PWY0-845	group	LPRD	-0.259699779087137	0.100841378677543	151	151	0.0109877825547593	0.0411542401141892	Zheng_2024	LPRD
PWY-7242	group	LPRD	0.305730766757162	0.118977316790881	151	151	0.0111614084683026	0.0414279305309971	Zheng_2024	LPRD
PWY-6387	group	LPRD	0.080848273547574	0.0315335636553485	151	151	0.0113406899680947	0.0417175380969199	Zheng_2024	LPRD
CALVIN-PWY	group	LPRD	0.0835421732980362	0.0328505664541991	151	151	0.0120073443924972	0.0437789901744145	Zheng_2024	LPRD
DENITRIFICATION-PWY	group	LPRD	-0.49848496269331	0.197850553306999	151	151	0.0128065307256067	0.0450324223302051	Zheng_2024	LPRD
HEMESYN2-PWY	group	LPRD	-0.287830323554959	0.113880329425247	151	151	0.0125311287664983	0.0450324223302051	Zheng_2024	LPRD
PWY-4722	group	LPRD	0.950182480669278	0.377521396404996	151	58	0.0128976355217578	0.0450324223302051	Zheng_2024	LPRD
PWY-5198	group	LPRD	1.65968194623883	0.659319819034836	151	86	0.0128847739973105	0.0450324223302051	Zheng_2024	LPRD
PWY-6386	group	LPRD	0.0816988125755427	0.0324329412565117	151	151	0.012823805154998	0.0450324223302051	Zheng_2024	LPRD
PEPTIDOGLYCANSYN-PWY	group	LPRD	0.0787819274296079	0.0315112566904093	151	151	0.013498266945851	0.0467334956444588	Zheng_2024	LPRD
PWY-5529	group	LPRD	0.983703409652858	0.394825883960688	151	51	0.0138169829861989	0.0474383082526161	Zheng_2024	LPRD
PWY-3001	group	LPRD	0.0555355380911661	0.0223829296354649	151	151	0.0142071620798009	0.0483747998089088	Zheng_2024	LPRD
FOLSYN-PWY	group	LPRD	0.0740444188766972	0.0301755553976579	151	151	0.0152886809394975	0.0516306274350243	Zheng_2024	LPRD
NONOXIPENT-PWY	group	LPRD	0.0913133087017305	0.0373796859185433	151	151	0.0157406328216894	0.0527247213214311	Zheng_2024	LPRD
CENTFERM-PWY	group	LPRD	-0.63302006799059	0.262397918106077	151	151	0.0170615440786989	0.0564011080541975	Zheng_2024	LPRD
PWY-6385	group	LPRD	0.0769794240665459	0.0319241365400229	151	151	0.0171119866669288	0.0564011080541975	Zheng_2024	LPRD
PWY-6590	group	LPRD	-0.618619425087898	0.25714512497253	151	151	0.0173664041903374	0.0567853851303097	Zheng_2024	LPRD
TRNA-CHARGING-PWY	group	LPRD	0.0780793113538459	0.0327463206455523	151	151	0.01836698965116	0.0595842498919521	Zheng_2024	LPRD
PWY-7229	group	LPRD	0.0854263660499057	0.0359876491263749	151	151	0.0188823982288812	0.0607777192992112	Zheng_2024	LPRD
P4-PWY	group	LPRD	-0.0924630158642933	0.0398191550175558	151	151	0.0215833607715252	0.0684026510605259	Zheng_2024	LPRD
PWY-6612	group	LPRD	0.0751251171735903	0.0323260048130559	151	151	0.0214778107815013	0.0684026510605259	Zheng_2024	LPRD
PWY-5177	group	LPRD	-0.725264127969351	0.313026798019053	151	151	0.0218693296507933	0.0686459023185657	Zheng_2024	LPRD
PWY-922	group	LPRD	0.333281993264717	0.143983028232215	151	151	0.0219933473447832	0.0686459023185657	Zheng_2024	LPRD
3-HYDROXYPHENYLACETATE-DEGRADATION-PWY	group	LPRD	-1.43578872289044	0.622298322230386	151	125	0.0224189207326797	0.0694480852771731	Zheng_2024	LPRD
P101-PWY	group	LPRD	-1.03705124145999	0.451441727149661	151	129	0.0230000908358774	0.0700977174270572	Zheng_2024	LPRD
P281-PWY	group	LPRD	-0.973256978143854	0.424397085680695	151	144	0.023231152830147	0.0700977174270572	Zheng_2024	LPRD
PWY-5910	group	LPRD	0.318449319530109	0.138852287212669	151	151	0.0232211248340268	0.0700977174270572	Zheng_2024	LPRD
PWY-7219	group	LPRD	0.0725422561631232	0.031650882166301	151	151	0.0233091924454049	0.0700977174270572	Zheng_2024	LPRD
PWY-7094	group	LPRD	-0.919707466686221	0.402757839972875	151	150	0.023813093910036	0.0710941644270641	Zheng_2024	LPRD
PWY-6126	group	LPRD	0.0872346246348287	0.0384101207450503	151	151	0.0245712911865466	0.0728300141644402	Zheng_2024	LPRD
PWY-6163	group	LPRD	0.0705426324162746	0.031281504840996	151	151	0.0255846825164226	0.0752920656911866	Zheng_2024	LPRD
PWY-7220	group	LPRD	0.11123425156608201	0.0495029940926064	151	151	0.0261080279376646	0.0757500528895621	Zheng_2024	LPRD
PWY-7222	group	LPRD	0.11123425156608201	0.0495029940926064	151	151	0.0261080279376646	0.0757500528895621	Zheng_2024	LPRD
THRESYN-PWY	group	LPRD	0.0547297964750281	0.0245619501232547	151	151	0.0273626226314199	0.0788349687003148	Zheng_2024	LPRD
PWY-7237	group	LPRD	0.447879931686684	0.202020351544434	151	151	0.0281375088670291	0.0805045392584444	Zheng_2024	LPRD
ARG+POLYAMINE-SYN	group	LPRD	-0.19907216587603	0.0900623398328848	151	151	0.0286033015815195	0.081272829321283	Zheng_2024	LPRD
ARGSYNBSUB-PWY	group	LPRD	-0.192544701968993	0.0873450110000305	151	151	0.0290286967562033	0.0819165963257244	Zheng_2024	LPRD
ARGSYN-PWY	group	LPRD	-0.175945268318438	0.0810174689032833	151	151	0.0314607369160299	0.087579889252732	Zheng_2024	LPRD
PWY-7400	group	LPRD	-0.175945736589287	0.0809233711834061	151	151	0.0312665012159776	0.087579889252732	Zheng_2024	LPRD
GLUTORN-PWY	group	LPRD	-0.216320032611535	0.100074087745859	151	151	0.032246005929615	0.0881487714466065	Zheng_2024	LPRD
LACTOSECAT-PWY	group	LPRD	0.345214341821075	0.15976049727143601	151	151	0.0323069526418388	0.0881487714466065	Zheng_2024	LPRD
REDCITCYC	group	LPRD	-0.366945411694837	0.169537508937311	151	151	0.0320271869013193	0.0881487714466065	Zheng_2024	LPRD
FUC-RHAMCAT-PWY	group	LPRD	0.195170180339689	0.0925375541467352	151	151	0.036608931161533	0.0992294713062606	Zheng_2024	LPRD
PWY-6383	group	LPRD	0.366772840333813	0.175908557231379	151	151	0.0387732532061171	0.104147723661069	Zheng_2024	LPRD
PWY-722	group	LPRD	-0.922432279345113	0.442767668515214	151	83	0.0389290035043801	0.104147723661069	Zheng_2024	LPRD
PWY-5430	group	LPRD	-1.23965075204711	0.595929784101542	151	124	0.0392199406776601	0.104249132639974	Zheng_2024	LPRD
ANAGLYCOLYSIS-PWY	group	LPRD	0.0825779213211865	0.040289236905051	151	151	0.0421544087546251	0.110828654449595	Zheng_2024	LPRD
PWY-7328	group	LPRD	0.142250496562279	0.0694300620150656	151	151	0.0422332493897727	0.110828654449595	Zheng_2024	LPRD
LEU-DEG2-PWY	group	LPRD	-0.824220661343116	0.407492064698334	151	150	0.0448962894199223	0.116335039251622	Zheng_2024	LPRD
PWY-5103	group	LPRD	0.0688194497945132	0.0339878973235522	151	151	0.04467162830799	0.116335039251622	Zheng_2024	LPRD
COA-PWY	group	LPRD	0.0693792134359887	0.0343871116019116	151	151	0.0454288745793917	0.116979352041934	Zheng_2024	LPRD
PWY-1541	group	LPRD	-0.691882008174075	0.345137818432648	151	66	0.0468116253460244	0.119791240015913	Zheng_2024	LPRD
ASPASN-PWY	group	LPRD	0.102625881921925	0.0522441959658338	151	151	0.0513500932277747	0.130594064258291	Zheng_2024	LPRD
POLYAMSYN-PWY	group	LPRD	-0.196367525210254	0.100581325302747	151	151	0.0527740883309469	0.133392174186197	Zheng_2024	LPRD
PWY-6737	group	LPRD	0.127110672709064	0.0652674392712335	151	151	0.0533505915022109	0.134027095725067	Zheng_2024	LPRD
DAPLYSINESYN-PWY	group	LPRD	-0.0994014697425261	0.0512581782073975	151	151	0.0543626316457023	0.135238515837979	Zheng_2024	LPRD
FUCCAT-PWY	group	LPRD	-0.223493071471989	0.115411446593513	151	151	0.0547003006359036	0.135238515837979	Zheng_2024	LPRD
PWY-5686	group	LPRD	0.0835213016072741	0.0431514005758181	151	151	0.0548175537498604	0.135238515837979	Zheng_2024	LPRD
CHLOROPHYLL-SYN	group	LPRD	0.91256032896406	0.472132935529566	151	103	0.0551517552624975	0.135253114096125	Zheng_2024	LPRD
PWY-6151	group	LPRD	0.0953577841508687	0.0498785858656856	151	151	0.0578215952576038	0.140961522166466	Zheng_2024	LPRD
ARGDEG-PWY	group	LPRD	-1.10055439549248	0.581638310989515	151	102	0.0604092360158564	0.144701193247284	Zheng_2024	LPRD
BRANCHED-CHAIN-AA-SYN-PWY	group	LPRD	0.0598623194351151	0.0316172430366434	151	151	0.0602508714595723	0.144701193247284	Zheng_2024	LPRD
ORNARGDEG-PWY	group	LPRD	-1.10055439549248	0.581638310989515	151	102	0.0604092360158564	0.144701193247284	Zheng_2024	LPRD
PWY-5417	group	LPRD	-1.08557030523664	0.575401260533776	151	135	0.0611554145715953	0.144804774732743	Zheng_2024	LPRD
PWY-5431	group	LPRD	-1.08557030523664	0.575401260533776	151	135	0.0611554145715953	0.144804774732743	Zheng_2024	LPRD
GALACTARDEG-PWY	group	LPRD	-0.907587968878143	0.485464379626113	151	138	0.063512150457988	0.14867617039029	Zheng_2024	LPRD
GLUCARGALACTSUPER-PWY	group	LPRD	-0.907587968878143	0.485464379626113	151	138	0.063512150457988	0.14867617039029	Zheng_2024	LPRD
PWY-5384	group	LPRD	-0.311530091678447	0.167394234599654	151	151	0.0647066940934771	0.14949148558942	Zheng_2024	LPRD
PWY-6895	group	LPRD	-0.12904242626374	0.0693418888616693	151	151	0.0647204944457181	0.14949148558942	Zheng_2024	LPRD
PWY-7208	group	LPRD	0.0467894698555577	0.0251643619445111	151	151	0.0649489706808401	0.14949148558942	Zheng_2024	LPRD
CATECHOL-ORTHO-CLEAVAGE-PWY	group	LPRD	-1.05561926183891	0.569119063507361	151	135	0.0655967538102336	0.149668611005594	Zheng_2024	LPRD
RIBOSYN2-PWY	group	LPRD	0.0632749717088035	0.0341335302324084	151	151	0.06575247231071	0.149668611005594	Zheng_2024	LPRD
ENTBACSYN-PWY	group	LPRD	0.401155215441331	0.217969962518807	151	151	0.0676966930638341	0.152426239319317	Zheng_2024	LPRD
P163-PWY	group	LPRD	0.342677536909299	0.186200715863972	151	151	0.0677038878529976	0.152426239319317	Zheng_2024	LPRD
PWY-5531	group	LPRD	0.744719037472071	0.406710609253134	151	111	0.0690864020270317	0.153857284514254	Zheng_2024	LPRD
PWY-7159	group	LPRD	0.744719037472071	0.406710609253134	151	111	0.0690864020270317	0.153857284514254	Zheng_2024	LPRD
PWY-5022	group	LPRD	0.249947109682675	0.138302667001913	151	151	0.0727411592882011	0.161125578638381	Zheng_2024	LPRD
HISTSYN-PWY	group	LPRD	-0.131714265312251	0.0743746741822921	151	151	0.078612645728487	0.17320005369057	Zheng_2024	LPRD
ILEUSYN-PWY	group	LPRD	0.0609938531942384	0.0347206522947901	151	151	0.0810227898270817	0.176295446403703	Zheng_2024	LPRD
PWY-6609	group	LPRD	0.11010684523192	0.0627361610464273	151	151	0.0813012980987949	0.176295446403703	Zheng_2024	LPRD
VALSYN-PWY	group	LPRD	0.0609938531942384	0.0347206522947901	151	151	0.0810227898270817	0.176295446403703	Zheng_2024	LPRD
METHGLYUT-PWY	group	LPRD	-0.659410556095044	0.376323759811848	151	81	0.0817892196923788	0.17642491368199	Zheng_2024	LPRD
PWY-7391	group	LPRD	0.622216044496795	0.361807650271327	151	129	0.0875556231006799	0.187879774570209	Zheng_2024	LPRD
1CMET2-PWY	group	LPRD	0.0624939335301422	0.0369000626056885	151	151	0.0924308870694554	0.19629652305472	Zheng_2024	LPRD
PWY-6182	group	LPRD	-0.999460999299008	0.589916307897958	151	131	0.092308510644263	0.19629652305472	Zheng_2024	LPRD
PWY-5304	group	LPRD	0.444417417240395	0.265444274199184	151	151	0.0961812579940316	0.203213734838672	Zheng_2024	LPRD
CODH-PWY	group	LPRD	-0.294099975675325	0.178499023803515	151	151	0.10153629158684	0.209296831448282	Zheng_2024	LPRD
PWY-3781	group	LPRD	-0.347104133448124	0.209505693127827	151	151	0.0996689112395545	0.209296831448282	Zheng_2024	LPRD
PWY-5509	group	LPRD	0.194498589055674	0.117981836248451	151	151	0.101347454975479	0.209296831448282	Zheng_2024	LPRD
PWY-6174	group	LPRD	0.774334513800494	0.469273359752161	151	78	0.101034825029219	0.209296831448282	Zheng_2024	LPRD
PWY-6269	group	LPRD	0.193674095328152	0.117569469130123	151	151	0.101600403615671	0.209296831448282	Zheng_2024	LPRD
PWY-5695	group	LPRD	0.0892976016980885	0.0549759744026299	151	151	0.10642488700949	0.218144544516965	Zheng_2024	LPRD
P461-PWY	group	LPRD	-0.260922503736389	0.161238498355206	151	151	0.107725925838378	0.219718224977285	Zheng_2024	LPRD
COBALSYN-PWY	group	LPRD	0.189122523304215	0.117518843976707	151	151	0.109668475611399	0.222578383999489	Zheng_2024	LPRD
PWY-6749	group	LPRD	-0.346448551147392	0.215662506506112	151	151	0.110294794411759	0.222752231851199	Zheng_2024	LPRD
PWY-5392	group	LPRD	-0.535297380947475	0.334087259757207	151	42	0.111214204350687	0.223513425329186	Zheng_2024	LPRD
PPGPPMET-PWY	group	LPRD	-0.209295910312614	0.132920102133527	151	151	0.117469882666268	0.234939765332536	Zheng_2024	LPRD
GLUCONEO-PWY	group	LPRD	0.0524525313671247	0.0338400588455227	151	151	0.123259827180862	0.241824041897691	Zheng_2024	LPRD
PWY-5677	group	LPRD	0.223033850430395	0.143337120254365	151	151	0.121827455502721	0.241824041897691	Zheng_2024	LPRD
PWY-6629	group	LPRD	-0.424669182465896	0.273722913048211	151	57	0.12291379501931	0.241824041897691	Zheng_2024	LPRD
TRPSYN-PWY	group	LPRD	-0.0986036221330386	0.0635000734379244	151	151	0.12258974022814	0.241824041897691	Zheng_2024	LPRD
GLCMANNANAUT-PWY	group	LPRD	0.112510480168276	0.0731006245314885	151	151	0.125896495580035	0.24351810412664	Zheng_2024	LPRD
PWY-6565	group	LPRD	-0.41788224205714	0.271102822152576	151	59	0.12533667051478	0.24351810412664	Zheng_2024	LPRD
THISYN-PWY	group	LPRD	-0.0651136959298769	0.0421959389176496	151	151	0.12492114153311	0.24351810412664	Zheng_2024	LPRD
P125-PWY	group	LPRD	0.236237581453898	0.15456709241601	151	151	0.128537820636429	0.247465336926208	Zheng_2024	LPRD
PWY-6478	group	LPRD	-0.186994607762254	0.122677918801154	151	151	0.129560291916465	0.248273675672483	Zheng_2024	LPRD
FAO-PWY	group	LPRD	-0.544049939851523	0.357979480887797	151	151	0.130685517197627	0.249270523543622	Zheng_2024	LPRD
PYRIDNUCSYN-PWY	group	LPRD	0.0867770371191826	0.0574511678390627	151	151	0.13304680198528	0.252604988101084	Zheng_2024	LPRD
PWY-6891	group	LPRD	-0.180035241975504	0.119383499938166	151	151	0.133661385198704	0.252607755513147	Zheng_2024	LPRD
PWY-5178	group	LPRD	-0.808114156606778	0.545026683523227	151	122	0.140264629607849	0.26387683743577	Zheng_2024	LPRD
PWY-5656	group	LPRD	0.551722948130198	0.37548854612801	151	44	0.143846954695636	0.269386115157282	Zheng_2024	LPRD
PWY1G-0	group	LPRD	0.407059841473541	0.279791302033861	151	151	0.147808850172657	0.275553150548121	Zheng_2024	LPRD
PWY-5097	group	LPRD	-0.0316377918577362	0.0218455733430892	151	151	0.149648947489987	0.277726875521958	Zheng_2024	LPRD
PWY-6507	group	LPRD	0.177244812813956	0.12301011247549	151	151	0.151712150266208	0.279041990668204	Zheng_2024	LPRD
PWY-6588	group	LPRD	0.192695539995294	0.133707024075671	151	151	0.151632849246224	0.279041990668204	Zheng_2024	LPRD
P341-PWY	group	LPRD	0.88233009361239	0.615668022872534	151	88	0.153916637355812	0.280591391993781	Zheng_2024	LPRD
PWY-6992	group	LPRD	-0.68568309033381	0.478082304636864	151	100	0.153600178813726	0.280591391993781	Zheng_2024	LPRD
PROTOCATECHUATE-ORTHO-CLEAVAGE-PWY	group	LPRD	-0.744608165518727	0.528330481632186	151	148	0.160812264805006	0.290590583770449	Zheng_2024	LPRD
PWY-2942	group	LPRD	0.0397170463305007	0.0281681271735723	151	151	0.160623843347475	0.290590583770449	Zheng_2024	LPRD
PWY-7003	group	LPRD	-0.176623121316486	0.126334761179799	151	151	0.16417380882638	0.295369472648334	Zheng_2024	LPRD
PWY-7456	group	LPRD	0.206635050755611	0.14810560897235	151	151	0.165035473858299	0.295628761867909	Zheng_2024	LPRD
KETOGLUCONMET-PWY	group	LPRD	-0.737702012293107	0.53381427049392	151	128	0.169056903062603	0.30047288788525	Zheng_2024	LPRD
PWY-7385	group	LPRD	0.3745311623553	0.271107897815732	151	28	0.169198325216937	0.30047288788525	Zheng_2024	LPRD
PWY-1501	group	LPRD	0.486153490487862	0.353578994184431	151	32	0.171210915749418	0.302742048449615	Zheng_2024	LPRD
P562-PWY	group	LPRD	0.265047086987223	0.19590595871507	151	151	0.178127249222506	0.31285107032576	Zheng_2024	LPRD
PWY-6123	group	LPRD	0.0517521784654112	0.0382802457500832	151	151	0.178446605646975	0.31285107032576	Zheng_2024	LPRD
POLYAMINSYN3-PWY	group	LPRD	-0.256380730766772	0.190014509238293	151	151	0.179297221482835	0.313010403605628	Zheng_2024	LPRD
PWY-5532	group	LPRD	-0.32196196409159	0.23917330877624	151	25	0.180300206637191	0.3134332706098	Zheng_2024	LPRD
PWYG-321	group	LPRD	-0.0893708088762178	0.0668231442625057	151	151	0.183122603802332	0.317002154481348	Zheng_2024	LPRD
PWY-6957	group	LPRD	0.413103853017928	0.314472399245053	151	32	0.19098613126828	0.32923132252105197	Zheng_2024	LPRD
PWY-6147	group	LPRD	0.046406215054031	0.0358388066362948	151	151	0.197371637330779	0.33882131075117	Zheng_2024	LPRD
PWY-5101	group	LPRD	0.0472191736379246	0.0365384244848457	151	151	0.198248507336664	0.338914460675127	Zheng_2024	LPRD
ORNDEG-PWY	group	LPRD	-0.806306311527303	0.629420553327603	151	98	0.202173542897728	0.342779834048823	Zheng_2024	LPRD
PWY-621	group	LPRD	0.0974054749588714	0.0759046317055385	151	151	0.201392880833583	0.342779834048823	Zheng_2024	LPRD
PWY-5183	group	LPRD	-0.740680922873652	0.58289109417833	151	99	0.205815070112464	0.344698410107054	Zheng_2024	LPRD
PWY-6471	group	LPRD	0.146484300249632	0.115014821835502	151	151	0.204784042253558	0.344698410107054	Zheng_2024	LPRD
PWY-6876	group	LPRD	0.474837690708996	0.37359909837987	151	147	0.205715772771959	0.344698410107054	Zheng_2024	LPRD
PWY-5676	group	LPRD	-0.19357400367891	0.155973254339881	151	151	0.21652963164761	0.361174932140953	Zheng_2024	LPRD
GOLPDLCAT-PWY	group	LPRD	0.31618689575161	0.255772824543779	151	149	0.218328673125611	0.362707311805451	Zheng_2024	LPRD
PWY-7398	group	LPRD	0.224690295243594	0.183852557060059	151	21	0.223591245855223	0.369958205993381	Zheng_2024	LPRD
PWY-7539	group	LPRD	0.0420411965588007	0.0346460532653301	151	151	0.226878522731471	0.373895805461465	Zheng_2024	LPRD
PWY-6545	group	LPRD	-0.12247710115113	0.102169649882518	151	151	0.232523545685892	0.381672114831026	Zheng_2024	LPRD
COLANSYN-PWY	group	LPRD	-0.0753447180467495	0.0646626423722825	151	151	0.245801245780126	0.401865528815127	Zheng_2024	LPRD
GLUCARDEG-PWY	group	LPRD	-0.495357506913043	0.428681747505139	151	139	0.249720318567808	0.406659174900936	Zheng_2024	LPRD
PWY-6581	group	LPRD	0.19363076136933	0.168682926162948	151	16	0.252850420503559	0.41013532774593	Zheng_2024	LPRD
POLYISOPRENSYN-PWY	group	LPRD	0.0328998299640319	0.0292205925773165	151	151	0.262012781332833	0.422368886668741	Zheng_2024	LPRD
PWY-6892	group	LPRD	-0.0925689462382139	0.0822912657127591	151	151	0.262442803366985	0.422368886668741	Zheng_2024	LPRD
P261-PWY	group	LPRD	0.504978415956435	0.452758077308854	151	120	0.266501124046615	0.427231373957997	Zheng_2024	LPRD
P621-PWY	group	LPRD	0.377921034935541	0.342365596262241	151	52	0.271436740474362	0.433457120447431	Zheng_2024	LPRD
P108-PWY	group	LPRD	-0.0992292462695909	0.0909670121932259	151	151	0.27710999695128	0.440808180478483	Zheng_2024	LPRD
P184-PWY	group	LPRD	-0.467134824618785	0.432100443853466	151	116	0.281408514426483	0.445924261321965	Zheng_2024	LPRD
TYRFUMCAT-PWY	group	LPRD	0.397620735053135	0.3730818213174	151	151	0.288249970674807	0.455015279379389	Zheng_2024	LPRD
PWY-5028	group	LPRD	-0.59384440093017	0.565215038989061	151	141	0.295119424944761	0.464080927775731	Zheng_2024	LPRD
ANAEROFRUCAT-PWY	group	LPRD	-0.029764323877943	0.0285739641444879	151	151	0.29925707171854	0.468798150372769	Zheng_2024	LPRD
PWY-7198	group	LPRD	0.302139227419408	0.291512327627911	151	150	0.301669358545331	0.470787029244986	Zheng_2024	LPRD
PWY-5705	group	LPRD	0.307564723536903	0.297832661579768	151	151	0.303428671894884	0.471745708757329	Zheng_2024	LPRD
PWY-5154	group	LPRD	-0.165544753685744	0.160816179843679	151	151	0.304958187159296	0.472341252291842	Zheng_2024	LPRD
P164-PWY	group	LPRD	0.141638458929484	0.138087784793252	151	151	0.306689130536919	0.473243152738616	Zheng_2024	LPRD
PWY-7084	group	LPRD	-0.605653007671853	0.591950653179915	151	77	0.30789624600434	0.473333034902195	Zheng_2024	LPRD
PWY-7210	group	LPRD	0.293221304447001	0.288728402664418	151	150	0.311484722684354	0.477069538089048	Zheng_2024	LPRD
PANTOSYN-PWY	group	LPRD	0.0452252624771317	0.0449548917347196	151	151	0.316039653881589	0.482253101478572	Zheng_2024	LPRD
P124-PWY	group	LPRD	0.142336935830806	0.143573397521095	151	151	0.323103414110684	0.491212570529896	Zheng_2024	LPRD
PWY-5180	group	LPRD	0.241233853676696	0.249011804690783	151	146	0.33423248417225	0.50440946329292	Zheng_2024	LPRD
PWY-5182	group	LPRD	0.241233853676696	0.249011804690783	151	146	0.33423248417225	0.50440946329292	Zheng_2024	LPRD
PWY-6185	group	LPRD	-0.621476330005688	0.649957776564056	151	114	0.340530341500747	0.512038323716452	Zheng_2024	LPRD
PANTO-PWY	group	LPRD	0.0477025768126336	0.0504593071746722	151	151	0.346001934252014	0.518373806952108	Zheng_2024	LPRD
GLUCUROCAT-PWY	group	LPRD	0.118974673312241	0.126705243189396	151	151	0.349256687771298	0.519817259710167	Zheng_2024	LPRD
PWY-6700	group	LPRD	-0.0352814916964549	0.0375921176356285	151	151	0.349488788688631	0.519817259710167	Zheng_2024	LPRD
PWY-6728	group	LPRD	0.563441612065873	0.605037988504357	151	117	0.353230696265657	0.523492974321765	Zheng_2024	LPRD
PWY-5941	group	LPRD	0.421674424864841	0.4610773422658	151	90	0.361909916437992	0.534433281621694	Zheng_2024	LPRD
PWY-3661	group	LPRD	-0.459422728801754	0.503861722386838	151	112	0.363345178626712	0.534636477122162	Zheng_2024	LPRD
P42-PWY	group	LPRD	-0.0527237994674175	0.0585936553175352	151	151	0.369667500217655	0.542003594625174	Zheng_2024	LPRD
PWY-7111	group	LPRD	0.0477470428959654	0.0532388108196086	151	151	0.3712475717696	0.542390069393884	Zheng_2024	LPRD
PWY-5415	group	LPRD	-0.400438567645498	0.45074343258276	151	146	0.375759809326639	0.547042549267051	Zheng_2024	LPRD
GLYCOCAT-PWY	group	LPRD	0.0610647628500689	0.0694473532655511	151	151	0.380656808004371	0.55059689440686	Zheng_2024	LPRD
PWY0-1533	group	LPRD	-0.396548747824643	0.451190786816094	151	141	0.380874065305716	0.55059689440686	Zheng_2024	LPRD
PWY-4361	group	LPRD	-0.593682951173331	0.681802047256547	151	91	0.385288358184143	0.553096876557027	Zheng_2024	LPRD
PWY-7527	group	LPRD	-0.593991215229161	0.680351082013493	151	91	0.384032093577475	0.553096876557027	Zheng_2024	LPRD
GALACT-GLUCUROCAT-PWY	group	LPRD	0.113780215256386	0.131993214793539	151	151	0.390064120450734	0.558008394533689	Zheng_2024	LPRD
PWY-6572	group	LPRD	0.131562901099634	0.155408496779031	151	151	0.39859700007349	0.568242090070165	Zheng_2024	LPRD
PWY-1361	group	LPRD	-0.195820128226245	0.232122464919804	151	70	0.40024137648981	0.56861878315104	Zheng_2024	LPRD
LIPASYN-PWY	group	LPRD	-0.244034917722503	0.298531938820359	151	36	0.414976551913034	0.585521381475623	Zheng_2024	LPRD
PWY-5181	group	LPRD	-0.530984729608582	0.65113514257974	151	114	0.416101847353348	0.585521381475623	Zheng_2024	LPRD
PWY-6608	group	LPRD	0.128453547557427	0.157621628677624	151	151	0.41640234168048	0.585521381475623	Zheng_2024	LPRD
DHGLUCONATE-PYR-CAT-PWY	group	LPRD	-0.478923632728301	0.595262635952564	151	90	0.422356359772667	0.591873538184825	Zheng_2024	LPRD
COMPLETE-ARO-PWY	group	LPRD	0.0103193155737607	0.0131695114221419	151	151	0.434532614863742	0.598753970982814	Zheng_2024	LPRD
PWY-3801	group	LPRD	-0.427556476643911	0.545256055285078	151	78	0.434203425769959	0.598753970982814	Zheng_2024	LPRD
PWY-5420	group	LPRD	-0.45904205874928	0.584957743079445	151	134	0.433849606524356	0.598753970982814	Zheng_2024	LPRD
PWY-6948	group	LPRD	-0.229781209173735	0.289919479642833	151	57	0.429289068938761	0.598753970982814	Zheng_2024	LPRD
PWY0-1338	group	LPRD	-0.433525348866122	0.548918679062502	151	124	0.430910945749884	0.598753970982814	Zheng_2024	LPRD
PWY-5741	group	LPRD	0.489075144550073	0.63838646616349	151	114	0.444822013883196	0.610888899066256	Zheng_2024	LPRD
PWY-5419	group	LPRD	-0.447864742415939	0.586595014788905	151	135	0.44637305163535	0.610982382969317	Zheng_2024	LPRD
PWY-7199	group	LPRD	0.0485642784991186	0.0661259202279402	151	151	0.463846271525232	0.630708461611866	Zheng_2024	LPRD
PWY0-1298	group	LPRD	-0.0560294373279077	0.0760572194469947	151	151	0.462478450753032	0.630708461611866	Zheng_2024	LPRD
SALVADEHYPOX-PWY	group	LPRD	0.105532191504666	0.14580763158676	151	151	0.470337531074457	0.637431127640382	Zheng_2024	LPRD
PWY-6969	group	LPRD	-0.0334952970988291	0.0479542499928824	151	151	0.485963026763048	0.656448416479921	Zheng_2024	LPRD
NAGLIPASYN-PWY	group	LPRD	0.0305143048501598	0.0447363513839601	151	151	0.496239766889694	0.665963465663042	Zheng_2024	LPRD
PWY-7376	group	LPRD	0.322969198047742	0.471770121421845	151	137	0.49466604451086	0.665963465663042	Zheng_2024	LPRD
P122-PWY	group	LPRD	0.0913366236562901	0.135963880666755	151	151	0.502769585379383	0.670359447172511	Zheng_2024	LPRD
PWY-7255	group	LPRD	0.489121818922878	0.727188640289415	151	91	0.502230681227516	0.670359447172511	Zheng_2024	LPRD
PWY-5659	group	LPRD	0.0372776627757711	0.0563979271782122	151	151	0.509648565647511	0.677339384021854	Zheng_2024	LPRD
PHOSLIPSYN-PWY	group	LPRD	0.0127684169925921	0.0198951640716871	151	151	0.5219989203306	0.691522685454042	Zheng_2024	LPRD
HEXITOLDEGSUPER-PWY	group	LPRD	-0.0692378196739172	0.110406120043625	151	151	0.531540745495559	0.699247634962031	Zheng_2024	LPRD
P381-PWY	group	LPRD	0.289039275890248	0.462918683495112	151	137	0.53332994286892	0.699247634962031	Zheng_2024	LPRD
PWY-7528	group	LPRD	-0.231324984680378	0.371655848908228	151	50	0.534618944206408	0.699247634962031	Zheng_2024	LPRD
SUCSYN-PWY	group	LPRD	-0.384790825219247	0.615824110471311	151	84	0.533032523513672	0.699247634962031	Zheng_2024	LPRD
PWY-7347	group	LPRD	-0.382332828646804	0.620000009005422	151	84	0.538396232649528	0.701959645100017	Zheng_2024	LPRD
CRNFORCAT-PWY	group	LPRD	0.399281973230186	0.663510587292313	151	94	0.548240587253873	0.702320306004583	Zheng_2024	LPRD
PWY-5845	group	LPRD	0.245075133895865	0.404581877017433	151	151	0.545602953049154	0.702320306004583	Zheng_2024	LPRD
PWY-5862	group	LPRD	0.251054521754026	0.4095906066076	151	151	0.540850353694481	0.702320306004583	Zheng_2024	LPRD
PWY-6317	group	LPRD	-0.0298195441975766	0.0496831713422969	151	151	0.549288662854492	0.702320306004583	Zheng_2024	LPRD
PWY-7446	group	LPRD	0.441189391085463	0.729758363447656	151	100	0.546384835064876	0.702320306004583	Zheng_2024	LPRD
PWY4FS-7	group	LPRD	0.023928775640013	0.0400003701533112	151	151	0.550605482620098	0.702320306004583	Zheng_2024	LPRD
PWY4FS-8	group	LPRD	0.023928775640013	0.0400003701533112	151	151	0.550605482620098	0.702320306004583	Zheng_2024	LPRD
PWY-5104	group	LPRD	-0.0269277359119806	0.045356282981812	151	151	0.553617272038011	0.703982457035989	Zheng_2024	LPRD
PWY-6397	group	LPRD	-0.276524985650117	0.476653214946245	151	140	0.562697351891707	0.713327104551949	Zheng_2024	LPRD
ARO-PWY	group	LPRD	0.00817641849727096	0.0143757102786033	151	151	0.570371084604409	0.714264093790324	Zheng_2024	LPRD
BIOTIN-BIOSYNTHESIS-PWY	group	LPRD	-0.0475075698605822	0.0828033300135445	151	151	0.567008877987786	0.714264093790324	Zheng_2024	LPRD
GALLATE-DEGRADATION-II-PWY	group	LPRD	0.34630508721532	0.608571541456992	151	99	0.570181828382627	0.714264093790324	Zheng_2024	LPRD
TCA	group	LPRD	-0.0312039042642465	0.0541947502548329	151	151	0.56563684064988	0.714264093790324	Zheng_2024	LPRD
ECASYN-PWY	group	LPRD	-0.281374699813258	0.516605587625805	151	133	0.586801222267303	0.726884823785566	Zheng_2024	LPRD
GALLATE-DEGRADATION-I-PWY	group	LPRD	-0.267617622672805	0.498529506746632	151	132	0.592196750751564	0.726884823785566	Zheng_2024	LPRD
METHYLGALLATE-DEGRADATION-PWY	group	LPRD	-0.267642382177886	0.498383955685934	151	132	0.592054492922394	0.726884823785566	Zheng_2024	LPRD
NONMEVIPP-PWY	group	LPRD	0.0211684692736852	0.0394978459054061	151	151	0.592799273766869	0.726884823785566	Zheng_2024	LPRD
PWY-181	group	LPRD	-0.284702259704053	0.526929242336461	151	139	0.58979372433199	0.726884823785566	Zheng_2024	LPRD
PWY-7560	group	LPRD	0.0211684692736852	0.0394978459054061	151	151	0.592799273766869	0.726884823785566	Zheng_2024	LPRD
UDPNAGSYN-PWY	group	LPRD	-0.0232921076083108	0.0423127655294464	151	151	0.582818155116239	0.726884823785566	Zheng_2024	LPRD
PWY-1269	group	LPRD	0.0216351202374979	0.0408401681764121	151	151	0.597073048591819	0.728987381884014	Zheng_2024	LPRD
PWY-6338	group	LPRD	-0.240946865509035	0.462752071143262	151	79	0.603360915588468	0.728987381884014	Zheng_2024	LPRD
PWY-7097	group	LPRD	-0.240946865509035	0.462752071143262	151	79	0.603360915588468	0.728987381884014	Zheng_2024	LPRD
PWY-7098	group	LPRD	-0.241343913710971	0.461696632585167	151	79	0.601936704824164	0.728987381884014	Zheng_2024	LPRD
PYRIDNUCSAL-PWY	group	LPRD	-0.039510833696647	0.0749953131841705	151	151	0.599085366152451	0.728987381884014	Zheng_2024	LPRD
PWY-3941	group	LPRD	-0.169361393086352	0.33018708414758	151	35	0.608763014092863	0.733363631012454	Zheng_2024	LPRD
PWY-5121	group	LPRD	0.0237340387491452	0.0510617901747443	151	151	0.642745938257464	0.763145033320101	Zheng_2024	LPRD
PWY-5654	group	LPRD	-0.274220284307403	0.588714740429228	151	125	0.642042526700287	0.763145033320101	Zheng_2024	LPRD
PWY-5850	group	LPRD	0.187438174931793	0.401828324631002	151	151	0.641565170992569	0.763145033320101	Zheng_2024	LPRD
PWY-5860	group	LPRD	0.191968149125778	0.406775579853804	151	151	0.637669679735818	0.763145033320101	Zheng_2024	LPRD
PWY-5896	group	LPRD	0.187438174931793	0.401828324631002	151	151	0.641565170992569	0.763145033320101	Zheng_2024	LPRD
AST-PWY	group	LPRD	-0.296470248502294	0.643877915479052	151	130	0.645868249815745	0.764648617597951	Zheng_2024	LPRD
PWY-6906	group	LPRD	0.214589842008851	0.470828496459181	151	122	0.649218399471864	0.766412551812058	Zheng_2024	LPRD
PWY0-1297	group	LPRD	0.0326612630660568	0.0743716800837946	151	151	0.661179904935445	0.778303202381152	Zheng_2024	LPRD
PWY-6353	group	LPRD	0.0504583353808596	0.126366806755333	151	151	0.690243507006816	0.810200355802872	Zheng_2024	LPRD
PWY0-1277	group	LPRD	-0.254643105653754	0.647538898959323	151	94	0.694698726940474	0.813113282668963	Zheng_2024	LPRD
GALACTUROCAT-PWY	group	LPRD	0.0431511011860723	0.114354708525902	151	151	0.706454656370011	0.821447338221791	Zheng_2024	LPRD
PWY-7007	group	LPRD	0.169424812665034	0.446988655783399	151	148	0.705200688150278	0.821447338221791	Zheng_2024	LPRD
PWY-7046	group	LPRD	-0.139713850334133	0.37204456154914	151	66	0.70780049773965	0.821447338221791	Zheng_2024	LPRD
PWY-6165	group	LPRD	-0.0493146363243417	0.135789798086234	151	20	0.716993398493088	0.829778876907731	Zheng_2024	LPRD
HCAMHPDEG-PWY	group	LPRD	-0.231207666518846	0.648723394249976	151	94	0.722042146104733	0.829889150166052	Zheng_2024	LPRD
P161-PWY	group	LPRD	0.0469381707760046	0.133004550495884	151	151	0.724657282300722	0.829889150166052	Zheng_2024	LPRD
PWY-1622	group	LPRD	-0.218873719448151	0.621352781475375	151	98	0.725145859368395	0.829889150166052	Zheng_2024	LPRD
PWY-6690	group	LPRD	-0.231207666518846	0.648723394249976	151	94	0.722042146104733	0.829889150166052	Zheng_2024	LPRD
PWY-6404	group	LPRD	-0.15296218661513	0.455273611274922	151	59	0.73735966232153	0.839204919548261	Zheng_2024	LPRD
PWY-6901	group	LPRD	-0.0319628005474728	0.0949064415344045	151	151	0.736754973460707	0.839204919548261	Zheng_2024	LPRD
GLUCOSE1PMETAB-PWY	group	LPRD	0.0308439974796249	0.09389816644083	151	151	0.743007313459189	0.843303066515663	Zheng_2024	LPRD
FASYN-INITIAL-PWY	group	LPRD	-0.0231192479691304	0.0742649033783182	151	151	0.756001721125933	0.849799962822196	Zheng_2024	LPRD
PWY-5655	group	LPRD	-0.195031474374514	0.629101421405916	151	110	0.75698200571783	0.849799962822196	Zheng_2024	LPRD
PWY-6519	group	LPRD	-0.0264344149326973	0.0838625572721442	151	151	0.753042348314744	0.849799962822196	Zheng_2024	LPRD
PWY-6713	group	LPRD	0.105623633628667	0.333676872634215	151	56	0.75203217202595	0.849799962822196	Zheng_2024	LPRD
PWY-6467	group	LPRD	-0.0122972634140568	0.0400532995292139	151	151	0.759254929063256	0.850035409712124	Zheng_2024	LPRD
PWY-1882	group	LPRD	-0.107212008116777	0.355070904054969	151	73	0.763114764696519	0.852041417493132	Zheng_2024	LPRD
PWY-5647	group	LPRD	-0.182125063219945	0.616526802548019	151	111	0.768095808896461	0.855285062879303	Zheng_2024	LPRD
NAD-BIOSYNTHESIS-II	group	LPRD	-0.0291396704381164	0.116025958157822	151	151	0.80204582245594	0.873095243212134	Zheng_2024	LPRD
P162-PWY	group	LPRD	0.0313227643730278	0.120833278285767	151	151	0.795820984166623	0.873095243212134	Zheng_2024	LPRD
PWY-5989	group	LPRD	-0.0182647206454911	0.0676798992454127	151	151	0.787634279523293	0.873095243212134	Zheng_2024	LPRD
PWY-6731	group	LPRD	0.0978913181912178	0.389423428246992	151	79	0.80187054059421	0.873095243212134	Zheng_2024	LPRD
PWY-7644	group	LPRD	0.0748343683473402	0.279739136499593	151	33	0.789442736113743	0.873095243212134	Zheng_2024	LPRD
PWY0-1296	group	LPRD	-0.0219565072270259	0.0867072050869327	151	151	0.800442725786818	0.873095243212134	Zheng_2024	LPRD
PWY0-321	group	LPRD	-0.177448987545266	0.710647180327172	151	112	0.803162857226696	0.873095243212134	Zheng_2024	LPRD
PWY0-862	group	LPRD	-0.0166072081132307	0.0663155283008163	151	151	0.802602018922148	0.873095243212134	Zheng_2024	LPRD
THREOCAT-PWY	group	LPRD	-0.167729496482428	0.647892427020611	151	128	0.796081432827744	0.873095243212134	Zheng_2024	LPRD
PWY-6641	group	LPRD	-0.100805175253988	0.42590138530059	151	115	0.813224968428151	0.881707071032627	Zheng_2024	LPRD
PWY-7616	group	LPRD	-0.128750917823631	0.578505677076664	151	121	0.824184514124932	0.8912441465078	Zheng_2024	LPRD
AEROBACTINSYN-PWY	group	LPRD	0.0894972399621041	0.420989780573117	151	76	0.831939142899667	0.897274677682364	Zheng_2024	LPRD
ALL-CHORISMATE-PWY	group	LPRD	0.072095060749195	0.35665298996916	151	151	0.840080329007971	0.898995053379958	Zheng_2024	LPRD
PWY-5913	group	LPRD	0.0142449314318585	0.0690767551741091	151	151	0.836901448158772	0.898995053379958	Zheng_2024	LPRD
PWY-6282	group	LPRD	-0.0133827055406864	0.0661411200216447	151	151	0.83993035223276	0.898995053379958	Zheng_2024	LPRD
HISDEG-PWY	group	LPRD	-0.0212536772700986	0.109023862158649	151	151	0.845701425839827	0.902665770585515	Zheng_2024	LPRD
PWY-6071	group	LPRD	-0.138541752487866	0.739472274731702	151	104	0.851639383556963	0.906464425326444	Zheng_2024	LPRD
PWY-6944	group	LPRD	-0.125660989002635	0.680094009009482	151	83	0.853660672394806	0.906464425326444	Zheng_2024	LPRD
P441-PWY	group	LPRD	0.0105392654466169	0.0597938499850972	151	151	0.86032900504756	0.911196786837004	Zheng_2024	LPRD
PWY-6210	group	LPRD	-0.105707874562755	0.636630876462703	151	93	0.868348483955671	0.915696030780884	Zheng_2024	LPRD
PWY-7323	group	LPRD	0.0144919990822307	0.0877318850953406	151	151	0.869022203969237	0.915696030780884	Zheng_2024	LPRD
NADSYN-PWY	group	LPRD	0.0946431494551738	0.630379376019866	151	117	0.88085972354595	0.917537683852974	Zheng_2024	LPRD
PWY-5651	group	LPRD	0.0949761338773717	0.632303172690999	151	117	0.880804730953422	0.917537683852974	Zheng_2024	LPRD
PWY-6107	group	LPRD	0.0782929886246748	0.536316097286875	151	61	0.884132185654444	0.917537683852974	Zheng_2024	LPRD
PWY-6897	group	LPRD	0.00612727690554502	0.0388836501106355	151	151	0.87500128438427	0.917537683852974	Zheng_2024	LPRD
PWY-7431	group	LPRD	-0.0784408610584265	0.528852581981614	151	149	0.882288614780367	0.917537683852974	Zheng_2024	LPRD
PWY-7664	group	LPRD	-0.00909933641418074	0.0606452945693647	151	151	0.880934457087809	0.917537683852974	Zheng_2024	LPRD
FERMENTATION-PWY	group	LPRD	-0.00838435135423484	0.0658058028480624	151	151	0.898787282035196	0.918859454586851	Zheng_2024	LPRD
OANTIGEN-PWY	group	LPRD	0.00326228810422701	0.0255260643660524	151	151	0.898477806149505	0.918859454586851	Zheng_2024	LPRD
PWY-5265	group	LPRD	0.0768051604358573	0.595502343842395	151	112	0.897551037206239	0.918859454586851	Zheng_2024	LPRD
PWY-5507	group	LPRD	-0.0689284988224014	0.521107568189891	151	142	0.894946759961753	0.918859454586851	Zheng_2024	LPRD
PWY-6505	group	LPRD	-0.0776896991715827	0.602355202127298	151	96	0.89755013431841	0.918859454586851	Zheng_2024	LPRD
PWY0-1586	group	LPRD	0.0131202249375625	0.0932615722579057	151	151	0.888311170654484	0.918859454586851	Zheng_2024	LPRD
PWY-7374	group	LPRD	-0.043134862649439	0.360161266476137	151	143	0.904830314995581	0.920469357476986	Zheng_2024	LPRD
PWY0-42	group	LPRD	0.0456671574792474	0.376289447767862	151	151	0.903568002029303	0.920469357476986	Zheng_2024	LPRD
PWY-7377	group	LPRD	0.0116294459620344	0.126541488519777	151	151	0.926899157217058	0.940597174318788	Zheng_2024	LPRD
PWY-6339	group	LPRD	-0.0371700077849607	0.480998469604815	151	61	0.938507043332349	0.947708092776784	Zheng_2024	LPRD
PWY-7185	group	LPRD	0.0108885086734264	0.140538711951347	151	18	0.938348081623158	0.947708092776784	Zheng_2024	LPRD
PWY-5100	group	LPRD	-0.00442632347597972	0.0768453231077474	151	151	0.954144082686109	0.959281133382931	Zheng_2024	LPRD
VALDEG-PWY	group	LPRD	0.0212187442765356	0.37228221865288	151	44	0.954624428851946	0.959281133382931	Zheng_2024	LPRD
PWY-5189	group	LPRD	-0.00174419136777154	0.0462213857435045	151	151	0.969949008634746	0.972308981891765	Zheng_2024	LPRD
PWY-5188	group	LPRD	2.2503638827026e-4	0.0431699962708766	151	151	0.995847782038916	0.995847782038916	Zheng_2024	LPRD
HEME-BIOSYNTHESIS-II	group	GERD	0.450496393093197	0.161623092017559	24	24	0.0107400124776928	0.330255383689055	Hao_2022	GERD
P122-PWY	group	GERD	1.19982853133565	0.420508753948261	24	24	0.00924314208167756	0.330255383689055	Hao_2022	GERD
P124-PWY	group	GERD	1.19909654300055	0.414223456893757	24	24	0.00840497536131449	0.330255383689055	Hao_2022	GERD
P125-PWY	group	GERD	1.09598808312107	0.351091247226175	24	24	0.0049668900287457	0.330255383689055	Hao_2022	GERD
PWY-5304	group	GERD	3.11597032810682	1.01397918916075	24	23	0.00556499624285032	0.330255383689055	Hao_2022	GERD
PWY-5686	group	GERD	0.293955725291015	0.104299591834597	24	24	0.0100085952500051	0.330255383689055	Hao_2022	GERD
PWY-5910	group	GERD	0.934568623552997	0.331067691055637	24	24	0.00990628808046347	0.330255383689055	Hao_2022	GERD
PWY-6383	group	GERD	1.93959364724078	0.654775224962406	24	24	0.00719679981474799	0.330255383689055	Hao_2022	GERD
PWY-6478	group	GERD	1.95496929709847	0.695616034956733	24	24	0.0101915373448533	0.330255383689055	Hao_2022	GERD
PWY-6572	group	GERD	2.0052076677612	0.679968649790899	24	22	0.00742039772518548	0.330255383689055	Hao_2022	GERD
PWY-7111	group	GERD	0.217438485894841	0.0758054784776793	24	24	0.00892962724826797	0.330255383689055	Hao_2022	GERD
PWY-922	group	GERD	0.998919823488406	0.353298205969153	24	24	0.00980485565624287	0.330255383689055	Hao_2022	GERD
NAD-BIOSYNTHESIS-II	group	GERD	-1.10020340153427	0.402762791321188	24	24	0.0121804855805377	0.345738398401417	Hao_2022	GERD
PWY-5154	group	GERD	-0.763715457952662	0.283244775023672	24	24	0.0131873521880985	0.34758092552916803	Hao_2022	GERD
BRANCHED-CHAIN-AA-SYN-PWY	group	GERD	0.164264355285417	0.0689050895024089	24	24	0.0261847107191989	0.377917133304886	Hao_2022	GERD
ILEUSYN-PWY	group	GERD	0.174541607437935	0.0694765849963931	24	24	0.0198296105030928	0.377917133304886	Hao_2022	GERD
LACTOSECAT-PWY	group	GERD	1.05170225385323	0.461257863404899	24	24	0.0326534208940864	0.377917133304886	Hao_2022	GERD
OANTIGEN-PWY	group	GERD	0.313693719215602	0.132685091788505	24	24	0.0273142729333304	0.377917133304886	Hao_2022	GERD
PWY-2941	group	GERD	0.667681991058865	0.28364438729788	24	24	0.0279192364667269	0.377917133304886	Hao_2022	GERD
PWY-5101	group	GERD	0.163013487903845	0.0695670884340804	24	24	0.0285625401452031	0.377917133304886	Hao_2022	GERD
PWY-5103	group	GERD	0.173828300546064	0.0744173426514264	24	24	0.0290159560861643	0.377917133304886	Hao_2022	GERD
PWY-5913	group	GERD	-0.187833661016016	0.0782666205760561	24	24	0.0253003937889319	0.377917133304886	Hao_2022	GERD
PWY-5973	group	GERD	0.145642370074084	0.0637105880571986	24	24	0.0322481283798181	0.377917133304886	Hao_2022	GERD
PWY-6396	group	GERD	1.55480967680979	0.682432496564446	24	24	0.0327733015332151	0.377917133304886	Hao_2022	GERD
PWY-6749	group	GERD	2.2689766325277	0.943538312562503	24	23	0.0250387504069046	0.377917133304886	Hao_2022	GERD
PWY-7003	group	GERD	2.14847597313455	0.831335635053179	24	23	0.0169208739274471	0.377917133304886	Hao_2022	GERD
PWY-7392	group	GERD	0.281989391613675	0.123695436549147	24	24	0.0326786845292799	0.377917133304886	Hao_2022	GERD
PWY-7456	group	GERD	1.28154256127888	0.55196306480376	24	22	0.0298963583095021	0.377917133304886	Hao_2022	GERD
PWY0-162	group	GERD	0.21234035902509	0.0836725491302903	24	24	0.0187509489280124	0.377917133304886	Hao_2022	GERD
PWY1G-0	group	GERD	1.72680349534781	0.659566490228114	24	24	0.0157027789085221	0.377917133304886	Hao_2022	GERD
TEICHOICACID-PWY	group	GERD	2.14587133265574	0.908206108676434	24	23	0.0273984179140546	0.377917133304886	Hao_2022	GERD
VALSYN-PWY	group	GERD	0.174541607437935	0.0694765849963931	24	24	0.0198296105030928	0.377917133304886	Hao_2022	GERD
PWY0-1479	group	GERD	-0.626620529118112	0.283567956079984	24	23	0.0378306591811514	0.423015552661966	Hao_2022	GERD
ANAEROFRUCAT-PWY	group	GERD	0.206466697669894	0.0965714532947892	24	24	0.0438785323084701	0.458641387820342	Hao_2022	GERD
PWY-5097	group	GERD	-0.0798614121409982	0.0380938243387606	24	24	0.0477623725944984	0.458641387820342	Hao_2022	GERD
PWY-7221	group	GERD	0.185431258285011	0.0887588074766441	24	24	0.0484742930216621	0.458641387820342	Hao_2022	GERD
PWY0-1296	group	GERD	0.533593621275331	0.249100233125842	24	24	0.0435095616737488	0.458641387820342	Hao_2022	GERD
PWY0-1297	group	GERD	0.401917333839956	0.191519299261598	24	24	0.0475555310087829	0.458641387820342	Hao_2022	GERD
PWY0-1298	group	GERD	0.387180505347295	0.18257074065895	24	24	0.045456157421476	0.458641387820342	Hao_2022	GERD
PWY0-1261	group	GERD	-0.562354810009169	0.273239490007593	24	23	0.0516190678230669	0.476185900667792	Hao_2022	GERD
GLYCOL-GLYOXDEG-PWY	group	GERD	-1.9717301697973	0.981885474400541	24	22	0.0570659429908703	0.505666425350183	Hao_2022	GERD
PWY-5100	group	GERD	0.424605616169637	0.211897752112177	24	24	0.0575555280886388	0.505666425350183	Hao_2022	GERD
ARGORNPROST-PWY	group	GERD	0.708217794697237	0.372190337294309	24	24	0.0702303796820221	0.546775318399875	Hao_2022	GERD
COA-PWY	group	GERD	0.134860438624373	0.0870634584945938	24	24	0.135650585266652	0.546775318399875	Hao_2022	GERD
DENOVOPURINE2-PWY	group	GERD	0.139539931600897	0.0857910545572582	24	24	0.118081187780186	0.546775318399875	Hao_2022	GERD
DTDPRHAMSYN-PWY	group	GERD	0.422638502169343	0.228638723454447	24	24	0.0780166653942026	0.546775318399875	Hao_2022	GERD
ENTBACSYN-PWY	group	GERD	1.27907972388975	0.685213309736121	24	24	0.0753303625746507	0.546775318399875	Hao_2022	GERD
FASYN-ELONG-PWY	group	GERD	-0.542435467906226	0.307871249516263	24	24	0.0919794234958972	0.546775318399875	Hao_2022	GERD
FASYN-INITIAL-PWY	group	GERD	-0.906284145516206	0.574820281788639	24	24	0.129150575444372	0.546775318399875	Hao_2022	GERD
GLUCOSE1PMETAB-PWY	group	GERD	-0.591994454895636	0.35865837542696	24	24	0.113029508753143	0.546775318399875	Hao_2022	GERD
GLYCOLYSIS-E-D	group	GERD	0.104158723450959	0.066847141044643	24	24	0.13346486074004	0.546775318399875	Hao_2022	GERD
KDO-NAGLIPASYN-PWY	group	GERD	-1.19970408493255	0.651381881324218	24	23	0.0790294374454801	0.546775318399875	Hao_2022	GERD
NONMEVIPP-PWY	group	GERD	-0.184540527845563	0.116790702763653	24	24	0.128356370168999	0.546775318399875	Hao_2022	GERD
P108-PWY	group	GERD	0.92486369271862	0.480076363589485	24	24	0.0670592844669394	0.546775318399875	Hao_2022	GERD
P161-PWY	group	GERD	0.26680560808328	0.160465604928425	24	24	0.110556392284635	0.546775318399875	Hao_2022	GERD
P221-PWY	group	GERD	1.72497322976493	1.11562733911595	24	20	0.136323385617313	0.546775318399875	Hao_2022	GERD
PANTO-PWY	group	GERD	0.261742563144671	0.163636449518673	24	24	0.123965203315718	0.546775318399875	Hao_2022	GERD
PANTOSYN-PWY	group	GERD	0.224087311769956	0.118040532935871	24	24	0.0708406885896673	0.546775318399875	Hao_2022	GERD
PEPTIDOGLYCANSYN-PWY	group	GERD	0.148053819687483	0.0917848969211914	24	24	0.12098695282528	0.546775318399875	Hao_2022	GERD
PPGPPMET-PWY	group	GERD	-1.27275605929247	0.807988210478212	24	24	0.1294786832148	0.546775318399875	Hao_2022	GERD
PWY-3001	group	GERD	0.110118791856267	0.0632938291480349	24	24	0.0958668527075781	0.546775318399875	Hao_2022	GERD
PWY-5345	group	GERD	-1.08452603900117	0.672989170366195	24	24	0.121324613688285	0.546775318399875	Hao_2022	GERD
PWY-5855	group	GERD	-1.36235502195468	0.880850141324583	24	23	0.136216160405986	0.546775318399875	Hao_2022	GERD
PWY-5856	group	GERD	-1.36235502195468	0.880850141324583	24	23	0.136216160405986	0.546775318399875	Hao_2022	GERD
PWY-5857	group	GERD	-1.36235502195468	0.880850141324583	24	23	0.136216160405986	0.546775318399875	Hao_2022	GERD
PWY-5989	group	GERD	-0.872857802024133	0.555382462927709	24	24	0.13030776352974	0.546775318399875	Hao_2022	GERD
PWY-6121	group	GERD	0.122893585593744	0.0780938234381987	24	24	0.129836918162638	0.546775318399875	Hao_2022	GERD
PWY-6122	group	GERD	0.17048072971598	0.0921272112874364	24	24	0.0777182437154022	0.546775318399875	Hao_2022	GERD
PWY-6125	group	GERD	0.148951252985767	0.0865424327500639	24	24	0.099261139574493	0.546775318399875	Hao_2022	GERD
PWY-6126	group	GERD	0.151592853244831	0.0918149825575224	24	24	0.112928906761388	0.546775318399875	Hao_2022	GERD
PWY-6277	group	GERD	0.17048072971598	0.0921272112874364	24	24	0.0777182437154022	0.546775318399875	Hao_2022	GERD
PWY-6282	group	GERD	-0.858684010995218	0.552177493602016	24	24	0.134194516385748	0.546775318399875	Hao_2022	GERD
PWY-6385	group	GERD	0.14812279121144	0.0920493169844964	24	24	0.121836740924464	0.546775318399875	Hao_2022	GERD
PWY-6386	group	GERD	0.155721380582955	0.0959033237180202	24	24	0.118675818492444	0.546775318399875	Hao_2022	GERD
PWY-6387	group	GERD	0.151058147839294	0.0930789290875731	24	24	0.118853883589299	0.546775318399875	Hao_2022	GERD
PWY-6470	group	GERD	1.15868154335655	0.594244670511842	24	24	0.0640538125843516	0.546775318399875	Hao_2022	GERD
PWY-6471	group	GERD	0.535168467314238	0.283397346439987	24	24	0.0722293589046403	0.546775318399875	Hao_2022	GERD
PWY-6562	group	GERD	-1.11105759343269	0.710966573469468	24	23	0.132384531694294	0.546775318399875	Hao_2022	GERD
PWY-6708	group	GERD	-1.36235502195468	0.880850141324583	24	23	0.136216160405986	0.546775318399875	Hao_2022	GERD
PWY-7219	group	GERD	0.138508344283975	0.084001012513225	24	24	0.11337841655191	0.546775318399875	Hao_2022	GERD
PWY-7228	group	GERD	0.135929606422204	0.0811791451596012	24	24	0.108203124825801	0.546775318399875	Hao_2022	GERD
PWY-7229	group	GERD	0.147044326625011	0.0908869613315846	24	24	0.119937346848744	0.546775318399875	Hao_2022	GERD
PWY-7328	group	GERD	-0.548815881918074	0.344041887581412	24	24	0.124933638029722	0.546775318399875	Hao_2022	GERD
PWY-7560	group	GERD	-0.184540527845563	0.116790702763653	24	24	0.128356370168999	0.546775318399875	Hao_2022	GERD
PWY-841	group	GERD	0.12501915564106	0.0779690802962057	24	24	0.123097734021285	0.546775318399875	Hao_2022	GERD
PWY0-1241	group	GERD	-0.470521702915856	0.287374898296877	24	24	0.11579156627842	0.546775318399875	Hao_2022	GERD
PWY0-845	group	GERD	-0.985929513067075	0.582638663124655	24	23	0.104728649000213	0.546775318399875	Hao_2022	GERD
PWY490-3	group	GERD	1.2278141324263	0.721715804693711	24	24	0.102990419084113	0.546775318399875	Hao_2022	GERD
PYRIDOXSYN-PWY	group	GERD	-1.13444639065671	0.688249599580482	24	23	0.113498757615707	0.546775318399875	Hao_2022	GERD
SO4ASSIM-PWY	group	GERD	-1.26574062761088	0.795746393068416	24	24	0.125960537697446	0.546775318399875	Hao_2022	GERD
SULFATE-CYS-PWY	group	GERD	-1.14458550726652	0.69635243638123	24	24	0.114457214540026	0.546775318399875	Hao_2022	GERD
UBISYN-PWY	group	GERD	-1.37366909076477	0.884981507199695	24	23	0.134882157653804	0.546775318399875	Hao_2022	GERD
ANAGLYCOLYSIS-PWY	group	GERD	0.108339409484863	0.070972199244499	24	24	0.141133755685524	0.550490242956994	Hao_2022	GERD
PWY-5659	group	GERD	-0.211353933834475	0.139862928300725	24	24	0.144981696704443	0.550490242956994	Hao_2022	GERD
PWY-6123	group	GERD	0.132680416130367	0.0876466838674539	24	24	0.144309144009534	0.550490242956994	Hao_2022	GERD
PWY-6891	group	GERD	-0.605952399712617	0.399891823908371	24	24	0.143935733532988	0.550490242956994	Hao_2022	GERD
PWY-6895	group	GERD	-0.406236821420178	0.264738459481874	24	24	0.139167594215898	0.550490242956994	Hao_2022	GERD
PWY-7220	group	GERD	0.189618376397508	0.126367361933367	24	24	0.147692504207974	0.550490242956994	Hao_2022	GERD
PWY-7222	group	GERD	0.189618376397508	0.126367361933367	24	24	0.147692504207974	0.550490242956994	Hao_2022	GERD
PWY-1269	group	GERD	-0.434195665649306	0.29210337697922	24	24	0.151353004839113	0.558492587856326	Hao_2022	GERD
1CMET2-PWY	group	GERD	0.0963465181947197	0.0660560027850597	24	24	0.15881689709831	0.563494567589197	Hao_2022	GERD
PWY-5189	group	GERD	-0.232961299048757	0.159458095671447	24	24	0.158163545828308	0.563494567589197	Hao_2022	GERD
PWY-6467	group	GERD	-0.404478313845207	0.276601477454543	24	24	0.157794500435844	0.563494567589197	Hao_2022	GERD
PWY-7664	group	GERD	-0.713705478602166	0.487666319914738	24	24	0.157469663507492	0.563494567589197	Hao_2022	GERD
NAGLIPASYN-PWY	group	GERD	-0.428901000472909	0.297810539238629	24	24	0.16389641521538	0.565304229239909	Hao_2022	GERD
PWY-6519	group	GERD	-1.00285298653051	0.69638404706925106	24	24	0.163922906581762	0.565304229239909	Hao_2022	GERD
PWY-7187	group	GERD	0.139867787131251	0.0966713317292522	24	24	0.162041328674287	0.565304229239909	Hao_2022	GERD
BIOTIN-BIOSYNTHESIS-PWY	group	GERD	-0.915975738926221	0.656054661565996	24	24	0.176587957648511	0.56661701193305	Hao_2022	GERD
GLUTORN-PWY	group	GERD	-0.353851206808107	0.250825083251767	24	24	0.172303162940281	0.56661701193305	Hao_2022	GERD
NONOXIPENT-PWY	group	GERD	0.109275149264066	0.0781238751497583	24	24	0.175830335282593	0.56661701193305	Hao_2022	GERD
PWY-5861	group	GERD	-0.25044539579632	0.17647354456525	24	24	0.169864196315194	0.56661701193305	Hao_2022	GERD
PWY-5971	group	GERD	-0.681788571656809	0.479701641704736	24	24	0.169257356968509	0.56661701193305	Hao_2022	GERD
PWY0-166	group	GERD	0.127994982308651	0.0913892064039178	24	24	0.175296123150897	0.56661701193305	Hao_2022	GERD
TRNA-CHARGING-PWY	group	GERD	0.0988283946479263	0.0702655992619544	24	24	0.173545521180817	0.56661701193305	Hao_2022	GERD
UDPNAGSYN-PWY	group	GERD	0.150762527565765	0.105189755670246	24	24	0.165847602144548	0.56661701193305	Hao_2022	GERD
P23-PWY	group	GERD	0.279053721867985	0.202023787155024	24	24	0.181059052487778	0.568604070260316	Hao_2022	GERD
PWY-5505	group	GERD	0.459331151090983	0.333149870124083	24	24	0.181830027888123	0.568604070260316	Hao_2022	GERD
PWY-6147	group	GERD	0.113901720374896	0.0820092527149564	24	24	0.178767713450527	0.568604070260316	Hao_2022	GERD
ARO-PWY	group	GERD	0.0967183971406536	0.0724215919295314	24	24	0.195369477324172	0.586108431972515	Hao_2022	GERD
COMPLETE-ARO-PWY	group	GERD	0.0967831096462497	0.0716529720913572	24	24	0.190515698421997	0.586108431972515	Hao_2022	GERD
PRPP-PWY	group	GERD	0.0835866653413135	0.0624228439065041	24	24	0.194229913366768	0.586108431972515	Hao_2022	GERD
PWY-6163	group	GERD	0.0925548485945304	0.069164650186627	24	24	0.194505062469211	0.586108431972515	Hao_2022	GERD
PWY-6397	group	GERD	1.14380551029515	0.852845568823772	24	13	0.193550312444558	0.586108431972515	Hao_2022	GERD
GLYOXYLATE-BYPASS	group	GERD	-1.35326508828105	1.02725160648162	24	23	0.20127248779637	0.591934603955945	Hao_2022	GERD
HISTSYN-PWY	group	GERD	-0.249786800217398	0.189983088740357	24	24	0.202124011106908	0.591934603955945	Hao_2022	GERD
PWY-6703	group	GERD	-0.294771613418204	0.224072702556222	24	24	0.201881725883344	0.591934603955945	Hao_2022	GERD
FUCCAT-PWY	group	GERD	-0.423764033593555	0.327920812003294	24	24	0.209671337686255	0.606529481159159	Hao_2022	GERD
GLYCOGENSYNTH-PWY	group	GERD	0.163307226506984	0.128615791819924	24	24	0.217448106370046	0.606529481159159	Hao_2022	GERD
PWY-2942	group	GERD	0.0787842233659683	0.0626072846702926	24	24	0.221443100829682	0.606529481159159	Hao_2022	GERD
PWY-5005	group	GERD	0.816391140407165	0.644364758168721	24	24	0.218414692748053	0.606529481159159	Hao_2022	GERD
PWY-5918	group	GERD	0.166371699187562	0.129367835084211	24	24	0.211801632117827	0.606529481159159	Hao_2022	GERD
PWY-6609	group	GERD	0.214170013387367	0.170373087108178	24	24	0.221912634882929	0.606529481159159	Hao_2022	GERD
PWY-7197	group	GERD	0.119757799293175	0.0932601707461814	24	24	0.212457138287161	0.606529481159159	Hao_2022	GERD
PWY-7663	group	GERD	0.0588830204262333	0.0467906818231142	24	24	0.221426332187527	0.606529481159159	Hao_2022	GERD
SER-GLYSYN-PWY	group	GERD	-0.107287323121221	0.0856596484746293	24	24	0.22354474102343	0.606529481159159	Hao_2022	GERD
TCA-GLYOX-BYPASS	group	GERD	-1.1399213844784	0.908245759383683	24	23	0.222618539127014	0.606529481159159	Hao_2022	GERD
PWY-7090	group	GERD	-1.30255319786253	1.04873593962181	24	16	0.227306410949067	0.612234055767926	Hao_2022	GERD
PWY-6897	group	GERD	-0.181457156244813	0.147598129323285	24	24	0.231908817763113	0.62010401271441	Hao_2022	GERD
GLYCOCAT-PWY	group	GERD	-0.217847549359103	0.18020819043177	24	24	0.239546883254877	0.630525779019561	Hao_2022	GERD
GLYCOLYSIS-TCA-GLYOX-BYPASS	group	GERD	-0.974394136208658	0.811530249404344	24	23	0.242641356695874	0.630525779019561	Hao_2022	GERD
PWY-7184	group	GERD	0.101670229133491	0.0846557615214056	24	24	0.242528544127986	0.630525779019561	Hao_2022	GERD
PWY-7234	group	GERD	0.114983570385199	0.0949140556640825	24	24	0.238575639711791	0.630525779019561	Hao_2022	GERD
ARGSYNBSUB-PWY	group	GERD	-0.21243083385942	0.180552443557945	24	24	0.251945120451776	0.632449250734546	Hao_2022	GERD
HCAMHPDEG-PWY	group	GERD	-0.822601452445693	0.699167363320639	24	4	0.251951327528396	0.632449250734546	Hao_2022	GERD
PWY-5837	group	GERD	-0.260951091372283	0.219484055569541	24	24	0.247142589350268	0.632449250734546	Hao_2022	GERD
PWY-6690	group	GERD	-0.822601452445693	0.699167363320639	24	4	0.251951327528396	0.632449250734546	Hao_2022	GERD
PWY-7208	group	GERD	0.0995212482085323	0.083538618327592	24	24	0.246222345499078	0.632449250734546	Hao_2022	GERD
THRESYN-PWY	group	GERD	0.0800041651449299	0.0698849089603691	24	24	0.264594807207056	0.659699215266242	Hao_2022	GERD
PWY-5747	group	GERD	-0.998811072148469	0.878863272989312	24	22	0.267983875746204	0.663664766109727	Hao_2022	GERD
PWY-6737	group	GERD	0.123093276260538	0.110161522768256	24	24	0.275882607498363	0.669741330045369	Hao_2022	GERD
PWY0-1277	group	GERD	-0.631638942303462	0.563820372273097	24	4	0.27467406165197	0.669741330045369	Hao_2022	GERD
TRPSYN-PWY	group	GERD	0.0982572697940909	0.0876363263974299	24	24	0.274295224782536	0.669741330045369	Hao_2022	GERD
P105-PWY	group	GERD	-0.915286560103877	0.824583606135838	24	23	0.278985455207397	0.670611850711732	Hao_2022	GERD
PWY-5507	group	GERD	0.872416878225739	0.787459082242972	24	11	0.27987594853552	0.670611850711732	Hao_2022	GERD
PWY-5188	group	GERD	-0.171587396453644	0.159340621017018	24	24	0.293210581743513	0.698030352666816	Hao_2022	GERD
P562-PWY	group	GERD	1.02265688814244	0.9690492501244	24	24	0.302731240214103	0.716075818198743	Hao_2022	GERD
P164-PWY	group	GERD	0.491674745499176	0.467855133620208	24	24	0.304706213605564	0.716156642168491	Hao_2022	GERD
GLYCOLYSIS	group	GERD	0.0710945240027057	0.0692375993251996	24	24	0.315663626603322	0.737214419092568	Hao_2022	GERD
PWY-5920	group	GERD	-0.681569182423885	0.666975611203239	24	22	0.317943851460588	0.737869693012308	Hao_2022	GERD
ECASYN-PWY	group	GERD	-1.68192710939607	1.65400870846101	24	14	0.320264246184611	0.738609417763258	Hao_2022	GERD
PWYG-321	group	GERD	-0.513922039917095	0.51096428504676	24	24	0.325452333169968	0.745912490308809	Hao_2022	GERD
PWY-6630	group	GERD	0.0758697652428424	0.0785784583546634	24	24	0.34477458601069	0.759405587499822	Hao_2022	GERD
PWY-7007	group	GERD	1.03269215827918	1.07040173433325	24	15	0.345145831235044	0.759405587499822	Hao_2022	GERD
PWY-7013	group	GERD	0.42856255615974	0.440009612428207	24	24	0.340652654465958	0.759405587499822	Hao_2022	GERD
PWY-7255	group	GERD	0.411777840597962	0.425785223713425	24	4	0.344005018660207	0.759405587499822	Hao_2022	GERD
PWY0-1338	group	GERD	-1.35019324056661	1.40127408008611	24	12	0.345745633333252	0.759405587499822	Hao_2022	GERD
RHAMCAT-PWY	group	GERD	0.655447744447708	0.678970132793085	24	24	0.344859284623642	0.759405587499822	Hao_2022	GERD
THISYN-PWY	group	GERD	-0.169041988556744	0.172723464007828	24	24	0.338375609037514	0.759405587499822	Hao_2022	GERD
MET-SAM-PWY	group	GERD	0.117382045422055	0.123832805798645	24	24	0.353473392230804	0.765093204088717	Hao_2022	GERD
ORNDEG-PWY	group	GERD	-0.957330355151701	1.01883887174134	24	7	0.357611007704405	0.765093204088717	Hao_2022	GERD
PWY-5419	group	GERD	1.29991009629716	1.38663554026235	24	11	0.358702233895252	0.765093204088717	Hao_2022	GERD
PWY0-1586	group	GERD	0.144982858035571	0.154541075662615	24	24	0.358353041122515	0.765093204088717	Hao_2022	GERD
PYRIDNUCSYN-PWY	group	GERD	-0.55867506972577	0.587393713362106	24	24	0.351882340769683	0.765093204088717	Hao_2022	GERD
ARGDEG-PWY	group	GERD	-0.827773185494963	0.898836796448435	24	7	0.367071792214586	0.772816007213752	Hao_2022	GERD
ORNARGDEG-PWY	group	GERD	-0.827773185494963	0.898836796448435	24	7	0.367071792214586	0.772816007213752	Hao_2022	GERD
POLYAMINSYN3-PWY	group	GERD	0.248572944787441	0.270994984428917	24	24	0.368952966561063	0.772816007213752	Hao_2022	GERD
PWY-7373	group	GERD	-0.683799752947851	0.748258401757439	24	23	0.370700361183832	0.772816007213752	Hao_2022	GERD
PWY-5484	group	GERD	0.0732583662810384	0.0814199674578284	24	24	0.377992016211353	0.777504817997039	Hao_2022	GERD
PWY-621	group	GERD	0.196577628402574	0.217401245194141	24	24	0.375676548240737	0.777504817997039	Hao_2022	GERD
PWY-6545	group	GERD	0.517702910870845	0.576952478616137	24	24	0.379270642925385	0.777504817997039	Hao_2022	GERD
FAO-PWY	group	GERD	-1.01974831250287	1.17091240034742	24	23	0.393212834512238	0.791644568676466	Hao_2022	GERD
HISDEG-PWY	group	GERD	-0.371930085840817	0.430422518044	24	24	0.396854258261189	0.791644568676466	Hao_2022	GERD
PWY-5420	group	GERD	1.22263516618529	1.39161799989848	24	11	0.389128987929557	0.791644568676466	Hao_2022	GERD
PWY-6700	group	GERD	-0.104030095088222	0.121297640445217	24	24	0.400336534479473	0.791644568676466	Hao_2022	GERD
PWY-7200	group	GERD	0.107638647229266	0.123543699889451	24	24	0.393021024119951	0.791644568676466	Hao_2022	GERD
PWY-7332	group	GERD	0.56485608402749	0.659822349785278	24	23	0.401185729925472	0.791644568676466	Hao_2022	GERD
PWY-7377	group	GERD	0.237611918310424	0.275829820677233	24	24	0.398285830316977	0.791644568676466	Hao_2022	GERD
PWY-7196	group	GERD	0.0897548627963567	0.106801353554319	24	24	0.409730311046914	0.804204706256974	Hao_2022	GERD
COBALSYN-PWY	group	GERD	0.22732113987026	0.27427811838078	24	24	0.416120524950254	0.812425786807639	Hao_2022	GERD
HEXITOLDEGSUPER-PWY	group	GERD	0.224874415249657	0.274054947393504	24	24	0.42070788475716	0.817058997238906	Hao_2022	GERD
CODH-PWY	group	GERD	-0.742029387417185	0.911757738632543	24	18	0.424455358010784	0.820021084324499	Hao_2022	GERD
PWY-6269	group	GERD	0.222041650718718	0.277578266530224	24	24	0.432307715365361	0.830841390467804	Hao_2022	GERD
PWY-7254	group	GERD	0.203285754944487	0.255616838793869	24	24	0.434950197103058	0.83158871881362	Hao_2022	GERD
PWY-5509	group	GERD	0.216720489231093	0.277652045297678	24	24	0.44338692526549	0.837413042066295	Hao_2022	GERD
PWY-6353	group	GERD	0.584955643460063	0.746257606343291	24	23	0.44148501355036	0.837413042066295	Hao_2022	GERD
PWY0-1061	group	GERD	0.0672897812046307	0.0864808488373441	24	24	0.444804759471528	0.837413042066295	Hao_2022	GERD
SALVADEHYPOX-PWY	group	GERD	0.681603811464012	0.884444818994189	24	23	0.449107814556981	0.841222251632111	Hao_2022	GERD
FUC-RHAMCAT-PWY	group	GERD	-0.533352893134576	0.72239321931157	24	23	0.468127346508567	0.843356163159876	Hao_2022	GERD
LPSSYN-PWY	group	GERD	-0.707653207399045	0.965611195953681	24	7	0.471383745068634	0.843356163159876	Hao_2022	GERD
PWY-5667	group	GERD	0.0541718904687865	0.0724455017751325	24	24	0.462523339878207	0.843356163159876	Hao_2022	GERD
PWY-5677	group	GERD	0.479854535090541	0.643835331253077	24	24	0.463975402238261	0.843356163159876	Hao_2022	GERD
PWY-5695	group	GERD	-0.10231228245818	0.138112486368863	24	24	0.466654831925173	0.843356163159876	Hao_2022	GERD
PWY-5863	group	GERD	-0.141366245721563	0.193656758456042	24	24	0.473102237870175	0.843356163159876	Hao_2022	GERD
PWY-6263	group	GERD	-0.526484838672351	0.720344348319663	24	23	0.472565740061198	0.843356163159876	Hao_2022	GERD
PWY-6628	group	GERD	0.0607125234281041	0.0800053095066235	24	24	0.455992583850233	0.843356163159876	Hao_2022	GERD
PWY-7315	group	GERD	-1.21117245015587	1.59376331875076	24	18	0.455354720862239	0.843356163159876	Hao_2022	GERD
PWY0-1319	group	GERD	0.0541718904687865	0.0724455017751325	24	24	0.462523339878207	0.843356163159876	Hao_2022	GERD
PWY-7371	group	GERD	-0.533851450788613	0.741274286637439	24	23	0.478996200391923	0.849757682426056	Hao_2022	GERD
HOMOSER-METSYN-PWY	group	GERD	0.124250275266161	0.174055962836987	24	24	0.482823757618517	0.852291698207476	Hao_2022	GERD
PWY-6629	group	GERD	-0.724871812903259	1.02066605324251	24	7	0.485044055890433	0.852291698207476	Hao_2022	GERD
PWY-7237	group	GERD	0.698913950744292	0.996241074795515	24	24	0.49031468569043	0.85351842888879	Hao_2022	GERD
PWY-7446	group	GERD	-0.712428199794424	1.01563138209674	24	7	0.490368311448302	0.85351842888879	Hao_2022	GERD
PWY-7616	group	GERD	0.707968676392625	1.01664496076816	24	11	0.49348496170375	0.854910567458609	Hao_2022	GERD
DAPLYSINESYN-PWY	group	GERD	-0.0312305497338467	0.0456802624455908	24	24	0.501317161857549	0.86442071367026	Hao_2022	GERD
ARG+POLYAMINE-SYN	group	GERD	-0.123097989604227	0.196294692535373	24	24	0.537042884138249	0.865366044746786	Hao_2022	GERD
GLUCONEO-PWY	group	GERD	-0.0335101014675454	0.0497537177060274	24	24	0.507631582651181	0.865366044746786	Hao_2022	GERD
METH-ACETATE-PWY	group	GERD	0.806105136189149	1.21610564406309	24	10	0.514307177976166	0.865366044746786	Hao_2022	GERD
NADSYN-PWY	group	GERD	0.513388809236379	0.81740246577165	24	5	0.536421894924983	0.865366044746786	Hao_2022	GERD
P381-PWY	group	GERD	0.881061200135323	1.37112600946164	24	11	0.527135843327019	0.865366044746786	Hao_2022	GERD
PWY-5651	group	GERD	0.515459872001204	0.819428305462921	24	5	0.535795315991166	0.865366044746786	Hao_2022	GERD
PWY-5676	group	GERD	-0.389907636517144	0.608160634681708	24	24	0.528063854690918	0.865366044746786	Hao_2022	GERD
PWY-5860	group	GERD	-0.706723881955927	1.11226382979198	24	22	0.531726630666335	0.865366044746786	Hao_2022	GERD
PWY-5862	group	GERD	-0.706723881955927	1.11226382979198	24	22	0.531726630666335	0.865366044746786	Hao_2022	GERD
PWY-6143	group	GERD	0.63858945669965	0.94235369357752	24	20	0.505056227523391	0.865366044746786	Hao_2022	GERD
PWY-6713	group	GERD	0.217222564908066	0.345456521523123	24	3	0.535955734316303	0.865366044746786	Hao_2022	GERD
PWY-7031	group	GERD	-0.538410678587783	0.805136294087586	24	23	0.510630727336136	0.865366044746786	Hao_2022	GERD
PWY-7199	group	GERD	0.106522687166886	0.160787147843452	24	24	0.514527364858047	0.865366044746786	Hao_2022	GERD
PWY-7242	group	GERD	-0.228900629580327	0.351240502589656	24	24	0.521350412569687	0.865366044746786	Hao_2022	GERD
RIBOSYN2-PWY	group	GERD	-0.0705402102850717	0.106859395855026	24	24	0.516028152961825	0.865366044746786	Hao_2022	GERD
PWY-6892	group	GERD	-0.136761067136675	0.224450113904173	24	24	0.548556450307076	0.880075348536134	Hao_2022	GERD
CHLOROPHYLL-SYN	group	GERD	-0.22733114260448	0.394606295181067	24	3	0.570397450234264	0.888087169352083	Hao_2022	GERD
LEU-DEG2-PWY	group	GERD	0.754873588215153	1.29355127441255	24	12	0.565447265050891	0.888087169352083	Hao_2022	GERD
PWY-5529	group	GERD	-0.224980728349624	0.383000692526101	24	3	0.562905399894715	0.888087169352083	Hao_2022	GERD
PWY-5845	group	GERD	-0.612146081789	1.05807340816894	24	22	0.568770459646807	0.888087169352083	Hao_2022	GERD
PWY-5850	group	GERD	-0.612146081789	1.05807340816894	24	22	0.568770459646807	0.888087169352083	Hao_2022	GERD
PWY-5896	group	GERD	-0.612146081789	1.05807340816894	24	22	0.568770459646807	0.888087169352083	Hao_2022	GERD
PWY-7376	group	GERD	0.839077879509461	1.41917730282057	24	11	0.560384380697772	0.888087169352083	Hao_2022	GERD
ALL-CHORISMATE-PWY	group	GERD	-0.511590902100186	0.905078188451597	24	22	0.57762663766393	0.890460464599205	Hao_2022	GERD
GALACTARDEG-PWY	group	GERD	-0.727833609581402	1.36754325774423	24	8	0.599908173562194	0.890460464599205	Hao_2022	GERD
GLUCARDEG-PWY	group	GERD	-0.726243154217837	1.36822176977817	24	8	0.600879825705155	0.890460464599205	Hao_2022	GERD
GLUCARGALACTSUPER-PWY	group	GERD	-0.727833609581402	1.36754325774423	24	8	0.599908173562194	0.890460464599205	Hao_2022	GERD
KETOGLUCONMET-PWY	group	GERD	-0.759178155542813	1.42285937759175	24	10	0.598997199706618	0.890460464599205	Hao_2022	GERD
PWY-5022	group	GERD	-0.210356823649313	0.387009278508987	24	24	0.592220671684878	0.890460464599205	Hao_2022	GERD
PWY-5178	group	GERD	0.615105052301076	1.14506545231662	24	9	0.596535879091911	0.890460464599205	Hao_2022	GERD
PWY-6338	group	GERD	0.798823580245296	1.45416267528103	24	7	0.588308317944972	0.890460464599205	Hao_2022	GERD
PWY-7097	group	GERD	0.798823580245296	1.45416267528103	24	7	0.588308317944972	0.890460464599205	Hao_2022	GERD
PWY-7098	group	GERD	0.795831854567348	1.45293741947246	24	7	0.589385153442157	0.890460464599205	Hao_2022	GERD
PWY0-1415	group	GERD	-0.183130115607941	0.325615138894457	24	24	0.579521061598503	0.890460464599205	Hao_2022	GERD
PYRIDNUCSAL-PWY	group	GERD	0.0656598553238685	0.121188609566998	24	24	0.593402563419634	0.890460464599205	Hao_2022	GERD
FOLSYN-PWY	group	GERD	0.0354678702544737	0.0695209256262676	24	24	0.615009201371722	0.896989704767453	Hao_2022	GERD
PWY-5104	group	GERD	0.105192315200032	0.206121652915873	24	24	0.614895188615734	0.896989704767453	Hao_2022	GERD
PWY-7211	group	GERD	-0.0271705888556988	0.0530623156613654	24	24	0.613717754114394	0.896989704767453	Hao_2022	GERD
PWY0-1533	group	GERD	-0.794310684734331	1.53640826934668	24	11	0.610320615068013	0.896989704767453	Hao_2022	GERD
PWY-6612	group	GERD	0.039975217571194	0.0789100471809726	24	24	0.617480631255743	0.897048633595942	Hao_2022	GERD
ARGSYN-PWY	group	GERD	-0.0579238124917764	0.117936241155084	24	24	0.628187672039386	0.909024513656994	Hao_2022	GERD
AST-PWY	group	GERD	-0.780964961927995	1.64656573526643	24	15	0.639960319128404	0.90957076326572	Hao_2022	GERD
GLCMANNANAUT-PWY	group	GERD	-0.114552838027552	0.246553163747286	24	24	0.646771011068037	0.90957076326572	Hao_2022	GERD
METHGLYUT-PWY	group	GERD	0.476459497824158	1.07050068917437	24	6	0.660609660041227	0.90957076326572	Hao_2022	GERD
P184-PWY	group	GERD	0.638030882672631	1.42667628798158	24	9	0.6590919159638	0.90957076326572	Hao_2022	GERD
PWY-5265	group	GERD	0.304605333687798	0.65440523591761	24	10	0.646170556721926	0.90957076326572	Hao_2022	GERD
PWY-5838	group	GERD	-0.0539483872291965	0.120866074724781	24	24	0.659707980210079	0.90957076326572	Hao_2022	GERD
PWY-6107	group	GERD	0.391306653553765	0.844794763501517	24	7	0.647772490665597	0.90957076326572	Hao_2022	GERD
PWY-6317	group	GERD	0.0729862311578678	0.162653641327144	24	24	0.658021046584977	0.90957076326572	Hao_2022	GERD
PWY-6901	group	GERD	-0.225998869299004	0.482625497422042	24	24	0.644198000261001	0.90957076326572	Hao_2022	GERD
PWY-7198	group	GERD	-0.406810469550644	0.90388271255748	24	6	0.6570635853024	0.90957076326572	Hao_2022	GERD
PWY-7210	group	GERD	-0.40198989111665	0.898195707791818	24	6	0.658851805902185	0.90957076326572	Hao_2022	GERD
PWY-7400	group	GERD	-0.0547770515525805	0.119387981985018	24	24	0.650867395656053	0.90957076326572	Hao_2022	GERD
PWY0-781	group	GERD	0.031774086556067	0.0701477129454349	24	24	0.655013395375335	0.90957076326572	Hao_2022	GERD
PWY-7374	group	GERD	0.366476734662129	0.83857234257183	24	5	0.666353192990748	0.914068134622997	Hao_2022	GERD
CENTFERM-PWY	group	GERD	0.364944833127827	0.890443497745666	24	22	0.685882258514267	0.914890903565434	Hao_2022	GERD
FERMENTATION-PWY	group	GERD	-0.0234304611836218	0.0542145879880891	24	24	0.669817102605267	0.914890903565434	Hao_2022	GERD
P101-PWY	group	GERD	0.427469672869477	1.02273201437509	24	6	0.680021673442806	0.914890903565434	Hao_2022	GERD
P162-PWY	group	GERD	0.276262944573022	0.67967861444137	24	24	0.688330697039321	0.914890903565434	Hao_2022	GERD
PWY-4361	group	GERD	-0.0905890946598053	0.223248985135334	24	3	0.688826651789541	0.914890903565434	Hao_2022	GERD
PWY-5430	group	GERD	0.538784687725291	1.25573929223853	24	10	0.672053526410118	0.914890903565434	Hao_2022	GERD
PWY-6071	group	GERD	-0.628737101381551	1.4791086203311	24	10	0.674908400606572	0.914890903565434	Hao_2022	GERD
PWY-6590	group	GERD	0.364087900394694	0.881647848272624	24	22	0.683630921627415	0.914890903565434	Hao_2022	GERD
PWY-7527	group	GERD	-0.0903463609956027	0.222985261099347	24	3	0.689267401602143	0.914890903565434	Hao_2022	GERD
3-HYDROXYPHENYLACETATE-DEGRADATION-PWY	group	GERD	-0.638025734059043	1.6042714538657	24	11	0.694680826185922	0.915490088795019	Hao_2022	GERD
P42-PWY	group	GERD	0.0893049344707788	0.223101614814855	24	24	0.692804724731365	0.915490088795019	Hao_2022	GERD
CATECHOL-ORTHO-CLEAVAGE-PWY	group	GERD	-0.509788377829288	1.45301788339209	24	11	0.729039797205079	0.918650755084073	Hao_2022	GERD
CRNFORCAT-PWY	group	GERD	0.352066476491943	1.11807943536571	24	6	0.755816066704805	0.918650755084073	Hao_2022	GERD
GALACTUROCAT-PWY	group	GERD	-0.166463119138615	0.503517297641354	24	24	0.744074081405506	0.918650755084073	Hao_2022	GERD
GALLATE-DEGRADATION-I-PWY	group	GERD	-0.576284043911877	1.63905346936743	24	10	0.728486719741712	0.918650755084073	Hao_2022	GERD
GALLATE-DEGRADATION-II-PWY	group	GERD	-0.59213999482799	1.81975110611787	24	8	0.747955740997159	0.918650755084073	Hao_2022	GERD
HSERMETANA-PWY	group	GERD	-0.0412648088499315	0.11131745409794	24	24	0.71441020557097	0.918650755084073	Hao_2022	GERD
METHYLGALLATE-DEGRADATION-PWY	group	GERD	-0.566115872236433	1.63210506807337	24	10	0.731990637462965	0.918650755084073	Hao_2022	GERD
P4-PWY	group	GERD	0.0228677707074341	0.0662224599120532	24	24	0.733135630030999	0.918650755084073	Hao_2022	GERD
POLYISOPRENSYN-PWY	group	GERD	0.0262223822099325	0.0836350488099072	24	24	0.756828806356526	0.918650755084073	Hao_2022	GERD
PWY-5088	group	GERD	0.270135745751054	0.780553497985429	24	12	0.732568705560104	0.918650755084073	Hao_2022	GERD
PWY-5181	group	GERD	-0.501274315138738	1.57827563379137	24	11	0.753776525711356	0.918650755084073	Hao_2022	GERD
PWY-5415	group	GERD	0.504788884853597	1.54173700015189	24	11	0.746448676103783	0.918650755084073	Hao_2022	GERD
PWY-5417	group	GERD	-0.523134121111549	1.44353987244587	24	11	0.720513692601014	0.918650755084073	Hao_2022	GERD
PWY-5431	group	GERD	-0.523134121111549	1.44353987244587	24	11	0.720513692601014	0.918650755084073	Hao_2022	GERD
PWY-5531	group	GERD	-0.139869706181436	0.364917491761125	24	4	0.705182548600955	0.918650755084073	Hao_2022	GERD
PWY-5897	group	GERD	-0.0416567411381714	0.121299342244683	24	24	0.734541993980037	0.918650755084073	Hao_2022	GERD
PWY-5898	group	GERD	-0.0416567411381714	0.121299342244683	24	24	0.734541993980037	0.918650755084073	Hao_2022	GERD
PWY-5899	group	GERD	-0.0416567411381714	0.121299342244683	24	24	0.734541993980037	0.918650755084073	Hao_2022	GERD
PWY-6182	group	GERD	-0.513709246177974	1.42915094044777	24	11	0.722685210907322	0.918650755084073	Hao_2022	GERD
PWY-6185	group	GERD	-0.506459762096134	1.59075115706633	24	11	0.753201130027823	0.918650755084073	Hao_2022	GERD
PWY-6969	group	GERD	0.0640782067587226	0.197912891235996	24	24	0.74917017297449	0.918650755084073	Hao_2022	GERD
PWY-7159	group	GERD	-0.139869706181436	0.364917491761125	24	4	0.705182548600955	0.918650755084073	Hao_2022	GERD
PWY0-321	group	GERD	-0.507817754142254	1.57360788874694	24	11	0.749962437365725	0.918650755084073	Hao_2022	GERD
REDCITCYC	group	GERD	0.114510199931034	0.36351519690149	24	24	0.755723940141111	0.918650755084073	Hao_2022	GERD
ASPASN-PWY	group	GERD	-0.0581608257304954	0.190627933825202	24	24	0.7631568536115	0.919141833355389	Hao_2022	GERD
PENTOSE-P-PWY	group	GERD	0.0294670928203418	0.0998285379472631	24	24	0.770626378607781	0.919141833355389	Hao_2022	GERD
PWY-3781	group	GERD	-0.174922891731488	0.640841079488623	24	24	0.787431130835085	0.919141833355389	Hao_2022	GERD
PWY-5028	group	GERD	0.293970009910027	1.02770362487256	24	11	0.777519450317297	0.919141833355389	Hao_2022	GERD
PWY-5180	group	GERD	0.402677228476904	1.42703925410624	24	11	0.780445574809485	0.919141833355389	Hao_2022	GERD
PWY-5182	group	GERD	0.402677228476904	1.42703925410624	24	11	0.780445574809485	0.919141833355389	Hao_2022	GERD
PWY-5347	group	GERD	0.0260863257322212	0.0959428613855986	24	24	0.788238536308734	0.919141833355389	Hao_2022	GERD
PWY-5741	group	GERD	-0.0985877058821142	0.365029762173343	24	4	0.789615070931323	0.919141833355389	Hao_2022	GERD
PWY-6507	group	GERD	0.0909810531776114	0.31468276340103	24	24	0.7751965697623	0.919141833355389	Hao_2022	GERD
PWY-6876	group	GERD	0.252031434783159	0.834050021564641	24	5	0.765354780285705	0.919141833355389	Hao_2022	GERD
PWY-7347	group	GERD	0.309724563030641	1.12217014294232	24	5	0.785120338843692	0.919141833355389	Hao_2022	GERD
PWY0-41	group	GERD	0.25458708264795	0.848142122729262	24	21	0.766865276418355	0.919141833355389	Hao_2022	GERD
SUCSYN-PWY	group	GERD	0.311401775353314	1.119420773399	24	5	0.783471039379921	0.919141833355389	Hao_2022	GERD
PWY-7539	group	GERD	-0.0252932333150405	0.0958823696285479	24	24	0.794393555185624	0.921796295168224	Hao_2022	GERD
COLANSYN-PWY	group	GERD	-0.105557785318367	0.40655384104892	24	24	0.797555488211557	0.922314720105235	Hao_2022	GERD
P461-PWY	group	GERD	-0.112786727228558	0.4423866404614	24	24	0.801129476202819	0.922314720105235	Hao_2022	GERD
PWY-1622	group	GERD	-0.0842575836672402	0.332554159002052	24	4	0.80233882155496	0.922314720105235	Hao_2022	GERD
DENITRIFICATION-PWY	group	GERD	-0.231841477736941	0.957821823955016	24	23	0.810982932283302	0.929356217430244	Hao_2022	GERD
PWY-6151	group	GERD	0.0228248526796822	0.0969595563361941	24	24	0.816071178397769	0.932291841575161	Hao_2022	GERD
PWY-5654	group	GERD	0.193915371621263	0.867929640862876	24	4	0.825267952434089	0.936996536763627	Hao_2022	GERD
PWY-5705	group	GERD	0.190120443975712	0.83951794330834	24	22	0.82293161324694	0.936996536763627	Hao_2022	GERD
PWY-6588	group	GERD	0.180330978267945	0.820095428212069	24	24	0.82798419944503	0.937196839249129	Hao_2022	GERD
CALVIN-PWY	group	GERD	-0.0132884547242421	0.064778418481176	24	24	0.83935120307381506	0.937900119998202	Hao_2022	GERD
GALACT-GLUCUROCAT-PWY	group	GERD	0.10077247700901	0.52287177715623	24	24	0.848939404009213	0.937900119998202	Hao_2022	GERD
HEMESYN2-PWY	group	GERD	0.0263195864946703	0.129195163721266	24	24	0.84044526620901	0.937900119998202	Hao_2022	GERD
P281-PWY	group	GERD	0.299293773077602	1.52876062828663	24	11	0.846582943061716	0.937900119998202	Hao_2022	GERD
PWY-1361	group	GERD	0.275805597606334	1.37808648705895	24	8	0.843212206873017	0.937900119998202	Hao_2022	GERD
PWY-5647	group	GERD	0.162080060823962	0.797558425962513	24	4	0.840830723684959	0.937900119998202	Hao_2022	GERD
PWY-5655	group	GERD	0.152019930543909	0.774637764210365	24	4	0.84621873280215	0.937900119998202	Hao_2022	GERD
PWY-6339	group	GERD	0.222743309397323	1.09192331756014	24	6	0.840235207942901	0.937900119998202	Hao_2022	GERD
DHGLUCONATE-PYR-CAT-PWY	group	GERD	-0.093789027366246	0.678489364315733	24	8	0.891314421853388	0.946829875481881	Hao_2022	GERD
PHOSLIPSYN-PWY	group	GERD	-0.00861193092140872	0.0629653172895265	24	24	0.892454473283585	0.946829875481881	Hao_2022	GERD
PROTOCATECHUATE-ORTHO-CLEAVAGE-PWY	group	GERD	-0.225733276252429	1.35628940613419	24	12	0.869335239535563	0.946829875481881	Hao_2022	GERD
PWY-1861	group	GERD	0.125505330403705	0.864280825483403	24	22	0.885864438418155	0.946829875481881	Hao_2022	GERD
PWY-5121	group	GERD	-0.0147191135541452	0.095649426781483	24	24	0.879102474395385	0.946829875481881	Hao_2022	GERD
PWY-5177	group	GERD	0.122236750453939	0.897846287563159	24	23	0.892945248421937	0.946829875481881	Hao_2022	GERD
PWY-6608	group	GERD	0.0912736065296395	0.572935478659027	24	24	0.874879166332992	0.946829875481881	Hao_2022	GERD
PWY-6728	group	GERD	0.179551904246249	1.04045784778715	24	5	0.864567112290812	0.946829875481881	Hao_2022	GERD
PWY-7431	group	GERD	0.140302925925872	0.930068589636221	24	10	0.881466919966386	0.946829875481881	Hao_2022	GERD
PWY0-42	group	GERD	0.259667156963004	1.48018699145747	24	20	0.862347483360679	0.946829875481881	Hao_2022	GERD
PWY0-862	group	GERD	0.0241615103605834	0.151521453217137	24	24	0.874761900559607	0.946829875481881	Hao_2022	GERD
RUMP-PWY	group	GERD	0.129945689481226	0.861621086956967	24	22	0.881495670763104	0.946829875481881	Hao_2022	GERD
TCA	group	GERD	0.0329919308703302	0.23118515114924	24	24	0.887819882390176	0.946829875481881	Hao_2022	GERD
TYRFUMCAT-PWY	group	GERD	0.168640094535562	1.20281173585959	24	20	0.88977383949901	0.946829875481881	Hao_2022	GERD
PWY-7094	group	GERD	0.15368570759275	1.22448456720964	24	21	0.901259286880646	0.952907383550024	Hao_2022	GERD
GLUCUROCAT-PWY	group	GERD	0.0615475062954653	0.516490812702159	24	24	0.906226277748975	0.955421418541063	Hao_2022	GERD
GOLPDLCAT-PWY	group	GERD	0.125573597775883	1.10556856747193	24	16	0.910598657625296	0.957296024683004	Hao_2022	GERD
PWY-5183	group	GERD	-0.0703527990497445	0.662811727075614	24	5	0.916430839836719	0.960690283806106	Hao_2022	GERD
AEROBACTINSYN-PWY	group	GERD	-0.049524134189249	0.487564161913997	24	6	0.920014431583687	0.961445174091876	Hao_2022	GERD
THREOCAT-PWY	group	GERD	-0.134283623072971	1.36213663139732	24	9	0.92236203693367	0.961445174091876	Hao_2022	GERD
P341-PWY	group	GERD	0.068961965379224	0.95344890220128	24	7	0.942993668671559	0.969260901782187	Hao_2022	GERD
P441-PWY	group	GERD	0.0101352456375077	0.123776228457152	24	24	0.935479677402906	0.969260901782187	Hao_2022	GERD
PWY-4984	group	GERD	-0.0824119710115315	1.05978427705303	24	23	0.938719534732202	0.969260901782187	Hao_2022	GERD
PWY-722	group	GERD	0.0400159177662351	0.540759157670332	24	5	0.941679491380334	0.969260901782187	Hao_2022	GERD
PWY-7323	group	GERD	-0.0391937257964464	0.467815949418334	24	24	0.933988853864658	0.969260901782187	Hao_2022	GERD
PWY-5384	group	GERD	-0.0140157817136383	0.267612118156366	24	24	0.958703749585886	0.982671343325534	Hao_2022	GERD
PWY-6906	group	GERD	0.00754112069365042	0.171800305643639	24	3	0.965384327486453	0.983088211742732	Hao_2022	GERD
PWY4FS-7	group	GERD	-0.00292769930367444	0.0701852106715481	24	24	0.967103037568054	0.983088211742732	Hao_2022	GERD
PWY4FS-8	group	GERD	-0.00292769930367458	0.0701852106715481	24	24	0.967103037568052	0.983088211742732	Hao_2022	GERD
PWY-7391	group	GERD	-0.0176231056078646	0.497667172277332	24	8	0.972071014496881	0.985423638322387	Hao_2022	GERD
PWY-5840	group	GERD	0.002543935588861	0.111476827263661	24	24	0.98199932887366	0.992760965354467	Hao_2022	GERD
P163-PWY	group	GERD	-0.0124309540768056	0.968403681785668	24	24	0.989873901364793	0.995268309546617	Hao_2022	GERD
POLYAMSYN-PWY	group	GERD	-0.00368290472029394	0.266030016697783	24	24	0.98907926343098	0.995268309546617	Hao_2022	GERD
PWY-181	group	GERD	0.00933356218109451	1.27175784224299	24	7	0.994210440560586	0.996912099366457	Hao_2022	GERD
PWY-6944	group	GERD	0.00149820111666374	0.582993085990778	24	6	0.997972724347368	0.997972724347368	Hao_2022	GERD
ANAGLYCOLYSIS-PWY	group	GERD	-0.0331874478894611	0.0166674096891334	128	128	0.0486267277929378	0.92306175659866	Kawar_2021	GERD
CALVIN-PWY	group	GERD	-0.0287917630146814	0.0189088542117754	128	128	0.130349523356235	0.92306175659866	Kawar_2021	GERD
CATECHOL-ORTHO-CLEAVAGE-PWY	group	GERD	0.598114154795092	0.509100512995537	128	84	0.242272238402512	0.92306175659866	Kawar_2021	GERD
COA-PWY	group	GERD	-0.0270993857235821	0.0193976812917359	128	128	0.1648563223709	0.92306175659866	Kawar_2021	GERD
DTDPRHAMSYN-PWY	group	GERD	-0.0436038937662914	0.0229289269365971	128	128	0.059493791740526	0.92306175659866	Kawar_2021	GERD
FAO-PWY	group	GERD	0.303285168778436	0.254939679230869	128	128	0.23642674156007	0.92306175659866	Kawar_2021	GERD
FERMENTATION-PWY	group	GERD	-0.0368402462473416	0.0255962451961693	128	128	0.15254998207456	0.92306175659866	Kawar_2021	GERD
FOLSYN-PWY	group	GERD	-0.0243375459290491	0.0133963883238765	128	128	0.0716361835559104	0.92306175659866	Kawar_2021	GERD
FUC-RHAMCAT-PWY	group	GERD	-0.550330199919545	0.279776830622324	128	123	0.0513768958247653	0.92306175659866	Kawar_2021	GERD
GALLATE-DEGRADATION-II-PWY	group	GERD	0.458989007582567	0.334144886449804	128	30	0.171997880051468	0.92306175659866	Kawar_2021	GERD
GLCMANNANAUT-PWY	group	GERD	-0.162052673240945	0.101113346932611	128	128	0.1115085772376	0.92306175659866	Kawar_2021	GERD
GLYCOGENSYNTH-PWY	group	GERD	-0.0572076506238355	0.0242206765703846	128	128	0.0197120036280755	0.92306175659866	Kawar_2021	GERD
GLYCOL-GLYOXDEG-PWY	group	GERD	-0.621925947719319	0.338373734071325	128	123	0.0684200331229847	0.92306175659866	Kawar_2021	GERD
GLYCOLYSIS	group	GERD	-0.0212740955164264	0.012896597938959	128	128	0.101517757449961	0.92306175659866	Kawar_2021	GERD
GOLPDLCAT-PWY	group	GERD	0.754477720251257	0.683962656668919	128	54	0.272087074259109	0.92306175659866	Kawar_2021	GERD
ILEUSYN-PWY	group	GERD	0.0411912697072343	0.0307094893655652	128	128	0.182229100086193	0.92306175659866	Kawar_2021	GERD
LACTOSECAT-PWY	group	GERD	-0.125249729056988	0.0995237113992298	128	128	0.210541020890231	0.92306175659866	Kawar_2021	GERD
LEU-DEG2-PWY	group	GERD	0.503063238420528	0.349745968156295	128	126	0.152809046475036	0.92306175659866	Kawar_2021	GERD
MET-SAM-PWY	group	GERD	-0.024589771190836	0.0220428268558115	128	128	0.266739892225963	0.92306175659866	Kawar_2021	GERD
NONOXIPENT-PWY	group	GERD	-0.0297057993675136	0.0206547501534661	128	128	0.152854586731024	0.92306175659866	Kawar_2021	GERD
OANTIGEN-PWY	group	GERD	-0.0243436747280099	0.0156117497688976	128	128	0.121429485654263	0.92306175659866	Kawar_2021	GERD
P101-PWY	group	GERD	0.94678693357217	0.416543742703585	128	59	0.0247220584368842	0.92306175659866	Kawar_2021	GERD
P281-PWY	group	GERD	0.675243890922555	0.458872032915461	128	104	0.143641084141652	0.92306175659866	Kawar_2021	GERD
P381-PWY	group	GERD	0.762474366390089	0.403253548591002	128	117	0.0609465329598246	0.92306175659866	Kawar_2021	GERD
P4-PWY	group	GERD	0.0283518090175244	0.0226107984734604	128	128	0.21219770021576	0.92306175659866	Kawar_2021	GERD
P562-PWY	group	GERD	0.21465493295004	0.127662381761788	128	128	0.0951571401373902	0.92306175659866	Kawar_2021	GERD
PEPTIDOGLYCANSYN-PWY	group	GERD	-0.0262365585407286	0.0185528423817623	128	128	0.15978316799863	0.92306175659866	Kawar_2021	GERD
POLYAMINSYN3-PWY	group	GERD	-0.139032162796665	0.117037844477484	128	128	0.237097448154365	0.92306175659866	Kawar_2021	GERD
POLYISOPRENSYN-PWY	group	GERD	-0.0421197822290195	0.0299183827923601	128	128	0.161645931823716	0.92306175659866	Kawar_2021	GERD
PROTOCATECHUATE-ORTHO-CLEAVAGE-PWY	group	GERD	0.822710389460131	0.401717362434401	128	126	0.042639361636932	0.92306175659866	Kawar_2021	GERD
PRPP-PWY	group	GERD	0.0408712174540737	0.0232210090117294	128	128	0.0808180894031493	0.92306175659866	Kawar_2021	GERD
PWY-2942	group	GERD	-0.0146197887076827	0.0131275026261445	128	128	0.267538059260886	0.92306175659866	Kawar_2021	GERD
PWY-3781	group	GERD	0.21385575041086	0.177947767735139	128	128	0.231699028081821	0.92306175659866	Kawar_2021	GERD
PWY-5022	group	GERD	0.516855546458407	0.279309147932334	128	128	0.066586854680898	0.92306175659866	Kawar_2021	GERD
PWY-5101	group	GERD	0.0376635002693085	0.0309824802177947	128	128	0.226395359048116	0.92306175659866	Kawar_2021	GERD
PWY-5177	group	GERD	0.296512268587562	0.234742479032601	128	128	0.208871790619107	0.92306175659866	Kawar_2021	GERD
PWY-5180	group	GERD	0.471234885769006	0.42433999787904497	128	110	0.268892984362385	0.92306175659866	Kawar_2021	GERD
PWY-5181	group	GERD	0.659990285739804	0.497617183663548	128	73	0.187139008697145	0.92306175659866	Kawar_2021	GERD
PWY-5182	group	GERD	0.471234885769006	0.42433999787904497	128	110	0.268892984362385	0.92306175659866	Kawar_2021	GERD
PWY-5189	group	GERD	0.0713909595980363	0.0636617969379225	128	128	0.2642461423201	0.92306175659866	Kawar_2021	GERD
PWY-5345	group	GERD	0.229059658510765	0.197937316408986	128	128	0.249366164724805	0.92306175659866	Kawar_2021	GERD
PWY-5417	group	GERD	0.659136927201617	0.498852498014032	128	81	0.188793612399585	0.92306175659866	Kawar_2021	GERD
PWY-5419	group	GERD	0.751744477260522	0.484805189512254	128	111	0.123502990618732	0.92306175659866	Kawar_2021	GERD
PWY-5420	group	GERD	0.642903142771823	0.542102379898642	128	102	0.237875950082459	0.92306175659866	Kawar_2021	GERD
PWY-5431	group	GERD	0.659136927201617	0.498852498014032	128	81	0.188793612399585	0.92306175659866	Kawar_2021	GERD
PWY-5507	group	GERD	0.604567655574356	0.353101314618102	128	124	0.089326369600606	0.92306175659866	Kawar_2021	GERD
PWY-5532	group	GERD	-0.22224702543382	0.135119252665324	128	14	0.102499277610675	0.92306175659866	Kawar_2021	GERD
PWY-5654	group	GERD	0.599138452969647	0.517760301725976	128	99	0.249390546692884	0.92306175659866	Kawar_2021	GERD
PWY-5676	group	GERD	0.356967013052133	0.32201679062398	128	126	0.269742129305801	0.92306175659866	Kawar_2021	GERD
PWY-5686	group	GERD	-0.0288055317330204	0.0160708266548072	128	128	0.0754666577185665	0.92306175659866	Kawar_2021	GERD
PWY-5838	group	GERD	-0.116430033262268	0.104091317063974	128	128	0.265465500818983	0.92306175659866	Kawar_2021	GERD
PWY-5840	group	GERD	-0.124657131031082	0.104428911586082	128	128	0.234836693601732	0.92306175659866	Kawar_2021	GERD
PWY-5861	group	GERD	-0.132073633726914	0.117390124349398	128	128	0.262692475389454	0.92306175659866	Kawar_2021	GERD
PWY-5897	group	GERD	-0.127426033085464	0.108566430071849	128	128	0.24272306658503	0.92306175659866	Kawar_2021	GERD
PWY-5898	group	GERD	-0.127426033085464	0.108566430071849	128	128	0.24272306658503	0.92306175659866	Kawar_2021	GERD
PWY-5899	group	GERD	-0.127426033085464	0.108566430071849	128	128	0.24272306658503	0.92306175659866	Kawar_2021	GERD
PWY-5920	group	GERD	0.379331152873217	0.292580346835673	128	128	0.19717188262447	0.92306175659866	Kawar_2021	GERD
PWY-6107	group	GERD	0.638986613838632	0.524960677607935	128	66	0.225799734230833	0.92306175659866	Kawar_2021	GERD
PWY-6121	group	GERD	-0.0264098701687491	0.0130898932860879	128	128	0.0457595814746944	0.92306175659866	Kawar_2021	GERD
PWY-6122	group	GERD	-0.0257239616886164	0.0139737549934644	128	128	0.0679920523452875	0.92306175659866	Kawar_2021	GERD
PWY-6123	group	GERD	-0.0351239480481506	0.0183096618043817	128	128	0.0573317298909312	0.92306175659866	Kawar_2021	GERD
PWY-6126	group	GERD	-0.0360268904271274	0.0217122342210348	128	128	0.0995444824372723	0.92306175659866	Kawar_2021	GERD
PWY-6151	group	GERD	-0.0405345672124237	0.028053269755979	128	128	0.150964349052178	0.92306175659866	Kawar_2021	GERD
PWY-6182	group	GERD	0.647592314117203	0.494371542518706	128	81	0.192602603514211	0.92306175659866	Kawar_2021	GERD
PWY-6277	group	GERD	-0.0257239616886164	0.0139737549934644	128	128	0.0679920523452875	0.92306175659866	Kawar_2021	GERD
PWY-6317	group	GERD	-0.0564426941776431	0.0363259646251998	128	128	0.122744229692545	0.92306175659866	Kawar_2021	GERD
PWY-6353	group	GERD	0.486805798241147	0.309996973841114	128	127	0.118840050089357	0.92306175659866	Kawar_2021	GERD
PWY-6385	group	GERD	-0.0262084391483326	0.0187487020684589	128	128	0.164605138564153	0.92306175659866	Kawar_2021	GERD
PWY-6386	group	GERD	-0.026953004040468	0.0177952233322308	128	128	0.132373180858738	0.92306175659866	Kawar_2021	GERD
PWY-6387	group	GERD	-0.0254108164872378	0.0191542014128783	128	128	0.187025691355467	0.92306175659866	Kawar_2021	GERD
PWY-6397	group	GERD	0.66409307076157	0.517638436326367	128	104	0.201872022480532	0.92306175659866	Kawar_2021	GERD
PWY-6507	group	GERD	-0.255322854535513	0.152205508899725	128	128	0.0959261619589925	0.92306175659866	Kawar_2021	GERD
PWY-6572	group	GERD	-0.789700391117162	0.522272225985359	128	109	0.133025885112687	0.92306175659866	Kawar_2021	GERD
PWY-6609	group	GERD	-0.0414729413790775	0.0227991762462278	128	128	0.0712777230517817	0.92306175659866	Kawar_2021	GERD
PWY-6612	group	GERD	-0.0226966196960259	0.0168464691049806	128	128	0.180313493565688	0.92306175659866	Kawar_2021	GERD
PWY-6641	group	GERD	-0.773512868469972	0.357231179016	128	30	0.0322487362906054	0.92306175659866	Kawar_2021	GERD
PWY-6737	group	GERD	-0.0556123313076641	0.0329304730787194	128	128	0.093734885458106	0.92306175659866	Kawar_2021	GERD
PWY-6749	group	GERD	-0.84163879804088	0.483792738856318	128	106	0.0843592169008425	0.92306175659866	Kawar_2021	GERD
PWY-7003	group	GERD	0.349192067042793	0.230089235378708	128	128	0.131610856402051	0.92306175659866	Kawar_2021	GERD
PWY-7046	group	GERD	0.414269407869543	0.248863199173321	128	21	0.0984680154868047	0.92306175659866	Kawar_2021	GERD
PWY-7090	group	GERD	-0.409256651802593	0.314505099528795	128	125	0.195539827795042	0.92306175659866	Kawar_2021	GERD
PWY-7094	group	GERD	0.37689086950033	0.289110321577238	128	128	0.194738994160345	0.92306175659866	Kawar_2021	GERD
PWY-7111	group	GERD	0.0644004049758223	0.0449459696384171	128	128	0.154379903297818	0.92306175659866	Kawar_2021	GERD
PWY-7211	group	GERD	0.07108690336049	0.0359540415250443	128	128	0.0502067635727302	0.92306175659866	Kawar_2021	GERD
PWY-7219	group	GERD	-0.0290244228396604	0.0161178563961409	128	128	0.074132386578144	0.92306175659866	Kawar_2021	GERD
PWY-7220	group	GERD	-0.044219270812034	0.0300906022198034	128	128	0.144179526919838	0.92306175659866	Kawar_2021	GERD
PWY-7222	group	GERD	-0.044219270812034	0.0300906022198034	128	128	0.144179526919838	0.92306175659866	Kawar_2021	GERD
PWY-7229	group	GERD	-0.0324521080399336	0.019870762765797	128	128	0.104932098873407	0.92306175659866	Kawar_2021	GERD
PWY-7237	group	GERD	0.26142760978672003	0.128107383936143	128	128	0.0433705672017346	0.92306175659866	Kawar_2021	GERD
PWY-7254	group	GERD	0.141270472077936	0.0676500759120558	128	128	0.038788531282523	0.92306175659866	Kawar_2021	GERD
PWY-7315	group	GERD	0.647456831823022	0.53797054377283	128	98	0.2310325184193	0.92306175659866	Kawar_2021	GERD
PWY-7328	group	GERD	0.23191448042206	0.119884600262777	128	128	0.0552955214664234	0.92306175659866	Kawar_2021	GERD
PWY-7376	group	GERD	0.821608307499414	0.415116623062132	128	117	0.0499712465264688	0.92306175659866	Kawar_2021	GERD
PWY-7616	group	GERD	0.563036894444595	0.475396299699616	128	41	0.238502777559338	0.92306175659866	Kawar_2021	GERD
PWY0-1241	group	GERD	0.13454085931001	0.115940465429843	128	128	0.248067523943172	0.92306175659866	Kawar_2021	GERD
PWY0-1415	group	GERD	0.150103054065713	0.0905265123786597	128	128	0.0997825251410132	0.92306175659866	Kawar_2021	GERD
PWY0-1533	group	GERD	0.647405656949083	0.470995858268237	128	116	0.17171185108391	0.92306175659866	Kawar_2021	GERD
PWY0-321	group	GERD	0.655905765502013	0.470199954500249	128	77	0.165484856185905	0.92306175659866	Kawar_2021	GERD
PWY0-41	group	GERD	-0.57763977297502	0.438137404589095	128	119	0.189761773087322	0.92306175659866	Kawar_2021	GERD
PWY0-845	group	GERD	-0.556831607136069	0.326106846992723	128	124	0.0901896591951668	0.92306175659866	Kawar_2021	GERD
PYRIDOXSYN-PWY	group	GERD	-0.614599058090244	0.357143000752964	128	124	0.0877278233606268	0.92306175659866	Kawar_2021	GERD
SALVADEHYPOX-PWY	group	GERD	0.579626339211262	0.344842057926206	128	127	0.0952702191605112	0.92306175659866	Kawar_2021	GERD
SO4ASSIM-PWY	group	GERD	0.276172462505006	0.240193381081657	128	128	0.25240719031831	0.92306175659866	Kawar_2021	GERD
SULFATE-CYS-PWY	group	GERD	0.244271580102921	0.210021025879172	128	128	0.246994393586337	0.92306175659866	Kawar_2021	GERD
THRESYN-PWY	group	GERD	-0.020317066912126	0.0130134847754313	128	128	0.120977266250452	0.92306175659866	Kawar_2021	GERD
TRNA-CHARGING-PWY	group	GERD	-0.025356398772862	0.0181522085659621	128	128	0.164906057103949	0.92306175659866	Kawar_2021	GERD
VALSYN-PWY	group	GERD	0.0411912697072343	0.0307094893655652	128	128	0.182229100086193	0.92306175659866	Kawar_2021	GERD
3-HYDROXYPHENYLACETATE-DEGRADATION-PWY	group	GERD	0.439563182164285	0.426596587779738	128	69	0.304798255815231	0.923576767560038	Kawar_2021	GERD
BRANCHED-CHAIN-AA-SYN-PWY	group	GERD	0.0326583438862326	0.0306859758200064	128	128	0.289239070966529	0.923576767560038	Kawar_2021	GERD
GLUCONEO-PWY	group	GERD	-0.0203240168266306	0.0202322899792767	128	128	0.317046688086327	0.923576767560038	Kawar_2021	GERD
GLYOXYLATE-BYPASS	group	GERD	0.297404147837787	0.289140906601536	128	128	0.305648217588657	0.923576767560038	Kawar_2021	GERD
HISTSYN-PWY	group	GERD	0.0406258126491878	0.0409783779212712	128	128	0.323392150648963	0.923576767560038	Kawar_2021	GERD
KETOGLUCONMET-PWY	group	GERD	0.460846084428413	0.472411039230427	128	117	0.331171909468616	0.923576767560038	Kawar_2021	GERD
P105-PWY	group	GERD	0.233045464967137	0.226888945893256	128	128	0.306324927986568	0.923576767560038	Kawar_2021	GERD
P441-PWY	group	GERD	-0.0634208792730633	0.0619717787840219	128	128	0.308087489190161	0.923576767560038	Kawar_2021	GERD
PWY-4984	group	GERD	0.404435635191268	0.378622103644092	128	128	0.287482663317463	0.923576767560038	Kawar_2021	GERD
PWY-5103	group	GERD	0.0361240441041702	0.0353241333564721	128	128	0.308435207395083	0.923576767560038	Kawar_2021	GERD
PWY-5188	group	GERD	0.0645382028845956	0.0621503480710899	128	128	0.301062917301888	0.923576767560038	Kawar_2021	GERD
PWY-5415	group	GERD	0.543744098010128	0.541780142027041	128	110	0.317482910198344	0.923576767560038	Kawar_2021	GERD
PWY-5837	group	GERD	-0.149130331581834	0.142396771957197	128	128	0.296971914751194	0.923576767560038	Kawar_2021	GERD
PWY-5863	group	GERD	-0.148692939572268	0.140187718500642	128	128	0.290868705453622	0.923576767560038	Kawar_2021	GERD
PWY-6185	group	GERD	0.447171092156628	0.418994778280003	128	56	0.28790072354781	0.923576767560038	Kawar_2021	GERD
PWY-6383	group	GERD	0.081990659410459	0.0831184512297963	128	128	0.325811851835305	0.923576767560038	Kawar_2021	GERD
PWY-6396	group	GERD	0.123905448026407	0.127295561402542	128	128	0.332235308515382	0.923576767560038	Kawar_2021	GERD
PWY-6876	group	GERD	0.569249806159749	0.53167246698632	128	97	0.286361060343267	0.923576767560038	Kawar_2021	GERD
PWY-6895	group	GERD	-0.256278755501037	0.263874299937043	128	127	0.333301808678691	0.923576767560038	Kawar_2021	GERD
PWY-7031	group	GERD	0.43325925087363	0.427031006524092	128	95	0.312247992156085	0.923576767560038	Kawar_2021	GERD
PWY0-42	group	GERD	0.331286227534034	0.334740580784264	128	125	0.324227040475594	0.923576767560038	Kawar_2021	GERD
PWY0-862	group	GERD	0.0800067578118572	0.080323495128597	128	128	0.321131607412075	0.923576767560038	Kawar_2021	GERD
PWY1G-0	group	GERD	0.285764072127502	0.286843008328179	128	128	0.321043611113358	0.923576767560038	Kawar_2021	GERD
TEICHOICACID-PWY	group	GERD	0.111938204690974	0.107443599380894	128	128	0.299484358934179	0.923576767560038	Kawar_2021	GERD
PWY-3661	group	GERD	0.483367300510465	0.50095528338568	128	108	0.336447615347316	0.92523094220512	Kawar_2021	GERD
PWY-6891	group	GERD	-0.294852411146575	0.310047207128352	128	127	0.343429074748494	0.931171639694778	Kawar_2021	GERD
PWY490-3	group	GERD	0.321239452252939	0.338011361105487	128	128	0.343738291237191	0.931171639694778	Kawar_2021	GERD
PWY-7208	group	GERD	-0.0237495048136364	0.0253605560214364	128	128	0.350820581465674	0.936381404941468	Kawar_2021	GERD
PWY0-1277	group	GERD	0.156713274249164	0.166861844440746	128	18	0.349435356275846	0.936381404941468	Kawar_2021	GERD
ANAEROFRUCAT-PWY	group	GERD	-0.0146499533162257	0.0174434406859012	128	128	0.402580697838583	0.940757197126164	Kawar_2021	GERD
ARGSYN-PWY	group	GERD	0.0267812098505689	0.0342254006550595	128	128	0.435391760653431	0.940757197126164	Kawar_2021	GERD
DENITRIFICATION-PWY	group	GERD	0.278775867781617	0.355698098434417	128	128	0.434661776064022	0.940757197126164	Kawar_2021	GERD
DENOVOPURINE2-PWY	group	GERD	-0.0146646410741949	0.017863921071412	128	128	0.413248941793773	0.940757197126164	Kawar_2021	GERD
ENTBACSYN-PWY	group	GERD	0.264228054447424	0.301977493523134	128	128	0.383242819434303	0.940757197126164	Kawar_2021	GERD
HCAMHPDEG-PWY	group	GERD	0.166712167398397	0.195984192332379	128	18	0.396582482302453	0.940757197126164	Kawar_2021	GERD
P221-PWY	group	GERD	0.484688043628412	0.534455758298691	128	94	0.366200545566218	0.940757197126164	Kawar_2021	GERD
P461-PWY	group	GERD	-0.119266546637024	0.149017981669538	128	128	0.42501448197219	0.940757197126164	Kawar_2021	GERD
P621-PWY	group	GERD	0.432212731487335	0.548247827240136	128	71	0.431971060283281	0.940757197126164	Kawar_2021	GERD
PHOSLIPSYN-PWY	group	GERD	-0.0168254320561464	0.0199011568113113	128	128	0.399462292698631	0.940757197126164	Kawar_2021	GERD
PPGPPMET-PWY	group	GERD	0.21113436497042	0.241269406740879	128	128	0.383185684490937	0.940757197126164	Kawar_2021	GERD
PWY-181	group	GERD	0.461580476467745	0.508076950942776	128	95	0.365356225208741	0.940757197126164	Kawar_2021	GERD
PWY-1861	group	GERD	0.437175517799936	0.476046337178665	128	73	0.360192067549358	0.940757197126164	Kawar_2021	GERD
PWY-5484	group	GERD	-0.0170012494547196	0.0189270730142763	128	128	0.370765378355008	0.940757197126164	Kawar_2021	GERD
PWY-5647	group	GERD	0.466130684272452	0.531593771968466	128	95	0.382234125552275	0.940757197126164	Kawar_2021	GERD
PWY-5667	group	GERD	-0.013302808458934	0.0168954599466462	128	128	0.432549765095257	0.940757197126164	Kawar_2021	GERD
PWY-5695	group	GERD	-0.0270699538230387	0.034434954261764	128	128	0.433273991546682	0.940757197126164	Kawar_2021	GERD
PWY-5845	group	GERD	-0.166914731100208	0.211555517685682	128	128	0.431601189535387	0.940757197126164	Kawar_2021	GERD
PWY-5850	group	GERD	-0.166914731100208	0.211555517685682	128	128	0.431601189535387	0.940757197126164	Kawar_2021	GERD
PWY-5896	group	GERD	-0.166914731100208	0.211555517685682	128	128	0.431601189535387	0.940757197126164	Kawar_2021	GERD
PWY-5918	group	GERD	0.0496720222371457	0.0576166253134727	128	128	0.390263340610414	0.940757197126164	Kawar_2021	GERD
PWY-6690	group	GERD	0.166712167398397	0.195984192332379	128	18	0.396582482302453	0.940757197126164	Kawar_2021	GERD
PWY-6728	group	GERD	-0.426140463777307	0.47245465556408	128	84	0.368793158463638	0.940757197126164	Kawar_2021	GERD
PWY-7199	group	GERD	-0.0251559272141355	0.0303861701912877	128	128	0.409307021775204	0.940757197126164	Kawar_2021	GERD
PWY-7242	group	GERD	-0.106347248715795	0.126320964417519	128	128	0.401449501837233	0.940757197126164	Kawar_2021	GERD
PWY-7295	group	GERD	0.428334266491442	0.49085938287213	128	71	0.384529511055191	0.940757197126164	Kawar_2021	GERD
PWY-7400	group	GERD	0.0271290239599503	0.0343088597500212	128	128	0.430587734777691	0.940757197126164	Kawar_2021	GERD
PWY-7431	group	GERD	0.510675218749271	0.567316511328506	128	112	0.369752712113565	0.940757197126164	Kawar_2021	GERD
PWY0-1319	group	GERD	-0.0133028084589339	0.0168954599466462	128	128	0.432549765095258	0.940757197126164	Kawar_2021	GERD
RUMP-PWY	group	GERD	0.437551644722887	0.476069645139691	128	73	0.35980376024731	0.940757197126164	Kawar_2021	GERD
TCA-GLYOX-BYPASS	group	GERD	0.216572360262039	0.260327310623397	128	128	0.407026138711557	0.940757197126164	Kawar_2021	GERD
TYRFUMCAT-PWY	group	GERD	0.203080206920843	0.244536038299859	128	128	0.407843083981695	0.940757197126164	Kawar_2021	GERD
GLYCOLYSIS-TCA-GLYOX-BYPASS	group	GERD	0.186349416340356	0.240495463745763	128	128	0.439876290786081	0.944823038789038	Kawar_2021	GERD
ARGSYNBSUB-PWY	group	GERD	0.0252908072051443	0.0361259031836979	128	128	0.485171654953741	0.949873880658427	Kawar_2021	GERD
GLUCARDEG-PWY	group	GERD	0.366802572332208	0.518770678368361	128	99	0.480834125537672	0.949873880658427	Kawar_2021	GERD
GLUTORN-PWY	group	GERD	0.0346055931619188	0.0460660208476498	128	128	0.453922646462144	0.949873880658427	Kawar_2021	GERD
PWY-5531	group	GERD	0.178057621743036	0.247637504491438	128	13	0.47345674102404	0.949873880658427	Kawar_2021	GERD
PWY-5855	group	GERD	0.210722612744834	0.295786108513994	128	128	0.477524661664884	0.949873880658427	Kawar_2021	GERD
PWY-5856	group	GERD	0.210722612744834	0.295786108513994	128	128	0.477524661664884	0.949873880658427	Kawar_2021	GERD
PWY-5857	group	GERD	0.210722612744834	0.295786108513994	128	128	0.477524661664884	0.949873880658427	Kawar_2021	GERD
PWY-5860	group	GERD	-0.165291224109724	0.219335998313755	128	128	0.45249640209409703	0.949873880658427	Kawar_2021	GERD
PWY-5862	group	GERD	-0.165291224109724	0.219335998313755	128	128	0.45249640209409703	0.949873880658427	Kawar_2021	GERD
PWY-6071	group	GERD	0.311262705039729	0.440714196798001	128	39	0.48132488543257	0.949873880658427	Kawar_2021	GERD
PWY-6163	group	GERD	-0.013527802951009	0.0188248108657821	128	128	0.47370829665349	0.949873880658427	Kawar_2021	GERD
PWY-6608	group	GERD	0.153985537957238	0.205153755589214	128	128	0.454301258948329	0.949873880658427	Kawar_2021	GERD
PWY-6708	group	GERD	0.210722612744834	0.295786108513994	128	128	0.477524661664884	0.949873880658427	Kawar_2021	GERD
PWY-7007	group	GERD	0.369442595165384	0.525615252332221	128	111	0.483429353200038	0.949873880658427	Kawar_2021	GERD
PWY-7159	group	GERD	0.178057621743036	0.247637504491438	128	13	0.47345674102404	0.949873880658427	Kawar_2021	GERD
PWY4FS-7	group	GERD	-0.0171614444071448	0.0246006708105294	128	128	0.486712236370434	0.949873880658427	Kawar_2021	GERD
PWY4FS-8	group	GERD	-0.0171614444071448	0.0246006708105294	128	128	0.486712236370434	0.949873880658427	Kawar_2021	GERD
P108-PWY	group	GERD	0.054263078364485	0.0795211200604753	128	128	0.496255588140089	0.963319671095467	Kawar_2021	GERD
HEMESYN2-PWY	group	GERD	0.0415082322686389	0.061618555043952	128	128	0.501779115197988	0.963759612908376	Kawar_2021	GERD
PWY-6470	group	GERD	-0.106505962225675	0.158972087540178	128	128	0.504105170726111	0.963759612908376	Kawar_2021	GERD
TRPSYN-PWY	group	GERD	0.0299214278115535	0.0446969915939973	128	128	0.504447180310169	0.963759612908376	Kawar_2021	GERD
1CMET2-PWY	group	GERD	-0.00817575186057421	0.0195036334439793	128	128	0.675790173191815	0.96539532080022	Kawar_2021	GERD
ALL-CHORISMATE-PWY	group	GERD	0.0526107941706369	0.195739939500005	128	128	0.788539312829775	0.96539532080022	Kawar_2021	GERD
ARG+POLYAMINE-SYN	group	GERD	-0.061519365055771	0.121860949563926	128	128	0.614558302817721	0.96539532080022	Kawar_2021	GERD
ARGORNPROST-PWY	group	GERD	0.0278974952580525	0.0983280051052432	128	128	0.777091622065002	0.96539532080022	Kawar_2021	GERD
ARO-PWY	group	GERD	-0.00606043079630698	0.0218825286585163	128	128	0.782270067901223	0.96539532080022	Kawar_2021	GERD
ASPASN-PWY	group	GERD	-0.0208629263226413	0.0636383463914737	128	128	0.743579952835268	0.96539532080022	Kawar_2021	GERD
AST-PWY	group	GERD	0.151117789132402	0.374655981751566	128	23	0.687373825218194	0.96539532080022	Kawar_2021	GERD
BIOTIN-BIOSYNTHESIS-PWY	group	GERD	-0.0617580106725159	0.177619245067238	128	128	0.72864650521416	0.96539532080022	Kawar_2021	GERD
CENTFERM-PWY	group	GERD	0.111121631707571	0.226094410440248	128	128	0.623939709660675	0.96539532080022	Kawar_2021	GERD
CODH-PWY	group	GERD	-0.158092189674599	0.576024142987105	128	115	0.784185141424841	0.96539532080022	Kawar_2021	GERD
COLANSYN-PWY	group	GERD	-0.0420156338003173	0.113952261035845	128	128	0.712960760748777	0.96539532080022	Kawar_2021	GERD
DAPLYSINESYN-PWY	group	GERD	0.00942862865972514	0.0198165032969395	128	128	0.635043054051773	0.96539532080022	Kawar_2021	GERD
FASYN-INITIAL-PWY	group	GERD	0.0762964910084427	0.178599034214939	128	128	0.669966929047454	0.96539532080022	Kawar_2021	GERD
FUCCAT-PWY	group	GERD	-0.0848275965334027	0.252238754131594	128	128	0.737204951046952	0.96539532080022	Kawar_2021	GERD
GALACT-GLUCUROCAT-PWY	group	GERD	-0.0828367832334754	0.140008655781176	128	128	0.555141875278515	0.96539532080022	Kawar_2021	GERD
GALACTARDEG-PWY	group	GERD	0.258398765030777	0.508931548517071	128	84	0.612531778232679	0.96539532080022	Kawar_2021	GERD
GALLATE-DEGRADATION-I-PWY	group	GERD	0.231423838000009	0.42948563814089	128	49	0.590948347178139	0.96539532080022	Kawar_2021	GERD
GLUCARGALACTSUPER-PWY	group	GERD	0.258398765030777	0.508931548517071	128	84	0.612531778232679	0.96539532080022	Kawar_2021	GERD
GLUCOSE1PMETAB-PWY	group	GERD	-0.0609164805152232	0.17087877113255	128	128	0.722070305535618	0.96539532080022	Kawar_2021	GERD
GLYCOCAT-PWY	group	GERD	-0.0149468173500135	0.0411170099485727	128	128	0.716826369126473	0.96539532080022	Kawar_2021	GERD
GLYCOLYSIS-E-D	group	GERD	0.0215541742584273	0.0575470354391459	128	128	0.70862566759003	0.96539532080022	Kawar_2021	GERD
HEME-BIOSYNTHESIS-II	group	GERD	0.0386712657377722	0.0620818339957019	128	128	0.534470848113587	0.96539532080022	Kawar_2021	GERD
HEXITOLDEGSUPER-PWY	group	GERD	-0.0503414613303351	0.0928811870053993	128	128	0.588776784332514	0.96539532080022	Kawar_2021	GERD
HOMOSER-METSYN-PWY	group	GERD	-0.0223734068654006	0.034323172469342	128	128	0.515688089274786	0.96539532080022	Kawar_2021	GERD
HSERMETANA-PWY	group	GERD	0.0143212076799933	0.0536278690704943	128	128	0.789868898836543	0.96539532080022	Kawar_2021	GERD
KDO-NAGLIPASYN-PWY	group	GERD	-0.141114621978438	0.458646840163122	128	104	0.758836884914386	0.96539532080022	Kawar_2021	GERD
LIPASYN-PWY	group	GERD	0.0892367326257956	0.219855339784149	128	23	0.685513055427176	0.96539532080022	Kawar_2021	GERD
METH-ACETATE-PWY	group	GERD	-0.172811370932069	0.511074708436918	128	71	0.735825489826424	0.96539532080022	Kawar_2021	GERD
METHYLGALLATE-DEGRADATION-PWY	group	GERD	0.230776034694052	0.429232018641511	128	49	0.591767930732817	0.96539532080022	Kawar_2021	GERD
NAD-BIOSYNTHESIS-II	group	GERD	-0.136835096610886	0.305483534651021	128	128	0.654973273795318	0.96539532080022	Kawar_2021	GERD
NADSYN-PWY	group	GERD	0.301106882536768	0.496310024618834	128	97	0.545147523121739	0.96539532080022	Kawar_2021	GERD
P122-PWY	group	GERD	-0.0351683284470759	0.109959499486099	128	128	0.749627044801032	0.96539532080022	Kawar_2021	GERD
P124-PWY	group	GERD	-0.0410484216599592	0.107300053296913	128	128	0.702692562090451	0.96539532080022	Kawar_2021	GERD
P125-PWY	group	GERD	0.0380333868289025	0.103846294319215	128	128	0.71479506297498	0.96539532080022	Kawar_2021	GERD
P161-PWY	group	GERD	-0.0360459765653818	0.0869492481782868	128	128	0.679166489106015	0.96539532080022	Kawar_2021	GERD
P164-PWY	group	GERD	0.107028617866164	0.191553910729041	128	128	0.577331584762453	0.96539532080022	Kawar_2021	GERD
P184-PWY	group	GERD	-0.15088787738124	0.356925842819981	128	35	0.673203410080695	0.96539532080022	Kawar_2021	GERD
P341-PWY	group	GERD	0.36547647453479	0.601465529371631	128	90	0.544517710307507	0.96539532080022	Kawar_2021	GERD
PANTO-PWY	group	GERD	0.0129053329867468	0.0482384745719739	128	128	0.789497048270339	0.96539532080022	Kawar_2021	GERD
POLYAMSYN-PWY	group	GERD	-0.0790678410744586	0.141441929856656	128	128	0.577145234559775	0.96539532080022	Kawar_2021	GERD
PWY-1361	group	GERD	0.153712655548784	0.456468702264852	128	46	0.736870840204919	0.96539532080022	Kawar_2021	GERD
PWY-1501	group	GERD	0.182126903708162	0.450348998028904	128	49	0.686594841081669	0.96539532080022	Kawar_2021	GERD
PWY-1622	group	GERD	-0.0944421891283534	0.297277462834329	128	22	0.751245690718735	0.96539532080022	Kawar_2021	GERD
PWY-2941	group	GERD	-0.0171010119984337	0.056870891425722	128	128	0.764139744768255	0.96539532080022	Kawar_2021	GERD
PWY-3001	group	GERD	0.00713234561899752	0.0204448854859562	128	128	0.727778789806374	0.96539532080022	Kawar_2021	GERD
PWY-5028	group	GERD	0.243344436219357	0.532734847306885	128	107	0.648613230745734	0.96539532080022	Kawar_2021	GERD
PWY-5088	group	GERD	0.19869802123016	0.496380228586188	128	112	0.689617862963928	0.96539532080022	Kawar_2021	GERD
PWY-5100	group	GERD	-0.0123491442575981	0.0377747500756102	128	128	0.744274392477877	0.96539532080022	Kawar_2021	GERD
PWY-5104	group	GERD	0.0523727184197929	0.0885169592065406	128	128	0.555132514917076	0.96539532080022	Kawar_2021	GERD
PWY-5154	group	GERD	0.104567336979345	0.168435977133072	128	128	0.535843689884074	0.96539532080022	Kawar_2021	GERD
PWY-5178	group	GERD	0.265888656401225	0.448423487842835	128	40	0.554283409532675	0.96539532080022	Kawar_2021	GERD
PWY-5304	group	GERD	-0.100834834001665	0.248748886502636	128	128	0.685894511871391	0.96539532080022	Kawar_2021	GERD
PWY-5347	group	GERD	-0.0167194274743738	0.035883797633505	128	128	0.642068258867053	0.96539532080022	Kawar_2021	GERD
PWY-5384	group	GERD	-0.0446539364443965	0.132839028522607	128	128	0.737316351063021	0.96539532080022	Kawar_2021	GERD
PWY-5430	group	GERD	0.229597261438186	0.478972367440145	128	46	0.632517839906801	0.96539532080022	Kawar_2021	GERD
PWY-5651	group	GERD	0.308093690902448	0.499318045345681	128	97	0.538329017810396	0.96539532080022	Kawar_2021	GERD
PWY-5655	group	GERD	0.280051172461296	0.508381542756986	128	86	0.582699528520926	0.96539532080022	Kawar_2021	GERD
PWY-5659	group	GERD	-0.0210108906492387	0.0642349539873112	128	128	0.744139300128838	0.96539532080022	Kawar_2021	GERD
PWY-5741	group	GERD	0.215723703314249	0.389096526386318	128	49	0.580272766564595	0.96539532080022	Kawar_2021	GERD
PWY-5913	group	GERD	-0.0131584669021286	0.0424176452902	128	128	0.756912182218962	0.96539532080022	Kawar_2021	GERD
PWY-5971	group	GERD	0.0556281149322965	0.149376695744299	128	128	0.710219528867853	0.96539532080022	Kawar_2021	GERD
PWY-5989	group	GERD	0.081247583885175	0.177014723986886	128	128	0.647033796403144	0.96539532080022	Kawar_2021	GERD
PWY-6143	group	GERD	-0.0704881166165649	0.228986567096263	128	120	0.758722675811714	0.96539532080022	Kawar_2021	GERD
PWY-6147	group	GERD	-0.00718304030489583	0.0194810290525281	128	128	0.71295543437364	0.96539532080022	Kawar_2021	GERD
PWY-621	group	GERD	-0.0227847904043045	0.0507026407565228	128	128	0.653929064521382	0.96539532080022	Kawar_2021	GERD
PWY-6210	group	GERD	0.291415040209853	0.541370330603626	128	77	0.591325467074204	0.96539532080022	Kawar_2021	GERD
PWY-6263	group	GERD	0.0584213380673132	0.178151666870979	128	128	0.743508610906629	0.96539532080022	Kawar_2021	GERD
PWY-6282	group	GERD	0.0773350006037095	0.17434538635967	128	128	0.658111691847356	0.96539532080022	Kawar_2021	GERD
PWY-6505	group	GERD	0.199353264762528	0.520883797419699	128	76	0.702571357245092	0.96539532080022	Kawar_2021	GERD
PWY-6519	group	GERD	-0.0825252825976553	0.196221625647816	128	128	0.674784212575001	0.96539532080022	Kawar_2021	GERD
PWY-6545	group	GERD	-0.0614185783280787	0.206217257008977	128	128	0.766320143948444	0.96539532080022	Kawar_2021	GERD
PWY-6588	group	GERD	0.0888226295963193	0.31616130476655	128	128	0.779216562545413	0.96539532080022	Kawar_2021	GERD
PWY-6590	group	GERD	0.108156631930743	0.223260399548548	128	128	0.628913518711737	0.96539532080022	Kawar_2021	GERD
PWY-6628	group	GERD	0.032748518872672903	0.0550003648877317	128	128	0.552628258777053	0.96539532080022	Kawar_2021	GERD
PWY-6630	group	GERD	0.0345954189799866	0.0535887900412972	128	128	0.519730520336688	0.96539532080022	Kawar_2021	GERD
PWY-6700	group	GERD	-0.0180330326790437	0.0377666913696561	128	128	0.633843961604363	0.96539532080022	Kawar_2021	GERD
PWY-6703	group	GERD	0.022834178407893	0.0629883331789782	128	128	0.71757500584678	0.96539532080022	Kawar_2021	GERD
PWY-6892	group	GERD	0.0492491068892035	0.0859218892728916	128	128	0.567541240096212	0.96539532080022	Kawar_2021	GERD
PWY-6897	group	GERD	-0.0199664497613534	0.0597915739515882	128	128	0.738984363681655	0.96539532080022	Kawar_2021	GERD
PWY-6901	group	GERD	0.0770391522116923	0.131756768196461	128	128	0.559790045654106	0.96539532080022	Kawar_2021	GERD
PWY-6969	group	GERD	0.0235626826494133	0.052846956459504	128	128	0.656458955676135	0.96539532080022	Kawar_2021	GERD
PWY-6992	group	GERD	0.13665081170247	0.345961040719533	128	24	0.693518854637723	0.96539532080022	Kawar_2021	GERD
PWY-7184	group	GERD	0.00999789624179506	0.0290595039154157	128	128	0.731382860350731	0.96539532080022	Kawar_2021	GERD
PWY-7187	group	GERD	-0.0100569608475627	0.0245156148550097	128	128	0.682336316801318	0.96539532080022	Kawar_2021	GERD
PWY-7196	group	GERD	-0.0131379303580696	0.0200370623392819	128	128	0.513224548398785	0.96539532080022	Kawar_2021	GERD
PWY-7198	group	GERD	-0.257695029176014	0.521309038937992	128	75	0.621938844669204	0.96539532080022	Kawar_2021	GERD
PWY-7200	group	GERD	-0.0089249184654289	0.0189125247146954	128	128	0.637810675264813	0.96539532080022	Kawar_2021	GERD
PWY-7210	group	GERD	-0.256866120241049	0.520750941797062	128	75	0.622686807815811	0.96539532080022	Kawar_2021	GERD
PWY-722	group	GERD	0.20022125654902	0.468694784490551	128	79	0.669970785005525	0.96539532080022	Kawar_2021	GERD
PWY-7221	group	GERD	-0.00881163135822332	0.0197060488088364	128	128	0.655531845141194	0.96539532080022	Kawar_2021	GERD
PWY-7228	group	GERD	0.00731981865636056	0.0260572163064286	128	128	0.779237653940976	0.96539532080022	Kawar_2021	GERD
PWY-7323	group	GERD	-0.0400782966867602	0.129608667494945	128	128	0.757660801884235	0.96539532080022	Kawar_2021	GERD
PWY-7371	group	GERD	0.0691968265139345	0.193610913883912	128	128	0.721389207212763	0.96539532080022	Kawar_2021	GERD
PWY-7374	group	GERD	0.0884210546889199	0.308034879705332	128	123	0.774546440811864	0.96539532080022	Kawar_2021	GERD
PWY-7377	group	GERD	0.0461363896355058	0.0930467477657327	128	128	0.620870386884986	0.96539532080022	Kawar_2021	GERD
PWY-7663	group	GERD	-0.010419595060415201	0.0197496367355714	128	128	0.598715810178922	0.96539532080022	Kawar_2021	GERD
PWY-7664	group	GERD	0.0698248270105327	0.149842145191989	128	128	0.642027756169362	0.96539532080022	Kawar_2021	GERD
PWY-841	group	GERD	-0.0107015304867461	0.0167679831794318	128	128	0.524493846209802	0.96539532080022	Kawar_2021	GERD
PWY0-1061	group	GERD	-0.0197090564629329	0.0718247768909624	128	128	0.784223015592846	0.96539532080022	Kawar_2021	GERD
PWY0-162	group	GERD	-0.0100253907899793	0.019439886680772	128	128	0.606959018850081	0.96539532080022	Kawar_2021	GERD
PWY0-781	group	GERD	0.0182979947659953	0.0316956655781104	128	128	0.564765073698186	0.96539532080022	Kawar_2021	GERD
PWYG-321	group	GERD	0.0719355486869325	0.163713641395751	128	128	0.661125385051001	0.96539532080022	Kawar_2021	GERD
REDCITCYC	group	GERD	0.0792296093159289	0.194343454198982	128	128	0.684201720821244	0.96539532080022	Kawar_2021	GERD
RHAMCAT-PWY	group	GERD	-0.107993273395828	0.163054871089708	128	128	0.508980601685475	0.96539532080022	Kawar_2021	GERD
SER-GLYSYN-PWY	group	GERD	-0.00763048152882754	0.0262197862286327	128	128	0.771514545276082	0.96539532080022	Kawar_2021	GERD
TCA	group	GERD	0.031392515140898	0.0492100344337442	128	128	0.524677456919341	0.96539532080022	Kawar_2021	GERD
UBISYN-PWY	group	GERD	0.190066911954851	0.296534883515334	128	128	0.522712954277426	0.96539532080022	Kawar_2021	GERD
PYRIDNUCSAL-PWY	group	GERD	0.0184972238114009	0.0735871237540005	128	128	0.801941455539515	0.976861571680685	Kawar_2021	GERD
PWY-6957	group	GERD	0.0657347312400503	0.269163269112771	128	16	0.807458595830392	0.980292542763987	Kawar_2021	GERD
DHGLUCONATE-PYR-CAT-PWY	group	GERD	-0.0567870057343916	0.237698250394107	128	26	0.811568352286781	0.981997706267005	Kawar_2021	GERD
COBALSYN-PWY	group	GERD	-0.0064244053324605	0.088655779875571	128	128	0.942347082519237	0.990172034424552	Kawar_2021	GERD
COMPLETE-ARO-PWY	group	GERD	-0.00469701027322686	0.0215813752331692	128	128	0.828060238843826	0.990172034424552	Kawar_2021	GERD
CRNFORCAT-PWY	group	GERD	0.0594856915024686	0.558254893033996	128	84	0.915310292683822	0.990172034424552	Kawar_2021	GERD
FASYN-ELONG-PWY	group	GERD	0.00918127246482349	0.050066250278692	128	128	0.85479270273413	0.990172034424552	Kawar_2021	GERD
GALACTUROCAT-PWY	group	GERD	0.00884423737991652	0.125276192002525	128	128	0.943829702225768	0.990172034424552	Kawar_2021	GERD
GLUCUROCAT-PWY	group	GERD	-0.0100995971421023	0.122139442084675	128	128	0.934229992725097	0.990172034424552	Kawar_2021	GERD
HISDEG-PWY	group	GERD	-0.0155053114586534	0.108502847879744	128	128	0.886595578046371	0.990172034424552	Kawar_2021	GERD
METHGLYUT-PWY	group	GERD	0.0229445173049337	0.380278706392294	128	49	0.95198358130625	0.990172034424552	Kawar_2021	GERD
NAGLIPASYN-PWY	group	GERD	0.00819087665910674	0.106678916701522	128	128	0.938919829527543	0.990172034424552	Kawar_2021	GERD
NONMEVIPP-PWY	group	GERD	0.00468222761914109	0.0747927497872942	128	128	0.950182084706868	0.990172034424552	Kawar_2021	GERD
P162-PWY	group	GERD	0.0205929113569989	0.309898419788327	128	127	0.947124473015017	0.990172034424552	Kawar_2021	GERD
P23-PWY	group	GERD	0.00832727394385012	0.084057930385791	128	128	0.921243388860942	0.990172034424552	Kawar_2021	GERD
PANTOSYN-PWY	group	GERD	-0.00389205853247665	0.0486207593145599	128	128	0.936325035772427	0.990172034424552	Kawar_2021	GERD
PWY-1269	group	GERD	0.0147554990337307	0.108134258574293	128	128	0.891679098144519	0.990172034424552	Kawar_2021	GERD
PWY-4361	group	GERD	0.0226109485304471	0.142548777751163	128	13	0.874222987748133	0.990172034424552	Kawar_2021	GERD
PWY-5005	group	GERD	0.0267458142945888	0.182362005741886	128	128	0.8836321863011252	0.990172034424552	Kawar_2021	GERD
PWY-5097	group	GERD	0.00332368752159999	0.0248004732501716	128	128	0.893602877723019	0.990172034424552	Kawar_2021	GERD
PWY-5505	group	GERD	0.0296526627659766	0.143435267119197	128	128	0.836552853313135	0.990172034424552	Kawar_2021	GERD
PWY-5509	group	GERD	-0.0171676245728065	0.0892503717714694	128	128	0.847774961598854	0.990172034424552	Kawar_2021	GERD
PWY-5677	group	GERD	-0.144447677868202	0.654829657834761	128	103	0.825770144448851	0.990172034424552	Kawar_2021	GERD
PWY-5705	group	GERD	-0.0444773239453231	0.264617997433921	128	127	0.866788853562816	0.990172034424552	Kawar_2021	GERD
PWY-5747	group	GERD	-0.0395673013812327	0.374658156685793	128	128	0.916060469259731	0.990172034424552	Kawar_2021	GERD
PWY-5910	group	GERD	-0.0120610836526959	0.0803147436776913	128	128	0.880868476907634	0.990172034424552	Kawar_2021	GERD
PWY-5941	group	GERD	-0.0520402250565183	0.434055578463526	128	60	0.904758869667424	0.990172034424552	Kawar_2021	GERD
PWY-5973	group	GERD	-0.00269336257923809	0.0141456486195242	128	128	0.849300404032124	0.990172034424552	Kawar_2021	GERD
PWY-6125	group	GERD	-0.00166745152742915	0.0248147824145883	128	128	0.946532262936875	0.990172034424552	Kawar_2021	GERD
PWY-6269	group	GERD	-0.0173164008493605	0.0889710310328466	128	128	0.845996355643735	0.990172034424552	Kawar_2021	GERD
PWY-6467	group	GERD	0.0162613775518095	0.105992486481725	128	128	0.878312435580637	0.990172034424552	Kawar_2021	GERD
PWY-6478	group	GERD	-0.0183566296880431	0.184024041184072	128	128	0.920700341510857	0.990172034424552	Kawar_2021	GERD
PWY-6562	group	GERD	0.0209901969773706	0.294056809987947	128	13	0.94320736205107	0.990172034424552	Kawar_2021	GERD
PWY-6944	group	GERD	0.0626377590975773	0.379655267334177	128	24	0.869219496863637	0.990172034424552	Kawar_2021	GERD
PWY-7013	group	GERD	-0.115851828535357	0.718058102663875	128	92	0.872083668738516	0.990172034424552	Kawar_2021	GERD
PWY-7197	group	GERD	0.00320984370168904	0.0307802582029088	128	128	0.917110941417171	0.990172034424552	Kawar_2021	GERD
PWY-7373	group	GERD	0.0309552149295055	0.210687691726106	128	121	0.883426324965445	0.990172034424552	Kawar_2021	GERD
PWY-7391	group	GERD	0.0393387958030536	0.187471547404573	128	18	0.83413244656064	0.990172034424552	Kawar_2021	GERD
PWY-7456	group	GERD	-0.0699745075226388	0.472424844281259	128	121	0.882486612153959	0.990172034424552	Kawar_2021	GERD
PWY-7527	group	GERD	0.0227373813579134	0.142443659808092	128	13	0.873433121540773	0.990172034424552	Kawar_2021	GERD
PWY-7539	group	GERD	0.00526136604383348	0.041635261714733	128	128	0.899642034649733	0.990172034424552	Kawar_2021	GERD
PWY-7560	group	GERD	0.00468222761914109	0.0747927497872942	128	128	0.950182084706868	0.990172034424552	Kawar_2021	GERD
PWY-922	group	GERD	-0.00747624104272976	0.0921103102320556	128	128	0.935438589593611	0.990172034424552	Kawar_2021	GERD
PWY0-1261	group	GERD	-0.0149175895363271	0.169322313081997	128	128	0.929935688892344	0.990172034424552	Kawar_2021	GERD
PWY0-1296	group	GERD	-0.00618907187569208	0.0513995085122118	128	128	0.904349286943644	0.990172034424552	Kawar_2021	GERD
PWY0-1297	group	GERD	-0.0036207594271775	0.0544549566348399	128	128	0.947092385245175	0.990172034424552	Kawar_2021	GERD
PWY0-1298	group	GERD	-0.0108996614860663	0.0484491303642151	128	128	0.822366088493842	0.990172034424552	Kawar_2021	GERD
PWY0-166	group	GERD	-0.00476253197925576	0.0248897978122129	128	128	0.848563504738033	0.990172034424552	Kawar_2021	GERD
PYRIDNUCSYN-PWY	group	GERD	-0.00845433607560505	0.131352576116844	128	128	0.948782646002562	0.990172034424552	Kawar_2021	GERD
RIBOSYN2-PWY	group	GERD	-0.00324126829691497	0.0523642871036049	128	128	0.950741780764311	0.990172034424552	Kawar_2021	GERD
THISYN-PWY	group	GERD	0.00806008594006469	0.0765728663990183	128	128	0.916336616801001	0.990172034424552	Kawar_2021	GERD
THREOCAT-PWY	group	GERD	-0.0651446060692202	0.354324891141681	128	25	0.854422312690262	0.990172034424552	Kawar_2021	GERD
P163-PWY	group	GERD	-0.00884093089340641	0.548442248865477	128	117	0.987164094532264	0.99387956095073	Kawar_2021	GERD
P42-PWY	group	GERD	0.00340087678809387	0.0841871561685008	128	128	0.96784086269949	0.99387956095073	Kawar_2021	GERD
PENTOSE-P-PWY	group	GERD	0.00221418407300365	0.0506501825882329	128	128	0.965200606192511	0.99387956095073	Kawar_2021	GERD
PWY-5121	group	GERD	-4.7873461992247e-4	0.0622854092814182	128	128	0.99387956095073	0.99387956095073	Kawar_2021	GERD
PWY-5183	group	GERD	0.00556383219158757	0.228275357407883	128	14	0.980593374384564	0.99387956095073	Kawar_2021	GERD
PWY-5265	group	GERD	0.00691790586291016	0.589100173079616	128	88	0.990649091401995	0.99387956095073	Kawar_2021	GERD
PWY-6471	group	GERD	-0.00174694525219611	0.0637182827314976	128	128	0.978170752233536	0.99387956095073	Kawar_2021	GERD
PWY-7234	group	GERD	9.3037046575614e-4	0.0393001027574896	128	128	0.981150505031217	0.99387956095073	Kawar_2021	GERD
PWY-7255	group	GERD	0.0139435841311393	0.505709113386327	128	71	0.978046864647628	0.99387956095073	Kawar_2021	GERD
PWY-7332	group	GERD	-0.0232798342555372	0.582002489852845	128	114	0.968156800250621	0.99387956095073	Kawar_2021	GERD
PWY-7392	group	GERD	-0.00201061609682079	0.0479070771256879	128	128	0.966589777743975	0.99387956095073	Kawar_2021	GERD
PWY0-1479	group	GERD	-0.00257692636490044	0.277472979856313	128	128	0.992604740921677	0.99387956095073	Kawar_2021	GERD
PWY0-1586	group	GERD	0.00156194997831136	0.0745086254425374	128	128	0.98330805733499	0.99387956095073	Kawar_2021	GERD
UDPNAGSYN-PWY	group	GERD	9.7446763715351e-4	0.0335534651209739	128	128	0.976876855856587	0.99387956095073	Kawar_2021	GERD
PWY-3661	group	IBS-D	-2.15120408514216	0.311074611040009	62	7	3.48681245472945e-9	1.09137229833032e-6	Tang_2023	IBS-D
PWY-6143	group	IBS-D	-2.66661173660975	0.457556342828339	62	57	2.3766730507118e-7	3.71949332436397e-5	Tang_2023	IBS-D
PWY-7031	group	IBS-D	-2.78520972444945	0.510733496942056	62	57	9.83584330428468e-7	1.0262063180803e-4	Tang_2023	IBS-D
PWY-5531	group	IBS-D	-2.96588304775086	0.568750870193779	62	14	2.3976226562855e-6	1.2507598190289e-4	Tang_2023	IBS-D
PWY-7159	group	IBS-D	-2.96588304775086	0.568750870193779	62	14	2.3976226562855e-6	1.2507598190289e-4	Tang_2023	IBS-D
PWY-722	group	IBS-D	2.46168157495768	0.466569659297273	62	53	1.90858702147828e-6	1.2507598190289e-4	Tang_2023	IBS-D
PWY-4984	group	IBS-D	-3.44548114513894	0.69253572546544	62	56	5.79033011547468e-6	2.5891047516336e-4	Tang_2023	IBS-D
GALLATE-DEGRADATION-I-PWY	group	IBS-D	-2.18846816704405	0.463202083018902	62	18	1.4331083589717e-5	4.9841425910837e-4	Tang_2023	IBS-D
METHYLGALLATE-DEGRADATION-PWY	group	IBS-D	-2.18833428561798	0.463174351215363	62	18	1.43314004216466e-5	4.9841425910837e-4	Tang_2023	IBS-D
P184-PWY	group	IBS-D	-2.12085293707083	0.459157595168316	62	18	2.08891109649191e-5	5.9439015745633e-4	Tang_2023	IBS-D
PWY-5415	group	IBS-D	-1.71132296117583	0.370127272138248	62	10	2.05507656330131e-5	5.9439015745633e-4	Tang_2023	IBS-D
P281-PWY	group	IBS-D	-2.23475526413653	0.507485674385871	62	18	4.45571029730722e-5	0.00110623171807689	Tang_2023	IBS-D
PWY-7373	group	IBS-D	-2.44457656971391	0.556247632208548	62	57	4.59457263099029e-5	0.00110623171807689	Tang_2023	IBS-D
CENTFERM-PWY	group	IBS-D	-2.2461408615269	0.519853230735249	62	62	5.93847895722048e-5	0.00123916260907334	Tang_2023	IBS-D
PWY-6590	group	IBS-D	-2.23549120745129	0.516901353014166	62	62	5.85557123714799e-5	0.00123916260907334	Tang_2023	IBS-D
DHGLUCONATE-PYR-CAT-PWY	group	IBS-D	2.07223281560522	0.482289220045768	62	53	6.45218674375386e-5	0.00125702479058374	Tang_2023	IBS-D
PWY-1269	group	IBS-D	0.161477269625958	0.0378734787482386	62	62	7.22889655926753e-5	0.00125702479058374	Tang_2023	IBS-D
PWY0-321	group	IBS-D	2.23221759722822	0.523417180115634	62	52	7.20157777427699e-5	0.00125702479058374	Tang_2023	IBS-D
PWY-5180	group	IBS-D	-1.04667452174496	0.248860058047631	62	10	8.80729673196538e-5	0.0013666077541192	Tang_2023	IBS-D
PWY-5182	group	IBS-D	-1.04667452174496	0.248860058047631	62	10	8.80729673196538e-5	0.0013666077541192	Tang_2023	IBS-D
PWY0-1338	group	IBS-D	2.17156887945936	0.517771165502593	62	52	9.1689338135793e-5	0.0013666077541192	Tang_2023	IBS-D
PWY1G-0	group	IBS-D	-1.96134975361848	0.475796253889262	62	62	1.1699192201648e-4	0.00166447598141634	Tang_2023	IBS-D
ENTBACSYN-PWY	group	IBS-D	-1.9104786149701	0.470819306715774	62	62	1.4535504500306e-4	0.00197809256895468	Tang_2023	IBS-D
PWY-7616	group	IBS-D	1.94586011116929	0.481114109198864	62	53	1.5197459197698e-4	0.00198200197036652	Tang_2023	IBS-D
NAGLIPASYN-PWY	group	IBS-D	0.168489392752442	0.0419072461456991	62	62	1.6465171783652e-4	0.00201666716631863	Tang_2023	IBS-D
PWY-5177	group	IBS-D	-2.30843802574633	0.57490179265491	62	62	1.6751867835234e-4	0.00201666716631863	Tang_2023	IBS-D
FAO-PWY	group	IBS-D	-2.25734260508405	0.586700949166202	62	62	2.9163771770628e-4	0.00314767605662304	Tang_2023	IBS-D
PWY-7094	group	IBS-D	-2.3322907151522	0.60337851875007	62	61	2.7507699288772e-4	0.00314767605662304	Tang_2023	IBS-D
PYRIDNUCSYN-PWY	group	IBS-D	0.223736675335479	0.058021704731504	62	62	2.835806507888e-4	0.00314767605662304	Tang_2023	IBS-D
CHLOROPHYLL-SYN	group	IBS-D	-2.23167958014347	0.58739068239255	62	12	3.4123207145377e-4	0.00356018794550101	Tang_2023	IBS-D
PWY-7003	group	IBS-D	-1.40595142196739	0.40248431878671	62	10	9.0284158299944e-4	0.0091157875960912	Tang_2023	IBS-D
ALL-CHORISMATE-PWY	group	IBS-D	-1.69692247543988	0.490027150746321	62	61	9.9164254395509e-4	0.00929094615329077	Tang_2023	IBS-D
GLYCOLYSIS-TCA-GLYOX-BYPASS	group	IBS-D	-1.8754150758225001	0.54246271195282	62	62	0.00100924015722647	0.00929094615329077	Tang_2023	IBS-D
GLYOXYLATE-BYPASS	group	IBS-D	-2.04452467270784	0.590523928992661	62	62	9.9377169081594e-4	0.00929094615329077	Tang_2023	IBS-D
P105-PWY	group	IBS-D	-1.72876603699293	0.502001012856622	62	62	0.00105209014940076	0.00940869190749822	Tang_2023	IBS-D
PWY-7328	group	IBS-D	-0.462364669586948	0.135370952865709	62	62	0.00114746220123088	0.00997654636070183	Tang_2023	IBS-D
TCA-GLYOX-BYPASS	group	IBS-D	-1.91937067708651	0.563640289116366	62	62	0.00118401516393069	0.0100161282786569	Tang_2023	IBS-D
PWY-5384	group	IBS-D	-0.521732760091618	0.153737918530097	62	62	0.00122703835047619	0.0101069211499749	Tang_2023	IBS-D
PWY-6182	group	IBS-D	-1.74745725546153	0.519781446206806	62	15	0.00135177437194467	0.0105776344604671	Tang_2023	IBS-D
PWY0-42	group	IBS-D	-2.08384838181971	0.619489763269591	62	60	0.00134395673002991	0.0105776344604671	Tang_2023	IBS-D
GLYCOL-GLYOXDEG-PWY	group	IBS-D	-1.92581427309458	0.57484387952968	62	62	0.00140094155000679	0.0106503800489094	Tang_2023	IBS-D
PWY-6901	group	IBS-D	-0.659195906869356	0.197386364675498	62	62	0.00144641000844682	0.0106503800489094	Tang_2023	IBS-D
SALVADEHYPOX-PWY	group	IBS-D	-0.828762386216849	0.248443078063174	62	62	0.00146315125272558	0.0106503800489094	Tang_2023	IBS-D
PWY-5973	group	IBS-D	0.0593004756910915	0.0179036444963253	62	62	0.001571448976297	0.0111787165813855	Tang_2023	IBS-D
PWY-5507	group	IBS-D	1.93530668508223	0.592578037505482	62	54	0.00180596294531825	0.0125614755974358	Tang_2023	IBS-D
TYRFUMCAT-PWY	group	IBS-D	-1.49650144707091	0.463894873162769	62	62	0.00203454676673817	0.0138437638693271	Tang_2023	IBS-D
PWY-6471	group	IBS-D	-0.448384727242774	0.141032522440554	62	62	0.00233575929287328	0.0155551629504114	Tang_2023	IBS-D
PWY-5860	group	IBS-D	-1.79363375046697	0.571804913541143	62	61	0.00264621723807084	0.0169033876635954	Tang_2023	IBS-D
PWY-5862	group	IBS-D	-1.79363375046697	0.571804913541143	62	61	0.00264621723807084	0.0169033876635954	Tang_2023	IBS-D
PWY-5845	group	IBS-D	-1.76684669259196	0.567710641041533	62	61	0.00284282357399691	0.0171116111280968	Tang_2023	IBS-D
PWY-5850	group	IBS-D	-1.76684669259196	0.567710641041533	62	61	0.00284282357399691	0.0171116111280968	Tang_2023	IBS-D
PWY-5896	group	IBS-D	-1.76684669259196	0.567710641041533	62	61	0.00284282357399691	0.0171116111280968	Tang_2023	IBS-D
PWY-6467	group	IBS-D	0.131257526849504	0.0426154600064096	62	62	0.00312118543089077	0.0184326611296002	Tang_2023	IBS-D
FUC-RHAMCAT-PWY	group	IBS-D	-0.441658989990366	0.143793026318903	62	62	0.00319933635685205	0.0185443014758277	Tang_2023	IBS-D
ARGORNPROST-PWY	group	IBS-D	-0.588322866246875	0.193114343936904	62	62	0.00343826046413503	0.0193968343531586	Tang_2023	IBS-D
PWY-7539	group	IBS-D	0.0819950424707933	0.0269430996365518	62	62	0.00347036013986224	0.0193968343531586	Tang_2023	IBS-D
FUCCAT-PWY	group	IBS-D	-0.374618436716003	0.123867688200224	62	62	0.00366390782344786	0.0201193534866523	Tang_2023	IBS-D
PWY-6353	group	IBS-D	-0.647462460645754	0.22188637981899	62	62	0.0049520658091756	0.0267240792805511	Tang_2023	IBS-D
PWY-5022	group	IBS-D	-1.31240987554686	0.4642374417487	62	62	0.00637483747695344	0.0332554021714404	Tang_2023	IBS-D
RIBOSYN2-PWY	group	IBS-D	0.0802934628642592	0.0283532048269937	62	62	0.00628985766260735	0.0332554021714404	Tang_2023	IBS-D
PWY-6612	group	IBS-D	0.0718570436522171	0.0255168996102403	62	62	0.00656975934913181	0.0337104045291517	Tang_2023	IBS-D
PWY-5088	group	IBS-D	-1.77118574810351	0.644961582274872	62	54	0.00794630363146759	0.039920678964754	Tang_2023	IBS-D
RHAMCAT-PWY	group	IBS-D	-0.463332428847177	0.168971726872438	62	62	0.00803515263507828	0.039920678964754	Tang_2023	IBS-D
PWY-7090	group	IBS-D	-1.16913677710121	0.456899537305817	62	61	0.0130424092192317	0.0637855325878051	Tang_2023	IBS-D
LEU-DEG2-PWY	group	IBS-D	-1.46913816621559	0.585573529037365	62	60	0.0148304349771804	0.0703322143614769	Tang_2023	IBS-D
PWY-6263	group	IBS-D	-1.45371742073073	0.578826293642313	62	62	0.014732028034445	0.0703322143614769	Tang_2023	IBS-D
FASYN-ELONG-PWY	group	IBS-D	0.13532147436825	0.0543210025044441	62	62	0.0155168869200187	0.0724893374024757	Tang_2023	IBS-D
TRPSYN-PWY	group	IBS-D	-0.151431940487073	0.061076131644287	62	62	0.0159870499606323	0.0735874505540867	Tang_2023	IBS-D
PWY-7237	group	IBS-D	-0.823599133966152	0.33358999163151	62	62	0.0164180811899398	0.0744762233688576	Tang_2023	IBS-D
DTDPRHAMSYN-PWY	group	IBS-D	0.119469918190537	0.0494446149508267	62	62	0.0187415924258561	0.0838016918470424	Tang_2023	IBS-D
PWY-7371	group	IBS-D	-1.45527586386104	0.605723845221733	62	62	0.0193924076682256	0.0838720657795851	Tang_2023	IBS-D
PWY-7664	group	IBS-D	0.214510557003867	0.0894146160113106	62	62	0.0195612166195199	0.0838720657795851	Tang_2023	IBS-D
SULFATE-CYS-PWY	group	IBS-D	0.447635895297684	0.185855751801902	62	62	0.0191061841549131	0.0838720657795851	Tang_2023	IBS-D
P562-PWY	group	IBS-D	-0.791029127716535	0.331805411630407	62	62	0.0203048072830682	0.0858838470216262	Tang_2023	IBS-D
PWY-6282	group	IBS-D	0.238887389309471	0.100878719387789	62	62	0.0211209307628694	0.0881446843837083	Tang_2023	IBS-D
PWY-5989	group	IBS-D	0.245220103413615	0.104337376537201	62	62	0.022066410732393	0.0908787705163026	Tang_2023	IBS-D
FOLSYN-PWY	group	IBS-D	0.0548388145013271	0.0235612082772573	62	62	0.0233297770883798	0.0916094709306879	Tang_2023	IBS-D
P381-PWY	group	IBS-D	1.55842729547156	0.670284400765037	62	54	0.0234712945316682	0.0916094709306879	Tang_2023	IBS-D
P461-PWY	group	IBS-D	-0.674248730727448	0.290098180714311	62	62	0.023517972883858	0.0916094709306879	Tang_2023	IBS-D
PWY-5971	group	IBS-D	0.157339333806521	0.0676231351224985	62	62	0.023375091791322	0.0916094709306879	Tang_2023	IBS-D
PWY-6703	group	IBS-D	0.137729030297892	0.0593424820404991	62	62	0.0237072432759927	0.0916094709306879	Tang_2023	IBS-D
POLYISOPRENSYN-PWY	group	IBS-D	0.0697875349169606	0.0302893161792137	62	62	0.0246999314733027	0.0920366494183779	Tang_2023	IBS-D
PWY-7376	group	IBS-D	1.55850013580799	0.673828043155594	62	54	0.0241737889214456	0.0920366494183779	Tang_2023	IBS-D
PWY0-1533	group	IBS-D	1.44836826599192	0.628108947936056	62	54	0.024587171528024	0.0920366494183779	Tang_2023	IBS-D
PWY-6383	group	IBS-D	-0.783606561005573	0.341824738178483	62	62	0.0254036383855166	0.0935451625254907	Tang_2023	IBS-D
BRANCHED-CHAIN-AA-SYN-PWY	group	IBS-D	-0.0918394235019339	0.0403512877161923	62	62	0.0264295969122338	0.096191439924758	Tang_2023	IBS-D
PWY-7315	group	IBS-D	-2.78408306691666	1.23372868925807	62	32	0.0276856322286585	0.0996046308916106	Tang_2023	IBS-D
PANTO-PWY	group	IBS-D	0.117286599473687	0.0528688765683401	62	62	0.0303200170901677	0.107842788059346	Tang_2023	IBS-D
SO4ASSIM-PWY	group	IBS-D	0.579309365545598	0.263184980439339	62	62	0.031583672128713	0.111075161531316	Tang_2023	IBS-D
PWY-5705	group	IBS-D	-1.42809344300628	0.651262531027335	62	54	0.0322095511505443	0.11201766122356	Tang_2023	IBS-D
ILEUSYN-PWY	group	IBS-D	-0.0940588758676035	0.0431123675539967	62	62	0.033058765474916	0.112471669496182	Tang_2023	IBS-D
VALSYN-PWY	group	IBS-D	-0.0940588758676035	0.0431123675539967	62	62	0.033058765474916	0.112471669496182	Tang_2023	IBS-D
AST-PWY	group	IBS-D	1.23094847962065	0.571286917573631	62	54	0.0352099306633217	0.118502239759352	Tang_2023	IBS-D
PWY0-862	group	IBS-D	0.209609112304922	0.0979927862462347	62	62	0.0365125997152816	0.12157918841365	Tang_2023	IBS-D
PWY-922	group	IBS-D	-0.31766998552972	0.15049539471615	62	62	0.0389632528107598	0.128373664523872	Tang_2023	IBS-D
PWY-5101	group	IBS-D	-0.0957777829229758	0.0458856369329035	62	62	0.0411151349992218	0.13405247140371301	Tang_2023	IBS-D
PWY-5910	group	IBS-D	-0.300410704730273	0.144356703738586	62	62	0.0417074781715128	0.134581862553438	Tang_2023	IBS-D
HEME-BIOSYNTHESIS-II	group	IBS-D	-0.143782942014939	0.0696740710238919	62	62	0.0433842938161337	0.138564122086223	Tang_2023	IBS-D
PWY-7242	group	IBS-D	-0.510873369868106	0.249033234868803	62	62	0.0445983825370938	0.141002967011216	Tang_2023	IBS-D
PWY-5103	group	IBS-D	-0.0950496031733652	0.0465809883691661	62	62	0.0457059266853276	0.141643119331758	Tang_2023	IBS-D
PWY-5677	group	IBS-D	-1.04183424566409	0.510332666881559	62	62	0.0456077626142062	0.141643119331758	Tang_2023	IBS-D
GLUCOSE1PMETAB-PWY	group	IBS-D	0.14284106458954	0.0706663020803385	62	62	0.0477116818426022	0.144987926376063	Tang_2023	IBS-D
PHOSLIPSYN-PWY	group	IBS-D	0.050958998169205	0.0252015519020683	62	62	0.0476359121045737	0.144987926376063	Tang_2023	IBS-D
FASYN-INITIAL-PWY	group	IBS-D	0.276054188233598	0.138910594531023	62	62	0.0514620105071981	0.154880858545702	Tang_2023	IBS-D
PWY-7332	group	IBS-D	-0.89754083540063	0.455471556151901	62	62	0.053391624566187	0.159157890373491	Tang_2023	IBS-D
PWY-6151	group	IBS-D	0.0590518833413889	0.0302255807994483	62	62	0.0554028094599569	0.163595088311005	Tang_2023	IBS-D
PWY0-41	group	IBS-D	-1.10187175908446	0.565991193388784	62	52	0.0562445435256972	0.164528431061152	Tang_2023	IBS-D
POLYAMINSYN3-PWY	group	IBS-D	-0.340355677481132	0.176997560349338	62	62	0.0592375246568142	0.171102204663492	Tang_2023	IBS-D
PWY-5345	group	IBS-D	0.360055347167758	0.187505789666595	62	62	0.0595851128061363	0.171102204663492	Tang_2023	IBS-D
PWY-6478	group	IBS-D	-0.615832644996591	0.321890819108463	62	62	0.0605012672061388	0.172153605777468	Tang_2023	IBS-D
PWY-5918	group	IBS-D	-0.0872611099981841	0.0457305170341118	62	62	0.0611587314672617	0.172456603146423	Tang_2023	IBS-D
PWY-6700	group	IBS-D	0.0857839716078661	0.0457145945594296	62	62	0.065450713655769	0.182911369412997	Tang_2023	IBS-D
PANTOSYN-PWY	group	IBS-D	0.0783563187301197	0.0419783669082912	62	62	0.0668479089401856	0.18516279202016	Tang_2023	IBS-D
PWY-6397	group	IBS-D	-1.33879975150607	0.729894163499719	62	38	0.0715785322598098	0.196527022783513	Tang_2023	IBS-D
PWY0-1261	group	IBS-D	-0.343776111992484	0.187873051263396	62	62	0.0722441313884475	0.196629679344209	Tang_2023	IBS-D
HEXITOLDEGSUPER-PWY	group	IBS-D	-0.396962119371525	0.21847797025967	62	62	0.0742209313551509	0.200268547535881	Tang_2023	IBS-D
CODH-PWY	group	IBS-D	1.57536894880153	0.877047148908689	62	57	0.0774944636473464	0.205944372748882	Tang_2023	IBS-D
HISTSYN-PWY	group	IBS-D	-0.130874022153421	0.0728976208518482	62	62	0.0776403705570866	0.205944372748882	Tang_2023	IBS-D
GALACTUROCAT-PWY	group	IBS-D	-0.575226532948345	0.329977655000578	62	62	0.086416230122142	0.227296470825466	Tang_2023	IBS-D
PWY-6545	group	IBS-D	-0.66995279620371	0.386775238232802	62	62	0.0883851683534095	0.230537980788477	Tang_2023	IBS-D
PYRIDOXSYN-PWY	group	IBS-D	0.496783389956352	0.291255739616813	62	62	0.0932436470977799	0.241200508608307	Tang_2023	IBS-D
PWY-6507	group	IBS-D	-0.555029865660651	0.33518416275147	62	62	0.102964509926963	0.264163045960158	Tang_2023	IBS-D
LACTOSECAT-PWY	group	IBS-D	-0.394218003872651	0.241518154565886	62	62	0.10786474067937	0.274485071810103	Tang_2023	IBS-D
PWY-7400	group	IBS-D	-0.138416509671606	0.0876259591557266	62	62	0.119449809234955	0.301514437826944	Tang_2023	IBS-D
ARGSYN-PWY	group	IBS-D	-0.13650349920397	0.0882676322440203	62	62	0.1272490897797	0.31863172080837	Tang_2023	IBS-D
ANAEROFRUCAT-PWY	group	IBS-D	-0.0466757559759936	0.0303560847886477	62	62	0.129401809772475	0.321450527450672	Tang_2023	IBS-D
GLUCUROCAT-PWY	group	IBS-D	-0.48887226202513	0.320802154892098	62	62	0.132786080351936	0.32691411471098	Tang_2023	IBS-D
PWY0-1241	group	IBS-D	-0.135777054280647	0.0893098196586156	62	62	0.1336901171981	0.32691411471098	Tang_2023	IBS-D
PWY0-845	group	IBS-D	0.330668900016207	0.220187127509217	62	62	0.138403152547865	0.335815401143269	Tang_2023	IBS-D
GALACT-GLUCUROCAT-PWY	group	IBS-D	-0.500561912459579	0.339432883660485	62	62	0.145521193360703	0.347695675739694	Tang_2023	IBS-D
PWY-6519	group	IBS-D	0.283381013394236	0.191905384036716	62	62	0.144993584173623	0.347695675739694	Tang_2023	IBS-D
PWY-7392	group	IBS-D	-0.134353388454787	0.0934443013068391	62	62	0.155688649127325	0.369170811945855	Tang_2023	IBS-D
ASPASN-PWY	group	IBS-D	0.0463002800610973	0.0329831769753217	62	62	0.165546778509316	0.378850652331729	Tang_2023	IBS-D
BIOTIN-BIOSYNTHESIS-PWY	group	IBS-D	0.234056310472793	0.166861673828473	62	62	0.165860684902334	0.378850652331729	Tang_2023	IBS-D
CATECHOL-ORTHO-CLEAVAGE-PWY	group	IBS-D	-0.81636442998839	0.589361432940734	62	57	0.171129722567109	0.378850652331729	Tang_2023	IBS-D
PPGPPMET-PWY	group	IBS-D	0.329795007082913	0.240487474852509	62	62	0.175369796799223	0.378850652331729	Tang_2023	IBS-D
PWY-3001	group	IBS-D	-0.0432700083366934	0.0305497487172071	62	62	0.161835666880431	0.378850652331729	Tang_2023	IBS-D
PWY-5417	group	IBS-D	-0.80852376100881	0.588959066016404	62	57	0.174923605707349	0.378850652331729	Tang_2023	IBS-D
PWY-5431	group	IBS-D	-0.80852376100881	0.588959066016404	62	57	0.174923605707349	0.378850652331729	Tang_2023	IBS-D
PWY-5837	group	IBS-D	-0.173146438433172	0.12412861826074	62	62	0.168190016711073	0.378850652331729	Tang_2023	IBS-D
PWY-5863	group	IBS-D	-0.167474972762203	0.122162335652759	62	62	0.175505893252718	0.378850652331729	Tang_2023	IBS-D
PWY-7111	group	IBS-D	-0.0963229356046443	0.0688162943159334	62	62	0.166749147693504	0.378850652331729	Tang_2023	IBS-D
PWY-7431	group	IBS-D	0.853123569993488	0.61457226559571	62	58	0.170221808779314	0.378850652331729	Tang_2023	IBS-D
TRNA-CHARGING-PWY	group	IBS-D	0.0378443280110644	0.0267733682141494	62	62	0.162674272436343	0.378850652331729	Tang_2023	IBS-D
UDPNAGSYN-PWY	group	IBS-D	-0.0533402265580677	0.0385318394647075	62	62	0.171389098791002	0.378850652331729	Tang_2023	IBS-D
P108-PWY	group	IBS-D	-0.155558073049205	0.115932296191207	62	62	0.184716690979374	0.393462862081575	Tang_2023	IBS-D
PRPP-PWY	group	IBS-D	-0.067071508126079	0.0499945649090679	62	62	0.184789267495181	0.393462862081575	Tang_2023	IBS-D
HSERMETANA-PWY	group	IBS-D	-0.0707375959523211	0.0533428328173727	62	62	0.189834839053387	0.401475031241284	Tang_2023	IBS-D
P221-PWY	group	IBS-D	-0.535710652318745	0.411369634040004	62	62	0.197804102954091	0.415521370635104	Tang_2023	IBS-D
PWY-2941	group	IBS-D	-0.246746513803024	0.190741708182023	62	62	0.200756093101824	0.418911047605806	Tang_2023	IBS-D
PWY-5028	group	IBS-D	-0.693315271430661	0.544808257010357	62	58	0.208074494782886	0.431306734218831	Tang_2023	IBS-D
PWY-7198	group	IBS-D	-1.02658918450393	0.812014479231334	62	39	0.211029645060718	0.433564952988297	Tang_2023	IBS-D
PWY-7210	group	IBS-D	-1.02367762878038	0.811338064689898	62	39	0.211934306093321	0.433564952988297	Tang_2023	IBS-D
PWY-5747	group	IBS-D	0.501252241861763	0.399738353024186	62	62	0.214723526882554	0.43641859684571	Tang_2023	IBS-D
GLUCONEO-PWY	group	IBS-D	0.0355793152499865	0.0292907868530394	62	62	0.229242053727405	0.454131410232137	Tang_2023	IBS-D
PWY-6147	group	IBS-D	0.0423753217262313	0.0348571741213989	62	62	0.228866831510837	0.454131410232137	Tang_2023	IBS-D
PWY-621	group	IBS-D	-0.108495035372994	0.0891233503221253	62	62	0.228234315216465	0.454131410232137	Tang_2023	IBS-D
PWY-6891	group	IBS-D	0.278808761803748	0.228133686085308	62	62	0.226438461454578	0.454131410232137	Tang_2023	IBS-D
PWY-5304	group	IBS-D	-1.26910098190888	1.05383007869892	62	57	0.233212625483297	0.459091520605485	Tang_2023	IBS-D
GLCMANNANAUT-PWY	group	IBS-D	-0.092028484495333407	0.0771141723987288	62	62	0.237408086826352	0.461544914140671	Tang_2023	IBS-D
HEMESYN2-PWY	group	IBS-D	-0.108262039365989	0.0905331068776136	62	62	0.236468279213652	0.461544914140671	Tang_2023	IBS-D
PWY-5484	group	IBS-D	-0.0351438377882772	0.0296273167047672	62	62	0.240220512307412	0.461692948282563	Tang_2023	IBS-D
PWY-5667	group	IBS-D	0.0286774620756232	0.0242639138491846	62	62	0.241909404211949	0.461692948282563	Tang_2023	IBS-D
PWY0-1319	group	IBS-D	0.0286774620756232	0.0242639138491845	62	62	0.24190940421195	0.461692948282563	Tang_2023	IBS-D
PWY-6897	group	IBS-D	0.0534969251143486	0.0455591863811351	62	62	0.244942891404303	0.464649242482103	Tang_2023	IBS-D
COLANSYN-PWY	group	IBS-D	0.130490435958299	0.112811249947734	62	62	0.251973614402942	0.470883938651773	Tang_2023	IBS-D
DENITRIFICATION-PWY	group	IBS-D	0.420112210757205	0.361494036666304	62	62	0.249774357153932	0.470883938651773	Tang_2023	IBS-D
PWY-7663	group	IBS-D	0.0295199956285735	0.0256444569975522	62	62	0.254247238441372	0.470883938651773	Tang_2023	IBS-D
PWY0-1298	group	IBS-D	-0.171676230228085	0.148850008023435	62	62	0.253340464726352	0.470883938651773	Tang_2023	IBS-D
PWY-6895	group	IBS-D	0.146453265943569	0.130458428406696	62	62	0.26607755561341	0.489895734747043	Tang_2023	IBS-D
PWYG-321	group	IBS-D	-0.119404335151994	0.106869712174511	62	62	0.268324902991357	0.491144413077747	Tang_2023	IBS-D
P122-PWY	group	IBS-D	-0.651885782599554	0.59789989126061	62	62	0.279943696855134	0.509432425091028	Tang_2023	IBS-D
SER-GLYSYN-PWY	group	IBS-D	0.0431505669022248	0.0397436463037871	62	62	0.281944799175196	0.510108220473042	Tang_2023	IBS-D
HISDEG-PWY	group	IBS-D	0.22842315974299	0.214581129132326	62	62	0.291364305036325	0.524120847565344	Tang_2023	IBS-D
P124-PWY	group	IBS-D	-0.640682426224264	0.613751616062899	62	62	0.300729027328148	0.536620741898744	Tang_2023	IBS-D
THISYN-PWY	group	IBS-D	0.0671064029200216	0.0644216845045274	62	62	0.30174201461399	0.536620741898744	Tang_2023	IBS-D
RUMP-PWY	group	IBS-D	-0.735373683587444	0.717736510681804	62	53	0.309677719186323	0.547622181385984	Tang_2023	IBS-D
PWY-1861	group	IBS-D	-0.736293906398021	0.722754425882114	62	53	0.312419962763876	0.549367687331983	Tang_2023	IBS-D
CALVIN-PWY	group	IBS-D	0.03284270502655	0.0334666272353695	62	62	0.330357431415685	0.564342902282177	Tang_2023	IBS-D
GLYCOGENSYNTH-PWY	group	IBS-D	-0.0700642792150549	0.070277800775111	62	62	0.322786885702411	0.564342902282177	Tang_2023	IBS-D
KETOGLUCONMET-PWY	group	IBS-D	-0.911570962079677	0.935105183261956	62	25	0.333557306460712	0.564342902282177	Tang_2023	IBS-D
PROTOCATECHUATE-ORTHO-CLEAVAGE-PWY	group	IBS-D	-0.595748262488761	0.603158711742988	62	57	0.327259262206681	0.564342902282177	Tang_2023	IBS-D
PWY-3781	group	IBS-D	-0.315386007445964	0.323327257865151	62	62	0.333259020944418	0.564342902282177	Tang_2023	IBS-D
PWY-5154	group	IBS-D	-0.29046182381672	0.295585194360345	62	62	0.329717333927634	0.564342902282177	Tang_2023	IBS-D
PWY-7013	group	IBS-D	-1.02909142419928	1.03642950391931	62	44	0.324736557152475	0.564342902282177	Tang_2023	IBS-D
GLYCOLYSIS-E-D	group	IBS-D	-0.0627473418753093	0.0653589306767114	62	62	0.340886834341086	0.573642898649247	Tang_2023	IBS-D
COBALSYN-PWY	group	IBS-D	-0.199725960696479	0.213963648975395	62	62	0.354325239195163	0.593068448492439	Tang_2023	IBS-D
PWY-5861	group	IBS-D	-0.0959370193399184	0.104404830230654	62	62	0.361830190169047	0.600410129145994	Tang_2023	IBS-D
PWY-6269	group	IBS-D	-0.196570071616596	0.214242538709187	62	62	0.362547969356527	0.600410129145994	Tang_2023	IBS-D
PWY-5509	group	IBS-D	-0.194163324523922	0.213653911547904	62	62	0.367104914015821	0.604757042562905	Tang_2023	IBS-D
PWY-5840	group	IBS-D	-0.0823608582886991	0.0921324957733549	62	62	0.374926232251026	0.61440790939566	Tang_2023	IBS-D
PWY-7323	group	IBS-D	0.120351865214622	0.135261553937105	62	62	0.377142385657972	0.614820659952839	Tang_2023	IBS-D
PWY-5181	group	IBS-D	-0.428201086757508	0.488067466434582	62	13	0.383801528962917	0.619392391002907	Tang_2023	IBS-D
PWY-6123	group	IBS-D	0.0375925739020268	0.0428576978188515	62	62	0.383904549056115	0.619392391002907	Tang_2023	IBS-D
PWY0-1061	group	IBS-D	0.158006710286881	0.181560478820763	62	62	0.387621172505936	0.622181676894144	Tang_2023	IBS-D
ARGSYNBSUB-PWY	group	IBS-D	-0.092378279151404	0.108417525187669	62	62	0.397568838432492	0.631551353903936	Tang_2023	IBS-D
ARO-PWY	group	IBS-D	-0.019947069192964	0.0237346775644696	62	62	0.40401027803744	0.631551353903936	Tang_2023	IBS-D
COMPLETE-ARO-PWY	group	IBS-D	-0.017881464852139	0.0221822543377816	62	62	0.423359656083862	0.631551353903936	Tang_2023	IBS-D
P125-PWY	group	IBS-D	0.19868936261082	0.237287359225234	62	62	0.405726426886263	0.631551353903936	Tang_2023	IBS-D
P4-PWY	group	IBS-D	-0.0209847798020197	0.0254184810304559	62	62	0.412317638292981	0.631551353903936	Tang_2023	IBS-D
PWY-5104	group	IBS-D	-0.0977722673274469	0.120156213520622	62	62	0.419028884720814	0.631551353903936	Tang_2023	IBS-D
PWY-5897	group	IBS-D	-0.0731092533329698	0.0907650453002414	62	62	0.423724550542577	0.631551353903936	Tang_2023	IBS-D
PWY-5898	group	IBS-D	-0.0731092533329698	0.0907650453002414	62	62	0.423724550542577	0.631551353903936	Tang_2023	IBS-D
PWY-5899	group	IBS-D	-0.0731092533329698	0.0907650453002414	62	62	0.423724550542577	0.631551353903936	Tang_2023	IBS-D
PWY-5920	group	IBS-D	0.193126959361614	0.238125651730176	62	62	0.420554222977147	0.631551353903936	Tang_2023	IBS-D
PWY-6185	group	IBS-D	-0.413978038140988	0.489420181804489	62	13	0.400994956831874	0.631551353903936	Tang_2023	IBS-D
PWY-7196	group	IBS-D	0.0324829081091735	0.0387155830790327	62	62	0.404791994639232	0.631551353903936	Tang_2023	IBS-D
PWY0-1296	group	IBS-D	-0.13343165205806	0.163943866967629	62	62	0.418928498452011	0.631551353903936	Tang_2023	IBS-D
PWY0-1297	group	IBS-D	-0.0507320392662909	0.0602906940533268	62	62	0.403433122757549	0.631551353903936	Tang_2023	IBS-D
PWY0-781	group	IBS-D	-0.0214324011702119	0.026050835806	62	62	0.413928168442296	0.631551353903936	Tang_2023	IBS-D
PWY-6572	group	IBS-D	-0.493634979509843	0.616566361100119	62	61	0.426510924825033	0.632691561470309	Tang_2023	IBS-D
PWY-5005	group	IBS-D	0.181071622553381	0.227556581303089	62	62	0.429330940790529	0.633870681450168	Tang_2023	IBS-D
PWY0-162	group	IBS-D	0.0206490337579967	0.026582383524625	62	62	0.440332128378625	0.647060827147933	Tang_2023	IBS-D
PWY-6749	group	IBS-D	-0.639501535103777	0.83169198635176	62	62	0.444959255078614	0.650804891773861	Tang_2023	IBS-D
PENTOSE-P-PWY	group	IBS-D	-0.0977525193326601	0.130135289266335	62	62	0.455492096160899	0.663111749294704	Tang_2023	IBS-D
PWY-7200	group	IBS-D	0.0228220537705315	0.0309553965257086	62	62	0.463840050631859	0.672138591887833	Tang_2023	IBS-D
COA-PWY	group	IBS-D	0.0250988087092124	0.0345218897394404	62	62	0.470028498568648	0.674618951323949	Tang_2023	IBS-D
PWY-6892	group	IBS-D	0.100853315762902	0.13940939488124	62	62	0.472225097479593	0.674618951323949	Tang_2023	IBS-D
PWY-7208	group	IBS-D	0.0233783349988043	0.0326185634961629	62	62	0.476328396941191	0.674618951323949	Tang_2023	IBS-D
PWY-7220	group	IBS-D	0.0215322786814352	0.0300279925611458	62	62	0.476111049669439	0.674618951323949	Tang_2023	IBS-D
PWY-7222	group	IBS-D	0.0215322786814352	0.0300279925611458	62	62	0.476111049669439	0.674618951323949	Tang_2023	IBS-D
PWY-7377	group	IBS-D	-0.158807328637039	0.22439115684026	62	62	0.481855950389359	0.679373479603016	Tang_2023	IBS-D
OANTIGEN-PWY	group	IBS-D	0.0125646709723126	0.0181498121766302	62	62	0.491434895198039	0.686692509807975	Tang_2023	IBS-D
PWY-7234	group	IBS-D	-0.0842275529007154	0.121256012711945	62	62	0.489971011983996	0.686692509807975	Tang_2023	IBS-D
PWY-5838	group	IBS-D	-0.0590118164312084	0.086724258677143	62	62	0.498834854967086	0.693934709354213	Tang_2023	IBS-D
PWY-5855	group	IBS-D	0.196695158055395	0.308895629991331	62	62	0.526697407495852	0.698543595534754	Tang_2023	IBS-D
PWY-5856	group	IBS-D	0.196695158055395	0.308895629991331	62	62	0.526697407495852	0.698543595534754	Tang_2023	IBS-D
PWY-5857	group	IBS-D	0.196695158055395	0.308895629991331	62	62	0.526697407495852	0.698543595534754	Tang_2023	IBS-D
PWY-6126	group	IBS-D	0.0195442464257747	0.0303851914991358	62	62	0.522534629260174	0.698543595534754	Tang_2023	IBS-D
PWY-6386	group	IBS-D	0.0197891734813645	0.0298883336961973	62	62	0.510439973600009	0.698543595534754	Tang_2023	IBS-D
PWY-6708	group	IBS-D	0.196695158055395	0.308895629991331	62	62	0.526697407495852	0.698543595534754	Tang_2023	IBS-D
PWY-7219	group	IBS-D	0.0206073844468493	0.0306833529777429	62	62	0.50440691379019	0.698543595534754	Tang_2023	IBS-D
PWY-7229	group	IBS-D	0.01955030538757	0.0298102244709349	62	62	0.514443471608285	0.698543595534754	Tang_2023	IBS-D
PWY-7254	group	IBS-D	-0.0964243197044623	0.149573062990387	62	62	0.521602401472382	0.698543595534754	Tang_2023	IBS-D
PWY-7456	group	IBS-D	-0.256558656323307	0.396804223633594	62	62	0.520380959406987	0.698543595534754	Tang_2023	IBS-D
UBISYN-PWY	group	IBS-D	0.20061136446744	0.307685828223692	62	62	0.516890718863844	0.698543595534754	Tang_2023	IBS-D
P441-PWY	group	IBS-D	-0.0286256672139295	0.0460861878461481	62	62	0.536864579866665	0.709023685646693	Tang_2023	IBS-D
NONMEVIPP-PWY	group	IBS-D	0.0312899496922506	0.0534176592997544	62	62	0.560233501500999	0.718660188400872	Tang_2023	IBS-D
PEPTIDOGLYCANSYN-PWY	group	IBS-D	0.0177870498991664	0.0301565421518011	62	62	0.557523457043122	0.718660188400872	Tang_2023	IBS-D
PWY-5695	group	IBS-D	-0.0398223101979504	0.0677431933520259	62	62	0.558844266931948	0.718660188400872	Tang_2023	IBS-D
PWY-6385	group	IBS-D	0.017720735367434	0.030188784769694	62	62	0.559407892131332	0.718660188400872	Tang_2023	IBS-D
PWY-7211	group	IBS-D	-0.0537870829841445	0.0917816918359321	62	62	0.560051622171905	0.718660188400872	Tang_2023	IBS-D
PWY-7560	group	IBS-D	0.0312899496922506	0.0534176592997544	62	62	0.560233501500999	0.718660188400872	Tang_2023	IBS-D
REDCITCYC	group	IBS-D	0.171215321935725	0.285422639189667	62	62	0.550854403537636	0.718660188400872	Tang_2023	IBS-D
P161-PWY	group	IBS-D	0.0918711120593737	0.161903566326129	62	62	0.572530106033188	0.722588399953177	Tang_2023	IBS-D
P23-PWY	group	IBS-D	-0.0735817427156784	0.129635131340975	62	62	0.572420046325216	0.722588399953177	Tang_2023	IBS-D
PWY-5188	group	IBS-D	-0.0311462487940499	0.0544802582287944	62	62	0.569662292997628	0.722588399953177	Tang_2023	IBS-D
PWY-6630	group	IBS-D	-0.0140675901434717	0.0244705376499009	62	62	0.567522829531833	0.722588399953177	Tang_2023	IBS-D
DENOVOPURINE2-PWY	group	IBS-D	0.0126029058266774	0.0228689498125997	62	62	0.583616702206976	0.731372471871663	Tang_2023	IBS-D
GLYCOLYSIS	group	IBS-D	-0.014220215235406	0.0263321327637174	62	62	0.591173275985721	0.731372471871663	Tang_2023	IBS-D
PWY-5686	group	IBS-D	0.0241799917722601	0.0440977590906655	62	62	0.585501890313623	0.731372471871663	Tang_2023	IBS-D
PWY-6387	group	IBS-D	0.0163767333414594	0.0302989338640502	62	62	0.590849515350832	0.731372471871663	Tang_2023	IBS-D
PWY-7187	group	IBS-D	0.0123079104191055	0.0227642433781841	62	62	0.590737646880678	0.731372471871663	Tang_2023	IBS-D
PWY-6609	group	IBS-D	-0.0424350066631633	0.0800364034246684	62	62	0.597932599008687	0.736822454683933	Tang_2023	IBS-D
PWY-5659	group	IBS-D	0.0401294013651668	0.0761993462097195	62	62	0.600387235808041	0.736945901207517	Tang_2023	IBS-D
PWY-5505	group	IBS-D	-0.127624752775905	0.257926831394234	62	62	0.622541409645488	0.754850131348661	Tang_2023	IBS-D
PWY-6628	group	IBS-D	0.0115540264742116	0.0232598219523046	62	62	0.621189338602956	0.754850131348661	Tang_2023	IBS-D
PWY-841	group	IBS-D	0.0114533114220997	0.0228749230744539	62	62	0.618419068654662	0.754850131348661	Tang_2023	IBS-D
PWY0-166	group	IBS-D	0.0119212434637571	0.0244077216760202	62	62	0.627032057989303	0.754850131348661	Tang_2023	IBS-D
PWY490-3	group	IBS-D	-0.154980234497026	0.316296414360063	62	62	0.625932011577639	0.754850131348661	Tang_2023	IBS-D
TCA	group	IBS-D	-0.0557731518660651	0.121160335886892	62	62	0.646946819830439	0.775840439107002	Tang_2023	IBS-D
PWY-2942	group	IBS-D	-0.0215215806400033	0.0472210917520718	62	62	0.650206364506713	0.776773252254202	Tang_2023	IBS-D
FERMENTATION-PWY	group	IBS-D	0.0344391807807639	0.0791296967278988	62	62	0.664961094171259	0.78016337272026	Tang_2023	IBS-D
GLYCOCAT-PWY	group	IBS-D	0.0460467422474499	0.105984066641922	62	62	0.66550677481249	0.78016337272026	Tang_2023	IBS-D
NAD-BIOSYNTHESIS-II	group	IBS-D	-0.0747951381502412	0.170265620796912	62	62	0.662033074838378	0.78016337272026	Tang_2023	IBS-D
PWY-6470	group	IBS-D	-0.111868942762596	0.25005437148744	62	62	0.656212795923797	0.78016337272026	Tang_2023	IBS-D
TEICHOICACID-PWY	group	IBS-D	-0.15326220802519	0.352064626245519	62	62	0.664889210825296	0.78016337272026	Tang_2023	IBS-D
PWY-6969	group	IBS-D	-0.0443363411259648	0.104315295707415	62	62	0.672340743813561	0.783767288456243	Tang_2023	IBS-D
PWY-7199	group	IBS-D	0.0384585305336636	0.0908538532709262	62	62	0.673589139280285	0.783767288456243	Tang_2023	IBS-D
PWY-6317	group	IBS-D	0.0254476414316907	0.0651427258451076	62	62	0.69744369744674	0.808518064077147	Tang_2023	IBS-D
HOMOSER-METSYN-PWY	group	IBS-D	-0.0186917276680972	0.0514139810141685	62	62	0.717469392921003	0.825983269556531	Tang_2023	IBS-D
P163-PWY	group	IBS-D	0.127021300078212	0.34980004342229	62	62	0.717787378017177	0.825983269556531	Tang_2023	IBS-D
PWY-7221	group	IBS-D	-0.0130583415626408	0.0368104872200315	62	62	0.724024407887365	0.830108570215184	Tang_2023	IBS-D
PWY-6163	group	IBS-D	0.0118377732117114	0.0352593981773268	62	62	0.738242768198663	0.843321118416721	Tang_2023	IBS-D
PWY-5189	group	IBS-D	-0.0182351585147989	0.0572828162864968	62	62	0.751335829671547	0.855156780680706	Tang_2023	IBS-D
PWY0-1479	group	IBS-D	-0.0572470694430241	0.188263389756757	62	62	0.762119289674519	0.864287455319292	Tang_2023	IBS-D
P162-PWY	group	IBS-D	0.080660408026896	0.271930437006842	62	62	0.76777989358184	0.867563562061791	Tang_2023	IBS-D
ARG+POLYAMINE-SYN	group	IBS-D	-0.0395055986125486	0.160807084232506	62	62	0.806775530084718	0.882939653554254	Tang_2023	IBS-D
ECASYN-PWY	group	IBS-D	0.266165840722592	1.06133748506219	62	24	0.802838390220307	0.882939653554254	Tang_2023	IBS-D
GLUTORN-PWY	group	IBS-D	-0.0340932999926905	0.133339342868152	62	62	0.799066123022972	0.882939653554254	Tang_2023	IBS-D
NONOXIPENT-PWY	group	IBS-D	-0.0125549441995005	0.0460083722928512	62	62	0.785879490380945	0.882939653554254	Tang_2023	IBS-D
P42-PWY	group	IBS-D	0.0271604980591653	0.109558755027094	62	62	0.805052014899937	0.882939653554254	Tang_2023	IBS-D
PWY-5347	group	IBS-D	0.0122349622258956	0.0464660302005158	62	62	0.793213943709332	0.882939653554254	Tang_2023	IBS-D
PWY0-1586	group	IBS-D	-0.0199547527447987	0.0796953505736507	62	62	0.803142774637227	0.882939653554254	Tang_2023	IBS-D
PWY4FS-7	group	IBS-D	0.0164334195394149	0.0641274590567878	62	62	0.798625284045249	0.882939653554254	Tang_2023	IBS-D
PWY4FS-8	group	IBS-D	0.0164334195394149	0.0641274590567878	62	62	0.79862528404525	0.882939653554254	Tang_2023	IBS-D
P164-PWY	group	IBS-D	-0.0500578474982922	0.216350477099964	62	62	0.817811601380968	0.883674986468011	Tang_2023	IBS-D
PWY-5097	group	IBS-D	0.0101772179555087	0.04492771265806	62	62	0.821563645566106	0.883674986468011	Tang_2023	IBS-D
PWY-5121	group	IBS-D	0.0159420179995708	0.0695405686927861	62	62	0.819456034853387	0.883674986468011	Tang_2023	IBS-D
PWY-5913	group	IBS-D	0.026028135535832	0.111401990155545	62	62	0.816058584958335	0.883674986468011	Tang_2023	IBS-D
THRESYN-PWY	group	IBS-D	0.00736382842890489	0.0321788666556892	62	62	0.819771088698462	0.883674986468011	Tang_2023	IBS-D
PWY-5676	group	IBS-D	0.0654961903227589	0.337417873476226	62	62	0.846745441563504	0.898411265116531	Tang_2023	IBS-D
PWY-6562	group	IBS-D	0.074095931732122	0.371669853272495	62	62	0.84265558657394	0.898411265116531	Tang_2023	IBS-D
PWY-7184	group	IBS-D	0.00918232929059151	0.0458104325940768	62	62	0.841812882651194	0.898411265116531	Tang_2023	IBS-D
PWY0-1415	group	IBS-D	-0.0360987289797825	0.184813202765082	62	62	0.845798100994924	0.898411265116531	Tang_2023	IBS-D
PYRIDNUCSAL-PWY	group	IBS-D	0.020569594448486	0.114000552988686	62	62	0.85741979588236406	0.906663500375608	Tang_2023	IBS-D
PWY-7197	group	IBS-D	-0.00779322874055544	0.0480125541220534	62	62	0.87160204856855	0.918557041084028	Tang_2023	IBS-D
POLYAMSYN-PWY	group	IBS-D	0.0347020577676119	0.219531990359001	62	62	0.874930166264786	0.91897027530496	Tang_2023	IBS-D
1CMET2-PWY	group	IBS-D	0.0070170095241013	0.0455078490451765	62	62	0.877974738042264	0.919083923101099	Tang_2023	IBS-D
ANAGLYCOLYSIS-PWY	group	IBS-D	0.00630096304762843	0.0447633607988657	62	62	0.888529780377892	0.9270327375276	Tang_2023	IBS-D
PWY-6396	group	IBS-D	-0.0478217585651562	0.3716052498731	62	62	0.898033609020191	0.933835613366511	Tang_2023	IBS-D
PWY-6608	group	IBS-D	-0.0281509518948254	0.23075644808683	62	62	0.9033112784537	0.936213344887444	Tang_2023	IBS-D
PWY-6588	group	IBS-D	0.0304133362617314	0.26785332468806	62	62	0.909977771387226	0.940010041069973	Tang_2023	IBS-D
KDO-NAGLIPASYN-PWY	group	IBS-D	0.0290572515149283	0.296386283370472	62	62	0.922228547553607	0.94736656015223	Tang_2023	IBS-D
PWY-6122	group	IBS-D	-0.00287629902258026	0.0309136779168892	62	62	0.92617944858333	0.94736656015223	Tang_2023	IBS-D
PWY-6277	group	IBS-D	-0.00287629902258026	0.0309136779168892	62	62	0.92617944858333	0.94736656015223	Tang_2023	IBS-D
MET-SAM-PWY	group	IBS-D	0.00338546267985057	0.0388571101377296	62	62	0.930861521452211	0.949054254770495	Tang_2023	IBS-D
PWY-7228	group	IBS-D	-0.00273326735333896	0.0344026446848793	62	62	0.936939621177385	0.952149679962732	Tang_2023	IBS-D
DAPLYSINESYN-PWY	group	IBS-D	-0.00244641157070577	0.0379811003546408	62	62	0.948856864492618	0.961139801249804	Tang_2023	IBS-D
PWY-6737	group	IBS-D	0.00303165601625148	0.0653953422052217	62	62	0.963178153542012	0.972499232447257	Tang_2023	IBS-D
PWY-5100	group	IBS-D	-0.00451930125407956	0.139162484085761	62	62	0.974201045774939	0.980466004268669	Tang_2023	IBS-D
PWY-6121	group	IBS-D	-6.4255965007858e-4	0.0284393238289825	62	62	0.982049059653227	0.985196652793141	Tang_2023	IBS-D
PWY-6125	group	IBS-D	2.4978321082459e-4	0.0300588166900216	62	62	0.993397371421055	0.993397371421055	Tang_2023	IBS-D
