feature	metadata	value	coef	stderr	N	N.not.0	pval	qval
K00001	group	GERD	0.491616086671672	0.456323985773546	26	26	0.292038632623878	0.907787788614775
K00002	group	GERD	0.632327349094361	0.787683805953832	26	19	0.429987366044808	0.907787788614775
K00003	group	GERD	0.0798161785968852	0.0727551209297789	26	26	0.283504253141969	0.907787788614775
K00004	group	GERD	0.160386778915207	0.253094054586241	26	26	0.532267365748036	0.907787788614775
K00005	group	GERD	0.338752826589454	0.284572714216811	26	26	0.245534548913631	0.907787788614775
K00008	group	GERD	0.810543849390705	0.320019896477128	26	26	0.018267121485402	0.907787788614775
K00009	group	GERD	-0.211112266159098	0.322975073841868	26	26	0.51955225487516	0.907787788614775
K00010	group	GERD	0.386623776965852	0.292414309284666	26	26	0.198572285283178	0.907787788614775
K00012	group	GERD	-0.0702237660627462	0.096005364912703	26	26	0.471582389166874	0.907787788614775
K00013	group	GERD	0.248780506702231	0.15182879201912	26	26	0.114350210370755	0.907787788614775
K00014	group	GERD	-0.0310344192404105	0.0287948043906725	26	26	0.291846841619605	0.907787788614775
K00015	group	GERD	0.565900776316124	0.404343803065448	26	26	0.174440389314998	0.907787788614775
K00016	group	GERD	0.136937633500701	0.151176293142292	26	26	0.374038662050645	0.907787788614775
K00018	group	GERD	0.16087130035092	0.169361912522855	26	26	0.351647756216411	0.907787788614775
K00019	group	GERD	-0.388688473986568	0.717705663217375	26	23	0.593106720850898	0.907787788614775
K00021	group	GERD	-1.04895510716807	0.76586405834801	26	23	0.183480330609669	0.907787788614775
K00024	group	GERD	-0.0363333889272997	0.0668724616967073	26	26	0.5919182453765	0.907787788614775
K00025	group	GERD	-0.585215759567753	0.869481101295138	26	26	0.507336926865433	0.907787788614775
K00027	group	GERD	0.0831112132212711	0.0880523454330972	26	26	0.354634686223296	0.907787788614775
K00030	group	GERD	0.435241552675923	0.392824392843644	26	26	0.27885130137704	0.907787788614775
K00033	group	GERD	-0.101522732463129	0.169797794516596	26	26	0.555504756554507	0.907787788614775
K00034	group	GERD	-2.56596486270863	1.55909790471605	26	16	0.112839584329541	0.907787788614775
K00036	group	GERD	-0.122644514159345	0.184144382732727	26	26	0.511747535426482	0.907787788614775
K00038	group	GERD	-0.331761969831415	0.366849410840969	26	4	0.374796255272256	0.907787788614775
K00040	group	GERD	0.374903913289489	0.271106048038529	26	26	0.179437537649629	0.907787788614775
K00041	group	GERD	0.302669902908549	0.276990458349322	26	26	0.285369209248462	0.907787788614775
K00042	group	GERD	0.929652985170276	0.560589510245202	26	26	0.110261611850821	0.907787788614775
K00045	group	GERD	-0.620017287386168	0.637834121065474	26	21	0.340713232789248	0.907787788614775
K00046	group	GERD	0.154797932272396	0.181696651385325	26	26	0.402658989931671	0.907787788614775
K00048	group	GERD	0.36944749844214	0.320677418152114	26	26	0.260633699469662	0.907787788614775
K00052	group	GERD	0.130882303642023	0.0589736148883382	26	26	0.0361684748390004	0.907787788614775
K00053	group	GERD	0.13598532100788	0.0637157745818919	26	26	0.043240288785974	0.907787788614775
K00057	group	GERD	-0.0117286798176339	0.0172441748750821	26	26	0.502916323311861	0.907787788614775
K00059	group	GERD	0.021003236154659	0.0444249641714421	26	26	0.640641462087551	0.907787788614775
K00064	group	GERD	-0.299714318780833	0.245386015556345	26	3	0.233797609872131	0.907787788614775
K00065	group	GERD	-0.304990453786057	0.379152627618494	26	26	0.42906253808501	0.907787788614775
K00068	group	GERD	0.473086493730267	0.341039114802231	26	26	0.178132034128925	0.907787788614775
K00073	group	GERD	-0.883739147311339	0.681726554728668	26	25	0.207190745881376	0.907787788614775
K00074	group	GERD	0.166775045335183	0.179537582771356	26	26	0.362182679326404	0.907787788614775
K00086	group	GERD	1.09030704468313	0.712337128699678	26	12	0.138942577411932	0.907787788614775
K00087	group	GERD	0.199433426229713	0.330473766042043	26	26	0.551852647746561	0.907787788614775
K00090	group	GERD	0.419280034690487	0.528575282371904	26	5	0.435418123845896	0.907787788614775
K00091	group	GERD	-0.490407416786455	0.657694387299874	26	26	0.463122022809311	0.907787788614775
K00096	group	GERD	-1.17258837089745	1.15757701149203	26	17	0.321179515201322	0.907787788614775
K00097	group	GERD	-0.162538412261818	0.109523020825825	26	26	0.150809493007718	0.907787788614775
K00098	group	GERD	-0.688456443436479	0.91022988646307	26	14	0.456797443996808	0.907787788614775
K00099	group	GERD	-0.0253868356179669	0.0437187866851558	26	26	0.566866163741621	0.907787788614775
K00100	group	GERD	0.271391485836183	0.199534758871705	26	26	0.186431509285872	0.907787788614775
K00101	group	GERD	-0.124104602643922	0.247216015105146	26	26	0.620236008432339	0.907787788614775
K00104	group	GERD	0.355932418057235	0.304011521637587	26	26	0.253178846718855	0.907787788614775
K00105	group	GERD	-0.266246089769606	0.477029990713367	26	26	0.5819235341124	0.907787788614775
K00114	group	GERD	-0.245488815123278	0.304636766448607	26	4	0.428247163217037	0.907787788614775
K00116	group	GERD	-0.283771437234782	0.519979587076177	26	26	0.590284620347193	0.907787788614775
K00121	group	GERD	-0.539768529429645	0.738831654956582	26	26	0.472113822279756	0.907787788614775
K00126	group	GERD	0.590060222754853	0.630327977554967	26	6	0.358538147630128	0.907787788614775
K00128	group	GERD	-0.300025325145478	0.294294586509222	26	26	0.318145969685079	0.907787788614775
K00131	group	GERD	0.497375313136323	0.357905919596064	26	26	0.177383402264971	0.907787788614775
K00132	group	GERD	0.418113731188132	0.408320601155317	26	9	0.316053966682814	0.907787788614775
K00133	group	GERD	-0.00873963736830874	0.0178665425536016	26	26	0.629167607901374	0.907787788614775
K00138	group	GERD	-1.69368482478806	1.03395516102482	26	10	0.114454167030056	0.907787788614775
K00140	group	GERD	0.511025803956843	0.289367319825901	26	26	0.0901137764015018	0.907787788614775
K00141	group	GERD	-0.266353583198746	0.285812949143883	26	3	0.360660836773627	0.907787788614775
K00145	group	GERD	0.271560637992617	0.158721988829237	26	26	0.0999928801928416	0.907787788614775
K00147	group	GERD	0.112322861755008	0.0819390512684881	26	26	0.183118841814728	0.907787788614775
K00151	group	GERD	-0.809133626886006	0.477866875637297	26	4	0.103356006430703	0.907787788614775
K00154	group	GERD	0.743234357662014	0.7794207021117	26	9	0.349806218454368	0.907787788614775
K00156	group	GERD	0.163858863314664	0.234710009368828	26	26	0.491803310079308	0.907787788614775
K00161	group	GERD	-0.17567324845783	0.22855129555545	26	26	0.449606213695511	0.907787788614775
K00162	group	GERD	-0.17567324845783	0.22855129555545	26	26	0.449606213695511	0.907787788614775
K00163	group	GERD	0.216727218687753	0.134986199023725	26	26	0.121451854245536	0.907787788614775
K00166	group	GERD	-0.471930567700444	0.467352801115498	26	5	0.322666422898536	0.907787788614775
K00167	group	GERD	-0.471930567700444	0.467352801115498	26	5	0.322666422898536	0.907787788614775
K00171	group	GERD	-0.618067866030713	0.739272671828407	26	24	0.411374445850022	0.907787788614775
K00174	group	GERD	-0.145151528243852	0.112404345934939	26	26	0.208887402126898	0.907787788614775
K00175	group	GERD	-0.144250984511149	0.112508447175564	26	26	0.212042463979809	0.907787788614775
K00176	group	GERD	-0.181904939122059	0.139871520260676	26	26	0.205774820265786	0.907787788614775
K00177	group	GERD	-0.185731748344041	0.139642500962314	26	26	0.19600358927533101	0.907787788614775
K00183	group	GERD	0.382567162600317	0.483445023199317	26	14	0.436499609296115	0.907787788614775
K00184	group	GERD	-0.840195521640769	0.560670332026585	26	25	0.147028170306753	0.907787788614775
K00185	group	GERD	-0.865915385654697	0.57286046658935	26	25	0.143701254393894	0.907787788614775
K00196	group	GERD	-0.537719360538605	0.453655873635755	26	5	0.247502000909813	0.907787788614775
K00198	group	GERD	0.265946542122035	0.317784817210444	26	26	0.410918159613346	0.907787788614775
K00208	group	GERD	-0.207895878114452	0.0902340863728239	26	26	0.0301912059431318	0.907787788614775
K00209	group	GERD	0.617644747496182	0.428412713939131	26	26	0.16230812213063	0.907787788614775
K00215	group	GERD	0.0156890428315348	0.0288548466173338	26	26	0.59164763850428	0.907787788614775
K00226	group	GERD	-0.151817342430903	0.212219398962697	26	26	0.481277002306164	0.907787788614775
K00228	group	GERD	-0.578021083913297	0.800271036454976	26	26	0.47710079278468	0.907787788614775
K00230	group	GERD	0.174062052485694	0.218963880538116	26	26	0.434442709892042	0.907787788614775
K00232	group	GERD	-0.875408024241316	0.841626360027165	26	20	0.30864126113541	0.907787788614775
K00241	group	GERD	-0.0323112888063438	0.0658701604198829	26	26	0.628213873144301	0.907787788614775
K00243	group	GERD	-0.11673497219502	0.0623980296649056	26	26	0.0736136589399594	0.907787788614775
K00244	group	GERD	0.0823331000944414	0.15693582952098	26	26	0.604653658815816	0.907787788614775
K00245	group	GERD	-0.220391239387748	0.362338006248711	26	26	0.548736890749159	0.907787788614775
K00246	group	GERD	-0.220391239387748	0.362338006248711	26	26	0.548736890749159	0.907787788614775
K00247	group	GERD	-0.238592718626132	0.3797761790979	26	26	0.535776383036204	0.907787788614775
K00248	group	GERD	-0.616650933214737	0.339791323200222	26	26	0.0820750042736421	0.907787788614775
K00253	group	GERD	0.780362957200019	0.791200174076811	26	9	0.333824271741725	0.907787788614775
K00259	group	GERD	0.153335499022127	0.283518930498993	26	26	0.593609519933823	0.907787788614775
K00261	group	GERD	0.235989030504589	0.205882599226743	26	26	0.262999922493357	0.907787788614775
K00262	group	GERD	-0.0661843670259422	0.0620878390341239	26	26	0.297039702183678	0.907787788614775
K00263	group	GERD	-0.339893626708946	0.281578866185962	26	3	0.239156814987783	0.907787788614775
K00265	group	GERD	0.412874937549364	0.477865751747725	26	26	0.39614231866544	0.907787788614775
K00274	group	GERD	-0.57511574089423	0.675541074800822	26	10	0.40299489183282	0.907787788614775
K00275	group	GERD	-0.385651702051105	0.295475824583618	26	26	0.204203932572119	0.907787788614775
K00281	group	GERD	-0.394361287911266	0.393739738601978	26	26	0.326539174506906	0.907787788614775
K00284	group	GERD	0.271648153776484	0.218972589769082	26	26	0.226760212068677	0.907787788614775
K00285	group	GERD	-0.436081215850584	0.649245359774348	26	26	0.508205668763367	0.907787788614775
K00286	group	GERD	0.0892952986370677	0.0738645527167933	26	26	0.238474658659497	0.907787788614775
K00287	group	GERD	-0.0123271513501682	0.0225170110306407	26	26	0.589118530015979	0.907787788614775
K00290	group	GERD	-0.0978729646723421	0.104552246163991	26	26	0.358538559223544	0.907787788614775
K00297	group	GERD	0.0553404300274051	0.05279624996849	26	26	0.304993377132072	0.907787788614775
K00299	group	GERD	-0.53028327042029	0.641922980187375	26	26	0.416892542525209	0.907787788614775
K00302	group	GERD	-0.267021200215936	0.227638908260601	26	3	0.252305511912856	0.907787788614775
K00303	group	GERD	-0.256836330856821	0.448138171583678	26	4	0.571895727468691	0.907787788614775
K00311	group	GERD	-0.565708483116334	0.796346793288642	26	26	0.484315116318179	0.907787788614775
K00313	group	GERD	0.306961063345212	0.310945551802139	26	26	0.333400110002266	0.907787788614775
K00318	group	GERD	-1.04588599912571	0.677558464224961	26	25	0.13576727599706	0.907787788614775
K00324	group	GERD	-0.500297170657181	0.359444401613876	26	26	0.176729906531095	0.907787788614775
K00325	group	GERD	-0.565160459781787	0.376345220958465	26	26	0.146216321637994	0.907787788614775
K00330	group	GERD	0.125710181762315	0.1561619665795	26	26	0.428723731625107	0.907787788614775
K00331	group	GERD	0.126098558992161	0.15609436883929	26	26	0.427120145489396	0.907787788614775
K00332	group	GERD	0.21230473591487	0.225473442765054	26	26	0.355781870876435	0.907787788614775
K00333	group	GERD	0.211019044187174	0.224870275716647	26	26	0.357385802056064	0.907787788614775
K00334	group	GERD	0.0964633345339997	0.189751902580693	26	26	0.615838227042665	0.907787788614775
K00335	group	GERD	0.179652217020566	0.206244008523057	26	26	0.392348048031328	0.907787788614775
K00336	group	GERD	0.209230026048608	0.214577847466845	26	26	0.339248261789598	0.907787788614775
K00337	group	GERD	0.125281815032287	0.156164745151115	26	26	0.430286033126678	0.907787788614775
K00338	group	GERD	0.126518926325588	0.156215595078061	26	26	0.42595567986556	0.907787788614775
K00339	group	GERD	0.12598216689204	0.156105203526906	26	26	0.427572951425293	0.907787788614775
K00340	group	GERD	0.12598216689204	0.156105203526906	26	26	0.427572951425293	0.907787788614775
K00341	group	GERD	0.126315133088381	0.156290839895685	26	26	0.426911149970274	0.907787788614775
K00342	group	GERD	0.122091694399043	0.153890380243154	26	26	0.43533743305569	0.907787788614775
K00343	group	GERD	0.12598216689204	0.156105203526906	26	26	0.427572951425293	0.907787788614775
K00346	group	GERD	-0.160380054572836	0.107585492183293	26	26	0.149061530679322	0.907787788614775
K00347	group	GERD	-0.160726721433111	0.107505411000488	26	26	0.14793344257927	0.907787788614775
K00348	group	GERD	-0.160726721433111	0.107505411000488	26	26	0.14793344257927	0.907787788614775
K00349	group	GERD	-0.160726721433111	0.107505411000488	26	26	0.14793344257927	0.907787788614775
K00350	group	GERD	-0.160726721433111	0.107505411000488	26	26	0.14793344257927	0.907787788614775
K00351	group	GERD	-0.160726721433111	0.107505411000488	26	26	0.14793344257927	0.907787788614775
K00354	group	GERD	-0.35930375820509	0.446395920275509	26	26	0.428780002941106	0.907787788614775
K00366	group	GERD	0.415199423845267	0.380453855517074	26	26	0.285964485565122	0.907787788614775
K00368	group	GERD	0.130680068608508	0.132019102822713	26	26	0.332119251865882	0.907787788614775
K00370	group	GERD	0.285540968328707	0.219328043473563	26	26	0.205311605007771	0.907787788614775
K00371	group	GERD	0.290042424502533	0.218437675636521	26	26	0.196734219373723	0.907787788614775
K00372	group	GERD	0.554351877990191	0.732633826057528	26	9	0.456620021885405	0.907787788614775
K00373	group	GERD	0.286062580295633	0.218931760057173	26	26	0.203721758957297	0.907787788614775
K00374	group	GERD	0.289462045707546	0.218379817713109	26	26	0.197485960704371	0.907787788614775
K00376	group	GERD	-0.44321661602877	0.599558174806427	26	26	0.466931289422907	0.907787788614775
K00380	group	GERD	-0.146825953545259	0.277068648450116	26	26	0.601031760078189	0.907787788614775
K00382	group	GERD	-0.0823953589523709	0.0766040357873481	26	26	0.292800358287248	0.907787788614775
K00384	group	GERD	-0.0577009384184774	0.0572014573315005	26	26	0.323165716034059	0.907787788614775
K00385	group	GERD	0.285576549465518	0.345704081250966	26	26	0.416899913695875	0.907787788614775
K00389	group	GERD	-1.28852736590048	0.848155604566376	26	12	0.141774452947381	0.907787788614775
K00390	group	GERD	-0.162538423219313	0.273038060961602	26	26	0.557217865217077	0.907787788614775
K00394	group	GERD	0.872217689158427	0.679952278318219	26	26	0.211825781528066	0.907787788614775
K00395	group	GERD	0.872217689158427	0.679952278318219	26	26	0.211825781528066	0.907787788614775
K00404	group	GERD	-0.521104877161458	0.646793272088197	26	26	0.428341343692765	0.907787788614775
K00405	group	GERD	-0.521277804951176	0.647070785895458	26	26	0.428385628264502	0.907787788614775
K00406	group	GERD	-0.484973397402143	0.653734791386237	26	26	0.465376461798602	0.907787788614775
K00407	group	GERD	-0.520742405545185	0.652574245203305	26	26	0.432706323281301	0.907787788614775
K00411	group	GERD	-0.491712921164212	0.640906910482085	26	26	0.450436296178696	0.907787788614775
K00412	group	GERD	-0.490128619494741	0.638359200688807	26	26	0.450097985297897	0.907787788614775
K00413	group	GERD	-0.491603290541636	0.640899550932426	26	26	0.450530938790319	0.907787788614775
K00425	group	GERD	-0.0701387609560334	0.0792974472841156	26	26	0.385200874721905	0.907787788614775
K00426	group	GERD	-0.0701997530016201	0.0792909705593683	26	26	0.384756087654013	0.907787788614775
K00428	group	GERD	-0.165094405181561	0.27588151178233	26	26	0.555162627116136	0.907787788614775
K00432	group	GERD	-0.129394072629119	0.116938601385168	26	26	0.279472736868841	0.907787788614775
K00436	group	GERD	0.839377192725893	0.681417647861164	26	20	0.229953270472504	0.907787788614775
K00446	group	GERD	-0.26047887480836	0.224698076949252	26	3	0.257762708994305	0.907787788614775
K00448	group	GERD	-0.309225749868458	0.260597946221001	26	3	0.246998836825233	0.907787788614775
K00449	group	GERD	-0.228473094576622	0.255328679606827	26	3	0.379770314139626	0.907787788614775
K00450	group	GERD	0.409175541622178	0.676722014175621	26	7	0.551090129886454	0.907787788614775
K00451	group	GERD	-1.43658747763877	0.872281978575052	26	23	0.112605548689358	0.907787788614775
K00452	group	GERD	-0.343812208141694	0.287620836999227	26	3	0.243622372617172	0.907787788614775
K00453	group	GERD	0.235227610013495	0.477213760571841	26	6	0.626549801563879	0.907787788614775
K00455	group	GERD	-0.374581692280505	0.312437178857139	26	3	0.242269961794173	0.907787788614775
K00457	group	GERD	-0.413951287482862	0.759539952546748	26	24	0.590780872713389	0.907787788614775
K00459	group	GERD	0.257325782687317	0.29352763222528	26	26	0.38935881446161	0.907787788614775
K00472	group	GERD	0.334420177446532	0.509462891143687	26	7	0.517800619344878	0.907787788614775
K00477	group	GERD	-0.26047887480836	0.224698076949252	26	3	0.257762708994305	0.907787788614775
K00480	group	GERD	0.609598993891269	0.618785909215925	26	6	0.334376948220861	0.907787788614775
K00481	group	GERD	0.463928703334473	0.660344696575907	26	7	0.489091747849938	0.907787788614775
K00484	group	GERD	-0.664219416164667	0.862269416004219	26	26	0.448629629531826	0.907787788614775
K00491	group	GERD	-0.511241371515158	0.293932823076649	26	3	0.0947919665306795	0.907787788614775
K00496	group	GERD	-0.427145541475026	0.356067909133454	26	3	0.241996911292765	0.907787788614775
K00508	group	GERD	-1.33651081470185	0.687389667556029	26	11	0.0636671392918	0.907787788614775
K00523	group	GERD	-0.751002196211696	0.847713419450234	26	26	0.384454141246323	0.907787788614775
K00525	group	GERD	-0.0398951023693384	0.0425289590514278	26	26	0.357554098760929	0.907787788614775
K00526	group	GERD	-0.101777542607469	0.039380454345676	26	26	0.0162649295831729	0.907787788614775
K00527	group	GERD	-0.0292931522956307	0.0259913114866416	26	26	0.270869775248667	0.907787788614775
K00528	group	GERD	0.171533623292973	0.19905712586603	26	26	0.397364236108226	0.907787788614775
K00529	group	GERD	0.561640479601928	0.6476449608696	26	6	0.394418216505745	0.907787788614775
K00537	group	GERD	-0.124714023380866	0.0861260683080786	26	26	0.160544552329937	0.907787788614775
K00548	group	GERD	0.12456466944069	0.181940919700504	26	26	0.500127791415704	0.907787788614775
K00556	group	GERD	-1.13605856266007	0.705672883761739	26	25	0.120496981058936	0.907787788614775
K00557	group	GERD	-0.191858555497544	0.307380680948877	26	26	0.538402810364263	0.907787788614775
K00558	group	GERD	-0.168321235138697	0.0786341748261597	26	26	0.0426758319131705	0.907787788614775
K00560	group	GERD	-0.0333404043078075	0.0231938552718071	26	26	0.163496465164258	0.907787788614775
K00561	group	GERD	-0.405389737854035	0.473220507207062	26	26	0.400105153367216	0.907787788614775
K00563	group	GERD	-0.169714626699506	0.341112878063188	26	26	0.623341709770689	0.907787788614775
K00564	group	GERD	-0.0710683014720749	0.123886110002135	26	26	0.571536200812445	0.907787788614775
K00567	group	GERD	0.0471015712850214	0.0284624590256921	26	26	0.110972052762802	0.907787788614775
K00568	group	GERD	-0.434451942283199	0.637094734591844	26	26	0.501813865338268	0.907787788614775
K00571	group	GERD	0.173285348269653	0.198352959798792	26	26	0.390982454370121	0.907787788614775
K00573	group	GERD	0.204163683375114	0.246729580406539	26	26	0.416117659361378	0.907787788614775
K00574	group	GERD	0.282940414183978	0.277801306599692	26	26	0.318598721764437	0.907787788614775
K00575	group	GERD	0.195513283545851	0.278458906592126	26	26	0.489354546706868	0.907787788614775
K00588	group	GERD	-0.534808471629142	0.481239031111647	26	26	0.277442023608499	0.907787788614775
K00595	group	GERD	-0.297241903840356	0.206437821774415	26	26	0.16282415801366	0.907787788614775
K00598	group	GERD	-0.574712269060657	0.505062313078494	26	5	0.266393311201481	0.907787788614775
K00604	group	GERD	-0.0148772440885903	0.0253381365380203	26	26	0.562587541141395	0.907787788614775
K00605	group	GERD	-0.112830869354856	0.0927138633249873	26	26	0.235444277695893	0.907787788614775
K00606	group	GERD	-0.0603690394577313	0.0803790160040969	26	26	0.45992118441651	0.907787788614775
K00608	group	GERD	1.14134873502628	0.74792742979381	26	8	0.140077738078389	0.907787788614775
K00610	group	GERD	-0.0505150891110387	0.0848478631567445	26	26	0.55717518309398	0.907787788614775
K00611	group	GERD	0.198733958644858	0.108034362352161	26	26	0.078238109015032	0.907787788614775
K00615	group	GERD	0.0752063914247441	0.0620835465436811	26	26	0.237545211321871	0.907787788614775
K00616	group	GERD	0.129513510242406	0.0670253164874298	26	26	0.065208176740052	0.907787788614775
K00620	group	GERD	0.331686725377036	0.225503520171015	26	26	0.154316484694387	0.907787788614775
K00625	group	GERD	-0.0468717517902441	0.0608814451000995	26	26	0.448879727861562	0.907787788614775
K00631	group	GERD	-0.234162415113799	0.369955807678095	26	26	0.532753422292659	0.907787788614775
K00632	group	GERD	-0.559141465443504	0.495671292718547	26	26	0.270450368928397	0.907787788614775
K00633	group	GERD	-0.231699860207431	0.403223370843064	26	26	0.570896489180681	0.907787788614775
K00639	group	GERD	-0.0969650719178442	0.128354470150334	26	26	0.457331084908381	0.907787788614775
K00645	group	GERD	-0.0445570325365237	0.0270000794592563	26	26	0.111918652654112	0.907787788614775
K00648	group	GERD	-0.0764371614721793	0.0511111795235766	26	26	0.147816574787353	0.907787788614775
K00651	group	GERD	0.0663484131527131	0.116862082921702	26	26	0.575478303506152	0.907787788614775
K00652	group	GERD	-0.580576021796712	0.331403916556134	26	26	0.0925668017625805	0.907787788614775
K00656	group	GERD	0.0295701287643058	0.0384907385010492	26	26	0.449838178080764	0.907787788614775
K00657	group	GERD	-0.234639895764909	0.131622408869087	26	26	0.0872950332748935	0.907787788614775
K00662	group	GERD	0.607649841675558	0.380770876672555	26	26	0.123609415968815	0.907787788614775
K00666	group	GERD	0.255487719443823	0.235918958139048	26	26	0.289592642545606	0.907787788614775
K00675	group	GERD	-0.26047887480836	0.224698076949252	26	3	0.257762708994305	0.907787788614775
K00680	group	GERD	-0.317820547811659	0.238617027116145	26	26	0.195395516515686	0.907787788614775
K00681	group	GERD	-0.394001780135329	0.375099394180604	26	26	0.303999805240558	0.907787788614775
K00684	group	GERD	-0.617859421777089	0.650606215736329	26	26	0.351747226737198	0.907787788614775
K00688	group	GERD	0.0423230515020385	0.0418193993341267	26	26	0.321612237751017	0.907787788614775
K00689	group	GERD	0.43612809506934	0.687040418518721	26	26	0.531569291677212	0.907787788614775
K00690	group	GERD	0.796590890924052	0.303751161994264	26	26	0.0149240053993203	0.907787788614775
K00691	group	GERD	-0.227728051963764	0.392470294137307	26	26	0.567159386843258	0.907787788614775
K00692	group	GERD	0.388983807384373	0.721194030663594	26	26	0.594606900522648	0.907787788614775
K00694	group	GERD	0.412937459242718	0.747709191710779	26	26	0.585870217618352	0.907787788614775
K00697	group	GERD	-0.578170834703443	0.754958761587347	26	26	0.451243558882385	0.907787788614775
K00700	group	GERD	-0.0924760374937837	0.0532578685316876	26	26	0.0953179691752873	0.907787788614775
K00702	group	GERD	1.06918783738762	0.825882075445586	26	21	0.207775534494938	0.907787788614775
K00703	group	GERD	-0.0929706463575874	0.072929684755599	26	26	0.214584779685763	0.907787788614775
K00712	group	GERD	0.536749256839972	0.569155034126032	26	26	0.355045788186589	0.907787788614775
K00720	group	GERD	-0.327738958636403	0.513805380361946	26	26	0.529600406999961	0.907787788614775
K00728	group	GERD	-0.680762790349055	0.521122223751794	26	24	0.203818438496829	0.907787788614775
K00737	group	GERD	1.36507160083049	0.670254580913656	26	19	0.0528620966293138	0.907787788614775
K00745	group	GERD	0.177091355878627	0.257123559894669	26	3	0.497591299527932	0.907787788614775
K00754	group	GERD	-0.343972353632524	0.271558111260156	26	26	0.217431609533742	0.907787788614775
K00756	group	GERD	0.0889345056968057	0.138807971785502	26	26	0.527787300633451	0.907787788614775
K00757	group	GERD	-0.142052257080465	0.133044769970776	26	26	0.296277258706582	0.907787788614775
K00758	group	GERD	0.334581586544181	0.305123818866711	26	26	0.283722224066557	0.907787788614775
K00760	group	GERD	-0.0169699417903828	0.021162898288853	26	26	0.430495400449015	0.907787788614775
K00761	group	GERD	-0.0296998719273951	0.0216356907315782	26	26	0.1825299647095	0.907787788614775
K00764	group	GERD	-0.0141702579732103	0.0195362203966442	26	26	0.475261597506376	0.907787788614775
K00765	group	GERD	0.286054789697093	0.201556789788604	26	26	0.168691028964751	0.907787788614775
K00766	group	GERD	0.11364292756816	0.0807497377474217	26	26	0.172144346411796	0.907787788614775
K00768	group	GERD	0.0836342820219231	0.158715542290544	26	26	0.603069231843876	0.907787788614775
K00769	group	GERD	-0.210242272647254	0.363417731032457	26	26	0.568306836564148	0.907787788614775
K00772	group	GERD	0.233271704941532	0.195218365968727	26	26	0.243790690250973	0.907787788614775
K00773	group	GERD	-0.00856564388787946	0.0171977171238388	26	26	0.622969128176172	0.907787788614775
K00782	group	GERD	0.117879400808114	0.120668168938364	26	26	0.338368926208073	0.907787788614775
K00783	group	GERD	-0.07311260700381	0.0335558896747813	26	26	0.0393931357406134	0.907787788614775
K00784	group	GERD	-0.183793598821963	0.109086300490599	26	26	0.104980104271126	0.907787788614775
K00785	group	GERD	-1.32313652602597	0.669503516555453	26	26	0.0597235250669293	0.907787788614775
K00786	group	GERD	0.836178971705635	0.490459898705581	26	26	0.10112851597582	0.907787788614775
K00788	group	GERD	-0.222224711457467	0.113884145342432	26	26	0.0627851816807037	0.907787788614775
K00789	group	GERD	-0.0100070494968356	0.0208977754748176	26	26	0.636374251562174	0.907787788614775
K00791	group	GERD	-0.0477644276909337	0.0377429401412839	26	26	0.217833669206989	0.907787788614775
K00795	group	GERD	-0.187214886931064	0.306738481763015	26	26	0.547372918733905	0.907787788614775
K00796	group	GERD	-0.0373655267697228	0.0265870488575846	26	26	0.172714782267332	0.907787788614775
K00797	group	GERD	0.137301696471318	0.142784042182827	26	26	0.345837549614464	0.907787788614775
K00800	group	GERD	-0.00938847982426875	0.0189657114272175	26	26	0.625084998306695	0.907787788614775
K00806	group	GERD	-0.00878413902122212	0.0177345010380302	26	26	0.624883537962328	0.907787788614775
K00809	group	GERD	-1.10680195613583	0.706491580168247	26	25	0.130295714663708	0.907787788614775
K00812	group	GERD	0.113481908414561	0.177657395441031	26	26	0.529023121405757	0.907787788614775
K00813	group	GERD	-0.195205063075468	0.319751378294744	26	26	0.547275392329284	0.907787788614775
K00817	group	GERD	0.171558321593484	0.0845774335721017	26	26	0.0537545174677397	0.907787788614775
K00819	group	GERD	-0.653748676752413	0.660655287401824	26	25	0.332268410839452	0.907787788614775
K00820	group	GERD	0.0565819619614947	0.0470633580150283	26	26	0.240994585068926	0.907787788614775
K00821	group	GERD	0.287910187808236	0.24032130369935	26	26	0.24260617777683	0.907787788614775
K00824	group	GERD	0.277710740197841	0.280315657535453	26	26	0.331712440644386	0.907787788614775
K00830	group	GERD	-0.303930310264514	0.265453016106504	26	3	0.263520062941822	0.907787788614775
K00831	group	GERD	-0.0492694433636102	0.0671636027276881	26	26	0.470314507923316	0.907787788614775
K00832	group	GERD	0.122740694412864	0.23130317463956	26	26	0.60053871095172	0.907787788614775
K00833	group	GERD	-0.159194791137475	0.144319122954341	26	26	0.280933027340754	0.907787788614775
K00835	group	GERD	-0.569097333947096	0.832627505769314	26	26	0.500839743245646	0.907787788614775
K00836	group	GERD	-0.480429765032833	0.793840347772726	26	25	0.550728398133034	0.907787788614775
K00842	group	GERD	0.540970638135015	0.419456163828443	26	26	0.209446701497324	0.907787788614775
K00844	group	GERD	0.551136947355446	0.476186359233592	26	26	0.258499536282509	0.907787788614775
K00847	group	GERD	0.131060977186587	0.12038157926901	26	26	0.287092639274806	0.907787788614775
K00848	group	GERD	0.248289776596322	0.181158863176043	26	26	0.183194592079128	0.907787788614775
K00849	group	GERD	-0.0776797480924843	0.0724809094967051	26	26	0.294502009666853	0.907787788614775
K00851	group	GERD	0.162525503942079	0.288660805288872	26	26	0.578635079268377	0.907787788614775
K00852	group	GERD	0.152223376297098	0.142919526662648	26	26	0.297430079428135	0.907787788614775
K00854	group	GERD	0.259400630125857	0.183371186291234	26	26	0.170023454386243	0.907787788614775
K00855	group	GERD	0.214059273334365	0.234981617651867	26	3	0.371374820430231	0.907787788614775
K00857	group	GERD	-0.126309568928865	0.0814228878379347	26	26	0.133922973801078	0.907787788614775
K00858	group	GERD	-0.00863439244886714	0.0177336571887011	26	26	0.630751390866961	0.907787788614775
K00868	group	GERD	0.0629913978854603	0.0800295899356613	26	26	0.438926679327573	0.907787788614775
K00870	group	GERD	-0.455855799138006	0.558480247048715	26	26	0.422389013848989	0.907787788614775
K00872	group	GERD	0.105045178505798	0.0738152879083721	26	26	0.167582387391757	0.907787788614775
K00876	group	GERD	-0.047259505443198	0.0781069824086956	26	26	0.550817102977486	0.907787788614775
K00878	group	GERD	-0.141956248157016	0.204631675706105	26	26	0.494520507642908	0.907787788614775
K00879	group	GERD	0.414039635088022	0.367420151332551	26	26	0.270933197284364	0.907787788614775
K00881	group	GERD	0.628409515068557	0.750899648459911	26	21	0.410918534033583	0.907787788614775
K00882	group	GERD	0.0923660198097928	0.081595262905731	26	26	0.268817469400041	0.907787788614775
K00883	group	GERD	-0.707321855853338	0.739174673150221	26	17	0.348154569695393	0.907787788614775
K00884	group	GERD	-0.247465554931568	0.390380461149423	26	26	0.532136206501537	0.907787788614775
K00885	group	GERD	-0.246885597077387	0.39037293740691	26	26	0.533082038260687	0.907787788614775
K00886	group	GERD	0.334749475908874	0.275180161011048	26	26	0.23563320322375	0.907787788614775
K00891	group	GERD	0.053330113978873	0.0380247843619802	26	26	0.173566765120439	0.907787788614775
K00895	group	GERD	-0.108283497637225	0.142675627664347	26	26	0.455272940368752	0.907787788614775
K00897	group	GERD	0.57591793303377	0.492286238194316	26	26	0.253534613568657	0.907787788614775
K00899	group	GERD	0.305731890834443	0.30146590165335	26	26	0.320626379182527	0.907787788614775
K00901	group	GERD	0.203886481736464	0.166242313407316	26	26	0.231929695920939	0.907787788614775
K00917	group	GERD	0.227118475906215	0.250991427937987	26	26	0.374520653483995	0.907787788614775
K00918	group	GERD	-0.72951875303322	0.792951459981077	26	14	0.366725756062229	0.907787788614775
K00924	group	GERD	1.19128400349578	0.487154596575543	26	26	0.0221827039106895	0.907787788614775
K00925	group	GERD	0.0132187602297457	0.0174909034221516	26	26	0.457152749366328	0.907787788614775
K00926	group	GERD	0.193135295360775	0.190013241295734	26	26	0.319562147025815	0.907787788614775
K00930	group	GERD	0.264775229319121	0.158930765905583	26	26	0.108718428980549	0.907787788614775
K00931	group	GERD	0.111865538956839	0.082040244595342	26	26	0.18536543830205	0.907787788614775
K00936	group	GERD	-0.189585289986966	0.194034086190346	26	26	0.338280112204476	0.907787788614775
K00937	group	GERD	-0.07748540486045	0.1136659591303	26	26	0.501958450051956	0.907787788614775
K00938	group	GERD	0.12061721262411	0.22258981079353	26	26	0.592896273946215	0.907787788614775
K00939	group	GERD	-0.00946073773097171	0.0175523739239432	26	26	0.594851687912025	0.907787788614775
K00940	group	GERD	0.0634923052162954	0.0796427032058444	26	26	0.433143321352355	0.907787788614775
K00941	group	GERD	-0.100288389654785	0.0726219831462876	26	26	0.180014747378047	0.907787788614775
K00942	group	GERD	-0.0104422166843116	0.0211812176345088	26	26	0.626497298555982	0.907787788614775
K00943	group	GERD	0.0588640627038357	0.0509967661039556	26	26	0.259754074372408	0.907787788614775
K00945	group	GERD	-0.0126095840402884	0.0187266881828962	26	26	0.507158754018114	0.907787788614775
K00949	group	GERD	-0.11723102106883	0.0798575519378806	26	26	0.155088477176337	0.907787788614775
K00950	group	GERD	-0.0390752376491449	0.0637860965788921	26	26	0.545903481018421	0.907787788614775
K00951	group	GERD	-0.0547720033557069	0.0412283067133288	26	26	0.196506199470919	0.907787788614775
K00952	group	GERD	0.961969349797568	0.725005069458888	26	26	0.197046602475002	0.907787788614775
K00954	group	GERD	-0.00874595568756601	0.0177500949425023	26	26	0.62668312170235	0.907787788614775
K00955	group	GERD	-0.207074305475479	0.390796282965799	26	3	0.601064795296703	0.907787788614775
K00962	group	GERD	-0.00902933342557186	0.0178169571249552	26	26	0.61693162657276	0.907787788614775
K00963	group	GERD	0.0827678868152793	0.0618446391807907	26	26	0.193334266939981	0.907787788614775
K00968	group	GERD	0.221662678166743	0.344656936740823	26	26	0.526230996218709	0.907787788614775
K00969	group	GERD	-0.0423033947095296	0.042171271032252	26	26	0.32580405239123	0.907787788614775
K00972	group	GERD	0.684271572343049	0.800440977965241	26	22	0.401077588045673	0.907787788614775
K00973	group	GERD	0.0509535875037213	0.0627461690605084	26	26	0.42473948686052	0.907787788614775
K00974	group	GERD	-0.0639419395152863	0.0968720094423277	26	26	0.515496707452861	0.907787788614775
K00978	group	GERD	0.31568286095816	0.271125585480602	26	26	0.255729609221059	0.907787788614775
K00980	group	GERD	0.125536883631697	0.169160776264748	26	26	0.465218616214365	0.907787788614775
K00981	group	GERD	-0.0493878613157532	0.0337459046465274	26	26	0.156299818027004	0.907787788614775
K00986	group	GERD	1.4049495223341	0.965960924487166	26	20	0.15877383665001	0.907787788614775
K00989	group	GERD	0.213787370348712	0.1055607935485	26	26	0.0541011454717205	0.907787788614775
K00990	group	GERD	-0.201246457454195	0.311110622548286	26	26	0.523858542079067	0.907787788614775
K00991	group	GERD	-0.0588464715361823	0.054588252723613	26	26	0.291747268138543	0.907787788614775
K00992	group	GERD	-0.585401129117492	0.788689855508878	26	26	0.465141768207166	0.907787788614775
K00993	group	GERD	-0.498827620980979	0.930895131725858	26	16	0.596988387291857	0.907787788614775
K00995	group	GERD	0.0515165445532195	0.063375995920473	26	26	0.42428238876458	0.907787788614775
K00997	group	GERD	0.081510683401082	0.0739740085771229	26	26	0.281440634856782	0.907787788614775
K00998	group	GERD	-0.247465554931568	0.390380461149423	26	26	0.532136206501537	0.907787788614775
K01000	group	GERD	-0.0122686112887427	0.017482227108282	26	26	0.489568878449905	0.907787788614775
K01002	group	GERD	0.364717299864833	0.374696630055741	26	26	0.340080046178614	0.907787788614775
K01004	group	GERD	0.524962737098281	0.343631471514181	26	26	0.139662434202377	0.907787788614775
K01006	group	GERD	0.0870052334560206	0.118302683465268	26	26	0.46919471153415	0.907787788614775
K01007	group	GERD	0.261628049303385	0.203802787489726	26	26	0.21149220387901	0.907787788614775
K01008	group	GERD	0.209264996143894	0.205600061640292	26	26	0.31891226733515	0.907787788614775
K01011	group	GERD	-0.0852887033180153	0.153230036274957	26	26	0.582950330994794	0.907787788614775
K01012	group	GERD	-0.106121107310302	0.106702297792348	26	26	0.329875892459824	0.907787788614775
K01026	group	GERD	0.242154610449887	0.363501737255116	26	26	0.511654488299637	0.907787788614775
K01028	group	GERD	-0.856008168982646	0.746778816775793	26	25	0.262985208684222	0.907787788614775
K01029	group	GERD	-0.854165183533764	0.75534820687641	26	25	0.269303759645094	0.907787788614775
K01031	group	GERD	0.257147143832978	0.463576203873556	26	6	0.584230792508788	0.907787788614775
K01032	group	GERD	0.257147143832978	0.463576203873556	26	6	0.584230792508788	0.907787788614775
K01042	group	GERD	-0.161656913523777	0.250107639296566	26	26	0.524186403584568	0.907787788614775
K01046	group	GERD	-0.475433908129821	0.530065736924298	26	26	0.378663658387917	0.907787788614775
K01048	group	GERD	-0.24258856618364	0.313001042518434	26	26	0.445885159502118	0.907787788614775
K01055	group	GERD	-0.678441092444863	0.558143235706703	26	9	0.235985359395782	0.907787788614775
K01056	group	GERD	-0.00847441199665025	0.0179041770179179	26	26	0.640261525618976	0.907787788614775
K01057	group	GERD	-0.0429217881790605	0.0861616537827067	26	26	0.622909743754589	0.907787788614775
K01058	group	GERD	-0.486978117932605	0.610372822347766	26	26	0.432788687619772	0.907787788614775
K01066	group	GERD	0.887629094501006	0.691513712263496	26	25	0.211536421582754	0.907787788614775
K01069	group	GERD	-0.279936212526081	0.292395592721556	26	26	0.347916765337418	0.907787788614775
K01070	group	GERD	-0.530755806938342	0.820440555948081	26	26	0.523826105903415	0.907787788614775
K01077	group	GERD	0.233422848536375	0.231828322642416	26	26	0.32403767617399	0.907787788614775
K01079	group	GERD	-0.101883649470838	0.0794486091982817	26	26	0.2119563758402	0.907787788614775
K01081	group	GERD	0.18457947523939	0.173099416556309	26	26	0.296888682791462	0.907787788614775
K01083	group	GERD	-1.32970653126778	0.931597795254732	26	13	0.166364541441716	0.907787788614775
K01085	group	GERD	0.119923618465457	0.204941947468755	26	26	0.563902654111484	0.907787788614775
K01087	group	GERD	-0.566286996475524	0.783898169751086	26	24	0.477030172655295	0.907787788614775
K01089	group	GERD	-0.463439753423069	0.442938787821453	26	26	0.305853720130364	0.907787788614775
K01090	group	GERD	0.0713424716552139	0.10938360596184	26	26	0.520455854104098	0.907787788614775
K01091	group	GERD	0.101900509967256	0.095024975842929	26	26	0.29422565892264	0.907787788614775
K01095	group	GERD	-0.227642837119903	0.29124736248702	26	26	0.442084757966005	0.907787788614775
K01096	group	GERD	-0.259825173472019	0.391768119554784	26	26	0.513515323067967	0.907787788614775
K01101	group	GERD	-0.332554017637742	0.252634849602669	26	26	0.200492853241019	0.907787788614775
K01113	group	GERD	-1.5988134965522	0.781074599781112	26	26	0.0517642625244847	0.907787788614775
K01114	group	GERD	-0.414627467842387	0.280460519822754	26	4	0.15231121887652	0.907787788614775
K01121	group	GERD	-0.45910463805438	0.560158826277792	26	26	0.420510936278879	0.907787788614775
K01139	group	GERD	-0.276246737976628	0.313600106395369	26	26	0.387114765534018	0.907787788614775
K01141	group	GERD	-0.246584244537544	0.39043334731969	26	26	0.533640740136311	0.907787788614775
K01142	group	GERD	-0.0927803763085675	0.0476832923286876	26	26	0.0634853191220288	0.907787788614775
K01144	group	GERD	-0.813385200774331	0.535227759330509	26	26	0.141652170044741	0.907787788614775
K01147	group	GERD	-0.189743277116168	0.314738050685843	26	26	0.552255920009635	0.907787788614775
K01151	group	GERD	0.16200944508144	0.124152437021853	26	26	0.204292771663876	0.907787788614775
K01153	group	GERD	0.053688121597938	0.106415727995536	26	26	0.618501756831094	0.907787788614775
K01154	group	GERD	-0.0857575937974886	0.106169622298963	26	26	0.427173261175999	0.907787788614775
K01155	group	GERD	-0.291151274554468	0.298634886303693	26	26	0.339314769625042	0.907787788614775
K01156	group	GERD	-0.104143628539429	0.173892365739176	26	26	0.554852943121888	0.907787788614775
K01160	group	GERD	0.388982809554616	0.238669552256356	26	3	0.116200812870856	0.907787788614775
K01163	group	GERD	-0.0777994349198294	0.13564060843843	26	26	0.571594794045543	0.907787788614775
K01166	group	GERD	-0.247126842702717	0.390403333141336	26	26	0.532716869265206	0.907787788614775
K01167	group	GERD	0.257147143832978	0.463576203873556	26	6	0.584230792508788	0.907787788614775
K01169	group	GERD	-0.337137454257877	0.682988112866771	26	6	0.626060797933959	0.907787788614775
K01173	group	GERD	-0.278966600577174	0.185334488743316	26	26	0.14531955047141	0.907787788614775
K01174	group	GERD	0.133733489353628	0.273779681795636	26	26	0.629649688751964	0.907787788614775
K01175	group	GERD	-0.247465554931568	0.390380461149423	26	26	0.532136206501537	0.907787788614775
K01176	group	GERD	0.140803581097922	0.15398094833412	26	26	0.369591182319113	0.907787788614775
K01179	group	GERD	0.322021417923328	0.359831737174088	26	26	0.379716526128387	0.907787788614775
K01181	group	GERD	1.05448042487843	0.467711641843759	26	26	0.0335613754256297	0.907787788614775
K01182	group	GERD	0.270537073212003	0.258072674913205	26	26	0.30494402868497	0.907787788614775
K01186	group	GERD	-0.135332872061552	0.145135286576221	26	26	0.360385240202521	0.907787788614775
K01187	group	GERD	0.12294307408281	0.167522593706881	26	26	0.470125447145543	0.907787788614775
K01190	group	GERD	-0.11889600597845	0.132111923159211	26	26	0.377081208001222	0.907787788614775
K01192	group	GERD	-1.40747514429706	0.747230703837175	26	26	0.0717934943283984	0.907787788614775
K01193	group	GERD	0.154089868994459	0.131078169734836	26	26	0.251302478901755	0.907787788614775
K01197	group	GERD	-0.361584522386076	0.170265698057081	26	26	0.0442033317589206	0.907787788614775
K01198	group	GERD	0.221454437727825	0.35663493278425	26	26	0.540481969261981	0.907787788614775
K01201	group	GERD	-0.623917434027247	0.685180230670482	26	25	0.371567422761616	0.907787788614775
K01205	group	GERD	-0.496547522620077	0.468194990915891	26	26	0.299448116836537	0.907787788614775
K01206	group	GERD	-0.0776157628476951	0.142718614533654	26	26	0.591569902698587	0.907787788614775
K01207	group	GERD	0.131060334071312	0.183927086037775	26	26	0.482984645778911	0.907787788614775
K01209	group	GERD	0.176181821391834	0.349439618859955	26	26	0.618729573672813	0.907787788614775
K01210	group	GERD	0.611894737007041	0.441428353352417	26	26	0.17843976734058	0.907787788614775
K01215	group	GERD	-0.297205811937567	0.396311298109305	26	26	0.46058562227089	0.907787788614775
K01220	group	GERD	0.285879189234811	0.306165186885114	26	26	0.359737080692931	0.907787788614775
K01222	group	GERD	0.195949043510351	0.230573214639446	26	26	0.403815541767752	0.907787788614775
K01223	group	GERD	0.241300614345569	0.204158993021328	26	26	0.248814231491199	0.907787788614775
K01224	group	GERD	0.311979286298915	0.268021924264159	26	26	0.255862825103278	0.907787788614775
K01226	group	GERD	0.289679424867918	0.227644261671944	26	26	0.215382836712079	0.907787788614775
K01227	group	GERD	-0.463830617165307	0.479425489572326	26	26	0.342957277608981	0.907787788614775
K01232	group	GERD	0.616611652561401	0.419788441644704	26	26	0.154856498991395	0.907787788614775
K01235	group	GERD	-0.611486681563319	0.574695286268625	26	26	0.297908917197899	0.907787788614775
K01236	group	GERD	-0.631371454375928	0.926380142448127	26	22	0.502049903282352	0.907787788614775
K01250	group	GERD	1.88063313064457	0.808726515800334	26	25	0.0288258545801722	0.907787788614775
K01251	group	GERD	0.311220972460947	0.20378762842392	26	26	0.139788284316771	0.907787788614775
K01255	group	GERD	-0.162009184416437	0.168503333207372	26	26	0.345908494265275	0.907787788614775
K01256	group	GERD	0.108969328768349	0.164859388210839	26	26	0.514918469027678	0.907787788614775
K01258	group	GERD	-0.0435675015271285	0.0535557776309861	26	26	0.42393039678775	0.907787788614775
K01259	group	GERD	-0.396792772209452	0.293165507793615	26	26	0.188514392623315	0.907787788614775
K01261	group	GERD	-0.218017974409765	0.381349707115143	26	26	0.572840643313166	0.907787788614775
K01266	group	GERD	-0.333542029481324	0.48668160308724	26	26	0.499696482955497	0.907787788614775
K01267	group	GERD	0.237944336900341	0.191921092468129	26	26	0.22703441399666	0.907787788614775
K01269	group	GERD	-0.429537179541146	0.545281573764848	26	26	0.438563139888679	0.907787788614775
K01270	group	GERD	-0.0987479538782603	0.132745984293128	26	26	0.464166357081049	0.907787788614775
K01271	group	GERD	-0.108728651757956	0.0775106309425493	26	26	0.173493442756327	0.907787788614775
K01273	group	GERD	0.333554301015599	0.31470184261734	26	26	0.299738336061993	0.907787788614775
K01277	group	GERD	-0.198073557135009	0.153770855087756	26	26	0.20998942651149	0.907787788614775
K01278	group	GERD	-0.219981578022777	0.149163865193299	26	26	0.153274274770057	0.907787788614775
K01284	group	GERD	-0.233898303476807	0.143858078531991	26	26	0.117032516833513	0.907787788614775
K01286	group	GERD	0.332388695941805	0.186219087544133	26	26	0.0869187650183197	0.907787788614775
K01295	group	GERD	-0.271470006743101	0.43821487949175	26	26	0.541430191583049	0.907787788614775
K01297	group	GERD	0.263019085982418	0.234984516496625	26	26	0.274088121005228	0.907787788614775
K01299	group	GERD	-0.189655891927186	0.145318879795488	26	26	0.204233138242259	0.907787788614775
K01303	group	GERD	-0.44251997905284	0.533801541580376	26	26	0.415275107747709	0.907787788614775
K01305	group	GERD	-0.382657575277456	0.424970478544233	26	26	0.376836646569067	0.907787788614775
K01308	group	GERD	0.577242292643174	0.344601043694817	26	26	0.106896726714824	0.907787788614775
K01347	group	GERD	-0.292049975092747	0.388142763936509	26	26	0.459109790557358	0.907787788614775
K01354	group	GERD	0.19691441033444	0.268198323741438	26	26	0.469932554820671	0.907787788614775
K01356	group	GERD	0.120418740846937	0.0803992263961664	26	26	0.147233602698757	0.907787788614775
K01361	group	GERD	0.529179727354004	0.327310989020138	26	26	0.119002555653805	0.907787788614775
K01372	group	GERD	-0.0585830760357763	0.104561181522377	26	26	0.580484354083841	0.907787788614775
K01407	group	GERD	-0.398297056018051	0.524792449293726	26	24	0.455265723287389	0.907787788614775
K01414	group	GERD	-0.182152784214547	0.310551493417085	26	26	0.562985448294213	0.907787788614775
K01420	group	GERD	-0.0725279307276379	0.0961687415742621	26	26	0.458081310753203	0.907787788614775
K01421	group	GERD	0.125912546439376	0.206930546820198	26	26	0.54858710538062	0.907787788614775
K01424	group	GERD	-0.0423762848908123	0.0274427168212631	26	26	0.135631311901744	0.907787788614775
K01425	group	GERD	-0.273500085148771	0.23006206604391	26	26	0.24614458956209	0.907787788614775
K01428	group	GERD	-0.615682513540567	0.79775109740154	26	26	0.447782156095305	0.907787788614775
K01429	group	GERD	-0.588701877780822	0.798325243214096	26	26	0.468015200897243	0.907787788614775
K01430	group	GERD	-0.588701877780822	0.798325243214096	26	26	0.468015200897243	0.907787788614775
K01432	group	GERD	0.240344322068842	0.473988234670642	26	6	0.61673464939864	0.907787788614775
K01433	group	GERD	0.126712766986411	0.184352294118474	26	26	0.498457254172396	0.907787788614775
K01434	group	GERD	-0.581004799627575	0.668233461808488	26	23	0.393206209534421	0.907787788614775
K01440	group	GERD	-0.488940117271462	0.639672949028324	26	25	0.452103271098287	0.907787788614775
K01443	group	GERD	-0.0690881138366072	0.0921755372972351	26	26	0.460823614747998	0.907787788614775
K01444	group	GERD	-0.762096099944182	0.617479563407502	26	22	0.22907590565416	0.907787788614775
K01446	group	GERD	-0.328316186192478	0.422663188742994	26	4	0.444877752929626	0.907787788614775
K01447	group	GERD	-1.00158116330845	0.499088308290578	26	26	0.0561603431370714	0.907787788614775
K01449	group	GERD	0.415003053674067	0.357310446983504	26	26	0.256875037725777	0.907787788614775
K01451	group	GERD	-0.856950040155658	0.674609797766861	26	26	0.21615869837436	0.907787788614775
K01453	group	GERD	-0.162155481789946	0.246103716714761	26	4	0.516238188044661	0.907787788614775
K01460	group	GERD	-0.239653181420282	0.381095767054203	26	26	0.535385379480657	0.907787788614775
K01464	group	GERD	-0.187401680669024	0.225862961357483	26	26	0.414877480056178	0.907787788614775
K01468	group	GERD	-0.22916880875866	0.159434486696024	26	26	0.163519438879818	0.907787788614775
K01469	group	GERD	1.05402424101546	0.704805790718511	26	7	0.147823281090906	0.907787788614775
K01473	group	GERD	0.734937994465884	0.659520206921881	26	6	0.276163502500061	0.907787788614775
K01474	group	GERD	0.734937994465884	0.659520206921881	26	6	0.276163502500061	0.907787788614775
K01477	group	GERD	-0.309225749868458	0.260597946221001	26	3	0.246998836825233	0.907787788614775
K01478	group	GERD	0.179988865099646	0.25753474110031	26	26	0.491337702370593	0.907787788614775
K01479	group	GERD	-0.313810927492767	0.344566165254219	26	26	0.37148822686124	0.907787788614775
K01480	group	GERD	0.518500441059121	0.410338469204508	26	26	0.218513233267438	0.907787788614775
K01482	group	GERD	0.358760588598493	0.509825813601023	26	14	0.488395870707732	0.907787788614775
K01483	group	GERD	0.309399330953748	0.492718042731566	26	21	0.535970642179344	0.907787788614775
K01486	group	GERD	-0.161327569219584	0.179264833530128	26	26	0.377093919592887	0.907787788614775
K01488	group	GERD	0.289380499574463	0.209646441810911	26	26	0.180208634653562	0.907787788614775
K01491	group	GERD	-0.00875900451602489	0.0177488001279699	26	26	0.626146304906876	0.907787788614775
K01492	group	GERD	0.778887616955561	0.64004838185947	26	25	0.235466532659086	0.907787788614775
K01493	group	GERD	-0.079424630669459	0.0681195359060338	26	26	0.255087450266852	0.907787788614775
K01494	group	GERD	0.165223260252044	0.137848898090189	26	26	0.242392128769198	0.907787788614775
K01495	group	GERD	0.0425557101743118	0.0642085771434945	26	26	0.513791385591674	0.907787788614775
K01496	group	GERD	0.124532644566375	0.19190465890211	26	26	0.52254562861164	0.907787788614775
K01497	group	GERD	-0.129303524512913	0.233854012584468	26	26	0.585429309893635	0.907787788614775
K01501	group	GERD	-0.476707112375792	0.648840449978529	26	26	0.469636939822652	0.907787788614775
K01505	group	GERD	-0.669664161228139	0.425845469734751	26	26	0.128914226478528	0.907787788614775
K01515	group	GERD	0.0617764625625642	0.039766836815459	26	26	0.133400441370705	0.907787788614775
K01520	group	GERD	-0.0393393401102375	0.0340277209746019	26	26	0.259020840943048	0.907787788614775
K01521	group	GERD	0.470835744527741	0.397814816818089	26	7	0.248180232163499	0.907787788614775
K01523	group	GERD	0.128785289640483	0.192672998559163	26	26	0.510247623444935	0.907787788614775
K01524	group	GERD	0.0490870600215607	0.0862800792751427	26	26	0.574691803742133	0.907787788614775
K01525	group	GERD	-0.184346175363427	0.311546159303186	26	26	0.559575330890488	0.907787788614775
K01533	group	GERD	-0.0678075356998048	0.0738373115103274	26	26	0.367580054633963	0.907787788614775
K01534	group	GERD	0.0702860325671465	0.10366508009534	26	26	0.504249871208714	0.907787788614775
K01546	group	GERD	-0.433397328333821	0.905459871991468	26	22	0.63652031199494	0.907787788614775
K01547	group	GERD	-0.440855911660429	0.900617689800157	26	22	0.628929256251092	0.907787788614775
K01555	group	GERD	-0.577733230610634	0.788326205116221	26	24	0.470741294598232	0.907787788614775
K01556	group	GERD	-0.625643507292585	0.627528338729707	26	22	0.328712813343238	0.907787788614775
K01560	group	GERD	-0.199831662645984	0.356908642791981	26	26	0.580739275382542	0.907787788614775
K01561	group	GERD	-0.921135431199679	1.39110555123566	26	16	0.514176859195919	0.907787788614775
K01567	group	GERD	1.06784281240662	0.45729928929535	26	26	0.0282286632756015	0.907787788614775
K01571	group	GERD	0.32949302849538	0.257767073781683	26	26	0.213382723121142	0.907787788614775
K01574	group	GERD	-0.26047887480836	0.224698076949252	26	3	0.257762708994305	0.907787788614775
K01576	group	GERD	-0.24842863649808	0.30925926047628	26	4	0.429684559472187	0.907787788614775
K01578	group	GERD	0.261500312497499	0.404931173911722	26	5	0.524542750516075	0.907787788614775
K01580	group	GERD	-0.603074325370372	0.513292591742556	26	26	0.251555029259191	0.907787788614775
K01581	group	GERD	0.201002016435103	0.249784542775705	26	26	0.428891914174951	0.907787788614775
K01583	group	GERD	-0.463830617165307	0.479425489572326	26	26	0.342957277608981	0.907787788614775
K01586	group	GERD	0.0748623015386154	0.0308336544266107	26	26	0.0230521220586146	0.907787788614775
K01588	group	GERD	-0.0123166019056272	0.0174842040095444	26	26	0.487937698761088	0.907787788614775
K01591	group	GERD	0.0155552454475153	0.0268547687966741	26	26	0.56782758883997	0.907787788614775
K01595	group	GERD	-0.136359317899331	0.164762203064146	26	26	0.416043609631992	0.907787788614775
K01596	group	GERD	0.295748393262529	0.270041120063709	26	26	0.284299527480114	0.907787788614775
K01601	group	GERD	0.248872739221413	0.30035722224218	26	26	0.415501529427858	0.907787788614775
K01607	group	GERD	0.151809876853766	0.250046294122651	26	26	0.549467962778874	0.907787788614775
K01608	group	GERD	2.65286925450606	1.29246822441551	26	17	0.0511735542329326	0.907787788614775
K01609	group	GERD	0.164190785264051	0.147930798608446	26	26	0.278032654961611	0.907787788614775
K01610	group	GERD	0.18927557354991	0.180102619214466	26	26	0.303757292495025	0.907787788614775
K01611	group	GERD	0.293885946467267	0.25414037971536	26	26	0.258902406143213	0.907787788614775
K01613	group	GERD	-0.0538036917802818	0.0940583153184193	26	26	0.572624678666005	0.907787788614775
K01615	group	GERD	0.281703616813243	0.284954260748071	26	26	0.332725303386121	0.907787788614775
K01616	group	GERD	-0.368248087413417	0.779820346856645	26	24	0.641034151558915	0.907787788614775
K01617	group	GERD	-0.297175511558178	0.342027777354186	26	4	0.393527878825772	0.907787788614775
K01620	group	GERD	0.218762084305964	0.184576396595858	26	26	0.247537186915701	0.907787788614775
K01621	group	GERD	0.287596882938929	0.261290512599128	26	26	0.281954037300904	0.907787788614775
K01623	group	GERD	0.176452204758739	0.335608519358364	26	26	0.603874086468938	0.907787788614775
K01625	group	GERD	0.085585651720881	0.173154771579948	26	26	0.625607602030895	0.907787788614775
K01628	group	GERD	0.22761777989028	0.151497112104966	26	26	0.146024036672759	0.907787788614775
K01631	group	GERD	-0.340169664190154	0.477860954213481	26	4	0.48341490272734	0.907787788614775
K01633	group	GERD	-0.0785168767247696	0.0441841045393513	26	26	0.0882397109783796	0.907787788614775
K01635	group	GERD	0.181513913278872	0.243963262087783	26	26	0.464086226935046	0.907787788614775
K01639	group	GERD	-0.216407733759486	0.126334786667111	26	26	0.0996093978580089	0.907787788614775
K01641	group	GERD	0.118302924287432	0.221696334043826	26	26	0.598508306486693	0.907787788614775
K01643	group	GERD	0.202717487409307	0.268630041066054	26	26	0.457809845120009	0.907787788614775
K01644	group	GERD	0.075060978416372	0.136744001880782	26	26	0.58813407329405	0.907787788614775
K01646	group	GERD	0.205258576799148	0.268708933866147	26	26	0.452389752902358	0.907787788614775
K01649	group	GERD	0.116367340560287	0.0675852855115243	26	26	0.0979747822902195	0.907787788614775
K01652	group	GERD	0.136191880239591	0.0720830788417805	26	26	0.0709822894682894	0.907787788614775
K01653	group	GERD	0.159295045962933	0.0812347097054905	26	26	0.0615921473906673	0.907787788614775
K01654	group	GERD	0.23536359664512	0.260296747783027	26	26	0.374870045099839	0.907787788614775
K01657	group	GERD	0.149603114333016	0.0734902049858253	26	26	0.0529653732802297	0.907787788614775
K01658	group	GERD	-0.0377987604541089	0.0511656348763184	26	26	0.467220862668002	0.907787788614775
K01659	group	GERD	-0.530087825261974	0.823582366540126	26	26	0.525914313369428	0.907787788614775
K01661	group	GERD	0.102475781396771	0.127062794463338	26	26	0.427876202288575	0.907787788614775
K01664	group	GERD	-0.276187420596715	0.153751445127738	26	26	0.0850427885582623	0.907787788614775
K01665	group	GERD	-0.275545283333167	0.187700342639388	26	26	0.15508723728093	0.907787788614775
K01666	group	GERD	-0.398533107922545	0.415973784452971	26	26	0.347578789080296	0.907787788614775
K01667	group	GERD	-0.600493877476453	0.287578384788763	26	26	0.0475744398590502	0.907787788614775
K01668	group	GERD	-0.213285392560571	0.321964372049653	26	26	0.513994522123464	0.907787788614775
K01673	group	GERD	-0.0643680459093706	0.0577278477668554	26	26	0.275880576927059	0.907787788614775
K01676	group	GERD	-0.170907615411297	0.114699318196125	26	26	0.149237246463284	0.907787788614775
K01679	group	GERD	0.105234718677647	0.095657831639726	26	26	0.282194124772106	0.907787788614775
K01681	group	GERD	0.0793771986748709	0.15149221110054	26	26	0.605105819329893	0.907787788614775
K01682	group	GERD	-0.510035973108344	0.648190991473305	26	26	0.439064909580046	0.907787788614775
K01684	group	GERD	-0.450345416007146	0.389735937113264	26	6	0.259254580378281	0.907787788614775
K01685	group	GERD	0.296464435839498	0.278693412909202	26	26	0.298021422228762	0.907787788614775
K01686	group	GERD	0.29330043156231	0.201271705221048	26	26	0.158012130555085	0.907787788614775
K01687	group	GERD	0.137528685494734	0.0637662744232588	26	26	0.0412572047135806	0.907787788614775
K01689	group	GERD	-0.0090227493955001	0.0177289139080071	26	26	0.615449491270871	0.907787788614775
K01690	group	GERD	-0.703959956714073	0.864750444303444	26	26	0.423613655038573	0.907787788614775
K01692	group	GERD	-0.559608506978352	0.923213479086605	26	25	0.550103962164402	0.907787788614775
K01693	group	GERD	0.290183012754376	0.17618362790211	26	26	0.112581000974971	0.907787788614775
K01695	group	GERD	0.150207858086407	0.0718837757954761	26	26	0.04742879886054	0.907787788614775
K01696	group	GERD	0.0636519886557654	0.0795331809329174	26	26	0.431376773991134	0.907787788614775
K01697	group	GERD	-1.0766926949371	0.715192907210208	26	26	0.145255218899947	0.907787788614775
K01703	group	GERD	0.128328903048061	0.0574333937119112	26	26	0.0350319609172436	0.907787788614775
K01704	group	GERD	0.12968861679046	0.0579450258377904	26	26	0.0347550037675392	0.907787788614775
K01707	group	GERD	0.302925359748847	0.436744340415379	26	6	0.494592644153449	0.907787788614775
K01708	group	GERD	0.257147143832978	0.463576203873556	26	6	0.584230792508788	0.907787788614775
K01709	group	GERD	0.491796314336111	0.304338659881842	26	26	0.119175768023407	0.907787788614775
K01711	group	GERD	-0.0899167974695689	0.141381390541835	26	26	0.530803286942858	0.907787788614775
K01712	group	GERD	-0.230560470502936	0.159133102347771	26	26	0.160319462328412	0.907787788614775
K01713	group	GERD	-0.474988297678064	0.714251198452294	26	21	0.512380766831815	0.907787788614775
K01714	group	GERD	0.047085217558546603	0.04276267479624	26	26	0.281781914417587	0.907787788614775
K01716	group	GERD	-0.223372236235636	0.373648316426634	26	26	0.555563572965678	0.907787788614775
K01719	group	GERD	-0.0696480272904865	0.0618252255757095	26	26	0.271079295582548	0.907787788614775
K01720	group	GERD	-0.919080332362548	0.844329320866934	26	20	0.287170400075967	0.907787788614775
K01724	group	GERD	-0.575229410616859	0.786297506686653	26	24	0.471516190161255	0.907787788614775
K01729	group	GERD	-0.26047887480836	0.224698076949252	26	3	0.257762708994305	0.907787788614775
K01733	group	GERD	0.0610364893468395	0.0441533029315119	26	26	0.179586469756862	0.907787788614775
K01734	group	GERD	0.0853539145587224	0.153568854438567	26	26	0.583490859820457	0.907787788614775
K01739	group	GERD	0.0645488912897792	0.0776338558924721	26	26	0.413914060514553	0.907787788614775
K01744	group	GERD	-0.0371784583140464	0.0762968546189579	26	26	0.63047629944915	0.907787788614775
K01745	group	GERD	-0.231868958257461	0.158379512721475	26	26	0.156167797465727	0.907787788614775
K01746	group	GERD	0.265220985189916	0.260385583899581	26	26	0.318565718016368	0.907787788614775
K01750	group	GERD	-0.265031186169199	0.362860200195705	26	26	0.472219177210217	0.907787788614775
K01752	group	GERD	-0.0422805628968727	0.0408682141792741	26	26	0.311187736952681	0.907787788614775
K01753	group	GERD	-0.23525853851393	0.488881256018509	26	26	0.634719861976512	0.907787788614775
K01754	group	GERD	0.0707593604974707	0.0549121724870862	26	26	0.209824119716856	0.907787788614775
K01755	group	GERD	0.234503187420429	0.127906410495063	26	26	0.0791762922053845	0.907787788614775
K01759	group	GERD	-0.0579371981093148	0.0705937954419688	26	26	0.419887687707088	0.907787788614775
K01760	group	GERD	0.0606218931566881	0.109264481493543	26	26	0.584153452844927	0.907787788614775
K01766	group	GERD	-0.247465554931568	0.390380461149423	26	26	0.532136206501537	0.907787788614775
K01768	group	GERD	0.270684766807542	0.27230214057971	26	26	0.330110820073772	0.907787788614775
K01770	group	GERD	-0.0603742983014579	0.0565716529734752	26	26	0.296491483255582	0.907787788614775
K01772	group	GERD	-0.0510913717626676	0.0893361373258176	26	26	0.572707640486915	0.907787788614775
K01775	group	GERD	0.0258774075516085	0.0455319614115204	26	26	0.575087196398987	0.907787788614775
K01776	group	GERD	-0.0246231615582628	0.0219384378024498	26	26	0.272806433508083	0.907787788614775
K01777	group	GERD	-0.372754764970235	0.365342327063286	26	26	0.317766738465125	0.907787788614775
K01778	group	GERD	0.135026499888609	0.0746163773200153	26	26	0.0828988152129096	0.907787788614775
K01779	group	GERD	0.310096948461793	0.171517570142697	26	26	0.0831624018046279	0.907787788614775
K01782	group	GERD	-0.59018483499897	0.585681649709971	26	23	0.323656154054283	0.907787788614775
K01785	group	GERD	-0.0550651911854901	0.063521957417261	26	26	0.394598471044661	0.907787788614775
K01787	group	GERD	-0.381632328200749	0.188995960382359	26	26	0.0547630650477925	0.907787788614775
K01788	group	GERD	0.116461767031405	0.114086843040556	26	26	0.317521686917559	0.907787788614775
K01792	group	GERD	0.137711702445758	0.218197717728734	26	26	0.533918949440838	0.907787788614775
K01800	group	GERD	0.396528493489952	0.54216916985857	26	5	0.471631888460044	0.907787788614775
K01802	group	GERD	-0.207131119820581	0.138817621097194	26	26	0.148699647527954	0.907787788614775
K01803	group	GERD	-0.01125732011471	0.0215251412081466	26	26	0.605780085131662	0.907787788614775
K01804	group	GERD	0.262343112670509	0.374265795898652	26	26	0.490072674415281	0.907787788614775
K01805	group	GERD	0.212294919294873	0.25449639823447	26	26	0.412407764968101	0.907787788614775
K01807	group	GERD	-0.2027304503638	0.253655641589002	26	26	0.431993439134875	0.907787788614775
K01808	group	GERD	0.0433608727236392	0.0799984462769708	26	26	0.59280109557837	0.907787788614775
K01809	group	GERD	-0.0500154744758305	0.0732682422962888	26	26	0.501373936561655	0.907787788614775
K01811	group	GERD	0.333515390936056	0.261750006949882	26	26	0.21480178882525	0.907787788614775
K01812	group	GERD	0.197044486159493	0.169851695282259	26	26	0.257420073788594	0.907787788614775
K01814	group	GERD	0.259943457105169	0.127455265329077	26	26	0.0525570353527658	0.907787788614775
K01816	group	GERD	0.334040933016067	0.667711902855588	26	24	0.621436559401293	0.907787788614775
K01817	group	GERD	0.0632942214738949	0.106672692484898	26	26	0.558497996461722	0.907787788614775
K01818	group	GERD	0.505801255401226	0.27790677946238	26	26	0.0812484406965466	0.907787788614775
K01826	group	GERD	0.344220640710815	0.476330383001994	26	7	0.476877902923272	0.907787788614775
K01834	group	GERD	-0.0634814061846847	0.10807005332725	26	26	0.562414807501351	0.907787788614775
K01835	group	GERD	-0.0351072108415695	0.0331475842705157	26	26	0.300089519137309	0.907787788614775
K01838	group	GERD	-0.161422219331608	0.341534534148096	26	26	0.640741306668532	0.907787788614775
K01839	group	GERD	0.0958849074031319	0.135410086192247	26	26	0.485699374013094	0.907787788614775
K01840	group	GERD	-0.0896710979083282	0.101745778173029	26	26	0.386883270521764	0.907787788614775
K01843	group	GERD	-0.327792854695424	0.471809611316697	26	26	0.49387957128582	0.907787788614775
K01844	group	GERD	-0.311984764415259	0.505314148306218	26	26	0.542780057484536	0.907787788614775
K01846	group	GERD	-0.238669295982798	0.355030051994627	26	26	0.507844760385051	0.907787788614775
K01847	group	GERD	-0.212713017190783	0.149205141548741	26	26	0.166849437957408	0.907787788614775
K01848	group	GERD	0.261827018352168	0.318833634011407	26	26	0.419613824667569	0.907787788614775
K01849	group	GERD	0.262027123051715	0.318837784056555	26	26	0.419269397819906	0.907787788614775
K01854	group	GERD	0.18207139728363	0.164037523595476	26	26	0.278023649761174	0.907787788614775
K01856	group	GERD	-0.37049407297679	0.449231302958223	26	4	0.417647439235633	0.907787788614775
K01866	group	GERD	-0.00879051546583236	0.0177489975609295	26	26	0.624915031965508	0.907787788614775
K01867	group	GERD	-0.00876018173713076	0.0177492811813384	26	26	0.626109452453756	0.907787788614775
K01868	group	GERD	-0.00903501408307254	0.0177135360722902	26	26	0.614666584639651	0.907787788614775
K01870	group	GERD	-0.0092093658041852	0.0179353885981363	26	26	0.612314314228851	0.907787788614775
K01872	group	GERD	-0.0231271641280294	0.0236042180089685	26	26	0.336964185146408	0.907787788614775
K01873	group	GERD	-0.00871957475402722	0.0177598753553171	26	26	0.627906853196482	0.907787788614775
K01875	group	GERD	-0.0139637376048983	0.019899393475539	26	26	0.48960531251478	0.907787788614775
K01878	group	GERD	0.0464100288583012	0.0726437815728153	26	26	0.52895721665238	0.907787788614775
K01879	group	GERD	0.0453899521151484	0.0730020415365695	26	26	0.539959835070364	0.907787788614775
K01880	group	GERD	-0.0843024160446634	0.116158303815518	26	26	0.475007583731885	0.907787788614775
K01881	group	GERD	-0.00837231668535693	0.0175625804312488	26	26	0.637878125586984	0.907787788614775
K01883	group	GERD	-0.00863107314066263	0.0177408737325253	26	26	0.631020380555063	0.907787788614775
K01884	group	GERD	0.249642488507461	0.465522895926024	26	26	0.596713128971466	0.907787788614775
K01885	group	GERD	0.0992261051748305	0.076970896594838	26	26	0.209637206438732	0.907787788614775
K01886	group	GERD	-0.0884602932468285	0.0987326520482418	26	26	0.379174259599368	0.907787788614775
K01887	group	GERD	-0.0117002965604451	0.0195339511968088	26	26	0.554803566419781	0.907787788614775
K01889	group	GERD	-0.00876018173713076	0.0177492811813384	26	26	0.626109452453756	0.907787788614775
K01890	group	GERD	-0.00876018173713076	0.0177492811813384	26	26	0.626109452453756	0.907787788614775
K01892	group	GERD	-0.0122105639387793	0.017459419343944	26	26	0.491045155517921	0.907787788614775
K01893	group	GERD	-0.111434608494196	0.0745377508176046	26	26	0.147945904636473	0.907787788614775
K01894	group	GERD	-0.498526798253385	0.651136621772996	26	26	0.451363574848718	0.907787788614775
K01905	group	GERD	-0.87103690162579706	0.679509535682838	26	25	0.212136830246407	0.907787788614775
K01906	group	GERD	0.258208018141956	0.324619689473937	26	26	0.434167738478218	0.907787788614775
K01907	group	GERD	0.334760299556057	0.692988579578391	26	8	0.633425312446747	0.907787788614775
K01908	group	GERD	-1.7686933980408	1.48838844994214	26	15	0.246330857002717	0.907787788614775
K01911	group	GERD	0.0949519786365915	0.131145519019572	26	26	0.476052368514739	0.907787788614775
K01912	group	GERD	0.238042760230199	0.439476391603483	26	26	0.593052459957062	0.907787788614775
K01916	group	GERD	-0.120943622776021	0.107835261875367	26	26	0.273146603980602	0.907787788614775
K01923	group	GERD	-0.0085658199118658	0.0180711723348436	26	26	0.639780537047508	0.907787788614775
K01925	group	GERD	-0.00863406723573986	0.0177609496420523	26	26	0.631286758060838	0.907787788614775
K01929	group	GERD	-0.0604472838593605	0.0373696355082055	26	26	0.118828780928588	0.907787788614775
K01933	group	GERD	-0.0119513641770443	0.0174481688743802	26	26	0.499929218017169	0.907787788614775
K01934	group	GERD	-0.025828480017191	0.0322387505040475	26	26	0.430898216404758	0.907787788614775
K01935	group	GERD	-0.167392104105302	0.167051960040589	26	26	0.326322659682957	0.907787788614775
K01938	group	GERD	-0.0213348800684118	0.0354994957415401	26	26	0.553480216397986	0.907787788614775
K01939	group	GERD	-0.0104445065284814	0.0181311546560036	26	26	0.56994242914215	0.907787788614775
K01940	group	GERD	0.235883718456646	0.128553245477589	26	26	0.0789443353420012	0.907787788614775
K01945	group	GERD	-0.0185704705897171	0.0289688575316202	26	26	0.527565192248614	0.907787788614775
K01947	group	GERD	-0.631121387395341	0.826868011037077	26	26	0.452741992901106	0.907787788614775
K01950	group	GERD	0.068033507209272	0.114632979243636	26	26	0.558405837374455	0.907787788614775
K01951	group	GERD	0.047327491686091	0.0330318368356702	26	26	0.164817722718037	0.907787788614775
K01952	group	GERD	0.0271451357898158	0.0543648530874593	26	26	0.622104627998308	0.907787788614775
K01958	group	GERD	0.106219914415083	0.169129473218678	26	26	0.535909409949932	0.907787788614775
K01960	group	GERD	-0.193293974033441	0.150303215900471	26	26	0.210703102271018	0.907787788614775
K01961	group	GERD	-0.0755451418213359	0.142160842893015	26	26	0.600021787330624	0.907787788614775
K01962	group	GERD	-0.136849420830786	0.140293164582862	26	26	0.339065732394127	0.907787788614775
K01963	group	GERD	-0.120214793057652	0.127648533684328	26	26	0.355697239013254	0.907787788614775
K01965	group	GERD	0.364299360176245	0.527332402628522	26	7	0.496297572203153	0.907787788614775
K01971	group	GERD	-1.52273339723081	1.46935285769652	26	18	0.310378075847683	0.907787788614775
K01972	group	GERD	0.0224031943962793	0.0356688714970834	26	26	0.535877810184669	0.907787788614775
K01974	group	GERD	0.449736974800933	0.61853862418807	26	7	0.474200468303685	0.907787788614775
K01989	group	GERD	0.117921908873316	0.127784561910844	26	26	0.365286981568549	0.907787788614775
K01995	group	GERD	0.19339974974676	0.108969967125027	26	26	0.0886176957247737	0.907787788614775
K01996	group	GERD	0.195612859389376	0.109601001928328	26	26	0.0869455332291538	0.907787788614775
K01997	group	GERD	0.191936928907941	0.108379555210132	26	26	0.0892668816232518	0.907787788614775
K01998	group	GERD	0.195652001431868	0.109597702659042	26	26	0.0868772337245106	0.907787788614775
K01999	group	GERD	0.259784000751187	0.136121400792604	26	26	0.0683607303179859	0.907787788614775
K02001	group	GERD	-0.879435068212244	0.760512993507672	26	20	0.258910950001854	0.907787788614775
K02004	group	GERD	0.0468531957673441	0.0890634308259516	26	26	0.603670511402417	0.907787788614775
K02005	group	GERD	0.0741591087354463	0.104848449363434	26	26	0.486193114286991	0.907787788614775
K02006	group	GERD	0.140409811236462	0.267349574359183	26	26	0.604268393148499	0.907787788614775
K02007	group	GERD	0.14151989182578	0.268998093514379	26	26	0.603646900972324	0.907787788614775
K02008	group	GERD	0.270726684327817	0.270099950965155	26	26	0.326188224438256	0.907787788614775
K02010	group	GERD	-0.085008208591796	0.157134338439514	26	26	0.593500388401681	0.907787788614775
K02013	group	GERD	0.0265707304025201	0.0406311831781268	26	26	0.519362007337952	0.907787788614775
K02014	group	GERD	-0.103290524771889	0.0971597438206766	26	26	0.298316948388037	0.907787788614775
K02017	group	GERD	0.219812431139502	0.204088957327229	26	26	0.2921689360921	0.907787788614775
K02018	group	GERD	0.238681443002094	0.12832267445766	26	26	0.0751836726118902	0.907787788614775
K02019	group	GERD	0.149364545381709	0.295838067192323	26	26	0.618243554227049	0.907787788614775
K02020	group	GERD	0.194114547396346	0.130962561404938	26	26	0.151295772127582	0.907787788614775
K02022	group	GERD	0.556442938200729	0.913309200606905	26	15	0.54807673143492	0.907787788614775
K02024	group	GERD	0.482107813073041	0.976085942419484	26	18	0.625853302122395	0.907787788614775
K02025	group	GERD	0.143943606227102	0.151757902939926	26	26	0.352324693530811	0.907787788614775
K02026	group	GERD	0.148399084452174	0.156881563096875	26	26	0.35361105293981	0.907787788614775
K02030	group	GERD	0.064709848464993	0.0813155810870028	26	26	0.433956966287618	0.907787788614775
K02031	group	GERD	0.100209659204776	0.130870960366121	26	26	0.451312189341209	0.907787788614775
K02032	group	GERD	0.125724779411744	0.130559978089471	26	26	0.345167661692488	0.907787788614775
K02033	group	GERD	0.112903172106856	0.117717157394816	26	26	0.347068894462018	0.907787788614775
K02034	group	GERD	0.105468500479076	0.11715243606262	26	26	0.376923218263626	0.907787788614775
K02041	group	GERD	0.239502014956333	0.270159091917481	26	26	0.384133690852974	0.907787788614775
K02042	group	GERD	0.360042912097853	0.277204101059755	26	26	0.206340895585669	0.907787788614775
K02044	group	GERD	0.220021009965963	0.261068234846457	26	26	0.407676793552976	0.907787788614775
K02052	group	GERD	0.495138313885689	0.240781275424507	26	26	0.0507752829281307	0.907787788614775
K02055	group	GERD	-0.197036540891745	0.363385732487629	26	26	0.592663580400338	0.907787788614775
K02056	group	GERD	0.174458876604184	0.121051378656399	26	26	0.162450217816467	0.907787788614775
K02057	group	GERD	0.151036531619602	0.116901126575043	26	26	0.208659509604308	0.907787788614775
K02058	group	GERD	0.478352132098088	0.276901088206662	26	26	0.0969236216607469	0.907787788614775
K02063	group	GERD	-0.147194012707452	0.281757675783315	26	26	0.606171627209925	0.907787788614775
K02064	group	GERD	0.0970984745212482	0.197308513312618	26	26	0.627109503830973	0.907787788614775
K02065	group	GERD	-0.0523539651895108	0.0821029016051354	26	26	0.529730433780774	0.907787788614775
K02067	group	GERD	-0.0524872598046798	0.0820070361627674	26	26	0.528214162225742	0.907787788614775
K02071	group	GERD	0.0565416374529503	0.0699379926733057	26	26	0.426771053831318	0.907787788614775
K02072	group	GERD	0.0342721295735953	0.0684852174546313	26	26	0.621329740409089	0.907787788614775
K02073	group	GERD	0.0656782077143211	0.0813129145724268	26	26	0.427184341299037	0.907787788614775
K02075	group	GERD	-0.380531937879329	0.394067125239576	26	26	0.343848483222249	0.907787788614775
K02076	group	GERD	-0.280254732665517	0.381679385833241	26	26	0.469899373878321	0.907787788614775
K02078	group	GERD	-0.0475310834662722	0.0567715640273298	26	26	0.410720977070913	0.907787788614775
K02081	group	GERD	0.460078283963809	0.666128133327241	26	26	0.496395759101886	0.907787788614775
K02083	group	GERD	-0.630444986239312	0.66695801341179894	26	25	0.353949104308835	0.907787788614775
K02086	group	GERD	-0.217974335685158	0.380463550122015	26	26	0.57202953601615	0.907787788614775
K02103	group	GERD	1.06551330447831	0.758289118457407	26	26	0.172787927378555	0.907787788614775
K02106	group	GERD	-0.451583213321987	0.499523778536597	26	26	0.374966222427704	0.907787788614775
K02107	group	GERD	0.351783089746577	0.318054829485216	26	26	0.279670973906132	0.907787788614775
K02108	group	GERD	0.0546270440325347	0.0417349271497314	26	26	0.202961683058698	0.907787788614775
K02109	group	GERD	0.0574109749766745	0.0419122588428397	26	26	0.183433051017106	0.907787788614775
K02110	group	GERD	0.0546270440325347	0.0417349271497314	26	26	0.202961683058698	0.907787788614775
K02111	group	GERD	0.053369231165855	0.0414100423578326	26	26	0.209753055866906	0.907787788614775
K02112	group	GERD	0.0546462903132553	0.0417374430317324	26	26	0.202834239792202	0.907787788614775
K02113	group	GERD	0.0548575410526432	0.0419771213969777	26	26	0.203649913211554	0.907787788614775
K02114	group	GERD	0.0545699518409574	0.0416306953514536	26	26	0.202326883326463	0.907787788614775
K02115	group	GERD	0.0546270440325347	0.0417349271497314	26	26	0.202961683058698	0.907787788614775
K02117	group	GERD	-0.119739033668169	0.144662743021489	26	26	0.415988752445099	0.907787788614775
K02118	group	GERD	-0.121283242597679	0.145220343866764	26	26	0.411860831889753	0.907787788614775
K02119	group	GERD	0.205102071392724	0.153096297176553	26	26	0.192893514219297	0.907787788614775
K02120	group	GERD	-0.121177253263706	0.145223106612529	26	26	0.412272560465423	0.907787788614775
K02121	group	GERD	-0.242558028316088	0.208128684827346	26	26	0.255300194272742	0.907787788614775
K02122	group	GERD	0.199680435956093	0.151311117135518	26	26	0.199396641320468	0.907787788614775
K02123	group	GERD	-0.121411056271422	0.145206000853395	26	26	0.411329681908764	0.907787788614775
K02124	group	GERD	-0.121283242597679	0.145220343866764	26	26	0.411860831889753	0.907787788614775
K02168	group	GERD	-0.188818954753093	0.253725430755047	26	26	0.46398846213878	0.907787788614775
K02169	group	GERD	-0.448339925330649	0.291450135836898	26	26	0.13705470701754	0.907787788614775
K02170	group	GERD	-0.622689783139246	0.827729005129654	26	26	0.45919372145249	0.907787788614775
K02171	group	GERD	-0.365636353086528	0.546695309921424	26	26	0.509998004533698	0.907787788614775
K02172	group	GERD	-0.640113190681332	0.365830710788353	26	3	0.092938657143775	0.907787788614775
K02173	group	GERD	0.678661319498694	0.757748304779218	26	25	0.379346414767157	0.907787788614775
K02182	group	GERD	1.06581633443842	0.661132892791503	26	25	0.120013052621796	0.907787788614775
K02189	group	GERD	0.265686339815336	0.263962076820024	26	26	0.324200501748028	0.907787788614775
K02191	group	GERD	0.254229147205462	0.269066190622417	26	26	0.354147702748146	0.907787788614775
K02192	group	GERD	-0.584555948325708	0.788008832759753	26	26	0.465398120971731	0.907787788614775
K02196	group	GERD	-0.246715101078143	0.3903428783181	26	26	0.533331308530177	0.907787788614775
K02199	group	GERD	-0.209806499619686	0.372985847940809	26	26	0.578988681000271	0.907787788614775
K02200	group	GERD	-0.207513368767528	0.372806616575093	26	26	0.582937518595206	0.907787788614775
K02203	group	GERD	0.435822419304569	0.344554667686643	26	26	0.218056809743898	0.907787788614775
K02217	group	GERD	-0.073440417091392	0.118322527883998	26	26	0.540660307549736	0.907787788614775
K02229	group	GERD	-0.38114163697997	0.78025523247131	26	24	0.629641257218634	0.907787788614775
K02230	group	GERD	-0.14903561209198	0.111143879056581	26	26	0.192498952017685	0.907787788614775
K02234	group	GERD	0.154343254413724	0.191121489198953	26	3	0.427272172933473	0.907787788614775
K02238	group	GERD	0.0331964323715543	0.0467158830282561	26	26	0.484179288086879	0.907787788614775
K02240	group	GERD	-0.182228744780969	0.352638189269206	26	26	0.610054316171529	0.907787788614775
K02242	group	GERD	-0.265042713277874	0.201340097758465	26	26	0.200476178224215	0.907787788614775
K02243	group	GERD	-0.182228744780969	0.352638189269206	26	26	0.610054316171529	0.907787788614775
K02244	group	GERD	-0.21762940457883	0.381424028036498	26	26	0.573594448738042	0.907787788614775
K02245	group	GERD	-0.180734911790675	0.353452913981188	26	26	0.613784887062461	0.907787788614775
K02258	group	GERD	0.283897399907589	0.510401752847828	26	8	0.583207474374357	0.907787788614775
K02278	group	GERD	0.466616886065905	0.461517466117898	26	26	0.322078109721146	0.907787788614775
K02279	group	GERD	0.514540185849161	0.344365083642787	26	26	0.148163546510245	0.907787788614775
K02282	group	GERD	0.565581929631946	0.397994333185627	26	26	0.168157211585938	0.907787788614775
K02283	group	GERD	0.247123554677917	0.221680143803865	26	26	0.275985832557554	0.907787788614775
K02291	group	GERD	-0.572062428072426	0.713271972085716	26	26	0.430408382862058	0.907787788614775
K02304	group	GERD	0.250490212957277	0.267328918795661	26	26	0.358086895624157	0.907787788614775
K02314	group	GERD	-0.00825540388158642	0.0173919351090259	26	26	0.639314060724503	0.907787788614775
K02315	group	GERD	0.341025752332206	0.223570868863419	26	26	0.140240770871648	0.907787788614775
K02337	group	GERD	-0.0122808955846841	0.0185760727733212	26	26	0.514836415469317	0.907787788614775
K02338	group	GERD	-0.0253722912626479	0.0218351835891117	26	26	0.256664765975823	0.907787788614775
K02339	group	GERD	-0.181830529567607	0.312521837989365	26	26	0.566115473851081	0.907787788614775
K02344	group	GERD	-0.247465554931568	0.390380461149423	26	26	0.532136206501537	0.907787788614775
K02355	group	GERD	0.0533224463519737	0.0581004996956208	26	26	0.367874849056816	0.907787788614775
K02356	group	GERD	0.0162351522929009	0.0330498612957659	26	26	0.627724563627609	0.907787788614775
K02357	group	GERD	-0.00879051546583236	0.0177489975609295	26	26	0.624915031965508	0.907787788614775
K02358	group	GERD	0.0424514696682231	0.0449119117349687	26	26	0.353968162504384	0.907787788614775
K02371	group	GERD	-0.101978784960057	0.0725710772297549	26	26	0.172766806397676	0.907787788614775
K02377	group	GERD	-0.17166746532799	0.143556767496642	26	26	0.243450052517604	0.907787788614775
K02380	group	GERD	-0.186875349472436	0.368317020587548	26	26	0.616521626726942	0.907787788614775
K02383	group	GERD	-0.580338303725573	1.12890074881892	26	19	0.611901609653285	0.907787788614775
K02385	group	GERD	0.517878157963958	0.327212796556554	26	26	0.126581088733917	0.907787788614775
K02387	group	GERD	0.33482048683051	0.283086929147024	26	26	0.248493997930112	0.907787788614775
K02388	group	GERD	0.283973852649133	0.286383787597326	26	26	0.331292675450541	0.907787788614775
K02389	group	GERD	0.267003294394067	0.344468186320564	26	26	0.445840715907288	0.907787788614775
K02390	group	GERD	0.285157328372591	0.296562113967014	26	26	0.345867372676647	0.907787788614775
K02392	group	GERD	0.328925726047528	0.287802268999804	26	26	0.264358431154966	0.907787788614775
K02393	group	GERD	0.233318464561887	0.37106513146901	26	26	0.5354320853673	0.907787788614775
K02394	group	GERD	0.238134093188943	0.370962068368627	26	26	0.526998865145442	0.907787788614775
K02396	group	GERD	0.188947874370788	0.315580259678202	26	26	0.554961492249049	0.907787788614775
K02397	group	GERD	0.276227144930354	0.347254936756829	26	26	0.434143648966148	0.907787788614775
K02399	group	GERD	-0.87094967542703	0.574778958278963	26	7	0.142762930772291	0.907787788614775
K02400	group	GERD	0.285971229362147	0.287140044688016	26	26	0.329220376557213	0.907787788614775
K02401	group	GERD	0.306993182643271	0.28787686369051	26	26	0.296851544298991	0.907787788614775
K02405	group	GERD	0.287609446076058	0.28677067277173	26	26	0.325902415588793	0.907787788614775
K02406	group	GERD	0.306997612286229	0.331943688023478	26	26	0.36425114284268	0.907787788614775
K02407	group	GERD	0.231108630744241	0.34526373634301	26	26	0.50964925907012	0.907787788614775
K02408	group	GERD	0.331155613066386	0.283768417504336	26	26	0.25467811276598	0.907787788614775
K02409	group	GERD	0.218105443019283	0.318610259614753	26	26	0.500184233867649	0.907787788614775
K02410	group	GERD	0.323962770804797	0.284352382476165	26	26	0.265821945598531	0.907787788614775
K02411	group	GERD	0.198790321716578	0.322532393197886	26	26	0.543471106953203	0.907787788614775
K02412	group	GERD	0.286322122718576	0.286707477958681	26	26	0.327924442513132	0.907787788614775
K02413	group	GERD	0.294703629854605	0.42537052165865	26	26	0.495074918229245	0.907787788614775
K02416	group	GERD	0.336203150178067	0.283042411742499	26	26	0.246527532441188	0.907787788614775
K02417	group	GERD	0.271700269916886	0.280241241423397	26	26	0.341954361648356	0.907787788614775
K02419	group	GERD	0.286954787687089	0.286737981904396	26	26	0.326928595722307	0.907787788614775
K02420	group	GERD	0.286322122718576	0.286707477958681	26	26	0.327924442513132	0.907787788614775
K02421	group	GERD	0.309764586172679	0.288724255510764	26	26	0.29399767271527	0.907787788614775
K02422	group	GERD	0.295780612481344	0.283882928734887	26	26	0.307835671351378	0.907787788614775
K02426	group	GERD	-0.193309429224656	0.138950227416397	26	26	0.176924185905474	0.907787788614775
K02427	group	GERD	-0.186372214017837	0.308866117399454	26	26	0.551898152395232	0.907787788614775
K02429	group	GERD	-0.11546574103841	0.107687158877819	26	26	0.294279274555599	0.907787788614775
K02430	group	GERD	-0.484950544696295	0.744423136921311	26	24	0.520949148958853	0.907787788614775
K02431	group	GERD	0.465801043989055	0.278549561064083	26	26	0.107466033410291	0.907787788614775
K02433	group	GERD	0.0783237236126312	0.0808301602195349	26	26	0.342214047441197	0.907787788614775
K02434	group	GERD	0.0730948678077026	0.0796077909810907	26	26	0.367656794095999	0.907787788614775
K02435	group	GERD	0.138920056391018	0.0949603268258471	26	26	0.156461081954628	0.907787788614775
K02436	group	GERD	0.526691144093148	0.381632464342575	26	26	0.180277272566606	0.907787788614775
K02437	group	GERD	-0.191887543703697	0.113630738499402	26	26	0.104231110530648	0.907787788614775
K02438	group	GERD	0.0867517408764089	0.133246488049966	26	26	0.521191865592926	0.907787788614775
K02439	group	GERD	-0.257653393944421	0.38934475783726	26	26	0.514428235982317	0.907787788614775
K02440	group	GERD	-0.0826244009864586	0.138569990582796	26	26	0.556581072126735	0.907787788614775
K02443	group	GERD	-0.46906996446802	0.504033570820735	26	26	0.361311040683251	0.907787788614775
K02444	group	GERD	0.29485121990167	0.280765480792825	26	26	0.304100642029051	0.907787788614775
K02446	group	GERD	0.0621571234376869	0.12829242746353	26	26	0.63242648175086	0.907787788614775
K02450	group	GERD	-0.501961633506989	0.377208565686929	26	3	0.195784488346123	0.907787788614775
K02452	group	GERD	0.879894396581961	0.756982803433103	26	9	0.256513742661905	0.907787788614775
K02453	group	GERD	0.259697741635602	0.261944111709955	26	26	0.331369503243612	0.907787788614775
K02454	group	GERD	0.294894471107794	0.258075539146794	26	26	0.264448259589528	0.907787788614775
K02458	group	GERD	0.712048971899271	0.989809395867311	26	23	0.478853878052925	0.907787788614775
K02459	group	GERD	0.654460627302899	0.918023498755533	26	10	0.482781037256888	0.907787788614775
K02461	group	GERD	0.726687257348977	0.984954410547302	26	23	0.46779645898204397	0.907787788614775
K02463	group	GERD	0.692537951437833	0.967756879390533	26	23	0.481136106253914	0.907787788614775
K02466	group	GERD	-0.629421740173777	0.521778926749537	26	20	0.239459159203796	0.907787788614775
K02469	group	GERD	0.0224331682991009	0.0339204267319885	26	26	0.514689469496326	0.907787788614775
K02470	group	GERD	0.0223285910440751	0.0339224262025595	26	26	0.516658445697683	0.907787788614775
K02471	group	GERD	-0.148256336451625	0.304501166598953	26	26	0.630758571698334	0.907787788614775
K02473	group	GERD	-0.228025015603025	0.465482194676502	26	26	0.628675109085175	0.907787788614775
K02477	group	GERD	-0.126623920495801	0.210985108093591	26	26	0.554027618501755	0.907787788614775
K02478	group	GERD	-0.428929957507175	0.545279007626209	26	26	0.439200397027146	0.907787788614775
K02481	group	GERD	-0.296873589896366	0.540518997140053	26	26	0.587916568856956	0.907787788614775
K02482	group	GERD	-0.290224128112429	0.502373938728841	26	26	0.568844024323165	0.907787788614775
K02484	group	GERD	0.129858315090317	0.209955536899792	26	26	0.54206938732777	0.907787788614775
K02486	group	GERD	-0.26047887480836	0.224698076949252	26	3	0.257762708994305	0.907787788614775
K02494	group	GERD	-0.184161824310819	0.311550413267146	26	26	0.559970587480971	0.907787788614775
K02495	group	GERD	0.0306138565763294	0.0554576191704867	26	26	0.586037179348147	0.907787788614775
K02496	group	GERD	-0.195159072154752	0.319836459421487	26	26	0.547474827441436	0.907787788614775
K02498	group	GERD	-0.184908743018661	0.311622625101182	26	26	0.558482115849197	0.907787788614775
K02499	group	GERD	0.0984441947187532	0.151645179579745	26	26	0.522390108373792	0.907787788614775
K02500	group	GERD	0.249169766720259	0.152009690003548	26	26	0.114222142515498	0.907787788614775
K02501	group	GERD	0.233401545789854	0.126376236910782	26	26	0.0771313414444756	0.907787788614775
K02502	group	GERD	0.332318992715094	0.243571598535291	26	26	0.185112694686448	0.907787788614775
K02503	group	GERD	-0.0332216641628871	0.0189510035749205	26	26	0.0923633051408118	0.907787788614775
K02504	group	GERD	-0.247465554931568	0.390380461149423	26	26	0.532136206501537	0.907787788614775
K02505	group	GERD	-0.247465554931568	0.390380461149423	26	26	0.532136206501537	0.907787788614775
K02506	group	GERD	-0.246885597077387	0.39037293740691	26	26	0.533082038260687	0.907787788614775
K02517	group	GERD	0.0745979310488354	0.115944745501338	26	26	0.526070273293298	0.907787788614775
K02518	group	GERD	-0.00896096368891233	0.0177609591703906	26	26	0.618488963581957	0.907787788614775
K02519	group	GERD	0.0112309936968818	0.0229551231292974	26	26	0.629100302357882	0.907787788614775
K02520	group	GERD	-0.00876018173713076	0.0177492811813384	26	26	0.626109452453756	0.907787788614775
K02521	group	GERD	-0.247335851143798	0.390347468009976	26	26	0.532315040166057	0.907787788614775
K02523	group	GERD	-0.077071227216321	0.0823954660001403	26	26	0.358908615633613	0.907787788614775
K02525	group	GERD	-0.740204359481343	1.29862444024464	26	15	0.57398129929208	0.907787788614775
K02526	group	GERD	0.365367906628211	0.36280306753919	26	26	0.323947549943868	0.907787788614775
K02528	group	GERD	-0.0087799757848684	0.017749731536538	26	26	0.62534224615185	0.907787788614775
K02529	group	GERD	0.0567405771883552	0.0950085776469564	26	26	0.555956704338663	0.907787788614775
K02530	group	GERD	0.179717428538878	0.312457604062957	26	26	0.570527332575596	0.907787788614775
K02532	group	GERD	0.945372546779647	0.51441376058675	26	26	0.0785083362568365	0.907787788614775
K02533	group	GERD	-0.651099786300166	0.823608208404337	26	26	0.436951760996098	0.907787788614775
K02535	group	GERD	0.125559664750967	0.193413726743996	26	26	0.522388823398922	0.907787788614775
K02536	group	GERD	-0.0500427190637027	0.0949826024405192	26	26	0.603125686464894	0.907787788614775
K02538	group	GERD	0.59208080347949	0.588243593931244	26	9	0.32420477475331	0.907787788614775
K02548	group	GERD	-0.081396599499925	0.0833741886362678	26	26	0.338664080882477	0.907787788614775
K02549	group	GERD	0.139466287396156	0.122578992521051	26	26	0.266449428624383	0.907787788614775
K02551	group	GERD	0.108111636411293	0.130288810107431	26	26	0.414838432576886	0.907787788614775
K02552	group	GERD	0.171082909809219	0.171007229690957	26	26	0.327077142324059	0.907787788614775
K02553	group	GERD	-0.241403320993077	0.390572171019926	26	26	0.542346631036918	0.907787788614775
K02554	group	GERD	-0.298619366622618	0.425369939722504	26	4	0.489417891139582	0.907787788614775
K02556	group	GERD	0.33178784956002	0.283651785849187	26	26	0.253606876024334	0.907787788614775
K02558	group	GERD	-0.197814608746345	0.295958326367349	26	26	0.510264612013394	0.907787788614775
K02560	group	GERD	-0.247465554931568	0.390380461149423	26	26	0.532136206501537	0.907787788614775
K02563	group	GERD	-0.00863406723573986	0.0177609496420523	26	26	0.631286758060838	0.907787788614775
K02564	group	GERD	-0.0760052819040743	0.082385328051382	26	26	0.365419590425311	0.907787788614775
K02565	group	GERD	-0.36469487715325	0.345737354358988	26	26	0.302005886941224	0.907787788614775
K02566	group	GERD	0.115754479706902	0.228617682605874	26	26	0.617249464167597	0.907787788614775
K02567	group	GERD	-0.220442957952382	0.368054011471029	26	26	0.554823556548149	0.907787788614775
K02568	group	GERD	-0.221384655950867	0.368734286581395	26	26	0.5538735767439	0.907787788614775
K02569	group	GERD	-0.230042661580449	0.376221814014106	26	26	0.546647276541865	0.907787788614775
K02570	group	GERD	-0.219855023895136	0.368013485752562	26	26	0.555828712855001	0.907787788614775
K02572	group	GERD	-0.234045230647378	0.375978428027026	26	26	0.539485526680901	0.907787788614775
K02573	group	GERD	-0.204624390362799	0.355029665282565	26	26	0.569739237878325	0.907787788614775
K02574	group	GERD	-0.198391013331413	0.352830654306809	26	26	0.579137048072653	0.907787788614775
K02575	group	GERD	0.288077468229021	0.226392739786065	26	26	0.215397307238002	0.907787788614775
K02584	group	GERD	-0.447695655914303	0.413144216969952	26	26	0.289295480822123	0.907787788614775
K02585	group	GERD	-0.380326511876313	0.418968953290287	26	26	0.373026226681119	0.907787788614775
K02587	group	GERD	-0.593629450096626	0.325160451870257	26	26	0.0803722790468068	0.907787788614775
K02588	group	GERD	0.498513571464315	0.35648583911272	26	26	0.174779116895879	0.907787788614775
K02591	group	GERD	0.987489295798106	0.673900314499293	26	21	0.155808762560088	0.907787788614775
K02594	group	GERD	-1.0361231791225	0.543742341540492	26	26	0.0687576209247619	0.907787788614775
K02598	group	GERD	0.672371001972524	0.51646301160853	26	26	0.205316156168669	0.907787788614775
K02600	group	GERD	-0.00874035111291075	0.017751298409968	26	26	0.626926233782773	0.907787788614775
K02601	group	GERD	-0.00874517389324845	0.0177492675223369	26	26	0.626697797085178	0.907787788614775
K02609	group	GERD	-1.48030213863051	1.10083366917773	26	10	0.191290535142602	0.907787788614775
K02610	group	GERD	-1.48030213863051	1.10083366917773	26	10	0.191290535142602	0.907787788614775
K02611	group	GERD	-1.48030213863051	1.10083366917773	26	10	0.191290535142602	0.907787788614775
K02612	group	GERD	-1.48030213863051	1.10083366917773	26	10	0.191290535142602	0.907787788614775
K02613	group	GERD	-1.16882122076825	0.759180210826285	26	25	0.136744015657257	0.907787788614775
K02614	group	GERD	0.0956396174556296	0.12098612913954	26	26	0.436977441880906	0.907787788614775
K02618	group	GERD	-1.40422931548339	1.09173065268628	26	10	0.210629419924124	0.907787788614775
K02619	group	GERD	-0.246149973573777	0.149697764440785	26	26	0.113148624412672	0.907787788614775
K02621	group	GERD	-0.190176916987583	0.108589361198106	26	26	0.0926594926697966	0.907787788614775
K02622	group	GERD	-0.190571139111086	0.108581834664259	26	26	0.0920026405958013	0.907787788614775
K02624	group	GERD	0.329807233172076	0.546207775592653	26	6	0.55163324821969	0.907787788614775
K02626	group	GERD	-1.13976666507159	0.618161610151866	26	26	0.0775941421456573	0.907787788614775
K02647	group	GERD	0.508838615541273	0.250532512881208	26	26	0.0534699224501733	0.907787788614775
K02652	group	GERD	0.168342679176933	0.168414645814814	26	26	0.327489487147838	0.907787788614775
K02653	group	GERD	0.175689454244004	0.167638700891872	26	26	0.305067487466231	0.907787788614775
K02654	group	GERD	0.0868603501814739	0.0754793927289725	26	26	0.261158758199917	0.907787788614775
K02655	group	GERD	-0.644600009972485	0.832511286691954	26	26	0.446324109581177	0.907787788614775
K02656	group	GERD	-0.184346175363427	0.311546159303186	26	26	0.559575330890488	0.907787788614775
K02662	group	GERD	-0.590072813937043	0.781714631259595	26	26	0.457686278814997	0.907787788614775
K02663	group	GERD	-0.581399995235195	0.78843188881399	26	26	0.468019980022368	0.907787788614775
K02664	group	GERD	-0.485521939479249	0.697394715987045	26	26	0.492995202147275	0.907787788614775
K02665	group	GERD	-0.585780183199676	0.788597081144971	26	26	0.464804126000263	0.907787788614775
K02667	group	GERD	-0.591642261159412	0.788703783109826	26	26	0.460458615603141	0.907787788614775
K02668	group	GERD	-0.584906361397581	0.788590672484207	26	26	0.465459368980977	0.907787788614775
K02669	group	GERD	0.125296584485978	0.166264032665351	26	26	0.458419346047544	0.907787788614775
K02670	group	GERD	-0.601251422420156	0.805701120710716	26	26	0.462766344646186	0.907787788614775
K02671	group	GERD	-0.775163699632076	0.769150394487429	26	26	0.323595327333511	0.907787788614775
K02672	group	GERD	-0.617207411836213	0.809326231156433	26	26	0.453121555524578	0.907787788614775
K02673	group	GERD	-0.621439804923882	0.827910849294191	26	26	0.46018271398495	0.907787788614775
K02674	group	GERD	-0.609272637793045	0.797294033754542	26	26	0.452210810170804	0.907787788614775
K02676	group	GERD	-0.585040666942912	0.788543404846006	26	26	0.465331623404907	0.907787788614775
K02679	group	GERD	-0.247465554931568	0.390380461149423	26	26	0.532136206501537	0.907787788614775
K02680	group	GERD	-0.247465554931568	0.390380461149423	26	26	0.532136206501537	0.907787788614775
K02681	group	GERD	-0.247465554931568	0.390380461149423	26	26	0.532136206501537	0.907787788614775
K02682	group	GERD	-0.341957189527798	0.314511169376845	26	26	0.287718678568962	0.907787788614775
K02686	group	GERD	-0.201696610537634	0.321631884988069	26	26	0.536511881034901	0.907787788614775
K02687	group	GERD	-0.0794780385420631	0.0370964470079166	26	26	0.0425063782843061	0.907787788614775
K02688	group	GERD	-0.26047887480836	0.224698076949252	26	3	0.257762708994305	0.907787788614775
K02742	group	GERD	-0.247465554931568	0.390380461149423	26	26	0.532136206501537	0.907787788614775
K02744	group	GERD	0.168611113014524	0.226466674770137	26	26	0.46378466615987	0.907787788614775
K02745	group	GERD	0.561370494836244	0.412587248376674	26	26	0.186278923171785	0.907787788614775
K02746	group	GERD	0.475132318491154	0.381673979450207	26	26	0.225200648256121	0.907787788614775
K02747	group	GERD	0.475132318491154	0.381673979450207	26	26	0.225200648256121	0.907787788614775
K02750	group	GERD	0.371868054416706	0.321629649250934	26	26	0.258979644986604	0.907787788614775
K02753	group	GERD	-0.774022044266341	0.49784064076331	26	11	0.133092783255335	0.907787788614775
K02759	group	GERD	0.292351504195593	0.196706435017621	26	26	0.150237125302515	0.907787788614775
K02760	group	GERD	0.310393158661573	0.197172985341784	26	26	0.128528725526241	0.907787788614775
K02761	group	GERD	0.404645685861567	0.222740887697386	26	26	0.0817791649437056	0.907787788614775
K02765	group	GERD	0.162530137719277	0.226383322785662	26	26	0.479723842597855	0.907787788614775
K02768	group	GERD	-0.105980644248704	0.158846734948771	26	26	0.511016518090714	0.907787788614775
K02769	group	GERD	0.174538075860129	0.261025939478901	26	26	0.510092125351697	0.907787788614775
K02770	group	GERD	0.0512285404514446	0.0931351931267528	26	26	0.587371657051293	0.907787788614775
K02771	group	GERD	-0.208916620813498	0.410104052773913	26	26	0.615107781938211	0.907787788614775
K02786	group	GERD	0.292019785242224	0.307925391635574	26	26	0.352405567228605	0.907787788614775
K02788	group	GERD	0.297068935971791	0.309284313289721	26	26	0.346379096320274	0.907787788614775
K02791	group	GERD	0.421144194597736	0.369092395442158	26	26	0.26511704530967	0.907787788614775
K02800	group	GERD	-0.2151463057396	0.322523565872114	26	26	0.511089613777827	0.907787788614775
K02802	group	GERD	0.443506636220273	0.33686373031403	26	26	0.20041582907705	0.907787788614775
K02803	group	GERD	0.504300440832628	0.339733492779972	26	26	0.150719114150294	0.907787788614775
K02805	group	GERD	1.02463969139866	0.727598417993122	26	20	0.171880296201348	0.907787788614775
K02810	group	GERD	0.145733811427002	0.126043228190434	26	26	0.258971092296493	0.907787788614775
K02819	group	GERD	0.273251239726326	0.191216226101697	26	26	0.165886770980226	0.907787788614775
K02821	group	GERD	0.207946383741683	0.148635188881391	26	26	0.174592889085725	0.907787788614775
K02822	group	GERD	0.188411998273575	0.160350475597257	26	26	0.251520563774354	0.907787788614775
K02823	group	GERD	-0.0600672398567219	0.0611740936304332	26	26	0.335941412364489	0.907787788614775
K02824	group	GERD	-0.117999029142781	0.0458135429166194	26	26	0.0165919413232444	0.907787788614775
K02825	group	GERD	0.0465877320466075	0.0716087577415662	26	26	0.521493290787727	0.907787788614775
K02834	group	GERD	-0.00865067853666223	0.0177376212066144	26	26	0.630186312683441	0.907787788614775
K02835	group	GERD	-0.0139637376048983	0.019899393475539	26	26	0.48960531251478	0.907787788614775
K02836	group	GERD	-0.00875167863763567	0.0177468092710942	26	26	0.626395103702756	0.907787788614775
K02837	group	GERD	-0.086163590334968	0.0461710307734578	26	26	0.0742829231682512	0.907787788614775
K02838	group	GERD	-0.00876018173713076	0.0177492811813384	26	26	0.626109452453756	0.907787788614775
K02839	group	GERD	-0.405663673512579	0.501756359044461	26	26	0.426752127103879	0.907787788614775
K02841	group	GERD	0.201922200665186	0.213839832510229	26	26	0.35444233119926	0.907787788614775
K02843	group	GERD	0.148858383487574	0.209237786972525	26	26	0.483674878877307	0.907787788614775
K02844	group	GERD	-0.280322271611242	0.499905848384467	26	26	0.580165857431364	0.907787788614775
K02847	group	GERD	-0.274110267271589	0.384444260203802	26	26	0.482718996227084	0.907787788614775
K02849	group	GERD	0.243749113637187	0.274504327039544	26	26	0.383374746767911	0.907787788614775
K02850	group	GERD	-0.429302510960688	0.545257479733023	26	26	0.438790197596293	0.907787788614775
K02851	group	GERD	0.253875302642856	0.131464135257929	26	26	0.0653599014969429	0.907787788614775
K02856	group	GERD	-0.743860814302843	0.588331867478561	26	26	0.218243770614574	0.907787788614775
K02860	group	GERD	-0.00877279021621223	0.0177513381006544	26	26	0.625654989110193	0.907787788614775
K02864	group	GERD	-0.00876018173713076	0.0177492811813384	26	26	0.626109452453756	0.907787788614775
K02867	group	GERD	-0.00881593877197664	0.0179843597431393	26	26	0.62844368905788	0.907787788614775
K02874	group	GERD	-0.00896105137521444	0.0178029554275255	26	26	0.619309469609173	0.907787788614775
K02876	group	GERD	-0.00881593877197664	0.0179843597431393	26	26	0.62844368905788	0.907787788614775
K02878	group	GERD	-0.00879826310099736	0.0180055256051681	26	26	0.629530240198066	0.907787788614775
K02881	group	GERD	-0.00893069369703098	0.0178033013181874	26	26	0.620497573036036	0.907787788614775
K02884	group	GERD	-0.00879019128573602	0.01775019365868	26	26	0.624950939329169	0.907787788614775
K02886	group	GERD	-0.00876018173713076	0.0177492811813384	26	26	0.626109452453756	0.907787788614775
K02887	group	GERD	-0.00876018173713076	0.0177492811813384	26	26	0.626109452453756	0.907787788614775
K02888	group	GERD	-0.00876018173713076	0.0177492811813384	26	26	0.626109452453756	0.907787788614775
K02890	group	GERD	-0.00881593877197664	0.0179843597431393	26	26	0.62844368905788	0.907787788614775
K02892	group	GERD	-0.0087906763649883	0.0177777550771089	26	26	0.625465946435057	0.907787788614775
K02895	group	GERD	-0.00896105137521444	0.0178029554275255	26	26	0.619309469609173	0.907787788614775
K02897	group	GERD	-0.0532360404049505	0.0676289241709398	26	26	0.438882333371808	0.907787788614775
K02899	group	GERD	-0.00876018173713076	0.0177492811813384	26	26	0.626109452453756	0.907787788614775
K02902	group	GERD	-0.0348289227245956	0.0312444791744064	26	26	0.276008042025972	0.907787788614775
K02904	group	GERD	-0.00851764663148987	0.0179014855995227	26	26	0.638514627196164	0.907787788614775
K02906	group	GERD	-0.00876018173713076	0.0177492811813384	26	26	0.626109452453756	0.907787788614775
K02907	group	GERD	-0.049009921577468	0.0434901834710007	26	26	0.270918331246182	0.907787788614775
K02909	group	GERD	-0.0202162157187949	0.0245406893724436	26	26	0.418174078384955	0.907787788614775
K02911	group	GERD	-0.0097105026909366	0.017788605649391	26	26	0.590184747467133	0.907787788614775
K02914	group	GERD	-0.00887992241680594	0.0178188198492148	26	26	0.622777154555243	0.907787788614775
K02916	group	GERD	-0.00876868553831181	0.0177517577320117	26	26	0.62582400273468	0.907787788614775
K02919	group	GERD	-0.0287644259043691	0.0433374241452653	26	26	0.513188071164529	0.907787788614775
K02926	group	GERD	-0.00876018173713076	0.0177492811813384	26	26	0.626109452453756	0.907787788614775
K02931	group	GERD	-0.00876018173713076	0.0177492811813384	26	26	0.626109452453756	0.907787788614775
K02933	group	GERD	-0.00876018173713076	0.0177492811813384	26	26	0.626109452453756	0.907787788614775
K02935	group	GERD	-0.00882562136968053	0.017729770704765	26	26	0.623165814726067	0.907787788614775
K02939	group	GERD	-0.00863406723573986	0.0177609496420523	26	26	0.631286758060838	0.907787788614775
K02946	group	GERD	-0.00897067002148689	0.0177528196593826	26	26	0.617950601878236	0.907787788614775
K02950	group	GERD	-0.00876018173713076	0.0177492811813384	26	26	0.626109452453756	0.907787788614775
K02954	group	GERD	-0.0127647469016275	0.0218111776060694	26	26	0.563849863876944	0.907787788614775
K02956	group	GERD	-0.0333162687456313	0.0425459884665759	26	26	0.441248152622923	0.907787788614775
K02959	group	GERD	-0.00942978708951252	0.0177944027597215	26	26	0.601029238162142	0.907787788614775
K02961	group	GERD	-0.00900761592863298	0.0179985012735994	26	26	0.621306352835293	0.907787788614775
K02963	group	GERD	-0.0087766217058338	0.0177478157447372	26	26	0.625436564053938	0.907787788614775
K02965	group	GERD	-0.00891318903075572	0.0185620584103846	26	26	0.635444821664701	0.907787788614775
K02967	group	GERD	-0.00876018173713076	0.0177492811813384	26	26	0.626109452453756	0.907787788614775
K02970	group	GERD	-0.0950306265781902	0.043805665216374	26	26	0.0401828888996563	0.907787788614775
K02982	group	GERD	-0.00983668080777716	0.0176436653527819	26	26	0.582336043310121	0.907787788614775
K02986	group	GERD	-0.00876018173713076	0.0177492811813384	26	26	0.626109452453756	0.907787788614775
K02988	group	GERD	-0.00876018173713076	0.0177492811813384	26	26	0.626109452453756	0.907787788614775
K02990	group	GERD	-0.00876018173713076	0.0177492811813384	26	26	0.626109452453756	0.907787788614775
K02992	group	GERD	-0.00876018173713076	0.0177492811813384	26	26	0.626109452453756	0.907787788614775
K02994	group	GERD	-0.00899055267862337	0.0177615771707131	26	26	0.617348703852272	0.907787788614775
K03043	group	GERD	-0.00874290484442247	0.017764974371765	26	26	0.627090101612373	0.907787788614775
K03046	group	GERD	-0.0133908256130524	0.0173308531073021	26	26	0.447267675229617	0.907787788614775
K03060	group	GERD	0.0522958837874815	0.0551516537531972	26	26	0.352468498887614	0.907787788614775
K03070	group	GERD	-0.0214120011702151	0.0330800575558153	26	26	0.523595448913686	0.907787788614775
K03071	group	GERD	-0.18981098024888	0.30668911082082	26	26	0.541810438240171	0.907787788614775
K03072	group	GERD	0.162307918254926	0.0960166353526309	26	26	0.103897683337299	0.907787788614775
K03074	group	GERD	0.162307918254926	0.0960166353526309	26	26	0.103897683337299	0.907787788614775
K03075	group	GERD	-0.00874044243347132	0.0179270034208057	26	26	0.630287486697181	0.907787788614775
K03076	group	GERD	-0.0178246214688985	0.0338199084592072	26	26	0.603000347049748	0.907787788614775
K03077	group	GERD	0.164327335373999	0.32057424282661	26	26	0.612914764741937	0.907787788614775
K03078	group	GERD	-0.753055743402777	0.707771347189702	26	26	0.2979254653663	0.907787788614775
K03079	group	GERD	0.608192546733866	0.381456693504107	26	26	0.123933526552679	0.907787788614775
K03086	group	GERD	0.0516490105578069	0.0768429185749021	26	26	0.50791569632581	0.907787788614775
K03089	group	GERD	-0.185307080533171	0.311725921012714	26	26	0.557770696751951	0.907787788614775
K03090	group	GERD	0.17119857775549	0.316805805004209	26	26	0.593908302055236	0.907787788614775
K03092	group	GERD	-0.187230303283381	0.110499623214527	26	26	0.103129263669032	0.907787788614775
K03098	group	GERD	-1.05907787789227	1.46017865760971	26	19	0.475276994599028	0.907787788614775
K03100	group	GERD	0.064203546327997	0.0399322239579453	26	26	0.120953748201042	0.907787788614775
K03106	group	GERD	-0.00874985296127218	0.0177523845600344	26	26	0.626574517894489	0.907787788614775
K03110	group	GERD	-0.037440656549524	0.0364510049734963	26	26	0.314591382305738	0.907787788614775
K03111	group	GERD	0.0891522670981257	0.0631929809187892	26	26	0.171136715109901	0.907787788614775
K03112	group	GERD	-0.53528807916741	0.3855221690085	26	3	0.177745691509274	0.907787788614775
K03113	group	GERD	-0.452358708030649	0.301534695395865	26	26	0.146607244385063	0.907787788614775
K03116	group	GERD	0.114799663081563	0.0785705922477146	26	26	0.156957168979953	0.907787788614775
K03117	group	GERD	0.144723200061638	0.144830513050502	26	26	0.327638248280547	0.907787788614775
K03118	group	GERD	0.116428988760458	0.0787120888426266	26	26	0.152100277080117	0.907787788614775
K03119	group	GERD	0.444617846174821	0.67138915508998	26	7	0.514129654833308	0.907787788614775
K03146	group	GERD	-0.222511787600867	0.391746749168574	26	26	0.575311660473251	0.907787788614775
K03147	group	GERD	-0.155713296028597	0.121407032272986	26	26	0.211891555303569	0.907787788614775
K03148	group	GERD	-0.326406776065384	0.328026789776771	26	26	0.329633748333106	0.907787788614775
K03149	group	GERD	-0.389364804902928	0.255338349642585	26	26	0.140355343730709	0.907787788614775
K03150	group	GERD	-0.355205327191649	0.153987569021729	26	26	0.0300128628459061	0.907787788614775
K03152	group	GERD	-0.0615659998512235	0.0767688917548044	26	26	0.430442538018955	0.907787788614775
K03154	group	GERD	-0.396777094567363	0.258811077277393	26	26	0.138334654147375	0.907787788614775
K03168	group	GERD	-0.0125645463715942	0.020706979139616	26	26	0.54969559280994	0.907787788614775
K03179	group	GERD	0.123537003126929	0.219645829830723	26	26	0.57903425036637	0.907787788614775
K03182	group	GERD	-0.233040051900852	0.471246297046526	26	26	0.625436445711298	0.907787788614775
K03184	group	GERD	-0.578168509038422	0.589342449835605	26	23	0.336359779976598	0.907787788614775
K03185	group	GERD	-0.524366684570897	0.625865885250368	26	26	0.410394901173928	0.907787788614775
K03187	group	GERD	-0.549469738252997	0.808180356782752	26	26	0.503083092109592	0.907787788614775
K03188	group	GERD	-0.591398617090222	0.798532535918436	26	26	0.466116436785003	0.907787788614775
K03189	group	GERD	-0.591398617090222	0.798532535918436	26	26	0.466116436785003	0.907787788614775
K03190	group	GERD	-0.591398617090222	0.798532535918436	26	26	0.466116436785003	0.907787788614775
K03192	group	GERD	0.364324390160469	0.513640181256359	26	6	0.484973277547121	0.907787788614775
K03194	group	GERD	0.479202609721347	0.788033435046523	26	15	0.548833620089481	0.907787788614775
K03195	group	GERD	-0.535432733228833	0.773142953326576	26	26	0.49524501667545	0.907787788614775
K03196	group	GERD	0.20609943128803	0.423030623312627	26	26	0.630538774630538	0.907787788614775
K03197	group	GERD	-0.943381546515836	0.870018860567006	26	26	0.288994563074255	0.907787788614775
K03198	group	GERD	-0.931535394450627	0.853494361577239	26	26	0.285916882359032	0.907787788614775
K03200	group	GERD	0.288697299419877	0.450648852581639	26	26	0.527835770092063	0.907787788614775
K03201	group	GERD	-0.700051241516147	0.864125788687792	26	26	0.425827686228185	0.907787788614775
K03203	group	GERD	-0.688353733356728	0.889866109055224	26	26	0.44675132057774	0.907787788614775
K03210	group	GERD	-0.0289796619763337	0.0205861283141373	26	26	0.172032923277122	0.907787788614775
K03212	group	GERD	0.137509270417759	0.137344054844784	26	26	0.326716995641792	0.907787788614775
K03214	group	GERD	-0.235214739033535	0.37014267304461	26	26	0.531134630117522	0.907787788614775
K03215	group	GERD	-0.0493689995114552	0.0280515197319564	26	26	0.0911598159675925	0.907787788614775
K03216	group	GERD	0.0466438486058063	0.0533680113688035	26	26	0.390778168364202	0.907787788614775
K03219	group	GERD	0.147502453133314	0.211452849603701	26	4	0.492151372055889	0.907787788614775
K03222	group	GERD	0.147502453133314	0.211452849603701	26	4	0.492151372055889	0.907787788614775
K03224	group	GERD	0.942729168186472	0.782796861848526	26	6	0.240213221260227	0.907787788614775
K03226	group	GERD	0.147502453133314	0.211452849603701	26	4	0.492151372055889	0.907787788614775
K03227	group	GERD	0.147502453133314	0.211452849603701	26	4	0.492151372055889	0.907787788614775
K03228	group	GERD	0.147502453133314	0.211452849603701	26	4	0.492151372055889	0.907787788614775
K03229	group	GERD	0.147502453133314	0.211452849603701	26	4	0.492151372055889	0.907787788614775
K03230	group	GERD	0.147502453133314	0.211452849603701	26	4	0.492151372055889	0.907787788614775
K03269	group	GERD	-0.162045692115404	0.106714136856641	26	26	0.141952077427299	0.907787788614775
K03271	group	GERD	0.130474352344667	0.167561378363345	26	26	0.44378652860617	0.907787788614775
K03272	group	GERD	0.191370492320959	0.180614865570919	26	26	0.29989692003994	0.907787788614775
K03273	group	GERD	0.189794933872648	0.158395232816498	26	26	0.242524244880021	0.907787788614775
K03278	group	GERD	-0.26775009828129	0.529753090999788	26	7	0.617871233289653	0.907787788614775
K03282	group	GERD	-0.0342154257598961	0.0220591161221102	26	26	0.133970738727943	0.907787788614775
K03284	group	GERD	-0.0382169428601328	0.0285526397661458	26	26	0.193284917796523	0.907787788614775
K03286	group	GERD	0.343732036752531	0.247076142648589	26	26	0.176928577645357	0.907787788614775
K03287	group	GERD	-0.429302510960687	0.545257479733023	26	26	0.438790197596295	0.907787788614775
K03288	group	GERD	-0.26047887480836	0.224698076949252	26	3	0.257762708994305	0.907787788614775
K03290	group	GERD	0.176896086565773	0.257301179162907	26	26	0.498354777635531	0.907787788614775
K03291	group	GERD	-0.182093938769141	0.385255130507968	26	26	0.640727247669367	0.907787788614775
K03292	group	GERD	0.187961576503435	0.211405342641375	26	26	0.382771876973342	0.907787788614775
K03294	group	GERD	-0.163743874329994	0.239551091376284	26	26	0.500809360130137	0.907787788614775
K03299	group	GERD	-0.299968330398395	0.217362229229363	26	26	0.180295991169366	0.907787788614775
K03300	group	GERD	0.549727849071412	0.336043731602765	26	26	0.114913047076677	0.907787788614775
K03304	group	GERD	0.107582595887432	0.195700543347239	26	26	0.587583833411546	0.907787788614775
K03305	group	GERD	-0.228782062548159	0.130689024003261	26	26	0.0927924358827593	0.907787788614775
K03306	group	GERD	0.1384297196526	0.109244910800843	26	26	0.217259970715799	0.907787788614775
K03307	group	GERD	-0.117730228417423	0.142748568906327	26	26	0.417642184358216	0.907787788614775
K03308	group	GERD	-0.13725364275474	0.0999491292299384	26	26	0.182373725839661	0.907787788614775
K03309	group	GERD	0.793210624878213	0.591073299401271	26	26	0.192160425860422	0.907787788614775
K03311	group	GERD	-0.0921326980672532	0.0645291721379676	26	26	0.16624239304053	0.907787788614775
K03314	group	GERD	-0.247465554931568	0.390380461149423	26	26	0.532136206501537	0.907787788614775
K03319	group	GERD	0.166695756855001	0.187856548846773	26	26	0.383693375436747	0.907787788614775
K03320	group	GERD	0.350707707544824	0.202915575074401	26	26	0.0967735394132631	0.907787788614775
K03321	group	GERD	-0.299666173878626	0.165538868841078	26	26	0.0827971703218688	0.907787788614775
K03325	group	GERD	-0.281266948921763	0.497521630960493	26	26	0.577092509962264	0.907787788614775
K03326	group	GERD	0.220978148950807	0.252138002646919	26	26	0.389491327572831	0.907787788614775
K03327	group	GERD	-0.0843879503406369	0.0592908499030515	26	26	0.167523217184827	0.907787788614775
K03328	group	GERD	0.145028641827102	0.19453871517243	26	26	0.463208727563188	0.907787788614775
K03332	group	GERD	0.117641177768019	0.224314230292135	26	26	0.604777569054183	0.907787788614775
K03335	group	GERD	0.419759607808685	0.307545522036041	26	26	0.184954053907218	0.907787788614775
K03336	group	GERD	0.486289227588859	0.325741338090736	26	26	0.148501884363	0.907787788614775
K03337	group	GERD	0.4276286789586	0.322417110251246	26	26	0.197217351256644	0.907787788614775
K03338	group	GERD	0.486289227588859	0.325741338090736	26	26	0.148501884363	0.907787788614775
K03342	group	GERD	-0.317136842370697	0.421182838883109	26	26	0.458792509413312	0.907787788614775
K03346	group	GERD	-0.229354071666887	0.375828358535873	26	26	0.547423452793477	0.907787788614775
K03366	group	GERD	-0.33620442447353	0.383563665527638	26	26	0.389432276576793	0.907787788614775
K03367	group	GERD	-0.280606978345195	0.318917274236074	26	26	0.387653272231447	0.907787788614775
K03381	group	GERD	-0.37049407297679	0.449231302958223	26	4	0.417647439235633	0.907787788614775
K03388	group	GERD	-0.740004014801849	0.639769305357713	26	23	0.258789750318033	0.907787788614775
K03389	group	GERD	-0.837714046639627	0.693620325808025	26	23	0.238914148815969	0.907787788614775
K03390	group	GERD	-0.847684361771013	0.69269734344292	26	23	0.232927537345256	0.907787788614775
K03394	group	GERD	0.33007455773576	0.270464041138654	26	26	0.234168832653463	0.907787788614775
K03399	group	GERD	0.253676690138867	0.269136320603652	26	26	0.355298877015939	0.907787788614775
K03402	group	GERD	0.0570898321361381	0.0811171135865235	26	26	0.48833305752978	0.907787788614775
K03403	group	GERD	0.541163003506317	0.490823575776966	26	4	0.281151679075645	0.907787788614775
K03404	group	GERD	0.251586667418322	0.313963746291548	26	26	0.430806602842604	0.907787788614775
K03405	group	GERD	0.189568511983409	0.296682423783644	26	26	0.528899836312109	0.907787788614775
K03406	group	GERD	0.23854357151763	0.316465067968175	26	26	0.45831601695403	0.907787788614775
K03407	group	GERD	0.235515761886286	0.274192122428361	26	26	0.398869298985558	0.907787788614775
K03408	group	GERD	0.265487952263498	0.26539730885546	26	26	0.327125008650413	0.907787788614775
K03410	group	GERD	0.45735045933585	0.317404411004729	26	26	0.162531160251136	0.907787788614775
K03411	group	GERD	0.40211698715701	0.306645316019742	26	26	0.202149996018926	0.907787788614775
K03412	group	GERD	0.143121992033962	0.266461004317101	26	26	0.596128692719168	0.907787788614775
K03413	group	GERD	0.45750222023628	0.259686687484353	26	26	0.0908474255416432	0.907787788614775
K03415	group	GERD	0.343612027843787	0.37675340768051	26	26	0.370821382017389	0.907787788614775
K03416	group	GERD	-0.394572273377045	0.794208315356003	26	24	0.62384195341276	0.907787788614775
K03417	group	GERD	-0.650062633823965	0.811874818515257	26	26	0.431164746447887	0.907787788614775
K03424	group	GERD	-0.0572700108208497	0.0393429632456812	26	26	0.158443687954594	0.907787788614775
K03426	group	GERD	0.104473318788644	0.14058181872823	26	26	0.46460413211345	0.907787788614775
K03428	group	GERD	0.469734432077746	0.443162043054334	26	4	0.299713772415366	0.907787788614775
K03429	group	GERD	0.199276504037644	0.288196067996786	26	26	0.495910479491526	0.907787788614775
K03431	group	GERD	0.0479496455570378	0.0535836966790456	26	26	0.379751677387829	0.907787788614775
K03432	group	GERD	-0.686975485635792	0.621302209110688	26	10	0.279816401630854	0.907787788614775
K03433	group	GERD	-0.686975485635792	0.621302209110688	26	10	0.279816401630854	0.907787788614775
K03436	group	GERD	-0.131561110753809	0.16869647146826	26	26	0.443091594290332	0.907787788614775
K03437	group	GERD	-0.0275196481531777	0.036884894214541	26	26	0.462855785617879	0.907787788614775
K03439	group	GERD	0.0179271161743531	0.0268557313049302	26	26	0.510799388003186	0.907787788614775
K03442	group	GERD	-0.0792699949555264	0.0787657434992568	26	26	0.324261880267882	0.907787788614775
K03445	group	GERD	-0.251188692067278	0.392781044613168	26	26	0.528546746426827	0.907787788614775
K03446	group	GERD	-0.247312239551686	0.318246733088187	26	26	0.444687432321903	0.907787788614775
K03451	group	GERD	0.579045607556926	0.308738991811972	26	26	0.072938567823226	0.907787788614775
K03457	group	GERD	0.607924195961878	0.735116414321938	26	26	0.416397030066425	0.907787788614775
K03458	group	GERD	0.147907378582452	0.195936302856114	26	26	0.457668299344106	0.907787788614775
K03462	group	GERD	0.781310768629434	0.577810620556491	26	26	0.188919386575335	0.907787788614775
K03464	group	GERD	-0.297175511558178	0.342027777354186	26	4	0.393527878825772	0.907787788614775
K03465	group	GERD	0.232586552351722	0.270548482262705	26	26	0.39846868881198	0.907787788614775
K03469	group	GERD	-0.0211008574079148	0.0285631949603045	26	26	0.467226817568999	0.907787788614775
K03470	group	GERD	-0.0228164034340711	0.0308969267211065	26	26	0.46739048810031	0.907787788614775
K03473	group	GERD	-0.806665825952182	0.520524157020175	26	26	0.134296506004782	0.907787788614775
K03474	group	GERD	-0.607890275569929	0.503130457809928	26	26	0.238734984429754	0.907787788614775
K03475	group	GERD	0.182367362719476	0.147697034687797	26	26	0.228880241584547	0.907787788614775
K03476	group	GERD	0.274291599184595	0.148299618793009	26	26	0.0767275194931119	0.907787788614775
K03477	group	GERD	-0.757157124901312	0.727533495781797	26	25	0.308377715225198	0.907787788614775
K03478	group	GERD	-0.318580966280598	0.558650463820844	26	4	0.573795911298312	0.907787788614775
K03480	group	GERD	-1.28717308200223	0.502463589051974	26	8	0.0171195199874384	0.907787788614775
K03484	group	GERD	0.116686185905433	0.228070832680179	26	26	0.613590624401378	0.907787788614775
K03486	group	GERD	0.300339217196512	0.192409362979833	26	26	0.131629012307713	0.907787788614775
K03487	group	GERD	0.23047281840511	0.352819820153691	26	26	0.519816932996205	0.907787788614775
K03491	group	GERD	0.146522790466051	0.296615490867649	26	26	0.625809583392567	0.907787788614775
K03492	group	GERD	0.182871566477008	0.265480602624869	26	26	0.497534528546177	0.907787788614775
K03493	group	GERD	0.973965094609975	0.884717467463766	26	25	0.281869418398942	0.907787788614775
K03495	group	GERD	-0.0549936188903949	0.0473537601417726	26	26	0.256925939972197	0.907787788614775
K03496	group	GERD	0.0704250745101839	0.0828657437044871	26	26	0.403796353625667	0.907787788614775
K03499	group	GERD	0.0438725541440398	0.0460336849646047	26	26	0.350063986503352	0.907787788614775
K03501	group	GERD	-0.0086716397426706	0.0177907262853984	26	26	0.63038008505562	0.907787788614775
K03503	group	GERD	-0.81864847820905	0.80555019468011	26	26	0.319641729650444	0.907787788614775
K03518	group	GERD	0.293716429983532	0.283531312887814	26	26	0.310564011036337	0.907787788614775
K03519	group	GERD	-0.501257713826337	0.602342721168951	26	13	0.413511446298704	0.907787788614775
K03520	group	GERD	0.253537021390792	0.526643873382361	26	6	0.634578349163216	0.907787788614775
K03523	group	GERD	0.123241790410387	0.126402296885403	26	26	0.339287631841598	0.907787788614775
K03524	group	GERD	0.0333564166583659	0.060216039915272	26	26	0.58474089841626	0.907787788614775
K03526	group	GERD	-0.0239827603203739	0.0431674643021098	26	26	0.583643855365997	0.907787788614775
K03528	group	GERD	-0.237919297220478	0.379712925576402	26	26	0.536851648516894	0.907787788614775
K03529	group	GERD	0.0964079942318377	0.0771766565190309	26	26	0.223643818562142	0.907787788614775
K03531	group	GERD	0.0661396436363019	0.0505138653233372	26	26	0.202817756182574	0.907787788614775
K03534	group	GERD	0.442805637096171	0.428522640565729	26	26	0.311750042991057	0.907787788614775
K03535	group	GERD	0.609906300180685	0.58378756273237	26	26	0.30655232149843	0.907787788614775
K03536	group	GERD	-0.0289859162874077	0.0216568198648333	26	26	0.193302063922589	0.907787788614775
K03543	group	GERD	-0.178644130112046	0.296917376403712	26	26	0.553040262389916	0.907787788614775
K03546	group	GERD	0.148908392814991	0.137909844542322	26	26	0.290984735846936	0.907787788614775
K03547	group	GERD	0.110950218885542	0.138900468816685	26	26	0.432255027114536	0.907787788614775
K03548	group	GERD	-0.238805976411156	0.379713338472586	26	26	0.535347848091764	0.907787788614775
K03551	group	GERD	-0.00876018173713076	0.0177492811813384	26	26	0.626109452453756	0.907787788614775
K03553	group	GERD	-0.00859643243654208	0.0177415925116117	26	26	0.632398581616139	0.907787788614775
K03554	group	GERD	-0.188476467789795	0.318348168700811	26	26	0.559357112856129	0.907787788614775
K03555	group	GERD	-0.0477185085716155	0.0286139077729604	26	26	0.108379088119082	0.907787788614775
K03556	group	GERD	0.59613871938477	0.889061684898397	26	22	0.508924344117293	0.907787788614775
K03557	group	GERD	-0.184346175363427	0.311546159303186	26	26	0.559575330890488	0.907787788614775
K03560	group	GERD	-0.182632814584855	0.362623639420374	26	26	0.619104093334952	0.907787788614775
K03562	group	GERD	-0.186459605489642	0.3614576142158	26	26	0.610675870855117	0.907787788614775
K03564	group	GERD	-0.0730470208231992	0.0626714769458932	26	26	0.25524816324496	0.907787788614775
K03566	group	GERD	-0.195013438523412	0.37184802965069	26	26	0.604780449069541	0.907787788614775
K03570	group	GERD	-0.0310849381696192	0.0263768012519089	26	26	0.250152059152328	0.907787788614775
K03572	group	GERD	-0.04774518082734	0.0286124268855526	26	26	0.108174999925769	0.907787788614775
K03573	group	GERD	-0.341957189527798	0.314511169376845	26	26	0.287718678568962	0.907787788614775
K03574	group	GERD	0.0901128931271448	0.10197294526734	26	26	0.385628285777991	0.907787788614775
K03575	group	GERD	-0.0381717819474684	0.0423153817069491	26	26	0.375979892524538	0.907787788614775
K03576	group	GERD	-0.183183760029183	0.311453588039814	26	26	0.561920998437161	0.907787788614775
K03579	group	GERD	0.374174915639713	0.285554876239932	26	26	0.202482362300577	0.907787788614775
K03580	group	GERD	-0.246847096778539	0.390382858346313	26	26	0.533155701103489	0.907787788614775
K03584	group	GERD	-0.0370409986019713	0.0395799618276361	26	26	0.358671251931296	0.907787788614775
K03585	group	GERD	0.0819503780079989	0.157696693647356	26	26	0.608053196704234	0.907787788614775
K03586	group	GERD	-0.187142279344248	0.320020770131235	26	26	0.564152257520661	0.907787788614775
K03589	group	GERD	0.0848446162001838	0.0582097956917176	26	26	0.157921945423025	0.907787788614775
K03590	group	GERD	-0.168230693329474	0.101749149619146	26	26	0.111275116873638	0.907787788614775
K03591	group	GERD	-0.247465554931568	0.390380461149423	26	26	0.532136206501537	0.907787788614775
K03594	group	GERD	-0.582318062883454	0.792592610907059	26	26	0.469640452342717	0.907787788614775
K03595	group	GERD	-0.0297428349112648	0.0216499213683966	26	26	0.182198025853073	0.907787788614775
K03596	group	GERD	-0.00953290915384183	0.0177884807459557	26	26	0.59695743359244	0.907787788614775
K03597	group	GERD	-0.191706882689664	0.371717634600293	26	26	0.610759901347373	0.907787788614775
K03598	group	GERD	-0.19096502247494	0.371733152416989	26	26	0.61214847294338	0.907787788614775
K03600	group	GERD	-0.184346175363427	0.311546159303186	26	26	0.559575330890488	0.907787788614775
K03601	group	GERD	-0.0168116975790628	0.0213133082142149	26	26	0.437958433526965	0.907787788614775
K03603	group	GERD	-0.247465554931568	0.390380461149423	26	26	0.532136206501537	0.907787788614775
K03605	group	GERD	0.175738006010928	0.230904513708662	26	26	0.454019834056148	0.907787788614775
K03607	group	GERD	-0.23648192842944	0.385758758568285	26	26	0.545622167239832	0.907787788614775
K03608	group	GERD	-0.312563366840695	0.347804603860449	26	26	0.377753814748942	0.907787788614775
K03610	group	GERD	-0.310996686399166	0.345942326101792	26	26	0.37759250236292	0.907787788614775
K03611	group	GERD	-0.182438653454533	0.304991192729893	26	26	0.555325531663426	0.907787788614775
K03612	group	GERD	-0.184322780353962	0.145529078408022	26	26	0.217463943502176	0.907787788614775
K03613	group	GERD	-0.326641524677424	0.21590292175755	26	26	0.143360806020552	0.907787788614775
K03615	group	GERD	-0.157398280287278	0.184103633999246	26	26	0.401036524034448	0.907787788614775
K03616	group	GERD	-0.175040646090146	0.251444226894062	26	26	0.49302770379912503	0.907787788614775
K03617	group	GERD	-0.328747693912235	0.217129983035082	26	26	0.14307019805096	0.907787788614775
K03620	group	GERD	0.252759305870238	0.315117664574034	26	26	0.430360042400133	0.907787788614775
K03621	group	GERD	-0.050484037994932	0.0753815038863913	26	26	0.509432804742711	0.907787788614775
K03623	group	GERD	-0.690952257834102	0.645729627699032	26	26	0.295248190298293	0.907787788614775
K03625	group	GERD	-0.00877135848136189	0.0177953033936425	26	26	0.626560764248768	0.907787788614775
K03628	group	GERD	-0.0362034194397881	0.0378421261143173	26	26	0.348259093848666	0.907787788614775
K03631	group	GERD	-0.00873646891619825	0.0177570201624986	26	26	0.627188997973949	0.907787788614775
K03632	group	GERD	-0.247465554931568	0.390380461149423	26	26	0.532136206501537	0.907787788614775
K03633	group	GERD	-0.247465554931568	0.390380461149423	26	26	0.532136206501537	0.907787788614775
K03635	group	GERD	0.227082521879182	0.132562642449682	26	26	0.0996000214042871	0.907787788614775
K03637	group	GERD	0.213976725220107	0.104030350818708	26	26	0.0507248212906197	0.907787788614775
K03638	group	GERD	0.243882611961777	0.31151333033177	26	26	0.441345301401292	0.907787788614775
K03639	group	GERD	0.235662375483045	0.106679171789738	26	26	0.0369619163628153	0.907787788614775
K03640	group	GERD	-0.531213808538049	0.363887569906812	26	26	0.157303840309718	0.907787788614775
K03642	group	GERD	0.0888633933408152	0.132192784377408	26	26	0.507860532500865	0.907787788614775
K03643	group	GERD	-0.184668225679866	0.31159143692134	26	26	0.558951185963237	0.907787788614775
K03644	group	GERD	-0.0763233555091511	0.0763503293590696	26	26	0.327454381974201	0.907787788614775
K03645	group	GERD	-0.247465554931568	0.390380461149423	26	26	0.532136206501537	0.907787788614775
K03646	group	GERD	0.171685845257936	0.195810746613727	26	26	0.389290391480456	0.907787788614775
K03647	group	GERD	0.221693787947795	0.22819349703915	26	26	0.340981305825027	0.907787788614775
K03648	group	GERD	-0.0743578807950246	0.0554562340725209	26	26	0.19252649890289	0.907787788614775
K03649	group	GERD	-0.863270524138293	0.84348275835035	26	20	0.316296624901954	0.907787788614775
K03650	group	GERD	-0.0749026987308714	0.0339874183052965	26	26	0.0373731358408948	0.907787788614775
K03651	group	GERD	-0.241989236078239	0.388298937161612	26	26	0.539028653138985	0.907787788614775
K03652	group	GERD	0.41689687658647	0.340962042157458	26	26	0.233311878046049	0.907787788614775
K03653	group	GERD	0.308536526166926	0.323933910952047	26	26	0.350354788337224	0.907787788614775
K03654	group	GERD	-0.06591758717218	0.0575900368772667	26	26	0.2636618486946	0.907787788614775
K03655	group	GERD	0.0616328576922838	0.0747129152230506	26	26	0.417536020443262	0.907787788614775
K03656	group	GERD	-0.184386342834518	0.311531941716695	26	26	0.559472593328019	0.907787788614775
K03657	group	GERD	0.0643162506743449	0.0579057384176308	26	26	0.27769921156233	0.907787788614775
K03660	group	GERD	0.234564664941758	0.264880986973227	26	26	0.38464841881498	0.907787788614775
K03664	group	GERD	-0.00879885967203383	0.0177414482929651	26	26	0.624441521066109	0.907787788614775
K03665	group	GERD	-0.0790644154710302	0.0656703575333014	26	26	0.240345921290186	0.907787788614775
K03669	group	GERD	-0.706050271952246	0.795138251671413	26	24	0.383375686998998	0.907787788614775
K03670	group	GERD	-1.01788771288982	0.785105925148767	26	23	0.207132351645566	0.907787788614775
K03671	group	GERD	0.0648866647620023	0.0535869345012441	26	26	0.237735810141453	0.907787788614775
K03673	group	GERD	-0.18902626208632	0.310326032550259	26	26	0.548167123010409	0.907787788614775
K03674	group	GERD	-0.247465554931568	0.390380461149423	26	26	0.532136206501537	0.907787788614775
K03675	group	GERD	-0.172105330754015	0.3139365299117	26	26	0.588606472682617	0.907787788614775
K03676	group	GERD	-0.620959183353724	0.808597788293287	26	26	0.450009787365492	0.907787788614775
K03683	group	GERD	-0.237919297220478	0.379712925576402	26	26	0.536851648516894	0.907787788614775
K03684	group	GERD	0.184413455472947	0.126679394052364	26	26	0.158419395313599	0.907787788614775
K03685	group	GERD	-0.0088135617342791	0.0177639326592269	26	26	0.62430257434305	0.907787788614775
K03686	group	GERD	0.0474110389649288	0.0412304756708557	26	26	0.261513820644991	0.907787788614775
K03687	group	GERD	-0.00876018173713076	0.0177492811813384	26	26	0.626109452453756	0.907787788614775
K03688	group	GERD	-0.224931782072562	0.434877895754647	26	26	0.609730249288899	0.907787788614775
K03690	group	GERD	-0.379640192072909	0.636640274164307	26	26	0.556545945109559	0.907787788614775
K03693	group	GERD	-0.219308881112792	0.381147270938828	26	26	0.570382514544103	0.907787788614775
K03694	group	GERD	-0.564390304476602	0.662948065230588	26	26	0.402998580798737	0.907787788614775
K03695	group	GERD	-0.0286862744646861	0.0336306403715575	26	26	0.402103048146688	0.907787788614775
K03698	group	GERD	-0.139659962182174	0.262571572731438	26	26	0.59968972957511	0.907787788614775
K03699	group	GERD	0.150027275692706	0.122480211340728	26	26	0.232495753543367	0.907787788614775
K03701	group	GERD	-0.0348893139774167	0.0383372893218145	26	26	0.3718394969011	0.907787788614775
K03702	group	GERD	-0.00874985296127218	0.0177523845600344	26	26	0.626574517894489	0.907787788614775
K03703	group	GERD	-0.00874953550735261	0.0177577086504862	26	26	0.626689852480259	0.907787788614775
K03704	group	GERD	0.0485460772292178	0.0671071234422558	26	26	0.476419099157226	0.907787788614775
K03705	group	GERD	0.108014594476449	0.0889463171745654	26	26	0.236416954663856	0.907787788614775
K03706	group	GERD	-0.151171166532368	0.253650975573151	26	26	0.55676751106485	0.907787788614775
K03707	group	GERD	-0.19316303166095	0.226538399437372	26	26	0.402270482352374	0.907787788614775
K03709	group	GERD	0.118762065023684	0.175706710715816	26	26	0.50555884143028	0.907787788614775
K03711	group	GERD	0.0758309560585502	0.0904132518430821	26	26	0.409905454144752	0.907787788614775
K03712	group	GERD	-0.26047887480836	0.224698076949252	26	3	0.257762708994305	0.907787788614775
K03713	group	GERD	-0.217665320931695	0.381327611695138	26	26	0.573435357314553	0.907787788614775
K03716	group	GERD	-0.490663404658611	0.539008754492632	26	26	0.37171300627255	0.907787788614775
K03718	group	GERD	-0.129470325568791	0.149797386698823	26	26	0.395978003854326	0.907787788614775
K03719	group	GERD	-0.0894138493660786	0.188208834540376	26	26	0.639026493444232	0.907787788614775
K03720	group	GERD	-0.247232993311771	0.379074115289862	26	26	0.520468818811441	0.907787788614775
K03721	group	GERD	-0.247372669876193	0.39039970802314	26	26	0.532308928767256	0.907787788614775
K03722	group	GERD	0.0533376231809424	0.0833772801583326	26	26	0.52841836104079	0.907787788614775
K03723	group	GERD	0.00886631251717758	0.0170815177371241	26	26	0.608473466127526	0.907787788614775
K03727	group	GERD	0.279609943123625	0.282513850121378	26	26	0.332184418090759	0.907787788614775
K03732	group	GERD	-0.235010345295868	0.362461992115171	26	26	0.522899806840908	0.907787788614775
K03733	group	GERD	-0.18086869916636	0.0902413864076741	26	26	0.0564500449787044	0.907787788614775
K03734	group	GERD	-0.0522152750448123	0.0641839497075375	26	26	0.42391481003668	0.907787788614775
K03735	group	GERD	-0.417771182976063	0.512645931549015	26	26	0.423125190212711	0.907787788614775
K03736	group	GERD	-0.417771182976063	0.512645931549015	26	26	0.423125190212711	0.907787788614775
K03739	group	GERD	-0.294538296816346	0.323758401961741	26	26	0.372002233523831	0.907787788614775
K03740	group	GERD	-0.235043184758468	0.295929249821904	26	26	0.434831018335879	0.907787788614775
K03741	group	GERD	-0.659580613375794	0.430356028162195	26	26	0.138441954864912	0.907787788614775
K03742	group	GERD	-0.0945925775703619	0.0835417453894026	26	26	0.268703354870566	0.907787788614775
K03743	group	GERD	-0.0322733576777291	0.0656122418871309	26	26	0.627273085615073	0.907787788614775
K03745	group	GERD	-0.190971678393158	0.310976521307761	26	26	0.544924965649584	0.907787788614775
K03746	group	GERD	-0.182023501499581	0.360581248147982	26	26	0.618299165629553	0.907787788614775
K03747	group	GERD	-0.578638483942014	0.812458340695291	26	26	0.483203384377171	0.907787788614775
K03748	group	GERD	-0.118084562442385	0.23907271159601	26	26	0.625847757954555	0.907787788614775
K03749	group	GERD	-0.227367587102546	0.439162406864422	26	26	0.609386341281289	0.907787788614775
K03750	group	GERD	0.263542186750427	0.111914512877374	26	26	0.0270456950484404	0.907787788614775
K03753	group	GERD	-0.169046209484256	0.328168463138837	26	26	0.611181250993072	0.907787788614775
K03756	group	GERD	0.297047719938465	0.277299512677286	26	26	0.294726936309612	0.907787788614775
K03758	group	GERD	-0.476148168175337	0.410171438171284	26	26	0.257119047329345	0.907787788614775
K03761	group	GERD	-0.6499834443003	0.385626621119621	26	4	0.1048475159962	0.907787788614775
K03762	group	GERD	-0.465703428820354	0.640273368445925	26	25	0.474047194504036	0.907787788614775
K03763	group	GERD	0.0444025552914945	0.0920267546053798	26	26	0.633825157234619	0.907787788614775
K03764	group	GERD	-0.247465554931568	0.390380461149423	26	26	0.532136206501537	0.907787788614775
K03767	group	GERD	0.114933319832738	0.126089574216089	26	26	0.371086081806229	0.907787788614775
K03769	group	GERD	0.463635612020222	0.314264680063105	26	26	0.153130577352486	0.907787788614775
K03770	group	GERD	-0.109287316245859	0.104806704809448	26	26	0.30745400104604	0.907787788614775
K03771	group	GERD	-0.089577837734563	0.108500068877536	26	26	0.417161696848817	0.907787788614775
K03772	group	GERD	-0.49300398580877	0.327244444407797	26	26	0.144981043215497	0.907787788614775
K03774	group	GERD	0.683976670217417	0.967805805627276	26	23	0.486540256571492	0.907787788614775
K03775	group	GERD	-0.185835581457413	0.127748423748958	26	26	0.158707461619658	0.907787788614775
K03776	group	GERD	-0.604713970117374	0.697180681711637	26	26	0.394328961588196	0.907787788614775
K03777	group	GERD	-0.427843331803336	0.582973091258982	26	26	0.470119806479765	0.907787788614775
K03778	group	GERD	-0.0974320934184586	0.137199612852264	26	26	0.48445581557469	0.907787788614775
K03779	group	GERD	0.267828024473415	0.322898819535309	26	26	0.415024618019602	0.907787788614775
K03780	group	GERD	0.263666800986068	0.318899707006938	26	26	0.41649436570462	0.907787788614775
K03781	group	GERD	-0.330304009759819	0.278624265440046	26	26	0.247432391576637	0.907787788614775
K03782	group	GERD	-1.43093525513433	0.886840917120152	26	23	0.119704641324311	0.907787788614775
K03783	group	GERD	-0.0678211446617326	0.0958427568303861	26	26	0.485991050853999	0.907787788614775
K03784	group	GERD	0.0581602501608215	0.0795202276465453	26	26	0.47162273302939	0.907787788614775
K03785	group	GERD	0.091907254439206	0.104159759588689	26	26	0.38633036234631	0.907787788614775
K03787	group	GERD	-0.0594372586858021	0.084004910024706	26	26	0.486042451514951	0.907787788614775
K03788	group	GERD	0.167479660516881	0.278324378104788	26	26	0.552987923921122	0.907787788614775
K03789	group	GERD	0.105119880971375	0.058303081412728	26	26	0.083961137423755	0.907787788614775
K03790	group	GERD	-0.10499183134524	0.127999321367199	26	26	0.420144333110944	0.907787788614775
K03796	group	GERD	-0.429746490737232	0.547669436364853	26	26	0.440317054816118	0.907787788614775
K03797	group	GERD	-0.0525222686328657	0.0791372951081149	26	26	0.513217239443995	0.907787788614775
K03799	group	GERD	0.106523042676081	0.0537953064876953	26	26	0.059262234871997	0.907787788614775
K03801	group	GERD	-0.127058335553258	0.169924884592434	26	26	0.461885893256959	0.907787788614775
K03802	group	GERD	-0.675777240503457	1.1374096710114	26	13	0.557979945721078	0.907787788614775
K03803	group	GERD	-0.334505303209553	0.245909501041242	26	26	0.186382597681137	0.907787788614775
K03804	group	GERD	-0.247465554931568	0.390380461149423	26	26	0.532136206501537	0.907787788614775
K03806	group	GERD	-0.184386342834518	0.311531941716695	26	26	0.559472593328019	0.907787788614775
K03808	group	GERD	-0.181605988623659	0.305059231885012	26	26	0.557206022318646	0.907787788614775
K03809	group	GERD	-0.583214381356084	0.828109146105963	26	26	0.48804122101597	0.907787788614775
K03811	group	GERD	-0.098310739602456	0.0887678630130761	26	26	0.279052918366236	0.907787788614775
K03817	group	GERD	-0.604177159172173	0.520581537540793	26	26	0.257226911220335	0.907787788614775
K03820	group	GERD	0.084014360062704	0.175487263013286	26	26	0.636450056681617	0.907787788614775
K03823	group	GERD	0.0956960996548814	0.118216841465697	26	26	0.426182956345977	0.907787788614775
K03826	group	GERD	0.441848764775136	0.410790801892494	26	26	0.292798366041616	0.907787788614775
K03827	group	GERD	-0.808462456515854	1.36182455539352	26	18	0.558293028075147	0.907787788614775
K03830	group	GERD	-0.772779503531226	0.745472010010873	26	24	0.310240194700364	0.907787788614775
K03833	group	GERD	-0.135324886024547	0.246919915632622	26	26	0.58871815467168	0.907787788614775
K03834	group	GERD	-0.227108169047871	0.384865036157694	26	26	0.56064032873623	0.907787788614775
K03835	group	GERD	-0.183253298594602	0.30279545337194	26	26	0.550723195747379	0.907787788614775
K03837	group	GERD	-0.244637032207995	0.390407390639179	26	26	0.536823855563499	0.907787788614775
K03839	group	GERD	-0.107408787158564	0.153358085198242	26	26	0.49042516494991	0.907787788614775
K03840	group	GERD	-1.04559978465026	0.76472724023208	26	23	0.184206259397022	0.907787788614775
K03841	group	GERD	-0.201108210952887	0.286013280806543	26	26	0.488732113555004	0.907787788614775
K03855	group	GERD	0.2824891753962	0.315517999903517	26	26	0.379508846733377	0.907787788614775
K03856	group	GERD	0.298203410832637	0.200951498004408	26	26	0.15083582349844	0.907787788614775
K03862	group	GERD	0.239020480823404	0.336060272740412	26	5	0.483789706956493	0.907787788614775
K03892	group	GERD	0.0648031192915972	0.125647492643085	26	26	0.610745567373742	0.907787788614775
K03893	group	GERD	-0.634649598719208	0.619984949746085	26	7	0.316206994736647	0.907787788614775
K03897	group	GERD	-0.26047887480836	0.224698076949252	26	3	0.257762708994305	0.907787788614775
K03918	group	GERD	-1.38010376405048	1.09079595849021	26	10	0.21793693870731	0.907787788614775
K03921	group	GERD	-2.06835368949323	1.23527487270648	26	16	0.107034669323456	0.907787788614775
K03923	group	GERD	-0.180787423119786	0.241649919087858	26	26	0.461645906173429	0.907787788614775
K03925	group	GERD	0.0531857298085145	0.0620961075912385	26	26	0.400189004476231	0.907787788614775
K03932	group	GERD	-0.606928672100417	0.721505355420758	26	26	0.408540709308307	0.907787788614775
K03969	group	GERD	0.302303481001614	0.24626807003457	26	26	0.231524908006097	0.907787788614775
K03972	group	GERD	-0.178675966403226	0.30962563089924	26	26	0.569265616239646	0.907787788614775
K03973	group	GERD	0.437963642057224	0.476956791619175	26	26	0.367626749448021	0.907787788614775
K03975	group	GERD	0.196780332433819	0.215617630780281	26	26	0.370511317261393	0.907787788614775
K03976	group	GERD	0.108343260099961	0.0687232130542776	26	26	0.127998195905086	0.907787788614775
K03977	group	GERD	-0.00876018173713076	0.0177492811813384	26	26	0.626109452453756	0.907787788614775
K03978	group	GERD	-0.0600521547015096	0.0287633498664455	26	26	0.0476042290223896	0.907787788614775
K03979	group	GERD	-0.00876018173713076	0.0177492811813384	26	26	0.626109452453756	0.907787788614775
K03980	group	GERD	0.061945004505951	0.097679924953897	26	26	0.531972963645898	0.907787788614775
K03981	group	GERD	-0.183767362009381	0.30533329393718	26	26	0.552912256208697	0.907787788614775
K04013	group	GERD	-0.246885597077387	0.39037293740691	26	26	0.533082038260687	0.907787788614775
K04014	group	GERD	-0.225994820618929	0.370002750527155	26	26	0.547078639397663	0.907787788614775
K04015	group	GERD	-0.230586165938899	0.375388218151536	26	26	0.544822741243052	0.907787788614775
K04016	group	GERD	-0.246885597077387	0.39037293740691	26	26	0.533082038260687	0.907787788614775
K04018	group	GERD	-0.545644036655531	0.800261645092143	26	25	0.501872697244463	0.907787788614775
K04019	group	GERD	-0.414680834598668	0.514080746850478	26	26	0.427792444860919	0.907787788614775
K04023	group	GERD	-0.414680834598668	0.514080746850478	26	26	0.427792444860919	0.907787788614775
K04026	group	GERD	-0.415541429445493	0.513976017942415	26	26	0.426753975923409	0.907787788614775
K04027	group	GERD	-0.412780038668823	0.513981607554755	26	26	0.429797594568656	0.907787788614775
K04030	group	GERD	-0.399295806544048	0.509504032577313	26	26	0.440885206262866	0.907787788614775
K04032	group	GERD	-0.414911567570184	0.513761787365539	26	26	0.427255778246627	0.907787788614775
K04035	group	GERD	0.517089075843634	0.473884665589523	26	4	0.286031686770711	0.907787788614775
K04037	group	GERD	0.163863303562183	0.323776788014371	26	3	0.617404201767493	0.907787788614775
K04038	group	GERD	0.469734432077746	0.443162043054334	26	4	0.299713772415366	0.907787788614775
K04039	group	GERD	0.163863303562183	0.323776788014371	26	3	0.617404201767493	0.907787788614775
K04040	group	GERD	0.469734432077746	0.443162043054334	26	4	0.299713772415366	0.907787788614775
K04041	group	GERD	-0.186662461905213	0.11080284331937	26	26	0.105021070405908	0.907787788614775
K04042	group	GERD	0.0594283483476736	0.0514620197209018	26	26	0.259541270931417	0.907787788614775
K04043	group	GERD	-0.00883798071090115	0.0174588244881883	26	26	0.617321956881799	0.907787788614775
K04044	group	GERD	-0.190148825852156	0.319025217685416	26	26	0.55673485865999806	0.907787788614775
K04045	group	GERD	0.601735044752461	0.480643698696404	26	26	0.222657479165963	0.907787788614775
K04047	group	GERD	-0.0284589595567222	0.0563309931701807	26	26	0.618019761785904	0.907787788614775
K04061	group	GERD	0.274669900618708	0.349191218910661	26	26	0.439221043776106	0.907787788614775
K04062	group	GERD	-0.133760340608101	0.28317037277268	26	26	0.640931944229861	0.907787788614775
K04063	group	GERD	-0.790878616345183	0.533942792446402	26	22	0.151562602793912	0.907787788614775
K04065	group	GERD	-0.688075022164786	0.487423903361955	26	26	0.170885294740495	0.907787788614775
K04066	group	GERD	-0.00875536527798562	0.0178843206107458	26	26	0.62889338890864	0.907787788614775
K04067	group	GERD	-0.247465554931568	0.390380461149423	26	26	0.532136206501537	0.907787788614775
K04068	group	GERD	-0.0531880274183018	0.0285446861642611	26	26	0.0746987716781767	0.907787788614775
K04069	group	GERD	0.049680625512762	0.0691988101968594	26	26	0.479724888766209	0.907787788614775
K04070	group	GERD	0.645299917106358	0.325648751129248	26	26	0.0590924082029787	0.907787788614775
K04073	group	GERD	-0.331761969831415	0.366849410840969	26	4	0.374796255272256	0.907787788614775
K04075	group	GERD	-0.00855558196147236	0.0171754863342625	26	26	0.622928274824832	0.907787788614775
K04078	group	GERD	-0.0089880159011641	0.0177693937270462	26	26	0.617601405285081	0.907787788614775
K04079	group	GERD	-0.134853201119054	0.1218750393889	26	26	0.279483533903025	0.907787788614775
K04082	group	GERD	-0.190148825852156	0.319025217685416	26	26	0.55673485865999806	0.907787788614775
K04084	group	GERD	-0.162056971933548	0.10670723498728	26	26	0.141900931468302	0.907787788614775
K04085	group	GERD	-0.214036128975449	0.355191252909597	26	26	0.552430592210342	0.907787788614775
K04086	group	GERD	0.0677026605608111	0.133700820389069	26	26	0.617214257408887	0.907787788614775
K04087	group	GERD	-0.169819823042827	0.33969755143399	26	26	0.621687846749517	0.907787788614775
K04088	group	GERD	-0.169258530327966	0.339664384877269	26	26	0.622800799475641	0.907787788614775
K04091	group	GERD	-0.433963904363809	0.539648971671584	26	4	0.429198789856828	0.907787788614775
K04092	group	GERD	0.400928434751486	0.268436328745439	26	26	0.148319632014557	0.907787788614775
K04095	group	GERD	0.114817639931068	0.163797970837763	26	26	0.490062217834686	0.907787788614775
K04096	group	GERD	-0.023021501411517	0.0215259113481425	26	26	0.29549291291417	0.907787788614775
K04100	group	GERD	0.500925242728165	0.617340074295353	26	5	0.425096223780991	0.907787788614775
K04101	group	GERD	0.527439906063683	0.602422094071843	26	5	0.389963031416624	0.907787788614775
K04103	group	GERD	-0.710550071519428	0.393185926933873	26	3	0.0832904860067766	0.907787788614775
K04477	group	GERD	0.219644091775976	0.268593604145882	26	26	0.421541213780632	0.907787788614775
K04479	group	GERD	0.265303515871283	0.405736689702504	26	26	0.51940519716637	0.907787788614775
K04485	group	GERD	-0.0137933701450183	0.0180710831250316	26	26	0.452732224255472	0.907787788614775
K04486	group	GERD	0.400527177962865	0.289607311977474	26	26	0.179397326231695	0.907787788614775
K04487	group	GERD	0.0458855127073455	0.0946976280101562	26	26	0.632390130867736	0.907787788614775
K04488	group	GERD	0.0724200343773459	0.0497300157954066	26	26	0.158278338688699	0.907787788614775
K04516	group	GERD	-0.129400197167551	0.0906570276805036	26	26	0.166358812874452	0.907787788614775
K04517	group	GERD	0.116616261377794	0.111069820343212	26	26	0.304205366846619	0.907787788614775
K04518	group	GERD	0.172761805443579	0.183410556603413	26	26	0.355608770062618	0.907787788614775
K04561	group	GERD	-0.147609062403715	0.230481151632884	26	26	0.527955287022394	0.907787788614775
K04562	group	GERD	0.181201656687327	0.361044229942572	26	26	0.620323735867991	0.907787788614775
K04564	group	GERD	-0.0987208553476605	0.0965250876523804	26	26	0.316626088133082	0.907787788614775
K04566	group	GERD	-0.578055219238318	1.1396469997589	26	19	0.616627578289444	0.907787788614775
K04568	group	GERD	-0.222114897953202	0.370024759962394	26	26	0.553952478050919	0.907787788614775
K04608	group	GERD	0.776037632407807	0.443189062821116	26	5	0.09271386810408	0.907787788614775
K04651	group	GERD	0.215838866625634	0.229082501418073	26	26	0.355484389668088	0.907787788614775
K04652	group	GERD	0.221546883132121	0.229310640250867	26	26	0.343608046539298	0.907787788614775
K04653	group	GERD	0.198808068966327	0.179692149839605	26	26	0.27952845572691	0.907787788614775
K04654	group	GERD	0.19922512771161	0.232720769654263	26	26	0.400426031172377	0.907787788614775
K04655	group	GERD	0.219687580861448	0.229867225816369	26	26	0.348744567867192	0.907787788614775
K04656	group	GERD	0.197732046155109	0.231628149981533	26	26	0.401732832153887	0.907787788614775
K04691	group	GERD	-0.247177116100204	0.390420699506591	26	26	0.532652280068877	0.907787788614775
K04708	group	GERD	0.327937607312113	0.567396611005307	26	8	0.568668935532126	0.907787788614775
K04719	group	GERD	-0.258341920640137	0.332029593225402	26	3	0.444131749824289	0.907787788614775
K04744	group	GERD	0.0949652827014586	0.190764095976994	26	26	0.623145075311982	0.907787788614775
K04748	group	GERD	0.232677803292472	0.492846846766418	26	6	0.641112896162789	0.907787788614775
K04751	group	GERD	0.189990446458126	0.19778060678337	26	26	0.346326008803768	0.907787788614775
K04753	group	GERD	-0.247465554931568	0.390380461149423	26	26	0.532136206501537	0.907787788614775
K04755	group	GERD	-0.131318957269961	0.242681423850759	26	26	0.593414895275379	0.907787788614775
K04758	group	GERD	0.132690737196353	0.146025516605822	26	26	0.372553122219202	0.907787788614775
K04759	group	GERD	-0.062024276019477	0.064295027507282	26	26	0.344324458499975	0.907787788614775
K04760	group	GERD	-0.328324127100231	0.302177457954893	26	26	0.288038343994517	0.907787788614775
K04761	group	GERD	-0.184867553511524	0.108583134614729	26	26	0.101572647783572	0.907787788614775
K04762	group	GERD	-0.0936372345626752	0.0680598218551419	26	26	0.181585846239946	0.907787788614775
K04763	group	GERD	-0.0571501631029066	0.0525276437787371	26	26	0.287400180572296	0.907787788614775
K04764	group	GERD	-0.174151755213015	0.253349573564937	26	26	0.498422140157674	0.907787788614775
K04765	group	GERD	-0.248862975667469	0.390373760481941	26	26	0.529835118570794	0.907787788614775
K04768	group	GERD	-1.05069256468492	0.841588741526517	26	20	0.223903612248573	0.907787788614775
K04770	group	GERD	-0.247465554931568	0.390380461149423	26	26	0.532136206501537	0.907787788614775
K04771	group	GERD	0.124564927201956	0.104522718671007	26	26	0.245011225956148	0.907787788614775
K04773	group	GERD	-0.144886449401045	0.114816418653272	26	26	0.219112349393182	0.907787788614775
K04774	group	GERD	-0.231769148757282	0.378651278341438	26	26	0.546233130006079	0.907787788614775
K04782	group	GERD	0.797408299350942	0.677880645511664	26	26	0.251001234357908	0.907787788614775
K04794	group	GERD	0.610255104033633	0.441171260346425	26	26	0.179318515263859	0.907787788614775
K04835	group	GERD	-0.188418884189011	0.351284245038819	26	26	0.596638941456613	0.907787788614775
K04844	group	GERD	0.621416322203465	0.811436101006013	26	23	0.451248315985282	0.907787788614775
K05286	group	GERD	0.540757828568483	0.612319684324747	26	13	0.38592692552873	0.907787788614775
K05296	group	GERD	-0.297175511558178	0.342027777354186	26	4	0.393527878825772	0.907787788614775
K05297	group	GERD	0.234407068678938	0.410034615208165	26	26	0.572857057624812	0.907787788614775
K05299	group	GERD	-0.368124179829912	0.436513231173503	26	26	0.407371545536115	0.907787788614775
K05306	group	GERD	-0.849475780942788	0.656231293260126	26	5	0.207817956529098	0.907787788614775
K05338	group	GERD	-0.454444734821956	0.613985138042295	26	5	0.466384890903949	0.907787788614775
K05339	group	GERD	-0.454444734821956	0.613985138042295	26	5	0.466384890903949	0.907787788614775
K05340	group	GERD	0.30433161803569	0.272986586934795	26	26	0.275965971151784	0.907787788614775
K05341	group	GERD	-0.3870823034001	0.592710837218211	26	26	0.519918205061527	0.907787788614775
K05342	group	GERD	-0.847643420930908	0.601266496397591	26	9	0.171437518819955	0.907787788614775
K05346	group	GERD	0.531369058740237	0.382854478262585	26	26	0.177914555128357	0.907787788614775
K05349	group	GERD	0.12234958072406	0.199937520613153	26	26	0.546332169866235	0.907787788614775
K05352	group	GERD	-0.417918611464973	0.388291494844576	26	26	0.292493409970344	0.907787788614775
K05363	group	GERD	-0.258327343813226	0.381874715796439	26	26	0.50520917569651	0.907787788614775
K05364	group	GERD	0.296039459464811	0.252228245786543	26	26	0.252032887562848	0.907787788614775
K05365	group	GERD	-0.23830405054526901	0.37981483014171	26	26	0.536307126812908	0.907787788614775
K05396	group	GERD	-0.568137328935147	0.608100263897568	26	25	0.359463854650103	0.907787788614775
K05499	group	GERD	0.645316433347415	0.556162490804941	26	26	0.257338356111741	0.907787788614775
K05501	group	GERD	-0.191706882689664	0.371717634600293	26	26	0.610759901347373	0.907787788614775
K05520	group	GERD	-0.921388922567276	0.945510491103201	26	24	0.339534593077846	0.907787788614775
K05521	group	GERD	0.475694826311518	0.366326644843073	26	26	0.20643656490161	0.907787788614775
K05522	group	GERD	0.251929933982963	0.28272180522794	26	26	0.381728745742602	0.907787788614775
K05527	group	GERD	-0.189479753178477	0.319026419178453	26	26	0.558115369671773	0.907787788614775
K05540	group	GERD	0.0758724766299135	0.152805968048405	26	26	0.624039183284947	0.907787788614775
K05541	group	GERD	-0.192724656179599	0.320448679127313	26	26	0.553198410513841	0.907787788614775
K05549	group	GERD	-0.24842863649808	0.30925926047628	26	4	0.429684559472187	0.907787788614775
K05550	group	GERD	-0.24842863649808	0.30925926047628	26	4	0.429684559472187	0.907787788614775
K05559	group	GERD	0.45725332500517	0.507011563965437	26	5	0.376093582507358	0.907787788614775
K05560	group	GERD	0.45725332500517	0.507011563965437	26	5	0.376093582507358	0.907787788614775
K05561	group	GERD	0.45725332500517	0.507011563965437	26	5	0.376093582507358	0.907787788614775
K05562	group	GERD	0.45725332500517	0.507011563965437	26	5	0.376093582507358	0.907787788614775
K05563	group	GERD	0.45725332500517	0.507011563965437	26	5	0.376093582507358	0.907787788614775
K05564	group	GERD	0.45725332500517	0.507011563965437	26	5	0.376093582507358	0.907787788614775
K05565	group	GERD	-0.84554141075821	0.611016155604607	26	26	0.17914695378803	0.907787788614775
K05566	group	GERD	-0.79724461566186	0.518374593283564	26	26	0.137136965373041	0.907787788614775
K05567	group	GERD	-0.805186719739474	0.548982313360629	26	26	0.155442424311554	0.907787788614775
K05568	group	GERD	-0.799684458102302	0.494301055374223	26	26	0.118772967893508	0.907787788614775
K05569	group	GERD	-0.805858229354902	0.548919948505976	26	26	0.155067453261965	0.907787788614775
K05570	group	GERD	-0.829346458929756	0.505202338682809	26	26	0.113711284837133	0.907787788614775
K05571	group	GERD	-0.815796394119942	0.608414129600813	26	26	0.192520707680819	0.907787788614775
K05590	group	GERD	-0.247465554931568	0.390380461149423	26	26	0.532136206501537	0.907787788614775
K05593	group	GERD	-0.197651022867431	0.383975676428118	26	26	0.611436883688482	0.907787788614775
K05595	group	GERD	-0.0854435216730256	0.142118263734304	26	26	0.553334034279319	0.907787788614775
K05597	group	GERD	0.479861826823288	0.494905141838455	26	5	0.341914868139519	0.907787788614775
K05601	group	GERD	0.119478148620905	0.207731738427385	26	26	0.570539202268827	0.907787788614775
K05605	group	GERD	0.149518989263703	0.273440288984024	26	4	0.589559977436441	0.907787788614775
K05606	group	GERD	-0.234286944267874	0.152454386145281	26	26	0.137430485264843	0.907787788614775
K05685	group	GERD	-0.150074845176492	0.262081215807561	26	26	0.572223142614477	0.907787788614775
K05710	group	GERD	-1.10380445376912	0.693637067168812	26	14	0.124622924967014	0.907787788614775
K05712	group	GERD	0.376085178864547	0.715357423668398	26	7	0.60389975248081	0.907787788614775
K05775	group	GERD	0.482107813073041	0.976085942419484	26	18	0.625853302122395	0.907787788614775
K05776	group	GERD	-0.172338127154155	0.34405848690228	26	26	0.621006101867761	0.907787788614775
K05782	group	GERD	0.348992712473053	0.731491713607147	26	12	0.637608682981666	0.907787788614775
K05783	group	GERD	-0.24842863649808	0.30925926047628	26	4	0.429684559472187	0.907787788614775
K05784	group	GERD	-0.191305958261885	0.185942533787767	26	3	0.313810665816508	0.907787788614775
K05787	group	GERD	-0.243375238675147	0.388008871460001	26	26	0.536423257970606	0.907787788614775
K05788	group	GERD	-0.186358968562063	0.308870853197631	26	26	0.551932257309459	0.907787788614775
K05789	group	GERD	-0.224148416571022	0.398148580018835	26	26	0.578672609733019	0.907787788614775
K05790	group	GERD	-0.427500176382711	0.527501384287587	26	24	0.42565964588005	0.907787788614775
K05792	group	GERD	0.236706208240411	0.44820689526978	26	4	0.602266851122701	0.907787788614775
K05794	group	GERD	0.235394102680251	0.216086558579977	26	26	0.286816933387286	0.907787788614775
K05796	group	GERD	-0.729123965020758	1.37903864774532	26	16	0.60185628303391	0.907787788614775
K05799	group	GERD	-0.528213091888676	0.642766334193162	26	26	0.419290973083093	0.907787788614775
K05800	group	GERD	-0.2328453795678	0.25878965303448	26	3	0.377194169498276	0.907787788614775
K05802	group	GERD	-0.244862456303216	0.390870067535922	26	26	0.536930235562719	0.907787788614775
K05803	group	GERD	-0.247465554931568	0.390380461149423	26	26	0.532136206501537	0.907787788614775
K05804	group	GERD	-0.53528807916741	0.3855221690085	26	3	0.177745691509274	0.907787788614775
K05805	group	GERD	-0.654212217311937	0.832304479766546	26	26	0.439544918675395	0.907787788614775
K05807	group	GERD	-0.162299391982928	0.106685583047194	26	26	0.141255021124882	0.907787788614775
K05808	group	GERD	-0.0497950318823138	0.0588157263364459	26	26	0.405565780955131	0.907787788614775
K05809	group	GERD	-0.247465554931568	0.390380461149423	26	26	0.532136206501537	0.907787788614775
K05810	group	GERD	0.10110207215971	0.0754248693992169	26	26	0.192656109180342	0.907787788614775
K05816	group	GERD	0.288123479664029	0.504335900217501	26	6	0.573112782901278	0.907787788614775
K05817	group	GERD	-0.26047887480836	0.224698076949252	26	3	0.257762708994305	0.907787788614775
K05818	group	GERD	0.561507034860964	0.584200000149024	26	5	0.346058346321738	0.907787788614775
K05822	group	GERD	0.0869301542360796	0.184873346071908	26	26	0.642446629707291	0.907787788614775
K05825	group	GERD	0.281253986499576	0.29582467339481	26	26	0.351210609939244	0.907787788614775
K05834	group	GERD	-0.179726219516526	0.218079617765437	26	3	0.417980362405081	0.907787788614775
K05836	group	GERD	0.46444340652494	0.752045101811618	26	21	0.542672204489594	0.907787788614775
K05837	group	GERD	-0.0313590526699502	0.026236026558739	26	26	0.243660426200403	0.907787788614775
K05838	group	GERD	0.133307625096166	0.134543632493427	26	26	0.331661664636436	0.907787788614775
K05844	group	GERD	-0.24714406798047	0.388288582347138	26	26	0.530477622740681	0.907787788614775
K05845	group	GERD	0.160550336306498	0.275481308325132	26	26	0.565464565567438	0.907787788614775
K05851	group	GERD	-0.247465554931568	0.390380461149423	26	26	0.532136206501537	0.907787788614775
K05873	group	GERD	-0.600709647390573	0.473954151938386	26	26	0.217157282372115	0.907787788614775
K05874	group	GERD	-0.219461761491584	0.206487043428779	26	3	0.298434466939385	0.907787788614775
K05875	group	GERD	-0.130979344456428	0.184309524453344	26	3	0.484151218746748	0.907787788614775
K05879	group	GERD	0.16221323932133	0.183024763323425	26	26	0.384255591649902	0.907787788614775
K05881	group	GERD	0.522729161816312	0.340007571978857	26	26	0.137274951069664	0.907787788614775
K05882	group	GERD	-0.549079697308464	0.639834693293803	26	21	0.399294319154904	0.907787788614775
K05895	group	GERD	0.273542346387741	0.279806343978947	26	26	0.3380178424186	0.907787788614775
K05896	group	GERD	0.078319891436419	0.0741169535644867	26	26	0.301166625673889	0.907787788614775
K05919	group	GERD	0.168947452710914	0.260337569684607	26	26	0.522529386552527	0.907787788614775
K05921	group	GERD	-0.374581692280502	0.312437178857139	26	3	0.242269961794177	0.907787788614775
K05934	group	GERD	0.285503054197396	0.262541802049267	26	26	0.287635627042317	0.907787788614775
K05936	group	GERD	0.277318105022993	0.255791875952414	26	26	0.289067464275832	0.907787788614775
K05937	group	GERD	0.738571262062901	0.429010331586752	26	26	0.0980144288067102	0.907787788614775
K05939	group	GERD	-0.200299217483533	0.362280451446773	26	26	0.585456071265984	0.907787788614775
K05946	group	GERD	0.0913599227111646	0.158357083368378	26	26	0.569363647541301	0.907787788614775
K05952	group	GERD	-0.186382012748482	0.312979137352829	26	26	0.5570774899862	0.907787788614775
K05962	group	GERD	-0.374581692280505	0.312437178857139	26	3	0.242269961794173	0.907787788614775
K05964	group	GERD	-0.472512319218232	0.537542392931267	26	26	0.388105039815841	0.907787788614775
K05966	group	GERD	-0.463780575024364	0.534741622728303	26	26	0.394367659209069	0.907787788614775
K05967	group	GERD	-0.677176702967846	0.428638380700174	26	26	0.127236096216359	0.907787788614775
K05970	group	GERD	-0.156681293117984	0.170963337816089	26	26	0.368542685927304	0.907787788614775
K05979	group	GERD	-0.772568740897586	0.393069426775313	26	26	0.0610333647765936	0.907787788614775
K05988	group	GERD	0.756168991218956	0.452124117197539	26	26	0.107417575750788	0.907787788614775
K05995	group	GERD	0.324643772786129	0.158242691987995	26	26	0.0512786825316862	0.907787788614775
K05998	group	GERD	-0.26047887480836	0.224698076949252	26	3	0.257762708994305	0.907787788614775
K06001	group	GERD	0.15850531591763	0.209528811218523	26	26	0.456720912021888	0.907787788614775
K06012	group	GERD	0.391259834084904	0.349071998893108	26	26	0.273439430206865	0.907787788614775
K06015	group	GERD	-0.517101075039363	0.595392367739503	26	26	0.393720369506582	0.907787788614775
K06016	group	GERD	0.269920619157814	0.288816085259719	26	26	0.359315439308729	0.907787788614775
K06019	group	GERD	-0.657590817871659	0.685581126428654	26	26	0.347035647549757	0.907787788614775
K06020	group	GERD	-0.636668848692619	0.827638949944743	26	26	0.449244482631437	0.907787788614775
K06023	group	GERD	-0.276948996582298	0.224222933777515	26	26	0.228730111045664	0.907787788614775
K06024	group	GERD	0.078319891436419	0.0741169535644867	26	26	0.301166625673889	0.907787788614775
K06027	group	GERD	0.467060266459553	0.292740872614564	26	3	0.12369176483402	0.907787788614775
K06039	group	GERD	-0.246631741349634	0.376082915420735	26	26	0.51819660347825	0.907787788614775
K06042	group	GERD	0.274942286971667	0.247922659635704	26	26	0.278426524387436	0.907787788614775
K06044	group	GERD	-0.564268433644971	0.933932830926523	26	22	0.551389688151643	0.907787788614775
K06045	group	GERD	-0.513626526417918	0.60630525675778	26	25	0.405284923821764	0.907787788614775
K06048	group	GERD	0.251413590657348	0.282121090079525	26	26	0.381693443730563	0.907787788614775
K06077	group	GERD	-0.189060184524069	0.369982508965208	26	26	0.614021589344397	0.907787788614775
K06079	group	GERD	-0.312171872832152	0.546088817841899	26	25	0.572874345227128	0.907787788614775
K06118	group	GERD	0.368253990736303	0.226456314395405	26	3	0.116976306203489	0.907787788614775
K06120	group	GERD	-0.767719938641376	0.682217391563257	26	22	0.2715774486979	0.907787788614775
K06131	group	GERD	-0.0911258731017857	0.0507583709285504	26	26	0.085212041503585	0.907787788614775
K06132	group	GERD	-0.574615958235239	0.794083721136014	26	26	0.476292662952865	0.907787788614775
K06133	group	GERD	-0.20593807860049201	0.196867773054214	26	26	0.305949082112239	0.907787788614775
K06134	group	GERD	0.660586511940999	0.978843882618622	26	23	0.506212075602872	0.907787788614775
K06136	group	GERD	-0.214312677789763	0.244240403065054	26	3	0.38893307939689	0.907787788614775
K06137	group	GERD	-0.228473094576622	0.255328679606827	26	3	0.379770314139626	0.907787788614775
K06138	group	GERD	-0.214312677789763	0.244240403065054	26	3	0.38893307939689	0.907787788614775
K06139	group	GERD	-0.214312677789763	0.244240403065054	26	3	0.38893307939689	0.907787788614775
K06140	group	GERD	-1.09078380481539	1.08385461372627	26	12	0.324266031239644	0.907787788614775
K06142	group	GERD	-0.0714572402803106	0.106698530870272	26	26	0.509434241846537	0.907787788614775
K06143	group	GERD	-0.499415279959516	0.45465962133336	26	26	0.282911297174332	0.907787788614775
K06145	group	GERD	0.824830920791817	0.729473359055702	26	14	0.269345844637433	0.907787788614775
K06148	group	GERD	-0.176618774627985	0.139050861909188	26	26	0.216199327290929	0.907787788614775
K06149	group	GERD	-0.238830783844303	0.379085753272281	26	26	0.534635778609591	0.907787788614775
K06153	group	GERD	-0.0244702669040669	0.0445842776731237	26	26	0.588175882237806	0.907787788614775
K06155	group	GERD	0.571151046682469	0.516617045468793	26	26	0.279877003184882	0.907787788614775
K06158	group	GERD	-0.102200960234025	0.046711271205309	26	26	0.0386469929407026	0.907787788614775
K06162	group	GERD	-0.576885971781346	1.01511523853516	26	19	0.575113228761986	0.907787788614775
K06169	group	GERD	-1.2654354738294	0.834443906473083	26	24	0.142454750054432	0.907787788614775
K06175	group	GERD	-0.169607717112226	0.289983169710655	26	26	0.564081813656376	0.907787788614775
K06176	group	GERD	-0.218971477115809	0.362293322056503	26	26	0.551246766975454	0.907787788614775
K06178	group	GERD	-0.0222458792226398	0.0202234865560514	26	26	0.28224275474479	0.907787788614775
K06180	group	GERD	-0.0360322203045103	0.0419178777950565	26	26	0.398519786624446	0.907787788614775
K06181	group	GERD	-0.184087231085712	0.310381370019661	26	26	0.558662346932923	0.907787788614775
K06186	group	GERD	-0.184346175363427	0.311546159303186	26	26	0.559575330890488	0.907787788614775
K06187	group	GERD	-0.00876018173713076	0.0177492811813384	26	26	0.626109452453756	0.907787788614775
K06188	group	GERD	-0.27385004170155	0.191247280028635	26	26	0.165063592180336	0.907787788614775
K06189	group	GERD	-0.184990182660612	0.311603910318151	26	26	0.558286653617081	0.907787788614775
K06190	group	GERD	-0.184768734304879	0.311591426727673	26	26	0.558738791057158	0.907787788614775
K06192	group	GERD	-0.636866525289526	0.817897788505035	26	26	0.443788432711209	0.907787788614775
K06193	group	GERD	-0.127754958297708	0.108208928642541	26	26	0.249317849782668	0.907787788614775
K06194	group	GERD	-0.16748646064633	0.308831348098883	26	26	0.592596329479482	0.907787788614775
K06195	group	GERD	-0.677357931949247	0.861192819123588	26	26	0.439252188389715	0.907787788614775
K06198	group	GERD	-0.171631937592011	0.355347681940537	26	26	0.633474534568222	0.907787788614775
K06199	group	GERD	-0.0500187452327252	0.0486446605196587	26	26	0.314085659053362	0.907787788614775
K06200	group	GERD	0.143364102642246	0.211172920569076	26	26	0.503699607316288	0.907787788614775
K06201	group	GERD	-0.149167972274172	0.0869898156310673	26	26	0.0992728373229421	0.907787788614775
K06202	group	GERD	-0.190335654672581	0.319057035981647	26	26	0.556389182287971	0.907787788614775
K06203	group	GERD	-0.232241105804103	0.370855072431135	26	26	0.537074292719651	0.907787788614775
K06204	group	GERD	-0.190678486322779	0.306561844305848	26	26	0.539812733361905	0.907787788614775
K06205	group	GERD	-0.247465554931568	0.390380461149423	26	26	0.532136206501537	0.907787788614775
K06206	group	GERD	0.267119176115023	0.229173267698113	26	26	0.255239079986652	0.907787788614775
K06207	group	GERD	-0.00881608400706724	0.0177984281382593	26	26	0.62487255883037	0.907787788614775
K06208	group	GERD	0.237828770605139	0.411797102938663	26	26	0.56895476604014406	0.907787788614775
K06211	group	GERD	0.348340668071046	0.278883747653944	26	26	0.223691475535149	0.907787788614775
K06212	group	GERD	-0.247465554931568	0.390380461149423	26	26	0.532136206501537	0.907787788614775
K06217	group	GERD	-0.0426345243671639	0.0391285527719653	26	26	0.286708795764036	0.907787788614775
K06218	group	GERD	0.191757247813366	0.16622002036278	26	26	0.260009537998069	0.907787788614775
K06219	group	GERD	-0.976179684729108	0.726605552162319	26	24	0.191682752794697	0.907787788614775
K06221	group	GERD	0.269856851197296	0.306487757317104	26	26	0.387330643230367	0.907787788614775
K06222	group	GERD	-0.162985124688159	0.170666755412371	26	3	0.34910342462963	0.907787788614775
K06223	group	GERD	-0.252170869897014	0.237969928265637	26	26	0.29984105277428	0.907787788614775
K06281	group	GERD	0.179338386607989	0.231986006771807	26	26	0.447036130573422	0.907787788614775
K06282	group	GERD	0.179311193198092	0.231979828030008	26	26	0.447092240111491	0.907787788614775
K06283	group	GERD	0.388482632378662	0.351008912730014	26	26	0.279367991962506	0.907787788614775
K06284	group	GERD	-0.18284181135189	0.359358346472391	26	26	0.615537666214386	0.907787788614775
K06295	group	GERD	0.215022118193503	0.40278235092446	26	26	0.598361156768996	0.907787788614775
K06298	group	GERD	0.698283192309098	0.339323378028131	26	26	0.0506210359984826	0.907787788614775
K06306	group	GERD	0.970422976201047	0.502646697235989	26	26	0.0654262624958935	0.907787788614775
K06317	group	GERD	0.4493794550866	0.408630518743992	26	26	0.282362939183658	0.907787788614775
K06330	group	GERD	0.605150416306836	0.751070763532756	26	26	0.428317381228199	0.907787788614775
K06331	group	GERD	-0.240166049523081	0.408617940186517	26	26	0.562188705882098	0.907787788614775
K06333	group	GERD	0.158700751518865	0.311683355590424	26	26	0.615280670542638	0.907787788614775
K06334	group	GERD	0.390515407020738	0.349261406249596	26	26	0.274584226991543	0.907787788614775
K06346	group	GERD	0.121647018277387	0.0997759265349156	26	26	0.234615132698515	0.907787788614775
K06374	group	GERD	0.158700751518865	0.311683355590424	26	26	0.615280670542638	0.907787788614775
K06378	group	GERD	0.391518104009012	0.349130576033016	26	26	0.273209287374153	0.907787788614775
K06379	group	GERD	0.391259834084904	0.349071998893108	26	26	0.273439430206865	0.907787788614775
K06381	group	GERD	0.334173594282109	0.276530116993762	26	26	0.238645618508423	0.907787788614775
K06383	group	GERD	0.189850706090159	0.38827428062747	26	26	0.629308454879541	0.907787788614775
K06385	group	GERD	0.39718575468454	0.347730029170992	26	26	0.264628613913037	0.907787788614775
K06390	group	GERD	0.412084125136133	0.356979865400098	26	26	0.259717151952209	0.907787788614775
K06392	group	GERD	0.392487656344501	0.348826864957663	26	26	0.27164625898972	0.907787788614775
K06393	group	GERD	0.412084125136133	0.356979865400098	26	26	0.259717151952209	0.907787788614775
K06394	group	GERD	0.392487656344501	0.348826864957663	26	26	0.27164625898972	0.907787788614775
K06396	group	GERD	0.392487656344501	0.348826864957663	26	26	0.27164625898972	0.907787788614775
K06397	group	GERD	0.388482632378662	0.351008912730014	26	26	0.279367991962506	0.907787788614775
K06398	group	GERD	0.391259834084904	0.349071998893108	26	26	0.273439430206865	0.907787788614775
K06399	group	GERD	0.387254810119065	0.351255115377993	26	26	0.281182507889923	0.907787788614775
K06400	group	GERD	0.526881091297534	0.297669871440181	26	26	0.089428875540672	0.907787788614775
K06402	group	GERD	-0.566221126044397	0.605266110792393	26	24	0.358853448085181	0.907787788614775
K06403	group	GERD	0.64021379942818	0.519713966561116	26	26	0.229935727389296	0.907787788614775
K06404	group	GERD	0.64021379942818	0.519713966561116	26	26	0.229935727389296	0.907787788614775
K06405	group	GERD	0.391259834084904	0.349071998893108	26	26	0.273439430206865	0.907787788614775
K06406	group	GERD	0.391259834084904	0.349071998893108	26	26	0.273439430206865	0.907787788614775
K06407	group	GERD	0.395921558704355	0.347989337292087	26	26	0.266460133549714	0.907787788614775
K06408	group	GERD	-0.209473515714002	0.41721592385593	26	26	0.62019038124896	0.907787788614775
K06409	group	GERD	0.290823706484262	0.303971350898067	26	26	0.34823393893726	0.907787788614775
K06410	group	GERD	0.221116844099733	0.407363525893677	26	26	0.592273305472659	0.907787788614775
K06411	group	GERD	0.221116844099733	0.407363525893677	26	26	0.592273305472659	0.907787788614775
K06412	group	GERD	0.267721953788582	0.278050096720233	26	26	0.345222031166817	0.907787788614775
K06416	group	GERD	0.564902630244878	0.405486148305912	26	26	0.176345265001786	0.907787788614775
K06442	group	GERD	0.111265807933023	0.0962865062028082	26	26	0.259232152011282	0.907787788614775
K06445	group	GERD	-0.19530053466056	0.231356427641581	26	5	0.406919196268137	0.907787788614775
K06518	group	GERD	-0.140835150936461	0.125640028466581	26	26	0.273404123700537	0.907787788614775
K06605	group	GERD	-0.512008428264805	0.600660227653173	26	21	0.402413480983495	0.907787788614775
K06609	group	GERD	0.479075910859494	0.345734259031133	26	26	0.178588549531166	0.907787788614775
K06610	group	GERD	0.291750508829432	0.505695158813451	26	26	0.569359588236296	0.907787788614775
K06639	group	GERD	-0.871036901625795	0.679509535682838	26	25	0.212136830246408	0.907787788614775
K06714	group	GERD	-0.422687433568148	0.617550032528645	26	26	0.500242444452933	0.907787788614775
K06726	group	GERD	0.124737364993234	0.189520780856243	26	26	0.51669163578814	0.907787788614775
K06860	group	GERD	0.295206874618397	0.285201055470352	26	26	0.310947622588216	0.907787788614775
K06864	group	GERD	0.265369386367818	0.212588884175872	26	26	0.223971300077317	0.907787788614775
K06866	group	GERD	-0.228130772343582	0.384568155349004	26	26	0.558588144250117	0.907787788614775
K06871	group	GERD	0.0784304148922393	0.130325372759295	26	26	0.552947355266828	0.907787788614775
K06872	group	GERD	-0.240780003311775	0.177556689440581	26	26	0.187698129479521	0.907787788614775
K06876	group	GERD	-0.312374303811825	0.435200823341082	26	4	0.479827804841514	0.907787788614775
K06877	group	GERD	0.310246222984898	0.288236808647107	26	26	0.292468194194504	0.907787788614775
K06878	group	GERD	-0.239516828851222	0.384675850383175	26	26	0.539388944630518	0.907787788614775
K06879	group	GERD	-0.246890694492601	0.390508317629277	26	26	0.533214473361058	0.907787788614775
K06880	group	GERD	-0.238148196976977	0.434175296269342	26	26	0.588410450916127	0.907787788614775
K06883	group	GERD	-0.872901462824658	0.795706963580853	26	23	0.283520809793587	0.907787788614775
K06885	group	GERD	-0.154860946813887	0.134832639107505	26	26	0.26206387421418	0.907787788614775
K06890	group	GERD	-0.0919390622211297	0.0671537983196846	26	26	0.183651171151496	0.907787788614775
K06894	group	GERD	-0.430835171904558	0.393985176956192	26	26	0.28501532159674	0.907787788614775
K06896	group	GERD	0.153839346037339	0.148711322801508	26	26	0.311222311008175	0.907787788614775
K06897	group	GERD	0.478659380947454	0.362184631972333	26	26	0.198765357892335	0.907787788614775
K06898	group	GERD	0.253502967129264	0.302583287527398	26	26	0.410411582558737	0.907787788614775
K06899	group	GERD	-0.247465554931568	0.390380461149423	26	26	0.532136206501537	0.907787788614775
K06901	group	GERD	0.0285211977548751	0.045906930598535	26	26	0.540270100136873	0.907787788614775
K06902	group	GERD	0.162064342589275	0.238874561269098	26	26	0.503976536408386	0.907787788614775
K06906	group	GERD	-0.544670291913968	0.848798140921825	26	24	0.527152441306623	0.907787788614775
K06908	group	GERD	0.562832777460842	0.455491195103688	26	26	0.228543417758907	0.907787788614775
K06910	group	GERD	0.142723876467448	0.161846196716962	26	26	0.386605566117157	0.907787788614775
K06911	group	GERD	-0.100886804052331	0.172720255654411	26	26	0.564599897790754	0.907787788614775
K06915	group	GERD	-0.150360092321724	0.164745505145146	26	26	0.370487930786633	0.907787788614775
K06918	group	GERD	-0.247560698680838	0.390385745007568	26	26	0.531985349943581	0.907787788614775
K06919	group	GERD	-0.222512867600263	0.341575718874599	26	26	0.52095813867209	0.907787788614775
K06920	group	GERD	-0.0890503342300177	0.0522647296436738	26	26	0.101328286816919	0.907787788614775
K06921	group	GERD	0.507103486254173	0.335828006200099	26	26	0.144095599796038	0.907787788614775
K06925	group	GERD	-0.00852114769030798	0.0177402367794838	26	26	0.635342783027198	0.907787788614775
K06928	group	GERD	-0.846286670511918	0.74587383737631	26	15	0.267738364104469	0.907787788614775
K06934	group	GERD	0.368618129384578	0.418435779782635	26	26	0.387085798815066	0.907787788614775
K06937	group	GERD	-0.750171331739242	0.704412877256654	26	7	0.297491618890654	0.907787788614775
K06941	group	GERD	0.0224256464806689	0.0357296747561752	26	26	0.536161526602806	0.907787788614775
K06942	group	GERD	-0.00874797290296664	0.0177530277434479	26	26	0.626660682501904	0.907787788614775
K06945	group	GERD	-0.536280385880265	0.769391236949547	26	26	0.492487846218925	0.907787788614775
K06946	group	GERD	-1.03762882762046	0.769018638867944	26	26	0.18983642449662	0.907787788614775
K06948	group	GERD	-0.0800041703035198	0.149187522590096	26	26	0.596710888925484	0.907787788614775
K06950	group	GERD	-0.0640681765800233	0.0914169953103278	26	26	0.490145982043089	0.907787788614775
K06954	group	GERD	-0.469231218969487	0.946963722219394	26	26	0.624746057163054	0.907787788614775
K06955	group	GERD	0.577140310528842	0.694364691318643	26	7	0.414066534888567	0.907787788614775
K06956	group	GERD	0.186526027743285	0.212967291088262	26	26	0.389797070794218	0.907787788614775
K06957	group	GERD	-0.238592718626132	0.3797761790979	26	26	0.535776383036204	0.907787788614775
K06958	group	GERD	0.0386680723815581	0.053660611112419	26	26	0.478113639845384	0.907787788614775
K06960	group	GERD	0.114054172435736	0.0971539630287234	26	26	0.251932222912606	0.907787788614775
K06962	group	GERD	0.107145191800661	0.161104930286876	26	26	0.512350044454048	0.907787788614775
K06968	group	GERD	-0.236457566049234	0.370716814785925	26	26	0.52961778802389	0.907787788614775
K06969	group	GERD	-0.115996006696932	0.079284580423291	26	26	0.156432227833651	0.907787788614775
K06970	group	GERD	-1.36511568010816	0.866211683204661	26	23	0.128126209546194	0.907787788614775
K06971	group	GERD	0.455467527162441	0.477103285059515	26	22	0.349271207529685	0.907787788614775
K06972	group	GERD	0.31300023162566	0.268947928649037	26	26	0.255946965896857	0.907787788614775
K06973	group	GERD	-0.0764239091035521	0.156625510186826	26	26	0.630020136448706	0.907787788614775
K06975	group	GERD	-0.103626261090282	0.09745943562286	26	26	0.298238856463554	0.907787788614775
K06978	group	GERD	-0.938328742993645	0.722252271092897	26	25	0.206228276351655	0.907787788614775
K06985	group	GERD	-0.794844657552794	0.813910252378047	26	23	0.338521063144303	0.907787788614775
K06986	group	GERD	-0.84059560225059	0.76909533216826	26	6	0.285258210988614	0.907787788614775
K06987	group	GERD	-0.275263181124708	0.333219120371813	26	26	0.416899727709036	0.907787788614775
K06988	group	GERD	-0.679388094130012	0.741074021585223	26	14	0.368388560290815	0.907787788614775
K06989	group	GERD	-0.26047887480836	0.224698076949252	26	3	0.257762708994305	0.907787788614775
K06992	group	GERD	-0.517730628506833	0.677722896758933	26	8	0.45235633077273	0.907787788614775
K06995	group	GERD	0.784044830043193	0.675881922591453	26	6	0.257446027051481	0.907787788614775
K06996	group	GERD	-0.790591920982733	0.762245071041916	26	26	0.309985664239559	0.907787788614775
K07001	group	GERD	-0.0704317091210288	0.120424994999345	26	26	0.564100725199164	0.907787788614775
K07003	group	GERD	-0.397904529795925	0.216116671887415	26	26	0.0779936653713962	0.907787788614775
K07004	group	GERD	0.646767761654178	0.293646284164834	26	26	0.0374754703010039	0.907787788614775
K07005	group	GERD	0.19275880019481	0.208093729613515	26	26	0.363507943850292	0.907787788614775
K07006	group	GERD	-0.427775280370592	0.53777818074907	26	26	0.434149310033792	0.907787788614775
K07008	group	GERD	-0.190830601995909	0.319128404845389	26	26	0.555458392635868	0.907787788614775
K07010	group	GERD	0.0699542864412971	0.0873718086291985	26	26	0.431188962061663	0.907787788614775
K07012	group	GERD	-0.165606720544997	0.136434296111571	26	26	0.236626597185157	0.907787788614775
K07014	group	GERD	-0.222837894039929	0.366584040046737	26	26	0.548978849115017	0.907787788614775
K07016	group	GERD	-0.292411614484268	0.427154204758857	26	26	0.500181120487778	0.907787788614775
K07017	group	GERD	-0.167690587575874	0.271017158732412	26	26	0.541912977247715	0.907787788614775
K07019	group	GERD	-0.666694796678152	0.771529030906746	26	26	0.396075712648152	0.907787788614775
K07023	group	GERD	0.62715645556368	0.290274420816429	26	26	0.0409305160660707	0.907787788614775
K07024	group	GERD	0.0398208175664689	0.082101061601958	26	26	0.632058557264381	0.907787788614775
K07025	group	GERD	-0.0295724849278613	0.0598653873002817	26	26	0.625809053069688	0.907787788614775
K07029	group	GERD	0.391936223879902	0.216851185744388	26	26	0.0832525595524893	0.907787788614775
K07030	group	GERD	0.0750711856024363	0.120667887229899	26	26	0.539722007545477	0.907787788614775
K07031	group	GERD	0.471818900507187	0.327742487083762	26	26	0.162896816008188	0.907787788614775
K07032	group	GERD	-0.500736690406717	0.287981016280328	26	26	0.0948868921476175	0.907787788614775
K07033	group	GERD	-0.561284008682937	1.02063983034584	26	20	0.587446907513161	0.907787788614775
K07035	group	GERD	-0.265233981281579	0.172526337546354	26	26	0.137287374296587	0.907787788614775
K07037	group	GERD	-0.117135149610043	0.117289338080962	26	26	0.327910453305423	0.907787788614775
K07038	group	GERD	0.161541434418579	0.338071865313024	26	26	0.637093454165934	0.907787788614775
K07039	group	GERD	-0.554607439911988	0.830416664351614	26	26	0.51059087955018	0.907787788614775
K07040	group	GERD	0.0777702248567402	0.0945572220140407	26	26	0.418907935080424	0.907787788614775
K07042	group	GERD	0.0710009451941921	0.0489308744825657	26	26	0.159713304851036	0.907787788614775
K07043	group	GERD	0.0549976997680542	0.0943661721709439	26	26	0.565456472550726	0.907787788614775
K07044	group	GERD	-0.45581463480632	0.506674524478761	26	4	0.377260646075704	0.907787788614775
K07047	group	GERD	-0.249383083398146	0.33788819454137	26	26	0.467631697459753	0.907787788614775
K07050	group	GERD	-0.198258921294562	0.231918599276785	26	3	0.401079750718765	0.907787788614775
K07053	group	GERD	0.228803174095071	0.103470576387862	26	26	0.0367895842621758	0.907787788614775
K07054	group	GERD	0.173939560412254	0.152372587947036	26	26	0.264907181147132	0.907787788614775
K07056	group	GERD	-0.0599531588234646	0.0455246616682821	26	26	0.200296225389443	0.907787788614775
K07058	group	GERD	-0.186607842316304	0.0973330840233756	26	26	0.0671900975760459	0.907787788614775
K07061	group	GERD	-0.337137454257877	0.682988112866771	26	6	0.626060797933959	0.907787788614775
K07063	group	GERD	0.506574295567859	0.588198700657049	26	4	0.397634455268533	0.907787788614775
K07064	group	GERD	0.700287158784258	0.551969662240164	26	26	0.216713789625345	0.907787788614775
K07065	group	GERD	1.30308877297348	0.778525210650194	26	7	0.107157024942004	0.907787788614775
K07067	group	GERD	0.214938779211372	0.173105762761849	26	26	0.226359700674575	0.907787788614775
K07068	group	GERD	-0.285895296589152	0.375012022538951	26	4	0.453271308900853	0.907787788614775
K07069	group	GERD	0.28012452253998	0.33409295180269	26	26	0.410044267505309	0.907787788614775
K07071	group	GERD	-0.58845620917755	0.375609611603032	26	26	0.130283464479705	0.907787788614775
K07075	group	GERD	0.390109628181195	0.317457861331788	26	26	0.231039680085584	0.907787788614775
K07076	group	GERD	-1.27043740273383	1.02076832876143	26	17	0.225299977255987	0.907787788614775
K07078	group	GERD	-0.201432750277099	0.397017526114345	26	26	0.616529558884951	0.907787788614775
K07079	group	GERD	0.416567183755746	0.307597267781031	26	26	0.188267472429077	0.907787788614775
K07080	group	GERD	0.569904957103677	0.267923809917725	26	26	0.0438862449183408	0.907787788614775
K07082	group	GERD	-0.0133962249498807	0.0180337158037656	26	26	0.464786133257174	0.907787788614775
K07085	group	GERD	0.12046747258983	0.190480117727892	26	26	0.533078207423238	0.907787788614775
K07088	group	GERD	0.0790265299103252	0.120677396733248	26	26	0.518786896651962	0.907787788614775
K07089	group	GERD	0.179943639072103	0.121176257949807	26	26	0.150567930014305	0.907787788614775
K07091	group	GERD	-0.106544090923729	0.10491819096981	26	26	0.319997775701282	0.907787788614775
K07095	group	GERD	0.0755681856615278	0.117827509152477	26	26	0.527375920039156	0.907787788614775
K07097	group	GERD	-0.382446560410855	0.492307495676563	26	26	0.444840017769862	0.907787788614775
K07099	group	GERD	0.195791899760596	0.287998940061643	26	26	0.50311392207930306	0.907787788614775
K07101	group	GERD	0.183668829430594	0.277614433218035	26	26	0.514531999145202	0.907787788614775
K07102	group	GERD	-0.5852669401653	0.788737080924335	26	26	0.465269359105097	0.907787788614775
K07104	group	GERD	-0.26720123098456	0.336454940036881	26	26	0.434881368649758	0.907787788614775
K07105	group	GERD	-0.292422929192138	0.222249707484119	26	26	0.200691857309714	0.907787788614775
K07106	group	GERD	0.130221481415433	0.11806782263037	26	26	0.280991279835744	0.907787788614775
K07109	group	GERD	-0.247970846938999	0.390271432853495	26	26	0.531192318967308	0.907787788614775
K07110	group	GERD	-0.831112533638271	1.07221575476788	26	24	0.445830218785797	0.907787788614775
K07112	group	GERD	-0.181459963311333	0.219023224144141	26	26	0.415552988689306	0.907787788614775
K07113	group	GERD	-0.355596686099615	0.539136083402496	26	26	0.515811185307878	0.907787788614775
K07115	group	GERD	-0.185662203304269	0.309659925838972	26	26	0.554412877792257	0.907787788614775
K07116	group	GERD	-0.230687862740068	0.41566312234695	26	4	0.584039237407315	0.907787788614775
K07119	group	GERD	-0.821395918255309	0.840631429640327	26	21	0.338257955756642	0.907787788614775
K07120	group	GERD	-0.483569810208975	0.507723675248821	26	26	0.35037483474267	0.907787788614775
K07121	group	GERD	-0.248342909251375	0.390352458562141	26	26	0.530666030608694	0.907787788614775
K07122	group	GERD	-0.174868382935662	0.310001764830384	26	26	0.577927910945948	0.907787788614775
K07124	group	GERD	0.119844306947643	0.1300314591398	26	26	0.365880618582066	0.907787788614775
K07127	group	GERD	-0.741226280538595	0.703263954988604	26	23	0.30238783820583	0.907787788614775
K07130	group	GERD	-0.410264768739047	0.694341828422925	26	15	0.560132385364065	0.907787788614775
K07131	group	GERD	-0.588827703397699	0.790971548354003	26	26	0.463840140630137	0.907787788614775
K07132	group	GERD	-0.922611606156112	0.611001801048049	26	26	0.144098479827179	0.907787788614775
K07133	group	GERD	0.101936990088647	0.149849509814093	26	26	0.502848361443399	0.907787788614775
K07138	group	GERD	0.474123824286627	0.281327468822532	26	26	0.104889639055541	0.907787788614775
K07139	group	GERD	-0.128809406303121	0.0670749842349199	26	26	0.0667696064529519	0.907787788614775
K07141	group	GERD	0.282826895197786	0.282819382950591	26	26	0.327274290204756	0.907787788614775
K07145	group	GERD	-1.2827657215424	0.589621725807762	26	4	0.039663359729266	0.907787788614775
K07149	group	GERD	-0.173478559234535	0.363699257561677	26	26	0.637688506157938	0.907787788614775
K07150	group	GERD	0.0747638828000428	0.12548279314903	26	26	0.556880006534684	0.907787788614775
K07152	group	GERD	-0.548166543933479	0.619255759506224	26	26	0.384830818422157	0.907787788614775
K07153	group	GERD	-0.238592718626132	0.3797761790979	26	26	0.535776383036204	0.907787788614775
K07154	group	GERD	-0.187212419218021	0.165692204623513	26	26	0.269692874622192	0.907787788614775
K07160	group	GERD	0.108156843270541	0.197605027966426	26	26	0.589200327045302	0.907787788614775
K07161	group	GERD	-0.252598646009536	0.274620715660872	26	3	0.36682568228405	0.907787788614775
K07164	group	GERD	-0.0869579116089315	0.127232525392409	26	26	0.500864005051298	0.907787788614775
K07165	group	GERD	0.956525581372129	0.921808330998426	26	9	0.309769601189266	0.907787788614775
K07166	group	GERD	0.130493802178772	0.125443261029481	26	26	0.308585291696834	0.907787788614775
K07168	group	GERD	-0.48274214155996	0.463282425548845	26	5	0.307793217007514	0.907787788614775
K07171	group	GERD	0.230982485176097	0.188788436767121	26	26	0.233018366010471	0.907787788614775
K07172	group	GERD	0.725115037166813	0.625102475856477	26	26	0.257461354572108	0.907787788614775
K07182	group	GERD	-1.35202309141437	1.09769318701251	26	6	0.229995577373908	0.907787788614775
K07183	group	GERD	0.178892125238123	0.156263344422734	26	26	0.26357600394548	0.907787788614775
K07184	group	GERD	-0.238464307835961	0.379742128026942	26	26	0.535957882358884	0.907787788614775
K07186	group	GERD	-0.249621297094154	0.390277185905545	26	26	0.528491291877985	0.907787788614775
K07192	group	GERD	0.466612441062312	0.321806200772413	26	26	0.160007805564413	0.907787788614775
K07215	group	GERD	-0.707579251280761	0.841666748194789	26	26	0.408820604638964	0.907787788614775
K07216	group	GERD	0.265243201108539	0.409744613838294	26	26	0.523557526021167	0.907787788614775
K07217	group	GERD	0.358729942008594	0.729259196744148	26	11	0.627252226814184	0.907787788614775
K07218	group	GERD	-0.449554724661943	0.594857149598427	26	26	0.457161559235825	0.907787788614775
K07220	group	GERD	0.21326439009597	0.151887220811908	26	26	0.173098945898838	0.907787788614775
K07222	group	GERD	-0.654580404584635	0.642501167582572	26	4	0.318458643589668	0.907787788614775
K07224	group	GERD	0.136014089801967	0.221064930437019	26	26	0.54416862143146	0.907787788614775
K07226	group	GERD	0.60540815294352	0.576697456884973	26	26	0.304273769891143	0.907787788614775
K07231	group	GERD	0.135667536060611	0.218192256883481	26	4	0.539948832866115	0.907787788614775
K07234	group	GERD	-0.165261800349785	0.304396849428414	26	26	0.592194806051375	0.907787788614775
K07235	group	GERD	-0.247857864674114	0.3898242233797	26	26	0.530910904435957	0.907787788614775
K07236	group	GERD	-0.248208288874048	0.389787470262641	26	26	0.530296572524553	0.907787788614775
K07237	group	GERD	-0.250293127240134	0.389676077703017	26	26	0.526760038734377	0.907787788614775
K07240	group	GERD	-0.10143924239897	0.114402744209595	26	26	0.384047523691685	0.907787788614775
K07241	group	GERD	-0.511241371515158	0.293932823076649	26	3	0.0947919665306795	0.907787788614775
K07243	group	GERD	0.126797923063915	0.0992156960623425	26	26	0.213471521705534	0.907787788614775
K07246	group	GERD	0.230730589580018	0.481849422455289	26	26	0.636383648907909	0.907787788614775
K07248	group	GERD	-0.565241552137534	0.815358109535785	26	26	0.494811716699878	0.907787788614775
K07258	group	GERD	0.0527840764695977	0.0685499202219778	26	26	0.448807763338668	0.907787788614775
K07259	group	GERD	-0.0692128388742425	0.0613831322522756	26	26	0.270655013696297	0.907787788614775
K07261	group	GERD	-0.246592118194694	0.39027952513654	26	26	0.533467836550243	0.907787788614775
K07262	group	GERD	-0.193512343117906	0.319970911964016	26	26	0.551000201452662	0.907787788614775
K07263	group	GERD	-0.159430767481115	0.115694850458391	26	26	0.180908048131397	0.907787788614775
K07267	group	GERD	-0.275255977738695	0.326934159226451	26	4	0.408138223641057	0.907787788614775
K07268	group	GERD	-0.246885597077387	0.39037293740691	26	26	0.533082038260687	0.907787788614775
K07270	group	GERD	-0.179691970913025	0.209033577979596	26	26	0.398497447663419	0.907787788614775
K07272	group	GERD	0.676181300849803	0.323692270562784	26	26	0.0474903955136767	0.907787788614775
K07274	group	GERD	-0.473562252731187	0.596367605119928	26	26	0.434932016994423	0.907787788614775
K07275	group	GERD	-0.604205667528289	0.631255612613319	26	26	0.348035219658014	0.907787788614775
K07278	group	GERD	-0.18529799101973	0.311654114734443	26	26	0.557699792904064	0.907787788614775
K07280	group	GERD	-0.739092102278903	0.879629876654064	26	26	0.409071907052145	0.907787788614775
K07282	group	GERD	-0.239989931819508	0.131133417358502	26	26	0.0796802830702854	0.907787788614775
K07285	group	GERD	-0.220525455414136	0.374901441341864	26	26	0.561878086742003	0.907787788614775
K07286	group	GERD	-0.225367337471624	0.372252470297742	26	26	0.550585744827859	0.907787788614775
K07287	group	GERD	-0.197733375852269	0.307181679171753	26	26	0.52587285096944	0.907787788614775
K07288	group	GERD	-0.466957673144606	0.581113075680339	26	26	0.429539966563669	0.907787788614775
K07289	group	GERD	-0.730487977891302	0.443309567425587	26	23	0.112424379162546	0.907787788614775
K07290	group	GERD	0.294951850605065	0.453013658369143	26	6	0.521175315122595	0.907787788614775
K07300	group	GERD	-0.881519798553313	1.08831288704201	26	13	0.425906074025869	0.907787788614775
K07301	group	GERD	-0.199890177110423	0.142090015786903	26	26	0.172309044304565	0.907787788614775
K07302	group	GERD	-0.325000572937632	0.377100396118663	26	4	0.397304709636207	0.907787788614775
K07303	group	GERD	-0.420238668175726	0.4935007613251	26	4	0.402883168765232	0.907787788614775
K07306	group	GERD	-0.602516713389777	0.924824567184975	26	23	0.520918559576227	0.907787788614775
K07307	group	GERD	-0.440358225014349	0.833901394626063	26	23	0.60229984600798	0.907787788614775
K07308	group	GERD	-0.350212903436402	0.676884787280588	26	25	0.609620610219868	0.907787788614775
K07309	group	GERD	0.358760588598492	0.509825813601023	26	14	0.488395870707733	0.907787788614775
K07310	group	GERD	0.358760588598493	0.509825813601023	26	14	0.488395870707732	0.907787788614775
K07312	group	GERD	0.358760588598493	0.509825813601023	26	14	0.488395870707732	0.907787788614775
K07315	group	GERD	-0.428860824988713	0.477734892339106	26	26	0.378265129072503	0.907787788614775
K07317	group	GERD	-0.847807629539766	0.589715674613605	26	25	0.16344366190758	0.907787788614775
K07318	group	GERD	0.172485615570458	0.322635088073379	26	26	0.597834476411683	0.907787788614775
K07319	group	GERD	0.438323155837827	0.639797808466219	26	13	0.499847047289363	0.907787788614775
K07320	group	GERD	-0.184399456721296	0.31154913705848303	26	26	0.559466383899674	0.907787788614775
K07323	group	GERD	-0.202486788256125	0.360034131323184	26	26	0.579052553056184	0.907787788614775
K07326	group	GERD	0.326402928269516	0.353634889864987	26	26	0.365197105667187	0.907787788614775
K07335	group	GERD	0.217797052624918	0.171825407098309	26	26	0.217120022349654	0.907787788614775
K07336	group	GERD	0.399688006211956	0.727143134960159	26	7	0.587625527726349	0.907787788614775
K07337	group	GERD	0.553509055739563	0.626992288246123	26	16	0.386101393896348	0.907787788614775
K07338	group	GERD	0.135667536060611	0.218192256883481	26	4	0.539948832866115	0.907787788614775
K07339	group	GERD	0.281109970808898	0.452133476441785	26	26	0.539973844670217	0.907787788614775
K07340	group	GERD	-0.240535589552204	0.379651690435957	26	26	0.532354081350111	0.907787788614775
K07343	group	GERD	-0.248245147391275	0.38997433041036	26	26	0.530431456458965	0.907787788614775
K07344	group	GERD	0.402382038618091	0.455539745436878	26	26	0.385832487961163	0.907787788614775
K07345	group	GERD	-1.98570932596445	0.842303541538452	26	21	0.0268920700482241	0.907787788614775
K07346	group	GERD	1.10741558708992	1.05378082699998	26	18	0.303772756886508	0.907787788614775
K07386	group	GERD	-0.0690512598048265	0.107921473389433	26	26	0.528345101091199	0.907787788614775
K07390	group	GERD	-0.182388702019633	0.310641209402486	26	26	0.56259553724189	0.907787788614775
K07391	group	GERD	0.0414123039118684	0.0680052644080749	26	26	0.548274150318426	0.907787788614775
K07393	group	GERD	-0.428241967242865	0.422820690114523	26	26	0.321247935455364	0.907787788614775
K07396	group	GERD	0.842302029835313	0.765647068722669	26	25	0.282193356066776	0.907787788614775
K07399	group	GERD	-0.470456772370308	0.70984549505509	26	26	0.513799936808209	0.907787788614775
K07400	group	GERD	-0.247177116100204	0.390420699506591	26	26	0.532652280068877	0.907787788614775
K07402	group	GERD	0.311153990509301	0.294142767059158	26	26	0.300663159135506	0.907787788614775
K07403	group	GERD	0.211890815554256	0.271810652488259	26	26	0.443273968913738	0.907787788614775
K07404	group	GERD	-0.149093568711317	0.27517541943373103	26	26	0.592942593536154	0.907787788614775
K07405	group	GERD	-0.20513676558143	0.152867498947131	26	26	0.19217903056396	0.907787788614775
K07406	group	GERD	0.362358400210696	0.768691477447849	26	11	0.641614788140446	0.907787788614775
K07407	group	GERD	0.133072430671528	0.226651734911629	26	26	0.562604310545183	0.907787788614775
K07442	group	GERD	0.277401583964749	0.282213931693005	26	26	0.335439085481619	0.907787788614775
K07443	group	GERD	0.186182494433176	0.251247321186271	26	26	0.465862894082641	0.907787788614775
K07444	group	GERD	-0.227638323010931	0.117031416840765	26	26	0.0635686829338545	0.907787788614775
K07447	group	GERD	-0.00880703193001283	0.0178026330068379	26	26	0.625307541876306	0.907787788614775
K07448	group	GERD	-0.59253909854458	0.244316110900775	26	26	0.0231865795919988	0.907787788614775
K07452	group	GERD	0.479826957042267	0.350432460781509	26	26	0.183601750919134	0.907787788614775
K07455	group	GERD	0.552830648683555	0.473418760696553	26	26	0.254381639047599	0.907787788614775
K07456	group	GERD	-0.0695310323613616	0.0632602227595361	26	26	0.282616515077402	0.907787788614775
K07458	group	GERD	0.225084875026333	0.358906328741843	26	26	0.536487972653514	0.907787788614775
K07459	group	GERD	0.222780614031981	0.281580692961432	26	26	0.436589355261981	0.907787788614775
K07460	group	GERD	0.0404670039447131	0.0663113510267442	26	26	0.547426868532592	0.907787788614775
K07461	group	GERD	-0.0625040024636013	0.0928521140950721	26	26	0.507278643991752	0.907787788614775
K07462	group	GERD	-0.019240283413497	0.0386598919349008	26	26	0.623238518531725	0.907787788614775
K07464	group	GERD	-0.565222148097449	0.341743375673858	26	26	0.111162260229165	0.907787788614775
K07465	group	GERD	0.484978092377637	0.327547910536173	26	26	0.151714063918323	0.907787788614775
K07467	group	GERD	0.209799911662909	0.429456339423317	26	26	0.629612548876223	0.907787788614775
K07473	group	GERD	0.249577020088309	0.209123242433102	26	26	0.244359571611561	0.907787788614775
K07478	group	GERD	-0.00934302221983877	0.0181218570221833	26	26	0.610874153037734	0.907787788614775
K07479	group	GERD	-0.247465554931568	0.390380461149423	26	26	0.532136206501537	0.907787788614775
K07485	group	GERD	-0.483021938919916	0.275393734525379	26	26	0.0922053030385845	0.907787788614775
K07486	group	GERD	-0.410590604886198	0.543187147242568	26	26	0.457069756071631	0.907787788614775
K07487	group	GERD	-0.781605715316298	0.715322638468768	26	21	0.28538942785483	0.907787788614775
K07488	group	GERD	-0.568375374434005	0.681561521122401	26	26	0.412543328661673	0.907787788614775
K07496	group	GERD	-0.509904172576317	0.55118300093925	26	26	0.364118536952508	0.907787788614775
K07497	group	GERD	-0.21202857591848	0.205277834843734	26	26	0.311953974710285	0.907787788614775
K07501	group	GERD	-0.544559419334328	0.621667204907921	26	26	0.389731751138129	0.907787788614775
K07502	group	GERD	0.501101238152347	0.333508973678436	26	26	0.146009718974445	0.907787788614775
K07503	group	GERD	0.283701165397693	0.282994239831907	26	26	0.326104217676519	0.907787788614775
K07504	group	GERD	0.674155820007168	0.425780064594042	26	26	0.126433337157352	0.907787788614775
K07505	group	GERD	-0.931997438539651	1.35549341636158	26	19	0.498314753974592	0.907787788614775
K07506	group	GERD	-0.360253672482137	0.490462257351246	26	4	0.469749108348115	0.907787788614775
K07507	group	GERD	0.0934198510455472	0.138400158188768	26	26	0.506128342759168	0.907787788614775
K07516	group	GERD	-0.6313969068507	0.791016911872128	26	24	0.432576980973421	0.907787788614775
K07518	group	GERD	-0.26047887480836	0.224698076949252	26	3	0.257762708994305	0.907787788614775
K07533	group	GERD	-0.174508099063452	0.284553398877704	26	26	0.545466438841218	0.907787788614775
K07560	group	GERD	-0.0447303851144143	0.0432554152714345	26	26	0.311398104934155	0.907787788614775
K07566	group	GERD	-0.0339695724807461	0.0238539749091904	26	26	0.167300960019113	0.907787788614775
K07568	group	GERD	-0.0701085935528959	0.0440390086597645	26	26	0.124479392383543	0.907787788614775
K07570	group	GERD	-0.177963340459609	0.34914992991964	26	26	0.614913690107916	0.907787788614775
K07576	group	GERD	0.265620783126088	0.280900194492883	26	26	0.353773545352945	0.907787788614775
K07577	group	GERD	-1.04367234062881	1.10612539523258	26	12	0.354807567995966	0.907787788614775
K07584	group	GERD	0.0469564508519969	0.0868402002808917	26	26	0.593682367865227	0.907787788614775
K07586	group	GERD	-0.180254058047617	0.34258006441114	26	26	0.603601581338088	0.907787788614775
K07588	group	GERD	-0.0771455044189703	0.155630565467378	26	26	0.624617391435386	0.907787788614775
K07590	group	GERD	0.285948209722975	0.304000090590287	26	26	0.356272045665579	0.907787788614775
K07636	group	GERD	-0.229109114633013	0.108871075099285	26	26	0.0460006801000529	0.907787788614775
K07638	group	GERD	0.652455020258945	0.979026497843997	26	23	0.511490828716047	0.907787788614775
K07640	group	GERD	-0.249490771876224	0.390243774290316	26	26	0.528670110010746	0.907787788614775
K07641	group	GERD	-0.336247492865863	0.660037115237365	26	21	0.615098254951083	0.907787788614775
K07644	group	GERD	0.495418054242841	0.939980818481886	26	7	0.602996239236778	0.907787788614775
K07645	group	GERD	-0.182495409798723	0.320413585064372	26	26	0.574267717611982	0.907787788614775
K07646	group	GERD	0.252094829629148	0.308702020839567	26	26	0.422173157458587	0.907787788614775
K07648	group	GERD	-0.245344359414455	0.390490466486429	26	26	0.535742680709627	0.907787788614775
K07650	group	GERD	0.562092191952066	0.485850657372579	26	26	0.258689324984084	0.907787788614775
K07651	group	GERD	-0.806779857347998	0.462857341521834	26	3	0.0941264239078975	0.907787788614775
K07652	group	GERD	-0.193178296142456	0.368128779385081	26	26	0.60456580853565	0.907787788614775
K07653	group	GERD	-0.428954795415001	0.799138068166333	26	24	0.596366667436824	0.907787788614775
K07654	group	GERD	0.285187471223866	0.283957632024818	26	26	0.325238261892506	0.907787788614775
K07659	group	GERD	0.764835539292417	1.09366630581679	26	23	0.491067584342027	0.907787788614775
K07661	group	GERD	0.244842455345167	0.328842278748791	26	3	0.463767179230969	0.907787788614775
K07662	group	GERD	-0.196020484314644	0.354275686680394	26	26	0.585176452691886	0.907787788614775
K07664	group	GERD	-0.672350924666445	0.68822569137846	26	25	0.338347185205121	0.907787788614775
K07666	group	GERD	-0.192210646906578	0.371540291806971	26	26	0.609658169885199	0.907787788614775
K07667	group	GERD	0.750970818955798	0.312009382412336	26	26	0.0241429790192646	0.907787788614775
K07668	group	GERD	-0.198220638056607	0.363194722034875	26	26	0.590261694315018	0.907787788614775
K07670	group	GERD	0.288622409344233	0.28397108909296	26	26	0.319586002266177	0.907787788614775
K07673	group	GERD	-0.595412158408485	0.818320289762958	26	26	0.47389575421181	0.907787788614775
K07674	group	GERD	-0.246885597077387	0.39037293740691	26	26	0.533082038260687	0.907787788614775
K07675	group	GERD	0.499060916290623	0.518213920304397	26	11	0.345130958782538	0.907787788614775
K07677	group	GERD	-0.260478874808357	0.224698076949252	26	3	0.257762708994311	0.907787788614775
K07678	group	GERD	-0.614784419306824	0.652881719792845	26	23	0.355755699751945	0.907787788614775
K07684	group	GERD	-0.556733659149642	0.84009405596867	26	26	0.51383483112733	0.907787788614775
K07685	group	GERD	-0.247423853591049	0.390419451393918	26	26	0.532245363463255	0.907787788614775
K07687	group	GERD	-0.260478874808348	0.224698076949253	26	3	0.257762708994326	0.907787788614775
K07688	group	GERD	-0.26047887480836	0.224698076949252	26	3	0.257762708994305	0.907787788614775
K07690	group	GERD	-0.26047887480836	0.224698076949252	26	3	0.257762708994305	0.907787788614775
K07693	group	GERD	0.335611777208574	0.307969735338133	26	26	0.286642151037696	0.907787788614775
K07694	group	GERD	0.490642674368399	0.889400533345493	26	24	0.586284765970364	0.907787788614775
K07696	group	GERD	-0.893669317853963	0.866835370681971	26	13	0.312839540954628	0.907787788614775
K07699	group	GERD	-0.418184547575789	0.402392244371845	26	26	0.309047582110969	0.907787788614775
K07704	group	GERD	0.395595593136337	0.353539969688054	26	26	0.2742336641452	0.907787788614775
K07705	group	GERD	0.431914466510994	0.379992577361057	26	26	0.266911369998341	0.907787788614775
K07706	group	GERD	-0.372078362138575	0.443055312706631	26	26	0.409308067653916	0.907787788614775
K07707	group	GERD	-0.398137119589885	0.453102119971836	26	26	0.388281242253558	0.907787788614775
K07708	group	GERD	0.610997742164086	0.979881151959723	26	23	0.538809498264456	0.907787788614775
K07710	group	GERD	0.467060266459553	0.292740872614564	26	3	0.12369176483402	0.907787788614775
K07712	group	GERD	-0.398664278236051	0.459564461464348	26	26	0.394268671782305	0.907787788614775
K07717	group	GERD	1.17596004649333	0.348037075317825	26	26	0.00248338962047927	0.907787788614775
K07719	group	GERD	0.757078947897389	0.345057984292092	26	26	0.0381512171737311	0.907787788614775
K07723	group	GERD	-1.20273496300899	0.760113327884162	26	20	0.126669060887645	0.907787788614775
K07724	group	GERD	-0.561517171203671	0.901848869918961	26	26	0.539399910058567	0.907787788614775
K07726	group	GERD	-0.24434576739279	0.330991071608343	26	26	0.467535832562246	0.907787788614775
K07727	group	GERD	0.233566347590503	0.204424040054286	26	26	0.264492708140216	0.907787788614775
K07729	group	GERD	-0.192482212564755	0.210931269016396	26	26	0.370563078142825	0.907787788614775
K07733	group	GERD	-0.811065838620723	0.881614856318581	26	25	0.366739473563006	0.907787788614775
K07735	group	GERD	-0.20335833332349	0.301631306627916	26	26	0.506629779368519	0.907787788614775
K07736	group	GERD	0.365280319121689	0.244169959920439	26	26	0.147686798734614	0.907787788614775
K07738	group	GERD	0.110778583621246	0.0488566524175887	26	26	0.0326521436575996	0.907787788614775
K07739	group	GERD	0.607759900045578	0.436603838748158	26	26	0.176683714998041	0.907787788614775
K07741	group	GERD	0.723437272826834	0.788948685166766	26	19	0.368284729797784	0.907787788614775
K07746	group	GERD	-1.12311649874722	1.08575679656216	26	15	0.311256259730207	0.907787788614775
K07751	group	GERD	-0.247465554931568	0.390380461149423	26	26	0.532136206501537	0.907787788614775
K07757	group	GERD	0.62677281477705	0.552198700626942	26	26	0.267563763258143	0.907787788614775
K07770	group	GERD	0.562092191952066	0.485850657372579	26	26	0.258689324984084	0.907787788614775
K07771	group	GERD	-0.53528807916741	0.3855221690085	26	3	0.177745691509274	0.907787788614775
K07773	group	GERD	-0.247465554931568	0.390380461149423	26	26	0.532136206501537	0.907787788614775
K07774	group	GERD	-0.233093645853238	0.223985490480137	26	3	0.308402204706247	0.907787788614775
K07775	group	GERD	-0.877035507020018	0.61162914336106	26	26	0.164492656336636	0.907787788614775
K07777	group	GERD	0.23505115966589	0.482469085808123	26	26	0.630548235765092	0.907787788614775
K07782	group	GERD	-0.26047887480836	0.224698076949252	26	3	0.257762708994305	0.907787788614775
K07784	group	GERD	0.469858203077777	0.428253298774033	26	3	0.283462344275559	0.907787788614775
K07791	group	GERD	0.10716855946162	0.212530248636532	26	26	0.618683213041975	0.907787788614775
K07793	group	GERD	-0.601181638556563	0.45571956408848	26	26	0.199553236406556	0.907787788614775
K07794	group	GERD	-1.22813097326421	0.781250397591796	26	25	0.129040630313019	0.907787788614775
K07795	group	GERD	-0.695469836847254	0.836258614016564	26	21	0.413807987583243	0.907787788614775
K07813	group	GERD	0.541244340066745	0.456690065871328	26	26	0.247562679385168	0.907787788614775
K07814	group	GERD	0.622487244934072	0.445995351174874	26	26	0.175576863158638	0.907787788614775
K07816	group	GERD	-0.158879564018481	0.251832136548291	26	26	0.5340718951681	0.907787788614775
K08068	group	GERD	0.834053500303448	0.616012388058304	26	26	0.188363713156605	0.907787788614775
K08082	group	GERD	-0.531582353874948	0.823176552986652	26	26	0.524555469403083	0.907787788614775
K08083	group	GERD	-0.531791178138006	0.823208476909482	26	26	0.524409924396374	0.907787788614775
K08084	group	GERD	-0.626751705916137	0.808602372821201	26	26	0.445847945891693	0.907787788614775
K08092	group	GERD	0.539610961816735	0.381906935285793	26	26	0.170512100932902	0.907787788614775
K08093	group	GERD	-0.564698347057357	0.914437658060089	26	12	0.542696637947764	0.907787788614775
K08138	group	GERD	-1.42618314464553	0.940692121255246	26	23	0.142555843985083	0.907787788614775
K08151	group	GERD	-0.584515219966757	0.506315655121746	26	26	0.259682645692536	0.907787788614775
K08153	group	GERD	0.684576175819675	0.452559918079576	26	26	0.143419991618786	0.907787788614775
K08156	group	GERD	-0.485756596773611	0.533873589194521	26	26	0.371937762217793	0.907787788614775
K08159	group	GERD	-0.169157446297517	0.304457091429896	26	26	0.583624570913031	0.907787788614775
K08161	group	GERD	0.209651560702107	0.212686172295391	26	26	0.334098652707514	0.907787788614775
K08162	group	GERD	-1.04559978465026	0.76472724023208	26	23	0.184206259397022	0.907787788614775
K08166	group	GERD	-0.547110492191202	0.50072297802619	26	26	0.285398344637878	0.907787788614775
K08167	group	GERD	0.22883360724559	0.476381282335739	26	26	0.635322297060926	0.907787788614775
K08168	group	GERD	0.508485270712434	0.373063968849536	26	26	0.185535503102978	0.907787788614775
K08169	group	GERD	0.31641390267791	0.37114717186393	26	5	0.402348182997526	0.907787788614775
K08173	group	GERD	2.69881846579335	1.24037605094147	26	19	0.0396440040074376	0.907787788614775
K08191	group	GERD	0.172001435499764	0.336555260968192	26	26	0.613975489151338	0.907787788614775
K08194	group	GERD	0.778887616955561	0.64004838185947	26	25	0.235466532659086	0.907787788614775
K08217	group	GERD	0.37112952912531	0.474513456302308	26	26	0.441788922368247	0.907787788614775
K08218	group	GERD	-0.099908217904612	0.134479064082717	26	26	0.4647359919488	0.907787788614775
K08223	group	GERD	0.210179621893294	0.28174314656014	26	26	0.462913927848239	0.907787788614775
K08224	group	GERD	-1.37801564496595	0.885025811557293	26	5	0.132552206879403	0.907787788614775
K08227	group	GERD	-0.53528807916741	0.3855221690085	26	3	0.177745691509274	0.907787788614775
K08234	group	GERD	0.136565370159617	0.235305069748777	26	26	0.567071131565722	0.907787788614775
K08256	group	GERD	0.435434419915317	0.321801905362	26	26	0.188628948867521	0.907787788614775
K08260	group	GERD	0.574128447402127	0.489269517872054	26	26	0.252133775256582	0.907787788614775
K08276	group	GERD	-0.462146726855111	0.439989061204674	26	26	0.304014852862738	0.907787788614775
K08281	group	GERD	-0.158331883337577	0.0929687593384431	26	26	0.101473666146247	0.907787788614775
K08282	group	GERD	-0.936751462436569	0.650377037772364	26	25	0.162695547669847	0.907787788614775
K08289	group	GERD	0.127012934415809	0.186164852973495	26	26	0.501606532410813	0.907787788614775
K08295	group	GERD	0.304085486974474	0.525438204820554	26	6	0.568165174195348	0.907787788614775
K08296	group	GERD	0.122105648056023	0.108671050971251	26	26	0.272285679179265	0.907787788614775
K08297	group	GERD	1.07130574966709	0.660132106872324	26	25	0.117682165372095	0.907787788614775
K08298	group	GERD	1.10971830453869	0.655646688329402	26	25	0.10348408472187	0.907787788614775
K08300	group	GERD	0.083368822625003	0.156196199612102	26	26	0.598427728728266	0.907787788614775
K08301	group	GERD	-0.0785635299686356	0.0974244142591744	26	26	0.427928320169399	0.907787788614775
K08302	group	GERD	0.699413544850876	0.341172667780732	26	26	0.0514390045764344	0.907787788614775
K08303	group	GERD	-0.0536971005280443	0.0410162922310406	26	26	0.202874849163458	0.907787788614775
K08304	group	GERD	-0.188743962127591	0.317988665208709	26	26	0.558362531993573	0.907787788614775
K08305	group	GERD	-0.193419050915743	0.312055874781025	26	26	0.541215710485941	0.907787788614775
K08306	group	GERD	-0.248108645933297	0.390416288899299	26	26	0.531117190513455	0.907787788614775
K08307	group	GERD	-0.1788045035016	0.112484418713884	26	26	0.125014425188778	0.907787788614775
K08311	group	GERD	-0.187265813512892	0.306741574689042	26	26	0.547268795076006	0.907787788614775
K08312	group	GERD	-0.234774858526481	0.390976703158001	26	26	0.55381313095474	0.907787788614775
K08313	group	GERD	0.563521162610414	0.378131060948566	26	26	0.149176923365813	0.907787788614775
K08314	group	GERD	0.603887682201109	0.372971029108117	26	26	0.118487643423141	0.907787788614775
K08316	group	GERD	0.125402717988942	0.123853974632653	26	26	0.321396349436052	0.907787788614775
K08321	group	GERD	0.740466947226824	0.739658548131687	26	25	0.326769077719618	0.907787788614775
K08324	group	GERD	-0.60731493280361	0.83214104183116	26	26	0.472562769858543	0.907787788614775
K08325	group	GERD	-0.235505518575272	0.151160820753171	26	26	0.132328154077301	0.907787788614775
K08357	group	GERD	-0.307763853720186	0.448708813746602	26	26	0.499356692413818	0.907787788614775
K08358	group	GERD	-0.337626777590608	0.430500835498447	26	26	0.440557093818752	0.907787788614775
K08363	group	GERD	-0.222693233065925	0.370998305881949	26	26	0.553963176253407	0.907787788614775
K08364	group	GERD	-0.223251621279168	0.371035095860172	26	26	0.553016225792377	0.907787788614775
K08368	group	GERD	1.48847927689633	0.643714644446854	26	25	0.0296521392101438	0.907787788614775
K08372	group	GERD	0.32809435122517	0.274743581215392	26	26	0.244075773192449	0.907787788614775
K08384	group	GERD	0.308471883923723	0.289303180602387	26	26	0.296916320617849	0.907787788614775
K08481	group	GERD	0.267554861608096	0.270144286430794	26	3	0.331852423426358	0.907787788614775
K08482	group	GERD	0.251210669429824	0.261492815018358	26	3	0.346293027533005	0.907787788614775
K08483	group	GERD	0.0571868024601645	0.0542528945508339	26	26	0.302343808389287	0.907787788614775
K08589	group	GERD	-0.602290207942749	0.913131096775902	26	10	0.515798382473565	0.907787788614775
K08600	group	GERD	0.433974583443225	0.266183885248843	26	26	0.116081848125198	0.907787788614775
K08602	group	GERD	-0.0639250326423809	0.118968301864455	26	26	0.595988226647063	0.907787788614775
K08641	group	GERD	-0.219003658637814	0.153459985335209	26	26	0.166431214683739	0.907787788614775
K08643	group	GERD	-0.289402342372574	0.467906537513633	26	26	0.542068928298852	0.907787788614775
K08651	group	GERD	-0.574137853496197	0.985274225557676	26	18	0.56551791913759	0.907787788614775
K08659	group	GERD	0.421238516850467	0.397437729441435	26	26	0.299747340397809	0.907787788614775
K08676	group	GERD	-0.688424065124907	1.04231809469746	26	22	0.515239549655582	0.907787788614775
K08678	group	GERD	-0.332907161287732	0.590596364370045	26	26	0.578201659428247	0.907787788614775
K08679	group	GERD	-0.361315476380913	0.394250195643244	26	26	0.368542157175463	0.907787788614775
K08680	group	GERD	0.102470572026369	0.169176065605899	26	26	0.550397320968316	0.907787788614775
K08682	group	GERD	-0.53528807916741	0.3855221690085	26	3	0.177745691509274	0.907787788614775
K08693	group	GERD	0.540757828568483	0.612319684324747	26	13	0.38592692552873	0.907787788614775
K08714	group	GERD	1.07116607980839	0.759163419564175	26	14	0.171081772857909	0.907787788614775
K08722	group	GERD	0.256613464743241	0.23328590870219101	26	26	0.282245577923364	0.907787788614775
K08724	group	GERD	-0.205200486309526	0.348968544579429	26	26	0.562011777834484	0.907787788614775
K08738	group	GERD	-0.452157425027818	0.488739312972103	26	26	0.364097216165535	0.907787788614775
K08744	group	GERD	0.241595139456865	0.296275625334048	26	26	0.422839380472087	0.907787788614775
K08884	group	GERD	0.143272908119284	0.138376268092834	26	26	0.31080902998487	0.907787788614775
K08906	group	GERD	0.410412004465239	0.371936127134099	26	3	0.280774454663287	0.907787788614775
K08961	group	GERD	0.232848013891456	0.449280570672782	26	26	0.609016285562983	0.907787788614775
K08963	group	GERD	0.294040958932177	0.306105753969133	26	26	0.346338783114241	0.907787788614775
K08969	group	GERD	0.437116964875871	0.680544138796211	26	26	0.526763639259626	0.907787788614775
K08970	group	GERD	-0.26047887480836	0.224698076949252	26	3	0.257762708994305	0.907787788614775
K08972	group	GERD	0.198240215780849	0.235789279411526	26	26	0.408785737388155	0.907787788614775
K08973	group	GERD	-0.552081821845625	0.620051118827035	26	26	0.382100304883351	0.907787788614775
K08974	group	GERD	-0.412910517165258	0.317011891177059	26	26	0.20510371745921	0.907787788614775
K08976	group	GERD	-0.26575934604482	0.467968216137998	26	5	0.575377581458029	0.907787788614775
K08977	group	GERD	-0.849600472938651	0.752250548201944	26	10	0.269886716434371	0.907787788614775
K08981	group	GERD	0.274916606160855	0.282688128066107	26	26	0.340497982114973	0.907787788614775
K08983	group	GERD	0.302925359748847	0.436744340415379	26	6	0.494592644153449	0.907787788614775
K08984	group	GERD	-0.188598728304875	0.263347869087656	26	26	0.480804638276783	0.907787788614775
K08987	group	GERD	-0.0608174603597791	0.107676293445204	26	26	0.5774396257177	0.907787788614775
K08988	group	GERD	-0.867669655411299	1.1437292095492	26	18	0.455458902379423	0.907787788614775
K08989	group	GERD	0.166185626801651	0.238985456573864	26	26	0.493496095934033	0.907787788614775
K08990	group	GERD	-0.247560698680838	0.390385745007568	26	26	0.531985349943581	0.907787788614775
K08992	group	GERD	-0.247527540300137	0.390383875339422	26	26	0.5320378922331	0.907787788614775
K08993	group	GERD	-0.53528807916741	0.3855221690085	26	3	0.177745691509274	0.907787788614775
K08994	group	GERD	-0.35718455208432	0.67340128905751	26	25	0.600695676372256	0.907787788614775
K08995	group	GERD	-1.31467638397911	1.08954155367152	26	10	0.239333215490387	0.907787788614775
K08996	group	GERD	0.0949844734011354	0.193613257259365	26	26	0.628172956737273	0.907787788614775
K08998	group	GERD	-0.0716363847490776	0.0544707612161615	26	26	0.200892220199224	0.907787788614775
K08999	group	GERD	0.104003452668085	0.206978910625801	26	26	0.619907180383712	0.907787788614775
K09001	group	GERD	-0.207430286092398	0.301537199843911	26	26	0.498105126252337	0.907787788614775
K09002	group	GERD	-0.301346224348282	0.419354841431025	26	26	0.479328804241792	0.907787788614775
K09003	group	GERD	-1.84630104876202	0.980364192479966	26	20	0.0718368632664604	0.907787788614775
K09004	group	GERD	0.762451174769067	0.739749639630003	26	24	0.312962712449826	0.907787788614775
K09007	group	GERD	-0.419827213229088	0.646846516764438	26	26	0.522477608215232	0.907787788614775
K09009	group	GERD	0.28626981914801	0.280580492529088	26	26	0.317772327700194	0.907787788614775
K09014	group	GERD	0.0426433156484671	0.0776290499427899	26	26	0.587860106766904	0.907787788614775
K09015	group	GERD	-0.133807265562602	0.111844474300852	26	26	0.243238254981273	0.907787788614775
K09019	group	GERD	0.313786752481014	0.534238096646635	26	26	0.562451816215566	0.907787788614775
K09022	group	GERD	-0.0706853211836322	0.0562027181036734	26	26	0.220605963093873	0.907787788614775
K09024	group	GERD	0.337958040418315	0.329240829340015	26	3	0.314902086846257	0.907787788614775
K09117	group	GERD	0.146637101762055	0.10896691159668	26	26	0.190974514653481	0.907787788614775
K09118	group	GERD	0.192993668414071	0.263347970047089	26	26	0.470749679998921	0.907787788614775
K09121	group	GERD	0.276069033668009	0.304683632874183	26	26	0.373898615103527	0.907787788614775
K09123	group	GERD	0.688863191983207	0.815566369882871	26	21	0.406651081652903	0.907787788614775
K09124	group	GERD	-0.540464019826193	0.892706481631095	26	14	0.550581451845825	0.907787788614775
K09125	group	GERD	0.0533316596374558	0.0992203352243648	26	26	0.595866464245096	0.907787788614775
K09126	group	GERD	0.467060266459553	0.292740872614564	26	3	0.12369176483402	0.907787788614775
K09128	group	GERD	0.688863191983207	0.815566369882871	26	21	0.406651081652903	0.907787788614775
K09131	group	GERD	-0.234793354329955	0.376404038775342	26	26	0.538656162065995	0.907787788614775
K09136	group	GERD	-0.247379112601719	0.348713038026487	26	26	0.484908014970135	0.907787788614775
K09137	group	GERD	-0.417740706985869	0.613366656033952	26	25	0.50235123237932	0.907787788614775
K09138	group	GERD	0.484336895715775	0.333148648173538	26	26	0.158950194592095	0.907787788614775
K09141	group	GERD	-0.703214758446896	0.489799466719254	26	3	0.163988477020559	0.907787788614775
K09146	group	GERD	-0.368248087413417	0.779820346856645	26	24	0.641034151558915	0.907787788614775
K09153	group	GERD	0.389797304271464	0.241441338733678	26	26	0.119499922539436	0.907787788614775
K09157	group	GERD	0.126561226070204	0.0883437855517555	26	26	0.164870107979773	0.907787788614775
K09158	group	GERD	-0.202103224946531	0.29018338256888	26	26	0.492827095728208	0.907787788614775
K09159	group	GERD	-0.183824708033452	0.311538431155934	26	26	0.56066904030033	0.907787788614775
K09160	group	GERD	-0.238534573303432	0.379773226220661	26	26	0.535871837275521	0.907787788614775
K09162	group	GERD	0.116800022355743	0.211868504047071	26	26	0.586534396746767	0.907787788614775
K09163	group	GERD	0.311217908429521	0.393553527443794	26	26	0.436812201797596	0.907787788614775
K09164	group	GERD	-1.9748918600386	1.00576286756157	26	24	0.0612660615778762	0.907787788614775
K09165	group	GERD	-0.309225749868458	0.260597946221001	26	3	0.246998836825233	0.907787788614775
K09167	group	GERD	-0.216930558330022	0.185451341371331	26	26	0.253590073570886	0.907787788614775
K09181	group	GERD	-0.318991214327179	0.582731748764492	26	26	0.589154280973243	0.907787788614775
K09228	group	GERD	-0.337137454257877	0.682988112866771	26	6	0.626060797933959	0.907787788614775
K09252	group	GERD	-0.412207546030674	0.412974221833488	26	26	0.328167726605204	0.907787788614775
K09384	group	GERD	0.67631008647312	0.598367556676285	26	26	0.269536773504582	0.907787788614775
K09386	group	GERD	0.230319802592363	0.480330835972839	26	6	0.635921911432606	0.907787788614775
K09388	group	GERD	0.715476381078557	0.853282394801226	26	25	0.41002439542048	0.907787788614775
K09456	group	GERD	0.230319802592363	0.480330835972839	26	6	0.635921911432606	0.907787788614775
K09457	group	GERD	-0.0998718554118761	0.0501452486658076	26	26	0.0579068657626747	0.907787788614775
K09458	group	GERD	-0.0681231812617427	0.044654177939001	26	26	0.140187683779863	0.907787788614775
K09471	group	GERD	-0.193095569453792	0.321613779650186	26	26	0.553870254921786	0.907787788614775
K09476	group	GERD	-0.53528807916741	0.3855221690085	26	3	0.177745691509274	0.907787788614775
K09477	group	GERD	0.259318068166739	0.324222073967222	26	26	0.431662999252245	0.907787788614775
K09516	group	GERD	0.304393862616837	0.437274768018617	26	26	0.493043245691785	0.907787788614775
K09690	group	GERD	0.317439776059225	0.400159263683861	26	26	0.435385628719745	0.907787788614775
K09691	group	GERD	-0.5485106105228	0.618535354947484	26	26	0.383992624907435	0.907787788614775
K09694	group	GERD	-0.836284317069298	0.845716250012153	26	21	0.33260306038285	0.907787788614775
K09695	group	GERD	-0.836284317069298	0.845716250012153	26	21	0.33260306038285	0.907787788614775
K09699	group	GERD	-0.688966996059089	0.4073511897368	26	4	0.103719839306845	0.907787788614775
K09701	group	GERD	0.443844695042491	0.671837399970193	26	7	0.515133034638675	0.907787788614775
K09703	group	GERD	-0.567061556625386	0.607490145602531	26	25	0.359884627114325	0.907787788614775
K09705	group	GERD	0.618282824944081	0.359531539259951	26	26	0.0983612080148526	0.907787788614775
K09706	group	GERD	-0.846286670511918	0.74587383737631	26	15	0.267738364104469	0.907787788614775
K09710	group	GERD	0.0728454189767608	0.0546630813111916	26	26	0.195169543608125	0.907787788614775
K09712	group	GERD	0.250928384603266	0.323759193004572	26	26	0.445881912675519	0.907787788614775
K09726	group	GERD	0.630624010383336	0.787163326734045	26	19	0.430913924142181	0.907787788614775
K09729	group	GERD	0.201624103403363	0.280928110727041	26	26	0.479866174356186	0.907787788614775
K09740	group	GERD	-0.372033268223347	0.548902445202599	26	7	0.504395658569321	0.907787788614775
K09747	group	GERD	0.0350070473353468	0.0524859176043892	26	26	0.511147213094583	0.907787788614775
K09748	group	GERD	-0.0296898361051862	0.0216392711534246	26	26	0.182742145577416	0.907787788614775
K09749	group	GERD	0.442720931422992	0.472602701807456	26	26	0.35820753959296	0.907787788614775
K09758	group	GERD	-0.43567993208594	0.389677992316179	26	26	0.27461213377244	0.907787788614775
K09760	group	GERD	-0.0256412053582895	0.0521249382689914	26	26	0.627246569329227	0.907787788614775
K09761	group	GERD	-0.0186146854435712	0.0196851143614878	26	26	0.353765114320372	0.907787788614775
K09762	group	GERD	0.093064778683116	0.105526679551951	26	26	0.386574417876292	0.907787788614775
K09765	group	GERD	-0.0890748363958968	0.0934553649101319	26	26	0.350027370915689	0.907787788614775
K09767	group	GERD	0.218837913608051	0.115893664463763	26	26	0.0711371850266701	0.907787788614775
K09771	group	GERD	0.289404085660178	0.303624075469075	26	26	0.35000813983455	0.907787788614775
K09772	group	GERD	0.0742729463345762	0.086229326328953207	26	26	0.397573904608711	0.907787788614775
K09774	group	GERD	0.0918461738291045	0.188764841804024	26	26	0.630981125314417	0.907787788614775
K09775	group	GERD	0.110504115583687	0.210438514211924	26	26	0.604321974525363	0.907787788614775
K09776	group	GERD	0.467060266459553	0.292740872614564	26	3	0.12369176483402	0.907787788614775
K09777	group	GERD	0.280814135143009	0.302379523535041	26	26	0.362301174994213	0.907787788614775
K09778	group	GERD	0.278821886193982	0.313388980334633	26	26	0.382459186261061	0.907787788614775
K09779	group	GERD	0.160386799074141	0.311072791061811	26	26	0.61085625462345	0.907787788614775
K09788	group	GERD	-0.53407616922715	0.828618557894949	26	26	0.525339838746028	0.907787788614775
K09789	group	GERD	-0.586655297145552	0.330365024840209	26	26	0.0884521106241354	0.907787788614775
K09790	group	GERD	0.0756290079677474	0.0897919668696469	26	26	0.407952608860034	0.907787788614775
K09791	group	GERD	-0.203052456443287	0.299261595895976	26	26	0.50393792461424	0.907787788614775
K09792	group	GERD	-0.524018773976266	0.627589242779855	26	26	0.411969074153105	0.907787788614775
K09793	group	GERD	0.161959552748205	0.279520573483527	26	26	0.567705980538169	0.907787788614775
K09794	group	GERD	-0.214112654257567	0.307612291432023	26	26	0.493085460562784	0.907787788614775
K09795	group	GERD	-0.508933729792357	0.784355811609877	26	26	0.522592690031417	0.907787788614775
K09796	group	GERD	-0.405882670889562	0.603978407659344	26	26	0.507992216739113	0.907787788614775
K09797	group	GERD	-0.152572503893688	0.164157857757101	26	26	0.361923204591411	0.907787788614775
K09800	group	GERD	0.148999386503619	0.179599964890161	26	26	0.41493069036027	0.907787788614775
K09801	group	GERD	-0.184346175363427	0.311546159303186	26	26	0.559575330890488	0.907787788614775
K09802	group	GERD	-0.287430263690782	0.357690187924047	26	26	0.429530952531025	0.907787788614775
K09803	group	GERD	-0.24085360768582	0.452710113036278	26	26	0.599598887594511	0.907787788614775
K09805	group	GERD	0.199021315827238	0.358645869633257	26	26	0.584081816030124	0.907787788614775
K09806	group	GERD	-0.441610671063176	0.636880029498437	26	26	0.494717032026671	0.907787788614775
K09807	group	GERD	0.255701783502882	0.205377607651147	26	26	0.225139931323922	0.907787788614775
K09808	group	GERD	-0.135590772064667	0.105747191117038	26	26	0.212014318283438	0.907787788614775
K09809	group	GERD	0.448205196710834	0.787028804718764	26	17	0.574315664976005	0.907787788614775
K09810	group	GERD	-0.106920418826866	0.103389505549176	26	26	0.311374073278159	0.907787788614775
K09811	group	GERD	-0.0410843433442367	0.0311459222718425	26	26	0.199586111033333	0.907787788614775
K09812	group	GERD	-0.0214203362297356	0.036812209221894	26	26	0.566072879375576	0.907787788614775
K09816	group	GERD	0.0301632167497686	0.061523230549632	26	26	0.628392585332823	0.907787788614775
K09817	group	GERD	0.0311149221131143	0.0615903304598509	26	26	0.618032176320144	0.907787788614775
K09818	group	GERD	0.61270022080644	0.441323443007504	26	26	0.177791030120592	0.907787788614775
K09819	group	GERD	0.271241928275594	0.324531984786184	26	26	0.411514796547951	0.907787788614775
K09820	group	GERD	0.3681454327198	0.272835187138408	26	26	0.189822778545288	0.907787788614775
K09822	group	GERD	-0.522582264068252	0.397072445947964	26	3	0.200576992953288	0.907787788614775
K09823	group	GERD	-0.490855118694072	0.640445692955275	26	26	0.450895409371389	0.907787788614775
K09825	group	GERD	0.0850750311679236	0.135501183397175	26	26	0.536028264140036	0.907787788614775
K09835	group	GERD	0.415251351693288	0.613941086462781	26	8	0.505272421076436	0.907787788614775
K09857	group	GERD	-0.641051874505383	0.82735808310072	26	26	0.446014352091563	0.907787788614775
K09859	group	GERD	0.880198036025011	0.73718553010577	26	10	0.244147115503092	0.907787788614775
K09860	group	GERD	-0.347604303048837	0.482821425908496	26	26	0.478512886705706	0.907787788614775
K09861	group	GERD	-0.0342379921351092	0.0230032741536781	26	26	0.149669543067604	0.907787788614775
K09862	group	GERD	-0.169317331467998	0.316874312526967	26	26	0.598024659087004	0.907787788614775
K09889	group	GERD	-0.184680034344836	0.311571458575686	26	26	0.558901206800988	0.907787788614775
K09890	group	GERD	-0.170756003228791	0.320230996631888	26	26	0.598779790052499	0.907787788614775
K09891	group	GERD	-0.247465554931568	0.390380461149423	26	26	0.532136206501537	0.907787788614775
K09892	group	GERD	-0.24873153188334	0.390451152835939	26	26	0.530131542194815	0.907787788614775
K09893	group	GERD	-0.247465554931568	0.390380461149423	26	26	0.532136206501537	0.907787788614775
K09894	group	GERD	-0.247465554931568	0.390380461149423	26	26	0.532136206501537	0.907787788614775
K09895	group	GERD	-0.237919297220478	0.379712925576402	26	26	0.536851648516894	0.907787788614775
K09896	group	GERD	-0.247465554931568	0.390380461149423	26	26	0.532136206501537	0.907787788614775
K09897	group	GERD	-0.247465554931568	0.390380461149423	26	26	0.532136206501537	0.907787788614775
K09898	group	GERD	-0.247465554931568	0.390380461149423	26	26	0.532136206501537	0.907787788614775
K09899	group	GERD	-0.247465554931568	0.390380461149423	26	26	0.532136206501537	0.907787788614775
K09900	group	GERD	-0.222495313503038	0.391328713005574	26	26	0.57493439418817	0.907787788614775
K09901	group	GERD	-0.247465554931568	0.390380461149423	26	26	0.532136206501537	0.907787788614775
K09902	group	GERD	-0.247177116100204	0.390420699506591	26	26	0.532652280068877	0.907787788614775
K09903	group	GERD	-0.00876018173713076	0.0177492811813384	26	26	0.626109452453756	0.907787788614775
K09904	group	GERD	-0.247465554931568	0.390380461149423	26	26	0.532136206501537	0.907787788614775
K09906	group	GERD	-0.247516865351267	0.390363588122329	26	26	0.532034295653841	0.907787788614775
K09907	group	GERD	-0.247465554931568	0.390380461149423	26	26	0.532136206501537	0.907787788614775
K09908	group	GERD	-0.247465554931568	0.390380461149423	26	26	0.532136206501537	0.907787788614775
K09909	group	GERD	-0.246597158246024	0.390413188423224	26	26	0.533598530582511	0.907787788614775
K09910	group	GERD	-0.247084225190204	0.390359481178061	26	26	0.53274130707971	0.907787788614775
K09911	group	GERD	-0.247465554931568	0.390380461149423	26	26	0.532136206501537	0.907787788614775
K09915	group	GERD	0.257147143832978	0.463576203873556	26	6	0.584230792508788	0.907787788614775
K09917	group	GERD	-0.247465554931568	0.390380461149423	26	26	0.532136206501537	0.907787788614775
K09920	group	GERD	-1.04559978465026	0.76472724023208	26	23	0.184206259397022	0.907787788614775
K09922	group	GERD	-0.80560287049304	0.904782488896351	26	24	0.382099370711942	0.907787788614775
K09923	group	GERD	-0.281782333656326	0.39413095551782	26	26	0.481539827741818	0.907787788614775
K09924	group	GERD	-0.272993076996594	0.459934907308464	26	26	0.558368078350158	0.907787788614775
K09926	group	GERD	-0.599821104165956	0.819565643280622	26	26	0.471330589652061	0.907787788614775
K09928	group	GERD	-0.530447957192302	0.845749205221064	26	24	0.536454483276359	0.907787788614775
K09929	group	GERD	-0.191889936996083	0.324583215734974	26	26	0.559921366506811	0.907787788614775
K09930	group	GERD	-0.184025507583105	0.319580884409326	26	26	0.570088173930389	0.907787788614775
K09934	group	GERD	-0.26047887480836	0.224698076949252	26	3	0.257762708994305	0.907787788614775
K09935	group	GERD	-0.562446603630099	0.43515718718074	26	26	0.208485363494072	0.907787788614775
K09937	group	GERD	-0.371692086261971	0.738608969720641	26	25	0.61938821735123	0.907787788614775
K09939	group	GERD	0.649094362805749	0.850553639964641	26	15	0.452814562892666	0.907787788614775
K09941	group	GERD	-0.643873369228442	0.86300923816897	26	26	0.462865274266575	0.907787788614775
K09942	group	GERD	1.22059772979776	0.575429111018203	26	5	0.0444289147658641	0.907787788614775
K09943	group	GERD	-0.466862747918183	0.598812192896688	26	26	0.443219087656783	0.907787788614775
K09945	group	GERD	-0.198258921294562	0.231918599276785	26	3	0.401079750718765	0.907787788614775
K09946	group	GERD	-0.228239796283434	0.321286619555415	26	26	0.484306875041992	0.907787788614775
K09947	group	GERD	0.135667536060611	0.218192256883481	26	4	0.539948832866115	0.907787788614775
K09949	group	GERD	0.30872290573587	0.280555947744413	26	26	0.282074240132154	0.907787788614775
K09952	group	GERD	0.242630607086954	0.125941834452336	26	26	0.0659605270080005	0.907787788614775
K09954	group	GERD	-1.12921801995633	0.705256918953495	26	25	0.122427145725104	0.907787788614775
K09956	group	GERD	0.289018894037811	0.289594913574242	26	26	0.328230694136017	0.907787788614775
K09958	group	GERD	-0.346145677019014	0.459932069285379	26	4	0.459008037822815	0.907787788614775
K09959	group	GERD	-0.815409373361844	0.452631364050178	26	6	0.0842040526123334	0.907787788614775
K09960	group	GERD	0.331824589978651	0.669139040113259	26	14	0.624477339778642	0.907787788614775
K09963	group	GERD	0.266544332098729	0.192359263027057	26	26	0.178593911977679	0.907787788614775
K09964	group	GERD	1.41593353520788	0.646196977225667	26	25	0.038383569268457	0.907787788614775
K09965	group	GERD	-0.198258921294562	0.231918599276785	26	3	0.401079750718765	0.907787788614775
K09966	group	GERD	0.831248942601196	0.536544652825649	26	4	0.134405612651803	0.907787788614775
K09967	group	GERD	-0.186917609032717	0.352630510030268	26	3	0.600936037946648	0.907787788614775
K09973	group	GERD	0.47101887563807	0.725877628880533	26	25	0.522567265731706	0.907787788614775
K09974	group	GERD	-0.18587367109681	0.369992743408197	26	26	0.619984918300992	0.907787788614775
K09975	group	GERD	-0.206748201937821	0.369490049033979	26	26	0.580971403433067	0.907787788614775
K09976	group	GERD	-0.18289443786141	0.352711319614953	26	26	0.608830785698635	0.907787788614775
K09977	group	GERD	-0.622160144298366	0.82771940234022	26	26	0.459566223632045	0.907787788614775
K09978	group	GERD	-1.59226683297287	0.733239747695311	26	11	0.0399995467705155	0.907787788614775
K09979	group	GERD	-0.543574360315544	0.542731250677521	26	26	0.326551064548276	0.907787788614775
K09981	group	GERD	-1.4637893498179	1.01836036291877	26	11	0.163515848915152	0.907787788614775
K09984	group	GERD	-0.297175511558178	0.342027777354186	26	4	0.393527878825772	0.907787788614775
K09988	group	GERD	0.233677274501577	0.41100402310962	26	26	0.574942044171092	0.907787788614775
K09989	group	GERD	0.816724282579281	0.978702132816138	26	23	0.412230589788559	0.907787788614775
K09990	group	GERD	-0.309225749868458	0.260597946221001	26	3	0.246998836825233	0.907787788614775
K09997	group	GERD	-0.246582738645429	0.390469437787385	26	26	0.533680730235631	0.907787788614775
K09998	group	GERD	-0.247465554931568	0.390380461149423	26	26	0.532136206501537	0.907787788614775
K09999	group	GERD	-0.247465554931568	0.390380461149423	26	26	0.532136206501537	0.907787788614775
K10000	group	GERD	-0.247465554931568	0.390380461149423	26	26	0.532136206501537	0.907787788614775
K10001	group	GERD	0.693622560302371	1.03121858829578	26	23	0.507611388098216	0.907787788614775
K10002	group	GERD	0.642039592251844	0.971206441415309	26	23	0.514861239699513	0.907787788614775
K10003	group	GERD	0.642039592251844	0.971206441415309	26	23	0.514861239699513	0.907787788614775
K10004	group	GERD	0.642039592251844	0.971206441415309	26	23	0.514861239699513	0.907787788614775
K10009	group	GERD	-0.122067603127564	0.216177700371181	26	26	0.577542929702403	0.907787788614775
K10010	group	GERD	-0.179253857937802	0.251755647508963	26	26	0.483319950315341	0.907787788614775
K10011	group	GERD	1.30127982968167	0.667610664393355	26	19	0.0630567400520545	0.907787788614775
K10012	group	GERD	0.427393792789197	0.712068681425314	26	24	0.553989236611676	0.907787788614775
K10027	group	GERD	-0.713645552990852	0.467901867608597	26	26	0.140279309667758	0.907787788614775
K10038	group	GERD	-0.348658349282553	0.449670358949873	26	26	0.445697613825161	0.907787788614775
K10039	group	GERD	-0.23826806326383	0.392503717756567	26	26	0.549520463406982	0.907787788614775
K10040	group	GERD	-0.237515857966067	0.393816626241067	26	26	0.552091106300678	0.907787788614775
K10041	group	GERD	-0.238694698726965	0.392384741347121	26	26	0.548691011823473	0.907787788614775
K10094	group	GERD	-0.221620843220976	0.376341676377298	26	26	0.561442714741151	0.907787788614775
K10108	group	GERD	0.766454266335297	0.920112822406728	26	21	0.413057831535944	0.907787788614775
K10109	group	GERD	0.743942102959928	0.925212261383203	26	21	0.42924545010369197	0.907787788614775
K10110	group	GERD	0.743942102959928	0.925212261383203	26	21	0.42924545010369197	0.907787788614775
K10111	group	GERD	0.724194262039153	0.928546791460693	26	21	0.443060738558159	0.907787788614775
K10112	group	GERD	0.172736879934574	0.176693808533473	26	26	0.338021411969059	0.907787788614775
K10117	group	GERD	0.334093557874975	0.276170067279121	26	26	0.238160828568596	0.907787788614775
K10118	group	GERD	0.281887746255302	0.247329586986012	26	26	0.265648351422614	0.907787788614775
K10119	group	GERD	0.369609564493286	0.270826845461065	26	26	0.184992800452416	0.907787788614775
K10120	group	GERD	0.403008740965815	0.390114118935376	26	26	0.311877147736168	0.907787788614775
K10121	group	GERD	0.403008740965815	0.390114118935376	26	26	0.311877147736168	0.907787788614775
K10122	group	GERD	0.403008740965815	0.390114118935376	26	26	0.311877147736168	0.907787788614775
K10125	group	GERD	-0.149767516301696	0.173219443651073	26	3	0.395811964025164	0.907787788614775
K10126	group	GERD	-0.139945836033842	0.178813790835432	26	3	0.441496125112658	0.907787788614775
K10188	group	GERD	0.321555608654849	0.410247568046194	26	26	0.440819800842303	0.907787788614775
K10189	group	GERD	0.320598591965651	0.410388416910463	26	26	0.44231875913431	0.907787788614775
K10190	group	GERD	0.320598591965651	0.410388416910463	26	26	0.44231875913431	0.907787788614775
K10192	group	GERD	-0.680762790349055	0.521122223751794	26	24	0.203818438496829	0.907787788614775
K10193	group	GERD	-0.680762790349055	0.521122223751794	26	24	0.203818438496829	0.907787788614775
K10194	group	GERD	-0.680762790349055	0.521122223751794	26	24	0.203818438496829	0.907787788614775
K10202	group	GERD	0.344726284634407	0.367012265294162	26	26	0.356946215211859	0.907787788614775
K10206	group	GERD	0.398174339703743	0.289871554408407	26	26	0.182254624258229	0.907787788614775
K10217	group	GERD	-0.331761969831415	0.366849410840969	26	4	0.374796255272256	0.907787788614775
K10218	group	GERD	0.475387330313634	0.653932463305834	26	7	0.474278053594905	0.907787788614775
K10219	group	GERD	0.616887563995464	0.614560260493996	26	6	0.325495147792155	0.907787788614775
K10220	group	GERD	0.517603427708906	0.526141284061029	26	6	0.335041584817194	0.907787788614775
K10221	group	GERD	0.616887563995464	0.614560260493996	26	6	0.325495147792155	0.907787788614775
K10231	group	GERD	0.642793901070106	0.837181717346907	26	23	0.450090696225169	0.907787788614775
K10238	group	GERD	0.601637039324934	0.78421945963274	26	23	0.450456611447151	0.907787788614775
K10240	group	GERD	1.0067549754561	0.668374792622081	26	6	0.145046936817679	0.907787788614775
K10241	group	GERD	1.0067549754561	0.668374792622081	26	6	0.145046936817679	0.907787788614775
K10242	group	GERD	1.0067549754561	0.668374792622081	26	6	0.145046936817679	0.907787788614775
K10254	group	GERD	0.151218463531592	0.225263749581385	26	26	0.508442705443516	0.907787788614775
K10255	group	GERD	0.338983433036669	0.322361779666806	26	3	0.303473782323148	0.907787788614775
K10353	group	GERD	0.0727926588356713	0.138296016710326	26	3	0.603473132104791	0.907787788614775
K10380	group	GERD	0.320972794844591	0.57775498727406	26	8	0.583659446033989	0.907787788614775
K10439	group	GERD	0.233897465356226	0.144001394548847	26	26	0.117380274969638	0.907787788614775
K10440	group	GERD	0.373814662304018	0.266297332380733	26	26	0.173201344600949	0.907787788614775
K10441	group	GERD	0.375082694673785	0.265124275481591	26	26	0.169987917155197	0.907787788614775
K10530	group	GERD	-0.437297055098131	0.46419161300962	26	26	0.35554800206617	0.907787788614775
K10533	group	GERD	-0.399041546669548	0.417899378529538	26	4	0.349160775034426	0.907787788614775
K10536	group	GERD	-0.428940226481121	0.439006385657888	26	26	0.338280841174951	0.907787788614775
K10537	group	GERD	-0.26047887480836	0.224698076949252	26	3	0.257762708994305	0.907787788614775
K10538	group	GERD	-0.26047887480836	0.224698076949252	26	3	0.257762708994305	0.907787788614775
K10539	group	GERD	-0.26047887480836	0.224698076949252	26	3	0.257762708994305	0.907787788614775
K10543	group	GERD	1.36619335974353	0.753632921146411	26	20	0.0823893116496084	0.907787788614775
K10546	group	GERD	0.611939735942883	0.327147712293088	26	26	0.0736542017444779	0.907787788614775
K10547	group	GERD	0.573915610260941	0.346726006394657	26	26	0.110895175574089	0.907787788614775
K10548	group	GERD	0.575250260280873	0.346951114028669	26	26	0.110329497364714	0.907787788614775
K10549	group	GERD	0.620509123111194	0.748768739422314	26	21	0.415436704300975	0.907787788614775
K10550	group	GERD	0.620509123111194	0.748768739422314	26	21	0.415436704300975	0.907787788614775
K10551	group	GERD	0.620509123111194	0.748768739422314	26	21	0.415436704300975	0.907787788614775
K10555	group	GERD	0.761896767184917	0.738975115658776	26	25	0.312811086244838	0.907787788614775
K10556	group	GERD	0.761896767184917	0.738975115658776	26	25	0.312811086244838	0.907787788614775
K10557	group	GERD	0.761896767184917	0.738975115658776	26	25	0.312811086244838	0.907787788614775
K10558	group	GERD	0.761896767184917	0.738975115658776	26	25	0.312811086244838	0.907787788614775
K10559	group	GERD	0.991530025474092	0.707737536833572	26	22	0.174016706965577	0.907787788614775
K10560	group	GERD	0.469858203077777	0.428253298774033	26	3	0.283462344275559	0.907787788614775
K10561	group	GERD	0.991530025474092	0.707737536833572	26	22	0.174016706965577	0.907787788614775
K10562	group	GERD	0.916205422819979	0.728748184288763	26	22	0.220767172908068	0.907787788614775
K10672	group	GERD	-0.199299342922599	0.320098483647836	26	26	0.539406420140853	0.907787788614775
K10678	group	GERD	-0.773095673104034	0.765097480942019	26	26	0.322357327062184	0.907787788614775
K10679	group	GERD	-0.999081145802326	0.654892795394173	26	26	0.140189665022298	0.907787788614775
K10681	group	GERD	-0.276244710308312	0.452513094316428	26	26	0.547289887121645	0.907787788614775
K10682	group	GERD	-0.276244710308312	0.452513094316428	26	26	0.547289887121645	0.907787788614775
K10709	group	GERD	0.598051204802914	0.533333663529826	26	26	0.273235767896981	0.907787788614775
K10713	group	GERD	-0.287306216048975	0.244083475335543	26	3	0.250705019588771	0.907787788614775
K10716	group	GERD	0.363197034043407	0.208481961118915	26	26	0.0942937012375992	0.907787788614775
K10742	group	GERD	-0.292595260825478	0.484459343182462	26	6	0.551535355661045	0.907787788614775
K10747	group	GERD	-0.21927061068697	0.315046149482663	26	26	0.493117399224341	0.907787788614775
K10750	group	GERD	-0.305707522735689	0.417142331026644	26	3	0.470740812529729	0.907787788614775
K10763	group	GERD	-0.189976673149595	0.319027638874879	26	26	0.557092488048161	0.907787788614775
K10764	group	GERD	-0.672326182675049	0.804156425915554	26	26	0.411365978168603	0.907787788614775
K10771	group	GERD	-0.387585880786095	0.490742940126418	26	26	0.437382168095359	0.907787788614775
K10773	group	GERD	-0.0342207832003392	0.0194676499897535	26	26	0.0915261943806498	0.907787788614775
K10778	group	GERD	-0.173889480779882	0.285890992539662	26	26	0.548743831377315	0.907787788614775
K10793	group	GERD	-0.416762693064468	0.379842605946821	26	26	0.283441718790408	0.907787788614775
K10794	group	GERD	-0.421514155601275	0.37111425648784	26	26	0.267252752204696	0.907787788614775
K10795	group	GERD	-0.311776188391931	0.351914338251613	26	26	0.384439239388421	0.907787788614775
K10796	group	GERD	-0.311776188391931	0.351914338251613	26	26	0.384439239388421	0.907787788614775
K10797	group	GERD	1.42114245769182	0.692946647910766	26	20	0.0513507746638362	0.907787788614775
K10806	group	GERD	-0.188544374040874	0.314387909241444	26	26	0.554313974852003	0.907787788614775
K10819	group	GERD	-0.419916508366681	0.307185074550428	26	26	0.184299797935149	0.907787788614775
K10823	group	GERD	0.0853411513811339	0.073890232190768	26	26	0.259472243499139	0.907787788614775
K10824	group	GERD	0.369518350734623	0.333964841238163	26	26	0.279495661960088	0.907787788614775
K10831	group	GERD	-0.309225749868458	0.260597946221001	26	3	0.246998836825233	0.907787788614775
K10843	group	GERD	-0.336896656749842	0.388268146230403	26	26	0.394157099325359	0.907787788614775
K10907	group	GERD	0.451413703912453	0.222634276164181	26	26	0.0538436465784928	0.907787788614775
K10915	group	GERD	-0.26047887480836	0.224698076949252	26	3	0.257762708994305	0.907787788614775
K10916	group	GERD	-0.26047887480836	0.224698076949252	26	3	0.257762708994305	0.907787788614775
K10918	group	GERD	-0.26047887480836	0.224698076949252	26	3	0.257762708994305	0.907787788614775
K10947	group	GERD	-0.0979683941368086	0.175619623842894	26	26	0.582117493056179	0.907787788614775
K10960	group	GERD	0.477982804750599	0.448242655025785	26	4	0.296876412012261	0.907787788614775
K10979	group	GERD	-1.34141901073023	1.31736695709162	26	18	0.318711120946524	0.907787788614775
K11003	group	GERD	-0.433714814381993	0.833081470666274	26	22	0.607405081105348	0.907787788614775
K11014	group	GERD	-0.665938624867289	0.819171601392427	26	5	0.42424303710368	0.907787788614775
K11016	group	GERD	-0.54213238836805	0.778802124859126	26	23	0.493046447095488	0.907787788614775
K11017	group	GERD	-0.565553352871713	0.778806889634841	26	26	0.474752004364611	0.907787788614775
K11031	group	GERD	-0.381900021575943	0.152359454054088	26	26	0.0193685633439917	0.907787788614775
K11045	group	GERD	0.9884933547573	0.623391262552007	26	11	0.125903326204639	0.907787788614775
K11066	group	GERD	0.216693871728522	0.309852442868204	26	26	0.491059207814947	0.907787788614775
K11069	group	GERD	-0.166547021654448	0.139399084493098	26	26	0.243858676444552	0.907787788614775
K11070	group	GERD	-0.145797206001521	0.119186729797165	26	26	0.23310437018414	0.907787788614775
K11071	group	GERD	-0.176742970031955	0.138006274602123	26	26	0.212541988502565	0.907787788614775
K11072	group	GERD	-0.189673253679199	0.146593142995481	26	26	0.208022110655836	0.907787788614775
K11073	group	GERD	-0.642901163039313	0.853049259419976	26	26	0.458389500398859	0.907787788614775
K11074	group	GERD	-0.622648067771242	0.827766175860367	26	26	0.459243391690487	0.907787788614775
K11075	group	GERD	-0.622648067771242	0.827766175860367	26	26	0.459243391690487	0.907787788614775
K11076	group	GERD	-0.622264339483907	0.827814243167929	26	26	0.45954275666159	0.907787788614775
K11089	group	GERD	-0.766421608860521	0.830388937732299	26	26	0.365210945193363	0.907787788614775
K11102	group	GERD	0.965573473111267	0.498743150434456	26	26	0.0647295879926886	0.907787788614775
K11103	group	GERD	-0.36469090791974	0.524738933728698	26	26	0.493732866979896	0.907787788614775
K11104	group	GERD	0.538767463667841	0.422568316520107	26	26	0.214520491400312	0.907787788614775
K11105	group	GERD	-0.74365909890675	0.379275472806613	26	26	0.061615238270368	0.907787788614775
K11106	group	GERD	0.259318068166739	0.324222073967222	26	26	0.431662999252245	0.907787788614775
K11107	group	GERD	-0.192117356246169	0.318092907461518	26	26	0.551532932681323	0.907787788614775
K11144	group	GERD	-0.181935213703783	0.352521987551487	26	26	0.610509821457724	0.907787788614775
K11175	group	GERD	-0.0247594309875313	0.0514108514757849	26	26	0.634452960021961	0.907787788614775
K11179	group	GERD	-0.247426251132945	0.388997431966924	26	26	0.530755938335029	0.907787788614775
K11183	group	GERD	-0.249055140789078	0.359295345377069	26	26	0.494852802932248	0.907787788614775
K11184	group	GERD	0.645429535620054	0.335143572166108	26	26	0.0660520683012075	0.907787788614775
K11189	group	GERD	0.0641320186489603	0.0790321491283311	26	26	0.425072376976389	0.907787788614775
K11202	group	GERD	-0.245548009240539	0.364047484063777	26	26	0.506442805545336	0.907787788614775
K11203	group	GERD	0.252566980310931	0.316469464156394	26	26	0.432652204845328	0.907787788614775
K11209	group	GERD	0.562292305973117	0.522611622407591	26	26	0.292657074417162	0.907787788614775
K11210	group	GERD	0.485885082403267	0.646778895658774	26	13	0.459812764543461	0.907787788614775
K11211	group	GERD	-0.246885597077387	0.39037293740691	26	26	0.533082038260687	0.907787788614775
K11214	group	GERD	0.327937607312113	0.567396611005307	26	8	0.568668935532126	0.907787788614775
K11216	group	GERD	0.809964536133305	0.749744046601583	26	25	0.290736193190742	0.907787788614775
K11249	group	GERD	-0.47763443967263	0.609343774116451	26	26	0.440795713897251	0.907787788614775
K11250	group	GERD	1.00253676211732	0.832051353702677	26	24	0.239989989381058	0.907787788614775
K11258	group	GERD	-0.249291277772489	0.39023926972102	26	26	0.528992290114395	0.907787788614775
K11261	group	GERD	-0.911478052459035	0.692323152275309	26	26	0.200424347746079	0.907787788614775
K11263	group	GERD	0.263100153299113	0.280952736750346	26	26	0.358366292392514	0.907787788614775
K11312	group	GERD	0.79025604010446	0.444250711051629	26	26	0.0879349245832693	0.907787788614775
K11329	group	GERD	0.338473761810693	0.236703303776494	26	6	0.165621641163274	0.907787788614775
K11358	group	GERD	0.42364530640137	0.306533532747797	26	26	0.179684813087208	0.907787788614775
K11381	group	GERD	0.273309220700819	0.31802087020257	26	26	0.398619357280096	0.907787788614775
K11382	group	GERD	-0.147231787313861	0.305536999916808	26	26	0.63425732287651	0.907787788614775
K11387	group	GERD	-0.39278536728552	0.780803500833201	26	24	0.619512732551279	0.907787788614775
K11444	group	GERD	-0.26047887480836	0.224698076949252	26	3	0.257762708994305	0.907787788614775
K11530	group	GERD	0.414214200594603	0.562538351990235	26	10	0.468666216962137	0.907787788614775
K11531	group	GERD	0.358922716055717	0.762267348482325	26	18	0.641990907858353	0.907787788614775
K11533	group	GERD	0.476234268440532	0.303926665700656	26	26	0.1302207381975	0.907787788614775
K11534	group	GERD	0.414214200594603	0.562538351990235	26	10	0.468666216962137	0.907787788614775
K11535	group	GERD	-0.903758728891112	0.623771017695041	26	3	0.16031669858413	0.907787788614775
K11537	group	GERD	-0.73043275831992	0.508931334881419	26	26	0.164127005121798	0.907787788614775
K11601	group	GERD	0.280108771590636	0.352195334759079	26	26	0.434221804568868	0.907787788614775
K11602	group	GERD	0.254657606262198	0.345492951824899	26	26	0.468215905035871	0.907787788614775
K11603	group	GERD	0.253150746038049	0.346737786616705	26	26	0.47240036172824	0.907787788614775
K11604	group	GERD	-0.221487482995461	0.365380753907613	26	26	0.550084503154793	0.907787788614775
K11605	group	GERD	-0.221487482995461	0.365380753907613	26	26	0.550084503154793	0.907787788614775
K11606	group	GERD	-0.221487482995461	0.365380753907613	26	26	0.550084503154793	0.907787788614775
K11615	group	GERD	0.850606823549907	0.315075827322515	26	26	0.012515596450717	0.907787788614775
K11616	group	GERD	-0.26047887480836	0.224698076949252	26	3	0.257762708994305	0.907787788614775
K11645	group	GERD	0.634564143631433	0.763027008876159	26	26	0.413810189581629	0.907787788614775
K11688	group	GERD	-0.235643552918895	0.419396179936499	26	26	0.57941873838492	0.907787788614775
K11689	group	GERD	-0.294560085737055	0.467146932999897	26	26	0.53429271899711706	0.907787788614775
K11690	group	GERD	0.542784625280929	0.268280631358377	26	26	0.0543275087514659	0.907787788614775
K11692	group	GERD	1.17240938703413	0.346873165833885	26	26	0.00247668607550181	0.907787788614775
K11694	group	GERD	-1.28136380798701	0.760002608884831	26	10	0.104755135887951	0.907787788614775
K11695	group	GERD	-1.28136380798701	0.760002608884831	26	10	0.104755135887951	0.907787788614775
K11704	group	GERD	-0.217565447415162	0.381325851692356	26	26	0.573608342975181	0.907787788614775
K11705	group	GERD	-0.21557992148037	0.381266510827981	26	26	0.577028982131431	0.907787788614775
K11706	group	GERD	-0.217509891362914	0.381329028208461	26	26	0.573708728671572	0.907787788614775
K11707	group	GERD	0.241250683590519	0.24428367190172	26	26	0.333208940257171	0.907787788614775
K11708	group	GERD	0.238561788997415	0.243486427005245	26	26	0.336971428933862	0.907787788614775
K11709	group	GERD	0.237448709795836	0.241728256696887	26	26	0.33575344732974	0.907787788614775
K11710	group	GERD	0.238531971410473	0.243486139088472	26	26	0.337030097528726	0.907787788614775
K11711	group	GERD	0.419280034690487	0.528575282371904	26	5	0.435418123845896	0.907787788614775
K11712	group	GERD	0.419280034690487	0.528575282371904	26	5	0.435418123845896	0.907787788614775
K11731	group	GERD	-0.26047887480836	0.224698076949252	26	3	0.257762708994305	0.907787788614775
K11733	group	GERD	0.133732351153993	0.192058220928104	26	26	0.492922863790341	0.907787788614775
K11737	group	GERD	0.158628888056446	0.215456282997193	26	26	0.468716572098397	0.907787788614775
K11738	group	GERD	0.277849294434454	0.289607803199119	26	26	0.34692432904231	0.907787788614775
K11740	group	GERD	-0.37049407297679	0.449231302958223	26	4	0.417647439235633	0.907787788614775
K11741	group	GERD	-0.373634952264653	0.407257494912946	26	26	0.368039412781873	0.907787788614775
K11746	group	GERD	-0.803315427021406	0.850550226203534	26	16	0.354343656708235	0.907787788614775
K11748	group	GERD	-0.911745236707573	1.05627980912381	26	24	0.396590118719028	0.907787788614775
K11749	group	GERD	-0.0351307722398401	0.0238864225275033	26	26	0.154351198360908	0.907787788614775
K11750	group	GERD	-0.792039872025139	0.425007005513496	26	4	0.0746597621801911	0.907787788614775
K11751	group	GERD	-0.228876304753418	0.384300265528017	26	26	0.55704004650051	0.907787788614775
K11753	group	GERD	-0.00948327485347283	0.0178902145374254	26	26	0.60092565757016	0.907787788614775
K11755	group	GERD	0.387738541579666	0.196273391215774	26	26	0.0598186613237889	0.907787788614775
K11782	group	GERD	0.286067481854505	0.414021962616274	26	26	0.496227686964484	0.907787788614775
K11783	group	GERD	-0.703214758446896	0.489799466719254	26	3	0.163988477020559	0.907787788614775
K11784	group	GERD	0.286067481854505	0.414021962616274	26	26	0.496227686964484	0.907787788614775
K11788	group	GERD	1.14134873502628	0.74792742979381	26	8	0.140077738078389	0.907787788614775
K11811	group	GERD	0.286505622493885	0.446094195535255	26	6	0.526796468527302	0.907787788614775
K11890	group	GERD	-0.26047887480836	0.224698076949252	26	3	0.257762708994305	0.907787788614775
K11897	group	GERD	1.12827066096728	1.05216000996834	26	18	0.294233355343488	0.907787788614775
K11902	group	GERD	1.13570960580871	1.05168189425872	26	18	0.290920724549226	0.907787788614775
K11905	group	GERD	-0.196038098408098	0.373754626436322	26	26	0.604735090614362	0.907787788614775
K11906	group	GERD	-0.19654043977676	0.373608476264466	26	26	0.603674319786907	0.907787788614775
K11910	group	GERD	-0.196038098408098	0.373754626436322	26	26	0.604735090614362	0.907787788614775
K11924	group	GERD	-0.583146919266011	0.894204939044338	26	18	0.520508207834319	0.907787788614775
K11927	group	GERD	0.207629561819937	0.270664510136752	26	26	0.450496876266364	0.907787788614775
K11932	group	GERD	-0.53528807916741	0.3855221690085	26	3	0.177745691509274	0.907787788614775
K11933	group	GERD	-1.55343475808559	0.704911687552644	26	19	0.0373815345265422	0.907787788614775
K11939	group	GERD	0.294633857742844	0.339337258542763	26	26	0.393850219743801	0.907787788614775
K12060	group	GERD	0.548067197163875	0.796306643447757	26	13	0.4978873698259	0.907787788614775
K12062	group	GERD	0.548067197163875	0.796306643447757	26	13	0.4978873698259	0.907787788614775
K12063	group	GERD	0.619495768592445	0.800277356525033	26	13	0.446429964796499	0.907787788614775
K12065	group	GERD	0.607852038286896	0.805812861909694	26	13	0.457986838220232	0.907787788614775
K12069	group	GERD	0.413611607194379	0.80911001457642	26	12	0.61388664707327	0.907787788614775
K12097	group	GERD	-0.211626238439452	0.420707134594274	26	4	0.619531916099261	0.907787788614775
K12136	group	GERD	-0.173441103438589	0.346857760798515	26	26	0.621604277594931	0.907787788614775
K12137	group	GERD	-0.173808440187761	0.345473155141299	26	26	0.619478229058831	0.907787788614775
K12138	group	GERD	-0.175724848363959	0.345558936695393	26	26	0.615729138109683	0.907787788614775
K12139	group	GERD	-0.199035473129768	0.367326384408215	26	26	0.592917977787212	0.907787788614775
K12140	group	GERD	-0.182520778778235	0.345154273456053	26	26	0.601794627745056	0.907787788614775
K12141	group	GERD	-0.178410498248427	0.345595569393127	26	26	0.610410343281911	0.907787788614775
K12142	group	GERD	-0.199035473129768	0.367326384408214	26	26	0.59291797778721	0.907787788614775
K12143	group	GERD	-0.191199765107252	0.362359860534376	26	26	0.602585754246336	0.907787788614775
K12144	group	GERD	-0.199035473129768	0.367326384408214	26	26	0.59291797778721	0.907787788614775
K12145	group	GERD	-0.199035473129768	0.367326384408214	26	26	0.59291797778721	0.907787788614775
K12251	group	GERD	-0.224887617679644	0.128007628102381	26	26	0.091699807254681	0.907787788614775
K12257	group	GERD	-0.236068030391502	0.129618368502108	26	26	0.0810580140075827	0.907787788614775
K12262	group	GERD	-0.757923818033642	0.798583633989472	26	26	0.352037181799379	0.907787788614775
K12267	group	GERD	-0.0448763942525466	0.0473054138744416	26	26	0.352252790796605	0.907787788614775
K12268	group	GERD	-0.192369829746856	0.40896924368876	26	26	0.642332139239527	0.907787788614775
K12269	group	GERD	-0.192369829746856	0.40896924368876	26	26	0.642332139239527	0.907787788614775
K12270	group	GERD	-0.192369829746856	0.40896924368876	26	26	0.642332139239527	0.907787788614775
K12276	group	GERD	0.413611607194379	0.80911001457642	26	12	0.61388664707327	0.907787788614775
K12278	group	GERD	0.40274842525596	0.555007614403487	26	10	0.475062757798603	0.907787788614775
K12292	group	GERD	-0.394086820629104	0.457289448146788	26	26	0.397332978942597	0.907787788614775
K12293	group	GERD	-0.393348473451	0.465611404592832	26	26	0.406565690418073	0.907787788614775
K12295	group	GERD	-0.304177421236636	0.430794657804617	26	26	0.486933903099122	0.907787788614775
K12296	group	GERD	-0.301865091385729	0.420682433532732	26	26	0.479954966610988	0.907787788614775
K12339	group	GERD	0.688693905396656	0.984190660573838	26	23	0.490806908859388	0.907787788614775
K12340	group	GERD	-0.31086143645375103	0.261182049277207	26	26	0.245604440894213	0.907787788614775
K12343	group	GERD	-0.498827620980979	0.930895131725858	26	16	0.596988387291857	0.907787788614775
K12349	group	GERD	0.562075941480582	0.61084760879193	26	25	0.366647380849214	0.907787788614775
K12368	group	GERD	-0.259464356645772	0.405772356724689	26	26	0.528597874358285	0.907787788614775
K12369	group	GERD	-0.26963959793108	0.40016713489589	26	26	0.506865638305765	0.907787788614775
K12370	group	GERD	-0.26963959793108	0.40016713489589	26	26	0.506865638305765	0.907787788614775
K12371	group	GERD	-0.26963959793108	0.40016713489589	26	26	0.506865638305765	0.907787788614775
K12372	group	GERD	-0.26963959793108	0.40016713489589	26	26	0.506865638305765	0.907787788614775
K12373	group	GERD	-0.251553127343184	0.144646877003944	26	26	0.0948330185080124	0.907787788614775
K12428	group	GERD	-0.368248087413417	0.779820346856645	26	24	0.641034151558915	0.907787788614775
K12437	group	GERD	-0.368248087413417	0.779820346856645	26	24	0.641034151558915	0.907787788614775
K12452	group	GERD	0.318296979261812	0.282457721981292	26	26	0.270933068869693	0.907787788614775
K12472	group	GERD	0.689154737821612	0.666639241520881	26	26	0.311546692256631	0.907787788614775
K12500	group	GERD	-0.622160144298366	0.82771940234022	26	26	0.459566223632045	0.907787788614775
K12503	group	GERD	0.285007446511784	0.284021157747592	26	26	0.325643619988516	0.907787788614775
K12506	group	GERD	0.236291762681035	0.307392751378713	26	26	0.449572168431221	0.907787788614775
K12507	group	GERD	0.358760588598493	0.509825813601023	26	14	0.488395870707732	0.907787788614775
K12509	group	GERD	0.414214200594603	0.562538351990235	26	10	0.468666216962137	0.907787788614775
K12510	group	GERD	0.268029474914746	0.224324670902297	26	26	0.243828537252196	0.907787788614775
K12511	group	GERD	0.267657279711725	0.240637453857938	26	26	0.277033727196951	0.907787788614775
K12512	group	GERD	0.414214200594603	0.562538351990235	26	10	0.468666216962137	0.907787788614775
K12513	group	GERD	0.414214200594603	0.562538351990235	26	10	0.468666216962137	0.907787788614775
K12514	group	GERD	0.414214200594603	0.562538351990235	26	10	0.468666216962137	0.907787788614775
K12515	group	GERD	0.414214200594603	0.562538351990235	26	10	0.468666216962137	0.907787788614775
K12516	group	GERD	0.20559806369637	0.406310663256217	26	26	0.617464792316624	0.907787788614775
K12541	group	GERD	-0.407050182780053	0.654246080961433	26	26	0.539698615062909	0.907787788614775
K12542	group	GERD	-0.409738671963117	0.653829499209667	26	26	0.536788253739254	0.907787788614775
K12543	group	GERD	-0.480025656572599	0.707206722100418	26	26	0.503781466800714	0.907787788614775
K12554	group	GERD	-0.301697207200495	0.362711062089882	26	26	0.413730817914407	0.907787788614775
K12573	group	GERD	-0.0603749636891881	0.0287514540747635	26	26	0.0464318058256554	0.907787788614775
K12574	group	GERD	0.077277729019994107	0.105333155667301	26	26	0.470268427055337	0.907787788614775
K12583	group	GERD	-0.717754422279624	0.862048388358683	26	25	0.413270922802415	0.907787788614775
K12585	group	GERD	-1.05666144150927	0.705014737600594	26	24	0.146970389155608	0.907787788614775
K12661	group	GERD	-0.543969296230622	0.299068590351591	26	3	0.0814307749040117	0.907787788614775
K12700	group	GERD	0.45499850915356	0.427482920797268	26	26	0.297754697519531	0.907787788614775
K12733	group	GERD	0.846196982842748	0.621895480598361	26	26	0.186259095710019	0.907787788614775
K12875	group	GERD	0.489055894037623	0.989438377317426	26	20	0.625605030476793	0.907787788614775
K12941	group	GERD	1.08548491108435	0.343507493826765	26	25	0.00423046887212208	0.907787788614775
K12943	group	GERD	0.830465407570668	0.885681560226775	26	6	0.357761661401991	0.907787788614775
K12950	group	GERD	0.33376913253936	0.29903652547552	26	26	0.275409447814467	0.907787788614775
K12952	group	GERD	0.114539769636303	0.222994358104915	26	26	0.612197435756115	0.907787788614775
K12954	group	GERD	0.546166637449207	0.350578750532534	26	26	0.132347072004134	0.907787788614775
K12960	group	GERD	-0.110547644582337	0.10979104701914	26	26	0.32403146014116	0.907787788614775
K12961	group	GERD	-0.53528807916741	0.3855221690085	26	3	0.177745691509274	0.907787788614775
K12962	group	GERD	0.202238921372073	0.339158505075227	26	26	0.556560421930158	0.907787788614775
K12975	group	GERD	0.925288628738911	0.777179289437012	26	13	0.245464463120425	0.907787788614775
K12979	group	GERD	-0.26047887480836	0.224698076949252	26	3	0.257762708994305	0.907787788614775
K12982	group	GERD	-0.246885597077387	0.39037293740691	26	26	0.533082038260687	0.907787788614775
K12984	group	GERD	-0.247965339150777	0.390260266313497	26	26	0.531189711970342	0.907787788614775
K12988	group	GERD	0.413611607194379	0.80911001457642	26	12	0.61388664707327	0.907787788614775
K12991	group	GERD	0.52519818160536	0.38503697575869	26	26	0.185217759477244	0.907787788614775
K12992	group	GERD	0.741903570133296	0.362106452335019	26	26	0.0515623926058863	0.907787788614775
K12995	group	GERD	-1.60428553857786	0.781977464511616	26	26	0.05127669454938	0.907787788614775
K12996	group	GERD	0.838184939947159	0.443698331380037	26	26	0.0710222544512757	0.907787788614775
K12997	group	GERD	0.437001154676109	0.399315244029768	26	26	0.284652187540217	0.907787788614775
K12998	group	GERD	0.361295742768887	0.521125345528334	26	26	0.494777321113133	0.907787788614775
K13004	group	GERD	1.30127982968167	0.667610664393355	26	19	0.0630567400520545	0.907787788614775
K13010	group	GERD	0.693162832887267	0.742360959891193	26	25	0.359744244313614	0.907787788614775
K13015	group	GERD	-0.484849903223349	0.600259438912327	26	26	0.427177461505694	0.907787788614775
K13018	group	GERD	-0.539598114703546	0.73602779584083	26	26	0.470584843564254	0.907787788614775
K13019	group	GERD	-0.600480584259016	0.628778884240633	26	26	0.349101263452513	0.907787788614775
K13020	group	GERD	0.745090343903972	1.04181232503302	26	23	0.481393754968237	0.907787788614775
K13038	group	GERD	-0.0160439318075247	0.0321076935113916	26	26	0.621842950741262	0.907787788614775
K13043	group	GERD	-0.930110242757456	0.738504854902986	26	25	0.219978952451932	0.907787788614775
K13049	group	GERD	0.600354034554704	0.430773430776034	26	26	0.176191063580177	0.907787788614775
K13052	group	GERD	-0.128361234962455	0.261711110442812	26	26	0.628256254457114	0.907787788614775
K13053	group	GERD	-0.53528807916741	0.3855221690085	26	3	0.177745691509274	0.907787788614775
K13059	group	GERD	-0.942428819323797	0.631238656207541	26	24	0.14847218847141	0.907787788614775
K13252	group	GERD	0.858739597120706	0.857204568725502	26	22	0.326438773968282	0.907787788614775
K13280	group	GERD	0.587302551517668	0.349767536223083	26	26	0.106102471816014	0.907787788614775
K13282	group	GERD	-1.00822216058554	1.09801458789553	26	12	0.367638559986823	0.907787788614775
K13283	group	GERD	-0.352970993648407	0.518633046756793	26	25	0.502651212861624	0.907787788614775
K13409	group	GERD	-0.337137454257877	0.682988112866771	26	6	0.626060797933959	0.907787788614775
K13421	group	GERD	-1.35485356513557	1.09878174028433	26	10	0.229498405124319	0.907787788614775
K13479	group	GERD	0.199952569120002	0.330413726554992	26	26	0.550753738728897	0.907787788614775
K13481	group	GERD	-0.179039838817571	0.333148777656403	26	3	0.595927852406611	0.907787788614775
K13482	group	GERD	-0.179039838817571	0.333148777656403	26	3	0.595927852406611	0.907787788614775
K13485	group	GERD	-0.343666731736177	0.432555469183271	26	4	0.434689100763361	0.907787788614775
K13486	group	GERD	-0.26047887480836	0.224698076949252	26	3	0.257762708994305	0.907787788614775
K13487	group	GERD	-0.26047887480836	0.224698076949252	26	3	0.257762708994305	0.907787788614775
K13488	group	GERD	-0.26047887480836	0.224698076949252	26	3	0.257762708994305	0.907787788614775
K13489	group	GERD	-0.26047887480836	0.224698076949252	26	3	0.257762708994305	0.907787788614775
K13490	group	GERD	-0.26047887480836	0.224698076949252	26	3	0.257762708994305	0.907787788614775
K13497	group	GERD	0.564425487213227	0.413770638333865	26	26	0.185192236480433	0.907787788614775
K13498	group	GERD	0.128285857177259	0.223265023842896	26	26	0.570915854344923	0.907787788614775
K13522	group	GERD	-0.812550337542901	0.739071347915275	26	24	0.282491106491526	0.907787788614775
K13527	group	GERD	0.285773468084277	0.281906913273608	26	26	0.320829760269372	0.907787788614775
K13529	group	GERD	-0.395853113550678	0.32992998249963	26	3	0.241923985967911	0.907787788614775
K13531	group	GERD	0.0727926588356713	0.138296016710326	26	3	0.603473132104791	0.907787788614775
K13541	group	GERD	0.278412225425598	0.277775427856701	26	3	0.326201412370078	0.907787788614775
K13570	group	GERD	0.411849427164043	0.328564599575345	26	26	0.222104741151213	0.907787788614775
K13571	group	GERD	0.285976654561268	0.281870601486431	26	26	0.320431853612464	0.907787788614775
K13572	group	GERD	0.505747201963435	0.337032393373874	26	26	0.146503908731827	0.907787788614775
K13573	group	GERD	0.584804042211158	0.337592984758645	26	26	0.0960592216422514	0.907787788614775
K13598	group	GERD	-0.247965636645789	0.366269632932511	26	6	0.504877788466379	0.907787788614775
K13599	group	GERD	-0.532533933138819	0.604289792308067	26	25	0.386919924178476	0.907787788614775
K13622	group	GERD	0.709608967493239	0.47186068338708	26	26	0.14566592566741	0.907787788614775
K13626	group	GERD	0.341547458309788	0.299968130453738	26	26	0.266103236319764	0.907787788614775
K13628	group	GERD	-0.347070910461275	0.296435959641962	26	26	0.25316839844815	0.907787788614775
K13634	group	GERD	-0.183841426167066	0.311519116215837	26	26	0.56060951909437	0.907787788614775
K13635	group	GERD	0.704856606023169	0.964727620083155	26	23	0.472079519503834	0.907787788614775
K13637	group	GERD	-0.667580203095557	1.01537036933362	26	21	0.517132405748702	0.907787788614775
K13640	group	GERD	0.297092506527277	0.262086263949665	26	26	0.268172879983581	0.907787788614775
K13643	group	GERD	0.136059568724693	0.196738424603868	26	26	0.495839880480346	0.907787788614775
K13651	group	GERD	0.611980593267156	0.862989563457711	26	25	0.485069939444152	0.907787788614775
K13652	group	GERD	-0.702872328847952	0.651489111409832	26	25	0.291369543983071	0.907787788614775
K13653	group	GERD	0.202681548212831	0.198357595523634	26	26	0.317066111520924	0.907787788614775
K13655	group	GERD	0.611980593267156	0.862989563457711	26	25	0.485069939444152	0.907787788614775
K13677	group	GERD	0.71563772343846	0.40009230132791	26	26	0.0862975956783926	0.907787788614775
K13678	group	GERD	-0.353563308549323	0.393042512376636	26	26	0.377294720467851	0.907787788614775
K13686	group	GERD	-0.368248087413417	0.779820346856645	26	24	0.641034151558915	0.907787788614775
K13687	group	GERD	-0.368248087413417	0.779820346856645	26	24	0.641034151558915	0.907787788614775
K13689	group	GERD	0.56704515606699	0.581995831213107	26	6	0.339620617968237	0.907787788614775
K13693	group	GERD	-0.708936278700396	0.550072951397063	26	4	0.209751391447168	0.907787788614775
K13694	group	GERD	0.28559175111217	0.268816216239116	26	26	0.29862571279598	0.907787788614775
K13695	group	GERD	-0.199055835833851	0.365552205063653	26	26	0.591097802356077	0.907787788614775
K13727	group	GERD	-0.567398108951693	0.877939841580435	26	3	0.524228265884826	0.907787788614775
K13732	group	GERD	0.634690514228403	0.533432931797674	26	26	0.245753797088368	0.907787788614775
K13745	group	GERD	-0.477346914409316	0.793708209085589	26	25	0.553203440947079	0.907787788614775
K13747	group	GERD	-0.0982343109454716	0.10451385008282	26	26	0.356624792827969	0.907787788614775
K13766	group	GERD	-0.701092284281498	0.643583127098728	26	25	0.286813994425907	0.907787788614775
K13774	group	GERD	-0.26047887480836	0.224698076949252	26	3	0.257762708994305	0.907787788614775
K13777	group	GERD	-0.26047887480836	0.224698076949252	26	3	0.257762708994305	0.907787788614775
K13778	group	GERD	-0.26047887480836	0.224698076949252	26	3	0.257762708994305	0.907787788614775
K13787	group	GERD	0.323369407284923	0.274315852777111	26	26	0.250024638084806	0.907787788614775
K13789	group	GERD	-0.0690690607428945	0.0639346285271355	26	26	0.290742240832191	0.907787788614775
K13818	group	GERD	0.299358693614359	0.331238865329589	26	26	0.375107936020737	0.907787788614775
K13832	group	GERD	-0.578866140891623	1.12929004290927	26	19	0.612921710542217	0.907787788614775
K13853	group	GERD	0.500000970953031	0.492307616498699	26	26	0.319936973066878	0.907787788614775
K13874	group	GERD	-0.26047887480836	0.224698076949252	26	3	0.257762708994305	0.907787788614775
K13888	group	GERD	0.208873701927889	0.201701498995048	26	26	0.310730343990514	0.907787788614775
K13889	group	GERD	-0.26047887480836	0.224698076949252	26	3	0.257762708994305	0.907787788614775
K13890	group	GERD	-0.26047887480836	0.224698076949252	26	3	0.257762708994305	0.907787788614775
K13891	group	GERD	-0.26047887480836	0.224698076949252	26	3	0.257762708994305	0.907787788614775
K13892	group	GERD	-0.26047887480836	0.224698076949252	26	3	0.257762708994305	0.907787788614775
K13893	group	GERD	-0.576801308709557	0.828500486063229	26	26	0.492991985520049	0.907787788614775
K13894	group	GERD	-0.576858895474344	0.828432959201491	26	26	0.492914338474083	0.907787788614775
K13896	group	GERD	-0.505182399809911	0.765810922915638	26	26	0.515746660733234	0.907787788614775
K13920	group	GERD	0.481452146135015	0.526111783695365	26	26	0.36923532533178	0.907787788614775
K13923	group	GERD	0.813614269062508	0.711069296709361	26	26	0.263819618009426	0.907787788614775
K13927	group	GERD	0.621560462818531	0.388103386425709	26	26	0.122340787839135	0.907787788614775
K13928	group	GERD	-0.26047887480836	0.224698076949252	26	3	0.257762708994305	0.907787788614775
K13929	group	GERD	-0.466243759254	0.59504933029598	26	4	0.440975658427411	0.907787788614775
K13930	group	GERD	-0.466243759254	0.59504933029598	26	4	0.440975658427411	0.907787788614775
K13931	group	GERD	-0.466243759254	0.59504933029598	26	4	0.440975658427411	0.907787788614775
K13932	group	GERD	-0.466243759254	0.59504933029598	26	4	0.440975658427411	0.907787788614775
K13933	group	GERD	-0.26047887480836	0.224698076949252	26	3	0.257762708994305	0.907787788614775
K13934	group	GERD	-0.466243759254	0.59504933029598	26	4	0.440975658427411	0.907787788614775
K13935	group	GERD	-0.466243759254	0.59504933029598	26	4	0.440975658427411	0.907787788614775
K13979	group	GERD	0.400346519304116	0.288341474996774	26	26	0.177754603794929	0.907787788614775
K13993	group	GERD	0.201097747361036	0.192528650416168	26	26	0.3066573901521	0.907787788614775
K14055	group	GERD	-0.220525455414136	0.374901441341864	26	26	0.561878086742003	0.907787788614775
K14058	group	GERD	-0.191131381106829	0.312588819679876	26	26	0.546652640340824	0.907787788614775
K14086	group	GERD	0.579477299918015	0.697636836870528	26	22	0.414370438464074	0.907787788614775
K14087	group	GERD	0.739407362811516	0.700838440898215	26	20	0.301916096027974	0.907787788614775
K14088	group	GERD	0.579477299918015	0.697636836870528	26	22	0.414370438464074	0.907787788614775
K14089	group	GERD	0.979784261359855	0.681370765853966	26	20	0.163357752359767	0.907787788614775
K14090	group	GERD	0.579477299918015	0.697636836870528	26	22	0.414370438464074	0.907787788614775
K14091	group	GERD	0.979784261359855	0.681370765853966	26	20	0.163357752359767	0.907787788614775
K14136	group	GERD	-0.368248087413417	0.779820346856645	26	24	0.641034151558915	0.907787788614775
K14155	group	GERD	0.0686598349025862	0.118383672922959	26	26	0.567335567450428	0.907787788614775
K14161	group	GERD	0.437437954824525	0.286209839105545	26	26	0.139491507640667	0.907787788614775
K14162	group	GERD	0.411559200386706	0.270256228138816	26	26	0.140865427630773	0.907787788614775
K14164	group	GERD	-0.847643420930908	0.601266496397591	26	9	0.171437518819955	0.907787788614775
K14170	group	GERD	0.176063718429133	0.163747017167113	26	26	0.292968240575311	0.907787788614775
K14187	group	GERD	-0.247465554931568	0.390380461149423	26	26	0.532136206501537	0.907787788614775
K14188	group	GERD	-0.250805459917276	0.295861860934548	26	26	0.404973823410765	0.907787788614775
K14192	group	GERD	-0.191845104594396	0.374657977792477	26	4	0.613293212690561	0.907787788614775
K14205	group	GERD	-0.344241922395069	0.279758738971285	26	26	0.230436009666665	0.907787788614775
K14260	group	GERD	-0.122287093004275	0.243199319229013	26	26	0.619669369993732	0.907787788614775
K14261	group	GERD	-0.243349753609726	0.456841502012628	26	26	0.599153905203521	0.907787788614775
K14267	group	GERD	-0.70649227693591	0.790680266355909	26	26	0.380449145477775	0.907787788614775
K14287	group	GERD	-1.10308488111673	0.96243170648873	26	25	0.263035422937646	0.907787788614775
K14335	group	GERD	-0.566202749181903	0.476700965256543	26	10	0.246553250391982	0.907787788614775
K14337	group	GERD	-0.532031216687211	0.834468833580738	26	24	0.529790651456471	0.907787788614775
K14338	group	GERD	-0.26047887480836	0.224698076949252	26	3	0.257762708994305	0.907787788614775
K14339	group	GERD	-0.419267039707016	0.797747216723771	26	24	0.604013813660867	0.907787788614775
K14392	group	GERD	-0.204704976786621	0.333421656827065	26	26	0.545023059574444	0.907787788614775
K14393	group	GERD	-0.651938505765045	0.708353588140882	26	26	0.36654497321635	0.907787788614775
K14414	group	GERD	-0.791074281112773	0.825104076159142	26	26	0.347240898928616	0.907787788614775
K14415	group	GERD	0.174567631524359	0.353908107169293	26	26	0.626314369646339	0.907787788614775
K14519	group	GERD	-0.297175511558178	0.342027777354186	26	4	0.393527878825772	0.907787788614775
K14534	group	GERD	-0.621550777491691	0.400304702018973	26	26	0.1335847418855	0.907787788614775
K14578	group	GERD	0.147502453133314	0.211452849603701	26	4	0.492151372055889	0.907787788614775
K14581	group	GERD	0.147502453133314	0.211452849603701	26	4	0.492151372055889	0.907787788614775
K14597	group	GERD	-0.515560485231418	0.802622149471322	26	16	0.526738045631907	0.907787788614775
K14645	group	GERD	0.325341975602328	0.550201932509632	26	26	0.559838959321489	0.907787788614775
K14666	group	GERD	-0.26047887480836	0.224698076949252	26	3	0.257762708994305	0.907787788614775
K14682	group	GERD	-0.366228093335867	0.611310671779393	26	26	0.554728558461078	0.907787788614775
K14743	group	GERD	-0.368248087413417	0.779820346856645	26	24	0.641034151558915	0.907787788614775
K14761	group	GERD	0.168421503223228	0.133066250361493	26	26	0.217771311775094	0.907787788614775
K14949	group	GERD	-0.368248087413417	0.779820346856645	26	24	0.641034151558915	0.907787788614775
K14977	group	GERD	-0.892588647533471	0.683116612104499	26	25	0.203717503289715	0.907787788614775
K14998	group	GERD	0.400084264364324	0.526481152468758	26	7	0.454702238798496	0.907787788614775
K15011	group	GERD	0.306225734154247	0.522527973111092	26	8	0.563315674776755	0.907787788614775
K15012	group	GERD	0.306225734154247	0.522527973111092	26	8	0.563315674776755	0.907787788614775
K15024	group	GERD	-0.650406173535704	0.506265936774237	26	26	0.211154672245623	0.907787788614775
K15034	group	GERD	0.388961188646242	0.278674616799273	26	26	0.175568510505178	0.907787788614775
K15067	group	GERD	-0.343812208141694	0.287620836999227	26	3	0.243622372617172	0.907787788614775
K15256	group	GERD	-0.152352737208148	0.190434131746954	26	26	0.431542337993567	0.907787788614775
K15257	group	GERD	-0.218863288501382	0.362267226103335	26	26	0.55141355431896	0.907787788614775
K15268	group	GERD	-0.767832120334529	0.572911575527046	26	7	0.192722152509496	0.907787788614775
K15269	group	GERD	0.677383291972459	0.815085951013963	26	26	0.414132997093994	0.907787788614775
K15270	group	GERD	-0.255141923975472	0.341680588946246	26	6	0.462481747514433	0.907787788614775
K15342	group	GERD	0.0683239649393344	0.108226638528303	26	26	0.533808485111322	0.907787788614775
K15372	group	GERD	-0.464197066758941	0.515393672440483	26	5	0.3767158647221	0.907787788614775
K15396	group	GERD	-0.246788493468238	0.390321966034777	26	26	0.533188776133532	0.907787788614775
K15460	group	GERD	-0.179944287083928	0.141548140172916	26	26	0.21581980214242	0.907787788614775
K15461	group	GERD	-0.17017059676411	0.349189346036728	26	26	0.630445907492746	0.907787788614775
K15495	group	GERD	0.467060266459553	0.292740872614564	26	3	0.12369176483402	0.907787788614775
K15515	group	GERD	-1.19244609862367	0.636523554487714	26	11	0.0732455983335038	0.907787788614775
K15524	group	GERD	-0.245667954000075	0.364276214788363	26	26	0.506501658456833	0.907787788614775
K15531	group	GERD	1.30127982968167	0.667610664393355	26	19	0.0630567400520545	0.907787788614775
K15532	group	GERD	-0.68989433086311	0.372005947140025	26	26	0.0759919441359514	0.907787788614775
K15533	group	GERD	0.628558719821772	0.380456824150901	26	26	0.11153595944271	0.907787788614775
K15534	group	GERD	1.30127982968167	0.667610664393355	26	19	0.0630567400520545	0.907787788614775
K15539	group	GERD	-0.164346733707164	0.309493298970614	26	26	0.600286104669719	0.907787788614775
K15540	group	GERD	-1.86771964706242	0.853709507135677	26	21	0.0386599867028314	0.907787788614775
K15545	group	GERD	-0.34857504978202	0.5182331494593	26	25	0.507612713870798	0.907787788614775
K15547	group	GERD	-0.26047887480836	0.224698076949252	26	3	0.257762708994305	0.907787788614775
K15549	group	GERD	-0.26047887480836	0.224698076949252	26	3	0.257762708994305	0.907787788614775
K15551	group	GERD	-0.309225749868458	0.260597946221001	26	3	0.246998836825233	0.907787788614775
K15552	group	GERD	-0.395853113550678	0.32992998249963	26	3	0.241923985967911	0.907787788614775
K15553	group	GERD	-0.243858798672361	0.23468189358087	26	26	0.309112468332592	0.907787788614775
K15554	group	GERD	-0.242803741510841	0.234488322185312	26	26	0.310774477937896	0.907787788614775
K15555	group	GERD	-0.220904890630435	0.209539135688539	26	26	0.302270571821552	0.907787788614775
K15577	group	GERD	0.554785226305491	0.716821253690606	26	7	0.446516618615639	0.907787788614775
K15578	group	GERD	0.554785226305491	0.716821253690606	26	7	0.446516618615639	0.907787788614775
K15581	group	GERD	0.0858226808206001	0.0814353025051528	26	26	0.302434740214419	0.907787788614775
K15582	group	GERD	0.0846100300059834	0.0818003691972688	26	26	0.311284242014193	0.907787788614775
K15584	group	GERD	0.418492449852926	0.375579868847617	26	26	0.276203698895272	0.907787788614775
K15585	group	GERD	0.425823421857203	0.375694194319629	26	26	0.268229124527754	0.907787788614775
K15586	group	GERD	0.325244380191221	0.298665668452321	26	26	0.286972224327742	0.907787788614775
K15587	group	GERD	0.3318970624758	0.352654010106959	26	26	0.356009990858696	0.907787788614775
K15634	group	GERD	0.137317019042043	0.0646762872940575	26	26	0.0442497317062954	0.907787788614775
K15669	group	GERD	0.336632509338479	0.38855410340079	26	26	0.394865098502998	0.907787788614775
K15723	group	GERD	-0.53528807916741	0.3855221690085	26	3	0.177745691509274	0.907787788614775
K15724	group	GERD	-0.190123376702609	0.319055911590403	26	26	0.556824956948062	0.907787788614775
K15725	group	GERD	-0.374353664809147	0.56819163959544	26	10	0.516263285222421	0.907787788614775
K15726	group	GERD	-1.02172319700714	0.582478464368385	26	26	0.0921766487967177	0.907787788614775
K15727	group	GERD	-0.994348067511365	0.694018339400105	26	25	0.164830120216976	0.907787788614775
K15734	group	GERD	0.9884933547573	0.623391262552007	26	11	0.125903326204639	0.907787788614775
K15738	group	GERD	-0.0647044704330594	0.0490790506200829	26	26	0.199823144133066	0.907787788614775
K15746	group	GERD	-1.36799191827659	0.873465598508443	26	23	0.130401329583835	0.907787788614775
K15770	group	GERD	0.11682655719589	0.201374953503765	26	26	0.567224633509949	0.907787788614775
K15772	group	GERD	0.168233065584616	0.194753191019288	26	26	0.396234265477936	0.907787788614775
K15777	group	GERD	-0.209155796995443	0.31501065238782	26	26	0.513041884021993	0.907787788614775
K15778	group	GERD	-0.47818366954322	0.64473124189420306	26	26	0.465478349009283	0.907787788614775
K15792	group	GERD	0.226084293982405	0.425959444645306	26	26	0.600459351587844	0.907787788614775
K15834	group	GERD	-0.224338436624266	0.475367569298549	26	26	0.641241984282872	0.907787788614775
K15855	group	GERD	0.782971522360218	1.02625013665898	26	15	0.452931146071915	0.907787788614775
K15856	group	GERD	-0.240166049523081	0.408617940186517	26	26	0.562188705882098	0.907787788614775
K15862	group	GERD	-0.782028666068168	0.608721775086735	26	24	0.211156820367563	0.907787788614775
K15866	group	GERD	0.348326355755684	0.573907998538865	26	26	0.549591619606007	0.907787788614775
K15895	group	GERD	-0.347604303048837	0.482821425908496	26	26	0.478512886705706	0.907787788614775
K15897	group	GERD	-0.371808684053438	0.488269312484464	26	26	0.453786842178102	0.907787788614775
K15915	group	GERD	-0.443917633084659	0.567986386922884	26	26	0.442113320663412	0.907787788614775
K15918	group	GERD	0.636119164068582	0.415726282813009	26	3	0.13905747577347	0.907787788614775
K15921	group	GERD	1.32280712959648	0.661025362592358	26	20	0.0568084258919229	0.907787788614775
K15923	group	GERD	-0.22438256849215	0.160765829166475	26	26	0.175581411982266	0.907787788614775
K15973	group	GERD	-0.825043853975446	0.572707962480943	26	26	0.162616929820509	0.907787788614775
K15974	group	GERD	-0.584654047031917	0.869871478289144	26	26	0.507929524024964	0.907787788614775
K15982	group	GERD	-0.392559083201789	0.32720527038122	26	3	0.241952992958231	0.907787788614775
K15984	group	GERD	-0.184772764719462	0.310739914565878	26	26	0.557661010275733	0.907787788614775
K15986	group	GERD	0.0637499824696968	0.092458809556793	26	26	0.497124185375474	0.907787788614775
K16014	group	GERD	0.140794459163463	0.222037919681537	26	26	0.532012827861275	0.907787788614775
K16066	group	GERD	-0.206203724372722	0.348740133823747	26	26	0.559859967068825	0.907787788614775
K16074	group	GERD	-0.958421928084802	0.530191582888867	26	6	0.0832056923017951	0.907787788614775
K16080	group	GERD	-0.26047887480836	0.224698076949252	26	3	0.257762708994305	0.907787788614775
K16087	group	GERD	-0.274039818747868	0.33746953526514	26	26	0.424748380975506	0.907787788614775
K16088	group	GERD	-0.521370358865505	0.760700025888957	26	26	0.499669814586029	0.907787788614775
K16089	group	GERD	-0.214371138194566	0.13655373638145	26	26	0.129537860392338	0.907787788614775
K16091	group	GERD	-0.823107493144169	0.464128659465559	26	26	0.088846441926843	0.907787788614775
K16092	group	GERD	0.24683939942212	0.231173805726793	26	26	0.2962495156944	0.907787788614775
K16130	group	GERD	0.470835744527741	0.397814816818089	26	7	0.248180232163499	0.907787788614775
K16147	group	GERD	0.456624332333424	0.322732265966136	26	26	0.16995093721513	0.907787788614775
K16148	group	GERD	0.456711489715472	0.322863593794603	26	26	0.170039589744674	0.907787788614775
K16149	group	GERD	0.594485573677462	0.427079769415174	26	26	0.17669538647465	0.907787788614775
K16153	group	GERD	-0.907146497316537	0.639177934407614	26	25	0.168687389031464	0.907787788614775
K16163	group	GERD	-0.686975485635792	0.621302209110688	26	10	0.279816401630854	0.907787788614775
K16165	group	GERD	0.705620414850837	0.98798326757803	26	23	0.481990864603433	0.907787788614775
K16169	group	GERD	-0.324723481236608	0.372238385918752	26	26	0.391659635066732	0.907787788614775
K16201	group	GERD	-1.02381164987466	0.68190829489603	26	12	0.146297430055516	0.907787788614775
K16202	group	GERD	-0.580879307211302	0.583100087224724	26	26	0.329095706607757	0.907787788614775
K16203	group	GERD	-0.336327279609446	0.487182447877724	26	26	0.496595547235032	0.907787788614775
K16209	group	GERD	0.479085245285154	0.440184113695072	26	26	0.28723885119277	0.907787788614775
K16210	group	GERD	-0.483709150028256	0.439160140719751	26	26	0.281628742955148	0.907787788614775
K16213	group	GERD	0.180628661344309	0.344733401617674	26	26	0.605107608526408	0.907787788614775
K16214	group	GERD	-0.52676197248726	0.273551389297973	26	26	0.0660767343419503	0.907787788614775
K16235	group	GERD	0.647149071858297	0.749901274210342	26	26	0.396691087590972	0.907787788614775
K16237	group	GERD	0.570625882804695	0.360133355130775	26	26	0.126173086242246	0.907787788614775
K16264	group	GERD	-0.0717294665933683	0.14433104865074	26	26	0.623726130573966	0.907787788614775
K16267	group	GERD	0.547653387557991	0.686754236262401	26	7	0.433008102612694	0.907787788614775
K16291	group	GERD	-1.01278324046188	0.766624011418814	26	23	0.198927612041165	0.907787788614775
K16299	group	GERD	-0.594317182651981	0.763631738174293	26	5	0.444011319040092	0.907787788614775
K16300	group	GERD	-0.211626238439452	0.420707134594274	26	4	0.619531916099261	0.907787788614775
K16301	group	GERD	0.138698119183847	0.221849651387156	26	26	0.53774622967206	0.907787788614775
K16320	group	GERD	0.147502453133314	0.211452849603701	26	4	0.492151372055889	0.907787788614775
K16322	group	GERD	-0.53528807916741	0.3855221690085	26	3	0.177745691509274	0.907787788614775
K16328	group	GERD	0.2225320461512	0.278268415772735	26	26	0.431727424150929	0.907787788614775
K16329	group	GERD	0.21003482911867	0.284274879689521	26	26	0.467166463860601	0.907787788614775
K16331	group	GERD	-0.986121616246305	0.634875454411821	26	24	0.133451648382275	0.907787788614775
K16370	group	GERD	0.559239433394314	0.421644699994917	26	26	0.197214961722994	0.907787788614775
K16371	group	GERD	0.569579060122414	0.474165454067792	26	26	0.24138505429182	0.907787788614775
K16509	group	GERD	-0.174295486825321	0.364439510432132	26	26	0.63679560518948	0.907787788614775
K16647	group	GERD	-0.368248087413417	0.779820346856645	26	24	0.641034151558915	0.907787788614775
K16648	group	GERD	-0.368248087413417	0.779820346856645	26	24	0.641034151558915	0.907787788614775
K16649	group	GERD	-0.771147320465943	0.768611131071865	26	25	0.32572529550777	0.907787788614775
K16650	group	GERD	0.237951840241002	0.472836253326637	26	26	0.619380543182718	0.907787788614775
K16651	group	GERD	0.2512487555364	0.315300772335265	26	26	0.4333484493292	0.907787788614775
K16653	group	GERD	-0.368248087413417	0.779820346856645	26	24	0.641034151558915	0.907787788614775
K16692	group	GERD	-0.50589751822977	0.824774336685624	26	26	0.545397030036768	0.907787788614775
K16698	group	GERD	-0.667660204636387	0.454293071143817	26	26	0.154639742350639	0.907787788614775
K16710	group	GERD	0.320972794844591	0.57775498727406	26	8	0.583659446033989	0.907787788614775
K16783	group	GERD	0.652248879934973	0.76554955204301	26	26	0.40263571789965	0.907787788614775
K16785	group	GERD	0.0675494159903739	0.118400472739327	26	26	0.573630706622509	0.907787788614775
K16787	group	GERD	0.104209922940639	0.127314395729359	26	26	0.421111209191707	0.907787788614775
K16841	group	GERD	2.68363873864487	1.2884007349161	26	17	0.0480847331113689	0.907787788614775
K16850	group	GERD	-0.729123965020758	1.37903864774532	26	16	0.60185628303391	0.907787788614775
K16868	group	GERD	-0.161172048051457	0.244395307489199	26	26	0.515871005205514	0.907787788614775
K16869	group	GERD	-0.272962166913928	0.387406170099703	26	26	0.487847564638097	0.907787788614775
K16871	group	GERD	-0.539243635810145	0.571889569377802	26	6	0.355119792844617	0.907787788614775
K16872	group	GERD	-0.250587835726144	0.490601164016602	26	5	0.61417370653982	0.907787788614775
K16881	group	GERD	0.628200620858376	0.799070168470466	26	11	0.439464799476968	0.907787788614775
K16899	group	GERD	0.0694767674928939	0.118214686768165	26	26	0.562211958749027	0.907787788614775
K16905	group	GERD	-0.72951875303322	0.792951459981077	26	14	0.366725756062229	0.907787788614775
K16906	group	GERD	-0.72951875303322	0.792951459981077	26	14	0.366725756062229	0.907787788614775
K16907	group	GERD	-0.321198200601704	0.537666717680573	26	14	0.555840192797185	0.907787788614775
K16915	group	GERD	-0.240630495885729	0.38303387066092	26	26	0.535791267432528	0.907787788614775
K16922	group	GERD	-0.804747805314305	0.722003744342759	26	24	0.276058079495684	0.907787788614775
K16923	group	GERD	0.411912334540911	0.378448088647689	26	26	0.287217125251138	0.907787788614775
K16924	group	GERD	0.224543835988002	0.246316280003653	26	26	0.371041409236944	0.907787788614775
K16927	group	GERD	0.308834083067355	0.443221693824628	26	26	0.492626397283544	0.907787788614775
K16937	group	GERD	0.466405646323978	0.366867713337516	26	26	0.215798911494312	0.907787788614775
K16950	group	GERD	0.285576549465518	0.345704081250966	26	26	0.416899913695875	0.907787788614775
K16951	group	GERD	0.285576549465518	0.345704081250966	26	26	0.416899913695875	0.907787788614775
K16957	group	GERD	0.222246594411216	0.297573820114469	26	26	0.462401382024978	0.907787788614775
K16961	group	GERD	0.343996330264488	0.38670024900384	26	26	0.382527957496566	0.907787788614775
K16962	group	GERD	0.438031744530355	0.429683316466718	26	26	0.318166207269798	0.907787788614775
K16963	group	GERD	0.709912001592943	0.599579549789962	26	26	0.248001036185115	0.907787788614775
K17073	group	GERD	-0.28820550794748	0.421905991453441	26	26	0.501083087126844	0.907787788614775
K17074	group	GERD	0.105321733409885	0.208421660983026	26	26	0.617936431369143	0.907787788614775
K17076	group	GERD	0.108780168927459	0.209165836217838	26	26	0.607781524757128	0.907787788614775
K17103	group	GERD	-0.0479251088550468	0.091192396292458	26	26	0.604031159562321	0.907787788614775
K17195	group	GERD	0.63574710803673	0.752960498351005	26	21	0.406823013280473	0.907787788614775
K17213	group	GERD	0.422450583548029	0.373979268680383	26	26	0.269804861436985	0.907787788614775
K17217	group	GERD	-0.650716409697348	0.31441240159658	26	4	0.0494162364068415	0.907787788614775
K17222	group	GERD	-0.374581692280505	0.312437178857139	26	3	0.242269961794173	0.907787788614775
K17223	group	GERD	-0.374581692280505	0.312437178857139	26	3	0.242269961794173	0.907787788614775
K17224	group	GERD	-0.374581692280505	0.312437178857139	26	3	0.242269961794173	0.907787788614775
K17227	group	GERD	-0.256187706167195	0.277528662388232	26	3	0.365141219207293	0.907787788614775
K17250	group	GERD	-0.363495375016616	0.453445802320104	26	26	0.430633371083109	0.907787788614775
K17318	group	GERD	-0.151029375037453	0.311814574667701	26	26	0.632523867994977	0.907787788614775
K17321	group	GERD	-0.233943441537816	0.312947003155873	26	3	0.461994051306324	0.907787788614775
K17322	group	GERD	-0.233943441537816	0.312947003155873	26	3	0.461994051306324	0.907787788614775
K17323	group	GERD	-0.233943441537816	0.312947003155873	26	3	0.461994051306324	0.907787788614775
K17324	group	GERD	-0.233943441537816	0.312947003155873	26	3	0.461994051306324	0.907787788614775
K17325	group	GERD	-0.233943441537816	0.312947003155873	26	3	0.461994051306324	0.907787788614775
K17329	group	GERD	0.439894268737139	0.682101999559878	26	4	0.52510298098651	0.907787788614775
K17330	group	GERD	0.439894268737139	0.682101999559878	26	4	0.52510298098651	0.907787788614775
K17331	group	GERD	0.646191031648217	0.707365057094564	26	5	0.370056422817075	0.907787788614775
K17363	group	GERD	-0.748140692930399	0.723236250955706	26	25	0.311244440305788	0.907787788614775
K17462	group	GERD	0.570319828813311	0.435714483357972	26	26	0.202953205747104	0.907787788614775
K17489	group	GERD	-0.375723577852003	0.535494041442887	26	26	0.489652853930507	0.907787788614775
K17490	group	GERD	-0.394572273377045	0.794208315356003	26	24	0.62384195341276	0.907787788614775
K17640	group	GERD	0.469858203077777	0.428253298774033	26	3	0.283462344275559	0.907787788614775
K17675	group	GERD	-0.237148421529056	0.335574243271486	26	4	0.486561558862195	0.907787788614775
K17686	group	GERD	0.0930028114519833	0.0520339007503775	26	26	0.0865177811807356	0.907787788614775
K17716	group	GERD	-0.694933336923511	0.466361134632887	26	26	0.149219123641776	0.907787788614775
K17722	group	GERD	-0.690320550120417	0.528353374167119	26	24	0.203747889243677	0.907787788614775
K17723	group	GERD	-0.828500234991268	0.593848149096356	26	25	0.175751867877812	0.907787788614775
K17733	group	GERD	-0.59814865362537	0.614687208422369	26	26	0.340212705247815	0.907787788614775
K17734	group	GERD	0.64021379942818	0.519713966561116	26	26	0.229935727389296	0.907787788614775
K17759	group	GERD	0.0601842170801325	0.0911378914805825	26	26	0.515308698532697	0.907787788614775
K17810	group	GERD	0.305016709210321	0.287628933182991	26	26	0.299494885705605	0.907787788614775
K17828	group	GERD	-0.0598814741633367	0.0611378756854622	26	26	0.337128527952838	0.907787788614775
K17836	group	GERD	0.18870753674444	0.207651319614512	26	26	0.372506906028956	0.907787788614775
K17837	group	GERD	-0.564184656149236	0.409415035060198	26	3	0.180908651956071	0.907787788614775
K17838	group	GERD	-0.260478874808353	0.224698076949253	26	3	0.257762708994318	0.907787788614775
K17865	group	GERD	0.343987914567129	0.414472441184068	26	26	0.414751347690138	0.907787788614775
K17869	group	GERD	0.615530878692615	0.556437217021825	26	26	0.279605394095989	0.907787788614775
K17898	group	GERD	-0.324109452682571	0.579843177862442	26	25	0.581367386194346	0.907787788614775
K17899	group	GERD	-0.324109452682571	0.579843177862442	26	25	0.581367386194346	0.907787788614775
K17938	group	GERD	-0.415138761275674	0.495483933544669	26	26	0.41038438674479	0.907787788614775
K17947	group	GERD	-0.417058581902541	0.486453836371896	26	8	0.399735028360215	0.907787788614775
K17948	group	GERD	-0.720727831191186	0.826648063877079	26	26	0.391919332662069	0.907787788614775
K17989	group	GERD	-0.26047887480836	0.224698076949252	26	3	0.257762708994305	0.907787788614775
K17992	group	GERD	-0.285032609629126	0.604263639803439	26	24	0.641399477307767	0.907787788614775
K18006	group	GERD	-1.04737331381207	0.685882441129372	26	9	0.139822450587766	0.907787788614775
K18011	group	GERD	-0.311984764415259	0.505314148306218	26	26	0.542780057484536	0.907787788614775
K18012	group	GERD	-0.315523208890055	0.505424397627445	26	26	0.538337381611959	0.907787788614775
K18013	group	GERD	-0.311984764415259	0.505314148306218	26	26	0.542780057484536	0.907787788614775
K18014	group	GERD	-0.3173353363812	0.494521111998603	26	26	0.527148357708867	0.907787788614775
K18029	group	GERD	-0.130979344456428	0.184309524453344	26	3	0.484151218746748	0.907787788614775
K18094	group	GERD	-0.26047887480836	0.224698076949252	26	3	0.257762708994305	0.907787788614775
K18095	group	GERD	-0.26047887480836	0.224698076949252	26	3	0.257762708994305	0.907787788614775
K18104	group	GERD	-0.813538299734683	1.18372102925791	26	14	0.498499553160029	0.907787788614775
K18118	group	GERD	0.214122236976565	0.28817377853646	26	26	0.464674205158693	0.907787788614775
K18119	group	GERD	-1.1351225151741	0.618541762716505	26	26	0.0789063326513406	0.907787788614775
K18120	group	GERD	-0.678258063910593	0.424156099191266	26	26	0.122886993784365	0.907787788614775
K18122	group	GERD	-0.809753989367124	0.425136051896242	26	26	0.0688726385510855	0.907787788614775
K18133	group	GERD	-0.624708224481751	0.856108833595531	26	26	0.472632125857574	0.907787788614775
K18136	group	GERD	-0.246885597077387	0.39037293740691	26	26	0.533082038260687	0.907787788614775
K18138	group	GERD	-0.181390748997349	0.300419117332913	26	26	0.551646641034253	0.907787788614775
K18139	group	GERD	-0.490730145883318	0.63886113348556	26	26	0.449900758141778	0.907787788614775
K18148	group	GERD	-0.544428183579283	0.918441919023666	26	26	0.558877281220117	0.907787788614775
K18199	group	GERD	0.412892639889706	0.559187664490488	26	10	0.467443559669972	0.907787788614775
K18216	group	GERD	0.377966469781374	0.542733451808175	26	26	0.492860642090315	0.907787788614775
K18217	group	GERD	0.377966469781374	0.542733451808175	26	26	0.492860642090315	0.907787788614775
K18220	group	GERD	0.198994960150421	0.394653848495992	26	26	0.61870001516734	0.907787788614775
K18230	group	GERD	0.315978009989025	0.36617254094101	26	26	0.39672230894884	0.907787788614775
K18234	group	GERD	0.864673659384934	0.485984098038713	26	26	0.0878727108997885	0.907787788614775
K18235	group	GERD	-0.26047887480836	0.224698076949252	26	3	0.257762708994305	0.907787788614775
K18248	group	GERD	0.147502453133314	0.211452849603701	26	4	0.492151372055889	0.907787788614775
K18285	group	GERD	0.314966937501923	0.445316845783105	26	26	0.486199718475521	0.907787788614775
K18320	group	GERD	-0.783658886015325	0.433311224666692	26	3	0.0830703212428102	0.907787788614775
K18330	group	GERD	-0.48220051962935	0.348034693038575	26	26	0.178643214390547	0.907787788614775
K18331	group	GERD	-0.446038255672167	0.348516584802699	26	26	0.212842328096377	0.907787788614775
K18332	group	GERD	-0.416334708819585	0.319227725687873	26	26	0.204537627606728	0.907787788614775
K18333	group	GERD	-0.729123965020758	1.37903864774532	26	16	0.60185628303391	0.907787788614775
K18344	group	GERD	-1.05930278235048	0.546405964813669	26	26	0.0643879924359008	0.907787788614775
K18346	group	GERD	-1.30028281567536	0.709329646979301	26	26	0.0792195125122228	0.907787788614775
K18349	group	GERD	2.07441429557499	1.30005957406789	26	23	0.12365664962659	0.907787788614775
K18350	group	GERD	1.43357478368409	0.918793337902319	26	13	0.131784411918125	0.907787788614775
K18351	group	GERD	-0.617184005097456	0.60690405961981	26	21	0.319325531174432	0.907787788614775
K18352	group	GERD	-0.519626187742353	0.603913087711328	26	21	0.398065214796316	0.907787788614775
K18369	group	GERD	-0.291343939676445	0.420127597020647	26	26	0.49467487187589	0.907787788614775
K18384	group	GERD	-0.871036901625795	0.679509535682838	26	25	0.212136830246408	0.907787788614775
K18427	group	GERD	0.608522580378819	0.503749505834431	26	26	0.238821645130797	0.907787788614775
K18428	group	GERD	0.460900528840136	0.63113322426343	26	13	0.472291290796852	0.907787788614775
K18431	group	GERD	0.628903257599414	0.551377391751412	26	26	0.265289446479094	0.907787788614775
K18446	group	GERD	-0.987323086839644	0.647287657671408	26	25	0.140249489858924	0.907787788614775
K18474	group	GERD	0.0622977590863647	0.129198683986603	26	26	0.634042443425438	0.907787788614775
K18475	group	GERD	0.224142125809675	0.315227336601373	26	26	0.483907594576661	0.907787788614775
K18479	group	GERD	0.565949598188712	0.335757060288869	26	26	0.104834411562212	0.907787788614775
K18530	group	GERD	0.510132374626644	0.611166832032538	26	26	0.412126406134434	0.907787788614775
K18567	group	GERD	0.469858203077777	0.428253298774033	26	3	0.283462344275559	0.907787788614775
K18574	group	GERD	-1.14397239450589	0.618951496381437	26	26	0.0769270223154684	0.907787788614775
K18640	group	GERD	0.734814336083553	0.535951250433052	26	26	0.18304589408549	0.907787788614775
K18657	group	GERD	-0.53528807916741	0.3855221690085	26	3	0.177745691509274	0.907787788614775
K18661	group	GERD	0.596226937875164	0.62665209226535	26	6	0.350861268328676	0.907787788614775
K18675	group	GERD	1.30127982968167	0.667610664393355	26	19	0.0630567400520545	0.907787788614775
K18691	group	GERD	-0.241610811439378	0.214582476364806	26	26	0.271317017878946	0.907787788614775
K18692	group	GERD	-0.18289443786141	0.352711319614953	26	26	0.608830785698635	0.907787788614775
K18701	group	GERD	-0.903706601964157	0.507994835018222	26	3	0.0879153483781592	0.907787788614775
K18702	group	GERD	-0.830124337382582	0.51652606440747	26	25	0.121104039727025	0.907787788614775
K18704	group	GERD	-0.403231265933814	0.580304753049453	26	25	0.493815186749273	0.907787788614775
K18707	group	GERD	-0.102222526390783	0.100427808942899	26	26	0.318891236986876	0.907787788614775
K18775	group	GERD	0.704542162855418	0.698804364971347	26	26	0.323410635654091	0.907787788614775
K18785	group	GERD	-0.327590492308863	0.165925581010563	26	26	0.0599605759477889	0.907787788614775
K18800	group	GERD	-1.06786614062133	0.810743789673246	26	24	0.200228319629238	0.907787788614775
K18815	group	GERD	0.681943155761429	0.579942590185824	26	10	0.251175673790117	0.907787788614775
K18820	group	GERD	-1.04737331381207	0.685882441129372	26	9	0.139822450587766	0.907787788614775
K18828	group	GERD	-0.189876227903493	0.3070489166858	26	26	0.542142661985265	0.907787788614775
K18830	group	GERD	-0.328872878452298	0.407086148973611	26	26	0.427100351403831	0.907787788614775
K18850	group	GERD	-0.191608562465575	0.371816288160691	26	26	0.611036003023347	0.907787788614775
K18851	group	GERD	-1.00190137206903	0.577756877601973	26	3	0.0957252131653115	0.907787788614775
K18887	group	GERD	0.536702340977273	0.43723715419581	26	26	0.231544310723864	0.907787788614775
K18888	group	GERD	0.536702340977273	0.43723715419581	26	26	0.231544310723864	0.907787788614775
K18891	group	GERD	-0.220536647611581	0.388263970224561	26	26	0.575306367827316	0.907787788614775
K18892	group	GERD	-0.2206660779422	0.388269866681614	26	26	0.575089397160183	0.907787788614775
K18893	group	GERD	-0.18677193731579	0.312464000851997	26	26	0.555612840335482	0.907787788614775
K18900	group	GERD	-0.26047887480836	0.224698076949252	26	3	0.257762708994305	0.907787788614775
K18901	group	GERD	0.279066677652461	0.450433964549701	26	6	0.5413912849452	0.907787788614775
K18902	group	GERD	0.302925359748847	0.436744340415379	26	6	0.494592644153449	0.907787788614775
K18903	group	GERD	0.302925359748847	0.436744340415379	26	6	0.494592644153449	0.907787788614775
K18908	group	GERD	-0.774022044266341	0.49784064076331	26	11	0.133092783255335	0.907787788614775
K18917	group	GERD	-0.938527914411626	0.69042275777936	26	25	0.186671595596312	0.907787788614775
K18918	group	GERD	0.321362490380165	0.372317628923874	26	26	0.396603977287769	0.907787788614775
K18923	group	GERD	-0.5536682043515	0.484462578682564	26	26	0.264373731626255	0.907787788614775
K18924	group	GERD	-0.382064598570315	0.47242371578875	26	26	0.426613575642123	0.907787788614775
K18925	group	GERD	-0.382064598570315	0.47242371578875	26	26	0.426613575642123	0.907787788614775
K18926	group	GERD	-0.512191776451092	0.787308178741344	26	26	0.521510013857513	0.907787788614775
K18928	group	GERD	0.104364191567325	0.117504494146293	26	26	0.383263528832716	0.907787788614775
K18929	group	GERD	0.103726810410939	0.117363421630813	26	26	0.38556767442095	0.907787788614775
K18930	group	GERD	0.145477479071809	0.220947308127198	26	26	0.516531508868783	0.907787788614775
K18941	group	GERD	-1.3719030148065	1.02495715860214	26	19	0.193276981375068	0.907787788614775
K18955	group	GERD	0.352356027460417	0.284302125734307	26	26	0.227191157420067	0.907787788614775
K18979	group	GERD	-0.0507048427164525	0.0788373997931591	26	26	0.526220044859258	0.907787788614775
K18981	group	GERD	-0.233093645853238	0.223985490480137	26	3	0.308402204706247	0.907787788614775
K18986	group	GERD	0.631260644047246	0.537205265770354	26	26	0.251488551926196	0.907787788614775
K18987	group	GERD	0.316403112436356	0.520865632803836	26	26	0.549253120231063	0.907787788614775
K18991	group	GERD	-0.185354530140137	0.317864182547671	26	26	0.565248938092054	0.907787788614775
K18997	group	GERD	-0.56517078304976	0.823791042795088	26	26	0.499249430502811	0.907787788614775
K19002	group	GERD	0.147982481991835	0.210267311391853	26	26	0.488340721626156	0.907787788614775
K19033	group	GERD	-1.080333894778	1.10521990207236	26	9	0.338080797489539	0.907787788614775
K19046	group	GERD	0.332787043510864	0.295982046133031	26	26	0.271985247881354	0.907787788614775
K19048	group	GERD	-0.871036901625795	0.679509535682838	26	25	0.212136830246408	0.907787788614775
K19049	group	GERD	-0.292595260825478	0.484459343182462	26	6	0.551535355661045	0.907787788614775
K19051	group	GERD	-0.824744123023527	0.741297012300757	26	12	0.276913818026581	0.907787788614775
K19055	group	GERD	0.229904788562114	0.208772094200082	26	26	0.281721527847544	0.907787788614775
K19068	group	GERD	-0.720649899111488	0.480216839171632	26	26	0.146481586845527	0.907787788614775
K19075	group	GERD	-0.486284781651952	0.403389014337546	26	26	0.239762463122195	0.907787788614775
K19084	group	GERD	-0.582342299496383	0.951458690373207	26	14	0.546258620114375	0.907787788614775
K19088	group	GERD	-0.525188742427145	0.415803229837016	26	26	0.218697450838117	0.907787788614775
K19090	group	GERD	-0.523619870414946	0.475377344584528	26	26	0.281611172707036	0.907787788614775
K19091	group	GERD	0.201858926740735	0.203742785517701	26	26	0.331690174643672	0.907787788614775
K19092	group	GERD	-0.848231434098588	0.795366244207991	26	22	0.296824109944232	0.907787788614775
K19117	group	GERD	-0.646173884823818	0.457523387906439	26	26	0.170689184998601	0.907787788614775
K19118	group	GERD	-0.585731603462204	0.417858282973101	26	26	0.173791732998747	0.907787788614775
K19119	group	GERD	-0.586772598174614	0.417569468432278	26	26	0.172771728191316	0.907787788614775
K19123	group	GERD	0.280365222839783	0.307724332305111	26	26	0.371307520204661	0.907787788614775
K19124	group	GERD	0.225374717803575	0.29211395516133	26	26	0.44792315004058	0.907787788614775
K19131	group	GERD	0.5643681977348	0.610708426994644	26	25	0.364622294397303	0.907787788614775
K19132	group	GERD	0.5643681977348	0.610708426994644	26	25	0.364622294397303	0.907787788614775
K19133	group	GERD	0.5643681977348	0.610708426994644	26	25	0.364622294397303	0.907787788614775
K19134	group	GERD	0.731758468970545	0.380996142152844	26	26	0.0667344159023552	0.907787788614775
K19138	group	GERD	-0.289313173092024	0.436125746222267	26	26	0.513415043704269	0.907787788614775
K19139	group	GERD	-0.252601046297327	0.458832155649096	26	26	0.587043932933125	0.907787788614775
K19147	group	GERD	0.473920223372136	0.297336054663092	26	26	0.124047352706204	0.907787788614775
K19157	group	GERD	0.260125043349501	0.139420634021971	26	26	0.074344753133103	0.907787788614775
K19158	group	GERD	0.306432536086648	0.226986109306956	26	26	0.189609825560183	0.907787788614775
K19165	group	GERD	0.163528777392878	0.336162990570324	26	26	0.631055980504971	0.907787788614775
K19166	group	GERD	0.778542805134632	1.03606142907638	26	24	0.459690930107623	0.907787788614775
K19167	group	GERD	0.230867694086612	0.325335433033763	26	26	0.48477171674105	0.907787788614775
K19168	group	GERD	-0.630793686876764	0.874983546808366	26	26	0.477922582376195	0.907787788614775
K19169	group	GERD	-0.297259378303742	0.523504580953334	26	24	0.575427485572433	0.907787788614775
K19171	group	GERD	0.779657495810696	1.00666326320189	26	22	0.446200559990552	0.907787788614775
K19180	group	GERD	0.564432465918947	0.346165377768861	26	26	0.116045310670433	0.907787788614775
K19212	group	GERD	-0.390107410953683	0.704760213834672	26	21	0.585019555498351	0.907787788614775
K19221	group	GERD	0.210326768301992	0.214956770901972	26	26	0.337607184628698	0.907787788614775
K19222	group	GERD	-0.822037328754847	1.08201199154171	26	17	0.454814294192949	0.907787788614775
K19226	group	GERD	-0.247465554931568	0.390380461149423	26	26	0.532136206501537	0.907787788614775
K19227	group	GERD	-0.247465554931568	0.390380461149423	26	26	0.532136206501537	0.907787788614775
K19228	group	GERD	-0.247465554931568	0.390380461149423	26	26	0.532136206501537	0.907787788614775
K19229	group	GERD	-0.247465554931568	0.390380461149423	26	26	0.532136206501537	0.907787788614775
K19230	group	GERD	-0.247465554931568	0.390380461149423	26	26	0.532136206501537	0.907787788614775
K19239	group	GERD	-1.76467027611084	0.993552711720091	26	23	0.088394349869847	0.907787788614775
K19242	group	GERD	0.784694767105694	0.639415669197328	26	25	0.23164747787278	0.907787788614775
K19268	group	GERD	-0.245660141450835	0.365672348284785	26	26	0.508124337200416	0.907787788614775
K19270	group	GERD	-0.634476566400533	0.660831806641989	26	17	0.346569487112508	0.907787788614775
K19271	group	GERD	0.687713652996726	0.388935355780608	26	26	0.0897398760372409	0.907787788614775
K19272	group	GERD	-0.337137454257877	0.682988112866771	26	6	0.626060797933959	0.907787788614775
K19285	group	GERD	-0.318827172215729	0.500185457775137	26	26	0.529887176870457	0.907787788614775
K19286	group	GERD	0.237080735970312	0.251191361017463	26	26	0.354664202352328	0.907787788614775
K19295	group	GERD	-0.260478874808357	0.224698076949252	26	3	0.257762708994311	0.907787788614775
K19304	group	GERD	-0.53528807916741	0.3855221690085	26	3	0.177745691509274	0.907787788614775
K19309	group	GERD	-0.989442703641532	0.485919014323837	26	26	0.0529069765437463	0.907787788614775
K19310	group	GERD	-0.871289765155637	0.678722104169333	26	25	0.21149583082344	0.907787788614775
K19311	group	GERD	-1.18909634120065	0.737914005926502	26	10	0.12016090716147	0.907787788614775
K19337	group	GERD	-0.690361142247789	0.864785030156283	26	26	0.432523119269258	0.907787788614775
K19338	group	GERD	0.424029288505537	0.580988007580837	26	6	0.472551000664514	0.907787788614775
K19339	group	GERD	-0.6215355640638	0.867814477953826	26	26	0.480774506867301	0.907787788614775
K19340	group	GERD	-0.484955616912217	0.696981016459597	26	26	0.493240809763472	0.907787788614775
K19341	group	GERD	-0.487150712327382	0.709345952424445	26	26	0.49881622207509	0.907787788614775
K19342	group	GERD	-0.440936819336965	0.648127790160412	26	26	0.502810132004936	0.907787788614775
K19353	group	GERD	0.248502297929163	0.232543602181287	26	26	0.295868981220005	0.907787788614775
K19354	group	GERD	-1.12113792220563	0.777333900964295	26	26	0.16214569945092	0.907787788614775
K19405	group	GERD	0.319295222115345	0.30020840229624	26	26	0.298104411435366	0.907787788614775
K19411	group	GERD	0.295501149049498	0.301298491935261	26	26	0.336495616375296	0.907787788614775
K19416	group	GERD	-0.186923247718454	0.306716292334475	26	26	0.547963643041608	0.907787788614775
K19422	group	GERD	-0.51412060226622	0.610360883939303	26	25	0.407923459854496	0.907787788614775
K19425	group	GERD	1.30127982968167	0.667610664393355	26	19	0.0630567400520545	0.907787788614775
K19427	group	GERD	-0.342553644312038	0.448668742533018	26	8	0.452612350400584	0.907787788614775
K19429	group	GERD	-1.35817772147072	0.866100435046195	26	23	0.129937147797179	0.907787788614775
K19431	group	GERD	-0.200802372009392	0.384622504564279	26	26	0.606402671700446	0.907787788614775
K19504	group	GERD	-0.537600730076987	0.940617216255119	26	25	0.572947680888077	0.907787788614775
K19505	group	GERD	0.795996351346069	0.702905649729914	26	10	0.268638339171636	0.907787788614775
K19506	group	GERD	0.5917300595869	0.414297007501602	26	26	0.16609799306945	0.907787788614775
K19507	group	GERD	0.592511822076716	0.414198391421528	26	26	0.165464560971028	0.907787788614775
K19508	group	GERD	0.585517507843513	0.407747808074097	26	26	0.163915248951297	0.907787788614775
K19509	group	GERD	0.573974649265685	0.403923425832843	26	26	0.168180709719406	0.907787788614775
K19510	group	GERD	0.515805950320149	0.454768999183133	26	26	0.267906526069255	0.907787788614775
K19545	group	GERD	0.657664746043275	0.559249181739152	26	5	0.251137424892299	0.907787788614775
K19548	group	GERD	0.620509123111194	0.748768739422314	26	21	0.415436704300975	0.907787788614775
K19591	group	GERD	0.311103793774453	0.352417358386564	26	3	0.386117020069009	0.907787788614775
K19611	group	GERD	-0.241678244796186	0.31339790706278	26	26	0.448141472191878	0.907787788614775
K19620	group	GERD	-0.26047887480836	0.224698076949252	26	3	0.257762708994305	0.907787788614775
K19621	group	GERD	-0.26047887480836	0.224698076949252	26	3	0.257762708994305	0.907787788614775
K19622	group	GERD	-0.26047887480836	0.224698076949252	26	3	0.257762708994305	0.907787788614775
K19623	group	GERD	-0.26047887480836	0.224698076949252	26	3	0.257762708994305	0.907787788614775
K19624	group	GERD	-0.26047887480836	0.224698076949252	26	3	0.257762708994305	0.907787788614775
K19689	group	GERD	0.0981687041717941	0.138205567979559	26	26	0.484357871233488	0.907787788614775
K19710	group	GERD	0.292219606161635	0.281393533831244	26	26	0.309399787851085	0.907787788614775
K19713	group	GERD	0.912552431529508	0.763218889831874	26	17	0.243508702005929	0.907787788614775
K19746	group	GERD	0.683408328002905	0.628317764890798	26	6	0.287539573098206	0.907787788614775
K01075	group	GERD	0.258307271058603	0.551219086399754	26	6	0.643576264828224	0.907983636950445
K01756	group	GERD	-0.0086335409446784	0.0184121682525326	26	26	0.643369684616152	0.907983636950445
K09461	group	GERD	0.258307271058603	0.551219086399754	26	6	0.643576264828224	0.907983636950445
K12999	group	GERD	0.345729670813914	0.736307462398122	26	26	0.642918025753811	0.907983636950445
K19225	group	GERD	0.110307308686292	0.235363400488901	26	26	0.643535985170516	0.907983636950445
K01928	group	GERD	-0.00876803115283732	0.0187380981695836	26	26	0.644059414075774	0.908286336078377
K14445	group	GERD	0.0634963723658301	0.135816507223097	26	26	0.644348078398808	0.908286336078377
K19126	group	GERD	0.114005618324054	0.24388179588003	26	26	0.644385634633208	0.908286336078377
K02913	group	GERD	-0.0153244874129246	0.0328417462075604	26	26	0.644982573747164	0.908541135403581
K06949	group	GERD	-0.0111576907305328	0.0239280501405134	26	26	0.645204334458613	0.908541135403581
K19125	group	GERD	0.113676704755539	0.243898791169759	26	26	0.645359715041094	0.908541135403581
K19140	group	GERD	0.254017486055505	0.544526522678576	26	26	0.645069820505242	0.908541135403581
K05846	group	GERD	0.0622189751192772	0.13406953573493	26	26	0.646772518891262	0.90891928918465
K05982	group	GERD	-0.358514268505373	0.772636141965995	26	6	0.646818791255612	0.90891928918465
K06387	group	GERD	0.140525908670901	0.302567771307924	26	26	0.646515124174808	0.90891928918465
K06415	group	GERD	0.333878277478572	0.718390719132841	26	11	0.64629328752172	0.90891928918465
K08315	group	GERD	-0.156176932809733	0.336566211962222	26	26	0.646807511376611	0.90891928918465
K11936	group	GERD	-0.178127142123681	0.382913128879957	26	26	0.645989180619561	0.90891928918465
K01548	group	GERD	-0.418936377840945	0.904114638207764	26	22	0.647276434566207	0.909283454997791
K02316	group	GERD	-0.00815019144881426	0.0176255928393162	26	26	0.647954604865279	0.909957095305899
K11145	group	GERD	-0.036877519414533703	0.079902231892842	26	26	0.648572168072175	0.910545235040954
K00627	group	GERD	-0.0708258585359503	0.153561072378154	26	26	0.648791575663221	0.91057420591704
K00790	group	GERD	-0.0177898758974121	0.0387848598935387	26	26	0.65059009857493	0.910749747610621
K01138	group	GERD	-0.378029199148024	0.822641864287303	26	21	0.649988577598598	0.910749747610621
K01638	group	GERD	-0.407569597876519	0.886487735592997	26	25	0.649827911986307	0.910749747610621
K02228	group	GERD	-0.358330068069317	0.778215407328222	26	24	0.649337407014208	0.910749747610621
K02246	group	GERD	-0.16313050916911	0.356533106491566	26	26	0.651393433318823	0.910749747610621
K02871	group	GERD	-0.00809270749409141	0.0177227219516177	26	26	0.652043637215633	0.910749747610621
K02996	group	GERD	-0.00809270749409141	0.0177227219516177	26	26	0.652043637215633	0.910749747610621
K03186	group	GERD	-0.215059535973302	0.469297876502361	26	26	0.650889525472657	0.910749747610621
K04769	group	GERD	0.139314308637431	0.303214400902696	26	26	0.650039974371746	0.910749747610621
K08086	group	GERD	-0.462977034660019	1.01378375447915	26	25	0.652005855497978	0.910749747610621
K11719	group	GERD	0.0876091703124309	0.19147654957112	26	26	0.651394443756419	0.910749747610621
K11894	group	GERD	-0.175838560296197	0.384700588791681	26	26	0.651724707816702	0.910749747610621
K11909	group	GERD	-0.175838560296197	0.384700588791681	26	26	0.651724707816702	0.910749747610621
K17320	group	GERD	-0.139289646206294	0.304580203911047	26	26	0.65155622129688	0.910749747610621
K18429	group	GERD	-0.245511645756028	0.537750870769665	26	26	0.652097614530198	0.910749747610621
K19159	group	GERD	-0.0560186569688368	0.12250064909287	26	26	0.651573274583955	0.910749747610621
K02248	group	GERD	-0.162334159860936	0.356533033411844	26	26	0.652976442852879	0.910804723313691
K03697	group	GERD	-0.162206077974264	0.356618610656229	26	26	0.653308648551013	0.910804723313691
K06446	group	GERD	0.261353317031421	0.573493067463453	26	15	0.652686617579992	0.910804723313691
K07125	group	GERD	-0.175542808457815	0.385980109788104	26	26	0.653342077542276	0.910804723313691
K07484	group	GERD	0.227808548945905	0.501190981942651	26	26	0.653528732925585	0.910804723313691
K07792	group	GERD	-0.11045001209078	0.242415301526261	26	26	0.6527566239804	0.910804723313691
K17319	group	GERD	-0.138468096840351	0.304624128024163	26	26	0.653514882760805	0.910804723313691
K01218	group	GERD	0.153541605371438	0.339394212491513	26	26	0.655044326347621	0.910836183635031
K01841	group	GERD	0.226355525310355	0.499834688937054	26	26	0.654716460609748	0.910836183635031
K03563	group	GERD	0.0954985411781077	0.210814656860869	26	26	0.654619300740085	0.910836183635031
K03752	group	GERD	-0.142545170940901	0.31581192875204	26	26	0.655781633550802	0.910836183635031
K05772	group	GERD	-0.18590360755897	0.410997603209192	26	26	0.655098407206392	0.910836183635031
K05773	group	GERD	-0.18590360755897	0.410997603209192	26	26	0.655098407206392	0.910836183635031
K06857	group	GERD	-0.18590360755897	0.410997603209192	26	26	0.655098407206392	0.910836183635031
K07322	group	GERD	-0.0472170081071272	0.104032512635467	26	26	0.654001692698446	0.910836183635031
K11180	group	GERD	-0.270481929311948	0.599921652614661	26	6	0.65613608513329	0.910836183635031
K11181	group	GERD	-0.270481929311948	0.599921652614661	26	6	0.65613608513329	0.910836183635031
K16885	group	GERD	-0.270481929311948	0.599921652614661	26	6	0.65613608513329	0.910836183635031
K16886	group	GERD	-0.270481929311948	0.599921652614661	26	6	0.65613608513329	0.910836183635031
K16887	group	GERD	-0.270481929311948	0.599921652614661	26	6	0.65613608513329	0.910836183635031
K00210	group	GERD	0.4876171961348	1.08367856551328	26	22	0.656773848435444	0.91144531950402
K01071	group	GERD	-0.160322696927969	0.356588220242458	26	26	0.657031938125136	0.911527349652105
K05823	group	GERD	-0.160075583995707	0.356757868615159	26	26	0.657676591156269	0.911869389856801
K07395	group	GERD	0.322731092178418	0.719209655063262	26	22	0.657651776477788	0.911869389856801
K00135	group	GERD	-0.190737621093776	0.426479751235869	26	26	0.658714115814598	0.91303157777509
K00887	group	GERD	-0.133293911041152	0.298393955811243	26	26	0.6590933880981	0.913122612984918
K03666	group	GERD	-0.122901830086064	0.275203673576829	26	26	0.65917845036916	0.913122612984918
K01678	group	GERD	0.120744544900352	0.270773710482733	26	26	0.659649032216389	0.913498251687811
K00383	group	GERD	-0.0915344313197456	0.20568588742162	26	26	0.660292818100752	0.913561280495182
K11068	group	GERD	-0.03004991210459	0.0675166109613476	26	26	0.660254426993879	0.913561280495182
K12685	group	GERD	-0.169156758660469	0.379920300644258	26	26	0.660134449413426	0.913561280495182
K01637	group	GERD	-0.393427272261661	0.887400304246778	26	25	0.661484871016257	0.914114341973586
K02510	group	GERD	-0.378459658040796	0.853884289679801	26	9	0.661575358193539	0.914114341973586
K03641	group	GERD	-0.148410067639078	0.334378906933883	26	26	0.661135594247052	0.914114341973586
K07483	group	GERD	-0.0772211506075125	0.174293673100641	26	26	0.661696095453232	0.914114341973586
K08317	group	GERD	0.560500565650547	1.26400149195436	26	16	0.661424024576246	0.914114341973586
K08715	group	GERD	0.139445214611189	0.314930920914446	26	4	0.661889821507615	0.914114341973586
K07397	group	GERD	0.115856662518943	0.26204333534441	26	26	0.662355260164406	0.914205919497784
K09983	group	GERD	0.246848644079442	0.557986169933512	26	6	0.662166789056241	0.914205919497784
K13540	group	GERD	-0.343590254562311	0.777965537975042	26	24	0.66269462138965	0.914398813429513
K00076	group	GERD	-0.190892001694882	0.462205692411292	26	26	0.683271579574559	0.914661470756675
K00219	group	GERD	-0.239291612925712	0.560571070742814	26	6	0.673278193773093	0.914661470756675
K00220	group	GERD	-0.135199599121307	0.329928685832402	26	3	0.685598868965125	0.914661470756675
K00500	group	GERD	-0.191552355799705	0.464305303836926	26	4	0.683593493095665	0.914661470756675
K00570	group	GERD	-0.254175568297676	0.576842400318024	26	16	0.663422466720586	0.914661470756675
K00673	group	GERD	0.122080267796387	0.286418775404947	26	3	0.673738861395158	0.914661470756675
K00864	group	GERD	-0.0377039216797146	0.0900915773870059	26	26	0.679298156379158	0.914661470756675
K00867	group	GERD	0.0641987360710063	0.156993290160538	26	26	0.686219701042017	0.914661470756675
K00948	group	GERD	-0.0145171586878044	0.0352352486482875	26	26	0.683991252340543	0.914661470756675
K01060	group	GERD	-0.101929607408908	0.244730054980458	26	26	0.680746944092743	0.914661470756675
K01159	group	GERD	0.0269921900387682	0.0646466251618534	26	26	0.679999287082543	0.914661470756675
K01262	group	GERD	-0.0224185025779126	0.0522002636314265	26	26	0.671411529175406	0.914661470756675
K01467	group	GERD	-0.167890316326475	0.397882402971961	26	26	0.67681034427927	0.914661470756675
K01551	group	GERD	-0.28560764270564	0.698370051385368	26	25	0.686193229403904	0.914661470756675
K01629	group	GERD	0.11232007673086	0.260275214420098	26	26	0.669925121632709	0.914661470756675
K01677	group	GERD	0.119091330163074	0.271825799862245	26	26	0.665220002607568	0.914661470756675
K01715	group	GERD	0.12696122715304	0.295764895023254	26	26	0.671560100906778	0.914661470756675
K01758	group	GERD	0.278907275738526	0.65738455139519	26	16	0.67514926788276	0.914661470756675
K01874	group	GERD	0.00909105507782026	0.02188281981015	26	26	0.681508836853486	0.914661470756675
K01902	group	GERD	0.0406178000004894	0.0936930268725537	26	26	0.668508810207607	0.914661470756675
K01903	group	GERD	0.0408945048143981	0.0937159331443911	26	26	0.666471179999776	0.914661470756675
K01910	group	GERD	-0.167212480169381	0.406609862145297	26	26	0.684548822981384	0.914661470756675
K01959	group	GERD	-0.188438353537174	0.461786807208257	26	26	0.686844675704641	0.914661470756675
K02000	group	GERD	-0.147364763444015	0.350239308918412	26	26	0.677678197604417	0.914661470756675
K02002	group	GERD	-0.151684108345559	0.349838459576146	26	26	0.668463474841531	0.914661470756675
K02027	group	GERD	0.0638279343176139	0.145265011502254	26	26	0.664310182751674	0.914661470756675
K02029	group	GERD	0.0242483131319637	0.0560166348379153	26	26	0.668969421671711	0.914661470756675
K02036	group	GERD	-0.106429617156563	0.254344036264709	26	26	0.679340809771075	0.914661470756675
K02049	group	GERD	-0.0495755668822164	0.114087804283297	26	26	0.667779308255898	0.914661470756675
K02074	group	GERD	-0.237716677258183	0.571458541123842	26	26	0.681119171201373	0.914661470756675
K02232	group	GERD	-0.0652923294916732	0.156843375593535	26	26	0.680897134229359	0.914661470756675
K02236	group	GERD	-0.150185147329139	0.359934044636874	26	26	0.68019909861272	0.914661470756675
K02340	group	GERD	-0.00756444900983537	0.0177647512033158	26	26	0.674039047935207	0.914661470756675
K02386	group	GERD	0.165266339906407	0.390425104458523	26	26	0.675846776963405	0.914661470756675
K02404	group	GERD	0.159881409026723	0.366739744878539	26	26	0.666766859487258	0.914661470756675
K02415	group	GERD	0.149096963410049	0.351987862998908	26	26	0.675640233674084	0.914661470756675
K02455	group	GERD	-0.148222051842718	0.35826238855649	26	26	0.682749439955056	0.914661470756675
K02460	group	GERD	0.450884513947813	1.0641489941516	26	22	0.675554779646237	0.914661470756675
K02531	group	GERD	-0.168833065818751	0.412866503897663	26	26	0.68621801696872	0.914661470756675
K02952	group	GERD	-0.0117597977936255	0.0282288821008458	26	26	0.680682485640211	0.914661470756675
K03073	group	GERD	0.0241102029567249	0.0570375267420953	26	26	0.67627186523346	0.914661470756675
K03093	group	GERD	0.253536813113963	0.616609833674095	26	11	0.68459004952182	0.914661470756675
K03281	group	GERD	-0.0621720768207253	0.147226625163123	26	26	0.676573771190048	0.914661470756675
K03392	group	GERD	0.23638773723912	0.564266125745644	26	6	0.678993268481955	0.914661470756675
K03527	group	GERD	-0.0190449869846408	0.0434772066687497	26	26	0.665270780654449	0.914661470756675
K03577	group	GERD	-0.28154382208191	0.647367971609789	26	26	0.667516806099227	0.914661470756675
K03578	group	GERD	0.0984700876599102	0.230611525965816	26	26	0.673188847348799	0.914661470756675
K03592	group	GERD	-0.120940931057874	0.278358173185856	26	26	0.667821668026355	0.914661470756675
K03791	group	GERD	-0.398345305800245	0.969586808558297	26	10	0.684834829054996	0.914661470756675
K04076	group	GERD	0.253536813113963	0.616609833674095	26	11	0.68459004952182	0.914661470756675
K04080	group	GERD	-0.131029118309305	0.316728866570107	26	5	0.682771073201962	0.914661470756675
K05362	group	GERD	-0.167755778908754	0.397908347151636	26	26	0.677073590021408	0.914661470756675
K05832	group	GERD	0.0585159196644895	0.13978570945616	26	26	0.67922246624688	0.914661470756675
K05922	group	GERD	-0.188438353537174	0.461786807208257	26	26	0.686844675704641	0.914661470756675
K05927	group	GERD	-0.188438353537174	0.461786807208257	26	26	0.686844675704641	0.914661470756675
K06177	group	GERD	-0.0554131515241949	0.128626154811149	26	26	0.67045262320013	0.914661470756675
K06191	group	GERD	0.103513649776928	0.253049715205052	26	26	0.68611990034824	0.914661470756675
K06297	group	GERD	0.253536813113963	0.616609833674095	26	11	0.68459004952182	0.914661470756675
K06391	group	GERD	0.253536813113963	0.616609833674095	26	11	0.68459004952182	0.914661470756675
K06423	group	GERD	0.253536813113963	0.616609833674095	26	11	0.68459004952182	0.914661470756675
K06881	group	GERD	-0.0259953171174998	0.060928024735642	26	26	0.673432639704809	0.914661470756675
K06929	group	GERD	0.0608751174121432	0.149033200366298	26	26	0.686552620170231	0.914661470756675
K06940	group	GERD	-0.157571962177371	0.357293071142087	26	26	0.663148756344604	0.914661470756675
K06953	group	GERD	-0.135199599121307	0.329928685832402	26	3	0.685598868965125	0.914661470756675
K07457	group	GERD	0.171846564069957	0.398231278048645	26	26	0.669938722309767	0.914661470756675
K07742	group	GERD	0.0437893191343283	0.100904156641038	26	26	0.668186926656581	0.914661470756675
K07787	group	GERD	-0.24241050288776	0.557773221256286	26	26	0.667732524628557	0.914661470756675
K08077	group	GERD	-0.188438353537174	0.461786807208257	26	26	0.686844675704641	0.914661470756675
K08139	group	GERD	0.119340624617902	0.28404963019689	26	3	0.678120851191865	0.914661470756675
K08717	group	GERD	0.254000664096443	0.578694748585736	26	14	0.6646457242411	0.914661470756675
K09122	group	GERD	-0.0891963086906297	0.21391132966631	26	3	0.680400711109164	0.914661470756675
K09688	group	GERD	0.386524387723348	0.943609798925099	26	13	0.685715530452323	0.914661470756675
K09804	group	GERD	-0.188438353537174	0.461786807208257	26	26	0.686844675704641	0.914661470756675
K09882	group	GERD	-0.135199599121307	0.329928685832402	26	3	0.685598868965125	0.914661470756675
K09883	group	GERD	-0.135199599121307	0.329928685832402	26	3	0.685598868965125	0.914661470756675
K09919	group	GERD	0.312606877193424	0.72254591737958	26	22	0.669134664262022	0.914661470756675
K09944	group	GERD	-0.188438353537174	0.461786807208257	26	26	0.686844675704641	0.914661470756675
K09948	group	GERD	-0.135199599121307	0.329928685832402	26	3	0.685598868965125	0.914661470756675
K09985	group	GERD	-0.131029118309305	0.316728866570107	26	5	0.682771073201962	0.914661470756675
K09987	group	GERD	-0.131029118309305	0.316728866570107	26	5	0.682771073201962	0.914661470756675
K09991	group	GERD	-0.131029118309305	0.316728866570107	26	5	0.682771073201962	0.914661470756675
K10213	group	GERD	-0.146629961922551	0.341316462730987	26	26	0.671318149446203	0.914661470756675
K11050	group	GERD	-0.158210738851769	0.371617725269424	26	26	0.674094454423609	0.914661470756675
K11051	group	GERD	-0.152582761346705	0.372670301697978	26	26	0.68585460882064	0.914661470756675
K11617	group	GERD	-0.153140233770902	0.363619783879374	26	26	0.677389845823926	0.914661470756675
K11618	group	GERD	-0.153140233770902	0.363619783879374	26	26	0.677389845823926	0.914661470756675
K11635	group	GERD	0.16041969575501	0.38504208651292	26	26	0.680652504331818	0.914661470756675
K11636	group	GERD	0.16041969575501	0.38504208651292	26	26	0.680652504331818	0.914661470756675
K11785	group	GERD	-0.201950287695536	0.464769867726218	26	26	0.667795034925098	0.914661470756675
K11931	group	GERD	-0.166221309766442	0.382073920144509	26	26	0.667413202097799	0.914661470756675
K11959	group	GERD	-0.306819999846031	0.713889020844217	26	23	0.671185062343138	0.914661470756675
K12055	group	GERD	-0.44163051833317	1.0466835292021	26	22	0.676829389496185	0.914661470756675
K12555	group	GERD	-0.153165703931586	0.363766982039853	26	26	0.677462155732181	0.914661470756675
K12940	group	GERD	0.132119159296867	0.302151666431736	26	26	0.665831470284973	0.914661470756675
K13012	group	GERD	-0.417026695886764	0.953806382264142	26	24	0.665858232978129	0.914661470756675
K13051	group	GERD	-0.50198128684786	1.18856480603241	26	17	0.676534822856966	0.914661470756675
K13583	group	GERD	-0.135199599121307	0.329928685832402	26	3	0.685598868965125	0.914661470756675
K13584	group	GERD	-0.131029118309305	0.316728866570107	26	5	0.682771073201962	0.914661470756675
K13587	group	GERD	-0.135199599121307	0.329928685832402	26	3	0.685598868965125	0.914661470756675
K13588	group	GERD	-0.131029118309305	0.316728866570107	26	5	0.682771073201962	0.914661470756675
K13730	group	GERD	-0.181706500750417	0.438848533548738	26	26	0.682512450306757	0.914661470756675
K13771	group	GERD	-0.24973736774434	0.594193073803968	26	26	0.678008009719071	0.914661470756675
K13788	group	GERD	0.0632986630936717	0.14891348568197	26	26	0.67457257982821	0.914661470756675
K13926	group	GERD	0.409391606333115	0.976826951407021	26	26	0.678867845245866	0.914661470756675
K13954	group	GERD	-0.461720250294247	1.06249467952679	26	23	0.667762336888441	0.914661470756675
K14980	group	GERD	-0.135199599121307	0.329928685832402	26	3	0.685598868965125	0.914661470756675
K14981	group	GERD	-0.135199599121307	0.329928685832402	26	3	0.685598868965125	0.914661470756675
K14983	group	GERD	-0.1664909907968	0.397890484970847	26	26	0.679350366832366	0.914661470756675
K15910	group	GERD	-0.188438353537174	0.461786807208257	26	26	0.686844675704641	0.914661470756675
K15912	group	GERD	-0.188438353537174	0.461786807208257	26	26	0.686844675704641	0.914661470756675
K15913	group	GERD	-0.188438353537174	0.461786807208257	26	26	0.686844675704641	0.914661470756675
K15914	group	GERD	-0.188438353537174	0.461786807208257	26	26	0.686844675704641	0.914661470756675
K16212	group	GERD	0.132772968122245	0.321407331031938	26	26	0.683201851894422	0.914661470756675
K16786	group	GERD	0.0376186478726237	0.0898160644138519	26	26	0.679057101187676	0.914661470756675
K17218	group	GERD	0.315447582007387	0.752100843961392	26	26	0.678638342128937	0.914661470756675
K17662	group	GERD	-0.135199599121307	0.329928685832402	26	3	0.685598868965125	0.914661470756675
K18005	group	GERD	-0.393917975525342	0.917474022363583	26	13	0.671498005055141	0.914661470756675
K18284	group	GERD	-0.188438353537174	0.461786807208257	26	26	0.686844675704641	0.914661470756675
K18588	group	GERD	-0.131029118309305	0.316728866570107	26	5	0.682771073201962	0.914661470756675
K18682	group	GERD	-0.0264126651669594	0.060075646239051	26	26	0.664119324738271	0.914661470756675
K02011	group	GERD	-0.0642629715325026	0.157867799240258	26	26	0.687565634111193	0.915040351028646
K03095	group	GERD	0.129517317312086	0.318534265409698	26	26	0.687902024479237	0.915040351028646
K06873	group	GERD	0.166766759022165	0.410181765016799	26	4	0.687928174840135	0.915040351028646
K09155	group	GERD	-0.0339405044387425	0.0833950456582531	26	26	0.687626211310814	0.915040351028646
K00958	group	GERD	-0.197722111555168	0.486815998620656	26	26	0.688228417138636	0.915058568906997
K01728	group	GERD	0.193957104400873	0.478347912269895	26	25	0.68872195218239	0.915058568906997
K03810	group	GERD	-0.0893968221131596	0.220420241285371	26	26	0.68864829749154	0.915058568906997
K09913	group	GERD	0.309355302719747	0.762998545565431	26	24	0.688740874392344	0.915058568906997
K01129	group	GERD	0.0317842785517125	0.0786058520796613	26	26	0.68953624263369	0.915654802738756
K08986	group	GERD	-0.160597582865132	0.397517582905268	26	26	0.689789287110117	0.915654802738756
K16011	group	GERD	-0.273219166391312	0.676060152277824	26	23	0.689692658010302	0.915654802738756
K01274	group	GERD	-0.167073708249384	0.415204912507351	26	26	0.690959615843809	0.916146454466133
K01810	group	GERD	-0.010136368899141	0.0251447951792912	26	26	0.690428726224669	0.916146454466133
K02586	group	GERD	0.241324029101683	0.599151695750912	26	26	0.690678245025762	0.916146454466133
K07090	group	GERD	0.0369542428246242	0.0917825252361028	26	26	0.69078557842214094	0.916146454466133
K02334	group	GERD	0.0891145030048936	0.221676942053879	26	26	0.691240502667517	0.916253687129599
K09921	group	GERD	-0.145278757242733	0.362264405647665	26	26	0.691946439508477	0.916924107430817
K01239	group	GERD	0.128176644756589	0.320762687735623	26	26	0.692985472275463	0.916974710714585
K01466	group	GERD	0.278532295625581	0.696865067374598	26	26	0.692917381726634	0.916974710714585
K03471	group	GERD	-0.127722877738553	0.319276121852257	26	26	0.692666201608583	0.916974710714585
K09685	group	GERD	-0.0581401288202481	0.145393890425506	26	26	0.692781595127429	0.916974710714585
K09799	group	GERD	0.453994856984609	1.13550155785872	26	24	0.692826179086165	0.916974710714585
K00242	group	GERD	-0.234528428152765	0.590077805372322	26	26	0.694546042910579	0.917735762294423
K00362	group	GERD	0.21140036331571	0.535186971257295	26	26	0.696329609479651	0.917735762294423
K00687	group	GERD	-0.157699802299628	0.399722999920737	26	26	0.696679249124965	0.917735762294423
K01039	group	GERD	-0.178408310693142	0.454821641071135	26	26	0.69832803805732	0.917735762294423
K01040	group	GERD	-0.178408310693142	0.454821641071135	26	26	0.69832803805732	0.917735762294423
K01183	group	GERD	-0.230012422952051	0.586267231261047	26	8	0.698274231450973	0.917735762294423
K01465	group	GERD	-0.0140376566385605	0.0355749458278324	26	26	0.696627402123682	0.917735762294423
K01512	group	GERD	0.0688586480728023	0.176020743191149	26	26	0.699103658795344	0.917735762294423
K01598	group	GERD	-0.157699802299628	0.399722999920737	26	26	0.696679249124965	0.917735762294423
K01922	group	GERD	-0.157699802299628	0.399722999920737	26	26	0.696679249124965	0.917735762294423
K02021	group	GERD	-0.309520190907609	0.789779196451017	26	25	0.698585169239458	0.917735762294423
K02490	group	GERD	0.236073935473322	0.602310720988014	26	11	0.698556118905354	0.917735762294423
K03040	group	GERD	-0.00700413753417648	0.0177395792479698	26	26	0.696454659852884	0.917735762294423
K03317	group	GERD	-0.120598524633512	0.305825477985249	26	26	0.696813981841167	0.917735762294423
K03521	group	GERD	0.0355773580000739	0.0893065974085133	26	26	0.693877034952267	0.917735762294423
K03522	group	GERD	0.0350059330434516	0.0893295418987383	26	26	0.698609343577326	0.917735762294423
K03715	group	GERD	-0.394876895200891	1.00825958883458	26	18	0.698778503779271	0.917735762294423
K03930	group	GERD	-0.157699802299628	0.399722999920737	26	26	0.696679249124965	0.917735762294423
K06159	group	GERD	-0.180550925701913	0.462292105428074	26	26	0.699570679312841	0.917735762294423
K06882	group	GERD	-0.19156126721657	0.490250114917656	26	26	0.699435014945331	0.917735762294423
K06916	group	GERD	-0.233960796998037	0.589957255511703	26	26	0.695186999629626	0.917735762294423
K06938	group	GERD	-0.343758879472486	0.866352111665699	26	26	0.69502951508923	0.917735762294423
K07045	group	GERD	0.120486481461532	0.307310797183046	26	26	0.698468557201798	0.917735762294423
K07798	group	GERD	-0.168933883692474	0.426115380652797	26	26	0.69527536048372	0.917735762294423
K12556	group	GERD	-0.157699802299628	0.399722999920737	26	26	0.696679249124965	0.917735762294423
K14153	group	GERD	-0.191254878142354	0.481681787839713	26	26	0.694834798832676	0.917735762294423
K14982	group	GERD	-0.157805305967329	0.399710789872809	26	26	0.696478242031293	0.917735762294423
K16960	group	GERD	0.109528317217325	0.277905791036151	26	26	0.696972350753153	0.917735762294423
K17251	group	GERD	-0.181548375187781	0.464499967508544	26	26	0.699358429252289	0.917735762294423
K18778	group	GERD	-0.290473513037392	0.740602427139997	26	26	0.698362639754876	0.917735762294423
K01246	group	GERD	0.0289545116553848	0.074376651517691	26	26	0.700490242608797	0.917968278395141
K02077	group	GERD	-0.0695424981982077	0.178686428826706	26	26	0.70056933390746	0.917968278395141
K03153	group	GERD	-0.230712846369807	0.59158763217326	26	26	0.699984086437589	0.917968278395141
K03289	group	GERD	0.101450538904973	0.261091943761371	26	26	0.701025470613943	0.917968278395141
K03609	group	GERD	0.0835484755268278	0.215418708563239	26	26	0.701551395472908	0.917968278395141
K05820	group	GERD	-0.106040587206216	0.272501350882791	26	26	0.700605473307692	0.917968278395141
K07492	group	GERD	0.576614133785937	1.48298933660693	26	7	0.700838361175779	0.917968278395141
K15635	group	GERD	0.130917004987308	0.337520065370517	26	26	0.701524424725886	0.917968278395141
K19267	group	GERD	-0.0798407246801437	0.205741375549664	26	26	0.701389798233082	0.917968278395141
K00054	group	GERD	0.084112663746971	0.219085465942069	26	26	0.704413465492128	0.918028196016899
K00252	group	GERD	-0.230647462709721	0.602601940409141	26	26	0.705272123553149	0.918028196016899
K00363	group	GERD	0.205126127954955	0.538120557860773	26	26	0.706416025687735	0.918028196016899
K01426	group	GERD	-0.149823401342242	0.388527749650531	26	26	0.703176274771276	0.918028196016899
K02424	group	GERD	-0.0674632213147015	0.176309077289297	26	26	0.705353216252194	0.918028196016899
K02474	group	GERD	-0.107682546323646	0.282055198162391	26	26	0.705985258686166	0.918028196016899
K03087	group	GERD	0.331712709400356	0.858260890816722	26	24	0.702536258815704	0.918028196016899
K03587	group	GERD	0.027212750617014	0.0708345951875909	26	26	0.704232878984352	0.918028196016899
K05524	group	GERD	0.205146488292898	0.538542740345661	26	26	0.706607164190261	0.918028196016899
K06889	group	GERD	-0.0351282967151363	0.0909036311236571	26	26	0.702579776748809	0.918028196016899
K07002	group	GERD	-0.239525530531845	0.628268187933973	26	26	0.706374027669513	0.918028196016899
K07034	group	GERD	0.0949188171070484	0.245749976301493	26	26	0.702720855092529	0.918028196016899
K07137	group	GERD	0.0531849750904105	0.138023470854218	26	26	0.703384930679485	0.918028196016899
K07304	group	GERD	0.0904901520637701	0.236704093503333	26	26	0.70560899750045	0.918028196016899
K07812	group	GERD	-0.169274262282247	0.442004387352433	26	26	0.705113306782786	0.918028196016899
K08978	group	GERD	0.0686362304724192	0.179925872052987	26	26	0.706211321358787	0.918028196016899
K09013	group	GERD	0.0306868534828798	0.0804339552243095	26	26	0.70617715367986	0.918028196016899
K09766	group	GERD	0.177945655534436	0.466374052402056	26	26	0.706151377863908	0.918028196016899
K09970	group	GERD	0.0607798922779952	0.158255751539927	26	3	0.704314775549759	0.918028196016899
K09971	group	GERD	0.0607798922779952	0.158255751539927	26	3	0.704314775549759	0.918028196016899
K12070	group	GERD	0.310709288989831	0.811056815722348	26	14	0.70502385795340194	0.918028196016899
K12071	group	GERD	0.310709288989831	0.811056815722348	26	14	0.70502385795340194	0.918028196016899
K15576	group	GERD	0.400780191172572	1.04988992271928	26	22	0.7060166153706	0.918028196016899
K15633	group	GERD	0.0670457596988374	0.175626262729706	26	26	0.706004147440208	0.918028196016899
K15896	group	GERD	-0.172729437158262	0.446968534227953	26	26	0.702570969169644	0.918028196016899
K00613	group	GERD	-0.212159257258384	0.557978310904733	26	25	0.70712013486981	0.91812987328036
K00983	group	GERD	-0.145506642443955	0.383338148179986	26	26	0.70759685796951	0.91812987328036
K06997	group	GERD	-0.00680121021828398	0.0179123933958618	26	26	0.707512443698805	0.91812987328036
K07177	group	GERD	0.094381531642211	0.248839750226379	26	26	0.707810366200512	0.91812987328036
K07276	group	GERD	0.272153761609362	0.717696109467554	26	17	0.707870207079328	0.91812987328036
K13580	group	GERD	-0.295786899362237	0.780068822717934	26	24	0.707887952941767	0.91812987328036
K00260	group	GERD	-0.0412533694858594	0.109289198934271	26	26	0.709142024784512	0.918646293432383
K01487	group	GERD	0.108609409613488	0.287809037560894	26	26	0.709217961974547	0.918646293432383
K02863	group	GERD	-0.00745971701676809	0.019761634621082	26	26	0.709130995939107	0.918646293432383
K03303	group	GERD	0.0348601138025676	0.0921859572399587	26	26	0.708643327984135	0.918646293432383
K06213	group	GERD	0.0459548736674555	0.121897441038416	26	26	0.709489322454436	0.918646293432383
K09962	group	GERD	-0.152812026310508	0.405303621258665	26	26	0.709463814612951	0.918646293432383
K02493	group	GERD	-0.00666461511604954	0.0176939798799025	26	26	0.709735903387543	0.918705898111991
K00158	group	GERD	-0.134793967634151	0.358355146403561	26	26	0.710112774647286	0.918934073632547
K02794	group	GERD	0.0737263861599929	0.196358797958384	26	26	0.710610728186027	0.919059216775886
K07663	group	GERD	-0.283854402818398	0.755878903154794	26	21	0.710565786278607	0.919059216775886
K07454	group	GERD	-0.439435344679268	1.17222165010835	26	13	0.71104652677515	0.919363290758386
K00111	group	GERD	0.049153238528264503	0.131556370836191	26	26	0.711960792530796	0.919937151104782
K00841	group	GERD	0.0836099610550334	0.223885905064899	26	26	0.712092804587985	0.919937151104782
K02948	group	GERD	-0.00748394870739011	0.0200252440516149	26	26	0.71188955918597	0.919937151104782
K01575	group	GERD	-0.128917475148094	0.345894998196429	26	26	0.712637849870615	0.92029626330568
K01737	group	GERD	-0.0369269554869531	0.0992722035927374	26	26	0.713174358160918	0.92029626330568
K13378	group	GERD	0.097037482810531	0.260852358573949	26	26	0.713156158762853	0.92029626330568
K18587	group	GERD	-0.113403776209828	0.304704707242389	26	5	0.713027976654398	0.92029626330568
K08309	group	GERD	0.0670904451011995	0.180646619024533	26	26	0.713605223412115	0.920333763640456
K16958	group	GERD	-0.13215002189851	0.355686855556245	26	26	0.713499236369393	0.920333763640456
K00050	group	GERD	0.181666091194112	0.490201721016311	26	26	0.714190384070953	0.920419015621665
K00282	group	GERD	0.0888785644134045	0.241503011261865	26	26	0.716082377575991	0.920419015621665
K00283	group	GERD	0.0889572961826331	0.241511091544179	26	26	0.715851525767347	0.920419015621665
K00965	group	GERD	-0.0394400502071002	0.106761055460312	26	26	0.715051558646361	0.920419015621665
K03340	group	GERD	-0.045039817405924	0.122225340098547	26	26	0.715732373280036	0.920419015621665
K03700	group	GERD	-0.100676346990234	0.273294319954329	26	26	0.715818850886178	0.920419015621665
K06603	group	GERD	0.137060271808503	0.371814394096233	26	26	0.715638689807946	0.920419015621665
K07778	group	GERD	0.108046559801807	0.292265286677604	26	26	0.714858086979644	0.920419015621665
K09704	group	GERD	-0.0647782470159136	0.1759368400808	26	26	0.715958914045901	0.920419015621665
K09770	group	GERD	0.173984323098999	0.471234370239893	26	26	0.715208849902626	0.920419015621665
K13819	group	GERD	-0.162800931336886	0.43901170807702	26	26	0.714013565544763	0.920419015621665
K18149	group	GERD	-0.131386989710947	0.35541712358945	26	26	0.714870416527096	0.920419015621665
K00850	group	GERD	0.0229497137629837	0.0626558869774151	26	26	0.717363963824085	0.920660712473818
K00880	group	GERD	-0.239784523683805	0.655405920204733	26	26	0.717677232971841	0.920660712473818
K01820	group	GERD	-0.313911744997488	0.857733631275226	26	15	0.717587656966608	0.920660712473818
K01991	group	GERD	-0.0294647393693596	0.0803485722119502	26	26	0.717047615795067	0.920660712473818
K02303	group	GERD	0.197385972582199	0.537795663421911	26	26	0.716814648349903	0.920660712473818
K02859	group	GERD	-0.130339055987649	0.355587371641187	26	26	0.717169580556046	0.920660712473818
K06287	group	GERD	-0.0264444816216013	0.071996836858966	26	26	0.7166138224638	0.920660712473818
K00874	group	GERD	0.0589790743667857	0.161333286661526	26	26	0.717886163560557	0.920670916929147
K07093	group	GERD	0.544594392028455	1.49279047008931	26	13	0.718443544791788	0.920870139533067
K18814	group	GERD	0.219159833003048	0.600344711305326	26	26	0.718266486684648	0.920870139533067
K01409	group	GERD	0.00968854676730593	0.0265785229946778	26	26	0.718657960915778	0.920887306001449
K00547	group	GERD	0.0711454715455042	0.19569031190171	26	26	0.7193684159285	0.921354302872091
K00845	group	GERD	0.0177344836663308	0.0488634431244746	26	26	0.719826904601444	0.921354302872091
K01953	group	GERD	-0.0953668636325491	0.262478563969419	26	26	0.719537642277401	0.921354302872091
K06215	group	GERD	-0.0458516039302405	0.126314551158155	26	26	0.719785819054713	0.921354302872091
K12294	group	GERD	-0.150623135010069	0.415326782769481	26	26	0.72003188499242	0.921359236075496
K02968	group	GERD	-0.00717131371367115	0.0198440784624286	26	26	0.720975114316175	0.921536550971651
K05910	group	GERD	-0.128605500211678	0.355410661936846	26	26	0.720630302547414	0.921536550971651
K07722	group	GERD	-0.153905866006905	0.425193640239698	26	26	0.720544656806898	0.921536550971651
K11717	group	GERD	0.0291490142100564	0.0806250103978999	26	26	0.720860710754789	0.921536550971651
K08365	group	GERD	-0.308869344866126	0.857167045251513	26	13	0.721746782271482	0.922265553580379
K01674	group	GERD	-0.0820993903288805	0.229568445496112	26	26	0.723749950345532	0.924567351515026
K00799	group	GERD	-0.227604061459386	0.638143917483031	26	26	0.724458771981435	0.925214840938654
K10680	group	GERD	-0.270880381923065	0.760407868693785	26	25	0.724780573388529	0.925367839100572
K03813	group	GERD	-0.12347952080598	0.347124364366825	26	26	0.725156961903358	0.925590426993392
K03571	group	GERD	0.0334827848886899	0.0945140946792322	26	26	0.726235960169242	0.926586899328567
K15773	group	GERD	0.278569763230215	0.78665633117047	26	23	0.726342186310605	0.926586899328567
K00805	group	GERD	0.0363172415822559	0.102704449087791	26	26	0.726719178061122	0.92658895264714
K08226	group	GERD	0.0924347321336097	0.2614327434865	26	3	0.726748331556685	0.92658895264714
K00499	group	GERD	0.0869206610005151	0.249094514317304	26	4	0.730172339714162	0.926820146381859
K00655	group	GERD	-0.0234701983068167	0.0674328645874895	26	26	0.730834866799374	0.926820146381859
K00869	group	GERD	0.0766920597571481	0.221415233348302	26	26	0.732081417247413	0.926820146381859
K00966	group	GERD	-0.2805295612714	0.798012510423776	26	24	0.728254391692077	0.926820146381859
K01118	group	GERD	-0.0683760211910288	0.197801204219875	26	26	0.732594575430847	0.926820146381859
K01194	group	GERD	-0.206994466095543	0.593901674624886	26	9	0.730478694623742	0.926820146381859
K01265	group	GERD	0.0161465369271834	0.0463398076383655	26	26	0.73054949624722	0.926820146381859
K01597	group	GERD	0.0774161914889096	0.220664511269975	26	26	0.728775194353776	0.926820146381859
K01819	group	GERD	0.111449980879551	0.321877019898907	26	26	0.732171862451989	0.926820146381859
K02462	group	GERD	0.255522179175686	0.73732996719926	26	21	0.731948956157665	0.926820146381859
K02806	group	GERD	-0.0692271696419578	0.19877617591744	26	26	0.730676111743227	0.926820146381859
K03532	group	GERD	-0.154726040649151	0.447044825526859	26	26	0.732276949493668	0.926820146381859
K03614	group	GERD	-0.0646016107625436	0.183248587133237	26	26	0.727513940263746	0.926820146381859
K03768	group	GERD	-0.0138712838422827	0.0399025179134147	26	26	0.73114891761863	0.926820146381859
K03863	group	GERD	0.0869206610005151	0.249094514317304	26	4	0.730172339714162	0.926820146381859
K07018	group	GERD	-0.202399740674157	0.584331215486218	26	26	0.73207670757947	0.926820146381859
K07642	group	GERD	0.359102000821922	1.03788303873054	26	8	0.732361453404422	0.926820146381859
K07783	group	GERD	-0.128854288660422	0.372023992531686	26	26	0.732090278801403	0.926820146381859
K09161	group	GERD	0.289181170408537	0.820819741227881	26	21	0.727682439342199	0.926820146381859
K09787	group	GERD	0.0304977473299465	0.0876556919690012	26	26	0.730928447477228	0.926820146381859
K09936	group	GERD	-0.116523439958707	0.336931897458037	26	26	0.732478618330817	0.926820146381859
K11475	group	GERD	0.0869206610005151	0.249094514317304	26	4	0.730172339714162	0.926820146381859
K11527	group	GERD	0.0863880496548445	0.246620514690167	26	3	0.729178718322391	0.926820146381859
K15383	group	GERD	-0.409169429463507	1.18121430256152	26	23	0.732062732568577	0.926820146381859
K18242	group	GERD	0.0869206610005151	0.249094514317304	26	4	0.730172339714162	0.926820146381859
K18243	group	GERD	0.0869206610005151	0.249094514317304	26	4	0.730172339714162	0.926820146381859
K19115	group	GERD	-0.138983069266826	0.397699786919836	26	26	0.729786359696389	0.926820146381859
K19116	group	GERD	-0.138983069266826	0.397699786919836	26	26	0.729786359696389	0.926820146381859
K19696	group	GERD	-0.191118496606679	0.55424657241145	26	17	0.733228970865621	0.927366624940754
K05539	group	GERD	0.0733298703683939	0.212877578374099	26	26	0.733493315839287	0.9274449019762
K07146	group	GERD	-0.122307724996577	0.355636846233051	26	26	0.733907493526243	0.927712535276964
K07559	group	GERD	-0.0788879720883586	0.23028339193917	26	26	0.734904806179161	0.928716942650134
K17248	group	GERD	-0.149250360805225	0.436053730254974	26	26	0.735123181037442	0.928736705000695
K03427	group	GERD	0.0310545304338192	0.0908599261671865	26	26	0.735487638002891	0.928940962142609
K01191	group	GERD	-0.124139351695514	0.365886267880931	26	26	0.737346768433073	0.92899835666868
K01869	group	GERD	-0.0133840831722671	0.0395066369945691	26	26	0.737721189523436	0.92899835666868
K02483	group	GERD	0.0855544090368612	0.252579026434395	26	26	0.737763811735572	0.92899835666868
K02852	group	GERD	-0.320522716866305	0.943876965807421	26	6	0.737125843052963	0.92899835666868
K03387	group	GERD	-0.0572877691448605	0.168903806692866	26	26	0.737428622095235	0.92899835666868
K03581	group	GERD	-0.0313742537766872	0.0925928710113867	26	26	0.737676334713864	0.92899835666868
K03824	group	GERD	-0.102777663858092	0.302207258250863	26	3	0.736747367421348	0.92899835666868
K05596	group	GERD	0.174279161685798	0.511797880992618	26	26	0.736425114678291	0.92899835666868
K08586	group	GERD	-0.320522716866305	0.943876965807421	26	6	0.737125843052963	0.92899835666868
K09940	group	GERD	0.195983853117583	0.576843488204877	26	26	0.736998540340043	0.92899835666868
K19237	group	GERD	-0.320522716866308	0.943876965807422	26	6	0.737125843052961	0.92899835666868
K00798	group	GERD	-0.0396429292597712	0.117402440863598	26	26	0.738549789054173	0.929397408273237
K02472	group	GERD	-0.20157411620547	0.597469699603386	26	26	0.738763642579252	0.929397408273237
K05577	group	GERD	0.226748507194693	0.672431465096791	26	5	0.738892242071847	0.929397408273237
K19302	group	GERD	0.0199625499444685	0.0590660045361993	26	26	0.73832414848588	0.929397408273237
K00643	group	GERD	-0.118239691161867	0.352247829514488	26	5	0.740035064597832	0.929597915994732
K02062	group	GERD	-0.0965569855784127	0.287464143695089	26	26	0.739870938345085	0.929597915994732
K02666	group	GERD	-0.139859555538898	0.416894196818941	26	26	0.740178161214769	0.929597915994732
K06966	group	GERD	0.0281830170679536	0.0839691074543359	26	26	0.740062124686606	0.929597915994732
K07233	group	GERD	0.0553232739346601	0.16495772132345	26	3	0.740253556829664	0.929597915994732
K09955	group	GERD	0.113685237603561	0.338997148849559	26	26	0.740269198329793	0.929597915994732
K02259	group	GERD	0.2742239991028	0.818555025784675	26	26	0.740528142972538	0.929668244164757
K00257	group	GERD	-0.158509812547497	0.474287447669458	26	26	0.741126846451637	0.929708195263878
K00381	group	GERD	-0.0834371796785041	0.255224087970258	26	26	0.746564564112177	0.929708195263878
K00856	group	GERD	0.170087450379161	0.511533175457823	26	26	0.742394622544795	0.929708195263878
K01507	group	GERD	0.0468008261953503	0.142056020276494	26	26	0.744671114243795	0.929708195263878
K01751	group	GERD	-0.106200488919014	0.32390732875850903	26	26	0.745850791447968	0.929708195263878
K01897	group	GERD	0.023283337400886	0.0713046143137992	26	26	0.746851377116584	0.929708195263878
K02313	group	GERD	0.0101193129115679	0.0308369688553791	26	26	0.745640097592636	0.929708195263878
K02335	group	GERD	-0.00918386874151186	0.0277280578470149	26	26	0.743358887056085	0.929708195263878
K03151	group	GERD	0.0365948504624114	0.111248350470983	26	26	0.745048750019087	0.929708195263878
K03430	group	GERD	0.16680339161002	0.506816972723461	26	26	0.74492019291361	0.929708195263878
K05343	group	GERD	0.135563302128851	0.412515883106445	26	26	0.745288893069611	0.929708195263878
K06113	group	GERD	0.138827525259795	0.423006860465876	26	26	0.7456125491485	0.929708195263878
K06286	group	GERD	-0.110000245317492	0.331555931291785	26	26	0.742942970185573	0.929708195263878
K07100	group	GERD	-0.155006382101269	0.469621417914617	26	26	0.744213396314315	0.929708195263878
K08195	group	GERD	0.237685655073347	0.719559555700581	26	21	0.744023617554902	0.929708195263878
K08310	group	GERD	-0.0985725908036071	0.300314824210144	26	26	0.745583642468247	0.929708195263878
K09689	group	GERD	0.338182966929811	1.01873283880777	26	21	0.742797908529706	0.929708195263878
K10107	group	GERD	0.338182966929811	1.01873283880777	26	21	0.742797908529706	0.929708195263878
K10540	group	GERD	0.0636481345730473	0.193714038585569	26	26	0.74533231817255	0.929708195263878
K10974	group	GERD	-0.0868409450489303	0.265674281806749	26	26	0.746599945576078	0.929708195263878
K11960	group	GERD	0.238825699095838	0.728945092790171	26	21	0.746030847105456	0.929708195263878
K11961	group	GERD	0.238825699095838	0.728945092790171	26	21	0.746030847105456	0.929708195263878
K11962	group	GERD	0.238825699095838	0.728945092790171	26	21	0.746030847105456	0.929708195263878
K11996	group	GERD	-0.0538132194134437	0.164281051350498	26	26	0.746078582757401	0.929708195263878
K12990	group	GERD	-0.225787152635593	0.681715694925313	26	26	0.74336473602602	0.929708195263878
K14059	group	GERD	-0.150362074876445	0.458214172217839	26	26	0.745645485787018	0.929708195263878
K15583	group	GERD	0.0194363725922461	0.0589710344720915	26	26	0.744567719804366	0.929708195263878
K15876	group	GERD	0.0760024737335923	0.232752729970376	26	26	0.746848373221015	0.929708195263878
K15894	group	GERD	0.157532508126336	0.475045862252527	26	26	0.743058137707006	0.929708195263878
K16013	group	GERD	0.0535838822557066	0.160536498443267	26	26	0.741444394677376	0.929708195263878
K18992	group	GERD	-0.163874365556345	0.498887709547424	26	26	0.745398033548432	0.929708195263878
K02040	group	GERD	-0.0360239549020037	0.110625351455487	26	26	0.747519460947172	0.930287055310784
K00058	group	GERD	0.0215550738494489	0.0671919846670384	26	26	0.751139954746781	0.93061240552361
K00197	group	GERD	-0.227933206751592	0.71058531833828	26	12	0.751162442812757	0.93061240552361
K00566	group	GERD	-0.0117051428157718	0.0371025762884506	26	26	0.755123730547455	0.93061240552361
K00640	group	GERD	0.0204052819246489	0.0632155962099289	26	26	0.749650615596585	0.93061240552361
K00752	group	GERD	0.298465991419799	0.947538142231816	26	25	0.755490859121819	0.93061240552361
K00873	group	GERD	0.00628417329387035	0.0194655265928607	26	26	0.74961523574159	0.93061240552361
K00912	group	GERD	-0.0307089057124064	0.0975389793134417	26	26	0.755606154254785	0.93061240552361
K01119	group	GERD	-0.0290599705009463	0.0919574528224664	26	26	0.754722768913035	0.93061240552361
K01195	group	GERD	-0.43157049149379	1.36418654861143	26	17	0.754466397127164	0.93061240552361
K01243	group	GERD	0.0129432607163468	0.0408514444337983	26	26	0.754106696748	0.93061240552361
K01448	group	GERD	-0.0244649684693876	0.0775062232051577	26	26	0.754995462920585	0.93061240552361
K01582	group	GERD	0.0926491757796524	0.288818514827897	26	26	0.751148533358816	0.93061240552361
K01801	group	GERD	0.234301894017322	0.742795452308798	26	21	0.755159724241111	0.93061240552361
K01813	group	GERD	-0.134694177752189	0.431340357335101	26	26	0.75753315507431	0.93061240552361
K01968	group	GERD	0.193655831842075	0.615169657269966	26	12	0.755633587188319	0.93061240552361
K01969	group	GERD	0.193655831842075	0.615169657269966	26	12	0.755633587188319	0.93061240552361
K01993	group	GERD	-0.0369040451278905	0.117401013660439	26	26	0.755977774198303	0.93061240552361
K02193	group	GERD	-0.106922197263924	0.337150821431984	26	26	0.753883862381487	0.93061240552361
K02194	group	GERD	-0.107028316481559	0.337164443651291	26	26	0.753657608340531	0.93061240552361
K02195	group	GERD	-0.107028316481559	0.337164443651291	26	26	0.753657608340531	0.93061240552361
K02197	group	GERD	-0.107028316481559	0.337164443651291	26	26	0.753657608340531	0.93061240552361
K02198	group	GERD	-0.107028316481559	0.337164443651291	26	26	0.753657608340531	0.93061240552361
K02224	group	GERD	-0.046381334735957	0.146165138921163	26	26	0.753743850157387	0.93061240552361
K02441	group	GERD	-0.0982647206774637	0.307557681891667	26	26	0.752111828677222	0.93061240552361
K03205	group	GERD	-0.0687634168939631	0.220161551303796	26	26	0.757486066308631	0.93061240552361
K03330	group	GERD	-0.252994551595817	0.808091029707946	26	8	0.756926829019015	0.93061240552361
K03602	group	GERD	-0.00553609892438677	0.0176852720105306	26	26	0.756958626696472	0.93061240552361
K03630	group	GERD	0.0131420398231375	0.0419142948406779	26	26	0.756575119243148	0.93061240552361
K03786	group	GERD	-0.0275901220298353	0.087831481974199	26	26	0.75613990070372	0.93061240552361
K05351	group	GERD	0.222348020764143	0.705482277463347	26	10	0.755355383979065	0.93061240552361
K06980	group	GERD	0.0524342574051457	0.162768711908075	26	26	0.750136171003808	0.93061240552361
K07094	group	GERD	-0.306393808421936	0.953386861127301	26	23	0.750709033922569	0.93061240552361
K07214	group	GERD	0.0730988953609112	0.229797167898282	26	26	0.75315916058414	0.93061240552361
K07389	group	GERD	-0.233248880138472	0.746274279754661	26	5	0.757321311650718	0.93061240552361
K07494	group	GERD	0.471580673363051	1.50828249088878	26	20	0.757239081804649	0.93061240552361
K07552	group	GERD	0.0290241763334242	0.0906482639767034	26	26	0.751599361456821	0.93061240552361
K07571	group	GERD	0.0471682496381419	0.149367180263761	26	26	0.754893815832978	0.93061240552361
K08352	group	GERD	-0.133442606314199	0.414168023797485	26	26	0.750095237541647	0.93061240552361
K09459	group	GERD	0.156886247890544	0.496458597418259	26	26	0.754726257717782	0.93061240552361
K09482	group	GERD	-0.252994551595817	0.808091029707946	26	8	0.756926829019015	0.93061240552361
K09709	group	GERD	-0.135645734046906	0.420987458586527	26	3	0.750084673941907	0.93061240552361
K09925	group	GERD	-0.113191312975047	0.352901856836243	26	26	0.751180252721711	0.93061240552361
K10804	group	GERD	0.278545621581335	0.892774638271362	26	22	0.757735051867074	0.93061240552361
K11005	group	GERD	-0.233248880138472	0.746274279754661	26	5	0.757321311650718	0.93061240552361
K11159	group	GERD	-0.0881139325352925	0.27620255822967	26	4	0.752471953464569	0.93061240552361
K17249	group	GERD	-0.145064830846976	0.462204224382895	26	26	0.756343389216151	0.93061240552361
K18430	group	GERD	-0.163695185790204	0.524043484376243	26	26	0.757457666529898	0.93061240552361
K19142	group	GERD	0.379277305154316	1.20557823093392	26	23	0.7557826148697	0.93061240552361
K19784	group	GERD	-0.199883421830333	0.637128979135797	26	26	0.756440313920335	0.93061240552361
K00127	group	GERD	-0.102440535707696	0.331364448303106	26	26	0.759877138350256	0.932151701237421
K00970	group	GERD	-0.0459047669580632	0.148865590774387	26	26	0.760466108510974	0.932151701237421
K01023	group	GERD	-0.139803208651925	0.451858219777137	26	26	0.759690399307813	0.932151701237421
K01338	group	GERD	-0.0227377225286554	0.0738275816314527	26	26	0.760751511354278	0.932151701237421
K02028	group	GERD	0.0253025273730361	0.0819857193537751	26	26	0.760272743289444	0.932151701237421
K05878	group	GERD	0.0608935512565835	0.197774818515134	26	26	0.760819736067827	0.932151701237421
K13288	group	GERD	0.0495763677548501	0.160987856306729	26	26	0.760776419843882	0.932151701237421
K13607	group	GERD	-0.121436528688692	0.393691807543046	26	26	0.760396992989489	0.932151701237421
K14189	group	GERD	-0.236522773561087	0.76403618466366	26	5	0.759559725911912	0.932151701237421
K01915	group	GERD	0.019304800986108	0.062775222021262	26	26	0.761098409018272	0.932243799923183
K02487	group	GERD	-0.271578991889925	0.884194707742829	26	19	0.761379743361974	0.932339108351031
K00982	group	GERD	0.0491822861817476	0.160937820027498	26	26	0.762545623000266	0.933050361228716
K01390	group	GERD	0.357145140029402	1.16880819772927	26	24	0.762571611534668	0.933050361228716
K09768	group	GERD	-0.10850711836776	0.354844825269097	26	26	0.762403119595961	0.933050361228716
K00603	group	GERD	0.116671056241358	0.384411094207688	26	26	0.764119830821946	0.933895638497313
K04772	group	GERD	-0.0976571659668844	0.32176617816113	26	26	0.764121667635577	0.933895638497313
K07284	group	GERD	0.0580412777908197	0.19095057016621	26	26	0.76377832281492	0.933895638497313
K11991	group	GERD	-0.0200043306880497	0.0660165322708211	26	26	0.764485624179202	0.933895638497313
K16293	group	GERD	-0.131438106099726	0.433593526631443	26	26	0.764397792888495	0.933895638497313
K16294	group	GERD	-0.131438106099726	0.433593526631443	26	26	0.764397792888495	0.933895638497313
K00392	group	GERD	-0.087947983298884	0.292407702970504	26	26	0.766178729785973	0.933971463850331
K01476	group	GERD	-0.267220958072396	0.883251276428346	26	24	0.764845209851959	0.933971463850331
K01599	group	GERD	0.0235466105806107	0.0779607322126391	26	26	0.765229776311422	0.933971463850331
K01975	group	GERD	0.151312641171928	0.502448445783259	26	26	0.765893374211444	0.933971463850331
K02054	group	GERD	-0.102787051104382	0.341590178435487	26	26	0.76607647299304	0.933971463850331
K02480	group	GERD	-0.0853027841674283	0.282898196230839	26	3	0.765606284187425	0.933971463850331
K03435	group	GERD	0.248311407899024	0.823599840185886	26	21	0.765633793291963	0.933971463850331
K03800	group	GERD	-0.0504943743167537	0.167032611164615	26	26	0.765025848632856	0.933971463850331
K00060	group	GERD	-0.228714491726549	0.771559931947588	26	25	0.769450827287107	0.934066047927492
K00124	group	GERD	-0.0888673060770643	0.297185557453504	26	26	0.767491471926592	0.934066047927492
K00134	group	GERD	-0.0134037952463965	0.0446821627522534	26	26	0.766774605554081	0.934066047927492
K02414	group	GERD	0.147621951468228	0.497569018509592	26	26	0.769258390830084	0.934066047927492
K02589	group	GERD	0.199987626198849	0.675471867581783	26	11	0.76972262190052	0.934066047927492
K02590	group	GERD	0.199987626198849	0.675471867581783	26	11	0.76972262190052	0.934066047927492
K02592	group	GERD	0.199987626198849	0.675471867581783	26	11	0.76972262190052	0.934066047927492
K02793	group	GERD	-0.0927017181506553	0.308717183270138	26	26	0.76654893405646	0.934066047927492
K03169	group	GERD	0.0371288721628006	0.125058707815183	26	26	0.769103645733746	0.934066047927492
K04077	group	GERD	-0.00866800329315043	0.0290962497887116	26	26	0.768337157710199	0.934066047927492
K07140	group	GERD	0.215249900382485	0.726940280672627	26	21	0.769697745152237	0.934066047927492
K07257	group	GERD	0.159399493103181	0.537788877098356	26	26	0.769476002542433	0.934066047927492
K07347	group	GERD	0.311007505754085	1.04146592611569	26	25	0.767796715365623	0.934066047927492
K12308	group	GERD	0.0791784489908647	0.266672918426757	26	26	0.769088044544437	0.934066047927492
K13770	group	GERD	0.199987626198849	0.675471867581783	26	11	0.76972262190052	0.934066047927492
K16164	group	GERD	0.160254380985438	0.538399576698472	26	26	0.768531996343545	0.934066047927492
K17713	group	GERD	-0.205250896473098	0.690981016744808	26	26	0.768989602277145	0.934066047927492
K02051	group	GERD	0.0238611759009671	0.0806831655720003	26	26	0.769972942836059	0.934122365236226
K19294	group	GERD	0.0937067572715234	0.317448013021509	26	26	0.770389084985594	0.934379771861002
K01858	group	GERD	0.0937889229354788	0.318536590495225	26	26	0.77095576647921	0.934819578147501
K00031	group	GERD	0.0739746127373002	0.256906269003977	26	26	0.775861575404699	0.935571282510682
K00112	group	GERD	0.0650859226358974	0.225623246842645	26	26	0.775462484875766	0.935571282510682
K00113	group	GERD	0.0650859226358974	0.225623246842645	26	26	0.775462484875766	0.935571282510682
K00231	group	GERD	-0.0370632381500633	0.127190646421007	26	26	0.773249821480601	0.935571282510682
K00355	group	GERD	0.0615823961210105	0.213224506792467	26	26	0.775203045262643	0.935571282510682
K01584	group	GERD	0.210049254257727	0.72137573588511	26	21	0.773416327135715	0.935571282510682
K02783	group	GERD	0.13734514109619	0.473057286410247	26	26	0.774053800195808	0.935571282510682
K03048	group	GERD	0.0634137844596926	0.216997331842082	26	26	0.772619853747261	0.935571282510682
K03310	group	GERD	-0.0224193622647881	0.0774215897519762	26	26	0.774628276692365	0.935571282510682
K03530	group	GERD	-0.0178437106992721	0.0620679228559391	26	26	0.776207336421867	0.935571282510682
K03545	group	GERD	-0.00549695455370686	0.0188982268633913	26	26	0.773648495425137	0.935571282510682
K03885	group	GERD	-0.0314517500101764	0.107859231338528	26	26	0.773098045260835	0.935571282510682
K05367	group	GERD	-0.0672682477629117	0.234243111908899	26	26	0.776444893762095	0.935571282510682
K05516	group	GERD	0.0504571020226654	0.175729061864161	26	26	0.776477191902557	0.935571282510682
K07271	group	GERD	0.0365526422007429	0.12614171642178	26	26	0.774477588996463	0.935571282510682
K07469	group	GERD	0.14118750864836	0.490837167099421	26	5	0.77608669806473	0.935571282510682
K11065	group	GERD	-0.0255680005906199	0.088497023489766	26	26	0.775128293878474	0.935571282510682
K12527	group	GERD	-0.08839782629352	0.3040531337056	26	26	0.773754238707444	0.935571282510682
K16652	group	GERD	-0.217142571883422	0.755258779506918	26	24	0.776191697026061	0.935571282510682
K17316	group	GERD	-0.195069155202245	0.672853649558293	26	21	0.774372685443933	0.935571282510682
K17317	group	GERD	-0.195069155202245	0.672853649558293	26	21	0.774372685443933	0.935571282510682
K18303	group	GERD	0.173258336611144	0.595826077640203	26	26	0.773712484843154	0.935571282510682
K19114	group	GERD	-0.119518079040809	0.408308390742821	26	26	0.772255660538455	0.935571282510682
K19745	group	GERD	0.139692331567429	0.485307704321039	26	9	0.775938091939132	0.935571282510682
K02237	group	GERD	0.0149161062972577	0.0520337298556746	26	26	0.776831130808649	0.935751619835503
K03324	group	GERD	-0.030557254901292	0.107330841302993	26	26	0.778315029256791	0.936905341522556
K07062	group	GERD	0.11322727917309	0.397866618198932	26	26	0.778402473223062	0.936905341522556
K09702	group	GERD	-0.219686525417275	0.771271054621965	26	23	0.778212485203859	0.936905341522556
K07481	group	GERD	-0.0808001176827879	0.285479216837643	26	26	0.779578263341694	0.937827737491675
K15898	group	GERD	-0.113660192084074	0.401372956937408	26	26	0.779468271298095	0.937827737491675
K01061	group	GERD	0.202689668818033	0.731456614975341	26	21	0.784072888484091	0.938095083022415
K01104	group	GERD	0.0234662443567104	0.0841848868688328	26	26	0.782827103651369	0.938095083022415
K01455	group	GERD	0.0727602442136545	0.258845575023756	26	4	0.781046599453958	0.938095083022415
K01573	group	GERD	-0.132698119097957	0.475073635258496	26	26	0.782391361381422	0.938095083022415
K01956	group	GERD	-0.0088547329455768	0.0320308515604565	26	26	0.784573894218439	0.938095083022415
K02507	group	GERD	-0.0944436906524026	0.339617533983282	26	26	0.783326251796045	0.938095083022415
K03453	group	GERD	0.0282885947744438	0.102378568527321	26	26	0.784672731917351	0.938095083022415
K03466	group	GERD	0.0186662096504262	0.0678331007813894	26	26	0.785534324050204	0.938095083022415
K03481	group	GERD	0.126169120372288	0.454391578840007	26	26	0.783646599458523	0.938095083022415
K03498	group	GERD	0.0162916951149358	0.0578911990700458	26	26	0.780801057317473	0.938095083022415
K03737	group	GERD	0.0398244076421505	0.143291949133195	26	26	0.783450218328129	0.938095083022415
K03821	group	GERD	0.210844771083075	0.752607047229641	26	21	0.781761069273875	0.938095083022415
K05795	group	GERD	0.117770787257575	0.427478734926259	26	26	0.785289557905437	0.938095083022415
K06196	group	GERD	-0.0427105057247733	0.151504197807038	26	26	0.780429390081572	0.938095083022415
K06296	group	GERD	0.16464536404475	0.587890470720055	26	11	0.781830236129815	0.938095083022415
K06443	group	GERD	-0.165121306511188	0.593035844842232	26	5	0.783064161272812	0.938095083022415
K07052	group	GERD	-0.0421172921112948	0.152675380154347	26	26	0.785015711870562	0.938095083022415
K08177	group	GERD	0.0896536907987642	0.32126800111501	26	26	0.782587871079288	0.938095083022415
K09134	group	GERD	-0.0679996288846937	0.243531595696638	26	26	0.782465771061027	0.938095083022415
K11004	group	GERD	0.237776788738521	0.857599900605746	26	19	0.7839558543392	0.938095083022415
K11744	group	GERD	-0.222768431599248	0.809086977877673	26	15	0.785416945430769	0.938095083022415
K11904	group	GERD	0.117274864027185	0.425115178269603	26	26	0.785012387280833	0.938095083022415
K12049	group	GERD	-0.222768431599248	0.809086977877673	26	15	0.785416945430769	0.938095083022415
K12050	group	GERD	-0.222768431599248	0.809086977877673	26	15	0.785416945430769	0.938095083022415
K12053	group	GERD	-0.222768431599248	0.809086977877673	26	15	0.785416945430769	0.938095083022415
K12508	group	GERD	0.0727602442136545	0.258845575023756	26	4	0.781046599453958	0.938095083022415
K13543	group	GERD	0.194300904267611	0.704548217316763	26	21	0.78507708928301	0.938095083022415
K16171	group	GERD	0.204072933589778	0.723632113315083	26	21	0.780351903362281	0.938095083022415
K00023	group	GERD	0.199201483636849	0.726454452804264	26	21	0.786269202329875	0.938132319870073
K01761	group	GERD	-0.111431943932579	0.406726353726703	26	26	0.786449776631447	0.938132319870073
K02188	group	GERD	-0.0402551322985571	0.147174794480629	26	26	0.786794231159315	0.938132319870073
K02372	group	GERD	0.0177693807683748	0.0646586072136008	26	26	0.785807618657125	0.938132319870073
K09707	group	GERD	-0.0953025555088195	0.347282934571602	26	4	0.786107608575492	0.938132319870073
K09781	group	GERD	0.0536308628938421	0.195996474718131	26	26	0.786708735808862	0.938132319870073
K03588	group	GERD	-0.0049958292521932	0.0183049701250461	26	26	0.787247829637072	0.938428911675104
K05589	group	GERD	0.0569005707925647	0.20870989889302	26	26	0.78746968786527	0.938449177968471
K15987	group	GERD	0.0514141568479976	0.188840030464153	26	26	0.787748457944669	0.938537239491425
K01358	group	GERD	0.00868129054127509	0.0319967567882768	26	26	0.788466672102116	0.938904555471742
K03919	group	GERD	0.308728637803475	1.13752090760006	26	8	0.788400574901804	0.938904555471742
K07096	group	GERD	-0.237504928490338	0.876349741872711	26	17	0.788695949381472	0.93893350938579
K02227	group	GERD	-0.039357921422288	0.145540496759739	26	26	0.789144580048594	0.939033312516618
K07227	group	GERD	0.176678997935579	0.65413204472795	26	25	0.789394736193298	0.939033312516618
K10954	group	GERD	-0.306507191906866	1.13420385415294	26	23	0.789285943141197	0.939033312516618
K16789	group	GERD	0.0421509952934262	0.156239991939013	26	26	0.789632840615333	0.939072700638329
K00822	group	GERD	0.19144367024533	0.723404756263337	26	21	0.793544374834629	0.939221471417929
K01200	group	GERD	-0.040841022947904	0.152906317467854	26	26	0.791675223211157	0.939221471417929
K02069	group	GERD	0.0409213060466077	0.152129852653879	26	26	0.790236826585858	0.939221471417929
K02457	group	GERD	0.191962758463149	0.724850952590924	26	21	0.793401144205033	0.939221471417929
K03088	group	GERD	-0.0237058025419142	0.0887476394489091	26	26	0.791662742862292	0.939221471417929
K03525	group	GERD	-0.027352394413889	0.103257743540468	26	26	0.793352646069335	0.939221471417929
K03672	group	GERD	-0.0879287213590551	0.328871285235817	26	3	0.791472220808136	0.939221471417929
K04046	group	GERD	0.192689532034162	0.723200659182608	26	21	0.792176224164903	0.939221471417929
K05973	group	GERD	0.192941638713174	0.724506746537434	26	21	0.792276942705471	0.939221471417929
K06182	group	GERD	-0.108695942461456	0.410284761421992	26	26	0.793326999840806	0.939221471417929
K07114	group	GERD	-0.0253495426964935	0.0954932215534014	26	26	0.792922749581357	0.939221471417929
K07277	group	GERD	-0.0261435076921674	0.0971217343665144	26	26	0.790089642029281	0.939221471417929
K09700	group	GERD	0.180305876706035	0.674385362528639	26	15	0.791473652026535	0.939221471417929
K09798	group	GERD	-0.0864510030816873	0.323910003274179	26	26	0.79182748802716	0.939221471417929
K10563	group	GERD	-0.0560802584311634	0.2120242070749	26	26	0.793653419746519	0.939221471417929
K11745	group	GERD	0.103336579244291	0.389653350460119	26	26	0.79311897131937	0.939221471417929
K12942	group	GERD	-0.067343966629047	0.252525537290128	26	26	0.791992161289218	0.939221471417929
K14160	group	GERD	0.192941638713174	0.724506746537434	26	21	0.792276942705471	0.939221471417929
K19350	group	GERD	0.058826843011471	0.219834314604221	26	26	0.791296390258008	0.939221471417929
K01092	group	GERD	-0.0626427748010644	0.237123431706051	26	26	0.793898146174501	0.939268442052012
K02456	group	GERD	0.0605877441919061	0.230721685872692	26	26	0.795099190255283	0.940446524802337
K00554	group	GERD	-0.00477694150232743	0.0183493564351992	26	26	0.79682754659035	0.940520113712095
K00609	group	GERD	-0.00930262673183131	0.035793083754076	26	26	0.797157475609547	0.940520113712095
K00865	group	GERD	0.020140660690962	0.0771351957055661	26	26	0.796236351521886	0.940520113712095
K01572	group	GERD	-0.0379565664206545	0.146144686440682	26	26	0.797295480719851	0.940520113712095
K01749	group	GERD	-0.017584729274301	0.067878010810706	26	26	0.79779519246399	0.940520113712095
K02068	group	GERD	-0.056611091755429	0.217432062402295	26	26	0.796805220054923	0.940520113712095
K03386	group	GERD	-0.0216980800531112	0.0837080353672739	26	26	0.797682548586207	0.940520113712095
K03828	group	GERD	0.158373713991305	0.605951577767633	26	26	0.796041962201857	0.940520113712095
K06904	group	GERD	-0.155649678518631	0.598870101666988	26	25	0.797153315777802	0.940520113712095
K07148	group	GERD	-0.289766862325426	1.1172578628027099	26	21	0.797572776351536	0.940520113712095
K07266	group	GERD	-0.266882526975629	1.02815831878275	26	21	0.797406581544387	0.940520113712095
K13963	group	GERD	-0.0911626251706579	0.351955454214529	26	26	0.797830421716918	0.940520113712095
K18197	group	GERD	0.103761915805707	0.399421922713625	26	3	0.797248881724205	0.940520113712095
K18164	group	GERD	-0.0719502740799558	0.278430158571372	26	3	0.798290596485022	0.940820484306119
K13925	group	GERD	0.324965314417587	1.26005754376987	26	5	0.798684830907954	0.941043006787381
K00927	group	GERD	0.0085509019690383	0.0331944978711837	26	26	0.798911552209742	0.941068094798876
K01252	group	GERD	0.137877393924105	0.539402643837089	26	26	0.80042900558245	0.941098061968727
K01322	group	GERD	-0.0430021113635089	0.168539698781414	26	26	0.80078467409248	0.941098061968727
K02221	group	GERD	0.0234020862626718	0.0917085184633082	26	26	0.800758961806073	0.941098061968727
K02302	group	GERD	0.0551702076277814	0.215882489095445	26	26	0.800470685736091	0.941098061968727
K07157	group	GERD	0.185952356656752	0.728814278627115	26	21	0.800785908219624	0.941098061968727
K07232	group	GERD	0.185855259414211	0.724690518862132	26	21	0.799780107698598	0.941098061968727
K07718	group	GERD	-0.0413225283646121	0.16135340435871	26	26	0.800056383618864	0.941098061968727
K09764	group	GERD	-0.308918576320533	1.20382188793242	26	22	0.79966313652799	0.941098061968727
K11473	group	GERD	0.16773195453208	0.653950996759149	26	25	0.799758330668962	0.941098061968727
K03710	group	GERD	0.0581345604568065	0.228142636785358	26	26	0.801035490158592	0.9411499308583
K06917	group	GERD	-0.104302605021612	0.410578088399104	26	26	0.801629716752279	0.9416065980621
K17315	group	GERD	0.138860888312831	0.547262303006489	26	26	0.801859599272182	0.941635176689532
K13829	group	GERD	-0.133232942065066	0.526389356741098	26	26	0.802340824607165	0.941958820483194
K01919	group	GERD	-0.0584167494354851	0.23140915725204	26	26	0.802851033941169	0.942316317316038
K06861	group	GERD	-0.0245330129203441	0.0973376211331843	26	26	0.803155706273677	0.942432451444599
K03270	group	GERD	-0.0248931589179791	0.0990658128762873	26	26	0.803737434843486	0.942873543922666
K01034	group	GERD	-0.102264687848197	0.408758797245804	26	26	0.804574672289422	0.943161929080719
K01035	group	GERD	-0.102264687848197	0.408758797245804	26	26	0.804574672289422	0.943161929080719
K07009	group	GERD	0.0594851898743129	0.238009046186384	26	26	0.804769720101772	0.943161929080719
K18302	group	GERD	-0.173222041215377	0.693221591420084	26	25	0.804806806543665	0.943161929080719
K14540	group	GERD	-0.0169255251633177	0.0678545204960137	26	26	0.80514416672891	0.943315966185457
K00088	group	GERD	0.0085750962024346	0.0345614698212392	26	26	0.806158786072711	0.944263206085168
K00169	group	GERD	0.11288714330266	0.475283394382111	26	26	0.81427284208085	0.944316278703851
K00170	group	GERD	0.120323995518158	0.508374273500048	26	26	0.81491053081345	0.944316278703851
K00172	group	GERD	0.11288714330266	0.475283394382111	26	26	0.81427284208085	0.944316278703851
K00216	group	GERD	0.128963754856802	0.539645773764232	26	26	0.813151170226404	0.944316278703851
K00647	group	GERD	0.0410923819638176	0.173110655293708	26	26	0.814379465002301	0.944316278703851
K00748	group	GERD	-0.0237574422631962	0.097548186856687	26	26	0.809652406756259	0.944316278703851
K01439	group	GERD	-0.0249473315431985	0.104216884953807	26	26	0.81284424096516	0.944316278703851
K01442	group	GERD	-0.0643666545243811	0.272545518837852	26	26	0.815305854276934	0.944316278703851
K01485	group	GERD	-0.068138924382656	0.284187981829926	26	26	0.812546799150713	0.944316278703851
K01698	group	GERD	-0.0166528988695191	0.0687748732031994	26	26	0.810731618550452	0.944316278703851
K01783	group	GERD	-0.00436306329737377	0.0183820655465952	26	26	0.814396360216765	0.944316278703851
K02003	group	GERD	0.02531774557979	0.107563605254705	26	26	0.815914794586656	0.944316278703851
K02363	group	GERD	0.128963754856802	0.539645773764232	26	26	0.813151170226404	0.944316278703851
K02364	group	GERD	0.129249739585441	0.539593790286473	26	26	0.812727304959189	0.944316278703851
K02428	group	GERD	-0.0117836977991734	0.0481966823615753	26	26	0.808928073724144	0.944316278703851
K02798	group	GERD	-0.0837453734721014	0.338662652456611	26	26	0.806792717529579	0.944316278703851
K03313	group	GERD	-0.0262123266834239	0.108298875449713	26	26	0.810807793245086	0.944316278703851
K03322	group	GERD	0.0465715841975342	0.193721953476151	26	26	0.812058532099306	0.944316278703851
K03561	group	GERD	-0.0248669415119716	0.101882231060897	26	26	0.809246923551257	0.944316278703851
K03604	group	GERD	-0.0844068167935085	0.344227738985943	26	26	0.808381265679455	0.944316278703851
K03624	group	GERD	-0.00843131068061357	0.0346407126881251	26	26	0.809769244940715	0.944316278703851
K05366	group	GERD	-0.0117059250420951	0.0486064202673568	26	26	0.811731695113935	0.944316278703851
K05786	group	GERD	0.0231854821845356	0.0968226097060313	26	26	0.812779453203851	0.944316278703851
K06183	group	GERD	-0.0208762322332719	0.0875186396707615	26	26	0.813491390172429	0.944316278703851
K06285	group	GERD	0.15820459043305	0.667987949756463	26	11	0.81479272224524	0.944316278703851
K06310	group	GERD	0.065304411518224	0.276458471577897	26	3	0.815268007479	0.944316278703851
K06395	group	GERD	0.15820459043305	0.667987949756463	26	11	0.81479272224524	0.944316278703851
K06413	group	GERD	0.15820459043305	0.667987949756463	26	11	0.81479272224524	0.944316278703851
K06436	group	GERD	0.15820459043305	0.667987949756463	26	11	0.81479272224524	0.944316278703851
K06886	group	GERD	-0.163261777456067	0.695708564691339	26	26	0.816455602886074	0.944316278703851
K06905	group	GERD	0.0906751567001987	0.385792448739278	26	26	0.816174525213813	0.944316278703851
K06959	group	GERD	-0.0103419638951524	0.0420378386846698	26	26	0.807761987137783	0.944316278703851
K07221	group	GERD	0.065576217026771	0.277930046471529	26	26	0.815477224572728	0.944316278703851
K07341	group	GERD	0.026714481622761	0.113873626517982	26	26	0.816510975757685	0.944316278703851
K07574	group	GERD	-0.014442370008243	0.0590551494771292	26	26	0.808877976653544	0.944316278703851
K07734	group	GERD	-0.176955488649868	0.7298729548854	26	23	0.810493745155454	0.944316278703851
K08221	group	GERD	0.15820459043305	0.667987949756463	26	11	0.81479272224524	0.944316278703851
K09251	group	GERD	0.15820459043305	0.667987949756463	26	11	0.81479272224524	0.944316278703851
K09972	group	GERD	0.170815891637141	0.721711814439515	26	15	0.814912295700973	0.944316278703851
K09992	group	GERD	0.0498033533408075	0.210980200757025	26	3	0.815391346345463	0.944316278703851
K10670	group	GERD	-0.0541847874378875	0.223246876953276	26	26	0.810290470154588	0.944316278703851
K10873	group	GERD	0.152382658378048	0.626379437908594	26	12	0.809859430276193	0.944316278703851
K11735	group	GERD	0.165726265070862	0.705869998536967	26	21	0.816368741918957	0.944316278703851
K12972	group	GERD	0.178186843696142	0.726484911236015	26	21	0.808330540314205	0.944316278703851
K13734	group	GERD	0.259314571752354	1.06297118265546	26	21	0.809340904082316	0.944316278703851
K15975	group	GERD	-0.0876384836303926	0.364022585857722	26	26	0.811793534662084	0.944316278703851
K16090	group	GERD	0.175064295752206	0.73047365628276	26	21	0.812629937191299	0.944316278703851
K16511	group	GERD	-0.0652783279169411	0.267633196198843	26	26	0.809373751036334	0.944316278703851
K16788	group	GERD	0.0333428407854524	0.142084975438158	26	26	0.816456734143433	0.944316278703851
K18480	group	GERD	-0.113621066814866	0.461952796352644	26	26	0.807805921996669	0.944316278703851
K00507	group	GERD	0.27287868746046	1.18284120907717	26	23	0.8195049585823	0.946348984253844
K00634	group	GERD	0.0686243799792191	0.296187520415224	26	26	0.818741072450657	0.946348984253844
K00763	group	GERD	-0.00829302523924167	0.0358684018019736	26	26	0.819113780953141	0.946348984253844
K00823	group	GERD	0.138666429528496	0.602220952204566	26	26	0.819842348974147	0.946348984253844
K01735	group	GERD	0.00688184963287273	0.0299008419140091	26	26	0.819921222113841	0.946348984253844
K04757	group	GERD	-0.0658390403085651	0.28581822168444	26	26	0.819769799457774	0.946348984253844
K07147	group	GERD	0.165087309872733	0.7169200282901	26	21	0.819831146838034	0.946348984253844
K09469	group	GERD	0.116653946650106	0.506738839829133	26	26	0.819883163257664	0.946348984253844
K03717	group	GERD	0.16230777539944	0.706047262845587	26	21	0.820131246288893	0.946352956989779
K01531	group	GERD	-0.0556860776920129	0.243244267141136	26	26	0.820862368859471	0.946481377232629
K18841	group	GERD	0.207944450945819	0.907529820046502	26	9	0.820707411536085	0.946481377232629
K18842	group	GERD	0.207944450945819	0.907529820046502	26	9	0.820707411536085	0.946481377232629
K00853	group	GERD	0.122893244987918	0.538485392690605	26	26	0.821408338705577	0.946555064612292
K04752	group	GERD	-0.160961327129626	0.705484540624862	26	26	0.821456811320418	0.946555064612292
K13256	group	GERD	0.0644462955847508	0.282608524980121	26	26	0.821546155184124	0.946555064612292
K00249	group	GERD	0.236487204793447	1.04009265555146	26	24	0.82206080368918	0.946830868076948
K03385	group	GERD	0.0424820665334112	0.186987820922696	26	26	0.822198907053067	0.946830868076948
K03488	group	GERD	0.0505285998851538	0.223266430234021	26	26	0.822872634730765	0.947130537613476
K04565	group	GERD	-0.0825740216422132	0.364862768941763	26	26	0.82287261418109	0.947130537613476
K00153	group	GERD	0.118632215552439	0.540117983873562	26	26	0.828007932391073	0.947170224867411
K00179	group	GERD	0.0989839596649368	0.476915700534805	26	26	0.837331237502897	0.947170224867411
K00180	group	GERD	0.0994575342381946	0.476942048242278	26	26	0.836573506602042	0.947170224867411
K00294	group	GERD	0.0928280743488749	0.447330338562554	26	26	0.837357882437393	0.947170224867411
K00344	group	GERD	0.117890958410868	0.52750137110181	26	26	0.82504603891705	0.947170224867411
K00364	group	GERD	0.030016737362196	0.140348942349499	26	26	0.832453299775946	0.947170224867411
K00510	group	GERD	0.113894520241808	0.540970392917938	26	26	0.83502550870995	0.947170224867411
K00517	group	GERD	0.119959214107922	0.540300078463861	26	26	0.826174173320217	0.947170224867411
K00619	group	GERD	-0.0684720287266401	0.329890429997289	26	26	0.837323755692414	0.947170224867411
K00658	group	GERD	0.0331172932691618	0.154810968897793	26	26	0.832415794077082	0.947170224867411
K00674	group	GERD	0.0271539944557299	0.125149414956561	26	26	0.830063571958018	0.947170224867411
K00826	group	GERD	0.00782767641967517	0.0379133241349504	26	26	0.838171249862724	0.947170224867411
K00919	group	GERD	0.0100439853375135	0.0462667885873156	26	26	0.82997431382608	0.947170224867411
K01051	group	GERD	0.0724221409180787	0.329294566306432	26	26	0.827784722018808	0.947170224867411
K01212	group	GERD	0.0630962423938001	0.30655529302552	26	26	0.838664817836781	0.947170224867411
K01247	group	GERD	0.206779268648192	0.917046976727016	26	24	0.823511941747096	0.947170224867411
K01318	group	GERD	0.169457502720007	0.80599079252857	26	23	0.835249280178945	0.947170224867411
K01627	group	GERD	-0.0213957151749788	0.0979593253652368	26	26	0.82895292732939	0.947170224867411
K01738	group	GERD	-0.00989418325321574	0.0449767316971802	26	26	0.827743672337081	0.947170224867411
K01857	group	GERD	0.150244042450987	0.706947301804473	26	21	0.833492137949939	0.947170224867411
K01926	group	GERD	-0.0327703027800483	0.153310369655182	26	26	0.8325464620619	0.947170224867411
K02012	group	GERD	0.0318410394141835	0.150049811561195	26	26	0.833740472350672	0.947170224867411
K02053	group	GERD	-0.0673748790087733	0.320272436991255	26	26	0.835156716542908	0.947170224867411
K02066	group	GERD	-0.0163810230972188	0.0762105943579314	26	26	0.831626859304139	0.947170224867411
K02361	group	GERD	0.0356477306076816	0.164567351081672	26	26	0.830339243615698	0.947170224867411
K02398	group	GERD	0.0957292676091728	0.432296242967469	26	26	0.826620309575169	0.947170224867411
K02784	group	GERD	0.0622811035820301	0.276754681858419	26	26	0.823852631312622	0.947170224867411
K02795	group	GERD	0.0404558078724386	0.192653623322345	26	26	0.8354460479272	0.947170224867411
K02796	group	GERD	0.0406950666556489	0.180975183959205	26	26	0.82398751490826	0.947170224867411
K02858	group	GERD	-0.0365400086516907	0.165311650890524	26	26	0.826933270559488	0.947170224867411
K02945	group	GERD	-0.00978281230042409	0.0463801161476147	26	26	0.834725036822505	0.947170224867411
K03217	group	GERD	-0.00853774666825522	0.0384433260531398	26	26	0.826125485591876	0.947170224867411
K03449	group	GERD	-0.0818031413712454	0.381441179615264	26	26	0.832001593142731	0.947170224867411
K03569	group	GERD	0.0142264064784129	0.0688813349102639	26	26	0.838115192610586	0.947170224867411
K03606	group	GERD	0.0663352945399576	0.319066520889548	26	26	0.837057876283026	0.947170224867411
K03795	group	GERD	0.164088910396712	0.749664552851768	26	21	0.828591821005669	0.947170224867411
K03816	group	GERD	0.0177144291705853	0.0831475674062727	26	26	0.833088798715396	0.947170224867411
K04090	group	GERD	0.0761194258314157	0.365415440900335	26	6	0.836745208509204	0.947170224867411
K04093	group	GERD	0.0644125121104874	0.312143646360295	26	26	0.838253934113247	0.947170224867411
K04720	group	GERD	-0.0351754994961362	0.161128590840379	26	26	0.829035558139738	0.947170224867411
K05515	group	GERD	0.0220131977833546	0.106383527564534	26	26	0.837815564892744	0.947170224867411
K05814	group	GERD	-0.126898420824485	0.616681814518021	26	26	0.83870127396463	0.947170224867411
K05916	group	GERD	0.113627112108677	0.540370924629167	26	26	0.835227135481417	0.947170224867411
K06888	group	GERD	0.109905088934515	0.493261406707193	26	26	0.825566412642585	0.947170224867411
K06891	group	GERD	0.0567822382977548	0.267279274750784	26	26	0.833553646205603	0.947170224867411
K07273	group	GERD	0.0467285952525639	0.224535363114675	26	26	0.836897190932773	0.947170224867411
K07749	group	GERD	0.165636808839484	0.782929859039985	26	22	0.834236407620828	0.947170224867411
K08728	group	GERD	0.0568224621157289	0.26210998578952	26	4	0.83020533673754	0.947170224867411
K09000	group	GERD	-0.22520753779917	1.09530070556549	26	11	0.838827680045205	0.947170224867411
K09127	group	GERD	-0.225240586657982	1.09527638870504	26	11	0.83880084651952	0.947170224867411
K09763	group	GERD	-0.0889246051451557	0.42942121104833	26	5	0.837694212664123	0.947170224867411
K09815	group	GERD	-0.0124147312095282	0.0568381504193182	26	26	0.828946589030378	0.947170224867411
K09932	group	GERD	-0.0824748294648587	0.399386662309998	26	4	0.838139353350882	0.947170224867411
K09933	group	GERD	0.162517117179431	0.725103376364834	26	21	0.824553533133637	0.947170224867411
K11734	group	GERD	0.111571360844442	0.51749694689786	26	26	0.831122803887672	0.947170224867411
K11921	group	GERD	0.0828016076976061	0.378651309498867	26	26	0.828752041974596	0.947170224867411
K12111	group	GERD	0.0714908404011491	0.319074269755768	26	26	0.824609327393949	0.947170224867411
K13057	group	GERD	0.123216293428452	0.549334280003347	26	26	0.824421582149363	0.947170224867411
K14441	group	GERD	-0.0222275712658951	0.107277947282907	26	26	0.83760467872201	0.947170224867411
K15023	group	GERD	-0.144599873418257	0.68613375081517	26	12	0.834864661217743	0.947170224867411
K15051	group	GERD	-0.0564658345625706	0.261815836006051	26	26	0.831067352001786	0.947170224867411
K15371	group	GERD	0.114619403013481	0.526167039267664	26	26	0.829396506220975	0.947170224867411
K15520	group	GERD	0.117974506300301	0.53651935358464	26	26	0.827817480687487	0.947170224867411
K15521	group	GERD	0.117974506300301	0.53651935358464	26	26	0.827817480687487	0.947170224867411
K15525	group	GERD	0.117974506300301	0.53651935358464	26	26	0.827817480687487	0.947170224867411
K15526	group	GERD	0.117974506300301	0.53651935358464	26	26	0.827817480687487	0.947170224867411
K15580	group	GERD	0.0345249274790445	0.15954390409508	26	26	0.830506601978514	0.947170224867411
K15600	group	GERD	-0.0637130912500564	0.296597374992566	26	26	0.83172766618575	0.947170224867411
K15771	group	GERD	0.0527133359258629	0.24945821541767	26	26	0.83442844770771	0.947170224867411
K15780	group	GERD	-0.0822357008656798	0.363984249436537	26	26	0.823167294118442	0.947170224867411
K15899	group	GERD	-0.0933728774430188	0.433884578388584	26	26	0.831428028982798	0.947170224867411
K16234	group	GERD	0.118789714632705	0.540251445289851	26	26	0.827825228730928	0.947170224867411
K16346	group	GERD	0.205315809819578	0.929033108638156	26	22	0.82696225394804	0.947170224867411
K17883	group	GERD	0.110921610852619	0.536955311525356	26	26	0.83808420415777	0.947170224867411
K18455	group	GERD	0.117974506300301	0.53651935358464	26	26	0.827817480687487	0.947170224867411
K18816	group	GERD	0.183890734369817	0.840448021679316	26	26	0.828655184681858	0.947170224867411
K18831	group	GERD	-0.0686339909322827	0.330376361506611	26	26	0.837180957924403	0.947170224867411
K02225	group	GERD	0.145340431150682	0.708114425473772	26	21	0.839107774146378	0.947253009700483
K07305	group	GERD	0.046509402007501	0.227114303202654	26	26	0.83946762568293	0.947425768231955
K17215	group	GERD	-0.182677964323129	0.894174664213817	26	19	0.839843319589993	0.947616317005359
K00762	group	GERD	-0.00358949309677833	0.0176548111458088	26	26	0.840602577582987	0.947884196879563
K00928	group	GERD	-0.0065127670673244	0.0326835840278556	26	26	0.843732313880301	0.947884196879563
K01073	group	GERD	0.259407719353529	1.29775587947256	26	15	0.843251066027797	0.947884196879563
K03315	group	GERD	0.0322885551475076	0.160861030398688	26	26	0.842606262054059	0.947884196879563
K05813	group	GERD	-0.123268723658923	0.616732500737205	26	26	0.84326310630367	0.947884196879563
K05815	group	GERD	-0.123268723658923	0.616732500737205	26	26	0.84326310630367	0.947884196879563
K07107	group	GERD	0.0151081058431553	0.0749319353172528	26	26	0.841909563752139	0.947884196879563
K07117	group	GERD	0.141301139150647	0.708069003700153	26	21	0.843507081384194	0.947884196879563
K07649	group	GERD	0.14432663918727	0.71935268469478	26	21	0.842675269282909	0.947884196879563
K09692	group	GERD	0.0430604054000093	0.213309892275189	26	26	0.841721367376069	0.947884196879563
K09693	group	GERD	0.0430604054000093	0.213309892275189	26	26	0.841721367376069	0.947884196879563
K09780	group	GERD	0.0323993547514527	0.162474458831725	26	26	0.843620345582572	0.947884196879563
K13671	group	GERD	0.105892143839951	0.520229972268005	26	26	0.840422187747609	0.947884196879563
K13821	group	GERD	0.0480943152444432	0.241470109763792	26	26	0.843805229180279	0.947884196879563
K14623	group	GERD	0.0650194235946543	0.320883585885571	26	26	0.841135152528429	0.947884196879563
K15640	group	GERD	0.259407719353529	1.29775587947256	26	15	0.843251066027797	0.947884196879563
K19141	group	GERD	-0.233904047112924	1.16757563753171	26	11	0.84290798244492	0.947884196879563
K19349	group	GERD	0.259407719353529	1.29775587947256	26	15	0.843251066027797	0.947884196879563
K03312	group	GERD	0.0455942865812393	0.22979975492729	26	26	0.844396361611281	0.948315698097886
K00123	group	GERD	-0.0503098887097911	0.254755227830862	26	26	0.845112423072344	0.948422344462129
K03274	group	GERD	0.0407005059335819	0.205851956051262	26	26	0.84493127645057	0.948422344462129
K03500	group	GERD	0.014382734941556	0.0726532491122214	26	26	0.844740378103804	0.948422344462129
K05801	group	GERD	-0.0405446414094082	0.205683302007825	26	26	0.845392182165125	0.94850393987226
K07084	group	GERD	-0.0433280705930402	0.221594033484082	26	26	0.846624792233361	0.948978079019808
K13611	group	GERD	0.127187853140811	0.650560576831753	26	4	0.846643398592874	0.948978079019808
K14941	group	GERD	0.254990719059785	1.29910751865767	26	15	0.846042423708827	0.948978079019808
K16137	group	GERD	-0.0794421934408614	0.405571786695841	26	26	0.846355449120334	0.948978079019808
K07498	group	GERD	-0.136562877734108	0.70187594893638094	26	10	0.847368470794434	0.949558455163724
K01640	group	GERD	-0.0751190133412576	0.387100395759211	26	26	0.847765477970832	0.949771008702465
K09680	group	GERD	0.0517136880306483	0.2675470462248	26	26	0.848359742068238	0.95020439570039
K00375	group	GERD	0.0388404266781446	0.20147688403335	26	26	0.84875442585031	0.950414085754161
K02341	group	GERD	-0.00341152137240184	0.0180004620337872	26	26	0.851275813412566	0.95300452132037194
K00906	group	GERD	-0.150233529434626	0.797217587812172	26	24	0.852110389669686	0.953705764739025
K01990	group	GERD	-0.0230789190822682	0.122645101924696	26	26	0.852320378843582	0.95370778101672
K07714	group	GERD	0.19773990315241	1.0559309887099	26	12	0.853026268234566	0.954264550618449
K01342	group	GERD	-0.14961202002501	0.803703339657006	26	7	0.853889037468581	0.954297555658348
K07027	group	GERD	-0.0182888728022165	0.0981032857477337	26	26	0.853678584530549	0.954297555658348
K07074	group	GERD	-0.0902467721534283	0.48465598737878	26	26	0.853846688907266	0.954297555658348
K17214	group	GERD	-0.168873490523274	0.905065696327017	26	19	0.853552708580738	0.954297555658348
K18231	group	GERD	-0.049872202824987	0.269721724029301	26	26	0.854859200642336	0.955148780034766
K08591	group	GERD	0.0109131547393519	0.0591205557275125	26	26	0.855100360611795	0.955185260171331
K03549	group	GERD	0.0502760469330912	0.276048347737528	26	26	0.857012121819384	0.956620986855409
K10805	group	GERD	0.0306447896649321	0.168206060383056	26	26	0.856966863144973	0.956620986855409
K16345	group	GERD	0.0390556127202397	0.213924211530317	26	26	0.856670779893799	0.956620986855409
K00020	group	GERD	0.0448959414783637	0.24737727665977	26	26	0.857508820970536	0.956892265116523
K16784	group	GERD	0.0950307459020487	0.524231419909404	26	26	0.857672918700818	0.956892265116523
K06382	group	GERD	0.0828511225216369	0.459020043846535	26	26	0.858278944044678	0.957097592373246
K06438	group	GERD	0.0828511225216369	0.459020043846535	26	26	0.858278944044678	0.957097592373246
K06903	group	GERD	-0.0889792574996832	0.493693262270957	26	26	0.858483738716801	0.957097592373246
K02651	group	GERD	0.0981271659779209	0.546192133247761	26	26	0.858930182438209	0.957362327432953
K09020	group	GERD	0.116639612538495	0.652031446131245	26	15	0.859528398740704	0.957796058046987
K02233	group	GERD	0.022881404416384	0.128570050349148	26	26	0.860241431627162	0.958124482928283
K19137	group	GERD	-0.10107861806797	0.56731520582716	26	26	0.860084746800183	0.958124482928283
K11928	group	GERD	0.0208641163618827	0.117558603828925	26	26	0.86062200271571	0.958269634840962
K13016	group	GERD	0.21163781943262	1.1940150188109	26	22	0.860800319009045	0.958269634840962
K13895	group	GERD	-0.168235357876309	0.950521321281114	26	25	0.860999305174722	0.958269634840962
K08484	group	GERD	-0.0637710276927335	0.365187134552073	26	3	0.862838589304428	0.96008345338926
K15536	group	GERD	-0.126967807027669	0.732217591846693	26	20	0.863789868435477	0.960796885435202
K15977	group	GERD	0.0243222161479686	0.140379008942253	26	26	0.86389922966767	0.960796885435202
K06907	group	GERD	0.0664400836723029	0.385642156251861	26	26	0.864658618816084	0.961408041940893
K01489	group	GERD	-0.011022533330065	0.0643981208005934	26	26	0.865531030926691	0.962144540809312
K15599	group	GERD	-0.0488833203522852	0.287130310849847	26	26	0.866242256522554	0.962701547096027
K07213	group	GERD	-0.0296393557331075	0.175872958450932	26	26	0.867580874551719	0.963721626169114
K09684	group	GERD	-0.176491072165252	1.04635663941463	26	18	0.867468118129912	0.963721626169114
K00164	group	GERD	0.0268774130924063	0.160790995872422	26	26	0.86864661409438	0.96373701602479
K00661	group	GERD	-0.0256478750137914	0.153394716633156	26	26	0.86861208986998	0.96373701602479
K01876	group	GERD	0.00262772924142601	0.0156959519600738	26	26	0.868446614067623	0.96373701602479
K08319	group	GERD	-0.139343795466886	0.830117387098634	26	18	0.868099639477099	0.96373701602479
K13017	group	GERD	-0.0968944874966338	0.577755923560312	26	20	0.868217922826442	0.96373701602479
K00996	group	GERD	0.0651035501924067	0.39266573998729	26	26	0.869703982132979	0.963976274413543
K01706	group	GERD	0.128719415373301	0.776028996245106	26	15	0.869649158824992	0.963976274413543
K05847	group	GERD	0.020900872153224	0.125673287811366	26	26	0.869305249552352	0.963976274413543
K07230	group	GERD	0.0408817407490748	0.245800872170935	26	26	0.869297938398763	0.963976274413543
K09986	group	GERD	0.0793690148946772	0.479547839347436	26	5	0.86993041131538	0.963994004411165
K00818	group	GERD	0.0647067627056599	0.394926302344826	26	26	0.871225035360351	0.964495381098542
K01126	group	GERD	-0.014457629841472	0.0881871534201235	26	26	0.871149174421811	0.964495381098542
K01895	group	GERD	0.0284675672743945	0.173576562066598	26	26	0.871099932433004	0.964495381098542
K09951	group	GERD	0.0188303667608611	0.114824241832761	26	26	0.871109953342995	0.964495381098542
K00979	group	GERD	-0.015856163813509	0.097233406292092	26	26	0.871826160448161	0.964927673595802
K02492	group	GERD	0.0117332615035611	0.072722069181884	26	26	0.873173090087752	0.965019523689262
K03544	group	GERD	-0.00281204539412633	0.0173267688697693	26	26	0.872432358089325	0.965019523689262
K09773	group	GERD	0.0219156689933197	0.135719743582313	26	26	0.873069101256411	0.965019523689262
K14347	group	GERD	0.0762861037918148	0.470670235324103	26	26	0.872599914032098	0.965019523689262
K15125	group	GERD	0.0481269481353492	0.298211386270667	26	26	0.873140795068288	0.965019523689262
K17247	group	GERD	0.115251632864516	0.71095919093736	26	21	0.872578484525203	0.965019523689262
K02346	group	GERD	-0.00706902784669778	0.0440139493064737	26	26	0.873745748801116	0.965419506815705
K00759	group	GERD	0.00667098368138422	0.0416802027566353	26	26	0.874179870733191	0.96566626183476
K01436	group	GERD	0.0204544797050261	0.129119349405552	26	26	0.87545499690888	0.966375744780621
K04749	group	GERD	-0.0436541470865818	0.27531126462305	26	26	0.875339973975413	0.966375744780621
K11963	group	GERD	0.123916806330379	0.780840108471944	26	23	0.875235624727994	0.966375744780621
K02038	group	GERD	-0.0319422106501529	0.202980666356277	26	26	0.876273028741867	0.966879560794445
K02779	group	GERD	0.027515217764297	0.174935092008649	26	26	0.876333537746897	0.966879560794445
K01727	group	GERD	-0.0533234179636662	0.343995548413043	26	26	0.878108208131305	0.967206949134289
K02082	group	GERD	0.0408676518224486	0.261575300938525	26	26	0.877153262229648	0.967206949134289
K07669	group	GERD	-0.0662594861553239	0.426829852976685	26	26	0.877933257868864	0.967206949134289
K07720	group	GERD	0.0211283351183595	0.135332104347369	26	26	0.87724256491129	0.967206949134289
K11177	group	GERD	-0.0521571615120076	0.335505883006165	26	3	0.877760178713947	0.967206949134289
K11178	group	GERD	-0.0521571615120076	0.335505883006165	26	3	0.877760178713947	0.967206949134289
K13483	group	GERD	-0.0521571615120076	0.335505883006165	26	3	0.877760178713947	0.967206949134289
K05985	group	GERD	0.0130737864766329	0.0845061372681077	26	26	0.87834512736401	0.967235343378492
K07223	group	GERD	0.0251796292679475	0.163349943234836	26	26	0.878784049829052	0.967486116862987
K01740	group	GERD	0.0135856875561173	0.0885706148362029	26	26	0.879374569229581	0.967671126985518
K02660	group	GERD	-0.109055588827247	0.709920628062389	26	26	0.879196427056837	0.967671126985518
K00108	group	GERD	0.115656858076246	0.786568364045988	26	22	0.884328837304131	0.96837397511122
K01914	group	GERD	0.0160043573635067	0.108724519287933	26	26	0.884202984405914	0.96837397511122
K02050	group	GERD	0.0136593250577073	0.092985625356274	26	26	0.884440205739368	0.96837397511122
K02231	group	GERD	-0.0205488375337529	0.135526286937288	26	26	0.880752005391078	0.96837397511122
K02241	group	GERD	0.0867235515216791	0.588401831995085	26	26	0.884056737865618	0.96837397511122
K02418	group	GERD	0.0661958378133771	0.43888380287254	26	26	0.881372179063639	0.96837397511122
K02423	group	GERD	0.107091097807078	0.71260495123791	26	21	0.881798681622924	0.96837397511122
K02658	group	GERD	-0.107636149776418	0.710703221240163	26	26	0.880886452545854	0.96837397511122
K03832	group	GERD	-0.0220345699930738	0.15029300652761	26	26	0.884663847596694	0.96837397511122
K04094	group	GERD	-0.0117716250960836	0.0780622880292401	26	26	0.881395478590113	0.96837397511122
K07000	group	GERD	0.0338131101169677	0.228436805646503	26	26	0.883563938270693	0.96837397511122
K08097	group	GERD	0.101698598340332	0.688775880821801	26	11	0.883851478608392	0.96837397511122
K09607	group	GERD	0.0438391451786894	0.28844091985482	26	26	0.880467977212481	0.96837397511122
K11720	group	GERD	0.0156093636862951	0.106368277827989	26	26	0.88455644502318	0.96837397511122
K14988	group	GERD	-0.105480030604451	0.718019527411859	26	12	0.884434773753275	0.96837397511122
K14989	group	GERD	-0.105480030604451	0.718019527411859	26	12	0.884434773753275	0.96837397511122
K15022	group	GERD	-0.105480030604451	0.718019527411859	26	12	0.884434773753275	0.96837397511122
K16363	group	GERD	-0.0196637447781877	0.133662007810664	26	26	0.884269784320767	0.96837397511122
K18476	group	GERD	-0.101130162695626	0.684257164671857	26	24	0.883738800927523	0.96837397511122
K18829	group	GERD	0.0451382720560407	0.305833146334404	26	26	0.883898359030716	0.96837397511122
K19047	group	GERD	-0.101130162695626	0.684257164671857	26	24	0.883738800927523	0.96837397511122
K19056	group	GERD	-0.101130162695626	0.684257164671857	26	24	0.883738800927523	0.96837397511122
K00859	group	GERD	-0.00590996463867299	0.0406083384181024	26	26	0.885503315323232	0.969061320471984
K02116	group	GERD	-0.048262815834877	0.332712610561645	26	26	0.885875979641691	0.969237607532502
K11752	group	GERD	-0.00854062479187859	0.0590428702489399	26	26	0.886194116192272	0.969354165777649
K02659	group	GERD	-0.10163238105655201	0.70876214877448	26	26	0.887176043076064	0.970196575156707
K02039	group	GERD	-0.0353304690532103	0.247317467214072	26	26	0.88759750274206	0.97042581385713
K00721	group	GERD	-0.0118398731689815	0.0832967546143131	26	26	0.888155249532407	0.970517028320036
K01537	group	GERD	0.0122863030593218	0.0865631915856233	26	26	0.888316502891489	0.970517028320036
K16959	group	GERD	-0.0442104898198072	0.310560879538651	26	26	0.887986441283392	0.970517028320036
K01130	group	GERD	-0.0524946236624573	0.37378554704615	26	26	0.889484022882633	0.971151813066825
K02402	group	GERD	0.0993727595598345	0.709279984942321	26	21	0.889747234407644	0.971151813066825
K02403	group	GERD	0.0993727595598345	0.709279984942321	26	21	0.889747234407644	0.971151813066825
K13990	group	GERD	0.0432586264667897	0.309003920209761	26	26	0.889833158718067	0.971151813066825
K19355	group	GERD	0.0398404080481022	0.284910752210086	26	26	0.889957500819587	0.971151813066825
K06596	group	GERD	-0.0993568565274424	0.712232115793486	26	26	0.890218588824942	0.971205371613969
K02280	group	GERD	0.0923846294176664	0.669105276843862	26	22	0.891335523183457	0.971457838317698
K02347	group	GERD	0.0768887851939496	0.556428819661524	26	26	0.891248961764609	0.971457838317698
K02657	group	GERD	-0.0983444308113901	0.712783896289242	26	26	0.891413387376194	0.971457838317698
K08152	group	GERD	0.128988160954781	0.935725286568893	26	19	0.891510314841214	0.971457838317698
K12552	group	GERD	-0.177390810939491	1.28541875417682	26	16	0.891389889060832	0.971457838317698
K05833	group	GERD	0.0145209904344513	0.105564746642144	26	26	0.891739417592748	0.971476402376309
K01577	group	GERD	0.0320814495125745	0.234692687332401	26	5	0.892411667348475	0.97195716825233
K16870	group	GERD	0.0628199144218747	0.460393702888012	26	26	0.892605065889009	0.97195716825233
K01920	group	GERD	-0.11419014996977	0.843173839363266	26	26	0.893402214737593	0.972017775961748
K03497	group	GERD	-0.00843913898278544	0.0625026304752276	26	26	0.893721648624947	0.972017775961748
K03708	group	GERD	0.0197841267475766	0.146396000420835	26	26	0.893627298496588	0.972017775961748
K06167	group	GERD	0.0260460139371913	0.19177070390603	26	26	0.893097533719523	0.972017775961748
K07862	group	GERD	-0.0132051976374092	0.097603949861527	26	26	0.893508013840915	0.972017775961748
K07480	group	GERD	0.109876930317038	0.815905211651658	26	14	0.893996816613041	0.97208626083654
K11942	group	GERD	0.0404648890819221	0.301362721015873	26	26	0.894306343371664	0.972192064306025
K16323	group	GERD	0.0875240361282971	0.654783894007556	26	26	0.894779194683868	0.972475324044318
K07007	group	GERD	0.0110270890497227	0.0831198203136186	26	26	0.895564378851697	0.973097822466704
K00794	group	GERD	-0.00796425985934325	0.0605117322167757	26	26	0.896385851031998	0.973528587856231
K01438	group	GERD	-0.046199683792819	0.350713999419744	26	26	0.896295680173352	0.973528587856231
K09969	group	GERD	0.0210301565163984	0.160162147676456	26	3	0.896628225521844	0.973561009982357
K05791	group	GERD	-0.0959846813433738	0.733882950972874	26	26	0.897031441640147	0.973768017571922
K00029	group	GERD	0.0173682532363955	0.135607201141356	26	26	0.899154693092854	0.974444692108782
K00067	group	GERD	0.00883451191281233	0.070464659195776	26	26	0.901270936578238	0.974444692108782
K01462	group	GERD	0.00573054664574853	0.0453357388000531	26	26	0.900466399405907	0.974444692108782
K02037	group	GERD	-0.0265244340201782	0.20675354130408	26	26	0.898988370981744	0.974444692108782
K02204	group	GERD	0.03598091628679	0.280960829769248	26	26	0.899165532196273	0.974444692108782
K02226	group	GERD	0.021392044340377	0.16753111363527	26	26	0.899458219307363	0.974444692108782
K02775	group	GERD	0.0319718613891087	0.254977997021217	26	26	0.901258724161548	0.974444692108782
K03204	group	GERD	0.0622583694454022	0.489447314159335	26	26	0.899840784112032	0.974444692108782
K03568	group	GERD	0.0294818559083044	0.2331940924411	26	26	0.900447726618128	0.974444692108782
K04567	group	GERD	-0.0037648847933397	0.0299707598186354	26	26	0.901080217342525	0.974444692108782
K07175	group	GERD	-0.0654715143553074	0.518424713850995	26	26	0.900554943552966	0.974444692108782
K07316	group	GERD	-0.0242410051260564	0.188928857275856	26	26	0.898974689306938	0.974444692108782
K07788	group	GERD	0.0875642056681593	0.695169663703461	26	22	0.900812135589382	0.974444692108782
K07789	group	GERD	0.0875642056681593	0.695169663703461	26	22	0.900812135589382	0.974444692108782
K08094	group	GERD	0.094988128604765	0.735728068414093	26	26	0.898348360067474	0.974444692108782
K09011	group	GERD	0.0830683250973241	0.653475115748657	26	26	0.899906212983682	0.974444692108782
K14652	group	GERD	-0.00715367636663249	0.0561328345788565	26	26	0.899652436472868	0.974444692108782
K06991	group	GERD	0.0523006302308467	0.419915740242188	26	4	0.901916922803419	0.974913030524413
K01619	group	GERD	-0.00789553083830044	0.064968841119348	26	26	0.904284677764223	0.97609050632373
K03218	group	GERD	-0.00645804855212357	0.0525685685773036	26	26	0.903248856622377	0.97609050632373
K06967	group	GERD	0.0153482878091636	0.12604779534268	26	26	0.904098459556854	0.97609050632373
K07474	group	GERD	0.0369256167341442	0.301409193761355	26	26	0.903515291290138	0.97609050632373
K13921	group	GERD	0.0393902043820348	0.323101546791735	26	26	0.903983161335344	0.97609050632373
K13940	group	GERD	-0.0128625999841767	0.105296732445274	26	26	0.903792791252747	0.97609050632373
K01992	group	GERD	-0.0142688338477928	0.118121596771622	26	26	0.904856804978251	0.976477979647908
K00641	group	GERD	0.0189814795004604	0.158265161593779	26	26	0.905533260810706	0.976762124674869
K01624	group	GERD	0.00546367068215493	0.0455822946975152	26	26	0.905588739304788	0.976762124674869
K01815	group	GERD	0.0260781462091362	0.217961493990547	26	26	0.905759769836028	0.976762124674869
K00322	group	GERD	-0.040941379595194	0.351411875058235	26	3	0.908221443259847	0.977027887882418
K01669	group	GERD	-0.041116193687063	0.350355754448885	26	26	0.907554904495611	0.977027887882418
K02009	group	GERD	0.0418467414540694	0.352732416088284	26	26	0.906551191280135	0.977027887882418
K03183	group	GERD	-0.00692870854513503	0.0584049110723496	26	26	0.906554049036455	0.977027887882418
K03296	group	GERD	-0.0170038689475025	0.143883986028347	26	26	0.906910445970011	0.977027887882418
K03414	group	GERD	-0.0787348831635395	0.687868769342489	26	22	0.909823726237198	0.977027887882418
K03444	group	GERD	0.0392831444739153	0.336088359326503	26	3	0.907925086143534	0.977027887882418
K03738	group	GERD	-0.0850215025539794	0.744739688298953	26	15	0.910058501985217	0.977027887882418
K03773	group	GERD	-0.0179439679031041	0.156073919381099	26	26	0.909424643287499	0.977027887882418
K05337	group	GERD	0.0301073452845375	0.262244722795782	26	26	0.909553772273533	0.977027887882418
K07491	group	GERD	0.0140847068657289	0.120426314190194	26	26	0.907867327277394	0.977027887882418
K07686	group	GERD	0.0748565767726973	0.649352477633148	26	15	0.90918323368542	0.977027887882418
K07713	group	GERD	-0.0519462456609495	0.441362419300624	26	25	0.907288622320818	0.977027887882418
K10775	group	GERD	0.0748565767726973	0.649352477633148	26	15	0.90918323368542	0.977027887882418
K13590	group	GERD	0.0826133770466958	0.717025078542936	26	21	0.909231809602376	0.977027887882418
K16012	group	GERD	-0.0185012554298212	0.161762421935725	26	26	0.909893570287579	0.977027887882418
K17226	group	GERD	0.0831962028091549	0.714944613690197	26	21	0.908329688043614	0.977027887882418
K17754	group	GERD	0.0748565767726973	0.649352477633148	26	15	0.90918323368542	0.977027887882418
K19334	group	GERD	0.0748565767726973	0.649352477633148	26	15	0.90918323368542	0.977027887882418
K01799	group	GERD	-0.0277407143550566	0.244271537288567	26	3	0.910527235904944	0.977302077713343
K03297	group	GERD	-0.023812496520595	0.211395053270399	26	26	0.911249285879351	0.977847968754581
K02777	group	GERD	0.0128362422290196	0.114337655370134	26	26	0.911546143399669	0.977859789806229
K03293	group	GERD	0.0242550631042942	0.216396408138631	26	26	0.911687221624625	0.977859789806229
K03343	group	GERD	-0.101086389617073	0.913399169403251	26	25	0.912797890791064	0.978821895532272
K02445	group	GERD	-0.0228501714019896	0.21063542162726	26	26	0.914515168007569	0.97974602073028
K07334	group	GERD	-0.0440343715524674	0.40542647508144	26	26	0.914412848234263	0.97974602073028
K13950	group	GERD	0.0581013796858074	0.533642170946419	26	26	0.914205223001214	0.97974602073028
K15509	group	GERD	0.0793973281821682	0.726715224352403	26	15	0.913908560243079	0.97974602073028
K01821	group	GERD	-0.0142599921299498	0.132623016962155	26	26	0.915268092443913	0.980094233633839
K18581	group	GERD	-0.0322064979270437	0.298997922379882	26	26	0.915117370831259	0.980094233633839
K03744	group	GERD	-0.0066562089620449	0.0621516237509611	26	26	0.915602815816322	0.980223533361666
K07265	group	GERD	-0.115236859363272	1.08246339017551	26	17	0.916103866823993	0.980530797645027
K00075	group	GERD	0.0019450915261495	0.0198086597326377	26	26	0.92259375584975	0.980547233212911
K00077	group	GERD	-0.0131713556633453	0.141191181118882	26	26	0.926449660186833	0.980547233212911
K00102	group	GERD	0.0649853866279951	0.699273140469613	26	22	0.926728411016233	0.980547233212911
K00130	group	GERD	0.079418680817508	0.826520781490144	26	26	0.924248586727302	0.980547233212911
K00239	group	GERD	0.00697177907103677	0.0744989126543177	26	26	0.926217849253506	0.980547233212911
K00626	group	GERD	0.00808952799250566	0.087010211888422	26	26	0.926697437964253	0.980547233212911
K00685	group	GERD	0.0560931751479771	0.606779994240649	26	26	0.927112619573293	0.980547233212911
K00860	group	GERD	0.0545892801079972	0.579245116213709	26	25	0.925699235171156	0.980547233212911
K00971	group	GERD	0.0119519259562058	0.138938691716824	26	26	0.932161763570425	0.980547233212911
K00975	group	GERD	0.00963776132154952	0.0924237460003585	26	26	0.917815309653375	0.980547233212911
K01281	group	GERD	0.0357501112072784	0.358331276099169	26	26	0.921356964970043	0.980547233212911
K01790	group	GERD	0.00584376663779558	0.0630915906676473	26	26	0.926971487009879	0.980547233212911
K02046	group	GERD	0.0225238486629746	0.255094778519977	26	26	0.930374062750776	0.980547233212911
K02047	group	GERD	0.0224110381314388	0.255054331502916	26	26	0.930710891169511	0.980547233212911
K02190	group	GERD	-0.0149346425081409	0.158806543650068	26	26	0.925855736036137	0.980547233212911
K02274	group	GERD	-0.0646263559100862	0.714615395995864	26	26	0.928691954540387	0.980547233212911
K02275	group	GERD	-0.0640558718601407	0.714768853499683	26	26	0.92933479153144	0.980547233212911
K02299	group	GERD	-0.0695500694749548	0.744497261035439	26	23	0.926346329657713	0.980547233212911
K02342	group	GERD	-0.00385592642447418	0.0387196901846206	26	26	0.92150044577393	0.980547233212911
K02391	group	GERD	0.0626949978428508	0.715024751561191	26	21	0.930856720934106	0.980547233212911
K02509	group	GERD	-0.0815009368616527	0.77018137762881	26	8	0.91660432648582	0.980547233212911
K02773	group	GERD	-0.024577620699028	0.271863496877959	26	26	0.928716241095536	0.980547233212911
K02774	group	GERD	-0.0267281385147092	0.271765597812019	26	26	0.922471216136923	0.980547233212911
K03298	group	GERD	0.0653471717472805	0.725936237652917	26	15	0.929020126011386	0.980547233212911
K03316	group	GERD	-0.0156675641595313	0.179939278370349	26	26	0.931337169552866	0.980547233212911
K03559	group	GERD	0.0134821498521294	0.138859360844332	26	26	0.923459510996802	0.980547233212911
K03582	group	GERD	-0.0349145691160316	0.362390024063211	26	26	0.924046363246809	0.980547233212911
K04074	group	GERD	0.0173775710783371	0.197109631026647	26	26	0.930479476687575	0.980547233212911
K04767	group	GERD	-0.0275316228123066	0.304180873948258	26	26	0.928632561126608	0.980547233212911
K04940	group	GERD	-0.0623009663879909	0.730264279903177	26	17	0.93272034619037	0.980547233212911
K05020	group	GERD	0.0799489944587717	0.862825235956339	26	26	0.926943185010902	0.980547233212911
K05592	group	GERD	-0.00618572963769581	0.0617275127573311	26	26	0.921009822717727	0.980547233212911
K05826	group	GERD	0.0616882200790547	0.724063496558903	26	15	0.932811322268975	0.980547233212911
K05827	group	GERD	0.0616882200790547	0.724063496558903	26	15	0.932811322268975	0.980547233212911
K05828	group	GERD	0.0616882200790547	0.724063496558903	26	15	0.932811322268975	0.980547233212911
K05829	group	GERD	0.0616882200790547	0.724063496558903	26	15	0.932811322268975	0.980547233212911
K05830	group	GERD	0.0616882200790547	0.724063496558903	26	15	0.932811322268975	0.980547233212911
K05831	group	GERD	0.0616882200790547	0.724063496558903	26	15	0.932811322268975	0.980547233212911
K06013	group	GERD	-0.0423147508986276	0.435277583291927	26	26	0.923364329849002	0.980547233212911
K06173	group	GERD	-0.00172283778498348	0.0169248690238489	26	26	0.919766463818357	0.980547233212911
K06893	group	GERD	-0.0643051104539329	0.735209770620029	26	26	0.93102761556031	0.980547233212911
K06994	group	GERD	-0.0467208976485935	0.475358478291959	26	26	0.922521781787624	0.980547233212911
K07015	group	GERD	-0.0264210966145765	0.256761268286738	26	26	0.918896216303002	0.980547233212911
K07098	group	GERD	-0.00805388442284611	0.0835394066971564	26	26	0.923996916259222	0.980547233212911
K07238	group	GERD	0.014870603581756	0.151483907865735	26	26	0.922615576370044	0.980547233212911
K07250	group	GERD	-0.0873398225210959	0.912015752577752	26	25	0.924501822450096	0.980547233212911
K07313	group	GERD	-0.0107365047051965	0.122034417555209	26	26	0.930623112387247	0.980547233212911
K07321	group	GERD	0.0623450949941967	0.714497982965571	26	23	0.93119103277865	0.980547233212911
K07451	group	GERD	0.0221958420514302	0.237471582603536	26	26	0.92630818957113	0.980547233212911
K07658	group	GERD	0.0219650050503165	0.216012228041914	26	26	0.919852218535183	0.980547233212911
K07768	group	GERD	0.0435071704547797	0.479463089477735	26	26	0.928451140608179	0.980547233212911
K07821	group	GERD	-0.084547259093542	0.992423016186402	26	23	0.932814853163472	0.980547233212911
K08369	group	GERD	-0.0406276037782602	0.404593928700368	26	26	0.920848404127402	0.980547233212911
K09005	group	GERD	-0.0491030660581734	0.509335028628536	26	25	0.923998475839606	0.980547233212911
K09129	group	GERD	0.0616882200790547	0.724063496558903	26	15	0.932811322268975	0.980547233212911
K09683	group	GERD	0.0616882200790547	0.724063496558903	26	15	0.932811322268975	0.980547233212911
K09769	group	GERD	-0.0153984252709401	0.14708126435149	26	26	0.917489209877658	0.980547233212911
K09961	group	GERD	-0.0903357990411075	0.941340273448227	26	19	0.924345132392115	0.980547233212911
K09968	group	GERD	-0.107295641120156	1.05816500660879	26	25	0.920077033779377	0.980547233212911
K10232	group	GERD	-0.051265870452004	0.537473038415899	26	26	0.924802455322351	0.980547233212911
K10914	group	GERD	0.0283854039014035	0.275848373502747	26	26	0.918895597865639	0.980547233212911
K11041	group	GERD	-0.0190637270173186	0.199790405684203	26	26	0.924774569795582	0.980547233212911
K11747	group	GERD	-0.0388618565372706	0.374606080777153	26	26	0.918237256006577	0.980547233212911
K12297	group	GERD	0.0252730122419216	0.257950991972403	26	26	0.922765014406054	0.980547233212911
K12410	group	GERD	-0.00473453885869469	0.0521400316018507	26	26	0.928401719734278	0.980547233212911
K13525	group	GERD	-0.0749352068656436	0.760083140894502	26	15	0.922284075581382	0.980547233212911
K13542	group	GERD	0.0129017638520234	0.12508516683851	26	26	0.918705847957702	0.980547233212911
K16052	group	GERD	-0.0394547025589409	0.414982770606701	26	26	0.925044220170269	0.980547233212911
K16898	group	GERD	0.0131397088243388	0.128842930844823	26	26	0.919617944536621	0.980547233212911
K16926	group	GERD	-0.0141445492217502	0.158003222018839	26	26	0.929411038370249	0.980547233212911
K17870	group	GERD	0.0616882200790547	0.724063496558903	26	15	0.932811322268975	0.980547233212911
K18007	group	GERD	0.0766827250343553	0.731843924305932	26	15	0.917421025063164	0.980547233212911
K18016	group	GERD	0.0616882200790547	0.724063496558903	26	15	0.932811322268975	0.980547233212911
K18017	group	GERD	0.0616882200790547	0.724063496558903	26	15	0.932811322268975	0.980547233212911
K18023	group	GERD	0.0616882200790547	0.724063496558903	26	15	0.932811322268975	0.980547233212911
K18123	group	GERD	0.0616882200790547	0.724063496558903	26	15	0.932811322268975	0.980547233212911
K19244	group	GERD	0.0616882200790547	0.724063496558903	26	15	0.932811322268975	0.980547233212911
K19265	group	GERD	0.02867756781751	0.305281653794268	26	26	0.925938208116604	0.980547233212911
K06895	group	GERD	-0.0135565288290537	0.160188893136479	26	26	0.93325881938888	0.980788862496091
K10545	group	GERD	-0.0488764424269794	0.580047135549041	26	6	0.933546366287706	0.980866033019262
K10005	group	GERD	-0.0385976618721019	0.460839587353083	26	26	0.933945854923133	0.981060757028863
K03583	group	GERD	-0.031455255800138	0.379008809776606	26	26	0.934545073606933	0.981465149517047
K11614	group	GERD	0.104999676970959	1.27524083105285	26	16	0.935061485718996	0.981782412578208
K01955	group	GERD	-0.00271042635634433	0.033349431414053	26	26	0.935898398655964	0.981921547159013
K03455	group	GERD	0.0144055608435641	0.17683321236392	26	26	0.935748436561035	0.981921547159013
K04029	group	GERD	-0.024226631806189	0.3003977497108	26	26	0.936390250172221	0.981921547159013
K04031	group	GERD	-0.0241164495562026	0.300394926308502	26	26	0.936678304044284	0.981921547159013
K05591	group	GERD	-0.065839158125667	0.818979109220925	26	23	0.93659231708442	0.981921547159013
K07118	group	GERD	0.0198197879978352	0.246938641817957	26	26	0.936694425034902	0.981921547159013
K16211	group	GERD	-0.0168001301170756	0.208244738558438	26	26	0.936369459773556	0.981921547159013
K09474	group	GERD	0.0253373436276923	0.317154949079882	26	26	0.936987590010768	0.98200415233112
K01937	group	GERD	0.00269676966109052	0.0343063503690449	26	26	0.937995797016394	0.982117388098898
K03091	group	GERD	0.0097245351618771	0.1229268784933	26	26	0.937602404541345	0.982117388098898
K03177	group	GERD	-0.00167845602477321	0.0211503801775778	26	26	0.937405717872105	0.982117388098898
K11085	group	GERD	0.00698779410485272	0.0891218186414053	26	26	0.9381541967782	0.982117388098898
K16053	group	GERD	0.0200286897940846	0.255499868534964	26	26	0.938167581384147	0.982117388098898
K04756	group	GERD	0.0384082361959983	0.494821234897894	26	26	0.938773496840872	0.982302738471456
K06923	group	GERD	0.0264668651028192	0.340593832762025	26	26	0.938704566511205	0.982302738471456
K00433	group	GERD	0.0556044137290355	0.727046317422418	26	26	0.939671316611319	0.982842481377039
K06179	group	GERD	0.0143949753646927	0.188765922215733	26	26	0.939845718886158	0.982842481377039
K18672	group	GERD	0.00965071818754374	0.12673714442376	26	26	0.939932964617509	0.982842481377039
K00600	group	GERD	0.00239315584294528	0.0319188373757135	26	26	0.940855041498235	0.98313342725899
K02343	group	GERD	0.00157287381500882	0.0209417376755633	26	26	0.940752026214893	0.98313342725899
K06076	group	GERD	0.0141403180426556	0.188333734484745	26	26	0.940772460853741	0.98313342725899
K01470	group	GERD	0.0352996881920895	0.481911226149114	26	26	0.942214759764873	0.983776560898966
K02276	group	GERD	-0.05227673550016	0.712460556300294	26	26	0.942115892112253	0.983776560898966
K03593	group	GERD	0.0039101177967703	0.0534873410627525	26	26	0.94232952395212	0.983776560898966
K11754	group	GERD	0.00239934509475179	0.0326914980070958	26	26	0.942101221775849	0.983776560898966
K00278	group	GERD	-0.013485450369586	0.186563324603531	26	26	0.942975318404743	0.984153363191282
K19170	group	GERD	0.0788396612523559	1.09348229514175	26	20	0.943120118840805	0.984153363191282
K02045	group	GERD	0.0179150603873075	0.252218779236632	26	26	0.943962586878916	0.984383586251031
K02348	group	GERD	0.030922306430819	0.435520029554964	26	26	0.943985394979432	0.984383586251031
K11472	group	GERD	0.051320506140423	0.721233866584651	26	23	0.943862808196839	0.984383586251031
K01304	group	GERD	0.00744038622221555	0.105924326029158	26	26	0.944582698799119	0.984782281110324
K01589	group	GERD	-0.0135297952374457	0.194430937263945	26	26	0.945099238982408	0.984872523607464
K06926	group	GERD	-0.013376973857647	0.192172930409306	26	26	0.945081591771946	0.984872523607464
K01725	group	GERD	0.0253423971390468	0.370589341827806	26	4	0.946046480672144	0.985635416865839
K07225	group	GERD	-0.0945877657752264	1.3980621686866	26	16	0.946619707059784	0.986008385184372
K00316	group	GERD	-0.0482185077507685	0.757305953232618	26	4	0.949759460101435	0.986586867738022
K01419	group	GERD	-0.00977603415660404	0.153283257118497	26	26	0.949675569308397	0.986586867738022
K02879	group	GERD	-0.00140039777308165	0.0211950418844397	26	26	0.947867858510816	0.986586867738022
K03483	group	GERD	0.0194263510015141	0.303235263224696	26	26	0.949450175469176	0.986586867738022
K03502	group	GERD	-0.00544790851659202	0.083112374042281	26	26	0.948280092405047	0.986586867738022
K03599	group	GERD	-0.0238414065936889	0.373171074987202	26	26	0.949588024986596	0.986586867738022
K04754	group	GERD	-0.014753614442611	0.223492769347973	26	26	0.947913645292043	0.986586867738022
K05989	group	GERD	0.0380485760457092	0.586507848978504	26	25	0.948812391380724	0.986586867738022
K06147	group	GERD	0.0043711943381886	0.0672716664126206	26	26	0.948729546188937	0.986586867738022
K06168	group	GERD	0.00286647153351917	0.0447081203090541	26	26	0.949409514310375	0.986586867738022
K06909	group	GERD	0.0506424132998529	0.772257377763381	26	26	0.948257707291917	0.986586867738022
K11891	group	GERD	0.0252439629174566	0.395106740324013	26	26	0.949585800065535	0.986586867738022
K03667	group	GERD	-0.00967600662248141	0.153289081896222	26	26	0.950191658974019	0.986812058435724
K03517	group	GERD	0.0106773158941868	0.172859783374366	26	26	0.951258598588469	0.987696201299586
K01966	group	GERD	0.0309851206126761	0.508038289509476	26	26	0.951872440962651	0.988109597110787
K01845	group	GERD	0.00425847003977926	0.0709692002236293	26	26	0.952648934337091	0.988400434468081
K03199	group	GERD	0.0292998753527277	0.487679805940675	26	26	0.952589297770424	0.988400434468081
K07011	group	GERD	-0.00807868709105469	0.135686887737412	26	26	0.953015655761954	0.988400434468081
K07245	group	GERD	-0.0527647632072038	0.886191217446624	26	26	0.953014181269679	0.988400434468081
K05602	group	GERD	0.0274504468997288	0.464029225213859	26	26	0.953317106130324	0.988489285464693
K06041	group	GERD	-0.00569963579124186	0.0972477841967105	26	26	0.953748488290803	0.988712791323867
K01662	group	GERD	-0.00370912095046331	0.0640345189141617	26	26	0.954288927923767	0.988825509798412
K06990	group	GERD	0.0501734583643486	0.8650842686964	26	18	0.954230145289012	0.988825509798412
K00549	group	GERD	0.00512220597846337	0.0906963683298661	26	26	0.955429841183489	0.988962709626128
K00767	group	GERD	0.00975461080666255	0.172995615701062	26	26	0.95550075372304	0.988962709626128
K10026	group	GERD	0.00679113740053007	0.119490668092554	26	26	0.955147927596464	0.988962709626128
K11907	group	GERD	0.0228052979451794	0.398816011041461	26	26	0.954873239537727	0.988962709626128
K15598	group	GERD	-0.0164623942484259	0.289088967164852	26	26	0.955059850877596	0.988962709626128
K03814	group	GERD	0.00828451948829634	0.148745403910771	26	26	0.956045088884852	0.989302586894399
K00705	group	GERD	0.00400788254707064	0.07259436055138	26	26	0.95642877131427	0.989354438466405
K03724	group	GERD	-0.0205652271079728	0.373339546188358	26	26	0.956527135552872	0.989354438466405
K00533	group	GERD	-0.020258558705579	0.385836782374733	26	26	0.958560493902085	0.990209137456644
K01585	group	GERD	0.0113346996085782	0.21604778267238	26	26	0.958593341493538	0.990209137456644
K01699	group	GERD	0.0161788097636493	0.303471213061504	26	26	0.957924209341781	0.990209137456644
K01736	group	GERD	0.00117490292290823	0.0225228213549938	26	26	0.958828988995642	0.990209137456644
K02016	group	GERD	0.00233077295088041	0.0462065466500882	26	26	0.960187255422949	0.990209137456644
K02527	group	GERD	0.00441555120770567	0.0888463864971932	26	26	0.960773782679379	0.990209137456644
K02757	group	GERD	0.0126595031801795	0.251936742478536	26	26	0.960340038993356	0.990209137456644
K03101	group	GERD	-9.5117904398142e-4	0.0189142947699839	26	26	0.960308368881546	0.990209137456644
K03438	group	GERD	-9.1458350550488e-4	0.0175809316037152	26	26	0.958942268719936	0.990209137456644
K03629	group	GERD	0.00279361262842935	0.0552109747396343	26	26	0.96006393782467	0.990209137456644
K03831	group	GERD	-0.0189482484896703	0.381634150680403	26	26	0.960811965945161	0.990209137456644
K04028	group	GERD	-0.0158680724081024	0.308197010154639	26	26	0.959363771851189	0.990209137456644
K06209	group	GERD	0.00738163815567721	0.138783942667676	26	26	0.958022386095702	0.990209137456644
K11532	group	GERD	0.0168930074084788	0.337675851840339	26	5	0.96051466996855	0.990209137456644
K13919	group	GERD	0.0161788097636493	0.303471213061504	26	26	0.957924209341781	0.990209137456644
K18843	group	GERD	-0.0139855794733058	0.273019186312815	26	3	0.959569700661587	0.990209137456644
K07387	group	GERD	0.0134274604744321	0.274259430228166	26	26	0.961357155512046	0.990548162258363
K00240	group	GERD	0.00303147197284008	0.0629894889636513	26	26	0.962013582521911	0.991001623911148
K00863	group	GERD	-0.0146581403950673	0.327510019299972	26	26	0.964671862207373	0.991217376142975
K01579	group	GERD	-0.00313907093731592	0.0757209175486274	26	26	0.967275488744413	0.991217376142975
K01791	group	GERD	0.00477333026104385	0.109709045856729	26	26	0.965655768470444	0.991217376142975
K02015	group	GERD	-0.00212617992724381	0.047369414463882	26	26	0.964570290899999	0.991217376142975
K02395	group	GERD	0.0180205872334251	0.381951613407957	26	26	0.962759950240085	0.991217376142975
K02763	group	GERD	0.0424291257993883	0.957698966884193	26	22	0.965029280665024	0.991217376142975
K03760	group	GERD	0.0161888685405903	0.405452572555419	26	26	0.968480906689817	0.991217376142975
K04750	group	GERD	0.0249359208217669	0.59654893088162	26	26	0.967003712160181	0.991217376142975
K06216	group	GERD	-0.0463620094413009	1.01514958490945	26	23	0.963951064851303	0.991217376142975
K06591	group	GERD	0.0424291257993883	0.957698966884193	26	22	0.965029280665024	0.991217376142975
K07173	group	GERD	0.00157639588310043	0.0396691268916003	26	26	0.968630249348586	0.991217376142975
K07180	group	GERD	-0.0323241567476347	0.774769081317417	26	12	0.967066251318129	0.991217376142975
K07219	group	GERD	0.035642256000196	0.861726961609827	26	17	0.96734993878736	0.991217376142975
K07260	group	GERD	-0.0129957265455062	0.304938939927828	26	26	0.96635905218353	0.991217376142975
K07482	group	GERD	0.0129388355532069	0.317536366669668	26	26	0.967834225183171	0.991217376142975
K09786	group	GERD	-0.0323241567476347	0.774769081317417	26	12	0.967066251318129	0.991217376142975
K09858	group	GERD	0.00701815047212033	0.162740260948233	26	26	0.965958794341557	0.991217376142975
K09888	group	GERD	0.00419992200544451	0.0977037176044244	26	26	0.966068090359634	0.991217376142975
K11892	group	GERD	0.0155353181105232	0.391988459781864	26	26	0.968714296658393	0.991217376142975
K11893	group	GERD	0.0154103233322247	0.387985094913191	26	26	0.968645834671769	0.991217376142975
K11895	group	GERD	0.0154103233322247	0.387985094913191	26	26	0.968645834671769	0.991217376142975
K11896	group	GERD	0.0154103233322247	0.387985094913191	26	26	0.968645834671769	0.991217376142975
K11900	group	GERD	0.0154103233322247	0.387985094913191	26	26	0.968645834671769	0.991217376142975
K11901	group	GERD	0.0154103233322247	0.387985094913191	26	26	0.968645834671769	0.991217376142975
K11903	group	GERD	0.0154103233322247	0.387985094913191	26	26	0.968645834671769	0.991217376142975
K16146	group	GERD	0.0221023151677149	0.547726964027755	26	26	0.968145678819514	0.991217376142975
K19076	group	GERD	0.0407182152377788	0.947449226075544	26	7	0.966075690554469	0.991217376142975
K19081	group	GERD	0.0148660702103134	0.365774742604358	26	26	0.967916967970766	0.991217376142975
K19082	group	GERD	0.0148660702103134	0.365774742604358	26	26	0.967916967970766	0.991217376142975
K19145	group	GERD	-0.0380779602058371	0.860738438237469	26	8	0.965080146819064	0.991217376142975
K00254	group	GERD	-0.00606733221858353	0.157502235781184	26	26	0.969589984265632	0.99167039917858
K03636	group	GERD	0.0124968609905133	0.322815872065934	26	26	0.969440197277193	0.99167039917858
K00520	group	GERD	0.0465793971166501	1.23061191610623	26	21	0.970119889044202	0.991769518346683
K00957	group	GERD	-0.00811193018436892	0.212975944451998	26	26	0.969932193374747	0.991769518346683
K00956	group	GERD	-0.00793937992627536	0.212455258080481	26	26	0.97049937026239	0.991936103340475
K00602	group	GERD	0.00154896280917214	0.0422711982034042	26	26	0.971072382285945	0.992041180743066
K06320	group	GERD	-0.0156234461061219	0.429026704164457	26	26	0.971251843622059	0.992041180743066
K13953	group	GERD	0.00911244238093409	0.247002545058803	26	26	0.970876187508551	0.992041180743066
K00266	group	GERD	-0.00320479493998755	0.10059589574352	26	26	0.974848671317998	0.993146066237934
K00793	group	GERD	-0.00293692829358842	0.0874529466469984	26	26	0.973487460085926	0.993146066237934
K01626	group	GERD	-0.00623933328632336	0.181745837378899	26	26	0.972897938460719	0.993146066237934
K03924	group	GERD	0.00544852915304922	0.160055986910528	26	26	0.973125681633242	0.993146066237934
K04083	group	GERD	-0.00201899103709158	0.0636728465055804	26	26	0.974966487566946	0.993146066237934
K06006	group	GERD	0.030467688373474	0.919012979394158	26	4	0.973827062732906	0.993146066237934
K06373	group	GERD	0.00910713191444372	0.268747917880913	26	26	0.97324731286471	0.993146066237934
K07048	group	GERD	0.0165841373133232	0.523057209959465	26	26	0.974968586832893	0.993146066237934
K07126	group	GERD	0.00727265276650737	0.227638106032562	26	26	0.974777484143936	0.993146066237934
K11934	group	GERD	0.0105209439893936	0.334275760541581	26	26	0.975151933188873	0.993146066237934
K13924	group	GERD	-0.0148338486600227	0.429264394812446	26	3	0.972719243117814	0.993146066237934
K19005	group	GERD	-0.0109123569580487	0.337531042153176	26	26	0.974476307190361	0.993146066237934
K19577	group	GERD	0.0435429958344457	1.3790798396852	26	8	0.975072931701986	0.993146066237934
K03339	group	GERD	0.022823350795467	0.735406535162286	26	18	0.975498268769076	0.993260333028993
K06075	group	GERD	0.0164609667290211	0.534755543160399	26	3	0.97569777311296	0.993260333028993
K07181	group	GERD	-0.0142655382130827	0.474092301300664	26	26	0.97624393727832	0.993595529142854
K02160	group	GERD	-0.00346851037444328	0.117215841634971	26	26	0.976638101146383	0.993775908785336
K01185	group	GERD	-0.0122442289038593	0.433193533874643	26	26	0.97768449554135	0.994140988346322
K01710	group	GERD	-0.00147630230734994	0.0521998295203746	26	26	0.977671303181816	0.994140988346322
K01921	group	GERD	8.6108481701604e-4	0.0309777848306476	26	26	0.978054029769953	0.994140988346322
K03558	group	GERD	0.00599750185282226	0.21603689748827	26	26	0.978081954699164	0.994140988346322
K13581	group	GERD	-0.0136982010589396	0.484598873280309	26	26	0.977682869047889	0.994140988346322
K01053	group	GERD	0.00905325626656309	0.333336218267427	26	6	0.978557068246755	0.99415428974704
K02804	group	GERD	0.00454439687301745	0.170459575712472	26	26	0.978951617333475	0.99415428974704
K06976	group	GERD	0.0125947412747482	0.472684790253883	26	26	0.978963108720563	0.99415428974704
K07979	group	GERD	0.00588605825669103	0.217995997021229	26	26	0.978682388707219	0.99415428974704
K00677	group	GERD	0.00242905303223195	0.113639563898897	26	26	0.983123186257418	0.99518447547658
K00803	group	GERD	-0.0184259841103827	0.887063287601765	26	23	0.983599351441452	0.99518447547658
K01241	group	GERD	-0.0133589321242881	0.690718428788559	26	26	0.9847292641773	0.99518447547658
K01647	group	GERD	-0.00412676033919482	0.191126737215765	26	26	0.982952130217221	0.99518447547658
K02297	group	GERD	0.0133010306598939	0.698932666017088	26	22	0.98497411303445	0.99518447547658
K02298	group	GERD	0.0133010306598939	0.698932666017088	26	22	0.98497411303445	0.99518447547658
K02300	group	GERD	0.0133010306598939	0.698932666017088	26	22	0.98497411303445	0.99518447547658
K03181	group	GERD	0.0222778437137078	1.06154583854881	26	25	0.983430146762883	0.99518447547658
K03409	group	GERD	-0.0101010717853757	0.439185394160087	26	26	0.981840781534626	0.99518447547658
K03550	group	GERD	-4.7344524062304e-4	0.0208945258150903	26	26	0.982109767162194	0.99518447547658
K04024	group	GERD	-0.00650685943573267	0.335574012631619	26	26	0.984690104604578	0.99518447547658
K10006	group	GERD	-0.00893071582738441	0.468368496708903	26	26	0.984944726514005	0.99518447547658
K10007	group	GERD	-0.00893071582738441	0.468368496708903	26	26	0.984944726514005	0.99518447547658
K10008	group	GERD	-0.010879090835099	0.469411040783589	26	26	0.981701467034094	0.99518447547658
K10541	group	GERD	0.00473621691772875	0.202003462477285	26	26	0.98148819394623	0.99518447547658
K10542	group	GERD	0.00476826943489907	0.201781242156944	26	26	0.98134241789889	0.99518447547658
K11607	group	GERD	0.00584918910789386	0.259201598627241	26	26	0.982182898252173	0.99518447547658
K12524	group	GERD	0.00417901276957704	0.183479014610195	26	26	0.982016854698112	0.99518447547658
K13292	group	GERD	0.00110623467712883	0.0548994897592147	26	26	0.984090159929583	0.99518447547658
K13668	group	GERD	0.0110755884327618	0.564561118262204	26	26	0.984510254087687	0.99518447547658
K14742	group	GERD	0.0015894802465036	0.0821292589580363	26	26	0.984719187114373	0.99518447547658
K16925	group	GERD	-0.00522216118548828	0.261420898840774	26	26	0.984227615723374	0.99518447547658
K18678	group	GERD	-0.00798965773169582	0.39766263291926	26	4	0.984136448486442	0.99518447547658
K06999	group	GERD	-0.00712764046068681	0.387258084362393	26	26	0.985467604207651	0.99546352698462
K01924	group	GERD	-3.9828765159195e-4	0.0225679949340093	26	26	0.986065292728404	0.995847686505472
K00946	group	GERD	-9.0891465457909e-4	0.0538894903154599	26	26	0.986682734799858	0.99622559022836
K01082	group	GERD	0.00525417936367536	0.326903349720253	26	26	0.987309360322365	0.99622559022836
K01823	group	GERD	-0.00385998675809352	0.235320394317276	26	26	0.987048399857555	0.99622559022836
K02557	group	GERD	0.00327252645724312	0.200939893424695	26	26	0.987140784700246	0.99622559022836
K07665	group	GERD	-0.0125317277715784	0.839849590704343	26	15	0.988218241481286	0.996703602867849
K10544	group	GERD	0.00846155704679156	0.562870021492629	26	6	0.988130222006742	0.996703602867849
K00356	group	GERD	0.0098131490405486	0.709873946454607	26	24	0.989084837228419	0.99721644637689
K02035	group	GERD	-9.9455969469874e-4	0.0724583699537724	26	26	0.989162089573584	0.99721644637689
K02048	group	GERD	-0.00318374871919306	0.259550056550617	26	26	0.990314461368782	0.997333213974095
K02379	group	GERD	0.0022311478811861	0.286454011260536	26	26	0.993849841037272	0.997333213974095
K02650	group	GERD	0.00257814556015468	0.32027394991178	26	26	0.993643787634188	0.997333213974095
K03565	group	GERD	-1.9014931192733e-4	0.0205691741377759	26	26	0.992700570358044	0.997333213974095
K03668	group	GERD	0.00760044571617374	0.761248064634497	26	20	0.992116432127028	0.997333213974095
K03696	group	GERD	8.7425434762179e-4	0.0785849860120554	26	26	0.991215716250797	0.997333213974095
K03889	group	GERD	-0.0070811582019862	0.887072132805149	26	26	0.993696844470857	0.997333213974095
K03890	group	GERD	-0.0070811582019862	0.887072132805149	26	26	0.993696844470857	0.997333213974095
K03891	group	GERD	-0.0070811582019862	0.887072132805149	26	26	0.993696844470857	0.997333213974095
K03926	group	GERD	0.00755901822521868	0.648175599958625	26	26	0.990791690099352	0.997333213974095
K03928	group	GERD	0.00432890682641526	0.34700417065596	26	26	0.990149704101463	0.997333213974095
K04072	group	GERD	-0.00182740785655676	0.204008080623428	26	26	0.99292706714804	0.997333213974095
K05311	group	GERD	0.00158881137530866	0.143763562108741	26	26	0.991273667163729	0.997333213974095
K07776	group	GERD	-0.00497071713570292	0.463938352412482	26	26	0.991540054101404	0.997333213974095
K07799	group	GERD	-0.00896268047176541	0.693756409340272	26	22	0.989799163464836	0.997333213974095
K08681	group	GERD	-0.00142930543820338	0.155618780780606	26	26	0.992747726997688	0.997333213974095
K09017	group	GERD	0.0116995417829509	0.972289341311033	26	8	0.990498768982889	0.997333213974095
K09698	group	GERD	-0.00180642639763576	0.148283510280151	26	26	0.990380916603914	0.997333213974095
K09824	group	GERD	0.00183185040267682	0.212744238622202	26	26	0.993201015151064	0.997333213974095
K15733	group	GERD	-0.0070811582019862	0.887072132805149	26	26	0.993696844470857	0.997333213974095
K17624	group	GERD	-0.00671269147135991	0.589730367652222	26	26	0.99101225188401	0.997333213974095
K03798	group	GERD	1.2735850741962e-4	0.020584507770229	26	26	0.995114578323542	0.99738054388627
K05350	group	GERD	-0.00248035902386542	0.346874154904837	26	26	0.994353800523394	0.99738054388627
K06384	group	GERD	-0.00382482042231616	0.629631022452498	26	12	0.995203332482895	0.99738054388627
K06867	group	GERD	0.00234127510433269	0.377014937531459	26	26	0.99509647437902	0.99738054388627
K07156	group	GERD	-0.00639521362806334	0.886674709640434	26	26	0.994304861638122	0.99738054388627
K07657	group	GERD	-0.0038451817153751	0.629725818053076	26	26	0.995178523826253	0.99738054388627
K13922	group	GERD	-0.00166622518386837	0.294279407145997	26	26	0.995529162638488	0.997488865714548
K00929	group	GERD	0.00120349533848434	0.28080970588977	26	26	0.996615859543815	0.99775484518737
K01784	group	GERD	-2.0494507471387e-4	0.0485362246870771	26	26	0.996665830949008	0.99775484518737
K01918	group	GERD	-2.6811693967079e-4	0.0633071735209536	26	26	0.996655836948616	0.99775484518737
K02781	group	GERD	0.0013643710664372	0.287151885120897	26	26	0.996248226651411	0.99775484518737
K03634	group	GERD	3.3012295605113e-4	0.227396292528226	26	26	0.998853670012163	0.99944128030287
K03929	group	GERD	3.2894056725239e-4	0.261026613149807	26	26	0.999004938333735	0.99944128030287
K04017	group	GERD	0.0011932924776308	0.728680705380917	26	22	0.998706915524927	0.99944128030287
K00055	group	GERD	1.18871433103878e-5	0.349421432513396	26	4	0.999973137562036	0.999973137562036
K07445	group	GERD	-2.4532177487181e-4	0.8781954234215	26	10	0.999779421900963	0.999973137562036
