feature	metadata	value	coef	stderr	N	N.not.0	pval	qval
K00010	group	GERD	0.296137715701328	0.134687265708793	128	128	0.0297246606024659	0.78192825116457
K00023	group	GERD	0.754002086616212	0.412187784124769	128	125	0.0697238196089323	0.78192825116457
K00042	group	GERD	0.726824209889293	0.339377991189482	128	125	0.0341473790799782	0.78192825116457
K00050	group	GERD	0.820559541721488	0.410222250173983	128	126	0.0476199257905253	0.78192825116457
K00057	group	GERD	-0.0201341089177875	0.0109390504850681	128	128	0.0680370794300994	0.78192825116457
K00060	group	GERD	0.574902260573368	0.284885330276118	128	128	0.0457135349056103	0.78192825116457
K00065	group	GERD	0.766321714404528	0.37820730686167	128	125	0.0448560694115774	0.78192825116457
K00075	group	GERD	-0.0211352742507281	0.0124616381710433	128	128	0.092350215275137	0.78192825116457
K00082	group	GERD	0.606271964368566	0.338644566745462	128	27	0.0758087544629756	0.78192825116457
K00091	group	GERD	1.11344667969021	0.463763084251326	128	116	0.0178165792795871	0.78192825116457
K00102	group	GERD	0.789367384723666	0.424965242098682	128	126	0.0655765030770508	0.78192825116457
K00103	group	GERD	0.612147707644248	0.337364200369242	128	27	0.0719796353209679	0.78192825116457
K00108	group	GERD	0.770646271706841	0.398001439751762	128	127	0.0550712986844583	0.78192825116457
K00114	group	GERD	0.851914162997238	0.507815288593508	128	98	0.095902902022897	0.78192825116457
K00123	group	GERD	0.206764380609292	0.104822180700195	128	128	0.0507394810165889	0.78192825116457
K00124	group	GERD	0.353292056296859	0.187261082889536	128	128	0.0615116444370484	0.78192825116457
K00127	group	GERD	0.378943581286899	0.202031192658416	128	128	0.0630149028158732	0.78192825116457
K00129	group	GERD	0.442193998248004	0.239122124570531	128	24	0.0667668465741033	0.78192825116457
K00134	group	GERD	-0.0300756889277839	0.0118673252746509	128	128	0.0124912875557665	0.78192825116457
K00135	group	GERD	0.283483985668011	0.136148144550075	128	128	0.0393500480736601	0.78192825116457
K00140	group	GERD	0.23702901519412	0.115023190546326	128	128	0.0413887902289666	0.78192825116457
K00219	group	GERD	0.9258039660783	0.504820402456742	128	109	0.0690244282745594	0.78192825116457
K00249	group	GERD	0.647297110973738	0.379481256138322	128	128	0.0905200471700868	0.78192825116457
K00254	group	GERD	0.173866791238173	0.0991589916288794	128	128	0.0819627240756439	0.78192825116457
K00255	group	GERD	0.716243999941387	0.404573215697926	128	26	0.0790840649508514	0.78192825116457
K00299	group	GERD	0.557853416213558	0.275495829855848	128	128	0.0449901286951118	0.78192825116457
K00303	group	GERD	0.744300514543408	0.411098581275453	128	127	0.0725986646751669	0.78192825116457
K00304	group	GERD	0.797407026807663	0.440662809071804	128	124	0.0727473622542363	0.78192825116457
K00305	group	GERD	0.797407026807663	0.440662809071804	128	124	0.0727473622542363	0.78192825116457
K00313	group	GERD	-0.835495510539298	0.414475493774086	128	122	0.0459488992279272	0.78192825116457
K00344	group	GERD	0.574666037105294	0.294785367165463	128	128	0.0534646317452281	0.78192825116457
K00355	group	GERD	0.264119440778261	0.157872794643019	128	128	0.0968105825067722	0.78192825116457
K00360	group	GERD	-0.888142986573725	0.461918064805189	128	55	0.0567709223577509	0.78192825116457
K00375	group	GERD	0.184676233822236	0.102891958191326	128	128	0.075074031169664	0.78192825116457
K00433	group	GERD	0.532915206966642	0.230180356213136	128	128	0.0222185756890561	0.78192825116457
K00448	group	GERD	0.834144406871098	0.410023295013043	128	125	0.0440117507703954	0.78192825116457
K00449	group	GERD	0.822350970984118	0.407967348451031	128	126	0.0459555284121334	0.78192825116457
K00481	group	GERD	0.758249818844477	0.407704782563872	128	125	0.0652457083956034	0.78192825116457
K00507	group	GERD	0.790684579557159	0.474711687823322	128	123	0.0982755195526273	0.78192825116457
K00529	group	GERD	0.725184591831556	0.42484295223609	128	125	0.0902950296059922	0.78192825116457
K00554	group	GERD	-0.0216755901786827	0.0115456260500506	128	128	0.0627774168500343	0.78192825116457
K00569	group	GERD	0.937513381096218	0.488204783915908	128	107	0.0570762912290385	0.78192825116457
K00570	group	GERD	0.903107083884049	0.417728770794179	128	123	0.0325121778896642	0.78192825116457
K00574	group	GERD	0.214468250783962	0.103902175274163	128	128	0.0410570825938123	0.78192825116457
K00600	group	GERD	-0.0211517926602519	0.0111178582762332	128	128	0.0593871766192184	0.78192825116457
K00609	group	GERD	-0.0211699910920855	0.0113538199341828	128	128	0.0645684448639784	0.78192825116457
K00625	group	GERD	-0.0843884821961724	0.0320032260920175	128	128	0.00942031898539082	0.78192825116457
K00626	group	GERD	0.129776075391521	0.0745877043060902	128	128	0.0843161226493461	0.78192825116457
K00656	group	GERD	-0.063129376144461	0.0375415887932536	128	128	0.0951263150113922	0.78192825116457
K00658	group	GERD	0.177985709383351	0.104986136560098	128	128	0.092483451722767	0.78192825116457
K00685	group	GERD	0.432999226974023	0.21911608420558	128	128	0.0503261434500497	0.78192825116457
K00688	group	GERD	-0.0600605643190407	0.0280856056641888	128	128	0.0344076092344628	0.78192825116457
K00692	group	GERD	0.633041077347488	0.298361757235061	128	128	0.0358192109944967	0.78192825116457
K00694	group	GERD	0.528004359111491	0.24480038553676	128	128	0.0329138045310853	0.78192825116457
K00697	group	GERD	0.730861916245172	0.356535883145192	128	128	0.0424491840220907	0.78192825116457
K00703	group	GERD	-0.0720935335820652	0.0380930172610851	128	128	0.0607098876544936	0.78192825116457
K00760	group	GERD	-0.0357050594767677	0.0187378116846087	128	128	0.0589924508781841	0.78192825116457
K00761	group	GERD	-0.0233304578951561	0.0123717812341379	128	128	0.061626912990385	0.78192825116457
K00762	group	GERD	-0.0237977022202145	0.013501578351254	128	128	0.0803949133356424	0.78192825116457
K00764	group	GERD	-0.027506441590297	0.016025107995126	128	128	0.0885354769953047	0.78192825116457
K00769	group	GERD	0.384368585499214	0.190152716804521	128	128	0.0453602626433112	0.78192825116457
K00773	group	GERD	-0.0399532128833828	0.0167114879465877	128	128	0.0182932789226274	0.78192825116457
K00783	group	GERD	-0.032695336463095	0.0187027265803924	128	128	0.082872272889744	0.78192825116457
K00789	group	GERD	-0.0214052002107178	0.0126955966373557	128	128	0.0942641127019102	0.78192825116457
K00799	group	GERD	0.815926323754664	0.46625946715932	128	127	0.0825629994915787	0.78192825116457
K00806	group	GERD	-0.0219842536936293	0.011846210639777	128	128	0.0658178367715501	0.78192825116457
K00822	group	GERD	0.763375564280061	0.413267639664973	128	125	0.0670682915918141	0.78192825116457
K00823	group	GERD	0.6933762531177	0.300452567438443	128	128	0.022642238082564	0.78192825116457
K00824	group	GERD	0.240207649116557	0.124367590167131	128	128	0.0556750400863009	0.78192825116457
K00835	group	GERD	-1.16008969059154	0.696594018936758	128	117	0.0983226508968944	0.78192825116457
K00836	group	GERD	1.51886839392824	0.537171756738837	128	73	0.00545829503780034	0.78192825116457
K00845	group	GERD	-0.0531395882323561	0.0316126294327412	128	128	0.0952478458623997	0.78192825116457
K00847	group	GERD	-0.0492933886553116	0.0292077584225908	128	128	0.0939463175373788	0.78192825116457
K00851	group	GERD	0.15569458113962	0.0793352906215955	128	128	0.051909426087249	0.78192825116457
K00857	group	GERD	-0.0496088468506104	0.0293407251068112	128	128	0.0933502175353062	0.78192825116457
K00858	group	GERD	-0.0219263999421314	0.0114306003363978	128	128	0.0573457019062678	0.78192825116457
K00860	group	GERD	-0.778194551313821	0.409376353036255	128	127	0.059595663326976	0.78192825116457
K00864	group	GERD	-0.0672369897719927	0.0403198296133658	128	128	0.0978804750112732	0.78192825116457
K00873	group	GERD	-0.0218410712744954	0.0112960731974223	128	128	0.0554161717170727	0.78192825116457
K00927	group	GERD	-0.0226060290973084	0.0115860620198801	128	128	0.0532596823862574	0.78192825116457
K00928	group	GERD	-0.0294666895194442	0.0157286673759124	128	128	0.0633245494660399	0.78192825116457
K00939	group	GERD	-0.0217442836209838	0.0114875459521324	128	128	0.0606707410655547	0.78192825116457
K00945	group	GERD	-0.0423240508130938	0.0165010072238801	128	128	0.0114919365621043	0.78192825116457
K00949	group	GERD	-0.0803732435611337	0.0327521110392519	128	128	0.0154944073927549	0.78192825116457
K00954	group	GERD	-0.0216716725559949	0.0115391382441904	128	128	0.0626785852297891	0.78192825116457
K00955	group	GERD	0.81489805116542	0.436324515221413	128	126	0.0641352439716814	0.78192825116457
K00982	group	GERD	0.179120011518504	0.101338981203503	128	128	0.0795597090608773	0.78192825116457
K00996	group	GERD	0.752073434416794	0.327062320788406	128	126	0.0231231539296946	0.78192825116457
K01000	group	GERD	-0.0206336345967962	0.0112285430227007	128	128	0.0684763847819749	0.78192825116457
K01046	group	GERD	0.964423254931002	0.530029623357541	128	106	0.071199391497298	0.78192825116457
K01051	group	GERD	-0.942826571345313	0.565121330167321	128	118	0.0977272318044436	0.78192825116457
K01055	group	GERD	0.824057848244676	0.400678332337855	128	126	0.0417833587911273	0.78192825116457
K01056	group	GERD	-0.0209166097064066	0.0114626794696431	128	128	0.0704065857851478	0.78192825116457
K01061	group	GERD	0.577773928335684	0.335585248408534	128	128	0.0875796958731286	0.78192825116457
K01083	group	GERD	-0.962149336475636	0.40304525443882	128	122	0.0184636302503756	0.78192825116457
K01087	group	GERD	0.682345281580432	0.335407650080653	128	128	0.044012460770729	0.78192825116457
K01174	group	GERD	-0.486925577467905	0.24373873240927	128	128	0.0478989761656845	0.78192825116457
K01190	group	GERD	-0.15266256529079	0.0794048052976591	128	128	0.056789004424928	0.78192825116457
K01227	group	GERD	-0.929083452497265	0.339807073732669	128	127	0.00715520308284519	0.78192825116457
K01236	group	GERD	0.420264257472572	0.234802457927714	128	128	0.0758777419082218	0.78192825116457
K01239	group	GERD	0.244786220583332	0.143200761026408	128	128	0.0898401335240809	0.78192825116457
K01243	group	GERD	-0.0398657592963213	0.0217656680443614	128	128	0.0693747191312125	0.78192825116457
K01258	group	GERD	-0.0498748916412331	0.0298783046434529	128	128	0.0975471262151814	0.78192825116457
K01389	group	GERD	0.490169459855206	0.239936998925397	128	25	0.0431470466785399	0.78192825116457
K01426	group	GERD	0.273311023805236	0.151729298081561	128	128	0.0740460078787642	0.78192825116457
K01428	group	GERD	0.694857364345254	0.395658504005244	128	125	0.0814831139084711	0.78192825116457
K01429	group	GERD	0.719286988075797	0.392695116067153	128	125	0.0693629027301532	0.78192825116457
K01430	group	GERD	0.717638806278718	0.392842973432475	128	125	0.0700993421848601	0.78192825116457
K01433	group	GERD	0.222205213460781	0.111671393176632	128	128	0.0487766784799882	0.78192825116457
K01455	group	GERD	0.833172816672114	0.499982303820156	128	104	0.0981169271288108	0.78192825116457
K01457	group	GERD	1.23285718674705	0.538720073828668	128	102	0.0237741896480398	0.78192825116457
K01461	group	GERD	0.616546790711282	0.365203206374766	128	37	0.0938408168210358	0.78192825116457
K01470	group	GERD	0.862515394739007	0.357312712369318	128	127	0.0172211166395707	0.78192825116457
K01491	group	GERD	-0.0208302863441419	0.0111940014224277	128	128	0.0650971479220845	0.78192825116457
K01493	group	GERD	-0.0624178200868067	0.0314964721125904	128	128	0.0496850870090132	0.78192825116457
K01494	group	GERD	0.167153251866253	0.0873772548242295	128	128	0.0580163264342907	0.78192825116457
K01524	group	GERD	0.119659709625555	0.0612419550392581	128	128	0.0529304356579386	0.78192825116457
K01534	group	GERD	-0.0774301404884466	0.0434688898972602	128	128	0.0772764778365379	0.78192825116457
K01537	group	GERD	-0.0710864316496028	0.0420814406822027	128	128	0.0936429789219147	0.78192825116457
K01588	group	GERD	-0.0256113380318971	0.0145746608512659	128	128	0.0813038899530461	0.78192825116457
K01591	group	GERD	-0.0310972288183851	0.0153230224722617	128	128	0.0445193092202584	0.78192825116457
K01607	group	GERD	0.371079409647644	0.221138242078945	128	128	0.0958174898991052	0.78192825116457
K01608	group	GERD	1.01995291535859	0.455259595156728	128	116	0.026818416951126	0.78192825116457
K01652	group	GERD	0.0850944199155322	0.0377777446525633	128	128	0.026020825710918	0.78192825116457
K01679	group	GERD	0.123860013934648	0.0559623476371513	128	128	0.0286788939478042	0.78192825116457
K01687	group	GERD	0.095681872314386393	0.0520722946478092	128	128	0.0684948461762674	0.78192825116457
K01692	group	GERD	0.669280631645172	0.357183970823536	128	128	0.0632784224120969	0.78192825116457
K01706	group	GERD	0.769242199486323	0.462871912567395	128	115	0.0990208428803617	0.78192825116457
K01714	group	GERD	0.0349414474943246	0.017683979543494	128	128	0.0503532609049269	0.78192825116457
K01716	group	GERD	0.729233321666182	0.335251724418398	128	128	0.0314834726744683	0.78192825116457
K01724	group	GERD	0.526003485003552	0.316112099667242	128	128	0.0986020098598782	0.78192825116457
K01725	group	GERD	1.11070222272285	0.515192068581738	128	104	0.0329917750200986	0.78192825116457
K01728	group	GERD	0.661129737712427	0.320415444798012	128	33	0.0411327620462449	0.78192825116457
K01756	group	GERD	-0.0204111636495683	0.0117109059495997	128	128	0.0837872929747922	0.78192825116457
K01768	group	GERD	0.24597176115147	0.0962106977463034	128	128	0.0117569348873008	0.78192825116457
K01771	group	GERD	0.70853822373238	0.298029864809705	128	20	0.018938932676019	0.78192825116457
K01775	group	GERD	-0.0345567366448669	0.0157283965606663	128	128	0.0298425370968715	0.78192825116457
K01776	group	GERD	-0.0261383488089207	0.0131774857513314	128	128	0.0494789280587056	0.78192825116457
K01782	group	GERD	0.789685341486992	0.41841493429735	128	125	0.0614169835996269	0.78192825116457
K01783	group	GERD	-0.0235370680211714	0.0127760982632644	128	128	0.067786117798793	0.78192825116457
K01785	group	GERD	-0.0930683535414758	0.0414861947306365	128	128	0.0266203883910953	0.78192825116457
K01788	group	GERD	-0.105654214711712	0.0545353822170013	128	128	0.0549400938623217	0.78192825116457
K01801	group	GERD	0.798032612487515	0.478833713408829	128	122	0.0980744819396026	0.78192825116457
K01810	group	GERD	-0.0295264225330864	0.0145989919447661	128	128	0.045241851929072	0.78192825116457
K01815	group	GERD	-0.30430160490519	0.179796631235642	128	128	0.0930264930344761	0.78192825116457
K01816	group	GERD	0.644746109107639	0.363331151169253	128	128	0.0783886478567498	0.78192825116457
K01835	group	GERD	-0.0344041973390551	0.0183326617750503	128	128	0.0628774947614127	0.78192825116457
K01856	group	GERD	1.02490969274399	0.541743352609528	128	90	0.0608029413616195	0.78192825116457
K01857	group	GERD	0.786180534408314	0.424481584162072	128	125	0.0663525547165993	0.78192825116457
K01866	group	GERD	-0.0217093255201027	0.0115479008522057	128	128	0.0624258377462275	0.78192825116457
K01867	group	GERD	-0.020861179036401	0.0112662231190607	128	128	0.0664160701647812	0.78192825116457
K01868	group	GERD	-0.0206178017542603	0.0113754955803494	128	128	0.072293797459015	0.78192825116457
K01869	group	GERD	-0.0425587207282003	0.023928898776192	128	128	0.077725334694041	0.78192825116457
K01870	group	GERD	-0.0221998680200554	0.011488068247892	128	128	0.0555508595385257	0.78192825116457
K01873	group	GERD	-0.0216587351939686	0.01154456141952	128	128	0.0629553640282512	0.78192825116457
K01874	group	GERD	-0.0227556009767928	0.0136590801665099	128	128	0.0982038993784393	0.78192825116457
K01875	group	GERD	-0.0214585663304056	0.0114831976261708	128	128	0.0639876824794112	0.78192825116457
K01876	group	GERD	-0.0200911198131372	0.01169581658852	128	128	0.0882889568385078	0.78192825116457
K01881	group	GERD	-0.02170021384557	0.01154886361947	128	128	0.0625559534258101	0.78192825116457
K01883	group	GERD	-0.0205954777708468	0.0113652515599987	128	128	0.0723451629583509	0.78192825116457
K01887	group	GERD	-0.027136051950998	0.0132813353163678	128	128	0.0431206120467085	0.78192825116457
K01889	group	GERD	-0.0216692965496687	0.0115456718816249	128	128	0.0628537731078977	0.78192825116457
K01890	group	GERD	-0.0216702062058761	0.0115456975532582	128	128	0.062843457878847	0.78192825116457
K01892	group	GERD	-0.0216428667281199	0.0115200330300669	128	128	0.0625939127430403	0.78192825116457
K01893	group	GERD	-0.0877962371044919	0.0328291163752716	128	128	0.00848064063770905	0.78192825116457
K01904	group	GERD	0.442193998248004	0.239122124570531	128	24	0.0667668465741033	0.78192825116457
K01914	group	GERD	-0.0764915759501177	0.040332231747018	128	128	0.0601784840789983	0.78192825116457
K01925	group	GERD	-0.0215505434422636	0.0115470369322034	128	128	0.0643204289259404	0.78192825116457
K01929	group	GERD	-0.0273431688025067	0.0139786215495753	128	128	0.0526694364233746	0.78192825116457
K01933	group	GERD	-0.0258464683491619	0.0145921803725913	128	128	0.0789360517567632	0.78192825116457
K01939	group	GERD	-0.0193888119779175	0.0114162155071021	128	128	0.0919085097397247	0.78192825116457
K01941	group	GERD	1.08839734535914	0.505091788211469	128	76	0.0330755726529248	0.78192825116457
K01945	group	GERD	-0.0207055625401038	0.0120584359417925	128	128	0.0884175824527252	0.78192825116457
K01969	group	GERD	0.725995298270146	0.408364213619965	128	126	0.0778467730358228	0.78192825116457
K01972	group	GERD	-0.0193915472518986	0.010468052880806	128	128	0.0663012887673816	0.78192825116457
K02001	group	GERD	0.853198065538448	0.376136746949084	128	126	0.0250115633097872	0.78192825116457
K02002	group	GERD	0.290222723149699	0.162179415628127	128	128	0.075933817351633	0.78192825116457
K02018	group	GERD	0.165159935614077	0.0863213863946474	128	128	0.0579765515487815	0.78192825116457
K02020	group	GERD	0.17810000109246	0.0810947339706973	128	128	0.0299080991433225	0.78192825116457
K02032	group	GERD	0.0953165508616715	0.0560231640567661	128	128	0.0913385658375802	0.78192825116457
K02033	group	GERD	0.109117206473245	0.054913969686725	128	128	0.0490851756326175	0.78192825116457
K02034	group	GERD	0.109438884119518	0.0549115983930429	128	128	0.0484218605209613	0.78192825116457
K02049	group	GERD	0.188274920745914	0.0965274463784211	128	128	0.0533390331435902	0.78192825116457
K02050	group	GERD	0.184399687785086	0.0999936584017099	128	128	0.0675155825079674	0.78192825116457
K02052	group	GERD	0.40641431036265	0.209998537652167	128	128	0.0551914769671468	0.78192825116457
K02053	group	GERD	0.463819778506704	0.233740932400824	128	128	0.0493918023876627	0.78192825116457
K02054	group	GERD	0.435462180480967	0.223280254996389	128	128	0.0533614999719069	0.78192825116457
K02062	group	GERD	0.323449983169261	0.194464123807518	128	128	0.0987400741933763	0.78192825116457
K02106	group	GERD	0.632341445959287	0.360909053654681	128	126	0.0821929065566685	0.78192825116457
K02117	group	GERD	-0.18500569292605001	0.0922836060206783	128	128	0.0471329852593864	0.78192825116457
K02118	group	GERD	-0.184944115745191	0.0922739190423957	128	128	0.0471825480601514	0.78192825116457
K02120	group	GERD	-0.184856931945296	0.0922537705005184	128	128	0.0472376334505999	0.78192825116457
K02123	group	GERD	-0.184944115745191	0.0922739190423957	128	128	0.0471825480601514	0.78192825116457
K02124	group	GERD	-0.184944115745191	0.0922739190423957	128	128	0.0471825480601514	0.78192825116457
K02193	group	GERD	0.574212624316182	0.257597250518167	128	128	0.0275786103784273	0.78192825116457
K02194	group	GERD	0.544628653478257	0.252168324955423	128	128	0.0326831087416636	0.78192825116457
K02195	group	GERD	0.539923064504345	0.251662989705477	128	128	0.0338373727812117	0.78192825116457
K02196	group	GERD	0.626288575498853	0.363607728085165	128	128	0.0874454101084936	0.78192825116457
K02197	group	GERD	0.540706816190581	0.251771005828724	128	128	0.0336589017549493	0.78192825116457
K02198	group	GERD	0.540706816190581	0.251771005828724	128	128	0.0336589017549493	0.78192825116457
K02200	group	GERD	0.679813951568455	0.367545543264325	128	128	0.066713717914189	0.78192825116457
K02225	group	GERD	0.857750728569327	0.454409862466341	128	125	0.0613778331141086	0.78192825116457
K02228	group	GERD	0.86510613698714	0.477426430209158	128	117	0.0723645454744902	0.78192825116457
K02258	group	GERD	0.745141994363943	0.431181211912926	128	125	0.0864127765742654	0.78192825116457
K02259	group	GERD	0.549373122410276	0.313794313647054	128	128	0.0824240477643878	0.78192825116457
K02274	group	GERD	0.554880088779163	0.31005177705076	128	128	0.0759143301543586	0.78192825116457
K02275	group	GERD	0.639354259987065	0.284123508131336	128	128	0.0261661089298771	0.78192825116457
K02276	group	GERD	0.551461695700947	0.306228423703699	128	128	0.0741234806537392	0.78192825116457
K02279	group	GERD	0.438826512367368	0.215357922542635	128	128	0.0436775253969856	0.78192825116457
K02280	group	GERD	0.847974330535698	0.443068045231261	128	125	0.0579048716407482	0.78192825116457
K02282	group	GERD	0.47150108572356503	0.25501201456907	128	128	0.0668108320071606	0.78192825116457
K02297	group	GERD	0.966625691896948	0.50805893488574	128	120	0.0593766697849324	0.78192825116457
K02298	group	GERD	0.966578387282386	0.508068170946624	128	120	0.059393503930261	0.78192825116457
K02299	group	GERD	0.915593658053515	0.499810525272399	128	122	0.0693308278752253	0.78192825116457
K02300	group	GERD	0.963352609772833	0.508246604174211	128	120	0.0603244557919575	0.78192825116457
K02314	group	GERD	-0.022453369691666	0.0113393328166198	128	128	0.0498677930249007	0.78192825116457
K02316	group	GERD	-0.0215901941677862	0.011566939184076	128	128	0.0642898906196584	0.78192825116457
K02335	group	GERD	-0.015055628725539	0.0080592493942507	128	128	0.0640683649677431	0.78192825116457
K02337	group	GERD	-0.021526845167182	0.0114917966387602	128	128	0.0633527379783317	0.78192825116457
K02340	group	GERD	-0.0204146756920009	0.010898292040422	128	128	0.0633577874954566	0.78192825116457
K02341	group	GERD	-0.0187337040025837	0.0107066755897839	128	128	0.0826009059994995	0.78192825116457
K02343	group	GERD	-0.0194992412326933	0.01097058695195	128	128	0.0779132286571963	0.78192825116457
K02357	group	GERD	-0.0216692965496687	0.0115456718816249	128	128	0.0628537731078977	0.78192825116457
K02379	group	GERD	0.220289346794762	0.112423293696466	128	128	0.0522664580674605	0.78192825116457
K02380	group	GERD	0.5963141279673	0.309580203131164	128	124	0.056331391676303	0.78192825116457
K02386	group	GERD	0.370729313506007	0.208605674606459	128	128	0.0779518110349453	0.78192825116457
K02391	group	GERD	0.787895929423046	0.400501339599921	128	126	0.0513487436261427	0.78192825116457
K02393	group	GERD	0.407025100940506	0.196504474059097	128	128	0.0403690342945014	0.78192825116457
K02394	group	GERD	0.399714421706596	0.19511147666717	128	128	0.0425733816344445	0.78192825116457
K02445	group	GERD	-0.239291698296671	0.131702912474022	128	128	0.0716083283695806	0.78192825116457
K02482	group	GERD	0.324372438829506	0.183684999134346	128	128	0.0798318302838754	0.78192825116457
K02483	group	GERD	0.246027281688309	0.0942334897474408	128	128	0.0101279517383275	0.78192825116457
K02493	group	GERD	-0.0181179091975741	0.010024472823065	128	128	0.0730907801704028	0.78192825116457
K02503	group	GERD	-0.0295692110668306	0.0170885212880466	128	128	0.0860152039707026	0.78192825116457
K02510	group	GERD	0.868889690028149	0.396782079256853	128	127	0.0303771525188718	0.78192825116457
K02518	group	GERD	-0.0204364404098893	0.0110713906865194	128	128	0.0672570258577347	0.78192825116457
K02520	group	GERD	-0.0216692965496687	0.0115456718816249	128	128	0.0628537731078977	0.78192825116457
K02528	group	GERD	-0.0227249707677371	0.0122648628838817	128	128	0.0662432916745852	0.78192825116457
K02563	group	GERD	-0.0215177541919781	0.0115562743159895	128	128	0.0649330437032347	0.78192825116457
K02571	group	GERD	0.954311873173238	0.36824992215117	128	45	0.0106841828647364	0.78192825116457
K02575	group	GERD	0.158600002672531	0.0920673735301405	128	128	0.0874050305331143	0.78192825116457
K02600	group	GERD	-0.0216473888150924	0.0115450955707342	128	128	0.06310358748428	0.78192825116457
K02601	group	GERD	-0.022348657421404	0.0116674249019384	128	128	0.0576979795013435	0.78192825116457
K02624	group	GERD	0.82100004882604	0.404515042691965	128	126	0.0445042249502919	0.78192825116457
K02687	group	GERD	-0.034866184777922	0.0184410687165748	128	128	0.0609633748184715	0.78192825116457
K02777	group	GERD	-0.18430096914442	0.10751482478622	128	128	0.0889524422149999	0.78192825116457
K02822	group	GERD	-0.163275074105655	0.092018297679143	128	128	0.0784160670498031	0.78192825116457
K02824	group	GERD	-0.0499433311473332	0.029233301032747	128	128	0.0900171142760204	0.78192825116457
K02834	group	GERD	-0.0216692965496687	0.0115456718816249	128	128	0.0628537731078977	0.78192825116457
K02835	group	GERD	-0.0217074443842294	0.0112911829723276	128	128	0.056798289814215	0.78192825116457
K02836	group	GERD	-0.0216692965496687	0.0115456718816249	128	128	0.0628537731078977	0.78192825116457
K02838	group	GERD	-0.0216688417017766	0.0115456591142477	128	128	0.0628589330460105	0.78192825116457
K02844	group	GERD	0.893033290948903	0.469386063595	128	112	0.0593805865867094	0.78192825116457
K02860	group	GERD	-0.0216609779993562	0.0115465050083723	128	128	0.0629721947089342	0.78192825116457
K02863	group	GERD	-0.0220109389839266	0.013093752219114	128	128	0.0952351172018505	0.78192825116457
K02864	group	GERD	-0.0216692965496687	0.0115456718816249	128	128	0.0628537731078977	0.78192825116457
K02867	group	GERD	-0.0214691152478461	0.0115900172560642	128	128	0.0663114573706216	0.78192825116457
K02871	group	GERD	-0.0216692965496687	0.0115456718816249	128	128	0.0628537731078977	0.78192825116457
K02874	group	GERD	-0.0214691152478461	0.0115900172560642	128	128	0.0663114573706216	0.78192825116457
K02879	group	GERD	-0.0212982122981918	0.0124073565395723	128	128	0.0885133983669662	0.78192825116457
K02881	group	GERD	-0.0214691152478461	0.0115900172560642	128	128	0.0663114573706216	0.78192825116457
K02884	group	GERD	-0.0216692965496687	0.0115456718816249	128	128	0.0628537731078977	0.78192825116457
K02886	group	GERD	-0.0216692965496687	0.0115456718816249	128	128	0.0628537731078977	0.78192825116457
K02887	group	GERD	-0.0216692965496687	0.0115456718816249	128	128	0.0628537731078977	0.78192825116457
K02888	group	GERD	-0.0216763222640792	0.011545904264823501	128	128	0.0627749075606208	0.78192825116457
K02890	group	GERD	-0.0215058528189611	0.0115984631738257	128	128	0.066048963314877	0.78192825116457
K02892	group	GERD	-0.0216692965496687	0.0115456718816249	128	128	0.0628537731078977	0.78192825116457
K02895	group	GERD	-0.0187660149764301	0.0108908729533492	128	128	0.0873244263732891	0.78192825116457
K02899	group	GERD	-0.0216692965496687	0.0115456718816249	128	128	0.0628537731078977	0.78192825116457
K02904	group	GERD	-0.0216497626824202	0.0115752977327991	128	128	0.0637565897092647	0.78192825116457
K02906	group	GERD	-0.0216692965496687	0.0115456718816249	128	128	0.0628537731078977	0.78192825116457
K02911	group	GERD	-0.0203622115468066	0.0111246414629318	128	128	0.0695579007713436	0.78192825116457
K02914	group	GERD	-0.0361289065025343	0.0173977817679735	128	128	0.039867222594888	0.78192825116457
K02916	group	GERD	-0.0216692965496687	0.0115456718816249	128	128	0.0628537731078977	0.78192825116457
K02926	group	GERD	-0.0216692965496687	0.0115456718816249	128	128	0.0628537731078977	0.78192825116457
K02931	group	GERD	-0.0216692965496687	0.0115456718816249	128	128	0.0628537731078977	0.78192825116457
K02933	group	GERD	-0.0216692965496687	0.0115456718816249	128	128	0.0628537731078977	0.78192825116457
K02935	group	GERD	-0.0216360860491281	0.011548729919656	128	128	0.0633215151192722	0.78192825116457
K02939	group	GERD	-0.0215500886075641	0.0115470239777138	128	128	0.0643256859199052	0.78192825116457
K02945	group	GERD	-0.0453495373228684	0.0202148317408573	128	128	0.0266189173828869	0.78192825116457
K02946	group	GERD	-0.0211016010489043	0.0116784180278448	128	128	0.0731659190187004	0.78192825116457
K02950	group	GERD	-0.0216590875111	0.0115390044585159	128	128	0.0628261651849661	0.78192825116457
K02952	group	GERD	-0.0215799207525367	0.0116183250747018	128	128	0.0655884171812031	0.78192825116457
K02956	group	GERD	-0.0220568654151359	0.0131356766060292	128	128	0.0955996028221091	0.78192825116457
K02959	group	GERD	-0.0218000926111543	0.0116089851689425	128	128	0.0627113805784739	0.78192825116457
K02961	group	GERD	-0.0214612583870753	0.0115887301539083	128	128	0.0663797632466684	0.78192825116457
K02963	group	GERD	-0.0207663222872943	0.0112181226976284	128	128	0.0664908419124152	0.78192825116457
K02965	group	GERD	-0.022414042338478	0.0124008475397493	128	128	0.0730762437315488	0.78192825116457
K02967	group	GERD	-0.0216692965496687	0.0115456718816249	128	128	0.0628537731078977	0.78192825116457
K02968	group	GERD	-0.0220212537458055	0.0130992079772562	128	128	0.0952181201855628	0.78192825116457
K02982	group	GERD	-0.0245197377103234	0.0118546386398792	128	128	0.0406511246695397	0.78192825116457
K02986	group	GERD	-0.0216792318037263	0.0115460091517507	128	128	0.0627424665822046	0.78192825116457
K02988	group	GERD	-0.0216692965496687	0.0115456718816249	128	128	0.0628537731078977	0.78192825116457
K02990	group	GERD	-0.0216692965496687	0.0115456718816249	128	128	0.0628537731078977	0.78192825116457
K02992	group	GERD	-0.0216692965496687	0.0115456718816249	128	128	0.0628537731078977	0.78192825116457
K02994	group	GERD	-0.0214630902853716	0.0115268182615416	128	128	0.064930785858882	0.78192825116457
K02996	group	GERD	-0.0217060341207837	0.0115541796078559	128	128	0.0626056512107514	0.78192825116457
K03040	group	GERD	-0.0242186198599886	0.0121228221967473	128	128	0.047895125368145	0.78192825116457
K03043	group	GERD	-0.0216593396528305	0.0115463870014381	128	128	0.0629891901785167	0.78192825116457
K03046	group	GERD	-0.021808456128321	0.0115204892373438	128	128	0.0606495912222543	0.78192825116457
K03073	group	GERD	-0.0425748989016263	0.0182366838854181	128	128	0.0211474786868717	0.78192825116457
K03075	group	GERD	-0.021592352506791	0.0115501245260059	128	128	0.0638817993351153	0.78192825116457
K03100	group	GERD	-0.0359615593185449	0.0167118240451918	128	128	0.0333152953353936	0.78192825116457
K03101	group	GERD	-0.0231227811150904	0.0124709453566753	128	128	0.0660585181488149	0.78192825116457
K03106	group	GERD	-0.0216869377049857	0.0115450363687425	128	128	0.0626285673642802	0.78192825116457
K03110	group	GERD	-0.0216580923211229	0.0124324566439375	128	128	0.0839380430483764	0.78192825116457
K03118	group	GERD	0.107550247642471	0.0629968444905016	128	128	0.0902419238585548	0.78192825116457
K03119	group	GERD	0.957567141123105	0.552000312337911	128	115	0.0852354141937613	0.78192825116457
K03152	group	GERD	-0.0975554075353084	0.0405548456420899	128	128	0.0176027823581806	0.78192825116457
K03177	group	GERD	-0.0213894284119738	0.0112166839980965	128	128	0.058806372347014003	0.78192825116457
K03185	group	GERD	0.857716267078968	0.415056290225874	128	126	0.0408292562227138	0.78192825116457
K03187	group	GERD	0.748237700192011	0.392613056712993	128	125	0.0589556687376024	0.78192825116457
K03188	group	GERD	0.713137577674857	0.395137072362739	128	125	0.0734965357756137	0.78192825116457
K03189	group	GERD	0.713137577674857	0.395137072362739	128	125	0.0734965357756137	0.78192825116457
K03190	group	GERD	0.713137577674857	0.395137072362739	128	125	0.0734965357756137	0.78192825116457
K03199	group	GERD	0.61549034458254	0.342776277874331	128	125	0.0749542584661419	0.78192825116457
K03210	group	GERD	-0.0187865131912766	0.0109825585756404	128	128	0.0896202483828442	0.78192825116457
K03215	group	GERD	-0.0439363958935416	0.0249410128479636	128	128	0.0805602766646387	0.78192825116457
K03288	group	GERD	0.916267536370237	0.531837619563903	128	97	0.0873720371251523	0.78192825116457
K03301	group	GERD	0.951308814986098	0.493688035719844	128	98	0.0562380329944708	0.78192825116457
K03306	group	GERD	0.168663654556486	0.0686427212672505	128	128	0.0153660372854429	0.78192825116457
K03335	group	GERD	0.224129433540209	0.131730329835814	128	128	0.0913294010825061	0.78192825116457
K03379	group	GERD	0.958700666180752	0.569980165658554	128	82	0.0950476631760606	0.78192825116457
K03437	group	GERD	-0.029122988708532	0.0130093991213108	128	128	0.0269362970899497	0.78192825116457
K03438	group	GERD	-0.025280357888745	0.0138217605804256	128	128	0.0697603848950152	0.78192825116457
K03439	group	GERD	-0.0296804767192389	0.014571220217467	128	128	0.0437524464955155	0.78192825116457
K03470	group	GERD	-0.020165051638271	0.0108913616162121	128	128	0.0664428257155511	0.78192825116457
K03473	group	GERD	-0.828326336685296	0.473541617310673	128	124	0.0826887342854174	0.78192825116457
K03475	group	GERD	-0.150587034228415	0.0898783071510877	128	128	0.0963250057969278	0.78192825116457
K03495	group	GERD	-0.0494010408174457	0.0250910173963287	128	128	0.0511625111075655	0.78192825116457
K03501	group	GERD	-0.0217092357716275	0.0115530730662894	128	128	0.0625426950591942	0.78192825116457
K03531	group	GERD	-0.0278018429831659	0.0156034162467536	128	128	0.0771941035902982	0.78192825116457
K03536	group	GERD	-0.0206924515325999	0.0116587779120261	128	128	0.078339237790813	0.78192825116457
K03544	group	GERD	-0.0222848967613926	0.0128145164245946	128	128	0.0844709022735072	0.78192825116457
K03545	group	GERD	-0.0266747141115094	0.0149334646919964	128	128	0.0764658241446059	0.78192825116457
K03550	group	GERD	-0.0219105744770716	0.0115683656475079	128	128	0.0605164667847211	0.78192825116457
K03551	group	GERD	-0.0216597111118253	0.0115464624399547	128	128	0.0629864318902608	0.78192825116457
K03553	group	GERD	-0.0216590875111	0.0115390044585159	128	128	0.0628261651849661	0.78192825116457
K03555	group	GERD	-0.0399867964855197	0.019252009823896	128	128	0.0398314651528823	0.78192825116457
K03562	group	GERD	0.582458581096615	0.349100250821981	128	128	0.0977083098353133	0.78192825116457
K03565	group	GERD	-0.0383193469118815	0.0191848058720672	128	128	0.0479381009764365	0.78192825116457
K03566	group	GERD	0.826033242257083	0.389701709611933	128	128	0.035996823948947	0.78192825116457
K03572	group	GERD	-0.0392111352704955	0.0192966319798032	128	128	0.0442540410562585	0.78192825116457
K03584	group	GERD	-0.0401751062096532	0.0208744168407769	128	128	0.0565325366088055	0.78192825116457
K03588	group	GERD	-0.02172710592123	0.0114346543645985	128	128	0.0597037137615696	0.78192825116457
K03595	group	GERD	-0.0207975109713907	0.0115282128978425	128	128	0.0736118778718945	0.78192825116457
K03596	group	GERD	-0.021669203880359	0.0115461076456362	128	128	0.0628646768183365	0.78192825116457
K03601	group	GERD	-0.025263880694276	0.0151270054694098	128	128	0.097378487886523	0.78192825116457
K03623	group	GERD	-1.15059247638778	0.565027593102174	128	123	0.0438112169380269	0.78192825116457
K03625	group	GERD	-0.0215753200705071	0.0115482174859064	128	128	0.0640454088038812	0.78192825116457
K03630	group	GERD	-0.0323726041783669	0.0188278587324504	128	128	0.0879972808104855	0.78192825116457
K03631	group	GERD	-0.0215890810653379	0.0115790819845565	128	128	0.0645797645138579	0.78192825116457
K03635	group	GERD	0.275853051755525	0.131586197911975	128	128	0.0380498438087216	0.78192825116457
K03637	group	GERD	0.126671209426427	0.0616318603736076	128	128	0.0419174877587851	0.78192825116457
K03639	group	GERD	0.109815559228302	0.0628665497617723	128	128	0.0831080342903031	0.78192825116457
K03641	group	GERD	0.404341637879267	0.208465369584738	128	128	0.0546617708666904	0.78192825116457
K03648	group	GERD	-0.0849187832275617	0.0342052266471371	128	128	0.0143571201200068	0.78192825116457
K03650	group	GERD	-0.037182971842283	0.0191671664692595	128	128	0.0546224437335037	0.78192825116457
K03664	group	GERD	-0.0216681661780082	0.0115456110099951	128	128	0.0628659420266263	0.78192825116457
K03668	group	GERD	-0.913165178657248	0.411109962692791	128	118	0.0281222032018213	0.78192825116457
K03684	group	GERD	0.215753953225382	0.0981930658740951	128	128	0.0298315573672622	0.78192825116457
K03685	group	GERD	-0.0216995668439358	0.0115464072261605	128	128	0.062508637571787	0.78192825116457
K03687	group	GERD	-0.0215685392227336	0.011542193996769	128	128	0.0639910041918378	0.78192825116457
K03702	group	GERD	-0.0216692965496687	0.0115456718816249	128	128	0.0628537731078977	0.78192825116457
K03703	group	GERD	-0.0216631941813428	0.011545922823917	128	128	0.0629325269149497	0.78192825116457
K03723	group	GERD	-0.0250024550715653	0.012580843058251	128	128	0.049053079659025	0.78192825116457
K03724	group	GERD	0.506356149522993	0.300225138802762	128	128	0.0941570449828214	0.78192825116457
K03742	group	GERD	-0.0593659629096593	0.033332111694276	128	128	0.0773147290026866	0.78192825116457
K03750	group	GERD	0.139232805149473	0.0652974725034463	128	128	0.0349239061053487	0.78192825116457
K03768	group	GERD	-0.0833438551928664	0.0434478626100473	128	128	0.05734181309093	0.78192825116457
K03798	group	GERD	-0.028073521002296	0.0160824004079713	128	128	0.0833172096285135	0.78192825116457
K03800	group	GERD	-0.106502653641618	0.0616128551512482	128	128	0.0863341311134928	0.78192825116457
K03805	group	GERD	0.592210354091317	0.320764043565313	128	33	0.0672027928156694	0.78192825116457
K03821	group	GERD	0.778921798494431	0.414157084703967	128	126	0.0623155244241116	0.78192825116457
K03822	group	GERD	0.490169459855206	0.239936998925397	128	25	0.0431470466785399	0.78192825116457
K03826	group	GERD	-1.21263863033376	0.486690650351321	128	119	0.0140163957061294	0.78192825116457
K03919	group	GERD	0.759450970953209	0.450183832276189	128	124	0.0940815254398998	0.78192825116457
K03977	group	GERD	-0.0216697513843682	0.0115456846946298	128	128	0.0628486147189469	0.78192825116457
K03978	group	GERD	-0.0360387157966479	0.0194516674443884	128	128	0.0662606511404474	0.78192825116457
K03979	group	GERD	-0.0216697513843682	0.0115456846946298	128	128	0.0628486147189469	0.78192825116457
K04045	group	GERD	0.49443659039736	0.214450332294143	128	128	0.0227674172723969	0.78192825116457
K04046	group	GERD	0.800794535363952	0.427472255580726	128	125	0.0633403047654754	0.78192825116457
K04047	group	GERD	-0.0351801803519897	0.0203190020862483	128	128	0.0858293337301178	0.78192825116457
K04066	group	GERD	-0.0217660999888007	0.0115199856551541	128	128	0.0611334590907171	0.78192825116457
K04068	group	GERD	-0.054942643125624	0.0284538508908889	128	128	0.0557367665809762	0.78192825116457
K04075	group	GERD	-0.0382388933133773	0.0149756471782021	128	128	0.0118596919188157	0.78192825116457
K04091	group	GERD	1.04891064563057	0.511428176584981	128	116	0.0423454675260721	0.78192825116457
K04092	group	GERD	0.219464218414978	0.0815273047497955	128	128	0.00806989909114593	0.78192825116457
K04338	group	GERD	-0.966354038184951	0.408124844438173	128	117	0.0194161987044172	0.78192825116457
K04485	group	GERD	-0.0255041554669761	0.0117635983068596	128	128	0.0320336212181513	0.78192825116457
K04567	group	GERD	-0.0293164424293113	0.0146681593976483	128	128	0.0477991155397731	0.78192825116457
K04719	group	GERD	0.789223878801614	0.437237815785156	128	124	0.0734592669029922	0.78192825116457
K04744	group	GERD	0.206743832135143	0.105011050352638	128	128	0.0511731942026209	0.78192825116457
K04752	group	GERD	0.754919641816007	0.413256139829483	128	126	0.0701028548984315	0.78192825116457
K05020	group	GERD	0.56784712822842	0.249037802831656	128	128	0.0242783602885581	0.78192825116457
K05338	group	GERD	1.13842897817988	0.594852647385982	128	100	0.0579138207262639	0.78192825116457
K05339	group	GERD	0.825916341613009	0.496418759163068	128	96	0.0986477702331995	0.78192825116457
K05343	group	GERD	0.442301411971007	0.19205026203748	128	128	0.0229150323648402	0.78192825116457
K05352	group	GERD	-0.620798971774078	0.31283236759893	128	128	0.0493790095831804	0.78192825116457
K05499	group	GERD	0.698735868793039	0.411728519609128	128	125	0.0921505644699743	0.78192825116457
K05520	group	GERD	0.670808833765423	0.351090842991823	128	128	0.058322695049163	0.78192825116457
K05550	group	GERD	0.701567882468579	0.407886987423294	128	65	0.0878866083707997	0.78192825116457
K05602	group	GERD	0.243940978334371	0.143665179027714	128	128	0.0919793973294278	0.78192825116457
K05712	group	GERD	0.796414219257954	0.418619961784876	128	126	0.0593912052318892	0.78192825116457
K05714	group	GERD	0.490169459855206	0.239936998925397	128	25	0.0431470466785399	0.78192825116457
K05772	group	GERD	0.794794470113438	0.394173279735355	128	123	0.0458886443122118	0.78192825116457
K05773	group	GERD	0.795515332408141	0.394199756960141	128	123	0.0457094740570522	0.78192825116457
K05782	group	GERD	0.808261252446672	0.443691850723425	128	124	0.070876700765109	0.78192825116457
K05786	group	GERD	0.175963736577204	0.0660317367964318	128	128	0.00871063609152353	0.78192825116457
K05790	group	GERD	0.406623528990018	0.202979395911346	128	16	0.0472933263133353	0.78192825116457
K05792	group	GERD	0.430738274054062	0.248694189919558	128	25	0.0857208541626418	0.78192825116457
K05793	group	GERD	0.417395221575294	0.246252246813064	128	25	0.0925472291334101	0.78192825116457
K05812	group	GERD	0.787277113820851	0.470149692243293	128	104	0.0965079864080861	0.78192825116457
K05813	group	GERD	0.753309979885723	0.34976189328202	128	127	0.0331613543946947	0.78192825116457
K05814	group	GERD	0.767819608450407	0.35837984952117	128	127	0.034078526432138	0.78192825116457
K05815	group	GERD	0.766520149402301	0.358272767617337	128	127	0.034324463334757	0.78192825116457
K05834	group	GERD	0.799809099792161	0.40498630936123	128	106	0.0504654754315184	0.78192825116457
K05835	group	GERD	0.640863227303792	0.385183658630009	128	30	0.0986403836407581	0.78192825116457
K05837	group	GERD	-0.0439647469074435	0.0229708607741288	128	128	0.0578963226633398	0.78192825116457
K05838	group	GERD	0.194977989425262	0.0982779864292844	128	128	0.0494357168933512	0.78192825116457
K05973	group	GERD	0.748676325230305	0.414892166478763	128	125	0.0735401796657141	0.78192825116457
K05982	group	GERD	-0.916400694136777	0.39618184872142	128	124	0.022339022240834	0.78192825116457
K05988	group	GERD	0.318427778752395	0.188678772770543	128	128	0.0939482200210263	0.78192825116457
K06016	group	GERD	0.594565459367818	0.329572598122929	128	127	0.0736123978150248	0.78192825116457
K06044	group	GERD	0.419452210903227	0.23590404837417	128	128	0.077805568650979	0.78192825116457
K06155	group	GERD	-0.347828932322885	0.206836241908844	128	128	0.0951110874506842	0.78192825116457
K06158	group	GERD	-0.0497787528022611	0.0258382327973545	128	128	0.0562870562256007	0.78192825116457
K06173	group	GERD	-0.0241576162054658	0.0140597325409561	128	128	0.088214074140385	0.78192825116457
K06178	group	GERD	-0.0155979685978529	0.00932858326973294	128	128	0.09699365626276	0.78192825116457
K06180	group	GERD	-0.0440355204759174	0.0235410504058738	128	128	0.06372265452475	0.78192825116457
K06187	group	GERD	-0.0216692965496687	0.0115456718816249	128	128	0.0628537731078977	0.78192825116457
K06201	group	GERD	-0.0715766927640161	0.0311448263843838	128	128	0.0231988675978762	0.78192825116457
K06203	group	GERD	0.582710420508182	0.289475563477966	128	128	0.0462471824067883	0.78192825116457
K06207	group	GERD	-0.0209885441428868	0.0114756914808772	128	128	0.0697708021702255	0.78192825116457
K06214	group	GERD	-1.02803448280426	0.406055718513426	128	117	0.012578647859208	0.78192825116457
K06222	group	GERD	0.91690755039131	0.514613801438651	128	101	0.0772006788805851	0.78192825116457
K06310	group	GERD	-0.892357553739782	0.510632905370009	128	59	0.0829778255744309	0.78192825116457
K06311	group	GERD	-0.919577379959943	0.482643667035672	128	50	0.0590207687628526	0.78192825116457
K06330	group	GERD	0.63708255385401	0.287429736666687	128	128	0.0284530373746776	0.78192825116457
K06400	group	GERD	-0.478628795801769	0.240118208283724	128	128	0.0483881822182067	0.78192825116457
K06445	group	GERD	0.969227645936667	0.483063310235225	128	117	0.0469524055102012	0.78192825116457
K06598	group	GERD	0.839889301345642	0.493835260658937	128	95	0.0914571299012886	0.78192825116457
K06718	group	GERD	0.597786683010088	0.333390307493248	128	53	0.0753633394684884	0.78192825116457
K06720	group	GERD	0.927854504991313	0.415367472354482	128	60	0.0272588246380339	0.78192825116457
K06858	group	GERD	0.717326125667373	0.322098793378635	128	43	0.0277204772830346	0.78192825116457
K06881	group	GERD	-0.0568425245471559	0.0302913609498999	128	128	0.0628962210538691	0.78192825116457
K06891	group	GERD	0.181933623853317	0.100979371627052	128	128	0.0739851609584704	0.78192825116457
K06902	group	GERD	0.166162335573124	0.0906687557911832	128	128	0.0692185113389589	0.78192825116457
K06910	group	GERD	0.169726379600465	0.0988651641485484	128	128	0.0884828227352762	0.78192825116457
K06925	group	GERD	-0.0352609091738987	0.0168424391722924	128	128	0.0383026875282792	0.78192825116457
K06937	group	GERD	-0.868030508419462	0.396623344440415	128	118	0.0304731177936704	0.78192825116457
K06942	group	GERD	-0.0216500485300179	0.0115514094108249	128	128	0.0632138939825563	0.78192825116457
K06949	group	GERD	-0.0316345637380258	0.0138936893804197	128	128	0.0244784105113269	0.78192825116457
K06956	group	GERD	-0.405729657703338	0.203171987833871	128	128	0.0479825181615213	0.78192825116457
K06980	group	GERD	0.177645644246959	0.101307370750327	128	128	0.0819425663296498	0.78192825116457
K06986	group	GERD	0.95490321013603	0.555945163387143	128	73	0.088322416498029	0.78192825116457
K06994	group	GERD	0.299855860109424	0.157178717895412	128	128	0.0587007322148514	0.78192825116457
K06995	group	GERD	0.78512315792326	0.468365091714542	128	122	0.0961578485769485	0.78192825116457
K07025	group	GERD	-0.0943461944494534	0.0324408305097285	128	128	0.00429681575589465	0.78192825116457
K07028	group	GERD	0.783641247204276	0.448180788919737	128	112	0.0828140854196276	0.78192825116457
K07034	group	GERD	-1.47586384825411	0.728284269318211	128	104	0.0448249645974076	0.78192825116457
K07057	group	GERD	-0.591230497571471	0.347161750720058	128	32	0.0910259914563797	0.78192825116457
K07061	group	GERD	-0.591230497571471	0.347161750720058	128	32	0.0910259914563797	0.78192825116457
K07068	group	GERD	0.977050621128771	0.52962974300234	128	111	0.0674177975906356	0.78192825116457
K07076	group	GERD	-0.860556656999062	0.486690588147192	128	39	0.0794509922379494	0.78192825116457
K07077	group	GERD	0.761372025166376	0.412928497695225	128	126	0.0675565111942077	0.78192825116457
K07080	group	GERD	0.287736299043283	0.153169086179004	128	128	0.0626162829425062	0.78192825116457
K07090	group	GERD	0.106029037171868	0.0404230228346788	128	128	0.00979185090461256	0.78192825116457
K07112	group	GERD	0.166471711154679	0.0967650552554354	128	128	0.08782012461902	0.78192825116457
K07119	group	GERD	0.685509236414191	0.400575181535871	128	125	0.0894840699019724	0.78192825116457
K07147	group	GERD	0.762855608557185	0.407325079501699	128	126	0.0634075367166716	0.78192825116457
K07161	group	GERD	0.689348161564959	0.402024808797466	128	127	0.0888604886326735	0.78192825116457
K07219	group	GERD	0.806125271627165	0.397480424609964	128	126	0.044659643718741	0.78192825116457
K07232	group	GERD	0.731199621192135	0.41968003158021	128	125	0.0838997086798245	0.78192825116457
K07233	group	GERD	0.897985525338491	0.507645971593934	128	98	0.0793266961776892	0.78192825116457
K07246	group	GERD	0.731166999748369	0.436445719269857	128	122	0.0963601523332721	0.78192825116457
K07266	group	GERD	-1.12172438810311	0.665818791176552	128	117	0.0945162369896042	0.78192825116457
K07318	group	GERD	-0.979972266816284	0.555862005674807	128	122	0.0803286462358717	0.78192825116457
K07344	group	GERD	0.540704487398556	0.321515271005899	128	125	0.0950965488745583	0.78192825116457
K07393	group	GERD	0.29607421552643	0.164967458559504	128	128	0.0750920970533881	0.78192825116457
K07395	group	GERD	0.752196014624479	0.412553081157462	128	125	0.0706328027249625	0.78192825116457
K07397	group	GERD	0.195508637169282	0.111634077340074	128	128	0.0823216407118485	0.78192825116457
K07444	group	GERD	-0.0900174284844201	0.035096471501626	128	128	0.0114944669565876	0.78192825116457
K07447	group	GERD	-0.0206336816051572	0.0114617542251246	128	128	0.0742183534343559	0.78192825116457
K07456	group	GERD	-0.0573162270590916	0.0303811380048196	128	128	0.0615191859372656	0.78192825116457
K07457	group	GERD	0.4394205642648	0.183980344145704	128	128	0.0184055859959461	0.78192825116457
K07462	group	GERD	-0.0493777722134362	0.0252189501136934	128	128	0.0524443432381775	0.78192825116457
K07494	group	GERD	-0.672445003422729	0.2920602511802	128	31	0.0229517305754704	0.78192825116457
K07497	group	GERD	0.3803105230148	0.173301765986425	128	128	0.0300327922295728	0.78192825116457
K07552	group	GERD	0.168127819373589	0.0681876321748543	128	128	0.0150213258426761	0.78192825116457
K07560	group	GERD	-0.0358117071610757	0.0162024803057499	128	128	0.0288925348153292	0.78192825116457
K07566	group	GERD	-0.0386630855355592	0.0196336411106632	128	128	0.0511214980702804	0.78192825116457
K07638	group	GERD	0.783580420182824	0.422493599378052	128	125	0.0659830164509015	0.78192825116457
K07649	group	GERD	0.779596656746007	0.426564024483484	128	125	0.0699727774640961	0.78192825116457
K07650	group	GERD	-1.09711017562172	0.413820412723477	128	115	0.00905109384838142	0.78192825116457
K07653	group	GERD	0.77664966048793	0.45758088076519	128	106	0.0921096747183752	0.78192825116457
K07655	group	GERD	0.490169459855206	0.239936998925397	128	25	0.0431470466785399	0.78192825116457
K07657	group	GERD	0.63071332394061	0.349419305778042	128	127	0.0734575603799098	0.78192825116457
K07659	group	GERD	0.758995470182491	0.452329973264514	128	125	0.0958319978279796	0.78192825116457
K07669	group	GERD	0.806879330094438	0.45404036484763	128	113	0.0779630974069119	0.78192825116457
K07671	group	GERD	0.490169459855206	0.239936998925397	128	25	0.0431470466785399	0.78192825116457
K07675	group	GERD	0.93910180839718	0.52145339023098	128	107	0.0741055108472966	0.78192825116457
K07686	group	GERD	0.812883530056387	0.464805354501944	128	111	0.0827489367548533	0.78192825116457
K07695	group	GERD	0.442193998248004	0.239122124570531	128	24	0.0667668465741033	0.78192825116457
K07708	group	GERD	0.772555876907156	0.40718249268796	128	126	0.0600740717597951	0.78192825116457
K07770	group	GERD	-1.106512864239	0.413400007401747	128	115	0.00842641308199655	0.78192825116457
K07775	group	GERD	-0.635188856402969	0.250667404855374	128	128	0.0125027062677302	0.78192825116457
K07788	group	GERD	0.821795076153341	0.482354500195661	128	122	0.0908992576570328	0.78192825116457
K07789	group	GERD	0.79645281050998	0.468289380249425	128	122	0.091452859759912	0.78192825116457
K07795	group	GERD	0.710580990442418	0.387438257602283	128	127	0.0690061587465223	0.78192825116457
K07799	group	GERD	0.795654617598944	0.456341752965532	128	122	0.0836767253372789	0.78192825116457
K08166	group	GERD	0.907552127538615	0.485028336901632	128	120	0.063646077798487	0.78192825116457
K08252	group	GERD	0.743280129572811	0.42466681142912	128	47	0.0825064980126396	0.78192825116457
K08296	group	GERD	0.168820609720016	0.090415387908391	128	128	0.0642021115780473	0.78192825116457
K08300	group	GERD	0.176819753564113	0.101071898668705	128	128	0.082648871256276	0.78192825116457
K08309	group	GERD	0.169184512578666	0.0953402234657754	128	128	0.0783897717350707	0.78192825116457
K08317	group	GERD	-0.654011227053604	0.317680317265764	128	128	0.0415830346026747	0.78192825116457
K08325	group	GERD	-0.946029864384111	0.530337648833835	128	123	0.07685911281267	0.78192825116457
K08351	group	GERD	1.03765435289694	0.416487143612434	128	46	0.0140222758730164	0.78192825116457
K08357	group	GERD	1.01072989531769	0.366582194746793	128	57	0.00669732054251255	0.78192825116457
K08358	group	GERD	1.01072989531769	0.366582194746793	128	57	0.00669732054251255	0.78192825116457
K08359	group	GERD	1.01072989531769	0.366582194746793	128	57	0.00669732054251255	0.78192825116457
K08369	group	GERD	0.215276533648077	0.105651315550652	128	128	0.0436823993743868	0.78192825116457
K08738	group	GERD	0.424301785856232	0.242182421494722	128	128	0.0822079750596946	0.78192825116457
K08995	group	GERD	1.12327174862679	0.540504918438881	128	95	0.0397216963968696	0.78192825116457
K09000	group	GERD	-0.699712917318506	0.411107302143892	128	33	0.0912176638825382	0.78192825116457
K09003	group	GERD	-0.7346777577466	0.355435687140036	128	122	0.0407839910732473	0.78192825116457
K09124	group	GERD	1.25397388558514	0.494240172157509	128	30	0.0123951369262913	0.78192825116457
K09155	group	GERD	-0.103391520069428	0.0371447154034335	128	128	0.00620682458469165	0.78192825116457
K09165	group	GERD	0.796109603694098	0.4524886198733	128	119	0.0809363609110525	0.78192825116457
K09456	group	GERD	0.737017099696236	0.410333120685924	128	127	0.0748679233817306	0.78192825116457
K09691	group	GERD	0.804369161104546	0.43215849627546	128	125	0.0650346552373845	0.78192825116457
K09693	group	GERD	-0.226612354358522	0.133443406229237	128	128	0.0919400118263116	0.78192825116457
K09748	group	GERD	-0.020854147767341	0.0115228870126128	128	128	0.0727099680291914	0.78192825116457
K09765	group	GERD	-0.214074230120945	0.0661138713998767	128	128	0.00153897165534046	0.78192825116457
K09774	group	GERD	0.191357949530295	0.103199855577926	128	128	0.0660420741702722	0.78192825116457
K09780	group	GERD	0.182556438386587	0.100288261536293	128	128	0.0710840755195832	0.78192825116457
K09786	group	GERD	0.72597106514794	0.409737795962905	128	123	0.078845974219796	0.78192825116457
K09798	group	GERD	0.346870533690526	0.19797790954866	128	128	0.0821951337103589	0.78192825116457
K09799	group	GERD	1.00068140109039	0.449462887443177	128	101	0.0277646750884005	0.78192825116457
K09809	group	GERD	1.1107988657759	0.605383189985217	128	86	0.0688837847775349	0.78192825116457
K09861	group	GERD	-0.0603675913432101	0.024342535104032	128	128	0.0144612126332008	0.78192825116457
K09903	group	GERD	-0.0216697513843682	0.0115456846946298	128	128	0.0628486147189469	0.78192825116457
K09919	group	GERD	0.764440194101318	0.408751125201492	128	126	0.0637785353064136	0.78192825116457
K09932	group	GERD	1.13640941266136	0.469245158752478	128	71	0.0168685238655082	0.78192825116457
K09937	group	GERD	0.701513080365874	0.408193648345357	128	126	0.0881471204143441	0.78192825116457
K09968	group	GERD	-1.25466836327286	0.716877380490668	128	114	0.0825205526917262	0.78192825116457
K09989	group	GERD	0.789803712107033	0.410367558408016	128	125	0.0565305925061064	0.78192825116457
K10001	group	GERD	0.865502922287044	0.486437883292102	128	120	0.0776069882180946	0.78192825116457
K10231	group	GERD	-0.829620044369538	0.440581970736091	128	59	0.0620046506863245	0.78192825116457
K10440	group	GERD	0.170291043955755	0.0935070136934343	128	128	0.0709553655484932	0.78192825116457
K10533	group	GERD	0.610991535832339	0.350629294661526	128	46	0.0838508615180403	0.78192825116457
K10793	group	GERD	-0.526378781450781	0.273819206724372	128	128	0.0568178460847965	0.78192825116457
K10794	group	GERD	-0.524115986530543	0.270301784249884	128	128	0.0547365081920779	0.78192825116457
K10795	group	GERD	-0.526743956978596	0.27295326019772	128	128	0.0558798160672181	0.78192825116457
K10796	group	GERD	-0.526743956978596	0.27295326019772	128	128	0.0558798160672181	0.78192825116457
K10804	group	GERD	0.805179511054115	0.40008037646786	128	126	0.0462943833903512	0.78192825116457
K10805	group	GERD	0.310594878106082	0.134203924791479	128	128	0.0222670532617458	0.78192825116457
K11103	group	GERD	0.626959297217788	0.357138059576744	128	128	0.0816023801366468	0.78192825116457
K11159	group	GERD	1.05220330074476	0.530742401027591	128	89	0.0495975828074006	0.78192825116457
K11249	group	GERD	0.744454638577127	0.286174882787716	128	25	0.0103956810416152	0.78192825116457
K11386	group	GERD	0.601565883854695	0.339243817364777	128	27	0.0786024667747436	0.78192825116457
K11444	group	GERD	0.758603296245529	0.444250374597661	128	70	0.0901728415878206	0.78192825116457
K11472	group	GERD	0.751751512846985	0.41078747040756	128	126	0.0696097791315763	0.78192825116457
K11473	group	GERD	0.392984162600921	0.213217143456909	128	128	0.0676619983683518	0.78192825116457
K11474	group	GERD	0.789431535284711	0.404070413254088	128	48	0.0529527668463323	0.78192825116457
K11608	group	GERD	0.490169459855206	0.239936998925397	128	25	0.0431470466785399	0.78192825116457
K11609	group	GERD	0.517959279124863	0.273799161292222	128	25	0.0608196401233948	0.78192825116457
K11610	group	GERD	0.490169459855206	0.239936998925397	128	25	0.0431470466785399	0.78192825116457
K11611	group	GERD	0.490169459855206	0.239936998925397	128	25	0.0431470466785399	0.78192825116457
K11614	group	GERD	-0.634392748982937	0.302750117158237	128	128	0.038134257827222	0.78192825116457
K11749	group	GERD	-0.0377254295007646	0.0196138892190041	128	128	0.0566852433139251	0.78192825116457
K11753	group	GERD	-0.0210558123766304	0.0111852436704356	128	128	0.0620793314226991	0.78192825116457
K11921	group	GERD	-0.94380574712965	0.401868392237083	128	125	0.0204034100243067	0.78192825116457
K11935	group	GERD	0.586155736547883	0.286975715828944	128	30	0.0431854466940085	0.78192825116457
K11937	group	GERD	0.586155736547883	0.286975715828944	128	30	0.0431854466940085	0.78192825116457
K11939	group	GERD	0.167186010503613	0.0982944884139519	128	128	0.0914343931703155	0.78192825116457
K11959	group	GERD	0.790181336619928	0.409767037972538	128	125	0.0560589447535864	0.78192825116457
K11960	group	GERD	0.843439625886694	0.42040793387812597	128	125	0.0469717034823045	0.78192825116457
K11961	group	GERD	0.843439625886694	0.42040793387812597	128	125	0.0469717034823045	0.78192825116457
K11962	group	GERD	0.842082848430953	0.420473409001425	128	125	0.0473556863201859	0.78192825116457
K11963	group	GERD	0.828742829552583	0.41008676802192	128	127	0.0454097739823407	0.78192825116457
K12112	group	GERD	0.65972032058526	0.301723232678896	128	22	0.0306256617431351	0.78192825116457
K12266	group	GERD	0.967226690313576	0.387931744882952	128	74	0.0139530294508728	0.78192825116457
K12421	group	GERD	0.442193998248004	0.239122124570531	128	24	0.0667668465741033	0.78192825116457
K12466	group	GERD	0.442193998248004	0.239122124570531	128	24	0.0667668465741033	0.78192825116457
K12511	group	GERD	0.182570101979186	0.0937625730977723	128	128	0.0537410285346305	0.78192825116457
K12552	group	GERD	-0.631542521398664	0.298304414567575	128	128	0.0362166667392491	0.78192825116457
K12573	group	GERD	-0.0355206988523097	0.0192905948223956	128	128	0.0679225188862909	0.78192825116457
K12972	group	GERD	0.782334385654584	0.414766187640645	128	125	0.0615690336695301	0.78192825116457
K12981	group	GERD	0.573616865738343	0.27988822994506	128	28	0.0424935775907857	0.78192825116457
K13371	group	GERD	0.517291988701568	0.28000340147189	128	27	0.0670275810375042	0.78192825116457
K13421	group	GERD	-0.9073286306321	0.424252005235696	128	116	0.0343933062879943	0.78192825116457
K13486	group	GERD	0.90120848468038	0.467304531017389	128	70	0.0560391318139337	0.78192825116457
K13487	group	GERD	0.758603296245529	0.444250374597661	128	70	0.0901728415878206	0.78192825116457
K13488	group	GERD	0.758603296245529	0.444250374597661	128	70	0.0901728415878206	0.78192825116457
K13489	group	GERD	0.758603296245529	0.444250374597661	128	70	0.0901728415878206	0.78192825116457
K13490	group	GERD	0.758603296245529	0.444250374597661	128	70	0.0901728415878206	0.78192825116457
K13590	group	GERD	0.883115101214892	0.452949056134256	128	125	0.0534330356131804	0.78192825116457
K13669	group	GERD	0.490169459855206	0.239936998925397	128	25	0.0431470466785399	0.78192825116457
K13671	group	GERD	0.375912273172209	0.19755754939036	128	128	0.0593485888745819	0.78192825116457
K13730	group	GERD	-1.63384998686175	0.558895010863644	128	111	0.00410651528505037	0.78192825116457
K13732	group	GERD	0.222926245817928	0.129587437258025	128	128	0.0878371633951397	0.78192825116457
K13789	group	GERD	-0.0571091654182352	0.030074791856997	128	128	0.0598635539381794	0.78192825116457
K13821	group	GERD	0.174123186923317	0.101360826904755	128	128	0.0882796380567484	0.78192825116457
K14051	group	GERD	0.616546790711282	0.365203206374766	128	37	0.0938408168210358	0.78192825116457
K14161	group	GERD	0.255942719304833	0.115338785995384	128	128	0.0282731166925537	0.78192825116457
K14162	group	GERD	0.26205153543684	0.114670408811801	128	128	0.0239688872593818	0.78192825116457
K14261	group	GERD	0.382701579536732	0.198888957737369	128	128	0.0565847364360958	0.78192825116457
K14520	group	GERD	0.442193998248004	0.239122124570531	128	24	0.0667668465741033	0.78192825116457
K14941	group	GERD	-0.503646118835471	0.266872258762161	128	128	0.0614316224965467	0.78192825116457
K14952	group	GERD	0.490169459855206	0.239936998925397	128	25	0.0431470466785399	0.78192825116457
K15228	group	GERD	0.517291988701568	0.28000340147189	128	27	0.0670275810375042	0.78192825116457
K15229	group	GERD	0.517291988701568	0.28000340147189	128	27	0.0670275810375042	0.78192825116457
K15268	group	GERD	0.822667103041524	0.478972812967993	128	114	0.0883326512072582	0.78192825116457
K15577	group	GERD	0.874494392256232	0.474411457287846	128	109	0.0676314696121711	0.78192825116457
K15578	group	GERD	0.874494392256232	0.474411457287846	128	109	0.0676314696121711	0.78192825116457
K15640	group	GERD	-0.502110333848274	0.270938056541549	128	128	0.0661887544968808	0.78192825116457
K15781	group	GERD	0.612147707644248	0.337364200369242	128	27	0.0719796353209679	0.78192825116457
K15973	group	GERD	-0.6597253203545	0.268693784594073	128	128	0.0154403238782825	0.78192825116457
K15981	group	GERD	0.610113816054916	0.344089719398648	128	27	0.078624281546316	0.78192825116457
K16090	group	GERD	0.894789633171458	0.476864045405371	128	122	0.062913082373842	0.78192825116457
K16150	group	GERD	0.606271964368566	0.338644566745462	128	27	0.0758087544629756	0.78192825116457
K16165	group	GERD	0.754405990912706	0.413881149509864	128	125	0.070710687159139	0.78192825116457
K16171	group	GERD	0.64063590152356	0.383005913815079	128	128	0.096876938893331	0.78192825116457
K16201	group	GERD	-0.643611397785626	0.314798144116761	128	36	0.04298521096759	0.78192825116457
K16217	group	GERD	0.41761676902737	0.241247005305837	128	25	0.0858861841205457	0.78192825116457
K16322	group	GERD	0.533861285964815	0.299234955628624	128	32	0.0768163545287738	0.78192825116457
K16323	group	GERD	0.795060494856292	0.472158707780868	128	126	0.0946799313203869	0.78192825116457
K16371	group	GERD	-0.866612291402767	0.393222113974403	128	119	0.0293498907663931	0.78192825116457
K16645	group	GERD	0.606271964368566	0.338644566745462	128	27	0.0758087544629756	0.78192825116457
K16783	group	GERD	0.729143640858435	0.415917762501831	128	125	0.0820176246087612	0.78192825116457
K16841	group	GERD	0.856615877289223	0.412448668352855	128	121	0.0398423895662829	0.78192825116457
K16843	group	GERD	0.573616865738343	0.27988822994506	128	28	0.0424935775907857	0.78192825116457
K16869	group	GERD	-0.387647263475585	0.224655116171816	128	128	0.0868851024739003	0.78192825116457
K17234	group	GERD	-1.03142853939387	0.415137268440844	128	42	0.0142835252890962	0.78192825116457
K17235	group	GERD	-0.941396132625744	0.385447724048493	128	42	0.0159792077732241	0.78192825116457
K17236	group	GERD	-1.03142853939387	0.415137268440844	128	42	0.0142835252890962	0.78192825116457
K17247	group	GERD	0.761597435290452	0.415795684658128	128	126	0.0693636679453467	0.78192825116457
K17315	group	GERD	0.378216282903081	0.199269027066995	128	128	0.0599812898364837	0.78192825116457
K17316	group	GERD	0.420449695143312	0.223358702182369	128	128	0.062088458319244	0.78192825116457
K17317	group	GERD	0.42041341213869	0.223380226063093	128	128	0.0621355218632502	0.78192825116457
K17938	group	GERD	0.856696290032359	0.336365814452133	128	126	0.0120711533964112	0.78192825116457
K18072	group	GERD	0.850692527892627	0.418488786073065	128	31	0.0441767263378114	0.78192825116457
K18073	group	GERD	0.660887280304931	0.287445204686871	128	31	0.0231409507288833	0.78192825116457
K18199	group	GERD	0.914414743265952	0.516913477350724	128	78	0.079315102557403	0.78192825116457
K18220	group	GERD	-1.5146960233827	0.452234024675906	128	124	0.00106882713527274	0.78192825116457
K18289	group	GERD	0.589342727873963	0.354472361593745	128	56	0.0988799517966519	0.78192825116457
K18291	group	GERD	0.758649993403362	0.314621710167531	128	41	0.0173381716364942	0.78192825116457
K18292	group	GERD	0.758649993403362	0.314621710167531	128	41	0.0173381716364942	0.78192825116457
K18305	group	GERD	0.645230854306496	0.362265691901203	128	29	0.0773058184712345	0.78192825116457
K18429	group	GERD	-0.893985799199399	0.511640946062689	128	78	0.0830231971887387	0.78192825116457
K18431	group	GERD	-0.828269687120584	0.494415336795064	128	71	0.0963650893154561	0.78192825116457
K18480	group	GERD	0.339935739415613	0.195534346401521	128	128	0.0845661342975756	0.78192825116457
K18552	group	GERD	0.562086165789633	0.285490370498488	128	30	0.0511658818478769	0.78192825116457
K18583	group	GERD	0.442193998248004	0.239122124570531	128	24	0.0667668465741033	0.78192825116457
K18682	group	GERD	-0.0567283707432869	0.0310291066812019	128	128	0.069880367702046	0.78192825116457
K18701	group	GERD	1.40069024399673	0.589431236824271	128	55	0.0189912586133968	0.78192825116457
K18775	group	GERD	0.603265721281162	0.267113690062961	128	128	0.0256364814061363	0.78192825116457
K18843	group	GERD	0.836403868108502	0.402957884711413	128	32	0.0399592124743763	0.78192825116457
K18851	group	GERD	1.42521059853476	0.584716872893759	128	56	0.0161875727968044	0.78192825116457
K19076	group	GERD	-0.594089567200106	0.347775981640518	128	32	0.0900517330862367	0.78192825116457
K19091	group	GERD	-0.515402684119194	0.298946232770283	128	124	0.0871486923949329	0.78192825116457
K19134	group	GERD	-1.27014460595916	0.506743488483974	128	97	0.0134672132176163	0.78192825116457
K19185	group	GERD	0.442193998248004	0.239122124570531	128	24	0.0667668465741033	0.78192825116457
K19268	group	GERD	-0.919249822274638	0.512584448125798	128	119	0.0753136548635795	0.78192825116457
K19285	group	GERD	-0.652069276885639	0.274909859933252	128	128	0.0192090346262091	0.78192825116457
K19349	group	GERD	-0.657802585668494	0.318045036132615	128	128	0.0406604756820635	0.78192825116457
K19506	group	GERD	-0.82896605507172	0.408519913329394	128	116	0.0445452495794363	0.78192825116457
K19507	group	GERD	-0.971643930525997	0.481005813306444	128	117	0.0455013445811654	0.78192825116457
K19508	group	GERD	-0.983615736897076	0.481647777689652	128	117	0.043219516507306	0.78192825116457
K19509	group	GERD	-1.09092526838019	0.47108351961242	128	118	0.0221862850797719	0.78192825116457
K19577	group	GERD	0.757315885041972	0.359897316191159	128	127	0.0373434497646719	0.78192825116457
K19649	group	GERD	0.442193998248004	0.239122124570531	128	24	0.0667668465741033	0.78192825116457
K19707	group	GERD	0.542181456062544	0.324061917766599	128	25	0.0967926518626827	0.78192825116457
K19713	group	GERD	0.58942698230008	0.336002766667584	128	127	0.0818218507487001	0.78192825116457
K19745	group	GERD	0.738287340270298	0.430796951827835	128	125	0.0890298734413666	0.78192825116457
K04096	group	GERD	-0.0235195306255907	0.0141779613286268	128	128	0.0996273147905291	0.785556968835057
K00130	group	GERD	0.661361035198821	0.400846706277417	128	127	0.101452082804456	0.788362334044194
K00527	group	GERD	-0.0487284882151604	0.0297632749169068	128	128	0.104083493256017	0.788362334044194
K02000	group	GERD	0.254047711589462	0.154406687840572	128	128	0.102397207136006	0.788362334044194
K02303	group	GERD	0.485515430931384	0.295229275027221	128	128	0.102558063352737	0.788362334044194
K02564	group	GERD	-0.0686508979762649	0.0418775790832695	128	128	0.103640405771708	0.788362334044194
K03116	group	GERD	0.106233576687316	0.0647926025173858	128	128	0.103583969160591	0.788362334044194
K03414	group	GERD	0.763121956184906	0.465641927271399	128	124	0.103737054813368	0.788362334044194
K03579	group	GERD	0.202140235886881	0.123163165166709	128	128	0.10324158660494	0.788362334044194
K03762	group	GERD	0.744448955795291	0.451353883805454	128	125	0.101563091556887	0.788362334044194
K04019	group	GERD	-0.475147101396676	0.289949495482067	128	128	0.103765514172031	0.788362334044194
K04026	group	GERD	-0.474865873139073	0.289941439979901	128	128	0.103958572860772	0.788362334044194
K04027	group	GERD	-0.474299578215285	0.28989560299	128	128	0.104313203801447	0.788362334044194
K04030	group	GERD	-0.475010851080322	0.290076091239505	128	128	0.104013020680086	0.788362334044194
K04078	group	GERD	-0.0166208618713742	0.0101664858113785	128	128	0.104572664251408	0.788362334044194
K07020	group	GERD	0.773687573922282	0.473375225257664	128	113	0.104669589013349	0.788362334044194
K07075	group	GERD	0.229321762608901	0.139828290954781	128	128	0.103494423047617	0.788362334044194
K07248	group	GERD	-0.619713404148677	0.375774247894793	128	128	0.101605056465748	0.788362334044194
K07280	group	GERD	-1.16431500495236	0.706901847746296	128	113	0.102035994738042	0.788362334044194
K07340	group	GERD	0.596558750716142	0.365034732386549	128	128	0.104702068307403	0.788362334044194
K07713	group	GERD	-0.847715802984528	0.514878498828925	128	121	0.102165537818861	0.788362334044194
K07734	group	GERD	0.480305119174796	0.292531264221923	128	128	0.103105749320405	0.788362334044194
K09131	group	GERD	0.521023862738338	0.318657288194411	128	128	0.104532292050514	0.788362334044194
K09701	group	GERD	0.705427804932572	0.42949451488315	128	126	0.102988025175294	0.788362334044194
K09761	group	GERD	-0.0220456508247811	0.0134182234110589	128	128	0.102883752695398	0.788362334044194
K10026	group	GERD	0.220227595382626	0.133849605363224	128	128	0.102392935059342	0.788362334044194
K10217	group	GERD	0.823522964025382	0.502134130669924	128	106	0.103489900877815	0.788362334044194
K10441	group	GERD	0.147680880487386	0.0897027134862274	128	128	0.102186502073833	0.788362334044194
K11615	group	GERD	-0.409548877765412	0.250356953071902	128	128	0.1043645502309	0.788362334044194
K12429	group	GERD	0.562719918008868	0.343929745916333	128	28	0.104304173043305	0.788362334044194
K16092	group	GERD	0.211499793111037	0.128281029438332	128	128	0.101695742561765	0.788362334044194
K17330	group	GERD	-0.789162098590461	0.48274754218337	128	61	0.1046015459419	0.788362334044194
K18382	group	GERD	0.441486514349143	0.269288741188187	128	26	0.103613185637279	0.788362334044194
K02017	group	GERD	0.175762395954268	0.107665073145139	128	128	0.10507250105808	0.788392267341763
K03688	group	GERD	0.247041489536466	0.151361221013921	128	128	0.105148463639109	0.788392267341763
K07637	group	GERD	0.806996120931879	0.494351675508066	128	96	0.105084931951229	0.788392267341763
K00604	group	GERD	-0.0169155155500199	0.0104387803922828	128	128	0.107635824460644	0.789201323756338
K00663	group	GERD	0.746938890789627	0.461439993038119	128	123	0.10800953184667	0.789201323756338
K02122	group	GERD	-0.145294238244392	0.0895315554787915	128	128	0.107125791238742	0.789201323756338
K02199	group	GERD	0.580069233965087	0.357089914700884	128	128	0.10678207074127	0.789201323756338
K02473	group	GERD	0.784830435814787	0.482070156362138	128	93	0.106013977310189	0.789201323756338
K03087	group	GERD	0.785380309489416	0.486080842699859	128	122	0.108651734808205	0.789201323756338
K03309	group	GERD	1.05007291975629	0.648277544524251	128	40	0.107777802539846	0.789201323756338
K03560	group	GERD	0.544465715902549	0.334755549335501	128	128	0.106350776303421	0.789201323756338
K03602	group	GERD	-0.0248987273428657	0.0153848439492625	128	128	0.108078450987204	0.789201323756338
K03734	group	GERD	-0.0463267566000587	0.028603391490927	128	128	0.107813203401262	0.789201323756338
K05874	group	GERD	0.96129741039586	0.593545233198097	128	91	0.107821561618248	0.789201323756338
K05992	group	GERD	0.923523052711942	0.56772731216427	128	30	0.106298808656692	0.789201323756338
K07693	group	GERD	0.167499138749821	0.103654698047291	128	128	0.108609780262069	0.789201323756338
K07768	group	GERD	0.246508881032859	0.151503324345089	128	128	0.106217172248572	0.789201323756338
K07776	group	GERD	0.243146538525329	0.150209157580499	128	128	0.108008053419451	0.789201323756338
K08169	group	GERD	0.838961881185736	0.515094837462752	128	112	0.105863255051913	0.789201323756338
K10979	group	GERD	0.5988860588228	0.370399650670569	128	127	0.108408472647772	0.789201323756338
K11738	group	GERD	0.24781106722978	0.153128053640005	128	128	0.108093009632238	0.789201323756338
K12293	group	GERD	-0.472402816211647	0.290687943513022	128	128	0.106635781275158	0.789201323756338
K13810	group	GERD	0.858231929361052	0.526891740129025	128	75	0.105840791348684	0.789201323756338
K14160	group	GERD	0.696924557857098	0.429186626171035	128	125	0.106912033081707	0.789201323756338
K15576	group	GERD	0.8292079401688	0.509291259259953	128	117	0.105988797389731	0.789201323756338
K16515	group	GERD	0.87297270195735	0.539965489014972	128	70	0.108439838583814	0.789201323756338
K19355	group	GERD	-0.6978284793224	0.432158081101905	128	125	0.108865685308167	0.789682433727901
K18912	group	GERD	0.556844174733185	0.345162017308462	128	28	0.109184728346501	0.790923519973437
K09692	group	GERD	-0.331445710106175	0.205784654705702	128	128	0.109759833426376	0.792940634455951
K13775	group	GERD	0.793808726986096	0.492717333173108	128	98	0.109663824819566	0.792940634455951
K00154	group	GERD	0.784704000755845	0.49393563680147	128	120	0.114639612371948	0.793441215642124
K00156	group	GERD	0.239203730909454	0.150602562925523	128	128	0.114722236556418	0.793441215642124
K00164	group	GERD	0.162953137455015	0.101619439437947	128	128	0.111314310898338	0.793441215642124
K00260	group	GERD	-0.397031733390969	0.249006549877123	128	128	0.11333774686578	0.793441215642124
K00784	group	GERD	-0.0560601833500516	0.0349243146628951	128	128	0.110955362346427	0.793441215642124
K00925	group	GERD	-0.033863442381895	0.021326698667129	128	128	0.11482821757938	0.793441215642124
K00973	group	GERD	-0.0436116646519862	0.0274265069096294	128	128	0.114311891090777	0.793441215642124
K01077	group	GERD	-0.478212477343701	0.300743516911222	128	128	0.114318113246322	0.793441215642124
K01787	group	GERD	-0.546235518683509	0.344046278240129	128	126	0.114864956912346	0.793441215642124
K01872	group	GERD	-0.0284989118432249	0.017769013986337	128	128	0.111249909033105	0.793441215642124
K01926	group	GERD	-0.0975375177722826	0.0613190349660464	128	128	0.114192845262215	0.793441215642124
K02021	group	GERD	0.834684187473495	0.520674383057735	128	106	0.111420269912536	0.793441215642124
K02083	group	GERD	-0.654629619579378	0.410858882261513	128	122	0.113594001849819	0.793441215642124
K02119	group	GERD	-0.14372133100429	0.0898095421385328	128	128	0.112038637400193	0.793441215642124
K02173	group	GERD	-0.782431154287292	0.491812149604785	128	93	0.114134679107826	0.793441215642124
K02234	group	GERD	0.798988513160573	0.498067482832351	128	119	0.11117869739318	0.793441215642124
K02338	group	GERD	-0.0236032576191678	0.0147981212402464	128	128	0.113213686541742	0.793441215642124
K02616	group	GERD	0.75195172975208	0.469432491825275	128	117	0.111697029339884	0.793441215642124
K03194	group	GERD	0.762510513859847	0.476401109587397	128	95	0.111977869877735	0.793441215642124
K03753	group	GERD	0.328965822151984	0.204966408126938	128	128	0.111003005628692	0.793441215642124
K04765	group	GERD	0.563157787827168	0.354811587456813	128	128	0.114973200993848	0.793441215642124
K07082	group	GERD	-0.018549294794975	0.0116161771988433	128	128	0.11280410642797	0.793441215642124
K07093	group	GERD	0.651006053164703	0.406008681454748	128	126	0.111343841711059	0.793441215642124
K07806	group	GERD	0.44256044494452	0.278984781913111	128	26	0.115172162988831	0.793441215642124
K09160	group	GERD	0.573125166098845	0.361201476902623	128	128	0.115082790381028	0.793441215642124
K09469	group	GERD	0.797629877020672	0.495908743694175	128	49	0.110245930256103	0.793441215642124
K09690	group	GERD	0.620082563520203	0.389977526459855	128	126	0.114330242731263	0.793441215642124
K09984	group	GERD	0.848762165946968	0.53401754148195	128	98	0.11447846040499	0.793441215642124
K11688	group	GERD	0.288400586964769	0.181194788321743	128	128	0.113966798618856	0.793441215642124
K12536	group	GERD	0.44256044494452	0.278984781913111	128	26	0.115172162988831	0.793441215642124
K12537	group	GERD	0.44256044494452	0.278984781913111	128	26	0.115172162988831	0.793441215642124
K12538	group	GERD	0.44256044494452	0.278984781913111	128	26	0.115172162988831	0.793441215642124
K12545	group	GERD	0.44256044494452	0.278984781913111	128	26	0.115172162988831	0.793441215642124
K12684	group	GERD	0.442560444944526	0.278984781913111	128	26	0.115172162988826	0.793441215642124
K13611	group	GERD	0.588899446762882	0.368476295672943	128	19	0.112502871570248	0.793441215642124
K16152	group	GERD	0.44256044494452	0.278984781913111	128	26	0.115172162988831	0.793441215642124
K00009	group	GERD	-0.2932895873271	0.199078794224661	128	128	0.143181828965804	0.797630487266357
K00019	group	GERD	0.579082814852613	0.379670311253519	128	128	0.129709054376696	0.797630487266357
K00025	group	GERD	-0.991816355181525	0.668141152296191	128	65	0.140189281037733	0.797630487266357
K00045	group	GERD	0.622433969912375	0.419719322084333	128	126	0.140577571716102	0.797630487266357
K00098	group	GERD	0.670407970447542	0.437053174967111	128	124	0.127554597093877	0.797630487266357
K00104	group	GERD	0.305915023755567	0.204330158049963	128	128	0.136852404710695	0.797630487266357
K00133	group	GERD	-0.0176354988855421	0.0115522431820865	128	128	0.129370206762084	0.797630487266357
K00151	group	GERD	0.67390491171005	0.44810036838522	128	121	0.135105680776076	0.797630487266357
K00215	group	GERD	-0.0222394673265183	0.0141899386760213	128	128	0.119559588985907	0.797630487266357
K00284	group	GERD	-0.364323571846727	0.243744110259736	128	128	0.137493818679993	0.797630487266357
K00287	group	GERD	-0.0182653955254354	0.0123792827144562	128	128	0.142577854904045	0.797630487266357
K00322	group	GERD	0.670894010221694	0.465031305001542	128	52	0.151590346769293	0.797630487266357
K00446	group	GERD	0.958592052960242	0.640497047000356	128	105	0.136988296399377	0.797630487266357
K00450	group	GERD	0.735209184836811	0.484417487627012	128	104	0.131590559386725	0.797630487266357
K00457	group	GERD	0.406961858166781	0.284139912144063	128	128	0.154545977497298	0.797630487266357
K00477	group	GERD	0.704848705418188	0.467219485593244	128	71	0.133903706681714	0.797630487266357
K00480	group	GERD	0.705048999366955	0.458316376602637	128	124	0.12647166056963	0.797630487266357
K00500	group	GERD	0.63773357475181	0.447729456428176	128	119	0.156810632644396	0.797630487266357
K00517	group	GERD	0.489564562883957	0.342535557533145	128	128	0.155410671724001	0.797630487266357
K00537	group	GERD	-0.0643837714958567	0.0411825357162268	128	128	0.120472438549778	0.797630487266357
K00561	group	GERD	-0.625911699957068	0.42633389242774	128	126	0.144562087127707	0.797630487266357
K00566	group	GERD	-0.0297060487023236	0.0201706926672283	128	128	0.143316614192479	0.797630487266357
K00603	group	GERD	-0.281582268907706	0.19282353340257	128	128	0.146693688512718	0.797630487266357
K00638	group	GERD	0.439716972234583	0.284441295942199	128	27	0.124637418069569	0.797630487266357
K00641	group	GERD	0.148870389361534	0.0987390252296119	128	128	0.134130531960671	0.797630487266357
K00675	group	GERD	0.72274896298195	0.496187522182777	128	102	0.147713071885168	0.797630487266357
K00700	group	GERD	-0.047937266617172	0.0318965012710204	128	128	0.135366941938025	0.797630487266357
K00803	group	GERD	0.780840220109157	0.505997163391954	128	110	0.125297113160122	0.797630487266357
K00821	group	GERD	0.157692250180589	0.107868088515443	128	128	0.146258504513816	0.797630487266357
K00849	group	GERD	-0.0420861008009586	0.0273534957184888	128	128	0.126409422569251	0.797630487266357
K00863	group	GERD	0.38747742936866	0.253352302983996	128	128	0.128671589399091	0.797630487266357
K00937	group	GERD	0.0941316116682498	0.0604935464198678	128	128	0.122201976943735	0.797630487266357
K00968	group	GERD	-0.465966155070602	0.306694993475763	128	127	0.13118867891129	0.797630487266357
K01031	group	GERD	0.682713660975693	0.473489059794086	128	117	0.151817606280008	0.797630487266357
K01032	group	GERD	0.682713660975693	0.473489059794086	128	117	0.151817606280008	0.797630487266357
K01053	group	GERD	0.815069836383558	0.525746491967465	128	110	0.123575378736375	0.797630487266357
K01066	group	GERD	0.594359539045675	0.395150989047793	128	127	0.135049692898477	0.797630487266357
K01075	group	GERD	0.756234728845196	0.512307257114863	128	108	0.1424024068864	0.797630487266357
K01130	group	GERD	-0.431610566268168	0.29786052377466	128	128	0.14981180761639	0.797630487266357
K01141	group	GERD	0.515322706818719	0.346479056028853	128	127	0.139430488794654	0.797630487266357
K01209	group	GERD	-0.261461091924686	0.180120340158358	128	128	0.149100671368898	0.797630487266357
K01224	group	GERD	-0.62563770640932	0.414068143787036	128	124	0.133304191509266	0.797630487266357
K01269	group	GERD	0.714220870206706	0.49565799893032497	128	114	0.152077890414619	0.797630487266357
K01295	group	GERD	0.507938555542977	0.333311784099401	128	127	0.130036150130514	0.797630487266357
K01299	group	GERD	-0.301910638707932	0.207210931234936	128	128	0.147598287161643	0.797630487266357
K01303	group	GERD	1.11523458612724	0.717688242226391	128	76	0.122710241414258	0.797630487266357
K01419	group	GERD	0.11464465121627	0.0738400100082001	128	128	0.123024823650528	0.797630487266357
K01451	group	GERD	0.441689514098022	0.308971089091688	128	128	0.155321082012665	0.797630487266357
K01551	group	GERD	0.875659358167639	0.608783480812083	128	99	0.152806732142462	0.797630487266357
K01581	group	GERD	0.194365467854548	0.126376324232911	128	128	0.126558673247634	0.797630487266357
K01601	group	GERD	0.255285549598818	0.174385162065532	128	128	0.145706796348739	0.797630487266357
K01623	group	GERD	0.510740144214596	0.351023830622634	128	127	0.148155699934287	0.797630487266357
K01624	group	GERD	-0.037483693114271	0.025748047074165	128	128	0.147938425331688	0.797630487266357
K01639	group	GERD	-0.206134766470216	0.14401421969465	128	128	0.154805612172931	0.797630487266357
K01667	group	GERD	-0.750676589965102	0.506596836968485	128	124	0.140889390905258	0.797630487266357
K01710	group	GERD	-0.0348454686698301	0.0232899765103674	128	128	0.137113297463889	0.797630487266357
K01758	group	GERD	0.687801972039705	0.457041867837845	128	114	0.134852643046159	0.797630487266357
K01777	group	GERD	-0.32707768267474	0.219602293854546	128	128	0.138878485719533	0.797630487266357
K01799	group	GERD	0.755408453656711	0.481607280809417	128	116	0.119268864619159	0.797630487266357
K01803	group	GERD	-0.0204414698434249	0.0141361038251944	128	128	0.15064690996137	0.797630487266357
K01826	group	GERD	0.702474527006012	0.492169787179627	128	113	0.155966672396798	0.797630487266357
K01907	group	GERD	0.606242139710957	0.390347675843407	128	127	0.122911644874797	0.797630487266357
K01908	group	GERD	0.615566213287101	0.41094625632962	128	125	0.136654095449274	0.797630487266357
K01923	group	GERD	-0.0218123368325498	0.0138430867483951	128	128	0.117606068300575	0.797630487266357
K01924	group	GERD	-0.0177431015616319	0.0120437759414056	128	128	0.143186186645097	0.797630487266357
K01934	group	GERD	-0.0209805954247096	0.0133468660718027	128	128	0.118470121054297	0.797630487266357
K01958	group	GERD	0.128376258240709	0.0826884420879998	128	128	0.123043749643654	0.797630487266357
K01965	group	GERD	0.620060891127315	0.393872901896495	128	125	0.117933499775858	0.797630487266357
K01994	group	GERD	-0.607819751827318	0.416359561783753	128	77	0.146821920783021	0.797630487266357
K02063	group	GERD	0.284008252317851	0.181748243413572	128	128	0.120643950770994	0.797630487266357
K02229	group	GERD	0.718350894131575	0.477071226895065	128	115	0.134633729642031	0.797630487266357
K02313	group	GERD	-0.019433301209881602	0.0135184356691875	128	128	0.153043257756574	0.797630487266357
K02399	group	GERD	0.675787716692555	0.470798603577712	128	107	0.153648863781599	0.797630487266357
K02415	group	GERD	0.295927845134498	0.204427850146514	128	128	0.15021514498436	0.797630487266357
K02463	group	GERD	0.688846747768406	0.480202054900097	128	122	0.153908785439031	0.797630487266357
K02474	group	GERD	-0.356547946594972	0.235682418847446	128	128	0.132826532394461	0.797630487266357
K02519	group	GERD	-0.0173021943838812	0.0120115563764545	128	128	0.152216899550485	0.797630487266357
K02658	group	GERD	0.723238240124719	0.470537543614578	128	125	0.126789273250519	0.797630487266357
K02768	group	GERD	-0.304847175233947	0.206744889564581	128	128	0.142838862519618	0.797630487266357
K02798	group	GERD	-0.317177686794386	0.209705511643918	128	128	0.132913191958575	0.797630487266357
K02800	group	GERD	-0.286838155032958	0.198000585257911	128	128	0.149912913456689	0.797630487266357
K02821	group	GERD	-0.130054879025431	0.0883466199871087	128	128	0.143487827481468	0.797630487266357
K02919	group	GERD	-0.030594711813853	0.0195775176529829	128	128	0.120620235126185	0.797630487266357
K02954	group	GERD	-0.0318325792772428	0.0213591995033703	128	128	0.138632612340316	0.797630487266357
K03077	group	GERD	-0.642519082188467	0.410091885473999	128	119	0.119676843721699	0.797630487266357
K03146	group	GERD	-0.601447994053415	0.418334698300219	128	125	0.152992553715123	0.797630487266357
K03197	group	GERD	0.724294690880357	0.480262960869551	128	121	0.134026879689661	0.797630487266357
K03207	group	GERD	0.630918461606664	0.399684205241619	128	40	0.116948352432518	0.797630487266357
K03336	group	GERD	0.212628766575956	0.134811376881218	128	128	0.117249646744745	0.797630487266357
K03337	group	GERD	0.190948704955437	0.132915807509562	128	128	0.15330609105496	0.797630487266357
K03338	group	GERD	0.213279292743901	0.134907765507899	128	128	0.116401865095909	0.797630487266357
K03391	group	GERD	0.522567292812586	0.33729494943592	128	26	0.123820432767921	0.797630487266357
K03405	group	GERD	0.209281496332987	0.138315790038903	128	128	0.132766117224549	0.797630487266357
K03409	group	GERD	0.474081634899559	0.312194938123338	128	127	0.131382619256223	0.797630487266357
K03424	group	GERD	-0.0409744444193019	0.0284040376495029	128	128	0.151626547695696	0.797630487266357
K03464	group	GERD	0.681202056068163	0.472031794150987	128	72	0.151466085207028	0.797630487266357
K03481	group	GERD	0.377617802316237	0.253169355157481	128	128	0.138313428994719	0.797630487266357
K03489	group	GERD	1.10887553558884	0.77175390655990606	128	87	0.153246122598693	0.797630487266357
K03518	group	GERD	0.244428567714568	0.170483214395408	128	128	0.154123466853588	0.797630487266357
K03520	group	GERD	0.723269321276366	0.463087611097036	128	126	0.120833595872482	0.797630487266357
K03580	group	GERD	0.569484999186517	0.385646753121837	128	123	0.142250736629431	0.797630487266357
K03590	group	GERD	-0.052510014066755	0.0352426275534871	128	128	0.138734432299078	0.797630487266357
K03638	group	GERD	0.588538643672617	0.408333161916865	128	128	0.151975042612046	0.797630487266357
K03651	group	GERD	0.551899750339415	0.36985429771006	128	121	0.138144087389871	0.797630487266357
K03665	group	GERD	-0.0323554790615795	0.0207972039496092	128	128	0.12227317613585	0.797630487266357
K03667	group	GERD	0.114667726014038	0.0738395690948124	128	128	0.122947929726206	0.797630487266357
K03761	group	GERD	0.84041960552865	0.570080194131021	128	107	0.142918396458469	0.797630487266357
K03863	group	GERD	0.784388959538972	0.519986087294925	128	106	0.13393495969974	0.797630487266357
K03929	group	GERD	0.407536754037271	0.283604703898707	128	128	0.153199767981458	0.797630487266357
K04080	group	GERD	0.757399541803952	0.480760694241401	128	116	0.117667307631372	0.797630487266357
K04087	group	GERD	0.522466824343829	0.336421866612588	128	128	0.122928746246376	0.797630487266357
K04088	group	GERD	0.520839692484336	0.334961211400591	128	128	0.122472077665042	0.797630487266357
K04110	group	GERD	0.678239326152653	0.472488280730031	128	103	0.153633079185943	0.797630487266357
K04486	group	GERD	-0.108329139087979	0.0759771334843577	128	128	0.156395277201489	0.797630487266357
K04691	group	GERD	0.568880691706248	0.385226528891712	128	123	0.142239446781069	0.797630487266357
K04772	group	GERD	0.323434068346655	0.218296355862678	128	128	0.140935764354285	0.797630487266357
K04782	group	GERD	0.736435625441385	0.509511868030458	128	100	0.150835199895869	0.797630487266357
K04835	group	GERD	-0.753987140004923	0.517002895816504	128	119	0.147223795032735	0.797630487266357
K05337	group	GERD	-0.134916259757279	0.0917287714437977	128	128	0.143833494021149	0.797630487266357
K05373	group	GERD	0.439716972234583	0.284441295942199	128	27	0.124637418069569	0.797630487266357
K05524	group	GERD	0.481058644074674	0.315591835010475	128	128	0.129938250396177	0.797630487266357
K05535	group	GERD	0.32022963653144	0.211918912845125	128	22	0.133268132917119	0.797630487266357
K05595	group	GERD	0.121123194379695	0.0777386473864383	128	128	0.121722033411142	0.797630487266357
K05685	group	GERD	0.320027515104218	0.217821841555578	128	128	0.144266362173852	0.797630487266357
K05816	group	GERD	0.733079661543048	0.469368499866731	128	125	0.120833300020564	0.797630487266357
K05882	group	GERD	0.783691471060796	0.527598257532217	128	119	0.139937084381058	0.797630487266357
K06137	group	GERD	0.787059866913883	0.51882717780019	128	99	0.131772112720488	0.797630487266357
K06197	group	GERD	0.781241661612579	0.501332063764778	128	90	0.121662874279433	0.797630487266357
K06320	group	GERD	0.44435105056665	0.311649348533982	128	128	0.156397547624195	0.797630487266357
K06328	group	GERD	-0.607819751827318	0.416359561783753	128	77	0.146821920783021	0.797630487266357
K06386	group	GERD	-0.607819751827318	0.416359561783753	128	77	0.146821920783021	0.797630487266357
K06425	group	GERD	-0.57914414688496	0.401329985782376	128	45	0.151484432543787	0.797630487266357
K06596	group	GERD	0.697307585771751	0.476421786439963	128	124	0.145784002060981	0.797630487266357
K06597	group	GERD	0.741513199955189	0.508384070879213	128	90	0.147172080534794	0.797630487266357
K06876	group	GERD	0.67947408945798	0.476378926583579	128	101	0.156245841440714	0.797630487266357
K06879	group	GERD	0.517127225375889	0.331257937311667	128	127	0.121008042757561	0.797630487266357
K06885	group	GERD	-0.0802132931338881	0.0506890761040186	128	128	0.116052156156214	0.797630487266357
K06895	group	GERD	0.26610992659469	0.185959208914819	128	128	0.154902204959514	0.797630487266357
K06907	group	GERD	0.508123379372687	0.356091149027169	128	127	0.156068411975235	0.797630487266357
K06959	group	GERD	-0.0261103116478713	0.018103118517041	128	128	0.151696035032787	0.797630487266357
K06966	group	GERD	0.0622655004124786	0.0429045015145758	128	128	0.149193241586705	0.797630487266357
K06973	group	GERD	-0.201841269795552	0.139686441304948	128	128	0.150951599547897	0.797630487266357
K06976	group	GERD	0.315846643625623	0.199871883712258	128	128	0.116557796212021	0.797630487266357
K06985	group	GERD	0.67134112846245	0.438165261008187	128	123	0.127988901849943	0.797630487266357
K07045	group	GERD	0.4573480429676	0.300360367715346	128	128	0.130348512784553	0.797630487266357
K07062	group	GERD	0.375255629734203	0.254218354376386	128	128	0.142407688306354	0.797630487266357
K07110	group	GERD	0.441367320272953	0.2962373334213	128	128	0.138746571565015	0.797630487266357
K07121	group	GERD	0.55511653792113	0.383715432391621	128	124	0.15046747681651	0.797630487266357
K07157	group	GERD	0.581414080870771	0.375285186483576	128	128	0.123827514190006	0.797630487266357
K07173	group	GERD	-0.0470679667928596	0.0310503650004454	128	128	0.132059848655135	0.797630487266357
K07180	group	GERD	0.649792511281015	0.442499878030632	128	121	0.144471940027283	0.797630487266357
K07183	group	GERD	0.122132235566097	0.0855737231171037	128	128	0.155991011621743	0.797630487266357
K07245	group	GERD	0.75988440681574	0.490924521831226	128	122	0.124163114001375	0.797630487266357
K07282	group	GERD	-0.0925718818188406	0.0592153165904681	128	128	0.120487920452046	0.797630487266357
K07304	group	GERD	0.149940033636813	0.0970229451918586	128	128	0.124755583913096	0.797630487266357
K07343	group	GERD	0.47325567325985	0.322927002444194	128	128	0.145270366679843	0.797630487266357
K07345	group	GERD	0.785055442172621	0.528475029744026	128	100	0.139906253018074	0.797630487266357
K07400	group	GERD	0.566687845894842	0.386137674811496	128	123	0.144710178679006	0.797630487266357
K07401	group	GERD	0.618940434497909	0.409767167376556	128	128	0.133427696534736	0.797630487266357
K07402	group	GERD	0.171599949562782	0.109178476131915	128	128	0.118519147690803	0.797630487266357
K07506	group	GERD	0.828946869265038	0.536053189248797	128	116	0.12451861477306	0.797630487266357
K07584	group	GERD	-0.0695784902575938	0.0456267031361763	128	128	0.129777438997911	0.797630487266357
K07660	group	GERD	0.731425080378806	0.490952025365358	128	100	0.138773241478035	0.797630487266357
K07677	group	GERD	0.661970537517736	0.452435511390367	128	67	0.145922769089484	0.797630487266357
K07705	group	GERD	-0.388857396186235	0.269502396654909	128	128	0.151538003846978	0.797630487266357
K07719	group	GERD	-0.55165986327876	0.37459150750659	128	124	0.143326312854706	0.797630487266357
K07722	group	GERD	0.275745646759432	0.179816093523157	128	128	0.127663014369043	0.797630487266357
K07749	group	GERD	0.729081438166978	0.485798923690363	128	123	0.135912022996406	0.797630487266357
K07793	group	GERD	0.382254358468622	0.256149173198285	128	128	0.138117138534162	0.797630487266357
K07823	group	GERD	0.778488132712415	0.511152402721792	128	77	0.130263100771646	0.797630487266357
K08156	group	GERD	-0.700739466093042	0.476856648222055	128	121	0.144190481436772	0.797630487266357
K08167	group	GERD	0.448369722677316	0.298800882342022	128	128	0.135970173183889	0.797630487266357
K08177	group	GERD	0.313437262241684	0.211799491321919	128	128	0.141401991903727	0.797630487266357
K08194	group	GERD	0.749405518576212	0.499623205059395	128	78	0.136131139746912	0.797630487266357
K08964	group	GERD	0.731534874879655	0.4811142078695	128	96	0.130890494000805	0.797630487266357
K08967	group	GERD	0.743834498999703	0.474984811826214	128	100	0.119852613627354	0.797630487266357
K08969	group	GERD	0.265148458605099	0.183906784805146	128	128	0.151852480509931	0.797630487266357
K09153	group	GERD	0.121368562282193	0.082753630563258	128	128	0.144969455701853	0.797630487266357
K09162	group	GERD	0.216927899172604	0.14268987034686	128	128	0.130947252980911	0.797630487266357
K09709	group	GERD	0.793806718170733	0.553362972335484	128	97	0.153903072006833	0.797630487266357
K09767	group	GERD	0.146821905273019	0.0989623524508282	128	128	0.140408584304759	0.797630487266357
K09791	group	GERD	0.387396107780897	0.27081792906752	128	128	0.155058282105864	0.797630487266357
K09800	group	GERD	0.162962216689155	0.11095100307275	128	128	0.144385657629324	0.797630487266357
K09807	group	GERD	0.204571035186615	0.131910682158532	128	128	0.12345061314863	0.797630487266357
K09879	group	GERD	0.482846948217033	0.338159134619378	128	28	0.155803445297621	0.797630487266357
K09880	group	GERD	0.747331414004253	0.513459988193891	128	91	0.14802307305913	0.797630487266357
K09902	group	GERD	0.553078139566752	0.387287649064419	128	123	0.155742533423659	0.797630487266357
K09923	group	GERD	-0.929968024530094	0.624141289848761	128	120	0.138724296173166	0.797630487266357
K09938	group	GERD	0.759308894235857	0.489819489108237	128	97	0.123606216905706	0.797630487266357
K09945	group	GERD	0.793767441907767	0.533334900337636	128	87	0.13916780583621	0.797630487266357
K09946	group	GERD	-0.57925814048522	0.391169170209864	128	128	0.141146073553756	0.797630487266357
K09948	group	GERD	0.718674443738416	0.497321572660054	128	116	0.150915037445853	0.797630487266357
K09958	group	GERD	0.776528695995348	0.513340585264378	128	104	0.132860889608934	0.797630487266357
K09975	group	GERD	-0.357825768362919	0.250343047716829	128	128	0.155380692697361	0.797630487266357
K10002	group	GERD	0.721358549088807	0.481722645499438	128	120	0.136775555529431	0.797630487266357
K10003	group	GERD	0.721358549088807	0.481722645499438	128	120	0.136775555529431	0.797630487266357
K10004	group	GERD	0.735027772033962	0.475515312587382	128	120	0.124672956412699	0.797630487266357
K10036	group	GERD	0.534900630618757	0.366377943659414	128	41	0.146787300299579	0.797630487266357
K10037	group	GERD	0.534900630618757	0.366377943659414	128	41	0.146787300299579	0.797630487266357
K10038	group	GERD	0.536155817764624	0.366048202981743	128	41	0.145489747641654	0.797630487266357
K10201	group	GERD	0.352204453707394	0.232486133109585	128	15	0.132290131872613	0.797630487266357
K10670	group	GERD	-0.248484648211904	0.167692472505583	128	128	0.140893385933432	0.797630487266357
K10680	group	GERD	0.714601076862938	0.454459267286192	128	124	0.118360817134736	0.797630487266357
K10682	group	GERD	0.229113978041703	0.16083779068951	128	128	0.156772870152023	0.797630487266357
K10750	group	GERD	-0.82163933363778	0.53700645864465	128	51	0.128514519138904	0.797630487266357
K11177	group	GERD	0.80500446679815	0.547761136083543	128	99	0.14415537018173	0.797630487266357
K11178	group	GERD	0.802401373679835	0.547768299078177	128	99	0.14545111788124299	0.797630487266357
K11211	group	GERD	0.560674869032129	0.379487128146944	128	124	0.142049132067265	0.797630487266357
K11604	group	GERD	0.434264864854092	0.296422598922684	128	128	0.145406436909906	0.797630487266357
K11605	group	GERD	0.434264864854092	0.296422598922684	128	128	0.145406436909906	0.797630487266357
K11606	group	GERD	0.434264864854092	0.296422598922684	128	128	0.145406436909906	0.797630487266357
K11607	group	GERD	0.437984118444293	0.295098552512286	128	128	0.140254242429376	0.797630487266357
K11645	group	GERD	0.606799612435745	0.411508594155353	128	127	0.142821535527139	0.797630487266357
K11748	group	GERD	-0.73316286089657	0.48204919626968	128	119	0.130783096702298	0.797630487266357
K11996	group	GERD	0.129828800467388	0.0893481045504021	128	128	0.148691083812556	0.797630487266357
K12349	group	GERD	0.469945620665596	0.328265168014274	128	128	0.154733116306176	0.797630487266357
K12508	group	GERD	0.821940851474161	0.540703235068408	128	101	0.130982999060335	0.797630487266357
K12510	group	GERD	0.133204508624824	0.0925675479397335	128	128	0.152630661837692	0.797630487266357
K12516	group	GERD	-0.75741548145341	0.498871215276784	128	123	0.131454400691085	0.797630487266357
K12688	group	GERD	-1.04282520214804	0.724155554125668	128	108	0.152331363445367	0.797630487266357
K12690	group	GERD	-1.04282520214804	0.724155554125668	128	108	0.152331363445367	0.797630487266357
K12962	group	GERD	-0.649805780821181	0.414658193127978	128	120	0.119602216063247	0.797630487266357
K13282	group	GERD	-0.579841327776964	0.386853872726887	128	123	0.136410223155628	0.797630487266357
K13483	group	GERD	0.802401373679835	0.547768299078177	128	99	0.14545111788124299	0.797630487266357
K13491	group	GERD	0.668916922378167	0.423195593421629	128	61	0.116469077010443	0.797630487266357
K13653	group	GERD	-0.127449374660108	0.0872067423052044	128	128	0.146378030063481	0.797630487266357
K13795	group	GERD	0.725573664388965	0.464665441380411	128	95	0.120914750349559	0.797630487266357
K13796	group	GERD	0.755836847618527	0.483719947702003	128	96	0.120666541260003	0.797630487266357
K13816	group	GERD	0.72568184736422	0.472435375066591	128	43	0.127034768403299	0.797630487266357
K13874	group	GERD	0.754085276016696	0.516702210592454	128	96	0.146938313764788	0.797630487266357
K13893	group	GERD	0.636342436226006	0.435219422195669	128	126	0.14619839764321	0.797630487266357
K14155	group	GERD	-0.0497001357737739	0.0340734822080251	128	128	0.147159054802144	0.797630487266357
K14337	group	GERD	0.71770605635124	0.46218372268858	128	106	0.122965085948299	0.797630487266357
K14645	group	GERD	0.442242664369701	0.304893039757371	128	128	0.149408292563336	0.797630487266357
K14660	group	GERD	0.717097171104542	0.499118656594589	128	92	0.153274058090007	0.797630487266357
K15011	group	GERD	0.737871527605509	0.486729735343866	128	123	0.132029728356082	0.797630487266357
K15012	group	GERD	0.737871527605509	0.486729735343866	128	123	0.132029728356082	0.797630487266357
K15721	group	GERD	0.428290666605467	0.279170972370511	128	27	0.127499474593555	0.797630487266357
K15777	group	GERD	0.179787605233583	0.12132994010645	128	128	0.140888152014129	0.797630487266357
K15918	group	GERD	0.766483068420706	0.513633183115268	128	90	0.13812612908508	0.797630487266357
K16011	group	GERD	0.667556979626438	0.446661892622316	128	126	0.137533053543532	0.797630487266357
K16014	group	GERD	0.358337864537124	0.25099856878683	128	128	0.155866664953109	0.797630487266357
K16079	group	GERD	0.788755196040134	0.55243948633191	128	119	0.155832589131548	0.797630487266357
K16210	group	GERD	-0.792666651283096	0.52995875353405	128	117	0.137228758002195	0.797630487266357
K16301	group	GERD	0.147078839645378	0.10182895848073	128	128	0.151116623470579	0.797630487266357
K16650	group	GERD	0.462754285820367	0.302273634911637	128	128	0.128298034728868	0.797630487266357
K16652	group	GERD	0.805896366122027	0.525245543032132	128	105	0.127457380431952	0.797630487266357
K16840	group	GERD	0.627430714237211	0.41882276228536	128	29	0.13661313283972	0.797630487266357
K16845	group	GERD	0.548047977987625	0.365630532958474	128	36	0.136397780890919	0.797630487266357
K16846	group	GERD	0.548047977987625	0.365630532958474	128	36	0.136397780890919	0.797630487266357
K16870	group	GERD	0.293436007400721	0.198515637470545	128	128	0.141862920030949	0.797630487266357
K16872	group	GERD	0.739071979887778	0.508401458456101	128	115	0.148510974239202	0.797630487266357
K17067	group	GERD	0.528443036088269	0.336009440372642	128	26	0.118295358257089	0.797630487266357
K17241	group	GERD	-0.281566102509865	0.185399743283477	128	19	0.131343923359543	0.797630487266357
K17242	group	GERD	-0.248957406857688	0.174018503119108	128	19	0.155009454200366	0.797630487266357
K17243	group	GERD	-0.281566102509865	0.185399743283477	128	19	0.131343923359543	0.797630487266357
K17321	group	GERD	0.718970139994519	0.476565481964252	128	117	0.133891892386342	0.797630487266357
K17322	group	GERD	0.718970139994519	0.476565481964252	128	117	0.133891892386342	0.797630487266357
K17323	group	GERD	0.718970139994519	0.476565481964252	128	117	0.133891892386342	0.797630487266357
K17324	group	GERD	0.718970139994519	0.476565481964252	128	117	0.133891892386342	0.797630487266357
K17325	group	GERD	0.718970139994519	0.476565481964252	128	117	0.133891892386342	0.797630487266357
K17713	group	GERD	0.81679674190403	0.528351817811475	128	120	0.124628640812064	0.797630487266357
K17838	group	GERD	0.658893195067504	0.430790740873124	128	123	0.128647949592299	0.797630487266357
K18129	group	GERD	0.437190992581302	0.295433944362864	128	28	0.141415527891632	0.797630487266357
K18132	group	GERD	-1.04282520214804	0.724155554125668	128	108	0.152331363445367	0.797630487266357
K18344	group	GERD	-1.11131436989673	0.717577389764822	128	92	0.123961200798994	0.797630487266357
K18430	group	GERD	-0.766038722367071	0.500299521356137	128	104	0.128236678980258	0.797630487266357
K18901	group	GERD	0.763221145506393	0.500735837337473	128	105	0.129965005410808	0.797630487266357
K18902	group	GERD	0.751471652160417	0.497025146390638	128	105	0.133053482203799	0.797630487266357
K18934	group	GERD	0.895493837392238	0.628328474795429	128	57	0.156571797626195	0.797630487266357
K19088	group	GERD	-0.761922674183715	0.499255528701401	128	115	0.12948685742169	0.797630487266357
K19090	group	GERD	-0.761922674183715	0.499255528701401	128	115	0.12948685742169	0.797630487266357
K19092	group	GERD	0.822030760122307	0.529783720330916	128	119	0.123257863558363	0.797630487266357
K19158	group	GERD	0.11893555141745	0.0827174191717201	128	128	0.152954543926099	0.797630487266357
K19696	group	GERD	0.70761357772209	0.492461708647018	128	98	0.153227608425315	0.797630487266357
K00126	group	GERD	0.660720274392591	0.470310898296007	128	120	0.162523907130439	0.79833884696674
K00226	group	GERD	-0.115987343887563	0.0819890935529436	128	128	0.159632371071496	0.79833884696674
K00253	group	GERD	0.638269434709927	0.45485955186375	128	124	0.163009844570785	0.79833884696674
K00370	group	GERD	0.135661318408853	0.0965499762660677	128	128	0.162455486782933	0.79833884696674
K00633	group	GERD	-0.464345902748187	0.328559137122262	128	126	0.160039231871646	0.79833884696674
K00883	group	GERD	0.626287338315642	0.441324804956412	128	123	0.158336739745102	0.79833884696674
K00899	group	GERD	0.652837786241418	0.464557068795209	128	119	0.162395640887339	0.79833884696674
K00951	group	GERD	-0.0517800287317696	0.0367041289317774	128	128	0.160785089693493	0.79833884696674
K03297	group	GERD	0.387030218344939	0.275823970815778	128	128	0.163023166067643	0.79833884696674
K03827	group	GERD	0.520548286726064	0.368401779933841	128	127	0.160123970696602	0.79833884696674
K04028	group	GERD	-0.364126875913427	0.25832683424728897	128	128	0.161133436208	0.79833884696674
K05916	group	GERD	0.425814634547291	0.299713739460644	128	128	0.157862984252862	0.79833884696674
K05952	group	GERD	-0.92045753882581	0.649623864861659	128	121	0.158977499466835	0.79833884696674
K06136	group	GERD	0.750184875537528	0.529035694685387	128	98	0.158652441046802	0.79833884696674
K06138	group	GERD	0.746928785517322	0.529098948861136	128	98	0.160503166622431	0.79833884696674
K06139	group	GERD	0.750184875537528	0.529035694685387	128	98	0.158652441046802	0.79833884696674
K06145	group	GERD	0.696613325070702	0.494827759931962	128	123	0.16165578219966	0.79833884696674
K06639	group	GERD	-0.705792882007031	0.501703954690596	128	115	0.16195096740898	0.79833884696674
K07302	group	GERD	0.619431349384621	0.439417191304619	128	128	0.161101929429249	0.79833884696674
K07303	group	GERD	0.621014718415027	0.439256576919434	128	128	0.159890779622326	0.79833884696674
K07305	group	GERD	0.135842804585403	0.0963007532396618	128	128	0.160823731744918	0.79833884696674
K08068	group	GERD	-0.908392263515265	0.644245952287751	128	116	0.161000899831206	0.79833884696674
K08680	group	GERD	-0.311293795266689	0.220220439099217	128	128	0.159958322947307	0.79833884696674
K09892	group	GERD	0.543464794522638	0.387054514320307	128	123	0.162747962238541	0.79833884696674
K10672	group	GERD	-0.358698555597448	0.255634804941176	128	128	0.163026264792314	0.79833884696674
K10681	group	GERD	0.22621713999475	0.161061811658821	128	128	0.162619602037955	0.79833884696674
K12243	group	GERD	0.413234611047907	0.294003210163868	128	27	0.162320393637717	0.79833884696674
K12686	group	GERD	0.717720520110901	0.50800249076293	128	91	0.160171499273099	0.79833884696674
K12973	group	GERD	0.479054326065496	0.339031413154592	128	52	0.160118696008357	0.79833884696674
K13281	group	GERD	-0.784243054948031	0.555577629528895	128	59	0.160537919472688	0.79833884696674
K13408	group	GERD	-1.01885614023722	0.717055122654906	128	113	0.157818933630394	0.79833884696674
K15270	group	GERD	0.737238321512597	0.522179006896757	128	103	0.160459025631815	0.79833884696674
K16164	group	GERD	0.458941919051827	0.327111842514255	128	128	0.163072581535294	0.79833884696674
K17073	group	GERD	-0.858602543125015	0.604545040042482	128	67	0.158005843790879	0.79833884696674
K18298	group	GERD	0.693280443971572	0.493854885635945	128	89	0.162834118046152	0.79833884696674
K18299	group	GERD	0.695953091617662	0.493947829681107	128	89	0.161309870432679	0.79833884696674
K18300	group	GERD	0.693280443971572	0.493854885635945	128	89	0.162834118046152	0.79833884696674
K18335	group	GERD	0.664176956605308	0.468987945437272	128	116	0.159186697243683	0.79833884696674
K18446	group	GERD	-0.706089700985246	0.501716969699783	128	115	0.161786719690796	0.79833884696674
K19159	group	GERD	0.125772451535204	0.0885120751207592	128	128	0.157797401407651	0.79833884696674
K19746	group	GERD	0.624690952569952	0.442723520447055	128	122	0.160703575627466	0.79833884696674
K01971	group	GERD	0.484943532402044	0.346006877590417	128	128	0.163510203120206	0.799748898335428
K07044	group	GERD	0.727822686480617	0.51972924527297	128	92	0.163854827591175	0.800701927150295
K00015	group	GERD	0.640075198387952	0.458279749944974	128	123	0.164961822794559	0.803006358693103
K00466	group	GERD	0.479015246452886	0.342600949290616	128	27	0.164517534817376	0.803006358693103
K00683	group	GERD	0.704271430259247	0.503987071298617	128	87	0.164749155161551	0.803006358693103
K01347	group	GERD	-0.922894469483494	0.661467791072055	128	117	0.16540321599845	0.803006358693103
K01474	group	GERD	0.6704716335773	0.480485869006934	128	120	0.165348671951937	0.803006358693103
K01548	group	GERD	0.359847410171477	0.258143250442821	128	128	0.165776122313542	0.803006358693103
K02302	group	GERD	0.39771672819102	0.285078548811005	128	128	0.165436095009837	0.803006358693103
K03807	group	GERD	0.709525349360569	0.508923536706506	128	91	0.165720251569022	0.803006358693103
K06200	group	GERD	0.180215975255707	0.129297404187141	128	128	0.165828473624614	0.803006358693103
K08961	group	GERD	-0.733561251705034	0.526295167805716	128	112	0.165825069017419	0.803006358693103
K00998	group	GERD	0.539736871557494	0.388162337339385	128	123	0.166830481144634	0.803076888461872
K01003	group	GERD	0.723059968494019	0.519432428794073	128	75	0.166368738609278	0.803076888461872
K01304	group	GERD	-0.123154444598055	0.08858348221175	128	128	0.166899653576569	0.803076888461872
K07231	group	GERD	0.656951676956809	0.472638643413724	128	119	0.166989967823005	0.803076888461872
K07667	group	GERD	0.336609091196854	0.242087621048474	128	128	0.166845443433439	0.803076888461872
K12982	group	GERD	0.540647464813521	0.388869300319682	128	123	0.166886884461887	0.803076888461872
K15371	group	GERD	0.416159387886736	0.299240990580456	128	128	0.166762707413365	0.803076888461872
K18478	group	GERD	0.701855608568991	0.5050101615366	128	108	0.167044799844669	0.803076888461872
K01547	group	GERD	0.358654490563671	0.258246219529732	128	128	0.167341043311641	0.803778272725997
K01546	group	GERD	0.358375205871758	0.258350547959817	128	128	0.167839871320682	0.804728208143828
K07285	group	GERD	0.587453678999538	0.423443369863745	128	123	0.167791567952498	0.804728208143828
K02791	group	GERD	-0.344830252586779	0.248966403554192	128	128	0.168485359207691	0.806050174492397
K03528	group	GERD	0.53758183476241606	0.38813537612788	128	123	0.168488527933198	0.806050174492397
K03535	group	GERD	0.753382835736118	0.544240544242878	128	104	0.168718695334267	0.806050174492397
K13409	group	GERD	-0.93240869512538	0.673474319174511	128	113	0.168659864381008	0.806050174492397
K00020	group	GERD	0.182961046208804	0.148280594725061	128	128	0.219542736137598	0.806454538634931
K00035	group	GERD	0.597426670668813	0.498418197908424	128	110	0.232915414824604	0.806454538634931
K00052	group	GERD	0.0690560140445366	0.0556311287784964	128	128	0.216793654475618	0.806454538634931
K00055	group	GERD	1.0342463387232	0.820780820943469	128	69	0.209970675717076	0.806454538634931
K00067	group	GERD	-0.0538054213866858	0.0412697546496241	128	128	0.194695985416387	0.806454538634931
K00073	group	GERD	-0.689681895487546	0.498691879774514	128	119	0.169116281563234	0.806454538634931
K00117	group	GERD	0.636108566989151	0.482613972644871	128	115	0.189878660871492	0.806454538634931
K00128	group	GERD	0.258222686029254	0.204118098977085	128	128	0.208182628176789	0.806454538634931
K00137	group	GERD	0.568685132599144	0.469196673346833	128	108	0.227764991472437	0.806454538634931
K00141	group	GERD	0.625401453784623	0.482784740575318	128	90	0.197549088068675	0.806454538634931
K00148	group	GERD	0.59770971117553	0.490166490900149	128	41	0.224969634829218	0.806454538634931
K00163	group	GERD	0.142357941001735	0.10458263540205	128	128	0.175879719659266	0.806454538634931
K00184	group	GERD	-0.329172802678939	0.245197091608252	128	128	0.181853326866089	0.806454538634931
K00210	group	GERD	-0.878647675565174	0.668819336876274	128	117	0.191324250187603	0.806454538634931
K00217	group	GERD	0.658823753014124	0.52820445867964	128	66	0.214604816939599	0.806454538634931
K00220	group	GERD	0.589753494596694	0.4721916786273	128	115	0.213991276449632	0.806454538634931
K00228	group	GERD	0.471694945246927	0.346358390265089	128	128	0.175668991784233	0.806454538634931
K00302	group	GERD	0.638417823075596	0.512183318305279	128	118	0.21490662365517	0.806454538634931
K00332	group	GERD	0.151988774226676	0.111739500492055	128	128	0.176193246438704	0.806454538634931
K00371	group	GERD	0.133631027069818	0.10071296981612	128	128	0.186957815871158	0.806454538634931
K00372	group	GERD	0.588770654321551	0.457797140585267	128	117	0.200768216757602	0.806454538634931
K00374	group	GERD	0.133631027069818	0.10071296981612	128	128	0.186957815871158	0.806454538634931
K00382	group	GERD	0.032770848921334	0.0241212682323938	128	128	0.176704692546388	0.806454538634931
K00390	group	GERD	0.332625735923677	0.242350948350799	128	128	0.172347237485668	0.806454538634931
K00392	group	GERD	0.702857939845074	0.520086033002564	128	120	0.17898030129459	0.806454538634931
K00453	group	GERD	0.471245092866636	0.36936688757523	128	127	0.204366661173117	0.806454538634931
K00455	group	GERD	0.558124751104106	0.425197397789071	128	65	0.191695229441726	0.806454538634931
K00479	group	GERD	0.620283016596388	0.47673971167368	128	111	0.195600642861568	0.806454538634931
K00493	group	GERD	0.586532788571903	0.485072217020585	128	33	0.228863139760141	0.806454538634931
K00510	group	GERD	0.436805490702765	0.318693393226452	128	128	0.17293221032723	0.806454538634931
K00612	group	GERD	0.76653694617382	0.618690616594136	128	88	0.217660927067253	0.806454538634931
K00631	group	GERD	0.442704668818524	0.351226243881361	128	126	0.209834714139101	0.806454538634931
K00645	group	GERD	-0.0239469528367743	0.0183534669364796	128	128	0.194351047732455	0.806454538634931
K00689	group	GERD	0.265618287070661	0.193999979657264	128	128	0.173382864980838	0.806454538634931
K00772	group	GERD	0.21270691539715	0.157924369755421	128	128	0.180432873570881	0.806454538634931
K00785	group	GERD	-0.864609877878521	0.647360639497615	128	119	0.184090180396722	0.806454538634931
K00786	group	GERD	-0.213348065066647	0.174773107568682	128	128	0.224473635961581	0.806454538634931
K00791	group	GERD	-0.0427044390096856	0.0319155242379909	128	128	0.183291254722383	0.806454538634931
K00817	group	GERD	0.0511181789828376	0.0384151838525611	128	128	0.18569864074337	0.806454538634931
K00826	group	GERD	-0.0307274891919834	0.0226793276451828	128	128	0.177883952395593	0.806454538634931
K00876	group	GERD	-0.0597265022392017	0.0469187311159065	128	128	0.205369672692534	0.806454538634931
K00897	group	GERD	0.820836506457259	0.646232007987027	128	91	0.206358032628297	0.806454538634931
K00924	group	GERD	-0.326453665306455	0.272150034865856	128	128	0.232570526116853	0.806454538634931
K00926	group	GERD	-0.0905737268239345	0.0674768178325468	128	128	0.181914251121402	0.806454538634931
K00969	group	GERD	-0.0171895308409699	0.0129547175616451	128	128	0.18694353205971	0.806454538634931
K00974	group	GERD	-0.0671788328182531	0.0516824677342829	128	128	0.196029462082523	0.806454538634931
K01007	group	GERD	0.135357390357623	0.109355555353979	128	128	0.218101637345189	0.806454538634931
K01027	group	GERD	0.601627112048583	0.492630961133059	128	87	0.224270394138186	0.806454538634931
K01153	group	GERD	-0.0396230847668178	0.0323475639707699	128	128	0.222891465386481	0.806454538634931
K01166	group	GERD	0.494334745891859	0.375650746852744	128	128	0.190582537347304	0.806454538634931
K01185	group	GERD	0.547272399378025	0.409132858894224	128	127	0.183423325515649	0.806454538634931
K01232	group	GERD	-0.391789006149696	0.317729680430673	128	128	0.219838094377115	0.806454538634931
K01399	group	GERD	0.611398609648099	0.498125316161167	128	87	0.221960835751673	0.806454538634931
K01453	group	GERD	0.665896286436026	0.50982672847651	128	119	0.19389020963504	0.806454538634931
K01459	group	GERD	0.692196366044511	0.524744697175284	128	68	0.189524329043425	0.806454538634931
K01473	group	GERD	0.662370302639183	0.480632157434761	128	120	0.170607650592732	0.806454538634931
K01496	group	GERD	0.101096264224483	0.0779765298017094	128	128	0.197174092715685	0.806454538634931
K01502	group	GERD	0.776144380353999	0.5620384400174	128	98	0.16974019440116	0.806454538634931
K01523	group	GERD	0.0997335258822368	0.0775832246927196	128	128	0.200974003653432	0.806454538634931
K01556	group	GERD	0.445075665212865	0.370640486047897	128	127	0.232070312073078	0.806454538634931
K01573	group	GERD	-0.356846997403677	0.286019188896091	128	125	0.214479251956161	0.806454538634931
K01578	group	GERD	0.561010263488094	0.456079179209906	128	111	0.22096181557333	0.806454538634931
K01602	group	GERD	0.671990294746233	0.540603381823408	128	73	0.21616211425381	0.806454538634931
K01616	group	GERD	0.670223028543173	0.525169907136555	128	104	0.204231417699351	0.806454538634931
K01649	group	GERD	0.0678276445529726	0.0539990624671546	128	128	0.211407634031894	0.806454538634931
K01698	group	GERD	0.0891615912113702	0.0740602240047477	128	128	0.230882523177548	0.806454538634931
K01703	group	GERD	0.0638696453724533	0.0528249108785009	128	128	0.228895283258092	0.806454538634931
K01707	group	GERD	0.645250518165973	0.474693698334526	128	104	0.17647983159351	0.806454538634931
K01720	group	GERD	0.633861664420845	0.487026637030775	128	113	0.195464482628635	0.806454538634931
K01721	group	GERD	0.624715616566235	0.478798691211984	128	100	0.194353840373808	0.806454538634931
K01746	group	GERD	-0.196585243584266	0.156293093628822	128	128	0.210790660818631	0.806454538634931
K01749	group	GERD	0.0919805109992816	0.0743271791606414	128	128	0.218199570055883	0.806454538634931
K01752	group	GERD	-0.0300756763702687	0.0238281171558734	128	128	0.209210721503993	0.806454538634931
K01754	group	GERD	0.0693161981586459	0.0521285999257995	128	128	0.186014330693464	0.806454538634931
K01772	group	GERD	0.0943986155108366	0.0707282205347048	128	128	0.184392161375257	0.806454538634931
K01781	group	GERD	0.658823753014124	0.52820445867964	128	66	0.214604816939599	0.806454538634931
K01796	group	GERD	0.570446863858097	0.472326687889561	128	110	0.229410161520427	0.806454538634931
K01825	group	GERD	0.330741292118562	0.257672485345505	128	41	0.201647191323527	0.806454538634931
K01845	group	GERD	0.0960481731635764	0.0718943670834729	128	128	0.183969495891892	0.806454538634931
K01846	group	GERD	-0.647402549720365	0.53190974860422	128	119	0.225830045013321	0.806454538634931
K01848	group	GERD	0.195022010291485	0.158154874431505	128	128	0.219831140477577	0.806454538634931
K01849	group	GERD	0.191226624958684	0.155796194390941	128	128	0.221954823278674	0.806454538634931
K01905	group	GERD	-0.657700612638593	0.51301718754473	128	121	0.202187923653379	0.806454538634931
K01968	group	GERD	0.625241843918595	0.455352668706117	128	124	0.172161886448275	0.806454538634931
K01999	group	GERD	0.110195003236512	0.0811041922927627	128	128	0.176673980815663	0.806454538634931
K02016	group	GERD	0.043977006184812	0.0357002318982766	128	128	0.220302491270893	0.806454538634931
K02022	group	GERD	0.554160099456721	0.411000349696352	128	127	0.179974157800898	0.806454538634931
K02043	group	GERD	0.68707639580127	0.532157899454569	128	115	0.199027981866834	0.806454538634931
K02055	group	GERD	0.314949536067668	0.235955280883499	128	128	0.184353650361611	0.806454538634931
K02081	group	GERD	0.475452559526766	0.373461733254048	128	127	0.205327933948355	0.806454538634931
K02116	group	GERD	0.467656014995955	0.345934545746578	128	128	0.178840987581803	0.806454538634931
K02171	group	GERD	-0.579993269183275	0.434975769900756	128	52	0.184808769845974	0.806454538634931
K02172	group	GERD	-0.539917209888414	0.40522131337945	128	46	0.185133226432985	0.806454538634931
K02277	group	GERD	-0.604782084816736	0.499437055099768	128	111	0.228189592857792	0.806454538634931
K02281	group	GERD	0.682059256353138	0.504450542441501	128	113	0.178770540302726	0.806454538634931
K02283	group	GERD	0.115431934311422	0.0930353780451829	128	128	0.217010148955373	0.806454538634931
K02315	group	GERD	-0.327889955984771	0.260744747543637	128	127	0.210893610268684	0.806454538634931
K02409	group	GERD	0.205857543418901	0.171072287281458	128	128	0.231102144846462	0.806454538634931
K02414	group	GERD	0.443229787588546	0.340896728057322	128	126	0.195909898774072	0.806454538634931
K02424	group	GERD	0.204982917536975	0.149459106282769	128	128	0.172657092707237	0.806454538634931
K02428	group	GERD	-0.0313143615766805	0.0259205740463527	128	128	0.229275575478016	0.806454538634931
K02433	group	GERD	0.0535759581689096	0.0436873597576973	128	128	0.222354179557113	0.806454538634931
K02438	group	GERD	0.146821924993011	0.113418818526658	128	128	0.197856288671788	0.806454538634931
K02457	group	GERD	0.639647856825089	0.477495644564957	128	124	0.182790218137612	0.806454538634931
K02458	group	GERD	0.599276621757769	0.475866420023751	128	123	0.210236215791016	0.806454538634931
K02460	group	GERD	0.601618858769841	0.475865013911895	128	124	0.208469103130274	0.806454538634931
K02461	group	GERD	0.577633070211451	0.468266287766488	128	123	0.219664262155174	0.806454538634931
K02462	group	GERD	0.579472038189542	0.477145643099677	128	124	0.226845091152954	0.806454538634931
K02476	group	GERD	-0.392232951241854	0.295939009787597	128	44	0.1874418942088	0.806454538634931
K02484	group	GERD	0.123736097471539	0.0971138125238234	128	128	0.204960671914967	0.806454538634931
K02485	group	GERD	0.628930803460615	0.510966816200155	128	88	0.220666348243986	0.806454538634931
K02501	group	GERD	0.0576982698787079	0.044895467007991	128	128	0.201090505657499	0.806454538634931
K02626	group	GERD	-0.820287173146657	0.609220950699713	128	123	0.180573739226633	0.806454538634931
K02647	group	GERD	-0.526861482870927	0.407487003901184	128	125	0.198393082835423	0.806454538634931
K02657	group	GERD	0.648953700206663	0.477236602395296	128	124	0.176316622277455	0.806454538634931
K02659	group	GERD	0.665394458355416	0.48485418181641	128	122	0.172389501022998	0.806454538634931
K02660	group	GERD	0.642158669248876	0.476415836459387	128	124	0.180110456285234	0.806454538634931
K02666	group	GERD	0.157217882485678	0.127955336077669	128	128	0.221476686704488	0.806454538634931
K02745	group	GERD	-0.313624438052336	0.260082879038029	128	127	0.230129667852255	0.806454538634931
K02750	group	GERD	-0.194370307762868	0.150952271369215	128	128	0.200235636758917	0.806454538634931
K02760	group	GERD	-0.109442530961297	0.0836651074370745	128	128	0.193219956754855	0.806454538634931
K02783	group	GERD	-0.2853127730429	0.225528828179707	128	128	0.20817610073204	0.806454538634931
K02805	group	GERD	0.655043597977469	0.535596027776145	128	98	0.223605415624877	0.806454538634931
K02876	group	GERD	-0.0169922729082362	0.0133041665958277	128	128	0.203875099398188	0.806454538634931
K02878	group	GERD	-0.0170107024386688	0.0133062077694152	128	128	0.20345705319528	0.806454538634931
K02902	group	GERD	-0.0127698564134314	0.0106355270675802	128	128	0.232128032898407	0.806454538634931
K02907	group	GERD	-0.0180105848740506	0.0135030607595062	128	128	0.184670497540339	0.806454538634931
K03184	group	GERD	0.60976189665148	0.507269636386852	128	92	0.231599626690212	0.806454538634931
K03192	group	GERD	0.597227697465812	0.433996023858684	128	121	0.17122745987512	0.806454538634931
K03196	group	GERD	0.467915993422133	0.352303858636119	128	126	0.18652596719235	0.806454538634931
K03198	group	GERD	0.592893335378115	0.464587238398638	128	122	0.204241998533054	0.806454538634931
K03200	group	GERD	0.614490265961083	0.454159652721641	128	123	0.178469733104987	0.806454538634931
K03272	group	GERD	0.192065245884227	0.146602004353093	128	128	0.192540891835089	0.806454538634931
K03286	group	GERD	0.130919348465846	0.107495996542454	128	128	0.225537835050663	0.806454538634931
K03316	group	GERD	0.130405510601707	0.105268040041495	128	128	0.21772427071847	0.806454538634931
K03366	group	GERD	0.186570202905281	0.143692039900329	128	128	0.196520277555329	0.806454538634931
K03381	group	GERD	0.61998580756582	0.485166196156053	128	92	0.203639834501107	0.806454538634931
K03396	group	GERD	0.641253288478143	0.53176879946805	128	66	0.230120469728108	0.806454538634931
K03412	group	GERD	0.215897338628059	0.156300538771063	128	128	0.169632597739693	0.806454538634931
K03430	group	GERD	0.693808675563246	0.564932010699502	128	104	0.22168820713602	0.806454538634931
K03476	group	GERD	-0.141067275284461	0.109385155999517	128	128	0.199538479259553	0.806454538634931
K03498	group	GERD	-0.0394401923163239	0.0293329104754451	128	128	0.181179227588129	0.806454538634931
K03570	group	GERD	-0.049325928692284	0.0401828532808587	128	128	0.221909345515045	0.806454538634931
K03636	group	GERD	0.291710673793605	0.224871363918504	128	128	0.19692107802157	0.806454538634931
K03655	group	GERD	-0.0552093027250903	0.0443336850187083	128	128	0.215327746174988	0.806454538634931
K03683	group	GERD	0.498706325278842	0.381453386523965	128	124	0.193462754170306	0.806454538634931
K03746	group	GERD	0.558682698093855	0.4044446934973	128	127	0.16961380874664	0.806454538634931
K03748	group	GERD	-0.457814659864179	0.376798622743667	128	127	0.226633619030823	0.806454538634931
K03767	group	GERD	0.0844441661203886	0.0687249535971655	128	128	0.221464361382395	0.806454538634931
K03802	group	GERD	0.669768948400032	0.510441214003516	128	115	0.191859236637772	0.806454538634931
K03817	group	GERD	0.226109098294042	0.17668731832624	128	128	0.202997329142848	0.806454538634931
K03820	group	GERD	0.143075953436928	0.115044888727735	128	128	0.215936073792533	0.806454538634931
K04033	group	GERD	0.716106808291341	0.558343033209913	128	104	0.202001761611507	0.806454538634931
K04035	group	GERD	0.262695010715779	0.216201714051224	128	15	0.22662053752407	0.806454538634931
K04038	group	GERD	0.342405155643312	0.26938119481077	128	15	0.206041632550676	0.806454538634931
K04040	group	GERD	0.342405155643312	0.26938119481077	128	15	0.206041632550676	0.806454538634931
K04041	group	GERD	-0.118014393358065	0.0977012903935446	128	128	0.229344092938588	0.806454538634931
K04085	group	GERD	0.284057003041279	0.226093233883011	128	128	0.211305833696178	0.806454538634931
K04090	group	GERD	0.64784895860502	0.476271077514255	128	124	0.176178649979169	0.806454538634931
K04093	group	GERD	0.638550322860916	0.495518459594093	128	112	0.19988057818156801	0.806454538634931
K04102	group	GERD	0.688627749526858	0.562452989394316	128	78	0.223112224608384	0.806454538634931
K04516	group	GERD	-0.0557636006565854	0.0418775952128745	128	128	0.185400383333524	0.806454538634931
K04518	group	GERD	0.0740354274168506	0.0608094675377744	128	128	0.225689891361531	0.806454538634931
K04566	group	GERD	0.55608456848238	0.428753551999706	128	125	0.19700820530792101	0.806454538634931
K04748	group	GERD	0.622902008241951	0.500956826569784	128	111	0.216020027138928	0.806454538634931
K04774	group	GERD	-0.727524842370124	0.589525260928788	128	121	0.219467721242537	0.806454538634931
K05275	group	GERD	0.658823753014124	0.52820445867964	128	66	0.214604816939599	0.806454538634931
K05365	group	GERD	0.50293219439523	0.381641794350677	128	124	0.189957519446382	0.806454538634931
K05522	group	GERD	0.137741191462304	0.10254651151724	128	128	0.181619313541222	0.806454538634931
K05560	group	GERD	0.560213996465547	0.465658020821046	128	113	0.231209221566503	0.806454538634931
K05561	group	GERD	0.560213996465547	0.465658020821046	128	113	0.231209221566503	0.806454538634931
K05562	group	GERD	0.560213996465547	0.465658020821046	128	113	0.231209221566503	0.806454538634931
K05563	group	GERD	0.561113280942921	0.465410444452012	128	113	0.230218987229754	0.806454538634931
K05739	group	GERD	-0.838345101947269	0.692855494180829	128	99	0.228549597136072	0.806454538634931
K05780	group	GERD	0.644085281243185	0.525595817174296	128	116	0.222695792362137	0.806454538634931
K05781	group	GERD	0.644085281243185	0.525595817174296	128	116	0.222695792362137	0.806454538634931
K05800	group	GERD	0.628292690667359	0.490266653591304	128	117	0.202359997970534	0.806454538634931
K05822	group	GERD	-0.149430434195991	0.124639811993031	128	128	0.23281747181733	0.806454538634931
K05825	group	GERD	0.178246929247528	0.147855778846996	128	128	0.23025171401535	0.806454538634931
K05886	group	GERD	0.628930803460615	0.510966816200155	128	88	0.220666348243986	0.806454538634931
K05898	group	GERD	0.633470410078166	0.50604082581018	128	58	0.212955516294238	0.806454538634931
K05999	group	GERD	0.600472767349563	0.493038849081413	128	87	0.225537165964714	0.806454538634931
K06048	group	GERD	0.134526393430548	0.0991965751605219	128	128	0.177473688199007	0.806454538634931
K06073	group	GERD	0.623965699891583	0.494757096849346	128	86	0.209582838215035	0.806454538634931
K06075	group	GERD	0.623385337766831	0.517686982338055	128	117	0.230779437593535	0.806454538634931
K06131	group	GERD	-0.0358181631453936	0.0295719785775327	128	128	0.228078024483711	0.806454538634931
K06134	group	GERD	0.643222406856624	0.47425210205362	128	124	0.177432989659122	0.806454538634931
K06140	group	GERD	0.591842171149047	0.457840489946522	128	124	0.198486485228896	0.806454538634931
K06147	group	GERD	-0.035998218125842	0.0272725699278049	128	128	0.189247326620275	0.806454538634931
K06163	group	GERD	0.644085281243185	0.525595817174296	128	116	0.222695792362137	0.806454538634931
K06164	group	GERD	0.644085281243185	0.525595817174296	128	116	0.222695792362137	0.806454538634931
K06165	group	GERD	0.644085281243185	0.525595817174296	128	116	0.222695792362137	0.806454538634931
K06166	group	GERD	0.644085281243185	0.525595817174296	128	116	0.222695792362137	0.806454538634931
K06221	group	GERD	0.126480002211876	0.102978529798142	128	128	0.221654746313424	0.806454538634931
K06296	group	GERD	-0.568588787160933	0.467664246061679	128	104	0.226331979237008	0.806454538634931
K06333	group	GERD	-0.532915315672928	0.402040472127755	128	126	0.187394917240755	0.806454538634931
K06426	group	GERD	-0.666747672961051	0.489542054137217	128	80	0.175633456927755	0.806454538634931
K06436	group	GERD	-0.771335075324908	0.61892645466332	128	106	0.214985908636131	0.806454538634931
K06446	group	GERD	0.609452790817301	0.480605581506733	128	104	0.207102732075689	0.806454538634931
K06601	group	GERD	0.631857901838423	0.486150742550287	128	115	0.196071141525346	0.806454538634931
K06602	group	GERD	0.592068197540942	0.471870064674273	128	115	0.211900218639767	0.806454538634931
K06877	group	GERD	0.127301780522852	0.104771226435043	128	128	0.226620794225003	0.806454538634931
K06893	group	GERD	0.705439740892562	0.528077126903832	128	121	0.184001262834479	0.806454538634931
K06904	group	GERD	0.505831796951223	0.41003507587961	128	127	0.219636865657176	0.806454538634931
K06918	group	GERD	0.512906130258874	0.377458006128413	128	128	0.176623878139166	0.806454538634931
K06921	group	GERD	-0.511525436298659	0.417768336936829	128	125	0.223076818027344	0.806454538634931
K06926	group	GERD	-0.206874726119327	0.160217799334235	128	128	0.198994938563256	0.806454538634931
K06938	group	GERD	0.562719043365172	0.421979471144727	128	126	0.184766190957623	0.806454538634931
K06950	group	GERD	-0.0635152888221883	0.0515374918472453	128	128	0.220090897439469	0.806454538634931
K06953	group	GERD	0.628831227721741	0.476570319512811	128	114	0.189396934242541	0.806454538634931
K06955	group	GERD	0.557062933486044	0.431435407998468	128	115	0.19900336096565	0.806454538634931
K06977	group	GERD	0.618061238243225	0.510638659435033	128	88	0.228402966024943	0.806454538634931
K06988	group	GERD	0.571137443630921	0.424123756321417	128	127	0.18051699297509	0.806454538634931
K06989	group	GERD	0.726748609253146	0.540259998873214	128	110	0.18098218895094	0.806454538634931
K06991	group	GERD	0.586089197716684	0.480437423035518	128	117	0.224778386921908	0.806454538634931
K06996	group	GERD	0.419556106636038	0.306653934756468	128	128	0.173692335824205	0.806454538634931
K06998	group	GERD	0.643850099762955	0.535809202126185	128	114	0.231756507275598	0.806454538634931
K07006	group	GERD	0.377674441558779	0.284078880656557	128	128	0.186094870528563	0.806454538634931
K07037	group	GERD	-0.296613061874718	0.224771025882222	128	128	0.189353580641728	0.806454538634931
K07056	group	GERD	-0.0346203120145012	0.0258553925962076	128	128	0.182982065444193	0.806454538634931
K07117	group	GERD	0.531227299349542	0.3973950998129	128	128	0.183705201617924	0.806454538634931
K07120	group	GERD	0.331639273554119	0.257115969379541	128	128	0.199467512624664	0.806454538634931
K07141	group	GERD	0.188220559779044	0.146057531038227	128	128	0.199872538172464	0.806454538634931
K07153	group	GERD	0.517529069522702	0.381476656814843	128	124	0.177319190097761	0.806454538634931
K07168	group	GERD	0.519204761616993	0.413867245473098	128	107	0.211975194841532	0.806454538634931
K07220	group	GERD	0.13528569236041	0.102320600815059	128	128	0.188505212706553	0.806454538634931
K07222	group	GERD	0.631257153702758	0.514970038001781	128	116	0.222555101123691	0.806454538634931
K07224	group	GERD	0.139916290541904	0.102120671628485	128	128	0.173089744288853	0.806454538634931
K07238	group	GERD	-0.0734097883057487	0.0574693350542805	128	128	0.203819228777025	0.806454538634931
K07261	group	GERD	0.506953693892969	0.377355466804974	128	128	0.181544728964059	0.806454538634931
K07276	group	GERD	0.628743870786772	0.523399460710412	128	97	0.231899827124061	0.806454538634931
K07288	group	GERD	-0.566733798584899	0.4524220613931	128	125	0.212647152245092	0.806454538634931
K07289	group	GERD	0.481301435391982	0.38290994451511	128	126	0.211094188344439	0.806454538634931
K07334	group	GERD	0.676531049463329	0.490856124257571	128	123	0.170563196794731	0.806454538634931
K07335	group	GERD	-0.0707239763479431	0.0536053287981083	128	128	0.189445927355582	0.806454538634931
K07336	group	GERD	0.667682201726332	0.489670792427784	128	118	0.175145901216236	0.806454538634931
K07454	group	GERD	-0.511205297534923	0.416583257209366	128	17	0.222058496621319	0.806454538634931
K07467	group	GERD	0.164221214637061	0.132151340613547	128	128	0.216295148978882	0.806454538634931
K07504	group	GERD	-0.532596021612131	0.395438646873058	128	124	0.1804464741912	0.806454538634931
K07535	group	GERD	0.51213586209458	0.417584031899575	128	50	0.22232543425854	0.806454538634931
K07568	group	GERD	-0.0527834931900559	0.0426196279235042	128	128	0.217841093982561	0.806454538634931
K07577	group	GERD	0.59988819585321	0.454847976942846	128	120	0.189602495898756	0.806454538634931
K07666	group	GERD	0.5230816605236	0.407083993795418	128	127	0.201167632201617	0.806454538634931
K07704	group	GERD	-0.348353435168912	0.279616911047081	128	128	0.215140609641026	0.806454538634931
K07706	group	GERD	0.20915617388124	0.153844725289787	128	128	0.176407468713415	0.806454538634931
K07712	group	GERD	0.315371347851011	0.25660284340763	128	128	0.221352726978602	0.806454538634931
K07720	group	GERD	-0.109447518041325	0.0906520256904014	128	128	0.229564037297817	0.806454538634931
K07727	group	GERD	-0.078458745788448	0.0645854982671109	128	128	0.226712348541051	0.806454538634931
K07741	group	GERD	0.894563492542972	0.652684018344915	128	46	0.172938923554868	0.806454538634931
K07746	group	GERD	0.558223227370651	0.431028767082823	128	118	0.197655422778762	0.806454538634931
K07792	group	GERD	-0.571752687316197	0.47631622659222	128	126	0.232250077116268	0.806454538634931
K07810	group	GERD	0.653777081671884	0.496954685855777	128	85	0.190708280286032	0.806454538634931
K07811	group	GERD	0.568118041482904	0.429878681088996	128	34	0.188703445268769	0.806454538634931
K08081	group	GERD	0.628930803460615	0.510966816200155	128	88	0.220666348243986	0.806454538634931
K08137	group	GERD	0.623965699891583	0.494757096849346	128	86	0.209582838215035	0.806454538634931
K08224	group	GERD	0.582504083369107	0.430612991885342	128	123	0.178563660181114	0.806454538634931
K08299	group	GERD	0.642563596175032	0.492792201956594	128	115	0.194636637442873	0.806454538634931
K08312	group	GERD	0.494570656600597	0.388422489757665	128	123	0.20526272815719	0.806454538634931
K08482	group	GERD	0.616751545237559	0.503828849727063	128	98	0.223187522794833	0.806454538634931
K08484	group	GERD	0.671955188108537	0.492015825972527	128	117	0.174460266175592	0.806454538634931
K08604	group	GERD	0.623965699891583	0.494757096849346	128	86	0.209582838215035	0.806454538634931
K08677	group	GERD	0.676731995855615	0.50915995221846	128	92	0.186211810524697	0.806454538634931
K08990	group	GERD	0.512906130258874	0.377458006128413	128	128	0.176623878139166	0.806454538634931
K09004	group	GERD	0.564303541381013	0.426474887095815	128	127	0.188171264996942	0.806454538634931
K09017	group	GERD	0.597303065457124	0.458347750222439	128	121	0.194894575222479	0.806454538634931
K09019	group	GERD	0.369592179979185	0.295482586551781	128	128	0.213321959622839	0.806454538634931
K09146	group	GERD	0.652697288529562	0.52168907472667	128	105	0.213207593171812	0.806454538634931
K09166	group	GERD	-0.518261250450957	0.39403022794563	128	122	0.190803334633338	0.806454538634931
K09251	group	GERD	-0.651956187608257	0.523953698524181	128	69	0.215698429385625	0.806454538634931
K09759	group	GERD	-0.56300941167277	0.423122681998171	128	48	0.185721885347338	0.806454538634931
K09826	group	GERD	0.602825769221524	0.47285613809417	128	115	0.204704384884002	0.806454538634931
K09895	group	GERD	0.50293219439523	0.381641794350677	128	124	0.189957519446382	0.806454538634931
K09912	group	GERD	0.652466398102485	0.4914364442286	128	101	0.186686844772763	0.806454538634931
K09920	group	GERD	0.645933129286906	0.491059434942264	128	101	0.190768537194073	0.806454538634931
K09925	group	GERD	-0.217307017815425	0.175561136600242	128	128	0.218097164524891	0.806454538634931
K09928	group	GERD	0.526974532275813	0.421904416164508	128	125	0.213966784372193	0.806454538634931
K09929	group	GERD	-0.775248089905121	0.632728641153709	128	122	0.222768078401364	0.806454538634931
K09965	group	GERD	0.63748323141055	0.493211747851414	128	109	0.198544350080912	0.806454538634931
K09967	group	GERD	0.714683439873126	0.590658804388438	128	104	0.228552930570767	0.806454538634931
K09969	group	GERD	0.708263375997007	0.512674252351113	128	118	0.169567783309353	0.806454538634931
K09970	group	GERD	0.601556832838442	0.494915810572536	128	118	0.226458250661096	0.806454538634931
K09971	group	GERD	0.601556832838442	0.494915810572536	128	118	0.226458250661096	0.806454538634931
K09972	group	GERD	0.622117649115026	0.492687068028574	128	119	0.209027661220012	0.806454538634931
K09983	group	GERD	0.636034371214715	0.499571397803661	128	122	0.205305189146773	0.806454538634931
K09986	group	GERD	0.675013224419818	0.491467026373579	128	117	0.172046463046382	0.806454538634931
K09990	group	GERD	0.606690255172792	0.474427699030092	128	96	0.203323631822273	0.806454538634931
K10009	group	GERD	0.203102257577107	0.147309182148981	128	128	0.170415267105948	0.806454538634931
K10012	group	GERD	0.646704450974541	0.539330259239141	128	68	0.23274388996801	0.806454538634931
K10218	group	GERD	0.602590403255732	0.454985072687605	128	118	0.187761572080161	0.806454538634931
K10227	group	GERD	0.57299252664815	0.469567635837893	128	117	0.224646894754827	0.806454538634931
K10228	group	GERD	0.57299252664815	0.469567635837893	128	117	0.224646894754827	0.806454538634931
K10229	group	GERD	0.57299252664815	0.469567635837893	128	117	0.224646894754827	0.806454538634931
K10255	group	GERD	0.649209282292478	0.474644699080371	128	117	0.173815692619168	0.806454538634931
K10540	group	GERD	-0.380232714594852	0.283820712800667	128	128	0.182756338711643	0.806454538634931
K10541	group	GERD	-0.363245166968948	0.277254438797155	128	128	0.192528217572383	0.806454538634931
K10542	group	GERD	-0.364121636043577	0.277492339204665	128	128	0.191842762376742	0.806454538634931
K10563	group	GERD	0.0839362245827754	0.061898418825806	128	128	0.177514257455147	0.806454538634931
K10824	group	GERD	-0.317747209710107	0.245466742871483	128	128	0.197873428528188	0.806454538634931
K10941	group	GERD	0.646133815379508	0.492290198583545	128	101	0.191735263147967	0.806454538634931
K11263	group	GERD	0.131075554827926	0.102392522421887	128	128	0.202851833540054	0.806454538634931
K11387	group	GERD	0.668745106048074	0.526943563052282	128	104	0.206744017619252	0.806454538634931
K11532	group	GERD	0.631458833086785	0.498179207824179	128	114	0.207302099862445	0.806454538634931
K11601	group	GERD	0.270226525120289	0.214902374442093	128	128	0.210920536616477	0.806454538634931
K11603	group	GERD	0.270226930631025	0.214800425481331	128	128	0.210704659113664	0.806454538634931
K11708	group	GERD	-0.519170415717134	0.430521318953862	128	122	0.23011137742416	0.806454538634931
K11709	group	GERD	-0.516444606175222	0.430316146194114	128	122	0.23233211871949	0.806454538634931
K11710	group	GERD	-0.518725968676847	0.430549283658221	128	122	0.230538412855045	0.806454538634931
K11734	group	GERD	-0.452330251706715	0.335141647632659	128	125	0.179542123988806	0.806454538634931
K11747	group	GERD	0.40650466502219	0.327960558734181	128	128	0.217466833389597	0.806454538634931
K11891	group	GERD	0.574617848486967	0.463647392393437	128	125	0.217522235600544	0.806454538634931
K11940	group	GERD	0.618937443659413	0.476205704828782	128	114	0.196067361170939	0.806454538634931
K12111	group	GERD	-0.610966378777799	0.465568857265535	128	121	0.191804246712554	0.806454538634931
K12256	group	GERD	0.671676763524026	0.536081877284756	128	112	0.212548919926376	0.806454538634931
K12369	group	GERD	0.461246803399275	0.382352944949161	128	118	0.229947447456181	0.806454538634931
K12370	group	GERD	0.461246803399275	0.382352944949161	128	118	0.229947447456181	0.806454538634931
K12371	group	GERD	0.483837036049316	0.375199946336548	128	120	0.199570919250476	0.806454538634931
K12372	group	GERD	0.469299734991881	0.371021445189396	128	127	0.208246721785631	0.806454538634931
K12428	group	GERD	0.679434914094475	0.523932680442043	128	104	0.197070433864584	0.806454538634931
K12436	group	GERD	0.371553693256658	0.297816987255678	128	27	0.214494734874045	0.806454538634931
K12437	group	GERD	0.679434914094475	0.523932680442043	128	104	0.197070433864584	0.806454538634931
K12506	group	GERD	0.191943917233446	0.142362440015857	128	128	0.179988224469478	0.806454538634931
K12526	group	GERD	0.628930803460615	0.510966816200155	128	88	0.220666348243986	0.806454538634931
K12583	group	GERD	0.679684721338622	0.535145191025495	128	116	0.206391586045788	0.806454538634931
K12875	group	GERD	-0.753485559236597	0.568908216590944	128	55	0.187753835681159	0.806454538634931
K12979	group	GERD	0.638816981403524	0.508194303753979	128	105	0.211066873771608	0.806454538634931
K12989	group	GERD	0.645609864205697	0.537214616309252	128	112	0.231705494244332	0.806454538634931
K12995	group	GERD	-0.758775889447072	0.58447645248858	128	86	0.196584844716942	0.806454538634931
K12998	group	GERD	0.140410680226837	0.116259298512519	128	128	0.229410445659625	0.806454538634931
K13007	group	GERD	0.211280233690481	0.173522480082855	128	15	0.225652995089894	0.806454538634931
K13028	group	GERD	0.57681907739239	0.461867879714356	128	81	0.214023083668185	0.806454538634931
K13472	group	GERD	0.631395729066026	0.496036560027883	128	86	0.205403754374904	0.806454538634931
K13482	group	GERD	0.547919219863946	0.450745998467046	128	120	0.226416452491431	0.806454538634931
K13525	group	GERD	0.541565074277767	0.442340124617054	128	57	0.223116437959505	0.806454538634931
K13527	group	GERD	0.141625570778943	0.106778874102356	128	128	0.187124729787366	0.806454538634931
K13540	group	GERD	0.62684434037312	0.485472885801229	128	110	0.19899693597836	0.806454538634931
K13570	group	GERD	0.146518187046006	0.108642941452679	128	128	0.17987764550564	0.806454538634931
K13571	group	GERD	0.141625570778943	0.106778874102356	128	128	0.187124729787364	0.806454538634931
K13582	group	GERD	0.669946202115735	0.533056588459676	128	113	0.211150493102209	0.806454538634931
K13583	group	GERD	0.65717058489137	0.500991905198613	128	115	0.191993260894541	0.806454538634931
K13584	group	GERD	0.568237365954335	0.4718596801932	128	115	0.230749991801097	0.806454538634931
K13587	group	GERD	0.592920591500258	0.472261077666119	128	115	0.211623084362112	0.806454538634931
K13588	group	GERD	0.592920591500258	0.472261077666119	128	115	0.211623084362112	0.806454538634931
K13589	group	GERD	0.635726087410556	0.528277681315721	128	114	0.231080095169373	0.806454538634931
K13592	group	GERD	0.633899973643632	0.528471570894463	128	114	0.232585552566757	0.806454538634931
K13593	group	GERD	0.661646683130588	0.524582249041736	128	81	0.209537105379429	0.806454538634931
K13607	group	GERD	-0.648672213901497	0.492206498758822	128	116	0.189932756541411	0.806454538634931
K13633	group	GERD	0.475283527721385	0.396267567707949	128	40	0.232622846271866	0.806454538634931
K13686	group	GERD	0.670563203874581	0.525110759404635	128	104	0.203952703867723	0.806454538634931
K13687	group	GERD	0.682292972048136	0.52368618893363	128	104	0.194996555720251	0.806454538634931
K13820	group	GERD	-0.895560217836337	0.675611142534108	128	89	0.187385271486322	0.806454538634931
K13892	group	GERD	0.568051284194558	0.465432877479838	128	93	0.224562343844501	0.806454538634931
K13894	group	GERD	0.567747335258477	0.452118533497272	128	126	0.211530667522955	0.806454538634931
K13895	group	GERD	0.567747335258477	0.452118533497272	128	126	0.211530667522955	0.806454538634931
K14136	group	GERD	0.667032592409568	0.525323658364239	128	104	0.206511810244249	0.806454538634931
K14166	group	GERD	0.752518150427353	0.555451531388763	128	75	0.177909821075578	0.806454538634931
K14338	group	GERD	0.67995207434156	0.523545662914614	128	94	0.196403420639584	0.806454538634931
K14339	group	GERD	0.605572273990131	0.456872370266807	128	105	0.187412408173666	0.806454538634931
K14727	group	GERD	0.739061063781662	0.548101285075416	128	73	0.179947836787041	0.806454538634931
K14733	group	GERD	0.71976497500837	0.551246546058952	128	71	0.194032107761368	0.806454538634931
K14949	group	GERD	0.657434926218834	0.525102443568053	128	104	0.212884366396981	0.806454538634931
K14980	group	GERD	0.582554017570593	0.472603456303498	128	115	0.220001881732108	0.806454538634931
K14981	group	GERD	0.57821439965384	0.472843923305026	128	115	0.223670887363994	0.806454538634931
K14998	group	GERD	0.537645352883487	0.446940055870943	128	123	0.231252212421476	0.806454538634931
K15256	group	GERD	0.296133515553452	0.227699548806394	128	128	0.195787913135552	0.806454538634931
K15396	group	GERD	0.486042826878943	0.381762582215798	128	124	0.205307098162404	0.806454538634931
K15468	group	GERD	0.658823753014124	0.52820445867964	128	66	0.214604816939599	0.806454538634931
K15524	group	GERD	-0.613302087508348	0.466340417162288	128	121	0.190851842171245	0.806454538634931
K15546	group	GERD	0.630788249883759	0.503915340824908	128	97	0.21297097382689	0.806454538634931
K15550	group	GERD	0.627258155138639	0.495147864688761	128	86	0.207559983847259	0.806454538634931
K15552	group	GERD	0.669396697535559	0.503135196375699	128	120	0.185772663976879	0.806454538634931
K15584	group	GERD	-0.318084967642842	0.245362465815903	128	128	0.197211173565525	0.806454538634931
K15585	group	GERD	-0.317997224066999	0.245350432427598	128	128	0.197312137130321	0.806454538634931
K15586	group	GERD	-0.290712309209422	0.236486710452427	128	128	0.221251321913718	0.806454538634931
K15587	group	GERD	-0.317997224066999	0.245350432427598	128	128	0.197312137130321	0.806454538634931
K15780	group	GERD	-0.319204542759923	0.259035678641353	128	128	0.22013896296757	0.806454538634931
K16043	group	GERD	-0.231970934972158	0.172366200834232	128	18	0.180782690728886	0.806454538634931
K16135	group	GERD	0.509098567486512	0.392370789911802	128	59	0.19683192826773	0.806454538634931
K16146	group	GERD	0.503156301487261	0.402444045291853	128	122	0.213524651253216	0.806454538634931
K16234	group	GERD	0.408507334153862	0.327316171537597	128	128	0.214326616006976	0.806454538634931
K16328	group	GERD	-0.430822920661476	0.319904347857064	128	127	0.180486477873469	0.806454538634931
K16514	group	GERD	0.450974956915735	0.34440791345627503	128	29	0.192774492675149	0.806454538634931
K16647	group	GERD	0.674364024170698	0.524468170729931	128	104	0.200868996658621	0.806454538634931
K16648	group	GERD	0.679393465256681	0.523944696844729	128	104	0.197107784906567	0.806454538634931
K16651	group	GERD	0.175418413602076	0.133643063704391	128	128	0.191707348528469	0.806454538634931
K16653	group	GERD	0.667032592409568	0.525323658364239	128	104	0.206511810244249	0.806454538634931
K17224	group	GERD	0.675237601502613	0.500527183748985	128	79	0.179739388225484	0.806454538634931
K17226	group	GERD	0.767708719160187	0.56386071543933	128	113	0.175778470720364	0.806454538634931
K17228	group	GERD	0.615207962416869	0.478615613097305	128	85	0.201013430321751	0.806454538634931
K17318	group	GERD	-0.145357485867535	0.10772592792397	128	128	0.179651623447576	0.806454538634931
K17320	group	GERD	-0.133821207766792	0.110036192242873	128	128	0.226198834122415	0.806454538634931
K17489	group	GERD	0.516779872018119	0.401308837657006	128	115	0.200197967334386	0.806454538634931
K17716	group	GERD	-0.595546833442471	0.454442632139044	128	122	0.1924107105656	0.806454538634931
K17734	group	GERD	-0.647136756833267	0.486074938104737	128	121	0.185477025671816	0.806454538634931
K17836	group	GERD	0.175742875025484	0.139997996777017	128	128	0.211684210910247	0.806454538634931
K17898	group	GERD	-0.695989776382396	0.535747539511659	128	95	0.196281698168997	0.806454538634931
K17899	group	GERD	-0.695989776382396	0.535747539511659	128	95	0.196281698168997	0.806454538634931
K17950	group	GERD	-0.605381428049291	0.443083838419488	128	51	0.174281092061814	0.806454538634931
K18028	group	GERD	0.742980212265094	0.549180559993917	128	94	0.178513776102387	0.806454538634931
K18096	group	GERD	0.654270678721159	0.518928539383811	128	70	0.209706692855443	0.806454538634931
K18098	group	GERD	0.678658022592839	0.520688873924124	128	69	0.194819986015102	0.806454538634931
K18104	group	GERD	0.848616330821173	0.704922616898548	128	88	0.230906920268028	0.806454538634931
K18149	group	GERD	-0.317346275599329	0.258064594312506	128	128	0.221094548429176	0.806454538634931
K18231	group	GERD	-0.283470806835255	0.209584191003778	128	128	0.178625245775964	0.806454538634931
K18306	group	GERD	0.598083569051219	0.475678612114209	128	90	0.21096076370232	0.806454538634931
K18307	group	GERD	0.598721994551244	0.475764456760846	128	90	0.210558780971416	0.806454538634931
K18364	group	GERD	0.569290955511268	0.459296678678608	128	61	0.217469925291098	0.806454538634931
K18365	group	GERD	0.569290955511268	0.459296678678608	128	61	0.217469925291098	0.806454538634931
K18366	group	GERD	0.569290955511268	0.459296678678608	128	61	0.217469925291098	0.806454538634931
K18900	group	GERD	0.743442411899752	0.545333557154251	128	100	0.175225292746971	0.806454538634931
K18981	group	GERD	0.631209915857901	0.501938481275294	128	102	0.210882356582047	0.806454538634931
K18989	group	GERD	0.618500841273369	0.493068259937325	128	113	0.212021589526337	0.806454538634931
K18990	group	GERD	0.618500841273369	0.493068259937325	128	113	0.212021589526337	0.806454538634931
K19075	group	GERD	-0.625195978387331	0.492944331832416	128	117	0.20703306626962	0.806454538634931
K19131	group	GERD	0.43365985125041	0.331522240834758	128	128	0.193225260462009	0.806454538634931
K19132	group	GERD	0.43365985125041	0.331522240834758	128	128	0.193225260462009	0.806454538634931
K19133	group	GERD	0.43365985125041	0.331522240834758	128	128	0.193225260462009	0.806454538634931
K19167	group	GERD	-0.597292270388272	0.466787223323739	128	121	0.203043550046577	0.806454538634931
K19244	group	GERD	0.93897606615729	0.70845487152198094	128	55	0.187441417810967	0.806454538634931
K19294	group	GERD	-0.401332406694376	0.307693969449419	128	128	0.194500942470285	0.806454538634931
K19295	group	GERD	0.650101231219802	0.478055079483983	128	65	0.176293803331961	0.806454538634931
K19309	group	GERD	-0.639328078329141	0.505003704561551	128	117	0.207853482693535	0.806454538634931
K19310	group	GERD	-0.652653353628247	0.489465929405476	128	117	0.184806541586128	0.806454538634931
K19336	group	GERD	0.505798685750736	0.375581272459068	128	28	0.180491350766789	0.806454538634931
K19422	group	GERD	-0.738977401180388	0.594152646986266	128	117	0.215900555622275	0.806454538634931
K19736	group	GERD	0.475556846682997	0.376009529793251	128	37	0.208296380003093	0.806454538634931
K03416	group	GERD	0.575473658858466	0.480789709464783	128	100	0.233579353838957	0.80663831140731
K07707	group	GERD	0.182162877836532	0.152178191161818	128	128	0.233539560072331	0.80663831140731
K15864	group	GERD	0.365837253587453	0.305739642129542	128	38	0.233722922628119	0.80663831140731
K17319	group	GERD	-0.132401589294192	0.110564204805918	128	128	0.233356330708182	0.80663831140731
K17490	group	GERD	0.575473658858466	0.480789709464783	128	100	0.233579353838957	0.80663831140731
K10564	group	GERD	0.561934810392625	0.469824290268314	128	108	0.233921755973176	0.80680368221458
K14170	group	GERD	-0.146624143991782	0.122708769480131	128	128	0.23437220335498	0.807315592226626
K18240	group	GERD	0.61317645549642	0.513029014106318	128	88	0.234250459438784	0.807315592226626
K13013	group	GERD	0.622243044188648	0.52123307483334	128	73	0.234802712604834	0.808277721561778
K09985	group	GERD	0.562716474654353	0.471991412554425	128	115	0.235416456389428	0.80839439945445
K09987	group	GERD	0.562716474654353	0.471991412554425	128	115	0.235416456389428	0.80839439945445
K10771	group	GERD	-0.604698447271108	0.50723200107456	128	123	0.235441466507777	0.80839439945445
K11357	group	GERD	0.64306651730657	0.539039569739485	128	112	0.235116572086985	0.80839439945445
K07687	group	GERD	0.686195569423821	0.576187650128638	128	101	0.235922205902055	0.809525104462378
K00410	group	GERD	0.620072431228603	0.522070206408992	128	72	0.237178472662605	0.81015828661202
K01263	group	GERD	0.738048689774963	0.620872616856865	128	99	0.236782274566774	0.81015828661202
K01617	group	GERD	0.648758391730648	0.545190538184172	128	93	0.236296955251273	0.81015828661202
K01951	group	GERD	0.0229423236673784	0.0193326363703854	128	128	0.237572872570451	0.81015828661202
K02082	group	GERD	-0.110431000416155	0.0930386111030079	128	128	0.23748535676415	0.81015828661202
K02396	group	GERD	0.180264687581564	0.151819801772987	128	128	0.237319456771953	0.81015828661202
K13522	group	GERD	0.485122659618902	0.408410182526977	128	97	0.237133921428852	0.81015828661202
K15553	group	GERD	0.264962576401514	0.223060616584112	128	128	0.237126790374781	0.81015828661202
K17828	group	GERD	-0.0517845291313973	0.0436414942522158	128	128	0.237622183577936	0.81015828661202
K18691	group	GERD	-0.46792895901818	0.393931276430801	128	127	0.237129130853012	0.81015828661202
K01233	group	GERD	-0.43130109013049	0.364103521940177	128	43	0.238422554745018	0.811344570513008
K01637	group	GERD	0.37330064531716	0.315106844918826	128	128	0.238373933435096	0.811344570513008
K03660	group	GERD	-0.425789486586108	0.359452846688003	128	126	0.238425424668151	0.811344570513008
K09386	group	GERD	0.548210820557181	0.462989980557278	128	121	0.238615722099591	0.811475604544791
K01596	group	GERD	0.115856296112711	0.0980131132043376	128	128	0.239412264642402	0.811498902430599
K01704	group	GERD	0.0624896507344822	0.0528258937288559	128	128	0.239061780232735	0.811498902430599
K05593	group	GERD	0.128156383770469	0.108430819718666	128	128	0.239463861335048	0.811498902430599
K05774	group	GERD	0.614184154178298	0.519727477968879	128	117	0.239533346059761	0.811498902430599
K05836	group	GERD	0.576491081060466	0.487683632642711	128	122	0.239391868596314	0.811498902430599
K15599	group	GERD	-0.522179108278732	0.441624881472835	128	107	0.239271857171431	0.811498902430599
K00808	group	GERD	0.636029164733499	0.538549348415742	128	112	0.23982543188988	0.811973881496707
K01643	group	GERD	-0.347237352424806	0.294212394587132	128	127	0.240133362176334	0.81214064495693306
K18588	group	GERD	0.556861378475579	0.471871305589512	128	115	0.240178518458083	0.81214064495693306
K00362	group	GERD	0.368294333089591	0.312711415190992	128	128	0.241117970512222	0.812234826942872
K01646	group	GERD	-0.346875131430695	0.294204925188232	128	127	0.240609583360393	0.812234826942872
K02446	group	GERD	0.119848806677813	0.101712923737257	128	128	0.240895732555783	0.812234826942872
K03149	group	GERD	0.0870816179622573	0.0738804154858985	128	128	0.240745368582302	0.812234826942872
K03615	group	GERD	-0.393699873740674	0.333781539896268	128	128	0.240416016986984	0.812234826942872
K07794	group	GERD	0.315885801131915	0.2682003827234	128	128	0.241097056276292	0.812234826942872
K00033	group	GERD	0.0617290844014592	0.052434207138455	128	128	0.241307807949678	0.812362431548477
K03614	group	GERD	-0.396500286318811	0.336907853539305	128	128	0.241461663047627	0.812368817276661
K00643	group	GERD	0.553484846199755	0.470840426154113	128	115	0.242001085391015	0.812919752762999
K01483	group	GERD	0.564108879625418	0.481984967140569	128	116	0.244054209292776	0.812919752762999
K01561	group	GERD	0.628058532458345	0.53651989682843	128	113	0.243962578696472	0.812919752762999
K01563	group	GERD	0.662510180502076	0.565033515030515	128	86	0.243202461949287	0.812919752762999
K01822	group	GERD	0.495701056729614	0.422624740242015	128	52	0.243044268117863	0.812919752762999
K02530	group	GERD	-0.139323001733711	0.118738519081678	128	128	0.242864852124489	0.812919752762999
K04029	group	GERD	-0.287200102586249	0.245317598294085	128	128	0.243917655196927	0.812919752762999
K04031	group	GERD	-0.287936582692848	0.245444999441405	128	128	0.242960388044766	0.812919752762999
K06297	group	GERD	-0.597285014752862	0.510285317371159	128	106	0.244011977438955	0.812919752762999
K06298	group	GERD	-0.450728488485677	0.385238986518337	128	124	0.24421046070658	0.812919752762999
K06403	group	GERD	-0.468035545461772	0.399821109752349	128	122	0.243963842929619	0.812919752762999
K06404	group	GERD	-0.468035545461772	0.399821109752349	128	122	0.243963842929619	0.812919752762999
K06952	group	GERD	0.616393124535532	0.524623785584255	128	115	0.242240678613103	0.812919752762999
K07106	group	GERD	-0.140142375369879	0.119297921362209	128	128	0.242319637084503	0.812919752762999
K07290	group	GERD	0.536018113506899	0.458015098848304	128	118	0.244086364182126	0.812919752762999
K08323	group	GERD	0.639427337623213	0.544734833313945	128	106	0.242676193446046	0.812919752762999
K08998	group	GERD	-0.0187824749625765	0.0160295493424791	128	128	0.243512086885179	0.812919752762999
K01684	group	GERD	0.579325312051084	0.497123683334269	128	120	0.246076925243709	0.814567951921282
K05342	group	GERD	0.533157154929836	0.457426579958429	128	123	0.2459949412356	0.814567951921282
K05559	group	GERD	0.538440825592652	0.461531052429955	128	114	0.245558889451254	0.814567951921282
K06888	group	GERD	-0.21619733505022	0.185063051227282	128	128	0.244917244246721	0.814567951921282
K06978	group	GERD	0.225727880218553	0.193652257603283	128	128	0.245963797342736	0.814567951921282
K06983	group	GERD	0.596791766136223	0.511620292958504	128	89	0.245625924218809	0.814567951921282
K11216	group	GERD	-0.471293094925897	0.404289685066485	128	123	0.245925101415883	0.814567951921282
K13581	group	GERD	-0.322903723591099	0.276866762384792	128	128	0.245704679138109	0.814567951921282
K19686	group	GERD	0.627772792710136	0.537838633498289	128	112	0.245328123558371	0.814567951921282
K00705	group	GERD	-0.0704570479057923	0.0604875102822834	128	128	0.246292542852357	0.814777186936077
K03918	group	GERD	-0.419652292686211	0.360532477988568	128	123	0.246631781901222	0.814794996463903
K04751	group	GERD	0.0943938901646402	0.0811077808304906	128	128	0.2467008688867	0.814794996463903
K11707	group	GERD	-0.484257259558985	0.41614525109583	128	122	0.246755162602892	0.814794996463903
K09712	group	GERD	-0.621994034491509	0.534906710854927	128	124	0.247104799550987	0.815445838518258
K02771	group	GERD	-0.213322941814171	0.183679555011823	128	128	0.247680206239041	0.816096009432003
K03701	group	GERD	-0.0316471826162605	0.0272607861164142	128	128	0.247875231224648	0.816096009432003
K12294	group	GERD	-0.21328917587084	0.183688599675539	128	128	0.247777822323688	0.816096009432003
K18118	group	GERD	0.21867034061983	0.188376862180835	128	128	0.247912442820347	0.816096009432003
K01004	group	GERD	0.164128743978289	0.14156593931971	128	128	0.248493634722192	0.817003057333849
K03117	group	GERD	0.188738960572084	0.162776659583754	128	128	0.248446436988363	0.817003057333849
K00105	group	GERD	-0.261718001406893	0.226893755636704	128	128	0.250895734183375	0.819328496382789
K00122	group	GERD	0.609491005508171	0.5347560533673	128	73	0.256550327750988	0.819328496382789
K00153	group	GERD	0.347085527449787	0.309194334481484	128	128	0.263763952123724	0.819328496382789
K00166	group	GERD	0.442332094630426	0.395958545080117	128	126	0.266069865676086	0.819328496382789
K00180	group	GERD	-0.413072477973698	0.368298341912565	128	128	0.264178104400715	0.819328496382789
K00263	group	GERD	0.407115405170736	0.359216899962367	128	126	0.259222760059341	0.819328496382789
K00333	group	GERD	0.13055999487318	0.113406977437883	128	128	0.251808583116935	0.819328496382789
K00459	group	GERD	0.253755977288553	0.219535703076722	128	128	0.249919063872587	0.819328496382789
K00518	group	GERD	-0.508193912461969	0.44614704997209	128	73	0.256833803614371	0.819328496382789
K00865	group	GERD	-0.0402009480323112	0.0358488727180063	128	128	0.264250011420752	0.819328496382789
K01160	group	GERD	-0.418117924823348	0.370883856229144	128	15	0.261734520650455	0.819328496382789
K01247	group	GERD	0.252246612716645	0.218497854064338	128	128	0.250497294608232	0.819328496382789
K01425	group	GERD	0.241837832366168	0.215422418875917	128	128	0.263732916562834	0.819328496382789
K01567	group	GERD	-0.613759381986986	0.540792622715935	128	120	0.258560893466265	0.819328496382789
K01574	group	GERD	0.60635485278938	0.53431068894337	128	97	0.258598409149249	0.819328496382789
K01611	group	GERD	0.160417976954631	0.141797933644001	128	128	0.26007161981788	0.819328496382789
K01693	group	GERD	0.0842793187502522	0.0734589280889291	128	128	0.253432104202381	0.819328496382789
K01727	group	GERD	-0.272511224184567	0.243226100210889	128	128	0.26467312954677	0.819328496382789
K02121	group	GERD	-0.20368790227003	0.178103928759653	128	128	0.254938487216141	0.819328496382789
K02334	group	GERD	0.0754502468446225	0.0673823975645594	128	128	0.264957776630051	0.819328496382789
K02348	group	GERD	-0.104784117887164	0.0935405388897291	128	128	0.264759198019927	0.819328496382789
K02363	group	GERD	0.35017318128439	0.306855282110507	128	128	0.255964609698324	0.819328496382789
K02390	group	GERD	0.176596976627518	0.153020896101716	128	128	0.250655352191844	0.819328496382789
K02406	group	GERD	0.179011708696346	0.160260274181835	128	128	0.266117163397211	0.819328496382789
K02417	group	GERD	0.169971937732258	0.150440813248084	128	128	0.260695814352369	0.819328496382789
K02441	group	GERD	-0.188078863878115	0.168411494270226	128	128	0.266212794279256	0.819328496382789
K02480	group	GERD	0.50199065942005	0.447317026188085	128	93	0.263900471519487	0.819328496382789
K02488	group	GERD	0.565643048252962	0.501952704531823	128	119	0.261932565679157	0.819328496382789
K02500	group	GERD	0.0517575455059354	0.046124419811071	128	128	0.263941451018957	0.819328496382789
K02556	group	GERD	0.173092395407247	0.152459463317874	128	128	0.258390489938931	0.819328496382789
K02744	group	GERD	-0.105537183753957	0.0935919984855679	128	128	0.261618760936986	0.819328496382789
K02759	group	GERD	-0.0989519112800635	0.0865004435753526	128	128	0.254814285887146	0.819328496382789
K02909	group	GERD	-0.0154150515147969	0.0136001016478095	128	128	0.25917687082477	0.819328496382789
K02913	group	GERD	-0.0278461872534075	0.024318389882184	128	128	0.254351739999014	0.819328496382789
K02948	group	GERD	-0.017277118910835	0.0151375598975417	128	128	0.255892544246231	0.819328496382789
K03298	group	GERD	-0.517237373673687	0.460963106693271	128	83	0.263962270362016	0.819328496382789
K03325	group	GERD	0.280601635400712	0.242693640015797	128	128	0.249788163196385	0.819328496382789
K03483	group	GERD	-0.23797395142091	0.207244313646997	128	128	0.253029439628273	0.819328496382789
K03519	group	GERD	0.479055115648434	0.425759077117284	128	127	0.262652014427936	0.819328496382789
K03567	group	GERD	0.578810212933545	0.501793968661752	128	97	0.250896062928395	0.819328496382789
K03597	group	GERD	0.463066127898751	0.404171836113281	128	127	0.25408406608927	0.819328496382789
K03629	group	GERD	-0.0209395980214714	0.0182176055155535	128	128	0.252561810675576	0.819328496382789
K03818	group	GERD	0.483400359609179	0.431882924685975	128	57	0.265147486144812	0.819328496382789
K03975	group	GERD	0.116123625738818	0.103259298611215	128	128	0.262903691137314	0.819328496382789
K03980	group	GERD	0.112958009381756	0.0997851123488544	128	128	0.259778868114451	0.819328496382789
K04018	group	GERD	0.240013188570467	0.209992262346155	128	14	0.25522141579994	0.819328496382789
K04100	group	GERD	-0.447110648610136	0.39199626523378	128	32	0.25620009041937303	0.819328496382789
K04105	group	GERD	0.591431519037919	0.526270580804076	128	69	0.263227476983806	0.819328496382789
K04756	group	GERD	0.341004988563034	0.29838217929196	128	128	0.255269275650184	0.819328496382789
K05845	group	GERD	0.0988230545054647	0.086909300565778	128	128	0.257661566548603	0.819328496382789
K06162	group	GERD	0.52366661983586	0.46370943925877	128	123	0.260917115947636	0.819328496382789
K06860	group	GERD	0.118529658719286	0.105937955296393	128	128	0.265328693082921	0.819328496382789
K07058	group	GERD	-0.0361922803162277	0.0318205751995947	128	128	0.257535205182613	0.819328496382789
K07127	group	GERD	0.444258308726012	0.386982160832341	128	126	0.253140524203189	0.819328496382789
K07165	group	GERD	0.662736318646108	0.591466001919704	128	114	0.264632882719311	0.819328496382789
K07228	group	GERD	0.445973693308308	0.390822407136866	128	35	0.255985838929009	0.819328496382789
K07651	group	GERD	-0.487990677802207	0.436690686615056	128	107	0.26591775186136	0.819328496382789
K07716	group	GERD	0.587246228209145	0.521051636406506	128	115	0.261867186402148	0.819328496382789
K08086	group	GERD	0.567933152465059	0.50853760332509	128	123	0.266206346479745	0.819328496382789
K08138	group	GERD	-0.538945785027375	0.480914488502518	128	127	0.264560382605249	0.819328496382789
K08217	group	GERD	-0.361457059273324	0.319811407034311	128	127	0.260530665731117	0.819328496382789
K08223	group	GERD	0.149466571160829	0.132622983415811	128	128	0.26188269968825	0.819328496382789
K08253	group	GERD	0.605385058589028	0.525637824167864	128	68	0.251618799974574	0.819328496382789
K08321	group	GERD	-0.448557734655385	0.396040826252792	128	122	0.259530955666499	0.819328496382789
K08970	group	GERD	0.436999163723145	0.385543006037651	128	44	0.259171468371056	0.819328496382789
K09699	group	GERD	0.453634325208487	0.400059291765993	128	125	0.258981847910719	0.819328496382789
K09973	group	GERD	0.476327454938205	0.414445760593628	128	128	0.252604338381272	0.819328496382789
K10126	group	GERD	0.537639533529971	0.467883289764501	128	118	0.252695901578455	0.819328496382789
K10555	group	GERD	-0.448149258810703	0.39612373843392	128	122	0.260062142099149	0.819328496382789
K10556	group	GERD	-0.44861943429075	0.396222551113693	128	122	0.259683225866399	0.819328496382789
K10557	group	GERD	-0.448149258810703	0.39612373843392	128	122	0.260062142099149	0.819328496382789
K10558	group	GERD	-0.448149258810703	0.39612373843392	128	122	0.260062142099149	0.819328496382789
K10938	group	GERD	0.462990892429107	0.403755369558214	128	35	0.253673832077131	0.819328496382789
K11203	group	GERD	-0.36111714340497	0.319050673477794	128	127	0.259847468826106	0.819328496382789
K11443	group	GERD	0.587249951128642	0.521267956552442	128	115	0.262061213076234	0.819328496382789
K11530	group	GERD	-0.223143896166085	0.197726651560094	128	13	0.261233014035681	0.819328496382789
K11602	group	GERD	0.231777792877494	0.202211926617332	128	128	0.253879474977919	0.819328496382789
K11740	group	GERD	0.50820567751322	0.454524558577653	128	69	0.265649882483772	0.819328496382789
K11811	group	GERD	0.555843945888314	0.481843397955093	128	122	0.250856749235989	0.819328496382789
K12410	group	GERD	-0.0531685573219546	0.0467225499115076	128	128	0.25729492368936	0.819328496382789
K12509	group	GERD	-0.223143896166085	0.197726651560094	128	13	0.261233014035681	0.819328496382789
K12512	group	GERD	-0.223143896166085	0.197726651560094	128	13	0.261233014035681	0.819328496382789
K12513	group	GERD	-0.223143896166085	0.197726651560094	128	13	0.261233014035681	0.819328496382789
K12514	group	GERD	-0.223143896166085	0.197726651560094	128	13	0.261233014035681	0.819328496382789
K12515	group	GERD	-0.223143896166085	0.197726651560094	128	13	0.261233014035681	0.819328496382789
K12957	group	GERD	0.195471132775929	0.169936126629347	128	14	0.252214247134635	0.819328496382789
K13019	group	GERD	-0.567579590025763	0.495727344070652	128	121	0.254402906655475	0.819328496382789
K13503	group	GERD	0.608432188776229	0.530981795523745	128	114	0.254023603437717	0.819328496382789
K13574	group	GERD	0.641418858341689	0.560088402788782	128	89	0.254292747604945	0.819328496382789
K13580	group	GERD	0.481958381858152	0.42464695510806	128	118	0.258545470877619	0.819328496382789
K13598	group	GERD	0.564934197667314	0.502311650620419	128	119	0.262867386745709	0.819328496382789
K13694	group	GERD	-0.273122859641545	0.244148157679518	128	128	0.265406276067945	0.819328496382789
K13772	group	GERD	0.541930692263273	0.471776642462111	128	107	0.252854962558038	0.819328496382789
K13786	group	GERD	0.536536458983008	0.471150566385711	128	107	0.256955760844153	0.819328496382789
K14335	group	GERD	0.595872976284062	0.523669884593535	128	93	0.257330076295028	0.819328496382789
K14623	group	GERD	-0.512359358016978	0.449378673918174	128	121	0.256386227965381	0.819328496382789
K16188	group	GERD	-0.413701755520432	0.359989726512835	128	49	0.25264852166485	0.819328496382789
K16710	group	GERD	0.623307920537934	0.551819486436009	128	48	0.260811531195948	0.819328496382789
K16784	group	GERD	0.322977394317331	0.282300051692208	128	128	0.254754084894255	0.819328496382789
K16960	group	GERD	-0.138261980601375	0.120681683399507	128	128	0.254100984926241	0.819328496382789
K17662	group	GERD	0.586231945639445	0.521541898336209	128	115	0.263134609908906	0.819328496382789
K17733	group	GERD	0.406601842809976	0.36243308358123	128	128	0.264052242677746	0.819328496382789
K17829	group	GERD	-0.510406231962897	0.446502774530873	128	73	0.255156108688743	0.819328496382789
K17883	group	GERD	0.345582907793525	0.306350448865755	128	128	0.261436319292458	0.819328496382789
K18286	group	GERD	-0.541971076357082	0.4740110008713	128	73	0.255051737574232	0.819328496382789
K18384	group	GERD	-0.499647922183039	0.437827822127993	128	121	0.255952137276704	0.819328496382789
K18530	group	GERD	-0.67535546923082	0.594938151956398	128	88	0.258459209755977	0.819328496382789
K18850	group	GERD	0.456381975243137	0.404153027569375	128	127	0.260945854558456	0.819328496382789
K19000	group	GERD	0.265200805394135	0.229981287776429	128	18	0.251035456960799	0.819328496382789
K19427	group	GERD	-0.442944811691553	0.396079204143909	128	29	0.265556331374134	0.819328496382789
K19687	group	GERD	0.531542637041298	0.471014882778724	128	107	0.261250848574343	0.819328496382789
K00842	group	GERD	-0.350140476758561	0.31375860250376	128	127	0.266565137601726	0.819940866293915
K00077	group	GERD	-0.0488664400365051	0.0439420677561062	128	128	0.268227484199667	0.820644182496579
K00146	group	GERD	0.51639458435293	0.470565232409378	128	64	0.274562786474595	0.820644182496579
K00167	group	GERD	0.440153520099714	0.396195923102464	128	126	0.268705719113569	0.820644182496579
K00179	group	GERD	-0.407859144007889	0.369378055701986	128	128	0.271620106356075	0.820644182496579
K00194	group	GERD	0.330890908043554	0.300608256402906	128	26	0.273109159576831	0.820644182496579
K00363	group	GERD	0.351398822710177	0.316144203517046	128	128	0.268463424451212	0.820644182496579
K00662	group	GERD	-0.380267778599284	0.346278638896744	128	127	0.274230677593547	0.820644182496579
K00758	group	GERD	0.147037389296965	0.133109970149754	128	128	0.271424504149942	0.820644182496579
K01060	group	GERD	-0.174623224717731	0.156725058901024	128	128	0.267313795295656	0.820644182496579
K01082	group	GERD	0.247526644649556	0.222388984237162	128	128	0.267812474853225	0.820644182496579
K01133	group	GERD	0.534865183937323	0.485489381312199	128	115	0.272690791908498	0.820644182496579
K01251	group	GERD	0.0974338899826933	0.0883543239064293	128	128	0.272231875530501	0.820644182496579
K01465	group	GERD	-0.00767586248424265	0.00691432649826309	128	128	0.269053331507944	0.820644182496579
K01469	group	GERD	0.497617593588086	0.447281418115494	128	117	0.268024988073551	0.820644182496579
K01476	group	GERD	0.430751799421297	0.390862274864584	128	128	0.272538317196458	0.820644182496579
K01505	group	GERD	0.363535939065391	0.331372084931716	128	128	0.27470622214155	0.820644182496579
K01619	group	GERD	-0.0289561418739946	0.0259764430511865	128	128	0.267097370613535	0.820644182496579
K01638	group	GERD	0.334040824656922	0.304530120679904	128	128	0.274774569708103	0.820644182496579
K01644	group	GERD	0.159610395012251	0.143420089272603	128	128	0.267875520072315	0.820644182496579
K01841	group	GERD	0.556737375297197	0.501517482355986	128	108	0.269067595189762	0.820644182496579
K01938	group	GERD	-0.0181389667470513	0.0164819721864527	128	128	0.27319771062193	0.820644182496579
K02351	group	GERD	0.562126511905399	0.51090160606518	128	96	0.273314851011168	0.820644182496579
K02387	group	GERD	0.166495087354846	0.151890943703349	128	128	0.275104297457299	0.820644182496579
K02431	group	GERD	0.199792654900459	0.180253937938839	128	128	0.269802283276202	0.820644182496579
K02525	group	GERD	0.759977573572082	0.693634336512081	128	107	0.275323610041997	0.820644182496579
K02584	group	GERD	-0.330685587439187	0.30040931837858	128	124	0.27308944352288	0.820644182496579
K03154	group	GERD	0.0845513875330917	0.0767409647770861	128	128	0.272659043191016	0.820644182496579
K03727	group	GERD	0.115252711858815	0.105217101510169	128	128	0.275439544015288	0.820644182496579
K03744	group	GERD	-0.0256660393036886	0.0233708626247813	128	128	0.274208369054557	0.820644182496579
K03810	group	GERD	-0.224604438964115	0.204469068148396	128	128	0.274091141470639	0.820644182496579
K03889	group	GERD	0.559641983258064	0.506007431068827	128	119	0.270835670961879	0.820644182496579
K03890	group	GERD	0.559641983258064	0.506007431068827	128	119	0.270835670961879	0.820644182496579
K03891	group	GERD	0.556619137019774	0.506223648877222	128	119	0.273623866736466	0.820644182496579
K03892	group	GERD	0.0638963553692894	0.0581046709826195	128	128	0.273569626829911	0.820644182496579
K03932	group	GERD	0.639367318943779	0.580390289089917	128	112	0.272728483257627	0.820644182496579
K06176	group	GERD	0.19828580080921	0.179122277105595	128	128	0.270408998632497	0.820644182496579
K07079	group	GERD	-0.419566919414881	0.379289812634723	128	126	0.270751488699373	0.820644182496579
K07239	group	GERD	0.225249527912981	0.20518672849485	128	18	0.274394759789792	0.820644182496579
K07241	group	GERD	0.739493964559166	0.66489118013182	128	90	0.268168430566967	0.820644182496579
K07243	group	GERD	0.0804952575224699	0.0730335446484179	128	128	0.272489341422816	0.820644182496579
K07283	group	GERD	0.563976073615224	0.511299892889776	128	90	0.272118991445363	0.820644182496579
K07516	group	GERD	0.289336235176429	0.261242685157518	128	128	0.270171147634126	0.820644182496579
K08981	group	GERD	0.111222264057886	0.10024137288257	128	128	0.269308506032558	0.820644182496579
K09769	group	GERD	-0.124685225220073	0.11385308063321	128	128	0.275543641522888	0.820644182496579
K09773	group	GERD	0.0625791378999958	0.0564347858708457	128	128	0.269596033903253	0.820644182496579
K09921	group	GERD	0.446027673884849	0.401608986987383	128	128	0.268854678637036	0.820644182496579
K09963	group	GERD	-0.151198058316933	0.136458388566063	128	128	0.269965574957045	0.820644182496579
K11184	group	GERD	-0.457811598498389	0.412684305445314	128	124	0.269391773121672	0.820644182496579
K13288	group	GERD	0.116851666345433	0.106092678630785	128	128	0.272817282311857	0.820644182496579
K13481	group	GERD	0.51295192235445	0.467529644468331	128	121	0.274666540983498	0.820644182496579
K15022	group	GERD	-0.374932430092655	0.337118185362011	128	35	0.268182945101789	0.820644182496579
K15760	group	GERD	0.303079514727055	0.27638796266585	128	30	0.274919582956597	0.820644182496579
K15761	group	GERD	0.303079514727055	0.27638796266585	128	30	0.274919582956597	0.820644182496579
K15763	group	GERD	0.303079514727055	0.27638796266585	128	30	0.274919582956597	0.820644182496579
K15764	group	GERD	0.303079514727055	0.27638796266585	128	30	0.274919582956597	0.820644182496579
K18320	group	GERD	0.459565561420553	0.416830227383255	128	22	0.272335116600859	0.820644182496579
K18983	group	GERD	0.580568864220823	0.529893665407346	128	68	0.275329308946563	0.820644182496579
K00285	group	GERD	0.343037349726068	0.313509513372675	128	128	0.275961262651072	0.820981652266548
K07172	group	GERD	-0.669124843735522	0.611644072680276	128	119	0.276051834603025	0.820981652266548
K09681	group	GERD	0.326738774688694	0.298711611559148	128	21	0.276117660077675	0.820981652266548
K00013	group	GERD	0.0516368358575735	0.0473271018226432	128	128	0.277327301689479	0.821294924583162
K00301	group	GERD	0.522382890137605	0.477925585901217	128	109	0.276469759824427	0.821294924583162
K00368	group	GERD	0.167266957633267	0.153315978366435	128	128	0.277357001229088	0.821294924583162
K01730	group	GERD	-0.17911219267516	0.164786989956416	128	16	0.279141952481782	0.821294924583162
K01761	group	GERD	0.338105724479553	0.309496625874649	128	128	0.276725199642483	0.821294924583162
K02389	group	GERD	0.187255171811721	0.171470261695404	128	128	0.276892083114966	0.821294924583162
K03407	group	GERD	0.166806208113792	0.153018289423903	128	128	0.277746677150529	0.821294924583162
K03432	group	GERD	0.57235360119339	0.523856760281283	128	112	0.276664367268099	0.821294924583162
K03433	group	GERD	0.571267964012072	0.524127537994438	128	112	0.277819334629537	0.821294924583162
K05794	group	GERD	0.108143153160042	0.0993207351101401	128	128	0.278308122530215	0.821294924583162
K06118	group	GERD	0.642301956929543	0.589915948788209	128	58	0.278319132702437	0.821294924583162
K07140	group	GERD	0.55198858335254	0.506773533409732	128	119	0.278135118773698	0.821294924583162
K07503	group	GERD	0.11483998688688	0.105249581035908	128	128	0.277301925621357	0.821294924583162
K09137	group	GERD	-0.855342388733496	0.785675546966698	128	95	0.278376795897677	0.821294924583162
K09796	group	GERD	0.332375230358618	0.305459846593877	128	128	0.278621607821883	0.821294924583162
K09939	group	GERD	0.656283853551612	0.603230873963172	128	113	0.278694717204569	0.821294924583162
K11066	group	GERD	-0.386070465705863	0.354316227548127	128	128	0.277959594229716	0.821294924583162
K11922	group	GERD	-0.17911219267516	0.164786989956416	128	16	0.279141952481782	0.821294924583162
K18237	group	GERD	-0.17911219267516	0.164786989956416	128	16	0.279141952481782	0.821294924583162
K00596	group	GERD	0.442373301462504	0.408273489993642	128	40	0.280645849782969	0.822845931657535
K03148	group	GERD	-0.409066933825115	0.377186224258722	128	125	0.280203990522405	0.822845931657535
K03404	group	GERD	0.195224941894432	0.180130804659841	128	128	0.280525037850428	0.822845931657535
K09775	group	GERD	-0.402377505053578	0.371372209616387	128	127	0.280660661484223	0.822845931657535
K13979	group	GERD	0.203084494671522	0.187289532854061	128	128	0.28028698538206	0.822845931657535
K16147	group	GERD	0.146339437534403	0.13501827452495	128	128	0.280501319899179	0.822845931657535
K17735	group	GERD	0.551744069047013	0.509320636512626	128	109	0.280746535604816	0.822845931657535
K15600	group	GERD	-0.478190892277044	0.441674036671638	128	107	0.281018834028047	0.823192705048734
K13950	group	GERD	0.32556790295095	0.300804372404854	128	128	0.28117540021489	0.823200268099015
K00048	group	GERD	-0.401757648263208	0.371886448803019	128	123	0.282061684731157	0.823621576224341
K01447	group	GERD	0.315453416297265	0.29224690802741	128	128	0.282468161583797	0.823621576224341
K04023	group	GERD	-0.312034862022379	0.288768624887509	128	128	0.281952142774602	0.823621576224341
K06412	group	GERD	-0.331294747043756	0.306555063099458	128	128	0.281893748807763	0.823621576224341
K07646	group	GERD	0.240692422315237	0.22309640869632	128	128	0.282705872123394	0.823621576224341
K07670	group	GERD	0.113805221569369	0.105386646027597	128	128	0.282257138661327	0.823621576224341
K09009	group	GERD	0.113550035173974	0.105064616059643	128	128	0.281866463311884	0.823621576224341
K12503	group	GERD	0.113871953873964	0.105512495732865	128	128	0.282548068499328	0.823621576224341
K15862	group	GERD	-0.315608722684381	0.292468842132142	128	128	0.282596041384841	0.823621576224341
K09991	group	GERD	0.561548720093523	0.521374338823644	128	115	0.283513618113938	0.824275999772708
K16050	group	GERD	0.509559220806804	0.473092506622612	128	38	0.283501693169041	0.824275999772708
K18661	group	GERD	0.510989258647086	0.474406272974905	128	109	0.2834876202047	0.824275999772708
K18800	group	GERD	0.594617013254024	0.552115591286842	128	105	0.28354724346839	0.824275999772708
K03778	group	GERD	-0.119700225882435	0.111244555799315	128	128	0.283978896245111	0.82463399202953
K07442	group	GERD	0.112912878222845	0.104924726529828	128	128	0.283924341626494	0.82463399202953
K04076	group	GERD	-0.559011665834309	0.520182845223908	128	96	0.284587502635381	0.825575513430786
K09940	group	GERD	0.312343325767805	0.290662873048124	128	128	0.284611984895798	0.825575513430786
K11903	group	GERD	0.527300022614148	0.491042076594431	128	125	0.28494714587238	0.825833722989823
K16923	group	GERD	0.12923524962538	0.120364604202276	128	128	0.285009954903895	0.825833722989823
K00765	group	GERD	0.0509246338030039	0.0474872932891721	128	128	0.28559704711903	0.826662455700411
K02058	group	GERD	0.140488810537572	0.131010350104575	128	128	0.285612916139568	0.826662455700411
K07654	group	GERD	0.113140816995139	0.105539794925262	128	128	0.285759861229772	0.826662455700411
K02452	group	GERD	0.472458654943731	0.440933937559974	128	110	0.285994854570205	0.826894803965559
K02019	group	GERD	0.221658532988855	0.207048279458703	128	128	0.28641175074225	0.827205413002739
K11689	group	GERD	0.191270026972276	0.178616686034154	128	128	0.286287972120145	0.827205413002739
K03151	group	GERD	-0.0763090242932404	0.0713910939371045	128	128	0.287164005674517	0.828930223723525
K05875	group	GERD	0.507040568650847	0.474627639639732	128	104	0.287431580256404	0.829254845143407
K00243	group	GERD	-0.0389409233023174	0.03649989414377	128	128	0.288067004474264	0.829401888805798
K01266	group	GERD	0.538075201010432	0.504160838440394	128	109	0.287891044693575	0.829401888805798
K06305	group	GERD	-0.439848270877298	0.41201352810143	128	73	0.287761154889986	0.829401888805798
K08295	group	GERD	0.498061730187183	0.466875644351064	128	121	0.288103125236133	0.829401888805798
K03793	group	GERD	0.509218921284564	0.477684463563649	128	104	0.288455163699738	0.82979580416193
K07035	group	GERD	-0.132014124922134	0.123903501632751	128	128	0.288705610875644	0.82979580416193
K08977	group	GERD	0.437958294608807	0.410963390639399	128	122	0.288603041480242	0.82979580416193
K12292	group	GERD	-0.257133921313723	0.241693892823189	128	128	0.289416527856607	0.831392132144773
K00567	group	GERD	-0.018916537383454	0.0179732227985395	128	128	0.294591572724548	0.832334301658735
K00712	group	GERD	0.151890248015111	0.144295990991504	128	128	0.294525222579357	0.832334301658735
K00981	group	GERD	-0.0138507136332645	0.0132042064738072	128	128	0.296203372990163	0.832334301658735
K01113	group	GERD	0.447726371579276	0.424469820464064	128	125	0.293539920213365	0.832334301658735
K01434	group	GERD	-0.226953258529704	0.215598156100817	128	128	0.294507783952648	0.832334301658735
K02068	group	GERD	0.427968133892902	0.406761476178297	128	128	0.29475104776815	0.832334301658735
K02099	group	GERD	-0.438854787097786	0.415807061440103	128	42	0.293248741747531	0.832334301658735
K02403	group	GERD	0.520963711733412	0.49493226196803	128	120	0.294540627580127	0.832334301658735
K02408	group	GERD	0.160056216091686	0.150653660141157	128	128	0.290080824904222	0.832334301658735
K02410	group	GERD	0.163312528761071	0.154400011706711	128	128	0.292205138706635	0.832334301658735
K02456	group	GERD	0.129189825481934	0.122884514932857	128	128	0.295127949803273	0.832334301658735
K02565	group	GERD	-0.430042382535212	0.410115032188004	128	127	0.29637420395622	0.832334301658735
K03274	group	GERD	0.120576666645739	0.114223747997158	128	128	0.293162552869383	0.832334301658735
K03282	group	GERD	-0.0135763919837788	0.0129115787141216	128	128	0.295046172491935	0.832334301658735
K03486	group	GERD	-0.0825056372516106	0.0781649047096938	128	128	0.293201334878226	0.832334301658735
K03732	group	GERD	0.358945564089478	0.34153547100896	128	127	0.295281143849845	0.832334301658735
K04077	group	GERD	-0.00732869315259505	0.00689796000566489	128	128	0.290066441406926	0.832334301658735
K05799	group	GERD	0.224109966069362	0.211475588769789	128	128	0.291288381076855	0.832334301658735
K06284	group	GERD	-0.336581562684635	0.320972084517588	128	128	0.296354838073894	0.832334301658735
K06714	group	GERD	-0.548829699863877	0.517619621904765	128	105	0.291038477644574	0.832334301658735
K06866	group	GERD	-0.546151220776752	0.518668413992845	128	114	0.294361975751283	0.832334301658735
K06969	group	GERD	-0.0589217666257303	0.0558643599756382	128	128	0.293567504938315	0.832334301658735
K07337	group	GERD	-0.488823226096315	0.462448739240444	128	45	0.29251927966258	0.832334301658735
K09015	group	GERD	-0.0320440889471865	0.0305151383822939	128	128	0.295679927884256	0.832334301658735
K09065	group	GERD	0.53609418211045	0.505035721821631	128	91	0.290494231934062	0.832334301658735
K09883	group	GERD	0.497993615909698	0.471961002681139	128	116	0.293371928803412	0.832334301658735
K10216	group	GERD	0.50805271726555	0.481023117728594	128	62	0.292901451801637	0.832334301658735
K11893	group	GERD	0.518714889245356	0.493129435804266	128	125	0.294865987442042	0.832334301658735
K11896	group	GERD	0.518113862370469	0.493085442795485	128	125	0.295380501038075	0.832334301658735
K11900	group	GERD	0.516840462793519	0.493007706010396	128	125	0.296488010486804	0.832334301658735
K11901	group	GERD	0.51924743855109	0.493010857188107	128	125	0.294257076592448	0.832334301658735
K13529	group	GERD	0.443870938453627	0.419051139772993	128	122	0.291522034781179	0.832334301658735
K13779	group	GERD	0.260660824918844	0.247402221262943	128	29	0.29408630243791	0.832334301658735
K13889	group	GERD	0.473817856350598	0.448653224346072	128	89	0.292948145691634	0.832334301658735
K14743	group	GERD	0.564938766878109	0.538602209263776	128	104	0.296232823571838	0.832334301658735
K15765	group	GERD	0.292209949509665	0.277661301218126	128	30	0.294631467255174	0.832334301658735
K16649	group	GERD	0.59115682904473	0.564022619869718	128	109	0.296594995259987	0.832334301658735
K16957	group	GERD	-0.132366864363712	0.124989918033853	128	128	0.291616485356584	0.832334301658735
K16958	group	GERD	-0.132039446769191	0.125081549976367	128	128	0.293158597281575	0.832334301658735
K16959	group	GERD	-0.132043570667749	0.125083286564935	128	128	0.293150260106078	0.832334301658735
K17222	group	GERD	0.601638038270336	0.56702249032077	128	82	0.290697705970672	0.832334301658735
K19081	group	GERD	-0.454808556958549	0.431794543386756	128	121	0.294219888887966	0.832334301658735
K19082	group	GERD	-0.454808556958549	0.431794543386756	128	121	0.294219888887966	0.832334301658735
K19191	group	GERD	0.536375164903431	0.511283836099396	128	109	0.296151601202158	0.832334301658735
K00373	group	GERD	0.17172383905577	0.163916818179271	128	128	0.29681550172853	0.832516092466277
K02757	group	GERD	0.107732482502707	0.102931699624996	128	128	0.297269079991409	0.83277725452779
K09472	group	GERD	0.529991537298904	0.506182264378018	128	70	0.297086904909813	0.83277725452779
K18996	group	GERD	0.572968479482471	0.547557447053175	128	112	0.297375940683418	0.83277725452779
K02535	group	GERD	0.107959507521257	0.103282175846726	128	128	0.297891570886604	0.833314911893268
K13041	group	GERD	0.152983523191419	0.146399344659251	128	16	0.29803556145528	0.833314911893268
K17229	group	GERD	0.152983523191419	0.146399344659251	128	16	0.29803556145528	0.833314911893268
K00066	group	GERD	0.234031111751936	0.225180990271568	128	20	0.30065444455003	0.833530276089635
K03653	group	GERD	-0.425719484256732	0.410516667734262	128	127	0.301706399691111	0.833530276089635
K04095	group	GERD	-0.0819535675732654	0.0788647237764859	128	128	0.300717385464052	0.833530276089635
K06213	group	GERD	-0.15074949279118	0.144753754808702	128	128	0.29967468135599	0.833530276089635
K07107	group	GERD	0.0774976695376385	0.0744285804342853	128	128	0.299760128779029	0.833530276089635
K07181	group	GERD	0.475026797933447	0.457227022222125	128	123	0.300826943294267	0.833530276089635
K09461	group	GERD	0.482892549733993	0.464137477556214	128	122	0.300142467461698	0.833530276089635
K11068	group	GERD	-0.0310248878413712	0.0298684407695626	128	128	0.300925083513432	0.833530276089635
K11907	group	GERD	0.511870901183823	0.491688751304045	128	125	0.299847376502202	0.833530276089635
K14475	group	GERD	0.193408639511485	0.185678946507964	128	14	0.29957807721302	0.833530276089635
K14591	group	GERD	0.338745270147308	0.324949863577645	128	46	0.299197288907298	0.833530276089635
K15540	group	GERD	0.56140408049786	0.541522520229539	128	97	0.301854585579785	0.833530276089635
K15910	group	GERD	0.45691784159445	0.440710966704074	128	95	0.301826634815672	0.833530276089635
K15912	group	GERD	0.45691784159445	0.440710966704074	128	95	0.301826634815672	0.833530276089635
K15913	group	GERD	0.457160969996933	0.440653419178291	128	95	0.301507697861236	0.833530276089635
K15914	group	GERD	0.457160969996933	0.440653419178291	128	95	0.301507697861236	0.833530276089635
K15915	group	GERD	0.457160969996933	0.440653419178291	128	95	0.301507697861236	0.833530276089635
K16293	group	GERD	0.457160969996933	0.440653419178291	128	95	0.301507697861236	0.833530276089635
K16294	group	GERD	0.457160969996933	0.440653419178291	128	95	0.301507697861236	0.833530276089635
K17223	group	GERD	0.597201325049757	0.572222726995472	128	79	0.298644692166269	0.833530276089635
K17248	group	GERD	0.457482619230454	0.440545450524734	128	95	0.301051196430638	0.833530276089635
K17249	group	GERD	0.457160969996937	0.440653419178291	128	95	0.301507697861232	0.833530276089635
K18828	group	GERD	-0.48736591909661803	0.467844720585696	128	126	0.299533516244008	0.833530276089635
K18992	group	GERD	0.457482619230454	0.440545450524734	128	95	0.301051196430638	0.833530276089635
K00830	group	GERD	0.569411698016142	0.549653605554158	128	95	0.302211224656981	0.833653873589381
K01809	group	GERD	-0.0229774021489278	0.0221740805142036	128	128	0.302080421048922	0.833653873589381
K10380	group	GERD	0.321035866355566	0.310170890975305	128	26	0.302637775913113	0.834399974229758
K15525	group	GERD	0.312701322138097	0.302222505859936	128	128	0.302803622809551	0.834426890484465
K03168	group	GERD	-0.0103995407488795	0.0100689326955435	128	128	0.303659728491412	0.834980581312896
K06391	group	GERD	-0.591326566026525	0.572335351911828	128	113	0.303497749167353	0.834980581312896
K11358	group	GERD	-0.33368812759455	0.323065617586474	128	128	0.303638339404261	0.834980581312896
K13635	group	GERD	0.568316705426665	0.550364165216755	128	114	0.303760014023838	0.834980581312896
K15520	group	GERD	0.307585254649581	0.297884712657295	128	128	0.303785490208302	0.834980581312896
K00101	group	GERD	0.260688378010071	0.252769685359612	128	128	0.304362745775799	0.835929977910555
K00196	group	GERD	0.516062495169533	0.503634202754975	128	62	0.307478734089991	0.835929977910555
K01023	group	GERD	0.455217747427118	0.441884971182108	128	95	0.304902468006499	0.835929977910555
K01073	group	GERD	-0.288847171626434	0.281699454949618	128	128	0.307151478253066	0.835929977910555
K01198	group	GERD	0.444270678906315	0.433345158325603	128	124	0.307227359111718	0.835929977910555
K01255	group	GERD	0.131321216160906	0.127827155005418	128	128	0.306231259684332	0.835929977910555
K01492	group	GERD	-0.491617194284221	0.479741080205596	128	102	0.307442047505264	0.835929977910555
K01790	group	GERD	-0.0337048634368105	0.0327584740833948	128	128	0.305502465816394	0.835929977910555
K02029	group	GERD	0.0661147890207561	0.064529161620624	128	128	0.30752808222845	0.835929977910555
K02182	group	GERD	0.523305961749384	0.50814550758333	128	111	0.305060337490921	0.835929977910555
K03382	group	GERD	-0.399968454396257	0.390410766880603	128	46	0.30757094398617	0.835929977910555
K05791	group	GERD	-0.536818443589893	0.523257857269038	128	108	0.306896855067734	0.835929977910555
K07050	group	GERD	0.487853600653942	0.475838944691384	128	120	0.307209802287126	0.835929977910555
K07502	group	GERD	-0.408652752614399	0.397937642075235	128	124	0.306422432561687	0.835929977910555
K08728	group	GERD	0.702445759737634	0.685658827317166	128	56	0.30757008965403	0.835929977910555
K08983	group	GERD	0.454486581470778	0.440896352786611	128	109	0.304597959822948	0.835929977910555
K09013	group	GERD	-0.024405568004354	0.0237951693168181	128	128	0.307020584322408	0.835929977910555
K11017	group	GERD	-0.724053336518497	0.702662046692735	128	38	0.304775932105029	0.835929977910555
K14987	group	GERD	0.54575822343133	0.530928199851881	128	81	0.305950971454745	0.835929977910555
K15521	group	GERD	0.305095328083812	0.296932279545879	128	128	0.306157647147059	0.835929977910555
K15861	group	GERD	0.564167341350921	0.550458573699264	128	70	0.307372003367795	0.835929977910555
K18332	group	GERD	-0.47079982775582	0.45927438725846	128	124	0.307282414065403	0.835929977910555
K03076	group	GERD	-0.0198949543481006	0.0194348153256099	128	128	0.30794967827926	0.836413463244364
K07010	group	GERD	-0.0765707318340627	0.0748192292090855	128	128	0.30807498583485	0.836413463244364
K17227	group	GERD	0.592055320951586	0.578684467709774	128	86	0.308218204749607	0.836413463244364
K02416	group	GERD	0.152670230051967	0.149384774060259	128	128	0.308742304792452	0.836876840116005
K11895	group	GERD	0.508177637993245	0.497361703047672	128	125	0.308858586896536	0.836876840116005
K15526	group	GERD	0.303308574934635	0.296823853242423	128	128	0.308811236912464	0.836876840116005
K03812	group	GERD	0.273169185904757	0.26770818665862	128	30	0.309494456100918	0.838174955580299
K01183	group	GERD	0.448571966381419	0.439878232281457	128	112	0.309794454484024	0.83856260945397
K03312	group	GERD	-0.263045077382819	0.258301017272854	128	128	0.310455274285735	0.838796932633109
K07338	group	GERD	0.467205970000516	0.458830636403899	128	85	0.310508628821721	0.838796932633109
K11179	group	GERD	-0.404613527106882	0.397204977904025	128	117	0.310320295854234	0.838796932633109
K13256	group	GERD	-0.260506913281669	0.255811794252432	128	128	0.310461235947942	0.838796932633109
K00315	group	GERD	0.509948586758076	0.504641827491855	128	108	0.314184797196589	0.840167874628197
K00389	group	GERD	0.527807909100889	0.519396263021097	128	121	0.311483844555606	0.840167874628197
K01631	group	GERD	0.523096719383865	0.516649776737269	128	118	0.313249707887918	0.840167874628197
K01755	group	GERD	0.034718677597742	0.034199010837799	128	128	0.311958152082605	0.840167874628197
K02589	group	GERD	-0.543699160822215	0.537336990635887	128	71	0.313553585808021	0.840167874628197
K02590	group	GERD	-0.543699160822215	0.537336990635887	128	71	0.313553585808021	0.840167874628197
K03442	group	GERD	-0.0374412379322663	0.0369107734214325	128	128	0.312349394946514	0.840167874628197
K03824	group	GERD	0.420101151448394	0.416114234228722	128	121	0.31463076786488	0.840167874628197
K06077	group	GERD	0.426775265059145	0.422274817263636	128	127	0.314117200199399	0.840167874628197
K06423	group	GERD	-0.531443437834316	0.524940964468954	128	95	0.313293172282581	0.840167874628197
K07217	group	GERD	0.539466090085895	0.531139412639377	128	116	0.311729573704496	0.840167874628197
K08191	group	GERD	-0.270901142059505	0.267628774035528	128	128	0.313369248190259	0.840167874628197
K09136	group	GERD	0.419431187558406	0.414125640494076	128	126	0.313091183305471	0.840167874628197
K09947	group	GERD	0.466255286943447	0.458983293119305	128	85	0.311650490009057	0.840167874628197
K10975	group	GERD	-0.526501386431035	0.518564144305797	128	61	0.311905549477154	0.840167874628197
K12992	group	GERD	-0.429223974015822	0.423405613525978	128	122	0.312648672944041	0.840167874628197
K13599	group	GERD	0.49146842507326	0.485422395576542	128	121	0.313260736623752	0.840167874628197
K13623	group	GERD	0.53256389207232	0.526750029390729	128	109	0.313936204788136	0.840167874628197
K15533	group	GERD	-0.396772823891392	0.392856597392444	128	118	0.314445910116349	0.840167874628197
K18094	group	GERD	0.391264465559641	0.38625110258101	128	56	0.313011199048837	0.840167874628197
K18095	group	GERD	0.391264465559641	0.38625110258101	128	56	0.313011199048837	0.840167874628197
K19051	group	GERD	-0.617971978324392	0.612045018802109	128	92	0.314581808505021	0.840167874628197
K19271	group	GERD	-0.455306775063045	0.450506405395516	128	121	0.314118216301083	0.840167874628197
K00906	group	GERD	0.503096643604496	0.498676947590562	128	119	0.314973892073965	0.840171742766233
K02747	group	GERD	-0.282371047782409	0.279957754979523	128	125	0.315089829180451	0.840171742766233
K08600	group	GERD	-0.082011728425678	0.0813131515488006	128	128	0.315103693274653	0.840171742766233
K02548	group	GERD	-0.0796765145038126	0.0790385889853985	128	128	0.315352320482917	0.840415506132439
K03530	group	GERD	-0.0507947369798464	0.0504268234579429	128	128	0.315723057773561	0.840984288419262
K01305	group	GERD	0.485132601194489	0.481786204516792	128	111	0.315890650257402	0.841011661492067
K07644	group	GERD	0.532376777015977	0.529080544961365	128	109	0.31623336401187	0.841176440439968
K17675	group	GERD	0.512942360574341	0.509802281634895	128	117	0.31626723630459	0.841176440439968
K07069	group	GERD	-0.410545627234544	0.40842712836807	128	127	0.316733318166207	0.841319459315651
K14447	group	GERD	-0.517187652828551	0.514582708288165	128	90	0.316793129742313	0.841319459315651
K15024	group	GERD	-0.544340604704788	0.541306000519547	128	121	0.316532385862498	0.841319459315651
K00855	group	GERD	0.547081510221287	0.545199612955407	128	91	0.317566124622445	0.842953576083213
K01477	group	GERD	0.535035858921295	0.533376930035656	128	58	0.317730206908716	0.842970563838212
K02107	group	GERD	-0.232046058071531	0.231470304262888	128	128	0.318029602616676	0.843346356938864
K00347	group	GERD	-0.280634208297742	0.281438934502522	128	128	0.320607339936118	0.844918035949959
K00348	group	GERD	-0.280660622344656	0.281438033475732	128	128	0.320560429511638	0.844918035949959
K00349	group	GERD	-0.280660622344656	0.281438033475732	128	128	0.320560429511638	0.844918035949959
K00350	group	GERD	-0.280660622344656	0.281438033475732	128	128	0.320560429511638	0.844918035949959
K00351	group	GERD	-0.280660622344656	0.281438033475732	128	128	0.320560429511638	0.844918035949959
K00366	group	GERD	0.445047439238956	0.445614341340352	128	123	0.319840711235761	0.844918035949959
K00957	group	GERD	0.200297249619858	0.200450407182624	128	128	0.319595537057254	0.844918035949959
K01218	group	GERD	-0.604557555123668	0.60516033401849	128	116	0.319707464705703	0.844918035949959
K08372	group	GERD	0.10232997088812	0.102364113972951	128	128	0.319387899941124	0.844918035949959
K09956	group	GERD	0.180007365140837	0.180504118986782	128	128	0.32055547721707	0.844918035949959
K10674	group	GERD	0.486726986133077	0.488193131953811	128	92	0.320676897669747	0.844918035949959
K12368	group	GERD	0.396010047126667	0.396692585210355	128	119	0.320057171311388	0.844918035949959
K19710	group	GERD	0.104117587643685	0.104262539356726	128	128	0.319897702809688	0.844918035949959
K00346	group	GERD	-0.2793879703317	0.281929936668829	128	128	0.323592794617694	0.84624917468323
K00632	group	GERD	0.255205358018418	0.257397349668221	128	128	0.323349511802537	0.84624917468323
K01356	group	GERD	0.0670487867223618	0.0673894378332584	128	128	0.321669884314242	0.84624917468323
K01577	group	GERD	0.642696567200353	0.648138109964489	128	96	0.323291018672197	0.84624917468323
K01847	group	GERD	0.104792769204722	0.105522636804186	128	128	0.322572660695092	0.84624917468323
K02046	group	GERD	0.316628712027157	0.320220824647112	128	128	0.324664619767172	0.84624917468323
K02047	group	GERD	0.317313271735305	0.320191504865152	128	128	0.323579562436033	0.84624917468323
K02347	group	GERD	-0.289176320751865	0.290794694500015	128	128	0.321917210460157	0.84624917468323
K02509	group	GERD	0.609808971988085	0.615540082196305	128	111	0.323736002338877	0.84624917468323
K03086	group	GERD	-0.0481955112941638	0.0487230353085231	128	128	0.324474256285421	0.84624917468323
K05710	group	GERD	0.277685888142451	0.280619918772286	128	128	0.324293296093546	0.84624917468323
K06374	group	GERD	-0.355481938089315	0.358523563653749	128	127	0.323333843911767	0.84624917468323
K09882	group	GERD	0.475792277061398	0.480651864897108	128	116	0.324125227369038	0.84624917468323
K10219	group	GERD	-0.359365389495536	0.362645888388674	128	30	0.323607243243867	0.84624917468323
K11741	group	GERD	0.146598468953829	0.148060724296886	128	128	0.324011130792215	0.84624917468323
K13693	group	GERD	0.594349099671525	0.599411412922293	128	90	0.323315235710315	0.84624917468323
K13924	group	GERD	0.57892368847701	0.582549855680713	128	78	0.322236883993163	0.84624917468323
K14393	group	GERD	0.244391631140645	0.245786883700373	128	128	0.321971175238303	0.84624917468323
K18346	group	GERD	-0.68558901390213	0.6932724345437	128	87	0.324598927304614	0.84624917468323
K18455	group	GERD	0.291867748428994	0.294845911653899	128	128	0.324120520836569	0.84624917468323
K18704	group	GERD	-0.565198771534106	0.570204980045043	128	93	0.323477712413079	0.84624917468323
K19115	group	GERD	0.578170405692434	0.582537026387398	128	101	0.322853851238916	0.84624917468323
K19286	group	GERD	-0.220313521097529	0.223081969646501	128	128	0.325246177275868	0.847351882902919
K01813	group	GERD	-0.275188786218408	0.27929613374423	128	127	0.326367947619924	0.848207607183332
K02746	group	GERD	-0.276170220933371	0.280017313573531	128	125	0.325895051073286	0.848207607183332
K04032	group	GERD	-0.653663162862285	0.663409178071307	128	94	0.326360483258491	0.848207607183332
K07407	group	GERD	-0.0710422003300213	0.072083729066962	128	128	0.32624216659509	0.848207607183332
K13787	group	GERD	0.101360580390531	0.102801144141822	128	128	0.326029126985678	0.848207607183332
K03208	group	GERD	0.478398101340743	0.485798951082159	128	90	0.326626425625967	0.848466895722265
K09167	group	GERD	0.0980488806668313	0.099652330246283	128	128	0.327045528028249	0.849142978552218
K01708	group	GERD	0.456420939675228	0.464256203183543	128	98	0.327430934919637	0.849730960233195
K02064	group	GERD	0.128921499164489	0.13125854185168	128	128	0.327885942898549	0.849749997823359
K05548	group	GERD	0.498730167336878	0.507732224695103	128	94	0.327849173185396	0.849749997823359
K09933	group	GERD	0.409765783118002	0.41721913401523397	128	125	0.327915122616833	0.849749997823359
K02423	group	GERD	0.489519038122744	0.4986725510689	128	120	0.328156282250714	0.849962928736589
K01262	group	GERD	-0.0315053981257855	0.032108740097966	128	128	0.328369772947548	0.850085474539732
K15983	group	GERD	0.465596223045692	0.474662150410779	128	35	0.32852162184794	0.850085474539732
K01256	group	GERD	0.0691904985046716	0.0705706069098312	128	128	0.328746004966373	0.850254544049458
K03628	group	GERD	-0.0782764778759133	0.0799505111843003	128	128	0.329425630248243	0.851600299471522
K13640	group	GERD	0.0988987542149439	0.101064432661294	128	128	0.329666985382786	0.851812326658469
K15513	group	GERD	0.496107954500855	0.507300350679653	128	92	0.329979222403443	0.852207209163676
K01078	group	GERD	0.52275316973908	0.534831730013003	128	92	0.330236058185125	0.85245869968985
K01961	group	GERD	-0.0614927732376961	0.0629749206406001	128	128	0.330705365963824	0.853258149827512
K16080	group	GERD	0.520756527208087	0.533726200294107	128	75	0.331082797668802	0.853819892106809
K01297	group	GERD	-0.230488236628973	0.236649176832158	128	128	0.331939583831813	0.854501995797302
K05895	group	GERD	0.0957206066499559	0.0982888179073291	128	128	0.331986652688177	0.854501995797302
K07505	group	GERD	-0.250744697958011	0.257305455267439	128	125	0.331674494725583	0.854501995797302
K11930	group	GERD	0.165320480442662	0.16962214893355201	128	13	0.331606464471297	0.854501995797302
K15512	group	GERD	0.494048413208858	0.507620973664418	128	92	0.332287648526732	0.85486514389986
K03617	group	GERD	-0.344085718010883	0.353857266769111	128	127	0.332721771103539	0.855570268551957
K00384	group	GERD	-0.0192616614349591	0.0198190534350372	128	128	0.332974291621544	0.85579263450045
K00486	group	GERD	0.494195882789331	0.508713427410654	128	91	0.33317936473296	0.85579263450045
K03613	group	GERD	-0.343622830286597	0.353820590253673	128	127	0.33332022261219	0.85579263450045
K09766	group	GERD	-0.421958977718233	0.434597335024561	128	123	0.333448570457246	0.85579263450045
K13890	group	GERD	0.44265850300529	0.456072798646496	128	89	0.333613286426992	0.855804524586709
K01681	group	GERD	0.0555262264948537	0.0572848601776061	128	128	0.334252389456156	0.856970066772494
K03403	group	GERD	0.277516224652317	0.286577265139087	128	16	0.334708847628314	0.856970066772494
K06216	group	GERD	0.742678310796866	0.766756524634729	128	42	0.334601719634237	0.856970066772494
K07095	group	GERD	-0.0531837211361874	0.0548971825997206	128	128	0.334507022690642	0.856970066772494
K16267	group	GERD	0.399440091109646	0.412719844867288	128	109	0.334986423675355	0.857270187155792
K15554	group	GERD	0.214459114425372	0.221674870186748	128	128	0.335172975242737	0.857337189305106
K02769	group	GERD	-0.224943558139926	0.232634416764909	128	128	0.335426261599859	0.857574746299784
K01126	group	GERD	-0.0497653469435555	0.0514920623307132	128	128	0.335662236804593	0.857696590035053
K16844	group	GERD	0.4866579234832	0.503682213057962	128	107	0.335794792918699	0.857696590035053
K00790	group	GERD	-0.0214064393709688	0.0222032071266226	128	128	0.336835127855634	0.859942976846331
K02388	group	GERD	0.144969453951323	0.150900949679338	128	128	0.338546607982382	0.860868816473825
K02412	group	GERD	0.144961042093398	0.150774361414232	128	128	0.338170617738683	0.860868816473825
K02420	group	GERD	0.14506358223368	0.150779108477267	128	128	0.337845424226606	0.860868816473825
K02454	group	GERD	0.108975819779426	0.11334738299928	128	128	0.33817633340281	0.860868816473825
K03293	group	GERD	0.136528281371729	0.142149103806777	128	128	0.338664110834355	0.860868816473825
K06159	group	GERD	0.417200190910301	0.434506140590491	128	97	0.338808078911509	0.860868816473825
K07403	group	GERD	0.134441395283954	0.139810338052604	128	128	0.338093127654537	0.860868816473825
K07482	group	GERD	-0.820649107381054	0.852893068628815	128	117	0.337794785756449	0.860868816473825
K13012	group	GERD	-0.446350035080992	0.464603027937737	128	47	0.338536626266509	0.860868816473825
K15551	group	GERD	0.498278873360114	0.517401386945605	128	90	0.337371430308888	0.860868816473825
K02419	group	GERD	0.144680057745784	0.150781273363361	128	128	0.339126453762172	0.861268418913337
K02006	group	GERD	-0.185743603134433	0.193675263719992	128	128	0.339371951913599	0.86148264716529
K00041	group	GERD	-0.196836124137957	0.209600420050193	128	128	0.349475261117604	0.8623465045217
K00053	group	GERD	0.0497304534698493	0.0538694384449418	128	128	0.357684967104589	0.8623465045217
K00090	group	GERD	0.44606094649806	0.47530635290854	128	118	0.349798206942159	0.8623465045217
K00132	group	GERD	-0.347448098845348	0.374837948817591	128	42	0.355735602215042	0.8623465045217
K00138	group	GERD	0.273877867779876	0.295260002849361	128	128	0.355397870966823	0.8623465045217
K00145	group	GERD	0.0440732372041063	0.0477057693618982	128	128	0.357327412323022	0.8623465045217
K00171	group	GERD	-0.530500050775267	0.562502729444983	128	57	0.347431193518876	0.8623465045217
K00198	group	GERD	-0.576400503410611	0.622779791024312	128	110	0.356460280646251	0.8623465045217
K00216	group	GERD	0.297263064941845	0.319478301027747	128	128	0.353910175407042	0.8623465045217
K00274	group	GERD	0.537083061788563	0.568222536995315	128	112	0.346366598825747	0.8623465045217
K00376	group	GERD	0.366020347941671	0.386751722214725	128	128	0.345757991089109	0.8623465045217
K00558	group	GERD	-0.0651202485543809	0.0682741920382597	128	128	0.342008734899813	0.8623465045217
K00602	group	GERD	-0.0321118081868236	0.0340971269413216	128	128	0.348110197222342	0.8623465045217
K00681	group	GERD	0.248774123660048	0.260683771915857	128	128	0.341752084020064	0.8623465045217
K00766	group	GERD	0.049806130715806	0.0533316935933863	128	128	0.352144988720317	0.8623465045217
K00850	group	GERD	-0.0329011758402774	0.0347654875061499	128	128	0.345768922612197	0.8623465045217
K00852	group	GERD	0.06539377891608	0.0693389375192296	128	128	0.34743290122779	0.8623465045217
K00917	group	GERD	-0.102674377282703	0.109718289865235	128	128	0.351166260528656	0.8623465045217
K00975	group	GERD	-0.0466100370352419	0.04933143049815	128	128	0.346551677961098	0.8623465045217
K01002	group	GERD	-0.351657400733496	0.374509060108787	128	123	0.349536323222836	0.8623465045217
K01150	group	GERD	0.215399696515967	0.231646780061966	128	15	0.354220257711296	0.8623465045217
K01259	group	GERD	0.17871614317549	0.19007249944599	128	128	0.348887138698619	0.8623465045217
K01440	group	GERD	-0.660496407127753	0.698995211141496	128	82	0.346506842103825	0.8623465045217
K01935	group	GERD	0.0928164518317631	0.0993502091603974	128	128	0.351969569505388	0.8623465045217
K01940	group	GERD	0.0325970094992059	0.0343412131193076	128	128	0.344331083948426	0.8623465045217
K02030	group	GERD	0.0673972641700442	0.0709076499270767	128	128	0.34368116513809	0.8623465045217
K02035	group	GERD	0.047676848887578	0.0516132717922912	128	128	0.357391288861813	0.8623465045217
K02048	group	GERD	0.306479837689527	0.324100702583037	128	128	0.346146463250579	0.8623465045217
K02167	group	GERD	0.519584194349915	0.546781044260414	128	111	0.343799292243252	0.8623465045217
K02168	group	GERD	0.223223363956594	0.23610526530428	128	128	0.346243798475291	0.8623465045217
K02239	group	GERD	-0.338847772437007	0.361638337413441	128	53	0.350561492116004	0.8623465045217
K02364	group	GERD	0.300017346895935	0.319338075472625	128	128	0.349272897987914	0.8623465045217
K02397	group	GERD	0.162609890070282	0.174204170934334	128	128	0.352375948981468	0.8623465045217
K02455	group	GERD	0.201628098651612	0.21578213381064	128	128	0.351881833709076	0.8623465045217
K02475	group	GERD	-0.227393234035582	0.246334600555803	128	28	0.357715692982931	0.8623465045217
K02492	group	GERD	0.0713280849436529	0.0772424848116935	128	128	0.357547768030047	0.8623465045217
K02569	group	GERD	0.36017888345329	0.377574034239478	128	124	0.341945996608259	0.8623465045217
K02593	group	GERD	-0.264376501322723	0.285075020362198	128	121	0.355495718628512	0.8623465045217
K02595	group	GERD	-0.264376501322723	0.285075020362198	128	121	0.355495718628512	0.8623465045217
K02596	group	GERD	-0.264376501322723	0.285075020362198	128	121	0.355495718628512	0.8623465045217
K02597	group	GERD	-0.263750501586654	0.285605717810032	128	121	0.35752341978073	0.8623465045217
K03089	group	GERD	0.291337044891889	0.312526180544359	128	128	0.353015757189449	0.8623465045217
K03299	group	GERD	0.138310933099468	0.146630048953378	128	128	0.347350726537158	0.8623465045217
K03315	group	GERD	-0.158390167248978	0.169557037233841	128	128	0.352017946276234	0.8623465045217
K03523	group	GERD	0.0611523460957488	0.0641936133375827	128	128	0.342604747036352	0.8623465045217
K03669	group	GERD	0.471900982307902	0.499807001299784	128	89	0.346891573105249	0.8623465045217
K03670	group	GERD	0.521576237475477	0.556510754489645	128	89	0.350435397823089	0.8623465045217
K03695	group	GERD	-0.0754543141703303	0.0795102026406174	128	128	0.344442792772752	0.8623465045217
K03784	group	GERD	-0.0438151003190086	0.046979264003148	128	128	0.352785638822735	0.8623465045217
K03788	group	GERD	-0.41264645755635	0.441258418469639	128	125	0.351495541844636	0.8623465045217
K03795	group	GERD	0.453823844746567	0.4813547332345	128	123	0.347584666475562	0.8623465045217
K03799	group	GERD	0.041167559233644103	0.0434430080764537	128	128	0.345135706230748	0.8623465045217
K03823	group	GERD	0.0579712060306949	0.0615384085514223	128	128	0.347978457919889	0.8623465045217
K03829	group	GERD	0.48485966092495	0.508594181542157	128	122	0.342246641229011	0.8623465045217
K03969	group	GERD	0.0998018113878338	0.107629108454003	128	128	0.355556442919102	0.8623465045217
K04069	group	GERD	-0.0528483759487182	0.0567570210198554	128	128	0.353565049319548	0.8623465045217
K04101	group	GERD	-0.409620404305707	0.440234046154508	128	43	0.35391197514453	0.8623465045217
K04844	group	GERD	-0.347448098845346	0.374837948817591	128	42	0.355735602215045	0.8623465045217
K06294	group	GERD	-0.338847772437007	0.361638337413441	128	53	0.350561492116004	0.8623465045217
K06314	group	GERD	-0.338847772437007	0.361638337413441	128	53	0.350561492116004	0.8623465045217
K06331	group	GERD	-0.347448098845348	0.374837948817591	128	42	0.355735602215042	0.8623465045217
K06390	group	GERD	-0.333197452477028	0.360930243854032	128	127	0.357686703318437	0.8623465045217
K06393	group	GERD	-0.333197452477028	0.360930243854032	128	127	0.357686703318437	0.8623465045217
K06413	group	GERD	-0.485861163688479	0.521620931594778	128	94	0.353404747878488	0.8623465045217
K06883	group	GERD	0.565537337265193	0.609033895813839	128	96	0.354881713263124	0.8623465045217
K06886	group	GERD	0.242234055882281	0.255787839482921	128	128	0.345445524649729	0.8623465045217
K06912	group	GERD	0.512399669512464	0.542890752111293	128	68	0.347059909227373	0.8623465045217
K06917	group	GERD	-0.212298427623429	0.229738407507726	128	128	0.357207005618557	0.8623465045217
K07013	group	GERD	-0.346159898070788	0.374637507235785	128	42	0.357259606877379	0.8623465045217
K07156	group	GERD	0.497190739368836	0.521724191643248	128	119	0.342426724412339	0.8623465045217
K07250	group	GERD	0.465941423338352	0.497835707151839	128	117	0.351097477315593	0.8623465045217
K07484	group	GERD	0.179432325208324	0.192086466253715	128	128	0.352027317032089	0.8623465045217
K07498	group	GERD	0.560222157939841	0.589435055550437	128	42	0.343708683573826	0.8623465045217
K07774	group	GERD	0.509892281999716	0.545125557478962	128	97	0.351388583822947	0.8623465045217
K08085	group	GERD	0.196899013568816	0.208124093986682	128	19	0.345925975789343	0.8623465045217
K08222	group	GERD	-0.338847772437007	0.361638337413441	128	53	0.350561492116004	0.8623465045217
K08311	group	GERD	0.241253057607241	0.255545067322198	128	128	0.34693939431302	0.8623465045217
K08744	group	GERD	0.148435253270114	0.160109369102605	128	128	0.355653996614291	0.8623465045217
K08993	group	GERD	0.191104722973502	0.206153085781474	128	15	0.355696752251121	0.8623465045217
K09703	group	GERD	0.310041255082056	0.328692795762931	128	33	0.347355407041892	0.8623465045217
K09797	group	GERD	-0.311138738241543	0.332144080109358	128	128	0.350674910416296	0.8623465045217
K09825	group	GERD	-0.0438282408838649	0.0465441764941968	128	128	0.348174666448932	0.8623465045217
K09955	group	GERD	-0.248839288442978	0.260581549853651	128	128	0.341437435619964	0.8623465045217
K09980	group	GERD	0.196899013568816	0.208124093986682	128	19	0.345925975789343	0.8623465045217
K10008	group	GERD	0.261445417542793	0.279079643093335	128	128	0.350646937388474	0.8623465045217
K10125	group	GERD	0.483498823659757	0.505585897087191	128	118	0.340744915433149	0.8623465045217
K10213	group	GERD	-0.40797021519489	0.42737961076395	128	123	0.341615352466222	0.8623465045217
K10544	group	GERD	0.40697599379149	0.425566764737805	128	124	0.340744230880853	0.8623465045217
K10562	group	GERD	0.478741774863572	0.51450940290741	128	119	0.353900871007437	0.8623465045217
K10819	group	GERD	0.090969960027112	0.0969920271830062	128	128	0.350084136076292	0.8623465045217
K10843	group	GERD	0.375389883366284	0.400256229371619	128	126	0.350103486838397	0.8623465045217
K11183	group	GERD	0.475598872890763	0.49847856816875	128	124	0.341859387995291	0.8623465045217
K11915	group	GERD	0.20375859924079	0.21376764322379	128	21	0.34232492669599	0.8623465045217
K11928	group	GERD	0.0961034994023282	0.102535166011415	128	128	0.350410936501718	0.8623465045217
K12252	group	GERD	0.476547858666575	0.513027515027671	128	108	0.354720451595823	0.8623465045217
K12262	group	GERD	0.298815850652258	0.321165952809942	128	128	0.353938287429374	0.8623465045217
K12452	group	GERD	-0.398213465746867	0.430679580639761	128	121	0.356932809737944	0.8623465045217
K13891	group	GERD	0.436695408997723	0.455858948071192	128	89	0.339916602383852	0.8623465045217
K14087	group	GERD	-0.35482433097239	0.376424524322369	128	42	0.347680445618466	0.8623465045217
K14089	group	GERD	-0.347448098845348	0.374837948817591	128	42	0.355735602215042	0.8623465045217
K14974	group	GERD	0.402225272213664	0.435787009835834	128	57	0.357778628325689	0.8623465045217
K15782	group	GERD	0.47407489253921	0.513582428842273	128	108	0.357732596799592	0.8623465045217
K15783	group	GERD	0.477342722688069	0.514552972149484	128	108	0.355344993100655	0.8623465045217
K15785	group	GERD	0.477342722688069	0.514552972149484	128	108	0.355344993100655	0.8623465045217
K15786	group	GERD	0.477268972740799	0.512952056006535	128	108	0.353924708105433	0.8623465045217
K16202	group	GERD	-0.749557441611686	0.787049752524402	128	87	0.342736047211156	0.8623465045217
K18349	group	GERD	-0.539791340026046	0.576766924640711	128	115	0.351119266427155	0.8623465045217
K18350	group	GERD	-0.548741639371391	0.57676552021913	128	115	0.343216742189184	0.8623465045217
K18471	group	GERD	-0.347448098845348	0.374837948817591	128	42	0.355735602215042	0.8623465045217
K18917	group	GERD	0.407726535398228	0.432303445707054	128	118	0.347409638696454	0.8623465045217
K18955	group	GERD	0.114229932496883	0.120930082018363	128	128	0.346673574765221	0.8623465045217
K18987	group	GERD	-0.452955624032711	0.488830918167997	128	118	0.355900516637932	0.8623465045217
K09935	group	GERD	-0.207785744115142	0.225470105620523	128	128	0.358515816473116	0.863733913864479
K07047	group	GERD	0.147597996915989	0.160332771187114	128	128	0.359032639510581	0.863811201990804
K15632	group	GERD	-0.344756326036088	0.374431947511728	128	42	0.358943111532692	0.863811201990804
K18783	group	GERD	-0.344756326036088	0.374431947511728	128	42	0.358943111532692	0.863811201990804
K00610	group	GERD	-0.238980444028508	0.260460517541911	128	128	0.360617709288813	0.864134000976417
K01560	group	GERD	0.131178447073569	0.142985401843242	128	128	0.360672466543432	0.864134000976417
K06903	group	GERD	0.37308826019937	0.406601711014867	128	124	0.360593551703135	0.864134000976417
K07258	group	GERD	0.0481996389084701	0.052530997177113	128	128	0.360609249492105	0.864134000976417
K10240	group	GERD	-0.459727164011461	0.501221700741442	128	73	0.360783219262881	0.864134000976417
K10241	group	GERD	-0.459727164011461	0.501221700741442	128	73	0.360783219262881	0.864134000976417
K10242	group	GERD	-0.459727164011461	0.501221700741442	128	73	0.360783219262881	0.864134000976417
K11527	group	GERD	0.369394114203214	0.402299435497475	128	58	0.36026488627225	0.864134000976417
K11531	group	GERD	-0.370236063881676	0.403208869658857	128	122	0.360255962703145	0.864134000976417
K13641	group	GERD	0.485453550803619	0.528867383986131	128	119	0.360418825613589	0.864134000976417
K08172	group	GERD	0.430892321183059	0.470153418497938	128	30	0.361159190782449	0.864647126700839
K07267	group	GERD	0.4364795150657	0.476849836312863	128	70	0.361761857937475	0.865702279558523
K02585	group	GERD	-0.341615225872111	0.373420376000347	128	123	0.362029606821787	0.865955381686475
K00404	group	GERD	0.229855340751078	0.256995827740859	128	128	0.372816787203025	0.866846254194085
K00666	group	GERD	0.126033404594844	0.141355434533951	128	128	0.374303456096511	0.866846254194085
K00832	group	GERD	0.100587384391052	0.111096898239306	128	128	0.366980348092226	0.866846254194085
K00833	group	GERD	0.0861253760438357	0.0964131352735849	128	128	0.373402192197317	0.866846254194085
K00870	group	GERD	-0.301851131338196	0.342193936946285	128	16	0.379399514443864	0.866846254194085
K00930	group	GERD	0.0428467651524632	0.0479094596235576	128	128	0.372851634298821	0.866846254194085
K01181	group	GERD	0.205502849324675	0.233380343710714	128	128	0.380238396199987	0.866846254194085
K01207	group	GERD	0.0915897195197817	0.102443086950821	128	128	0.372997222345385	0.866846254194085
K01274	group	GERD	-0.154051909898523	0.172814769664188	128	128	0.374398773293543	0.866846254194085
K01424	group	GERD	-0.018634247180272	0.020393916107206	128	128	0.362611229730714	0.866846254194085
K01452	group	GERD	0.149803088292117	0.169282590382582	128	13	0.37788048635834	0.866846254194085
K01576	group	GERD	0.565253450077237	0.6349292393576	128	83	0.375021860808515	0.866846254194085
K01695	group	GERD	0.0466994758025404	0.0513093307538048	128	128	0.364478263980788	0.866846254194085
K01733	group	GERD	0.0199781637022246	0.0225742280655104	128	128	0.377843056551235	0.866846254194085
K01750	group	GERD	0.147708792763568	0.165433407329633	128	128	0.37363450491086603	0.866846254194085
K01795	group	GERD	0.150412693689354	0.17079884943157	128	14	0.380188116335479	0.866846254194085
K01915	group	GERD	0.0243285053396256	0.02670717360545	128	128	0.364068922611527	0.866846254194085
K02007	group	GERD	-0.169079173127267	0.185633460405356	128	128	0.364127979855472	0.866846254194085
K02010	group	GERD	0.097812332666961	0.108843426619567	128	128	0.370552298978514	0.866846254194085
K02160	group	GERD	-0.0543683815910821	0.0598927585467546	128	128	0.365736776440494	0.866846254194085
K02402	group	GERD	0.450646050993853	0.500628791650424	128	120	0.369752286984205	0.866846254194085
K02453	group	GERD	-0.193398462119743	0.219183845771635	128	128	0.379263875582073	0.866846254194085
K02466	group	GERD	0.419551228620831	0.473264240287526	128	44	0.377034222565688	0.866846254194085
K02554	group	GERD	0.548299260302913	0.622503644829594	128	103	0.380104765188204	0.866846254194085
K02591	group	GERD	-0.333755874194121	0.373561750131096	128	123	0.373323658640225	0.866846254194085
K02592	group	GERD	-0.336179323757617	0.374577651543457	128	123	0.371169730583381	0.866846254194085
K02621	group	GERD	-0.0334736758778647	0.0377082428205734	128	128	0.376392546127087	0.866846254194085
K02661	group	GERD	0.150412693689354	0.17079884943157	128	14	0.380188116335479	0.866846254194085
K02688	group	GERD	-0.56567204941745	0.625122964608855	128	103	0.367246822012481	0.866846254194085
K02848	group	GERD	0.150412693689354	0.17079884943157	128	14	0.380188116335479	0.866846254194085
K03408	group	GERD	0.153667901765928	0.17282987841426	128	128	0.375628584852761	0.866846254194085
K03427	group	GERD	-0.0397879597728744	0.0441114482768835	128	128	0.368784682981297	0.866846254194085
K03809	group	GERD	0.425523692842178	0.481614226024364	128	127	0.378629237242686	0.866846254194085
K04064	group	GERD	0.150412693689354	0.17079884943157	128	14	0.380188116335479	0.866846254194085
K04065	group	GERD	0.238948379575606	0.266163359255648	128	128	0.371030632786792	0.866846254194085
K04769	group	GERD	-0.321419406111575	0.356102619873895	128	127	0.368458729439456	0.866846254194085
K05564	group	GERD	-0.221193132743733	0.242616630128493	128	128	0.363668626168144	0.866846254194085
K06012	group	GERD	-0.325197229272713	0.356529137523402	128	127	0.363447592646415	0.866846254194085
K06023	group	GERD	-0.0608215514214756	0.0669071235957027	128	128	0.365062181915776	0.866846254194085
K06204	group	GERD	0.228050114437495	0.252313510513004	128	128	0.367807009037046	0.866846254194085
K06379	group	GERD	-0.317153232418489	0.356020887471524	128	127	0.374719545669415	0.866846254194085
K06398	group	GERD	-0.317153232418489	0.356020887471524	128	127	0.374719545669415	0.866846254194085
K06399	group	GERD	-0.317153232418489	0.356020887471524	128	127	0.374719545669415	0.866846254194085
K06405	group	GERD	-0.322054859860639	0.35389261873383	128	127	0.364541340396599	0.866846254194085
K06406	group	GERD	-0.321811479341069	0.35394802380664	128	127	0.364977543436732	0.866846254194085
K06407	group	GERD	-0.320053065424435	0.353931033586562	128	127	0.367572209520327	0.866846254194085
K06600	group	GERD	0.150412693689354	0.17079884943157	128	14	0.380188116335479	0.866846254194085
K07226	group	GERD	0.175875581970776	0.199541983532696	128	128	0.379781557264072	0.866846254194085
K07322	group	GERD	-0.199876816184124	0.223921540460465	128	128	0.373762375629232	0.866846254194085
K07481	group	GERD	-0.22729756733173	0.253430815266441	128	128	0.371492257263966	0.866846254194085
K07588	group	GERD	0.105971192845107	0.119970092826468	128	128	0.3787491958704	0.866846254194085
K07803	group	GERD	-0.236442243723324	0.259798547356593	128	20	0.364508317022482	0.866846254194085
K07814	group	GERD	-0.268064450190687	0.297601499451732	128	127	0.369439873176867	0.866846254194085
K08178	group	GERD	0.45232683400571	0.512928750524395	128	90	0.379536470099097	0.866846254194085
K08314	group	GERD	-0.18634297640922	0.211325566759403	128	128	0.379574019594754	0.866846254194085
K08963	group	GERD	0.130397405296995	0.146847176681626	128	128	0.37624328914493	0.866846254194085
K08985	group	GERD	0.150412693689354	0.17079884943157	128	14	0.380188116335479	0.866846254194085
K09118	group	GERD	0.0916892456144593	0.101965354292272	128	128	0.370250973037135	0.866846254194085
K09706	group	GERD	-0.496733036218418	0.549435163227104	128	67	0.367678587952184	0.866846254194085
K09823	group	GERD	0.292297348695403	0.323802948595075	128	128	0.368406902964488	0.866846254194085
K09859	group	GERD	-0.421074678861453	0.461600258188058	128	46	0.363402141793651	0.866846254194085
K09918	group	GERD	0.150412693689354	0.17079884943157	128	14	0.380188116335479	0.866846254194085
K09964	group	GERD	-0.457300005218474	0.515107096814757	128	122	0.376352491551019	0.866846254194085
K09988	group	GERD	0.491805681280537	0.543608943789092	128	118	0.367348338142458	0.866846254194085
K10005	group	GERD	0.249693851166584	0.278895079950776	128	128	0.372335643659044	0.866846254194085
K10006	group	GERD	0.250356174391944	0.278886358410053	128	128	0.371057847604378	0.866846254194085
K10007	group	GERD	0.250067272827011	0.27892711024332	128	128	0.371678041114378	0.866846254194085
K10010	group	GERD	0.257220854591954	0.287048650263908	128	128	0.371914550356186	0.866846254194085
K10111	group	GERD	0.501993682608419	0.567449946537211	128	117	0.37803132120116	0.866846254194085
K10531	group	GERD	0.437057340508531	0.491608735832751	128	79	0.375678458506757	0.866846254194085
K10679	group	GERD	-0.58027743246159	0.64962726871385	128	114	0.373427960403175	0.866846254194085
K10773	group	GERD	-0.0180935723295449	0.0198082999596914	128	128	0.362758942294138	0.866846254194085
K11383	group	GERD	0.150412693689354	0.17079884943157	128	14	0.380188116335479	0.866846254194085
K11384	group	GERD	0.150412693689354	0.17079884943157	128	14	0.380188116335479	0.866846254194085
K11754	group	GERD	-0.0179135115462033	0.0202596279368286	128	128	0.378273712885683	0.866846254194085
K11912	group	GERD	0.150412693689354	0.17079884943157	128	14	0.380188116335479	0.866846254194085
K11914	group	GERD	0.150412693689354	0.17079884943157	128	14	0.380188116335479	0.866846254194085
K12658	group	GERD	0.381970582298015	0.426681737452519	128	127	0.372380784173435	0.866846254194085
K13049	group	GERD	-0.157341826410896	0.176600828491384	128	128	0.374656191215509	0.866846254194085
K13776	group	GERD	0.150412693689354	0.17079884943157	128	14	0.380188116335479	0.866846254194085
K13963	group	GERD	-0.376074280448239	0.420008528250829	128	125	0.372282385001994	0.866846254194085
K14205	group	GERD	0.123145531352299	0.138659872905141	128	128	0.376172609978498	0.866846254194085
K14268	group	GERD	0.150412693689354	0.17079884943157	128	14	0.380188116335479	0.866846254194085
K14581	group	GERD	-0.361241517050681	0.407163232362617	128	48	0.37665327592585	0.866846254194085
K15067	group	GERD	0.475651048196319	0.533364220944815	128	95	0.374203208348178	0.866846254194085
K15555	group	GERD	0.191502637314534	0.216613798590363	128	128	0.378340068647364	0.866846254194085
K15866	group	GERD	0.250420524667077	0.281525172039226	128	128	0.375422160873834	0.866846254194085
K16081	group	GERD	0.150412693689354	0.17079884943157	128	14	0.380188116335479	0.866846254194085
K16238	group	GERD	0.457075617821681	0.504760765680951	128	88	0.366913390541329	0.866846254194085
K16263	group	GERD	0.150412693689354	0.17079884943157	128	14	0.380188116335479	0.866846254194085
K16291	group	GERD	0.150412693689354	0.17079884943157	128	14	0.380188116335479	0.866846254194085
K17060	group	GERD	0.150412693689354	0.17079884943157	128	14	0.380188116335479	0.866846254194085
K17061	group	GERD	0.150412693689354	0.17079884943157	128	14	0.380188116335479	0.866846254194085
K17225	group	GERD	0.5110569141843	0.570272116970378	128	77	0.371874527210833	0.866846254194085
K17737	group	GERD	0.150412693689354	0.17079884943157	128	14	0.380188116335479	0.866846254194085
K18093	group	GERD	0.150412693689354	0.17079884943157	128	14	0.380188116335479	0.866846254194085
K18230	group	GERD	-0.333742938534911	0.376942517783075	128	125	0.377630323454969	0.866846254194085
K18297	group	GERD	0.150412693689361	0.17079884943157	128	14	0.380188116335456	0.866846254194085
K18456	group	GERD	0.150412693689354	0.17079884943157	128	14	0.380188116335479	0.866846254194085
K18903	group	GERD	0.412723801965787	0.465354649345816	128	97	0.376821573952319	0.866846254194085
K19116	group	GERD	0.558972639714043	0.619960289517511	128	102	0.368975544738689	0.866846254194085
K19290	group	GERD	0.150412693689354	0.17079884943157	128	14	0.380188116335479	0.866846254194085
K19291	group	GERD	0.150412693689354	0.17079884943157	128	14	0.380188116335479	0.866846254194085
K19292	group	GERD	0.150412693689354	0.17079884943157	128	14	0.380188116335479	0.866846254194085
K19293	group	GERD	0.150412693689354	0.17079884943157	128	14	0.380188116335479	0.866846254194085
K19296	group	GERD	0.150412693689354	0.17079884943157	128	14	0.380188116335479	0.866846254194085
K19311	group	GERD	0.495831892083951	0.545582424304655	128	74	0.365184391585686	0.866846254194085
K19609	group	GERD	0.150412693689354	0.17079884943157	128	14	0.380188116335479	0.866846254194085
K19610	group	GERD	0.150412693689354	0.17079884943157	128	14	0.380188116335479	0.866846254194085
K19711	group	GERD	0.150412693689354	0.17079884943157	128	14	0.380188116335479	0.866846254194085
K04759	group	GERD	-0.0419390933640834	0.047665394051514	128	128	0.380607701171272	0.866976887914166
K06411	group	GERD	-0.482928237745122	0.548880799133833	128	115	0.380620044132912	0.866976887914166
K00007	group	GERD	0.374499138218216	0.430472267897652	128	84	0.385969637033875	0.867901879037504
K00405	group	GERD	0.22503462447421	0.257821524217709	128	128	0.384415516229573	0.867901879037504
K00411	group	GERD	0.225038836435672	0.258471796366057	128	128	0.385600270370964	0.867901879037504
K00432	group	GERD	-0.0517944097996571	0.0597937541914315	128	128	0.388017224703862	0.867901879037504
K00533	group	GERD	-0.436401924685776	0.497417826809859	128	54	0.381974620364232	0.867901879037504
K00639	group	GERD	0.104485613382346	0.119886639154884	128	128	0.385118757432303	0.867901879037504
K00657	group	GERD	-0.0864853708938415	0.099187060175751	128	128	0.384898444697054	0.867901879037504
K01057	group	GERD	0.101641697186674	0.116229403709713	128	128	0.383514119511083	0.867901879037504
K01151	group	GERD	-0.0791283353655693	0.0902855287983438	128	128	0.382467840019803	0.867901879037504
K01308	group	GERD	-0.312022730748767	0.359021782727854	128	119	0.386449645670923	0.867901879037504
K02110	group	GERD	-0.0108327253251543	0.0125044172546113	128	128	0.387965796880369	0.867901879037504
K02553	group	GERD	0.391653429695138	0.447163214988714	128	126	0.382771538755964	0.867901879037504
K02622	group	GERD	-0.0328809157437822	0.0377185753091472	128	128	0.385006474971103	0.867901879037504
K02850	group	GERD	0.449804810337704	0.513153070651318	128	106	0.382398708782231	0.867901879037504
K03212	group	GERD	0.0957986758341302	0.110172886642251	128	128	0.386210486664735	0.867901879037504
K03472	group	GERD	0.195200204679363	0.2254157036383	128	30	0.388159892215717	0.867901879037504
K03499	group	GERD	-0.0212525399779721	0.0242502891886924	128	128	0.382489649142792	0.867901879037504
K03524	group	GERD	-0.0202702865738756	0.0232407450831798	128	128	0.38476509538508	0.867901879037504
K04749	group	GERD	-0.234103165947359	0.267751818384409	128	128	0.383602604440128	0.867901879037504
K05565	group	GERD	-0.21001947301696	0.240674276821535	128	128	0.38452496363863	0.867901879037504
K05577	group	GERD	0.383228974060931	0.442142300570402	128	66	0.387723935853452	0.867901879037504
K05596	group	GERD	0.236315701317031	0.271467111578018	128	128	0.385675483029213	0.867901879037504
K06199	group	GERD	0.046696250189983	0.0537231755475935	128	128	0.386389791728735	0.867901879037504
K06334	group	GERD	-0.313116519400355	0.356543817534554	128	127	0.381507152684623	0.867901879037504
K06387	group	GERD	-0.311873490097229	0.359083074073359	128	127	0.386756978801248	0.867901879037504
K06410	group	GERD	-0.466879642191579	0.5337680642525	128	117	0.383408801162221	0.867901879037504
K06915	group	GERD	0.0818926165808569	0.0942091602453226	128	128	0.386355682797708	0.867901879037504
K07070	group	GERD	0.195200204679363	0.2254157036383	128	30	0.388159892215717	0.867901879037504
K07740	group	GERD	0.195200204679363	0.2254157036383	128	30	0.388159892215717	0.867901879037504
K08261	group	GERD	0.414203128398417	0.474175689750359	128	110	0.384040131117228	0.867901879037504
K09005	group	GERD	0.29746377460199	0.342457816917243	128	127	0.386709586284096	0.867901879037504
K09915	group	GERD	0.393891007219093	0.453031189513179	128	110	0.386250629065428	0.867901879037504
K09916	group	GERD	0.195200204679363	0.2254157036383	128	30	0.388159892215717	0.867901879037504
K10552	group	GERD	0.413691365615842	0.474677569888703	128	110	0.385127447072802	0.867901879037504
K10553	group	GERD	0.413691365615842	0.474677569888703	128	110	0.385127447072802	0.867901879037504
K10554	group	GERD	0.413691365615842	0.474677569888703	128	110	0.385127447072802	0.867901879037504
K13053	group	GERD	0.223774491123833	0.256275360128337	128	22	0.38422609267445	0.867901879037504
K13060	group	GERD	0.486690963666773	0.559748978618238	128	71	0.386237533564319	0.867901879037504
K13774	group	GERD	0.401060370623455	0.461049376907412	128	85	0.386016892834221	0.867901879037504
K14266	group	GERD	0.456152302404991	0.521586739044246	128	98	0.383484167081415	0.867901879037504
K15792	group	GERD	0.186567393384952	0.215504713189282	128	128	0.388287477971289	0.867901879037504
K15923	group	GERD	-0.1517017673393	0.173627081006111	128	128	0.38393196541348	0.867901879037504
K16167	group	GERD	-0.329560725793543	0.378708712578321	128	57	0.385833849248542	0.867901879037504
K18473	group	GERD	0.195200204679363	0.2254157036383	128	30	0.388159892215717	0.867901879037504
K19270	group	GERD	0.365469310055548	0.422194475900235	128	125	0.388331704949067	0.867901879037504
K01252	group	GERD	0.282424713448121	0.327314933858053	128	128	0.3898576010132	0.868893401868389
K02203	group	GERD	-0.33156447074045	0.384574776344199	128	124	0.390238132788253	0.868893401868389
K09163	group	GERD	-0.352699282040608	0.409030300804818	128	114	0.390170774616638	0.868893401868389
K09949	group	GERD	0.106577415120605	0.123453728479318	128	128	0.389613696288658	0.868893401868389
K10202	group	GERD	-0.333377321621421	0.386377893640772	128	124	0.389871851089493	0.868893401868389
K12254	group	GERD	0.29455811426106	0.341368099408111	128	47	0.389845433001416	0.868893401868389
K16153	group	GERD	-0.530159165036988	0.614707912981981	128	111	0.390074606869852	0.868893401868389
K18697	group	GERD	0.453706181721977	0.525557194363885	128	91	0.389620511224668	0.868893401868389
K19180	group	GERD	-0.23728127527348	0.274853257626376	128	128	0.389611947071245	0.868893401868389
K00252	group	GERD	0.240160563415918	0.279035501438667	128	128	0.391048544540187	0.869089211664843
K00294	group	GERD	-0.293421317701837	0.343527460251353	128	128	0.394647188549831	0.869089211664843
K01081	group	GERD	-0.047916514122178	0.0557459410893651	128	128	0.391668674646098	0.869089211664843
K01139	group	GERD	0.225783136209619	0.262940480251623	128	128	0.392144736393565	0.869089211664843
K01210	group	GERD	0.241769382639134	0.282519221923055	128	127	0.393753541024253	0.869089211664843
K01674	group	GERD	0.118477958531605	0.138556544919137	128	128	0.394125760651389	0.869089211664843
K01955	group	GERD	-0.0210496320620462	0.0244755667140915	128	128	0.391407945860046	0.869089211664843
K02008	group	GERD	-0.175301069155504	0.205296087866901	128	128	0.394784288519273	0.869089211664843
K02013	group	GERD	0.0274682769952655	0.0320022003369156	128	128	0.392343065202774	0.869089211664843
K02051	group	GERD	0.0765171295722984	0.0890191431350263	128	128	0.391665091499675	0.869089211664843
K02076	group	GERD	-0.146960030948552	0.171788972263709	128	128	0.393915722722928	0.869089211664843
K02108	group	GERD	-0.0107516763786737	0.0125925903011935	128	128	0.394830720888511	0.869089211664843
K02111	group	GERD	-0.0107632597495264	0.0125876936315321	128	128	0.394139723689137	0.869089211664843
K02115	group	GERD	-0.0107505677187615	0.0125925544075132	128	128	0.394877982628863	0.869089211664843
K02356	group	GERD	-0.0149742296609465	0.0175271038759544	128	128	0.394534163928753	0.869089211664843
K03092	group	GERD	-0.0989489366112857	0.115178547855461	128	128	0.391921369296265	0.869089211664843
K03652	group	GERD	0.146183873683843	0.170359960357098	128	128	0.392473094241316	0.869089211664843
K03774	group	GERD	0.428964494361317	0.500656853902134	128	120	0.393180174998787	0.869089211664843
K06382	group	GERD	-0.306996939893932	0.358515127855517	128	127	0.393456757782752	0.869089211664843
K06438	group	GERD	-0.30630832753553	0.358477173771976	128	127	0.394465810235191	0.869089211664843
K07663	group	GERD	0.419385510502078	0.489040615698665	128	118	0.392759373535046	0.869089211664843
K08173	group	GERD	0.413650225288018	0.481532391217983	128	73	0.391955909909248	0.869089211664843
K08691	group	GERD	0.457427941614574	0.534340662895057	128	91	0.393589370045319	0.869089211664843
K10439	group	GERD	0.0737954040622045	0.0858534496611428	128	128	0.391669109163814	0.869089211664843
K10943	group	GERD	0.202909932149453	0.237450950598914	128	34	0.394430968008069	0.869089211664843
K10954	group	GERD	-0.475656707997773	0.554066481151761	128	124	0.392255931271469	0.869089211664843
K13927	group	GERD	-0.284148930460462	0.330636676788497	128	125	0.391752354250004	0.869089211664843
K18939	group	GERD	0.149939638059198	0.175099637512585	128	13	0.393451706576963	0.869089211664843
K01802	group	GERD	0.0715653296791596	0.0839343527693207	128	128	0.395479819966527	0.869523183294724
K02114	group	GERD	-0.0106032442873245	0.0124423536353646	128	128	0.395725758502818	0.869523183294724
K07689	group	GERD	0.136072583062345	0.159620718054449	128	16	0.39556830555969	0.869523183294724
K11261	group	GERD	-0.399813090877769	0.46899008738042	128	118	0.395555311562712	0.869523183294724
K14048	group	GERD	0.320734410377688	0.376546001724167	128	45	0.395952146460488	0.869663177887333
K15762	group	GERD	0.298130474811477	0.350752245120154	128	38	0.39695145100326	0.871499982366912
K01154	group	GERD	-0.0503821021839733	0.0593951323540068	128	128	0.397905620881911	0.873236227107839
K15383	group	GERD	0.309839523534822	0.365644241284324	128	126	0.398390205237789	0.873940926221264
K00068	group	GERD	-0.166555159986665	0.199984036488037	128	128	0.406509553738531	0.875380107079364
K00257	group	GERD	0.196306628206091	0.239529117443796	128	128	0.414018945869181	0.875380107079364
K00276	group	GERD	0.465131901230246	0.564105110363081	128	56	0.411186295014736	0.875380107079364
K00336	group	GERD	0.0769942385869697	0.0911251027469555	128	128	0.399752026041258	0.875380107079364
K00367	group	GERD	0.34489084293929	0.407833887561708	128	121	0.399342738632039	0.875380107079364
K00407	group	GERD	0.210543377481704	0.258681607274467	128	128	0.417232376346577	0.875380107079364
K00442	group	GERD	-0.211013588908776	0.258097233976354	128	19	0.415143796777057	0.875380107079364
K00451	group	GERD	0.21733524103596	0.265886809024197	128	128	0.415244186972781	0.875380107079364
K00568	group	GERD	0.277979607173535	0.334682963257837	128	128	0.407784290616906	0.875380107079364
K00635	group	GERD	0.126127982841285	0.151539316469596	128	17	0.406807628393255	0.875380107079364
K00795	group	GERD	0.21699505884903	0.257011619846497	128	128	0.40010165624465	0.875380107079364
K00859	group	GERD	-0.0246446368474715	0.0295677461258448	128	128	0.406141572622237	0.875380107079364
K00940	group	GERD	0.0284102355989633	0.0345091254680779	128	128	0.411911458935181	0.875380107079364
K01048	group	GERD	0.186555404365889	0.227636755142694	128	128	0.414030954770101	0.875380107079364
K01085	group	GERD	-0.29459431379931	0.360036007100851	128	128	0.414767347897616	0.875380107079364
K01372	group	GERD	-0.0424198201146802	0.0520828559028747	128	128	0.416913573652338	0.875380107079364
K01449	group	GERD	-0.289736039617658	0.35240689227092	128	126	0.412537037467085	0.875380107079364
K01531	group	GERD	0.0774962940795117	0.0936149876038145	128	128	0.409338012961192	0.875380107079364
K01594	group	GERD	-0.211013588908776	0.258097233976354	128	19	0.415143796777057	0.875380107079364
K01653	group	GERD	0.0445846602476369	0.0545475249920035	128	128	0.415268770783447	0.875380107079364
K01663	group	GERD	-0.211013588908776	0.258097233976354	128	19	0.415143796777057	0.875380107079364
K01713	group	GERD	0.274891255884197	0.33833018130135	128	127	0.418040668420055	0.875380107079364
K01819	group	GERD	-0.102673005421577	0.121923190167838	128	128	0.401320708330255	0.875380107079364
K01820	group	GERD	0.330253260619573	0.405251368309237	128	125	0.416647569738456	0.875380107079364
K02012	group	GERD	0.0763248346016114	0.0919942936899048	128	128	0.408294937275202	0.875380107079364
K02418	group	GERD	0.224995727604958	0.273311054824742	128	128	0.411937022283787	0.875380107079364
K02459	group	GERD	0.376227056926245	0.452858902912545	128	122	0.407668234994884	0.875380107079364
K02469	group	GERD	-0.01490646005518	0.0182969689673012	128	128	0.416783744418547	0.875380107079364
K02470	group	GERD	-0.0148976425268575	0.0183086812615268	128	128	0.417355973704864	0.875380107079364
K02502	group	GERD	0.0670176573529101	0.082117856631202	128	128	0.41597427202977	0.875380107079364
K02614	group	GERD	0.0791838719413829	0.0973847241225641	128	128	0.417692416672051	0.875380107079364
K02784	group	GERD	-0.299802707659076	0.355079134648186	128	128	0.400087253011413	0.875380107079364
K02856	group	GERD	0.336615973599146	0.39951166591197	128	125	0.401066295341044	0.875380107079364
K03070	group	GERD	-0.0165006444538189	0.0202156956457836	128	128	0.41590941145405	0.875380107079364
K03113	group	GERD	-0.222502854945029	0.266452829741643	128	128	0.405267128077955	0.875380107079364
K03204	group	GERD	0.395712714551626	0.475983411833275	128	125	0.407344010621942	0.875380107079364
K03205	group	GERD	-0.0795447044426945	0.0978687646155003	128	128	0.417883525645339	0.875380107079364
K03324	group	GERD	-0.0523239537548702	0.0627747771743685	128	128	0.406129531801747	0.875380107079364
K03411	group	GERD	0.134447974815525	0.163424756212426	128	128	0.412238328084355	0.875380107079364
K03549	group	GERD	0.113220991136676	0.139348765636483	128	128	0.41803677447826	0.875380107079364
K03649	group	GERD	0.399351354001175	0.488556557359239	128	116	0.415236738378573	0.875380107079364
K03760	group	GERD	-0.223351446185933	0.266485705867709	128	128	0.403541058222632	0.875380107079364
K03794	group	GERD	0.313724923286305	0.376650877835229	128	39	0.406458608333243	0.875380107079364
K03833	group	GERD	-0.149408046304259	0.182396576452999	128	128	0.414254095828357	0.875380107079364
K04103	group	GERD	0.355956978809279	0.428428110770062	128	55	0.407633305725113	0.875380107079364
K04568	group	GERD	0.288776856448692	0.342513817030213	128	128	0.400764542993483	0.875380107079364
K04763	group	GERD	-0.0641284461912184	0.077699202409297	128	128	0.410737122122465	0.875380107079364
K05586	group	GERD	-0.211013588908776	0.258097233976354	128	19	0.415143796777057	0.875380107079364
K05587	group	GERD	-0.211013588908776	0.258097233976354	128	19	0.415143796777057	0.875380107079364
K05588	group	GERD	-0.211013588908776	0.258097233976354	128	19	0.415143796777057	0.875380107079364
K05591	group	GERD	0.19483000633464	0.234264575953579	128	128	0.407170563187008	0.875380107079364
K05606	group	GERD	0.0823791127269676	0.0996004742520955	128	128	0.409746517068528	0.875380107079364
K05937	group	GERD	0.342707536900862	0.421287848124813	128	125	0.417479786558059	0.875380107079364
K05966	group	GERD	0.41485516811019	0.501524159020376	128	108	0.409693888226303	0.875380107079364
K05967	group	GERD	-0.477062467231265	0.58177359485283	128	109	0.413756680965897	0.875380107079364
K06039	group	GERD	-0.327852805491441	0.399197320862671	128	115	0.413037986615889	0.875380107079364
K06151	group	GERD	0.392522986897901	0.471946918651226	128	83	0.407146093007856	0.875380107079364
K06152	group	GERD	0.392522986897901	0.471946918651226	128	83	0.407146093007856	0.875380107079364
K06283	group	GERD	-0.296091537830276	0.358225009332277	128	127	0.410053601495853	0.875380107079364
K06392	group	GERD	-0.296091537830276	0.358225009332277	128	127	0.410053601495853	0.875380107079364
K06394	group	GERD	-0.296091537830276	0.358225009332277	128	127	0.410053601495853	0.875380107079364
K06396	group	GERD	-0.296091537830276	0.358225009332277	128	127	0.410053601495853	0.875380107079364
K06397	group	GERD	-0.296091537830276	0.358225009332277	128	127	0.410053601495853	0.875380107079364
K06948	group	GERD	-0.0645440432186453	0.0775476025172114	128	128	0.406805833879098	0.875380107079364
K06971	group	GERD	0.433559637545015	0.521880393058572	128	49	0.40767819675306	0.875380107079364
K07071	group	GERD	-0.230227165623701	0.275781681699459	128	128	0.405400960048712	0.875380107079364
K07116	group	GERD	0.442370165702178	0.534774683877065	128	103	0.409682765389775	0.875380107079364
K07227	group	GERD	0.386538585140681	0.468967820607048	128	102	0.411364913828	0.875380107079364
K07234	group	GERD	0.217544253805589	0.262669334133805	128	128	0.409119982673816	0.875380107079364
K07306	group	GERD	0.547662276416739	0.671032867277259	128	66	0.415955645244608	0.875380107079364
K07665	group	GERD	0.414884819962409	0.500187477833502	128	117	0.408413601802776	0.875380107079364
K07699	group	GERD	-0.233591042564499	0.277321123911709	128	128	0.401209047252661	0.875380107079364
K07709	group	GERD	-0.211013588908776	0.258097233976354	128	19	0.415143796777057	0.875380107079364
K07718	group	GERD	-0.105529338865748	0.126002762603852	128	128	0.403888345214153	0.875380107079364
K07736	group	GERD	0.0954690522434985	0.113600152225574	128	128	0.402278604958031	0.875380107079364
K07743	group	GERD	-0.211013588908776	0.258097233976354	128	19	0.415143796777057	0.875380107079364
K07813	group	GERD	-0.287367342358646	0.342360591013788	128	128	0.402851231077907	0.875380107079364
K08994	group	GERD	-0.254322630356902	0.306829677194974	128	128	0.408744068715849	0.875380107079364
K09682	group	GERD	0.313724923286305	0.376650877835229	128	39	0.406458608333243	0.875380107079364
K09710	group	GERD	-0.012984993767762	0.0158030301786578	128	128	0.412812568262256	0.875380107079364
K09824	group	GERD	0.129247146720854	0.156660082700184	128	128	0.410921447326574	0.875380107079364
K09957	group	GERD	0.428703812589927	0.522767060475372	128	79	0.413726776339977	0.875380107079364
K10806	group	GERD	0.216695453742935	0.258691620322774	128	128	0.403808154603847	0.875380107079364
K10831	group	GERD	0.415653583600461	0.50620929763426	128	90	0.413134408251315	0.875380107079364
K11312	group	GERD	-0.282897140890663	0.335767391787363	128	125	0.401082746851313	0.875380107079364
K11733	group	GERD	0.0830894241395538	0.0986529343303816	128	128	0.401249583808831	0.875380107079364
K11890	group	GERD	0.409938380518943	0.500754605205309	128	94	0.414536719005742	0.875380107079364
K12685	group	GERD	-0.477508132483143	0.580127572714899	128	106	0.412001236546794	0.875380107079364
K12942	group	GERD	-0.198428612638873	0.243027805877297	128	128	0.41576366517227	0.875380107079364
K13016	group	GERD	0.470286838219041	0.576597351498228	128	115	0.416254175015226	0.875380107079364
K13530	group	GERD	-0.326728731436883	0.391779663375433	128	46	0.405881532497621	0.875380107079364
K13531	group	GERD	0.543468826540028	0.659519671497149	128	46	0.411475463066836	0.875380107079364
K13668	group	GERD	0.246273522366627	0.300735018475007	128	128	0.414386567631876	0.875380107079364
K13921	group	GERD	-0.512196013134824	0.612189776133777	128	70	0.404366486314029	0.875380107079364
K14126	group	GERD	-0.21101358890877	0.258097233976354	128	19	0.415143796777068	0.875380107079364
K14127	group	GERD	-0.21101358890877	0.258097233976354	128	19	0.415143796777068	0.875380107079364
K14128	group	GERD	-0.21101358890877	0.258097233976354	128	19	0.415143796777068	0.875380107079364
K15429	group	GERD	-0.211013588908776	0.258097233976354	128	19	0.415143796777057	0.875380107079364
K15598	group	GERD	-0.363584791742252	0.437851452436428	128	108	0.407892406075002	0.875380107079364
K16168	group	GERD	-0.316162239306693	0.374873637636384	128	57	0.400612247377536	0.875380107079364
K16213	group	GERD	-0.417069890980731	0.508601071660528	128	116	0.413745610552999	0.875380107079364
K16242	group	GERD	0.23112975685854	0.284211062723062	128	32	0.417618643175542	0.875380107079364
K16243	group	GERD	0.23112975685854	0.284211062723062	128	32	0.417618643175542	0.875380107079364
K16244	group	GERD	0.23112975685854	0.284211062723062	128	32	0.417618643175542	0.875380107079364
K16245	group	GERD	0.23112975685854	0.284211062723062	128	32	0.417618643175542	0.875380107079364
K16246	group	GERD	0.23112975685854	0.284211062723062	128	32	0.417618643175542	0.875380107079364
K16871	group	GERD	0.380970499202727	0.46483487645448	128	112	0.41400179995694	0.875380107079364
K17240	group	GERD	-0.353115530814462	0.431102608896737	128	33	0.414276753006334	0.875380107079364
K17992	group	GERD	-0.475028299808612	0.565199639972216	128	106	0.402241965412704	0.875380107079364
K18369	group	GERD	-0.157245730110728	0.189582058849945	128	128	0.408427704925044	0.875380107079364
K19048	group	GERD	-0.421964879572429	0.506544006435703	128	116	0.406405709398446	0.875380107079364
K19114	group	GERD	0.532818167330925	0.647426147104754	128	97	0.412074753382513	0.875380107079364
K19164	group	GERD	0.157741250567378	0.191980585537667	128	18	0.412826956041505	0.875380107079364
K19302	group	GERD	-0.0154159408017445	0.0182335642592659	128	128	0.399450864321692	0.875380107079364
K19339	group	GERD	-0.460880066490086	0.559094708317515	128	123	0.411308270305702	0.875380107079364
K19505	group	GERD	0.24813197935168	0.298772249570691	128	34	0.407823964951164	0.875380107079364
K01584	group	GERD	0.405828657377606	0.500043005509747	128	120	0.418558885522798	0.875552040170486
K03598	group	GERD	0.361691599017611	0.445869752438946	128	124	0.418777883785248	0.875552040170486
K11717	group	GERD	-0.0195935778424212	0.02415092809756	128	128	0.418724980511106	0.875552040170486
K18303	group	GERD	0.419080334548798	0.516563060735363	128	111	0.418731377202682	0.875552040170486
K02400	group	GERD	0.12145840991133	0.149801487766674	128	128	0.419011805435784	0.875698636379867
K04940	group	GERD	0.471127803645429	0.58207471644036	128	100	0.41981436382516	0.876527053884717
K07798	group	GERD	-0.185858608273076	0.229580286225284	128	128	0.419720311011091	0.876527053884717
K10232	group	GERD	0.351055427506114	0.433806415297327	128	123	0.419900072016229	0.876527053884717
K07559	group	GERD	-0.263280976665831	0.325509225205732	128	128	0.420138706751814	0.876682875212801
K07014	group	GERD	0.420567674547149	0.520263562869456	128	119	0.420398812301315	0.876883359564116
K13747	group	GERD	-0.235254663316246	0.291340829543757	128	128	0.420906271940459	0.877599426596605
K01507	group	GERD	0.0927134778386138	0.114916149753015	128	128	0.421306353553826	0.877691272695467
K07002	group	GERD	0.22399933063557	0.277937144474085	128	128	0.421798635867133	0.877691272695467
K09764	group	GERD	-0.277033984573789	0.343843799625053	128	125	0.42193538548959	0.877691272695467
K11202	group	GERD	-0.340732767700482	0.42282729766733	128	127	0.42185113561876	0.877691272695467
K13015	group	GERD	-0.384070277986755	0.475948067204028	128	124	0.421211084538616	0.877691272695467
K16856	group	GERD	0.376145123677769	0.466412522848467	128	49	0.421494652765128	0.877691272695467
K00027	group	GERD	-0.0331408008939845	0.0413701382870411	128	128	0.424593212008979	0.877942539461633
K00972	group	GERD	0.298051403556032	0.371551639677593	128	37	0.423959056848834	0.877942539461633
K01689	group	GERD	-0.0150007776484574	0.018664583724652	128	128	0.423082299286602	0.877942539461633
K01997	group	GERD	0.0702458237450653	0.0872482807653164	128	128	0.422263902158946	0.877942539461633
K03828	group	GERD	0.351813360393841	0.438295574709386	128	123	0.423668188513775	0.877942539461633
K06045	group	GERD	0.46056677459923	0.573554200323108	128	81	0.423484111576293	0.877942539461633
K07476	group	GERD	-0.34901793335287	0.435828379164752	128	84	0.424746171084226	0.877942539461633
K07641	group	GERD	0.390405250333743	0.487604594419249	128	118	0.424835918736381	0.877942539461633
K08151	group	GERD	0.237394076292548	0.295890352389879	128	128	0.423887654735501	0.877942539461633
K11692	group	GERD	-0.324350483886013	0.404936624612188	128	45	0.424644844016979	0.877942539461633
K13688	group	GERD	0.409128808032677	0.50924497674497	128	116	0.423254996383855	0.877942539461633
K13954	group	GERD	0.423330506565614	0.526836915163835	128	112	0.423180384641612	0.877942539461633
K16163	group	GERD	0.4426379356667	0.551304537486939	128	111	0.423549138737395	0.877942539461633
K17285	group	GERD	0.455997456546927	0.568490781324356	128	71	0.423994174850994	0.877942539461633
K18333	group	GERD	0.472231450845707	0.587072622258561	128	100	0.422690709476035	0.877942539461633
K18702	group	GERD	0.637821875930541	0.795499957740464	128	57	0.42418546551110897	0.877942539461633
K19221	group	GERD	0.103450416766785	0.129209882762442	128	128	0.424847989073559	0.877942539461633
K00848	group	GERD	-0.123611689847532	0.154691297687462	128	128	0.425744148934263	0.878097307176917
K02497	group	GERD	-0.348213579206741	0.435645273100178	128	84	0.42561762176089	0.878097307176917
K07152	group	GERD	0.209087613017288	0.261545064964487	128	128	0.425544191200177	0.878097307176917
K08094	group	GERD	0.379809549067274	0.474815039497988	128	73	0.425268155117052	0.878097307176917
K18331	group	GERD	-0.344844366779935	0.430950832192138	128	125	0.425104401685234	0.878097307176917
K00059	group	GERD	0.0231939863647217	0.0290412046129733	128	128	0.425991658619695	0.878268957570726
K11746	group	GERD	0.363338637466467	0.455158666845133	128	84	0.426216929916984	0.87839464430848
K02031	group	GERD	0.0423237931633672	0.0531415664878815	128	128	0.427277417959327	0.879901801390818
K18581	group	GERD	-0.437229130944533	0.548882790290174	128	117	0.427193289185982	0.879901801390818
K18893	group	GERD	0.252324345587329	0.317227767884425	128	128	0.427874184225713	0.88079144738955
K02839	group	GERD	-0.390085480045714	0.490644578934893	128	123	0.428081272406035	0.880878553611494
K13532	group	GERD	0.296309497367431	0.372855293663723	128	36	0.428280203417569	0.880948813955492
K10747	group	GERD	0.200415878155405	0.252579561388182	128	128	0.428992126961767	0.882073811822157
K00261	group	GERD	0.17191777368216	0.218230562137735	128	128	0.432304612214789	0.882155841937769
K00290	group	GERD	-0.226073256080335	0.289948446106183	128	128	0.43702867566444	0.882155841937769
K00476	group	GERD	0.553322819849099	0.705872116158209	128	88	0.434578491111	0.882155841937769
K00991	group	GERD	-0.0918365396798552	0.1177270865953	128	128	0.436806747725065	0.882155841937769
K01069	group	GERD	0.202547851145878	0.255668891367437	128	128	0.429717241413834	0.882155841937769
K01471	group	GERD	0.445921917985179	0.570345119722854	128	71	0.435771947031128	0.882155841937769
K01610	group	GERD	-0.0431564152834805	0.0552255320432697	128	128	0.435999259619223	0.882155841937769
K01895	group	GERD	0.0803488999771342	0.103000743376739	128	128	0.436806261733752	0.882155841937769
K01906	group	GERD	0.176450480514392	0.224832231858118	128	128	0.434038344102758	0.882155841937769
K02112	group	GERD	-0.00968814267249195	0.0124241544256522	128	128	0.436980987506593	0.882155841937769
K02421	group	GERD	0.117297510159787	0.149243620605221	128	128	0.433374337934692	0.882155841937769
K02586	group	GERD	-0.30094717977641	0.382430288197594	128	124	0.432798497230985	0.882155841937769
K02770	group	GERD	-0.0328582363223418	0.0420634205971742	128	128	0.436174001429784	0.882155841937769
K02823	group	GERD	-0.0495714124999835	0.0632260668585748	128	128	0.434491347666156	0.882155841937769
K03112	group	GERD	0.135704689777507	0.1718939560557	128	15	0.431321931007078	0.882155841937769
K03317	group	GERD	0.236014193073201	0.299159300519856	128	128	0.431637897358618	0.882155841937769
K03547	group	GERD	0.0432285934975953	0.0555015341416217	128	128	0.43751542354207	0.882155841937769
K03782	group	GERD	0.201361633458226	0.256544508548755	128	128	0.433985839418593	0.882155841937769
K05341	group	GERD	0.204708221422586	0.262539217820682	128	128	0.437015306901824	0.882155841937769
K05366	group	GERD	-0.0253670431390638	0.0321609022023264	128	128	0.431737321562619	0.882155841937769
K05597	group	GERD	0.337863747858694	0.43366400122935	128	96	0.437386876902441	0.882155841937769
K05936	group	GERD	0.0782566390748578	0.100284659431863	128	128	0.436651293722466	0.882155841937769
K06149	group	GERD	-0.298254612621337	0.382789342074687	128	116	0.437345701925368	0.882155841937769
K06195	group	GERD	0.239095129278062	0.304085730920486	128	128	0.433182410685521	0.882155841937769
K06205	group	GERD	0.34233791549881	0.437161104344446	128	114	0.435041756377924	0.882155841937769
K06219	group	GERD	0.135704689777507	0.1718939560557	128	15	0.431321931007078	0.882155841937769
K06281	group	GERD	0.179674211965398	0.229366668584773	128	128	0.434891998257894	0.882155841937769
K07004	group	GERD	-0.11913274919204	0.152830262180205	128	128	0.437140932144371	0.882155841937769
K07236	group	GERD	-0.301905950908014	0.386050243235805	128	116	0.435659395935139	0.882155841937769
K07237	group	GERD	-0.301905950908014	0.386050243235805	128	116	0.435659395935139	0.882155841937769
K07265	group	GERD	-0.489432510014814	0.620260371620308	128	119	0.431549913001721	0.882155841937769
K07782	group	GERD	0.313102432455536	0.397822105807573	128	82	0.432735576823323	0.882155841937769
K07791	group	GERD	-0.222110035794341	0.280980603422128	128	128	0.430731767965225	0.882155841937769
K08221	group	GERD	-0.40558617100338	0.515348474235961	128	82	0.432751838215126	0.882155841937769
K09123	group	GERD	0.352971381094895	0.448689402838419	128	115	0.432951011449137	0.882155841937769
K09457	group	GERD	0.0646980759991458	0.0821556218818655	128	128	0.432464391535063	0.882155841937769
K09789	group	GERD	-0.298606008929148	0.378017603009498	128	127	0.431054960713294	0.882155841937769
K09927	group	GERD	0.335596483418555	0.430254430865645	128	121	0.436856321803218	0.882155841937769
K10200	group	GERD	0.255959240705029	0.324260693674796	128	27	0.431383031951464	0.882155841937769
K10561	group	GERD	-0.413785490563902	0.524412519352974	128	58	0.43156744499989	0.882155841937769
K11942	group	GERD	-0.173656276485437	0.222592493082366	128	128	0.43676371186642	0.882155841937769
K12240	group	GERD	0.322551457537182	0.407774393411668	128	57	0.430427662688647	0.882155841937769
K13252	group	GERD	-0.203098693898439	0.258374255083004	128	128	0.433305802796607	0.882155841937769
K13788	group	GERD	0.0876697565605984	0.11162081985032	128	128	0.433678984228251	0.882155841937769
K14519	group	GERD	0.33118169176863	0.422762761220816	128	127	0.434877066684219	0.882155841937769
K16881	group	GERD	-0.405306596743044	0.520487051627667	128	101	0.437612662330521	0.882155841937769
K16926	group	GERD	-0.0623937498075606	0.0799820295384195	128	128	0.436796686162991	0.882155841937769
K18007	group	GERD	-0.223574474161429	0.283575537960158	128	22	0.431936352569547	0.882155841937769
K18029	group	GERD	0.429295891771029	0.548238871139726	128	95	0.435069795096579	0.882155841937769
K18133	group	GERD	-0.527817415088375	0.671251925141137	128	122	0.433157598793384	0.882155841937769
K18135	group	GERD	0.134365351581641	0.17215370378772	128	15	0.436562552237052	0.882155841937769
K19611	group	GERD	-0.495110787704725	0.627457955775727	128	106	0.431550991806124	0.882155841937769
K16868	group	GERD	-0.0778458791617865	0.100071206393701	128	128	0.438083346232756	0.882771793803359
K00394	group	GERD	-0.331670522690653	0.427006358444991	128	54	0.438771226855365	0.883159254054511
K00395	group	GERD	-0.331670522690653	0.427006358444991	128	54	0.438771226855365	0.883159254054511
K08303	group	GERD	-0.0628547540853397	0.0809053227387431	128	128	0.43867815620662	0.883159254054511
K03692	group	GERD	0.133676545907796	0.172297547112488	128	15	0.439293115987696	0.883544393555388
K12055	group	GERD	-0.430305720265983	0.554585647093263	128	48	0.439259088495051	0.883544393555388
K02009	group	GERD	-0.173578646168211	0.224336012611094	128	128	0.440531486493252	0.885346952364612
K09914	group	GERD	0.373248588542794	0.482556537977573	128	99	0.440686165402587	0.885346952364612
K15746	group	GERD	-0.21872622914697	0.282742354809093	128	128	0.440623148935664	0.885346952364612
K00557	group	GERD	-0.190027589959119	0.246171731390104	128	128	0.441600693618099	0.886185175706591
K00965	group	GERD	-0.0437022821996066	0.0566042171509327	128	128	0.441520079612847	0.886185175706591
K02385	group	GERD	-0.2170510707087	0.280989036757581	128	127	0.441292176180412	0.886185175706591
K03559	group	GERD	0.0776179530179327	0.100600964244325	128	128	0.441829804202656	0.88631224512848
K10353	group	GERD	0.456589029400273	0.592022015041779	128	44	0.442010621655042	0.886342379357784
K02401	group	GERD	0.115666581264197	0.150043787750502	128	128	0.442217944263698	0.88634973679534
K13497	group	GERD	-0.131697424773641	0.17088716474085	128	128	0.442345884356522	0.88634973679534
K00064	group	GERD	-0.35491708529586	0.462981983046742	128	40	0.44475956882684903	0.886941902623963
K00086	group	GERD	0.569218781440814	0.749079323864161	128	53	0.44873909252335	0.886941902623963
K00311	group	GERD	0.244912055696409	0.325558964313776	128	128	0.453284730156774	0.886941902623963
K00335	group	GERD	0.0888340115746553	0.117645839507594	128	128	0.451599963958183	0.886941902623963
K00380	group	GERD	0.231218468591804	0.30491961368982	128	128	0.449691502484862	0.886941902623963
K00436	group	GERD	-0.258451289555932	0.337037239816156	128	27	0.444615212069598	0.886941902623963
K00856	group	GERD	0.345787425411358	0.45713649076296	128	124	0.450809092350308	0.886941902623963
K00879	group	GERD	-0.347695649424098	0.456680900307709	128	49	0.447868508446808	0.886941902623963
K00966	group	GERD	0.373769355975691	0.492837412901325	128	114	0.449626042292443	0.886941902623963
K00990	group	GERD	0.197570293146047	0.261560119224584	128	128	0.451446727723704	0.886941902623963
K01192	group	GERD	-0.338173303374526	0.447546279207385	128	128	0.451289481850996	0.886941902623963
K01235	group	GERD	-0.41284538539836	0.538889216459061	128	71	0.44504705160981	0.886941902623963
K01880	group	GERD	-0.0840062281924671	0.111476603764794	128	128	0.452508992647137	0.886941902623963
K01902	group	GERD	0.0656720515110624	0.087357113350876	128	128	0.453594133791813	0.886941902623963
K01903	group	GERD	0.0656573831673441	0.0873571304143157	128	128	0.453694861706292	0.886941902623963
K01921	group	GERD	-0.0151875641225431	0.0197958373176262	128	128	0.444391906580333	0.886941902623963
K01996	group	GERD	0.0642430797088992	0.0853157273378938	128	128	0.452852164917421	0.886941902623963
K01998	group	GERD	0.0643430139523948	0.0852667366494827	128	128	0.451891936817581	0.886941902623963
K02113	group	GERD	-0.00969060910863726	0.0128513785368857	128	128	0.452224815526283	0.886941902623963
K02355	group	GERD	-0.027242385686411	0.0362643589000614	128	128	0.453923128615631	0.886941902623963
K02429	group	GERD	-0.117501614276361	0.156362382726208	128	128	0.453771265046978	0.886941902623963
K02444	group	GERD	0.16027713648289801	0.209455803778612	128	128	0.445578957104667	0.886941902623963
K02507	group	GERD	0.182197296539404	0.238695267178526	128	128	0.44670832784752	0.886941902623963
K02521	group	GERD	-0.341633396214411	0.450433645154858	128	108	0.449595350983335	0.886941902623963
K02538	group	GERD	0.279673122788357	0.370298718478102	128	38	0.451500362142021	0.886941902623963
K02841	group	GERD	0.133879008849219	0.174202609804885	128	128	0.44361358329698	0.886941902623963
K03446	group	GERD	0.235954231136786	0.30927982414802	128	128	0.446940043647664	0.886941902623963
K03500	group	GERD	0.025512151139812	0.0335083306737783	128	128	0.447860290813578	0.886941902623963
K03686	group	GERD	-0.0137380140695277	0.0179181366333689	128	128	0.444688127021484	0.886941902623963
K03690	group	GERD	0.391646845335522	0.518274359487469	128	126	0.451254609251589	0.886941902623963
K03776	group	GERD	0.249196235208675	0.326270090503546	128	128	0.44643045068133	0.886941902623963
K03887	group	GERD	-0.330800395791465	0.43774965535044	128	83	0.451249100101788	0.886941902623963
K03888	group	GERD	-0.330800395791465	0.43774965535044	128	83	0.451249100101788	0.886941902623963
K05946	group	GERD	0.0896509000460986	0.118174877687915	128	128	0.449491212409923	0.886941902623963
K06042	group	GERD	0.0741949754561841	0.0986948152209163	128	128	0.453596365730103	0.886941902623963
K06349	group	GERD	-0.330800395791465	0.43774965535044	128	83	0.451249100101788	0.886941902623963
K06415	group	GERD	0.36496749304693	0.474545004574868	128	105	0.443279568475974	0.886941902623963
K07148	group	GERD	-0.374771746885252	0.492720212074907	128	127	0.448306437118132	0.886941902623963
K07225	group	GERD	0.222111495017075	0.295309486382436	128	128	0.453374872675285	0.886941902623963
K07404	group	GERD	-0.0833040424833721	0.110703910531095	128	128	0.453157486417464	0.886941902623963
K07464	group	GERD	-0.249475630424979	0.324137393482329	128	127	0.44294203001213	0.886941902623963
K07640	group	GERD	0.317810308942762	0.415513589600063	128	114	0.445784250217477	0.886941902623963
K07723	group	GERD	-0.288172560320336	0.374985185247159	128	123	0.443633809097185	0.886941902623963
K08322	group	GERD	-0.257570060184249	0.341106583564602	128	42	0.45159728592775	0.886941902623963
K08681	group	GERD	0.0665663325791427	0.0869445968432764	128	128	0.445335541566879	0.886941902623963
K08715	group	GERD	0.314520077338034	0.414148603967797	128	124	0.449009237673813	0.886941902623963
K09014	group	GERD	-0.0182904829138035	0.0242094272961848	128	128	0.451352603559444	0.886941902623963
K09141	group	GERD	-0.233341927871423	0.307636024241981	128	119	0.44956817515649	0.886941902623963
K09161	group	GERD	-0.169332956766642	0.225198203282806	128	15	0.453496339256143	0.886941902623963
K09819	group	GERD	0.105135524407101	0.138927972991398	128	128	0.450604697737877	0.886941902623963
K09820	group	GERD	0.0945109789010349	0.123819761456157	128	128	0.446714407114766	0.886941902623963
K09858	group	GERD	0.0784435123010975	0.102402549699268	128	128	0.445090637721598	0.886941902623963
K09942	group	GERD	0.204735272615367	0.270243757544979	128	15	0.45010809666723	0.886941902623963
K10027	group	GERD	0.19628656284183	0.260802933930533	128	128	0.453079661598048	0.886941902623963
K10039	group	GERD	0.117195248728917	0.155583002589163	128	128	0.452695803481302	0.886941902623963
K10041	group	GERD	0.113812264211319	0.150355363768292	128	128	0.450489883643824	0.886941902623963
K11070	group	GERD	-0.0438557756081071	0.0579400609548759	128	128	0.450513075339157	0.886941902623963
K11904	group	GERD	0.406225876959588	0.540394349236764	128	125	0.453620611522686	0.886941902623963
K13770	group	GERD	-0.400971738635817	0.530406731227	128	86	0.451078017225976	0.886941902623963
K13875	group	GERD	0.326889924604084	0.425032137400549	128	78	0.443276439293059	0.886941902623963
K14392	group	GERD	-0.191220894377583	0.252591202002155	128	128	0.450440991902026	0.886941902623963
K14979	group	GERD	0.182164382486203	0.240757291505092	128	18	0.450683523517524	0.886941902623963
K16066	group	GERD	-0.316470933792428	0.419158947571336	128	120	0.451649453062411	0.886941902623963
K16421	group	GERD	0.182164382486203	0.240757291505092	128	18	0.450683523517524	0.886941902623963
K17472	group	GERD	-0.339580191901995	0.442065641801775	128	85	0.443825330030201	0.886941902623963
K18383	group	GERD	0.200410708253106	0.266211918190319	128	24	0.452959948455242	0.886941902623963
K18541	group	GERD	0.391689947068634	0.510800576313753	128	90	0.444625429999061	0.886941902623963
K18930	group	GERD	0.23526354552058	0.308589616908632	128	128	0.447256153996939	0.886941902623963
K15460	group	GERD	-0.170078378859886	0.226515543926926	128	128	0.45414508039607	0.886955207929984
K18427	group	GERD	-0.284773717884923	0.379368564677326	128	124	0.454261758195342	0.886955207929984
K19431	group	GERD	0.340604484880603	0.454010045868257	128	111	0.454524714001875	0.887144622509683
K19504	group	GERD	-0.308335775983067	0.411590031928079	128	49	0.455173181184564	0.888086068106818
K07308	group	GERD	0.57577924079008	0.770121773602072	128	67	0.456066179777822	0.889503756691804
K01635	group	GERD	-0.0823658939923388	0.110346866660184	128	128	0.456799889384452	0.890315660413898
K02392	group	GERD	0.123045525385914	0.1649740602249	128	128	0.457148613512187	0.890315660413898
K03457	group	GERD	0.233529101113366	0.31306408180292	128	127	0.457089059621068	0.890315660413898
K09688	group	GERD	-0.460424991794978	0.616900895367356	128	119	0.456845313056169	0.890315660413898
K02024	group	GERD	0.341510620028769	0.458648965704252	128	34	0.457899289036971	0.891128357914688
K12263	group	GERD	-0.326258764339164	0.438040269526939	128	83	0.457770812410695	0.891128357914688
K10221	group	GERD	0.30657880945942	0.412182649753025	128	45	0.458386134713888	0.891751192205401
K03195	group	GERD	0.357705090699584	0.481691320344539	128	125	0.459104688217001	0.892175086589635
K07270	group	GERD	0.170236327448735	0.229090658766418	128	128	0.458806893599787	0.892175086589635
K10543	group	GERD	0.308156320093599	0.414928936246217	128	126	0.459062323231214	0.892175086589635
K00886	group	GERD	0.092237004903192	0.124594143316761	128	128	0.460495411851966	0.892869811017406
K01156	group	GERD	-0.213434189733285	0.288241012595115	128	128	0.460391694395212	0.892869811017406
K01191	group	GERD	-0.127337914649269	0.171701643552274	128	128	0.459695782411878	0.892869811017406
K01270	group	GERD	-0.137851047329559	0.186380164674706	128	128	0.460904591927689	0.892869811017406
K03676	group	GERD	0.247785438995803	0.33506138445929	128	128	0.460965334531994	0.892869811017406
K06395	group	GERD	-0.445045292157139	0.600958502943543	128	110	0.460338608839265	0.892869811017406
K07113	group	GERD	0.191984615797332	0.259358634731424	128	128	0.46053852983038	0.892869811017406
K07149	group	GERD	-0.332708046605643	0.449308871525974	128	110	0.460381290380812	0.892869811017406
K10947	group	GERD	-0.0412030102000116	0.0556927247616967	128	128	0.460780882002225	0.892869811017406
K01960	group	GERD	-0.217837994635091	0.294828665405944	128	128	0.461364328650473	0.893091597986876
K06385	group	GERD	-0.261000699748703	0.353285612463509	128	127	0.461413953168678	0.893091597986876
K02039	group	GERD	0.0337029267209172	0.0457535049007857	128	128	0.462723041267305	0.894445367666462
K07405	group	GERD	-0.21682174255332	0.29424596626965	128	128	0.462569777270003	0.894445367666462
K11537	group	GERD	-0.23146657704838	0.31398593973157	128	128	0.462378734362094	0.894445367666462
K16074	group	GERD	0.357921648476127	0.485962404173966	128	88	0.462782620083321	0.894445367666462
K00177	group	GERD	-0.211154670851316	0.287405370260972	128	128	0.463891727396005	0.896264970964599
K00240	group	GERD	0.0606616968329985	0.082676930131249	128	128	0.464482611083098	0.896597878570637
K00702	group	GERD	-0.420923561527305	0.574153921660419	128	65	0.464847175467172	0.896597878570637
K06285	group	GERD	-0.383581801096074	0.523211849667714	128	84	0.464841510829515	0.896597878570637
K10192	group	GERD	-0.275548717994078	0.376046056011683	128	44	0.465070317485293	0.896597878570637
K12585	group	GERD	-0.440441884210256	0.600866629223045	128	111	0.464913211215665	0.896597878570637
K16927	group	GERD	-0.141405594386064	0.192774435658264	128	128	0.464598630948046	0.896597878570637
K05603	group	GERD	0.377322550283116	0.515338488637049	128	104	0.465416066727577	0.89661776314437
K06916	group	GERD	0.209290359507672	0.285813180476342	128	128	0.465368094682569	0.89661776314437
K18005	group	GERD	-0.181359769147331	0.247949341478601	128	21	0.465869310057189	0.897167626644716
K02362	group	GERD	0.130096364927238	0.177943732293122	128	15	0.466069659737865	0.897230248814774
K01520	group	GERD	-0.0149345805172438	0.0204396982930073	128	128	0.466340019538159	0.89742755379805506
K03093	group	GERD	-0.375287123295646	0.514120772132773	128	94	0.466770148798798	0.897932067462532
K01640	group	GERD	0.224499413903679	0.308219780378935	128	128	0.467735930266688	0.898862854953504
K06282	group	GERD	0.168738243919521	0.231521618490423	128	128	0.467462536571022	0.898862854953504
K19119	group	GERD	-0.420705142450395	0.577623822046716	128	118	0.467758410490207	0.898862854953504
K07011	group	GERD	-0.129048821408091	0.177324924605374	128	128	0.468114733592437	0.899224349904839
K00058	group	GERD	0.0203384026545856	0.028088758153274	128	128	0.470361194487889	0.89938126303424
K00452	group	GERD	0.384490442810914	0.530071772043245	128	97	0.469579029420531	0.89938126303424
K00895	group	GERD	-0.139449598839298	0.192599344253982	128	128	0.470383466412969	0.89938126303424
K00978	group	GERD	-0.260261234644286	0.358238404072708	128	125	0.468878037732503	0.89938126303424
K01626	group	GERD	0.0583074345451631	0.0804555397026351	128	128	0.469969791643625	0.89938126303424
K01669	group	GERD	0.140795373781447	0.194316951213345	128	128	0.470061907682972	0.89938126303424
K01696	group	GERD	0.0391274868587949	0.0539155805227595	128	128	0.469357703716219	0.89938126303424
K01800	group	GERD	0.331121371427988	0.455314222469364	128	118	0.468429835439101	0.89938126303424
K03072	group	GERD	0.0630837286563313	0.0870975229935146	128	128	0.470231402242379	0.89938126303424
K05501	group	GERD	0.309308749067669	0.426559771800319	128	126	0.469720459362432	0.89938126303424
K07486	group	GERD	-0.304114208795576	0.419360198998829	128	128	0.469682498991989	0.89938126303424
K10560	group	GERD	-0.379540218934839	0.523542484825939	128	54	0.4698290827049	0.89938126303424
K15269	group	GERD	0.383172554505603	0.52740188350152	128	119	0.468862332932646	0.89938126303424
K03704	group	GERD	0.0380901939929604	0.0526771465596354	128	128	0.470966177088376	0.899541698661471
K05964	group	GERD	0.355094756979971	0.491087857274302	128	106	0.470972168827807	0.899541698661471
K06908	group	GERD	-0.502381373444732	0.694373781020493	128	73	0.470712069671774	0.899541698661471
K00176	group	GERD	-0.206364172428378	0.285737359940401	128	128	0.471499779024846	0.899585231501365
K02851	group	GERD	0.0517234745900186	0.0715971455845179	128	128	0.471372730864044	0.899585231501365
K07167	group	GERD	0.383552579884461	0.53083780099718	128	112	0.471300307087174	0.899585231501365
K00989	group	GERD	0.0687682920216245	0.0953127234398925	128	128	0.471937617064609	0.899817774424549
K14083	group	GERD	0.429537035708684	0.595365362579106	128	108	0.471958293955562	0.899817774424549
K00038	group	GERD	0.386911455067407	0.537237036580697	128	101	0.472743384940408	0.900220847987943
K03074	group	GERD	0.062898556316983	0.0872681323556019	128	128	0.472398095132914	0.900220847987943
K06211	group	GERD	-0.307471212682596	0.426988217330908	128	127	0.472801443884096	0.900220847987943
K11731	group	GERD	0.319650888723882	0.443944283586388	128	81	0.472843273690637	0.900220847987943
K01277	group	GERD	-0.214386744171584	0.298155166609989	128	128	0.4734451121345	0.90048246185823
K01995	group	GERD	0.059988080873443	0.0834352575754319	128	128	0.47348600828348	0.90048246185823
K03428	group	GERD	0.190360380653162	0.264596341303899	128	13	0.473204020336958	0.90048246185823
K01911	group	GERD	-0.0653353269618598	0.0909722964914157	128	128	0.473970180518725	0.90076238359513
K06015	group	GERD	0.19304329634518	0.268714678881476	128	128	0.473843764496146	0.90076238359513
K00232	group	GERD	0.387565569892872	0.545575104279232	128	111	0.478781372498313	0.900938126496298
K00381	group	GERD	0.224430100345362	0.314926593391917	128	128	0.47738459518574	0.900938126496298
K00412	group	GERD	0.184545519433884	0.25867963446449	128	128	0.476909278538932	0.900938126496298
K00413	group	GERD	0.186235997165618	0.260769661925051	128	128	0.476437966757251	0.900938126496298
K02651	group	GERD	0.314404347777503	0.442464175212495	128	125	0.478660315871512	0.900938126496298
K03326	group	GERD	0.159176649756038	0.222789702084813	128	128	0.476257922858662	0.900938126496298
K03604	group	GERD	-0.214266918373572	0.29881400500656	128	127	0.474665570551161	0.900938126496298
K03756	group	GERD	0.165877237026588	0.231802578196093	128	128	0.475564208820412	0.900938126496298
K03783	group	GERD	-0.038651638557787	0.0544069305383687	128	128	0.47875808912698	0.900938126496298
K03897	group	GERD	0.285719255333167	0.401830301950219	128	57	0.478370814278373	0.900938126496298
K04343	group	GERD	-0.328162742633395	0.458175157275953	128	88	0.475169403696822	0.900938126496298
K06206	group	GERD	0.093131545121546	0.129937873619041	128	128	0.474861602008957	0.900938126496298
K06383	group	GERD	-0.336926701986228	0.472862664096156	128	122	0.477456819550645	0.900938126496298
K07150	group	GERD	-0.0446396707297155	0.0626046570267531	128	128	0.477139047031723	0.900938126496298
K07787	group	GERD	-0.178679282334436	0.249525033822139	128	128	0.475268483932799	0.900938126496298
K09116	group	GERD	-0.24415809284285	0.340320360149917	128	119	0.474433049359982	0.900938126496298
K09126	group	GERD	0.262400184550137	0.366667444196903	128	28	0.475540625016988	0.900938126496298
K09962	group	GERD	-0.091600079591886	0.127652269875881	128	128	0.47434762972607	0.900938126496298
K11250	group	GERD	-0.395128658011423	0.555089709955698	128	85	0.477886888311991	0.900938126496298
K11712	group	GERD	0.297999444655892	0.419114273181326	128	105	0.478384788672681	0.900938126496298
K13018	group	GERD	-0.254109996733236	0.357483660547463	128	128	0.478503521070297	0.900938126496298
K13777	group	GERD	0.315343718793153	0.441413282283452	128	81	0.4763039896747	0.900938126496298
K13778	group	GERD	0.315343718793153	0.441413282283452	128	81	0.4763039896747	0.900938126496298
K14415	group	GERD	-0.210666395395229	0.296163495829235	128	128	0.478202050143316	0.900938126496298
K16149	group	GERD	-0.280592915673304	0.393119241070785	128	126	0.476695445895998	0.900938126496298
K17245	group	GERD	0.27360749597734	0.383839368336006	128	43	0.477276587654131	0.900938126496298
K17246	group	GERD	0.27360749597734	0.383839368336006	128	43	0.477276587654131	0.900938126496298
K19510	group	GERD	0.35801982785293	0.50085837682052	128	22	0.4760472234351	0.900938126496298
K00483	group	GERD	-0.232877646544763	0.328630401153751	128	38	0.479862578033899	0.901703038193096
K00619	group	GERD	0.17126897996389	0.24153606204922	128	128	0.479583294675246	0.901703038193096
K00757	group	GERD	-0.163464873128915	0.230883012601679	128	128	0.480253705736778	0.901703038193096
K01278	group	GERD	-0.157516825821996	0.222387042022731	128	128	0.480067033967811	0.901703038193096
K03410	group	GERD	-0.220982638226073	0.312204768988391	128	126	0.480368547095761	0.901703038193096
K06871	group	GERD	-0.114710830860086	0.161701485399364	128	128	0.47938772173527	0.901703038193096
K19117	group	GERD	-0.408020543981404	0.57607507573684	128	118	0.480081694080999	0.901703038193096
K01466	group	GERD	0.209399461291919	0.29647302261851	128	127	0.481304397665798	0.902608990076512
K03578	group	GERD	0.0922066176468585	0.13059670665443	128	128	0.481466124872796	0.902608990076512
K04487	group	GERD	-0.0347146989967591	0.0491749015106048	128	128	0.481526531930081	0.902608990076512
K07038	group	GERD	0.272302780111772	0.385500611499647	128	127	0.481267491230479	0.902608990076512
K03605	group	GERD	0.15934336178582	0.225837986846819	128	128	0.481761148400434	0.902732246529519
K03699	group	GERD	-0.0269426750643381	0.038209276725934	128	128	0.482028083897279	0.902915955331063
K03738	group	GERD	0.354504784309922	0.503107642302334	128	105	0.482340859026429	0.903185370352115
K00754	group	GERD	0.163335867573794	0.232750910796376	128	128	0.484121494321183	0.903209711604333
K02045	group	GERD	0.211520023588572	0.30113163976994	128	128	0.483714693939139	0.903209711604333
K03332	group	GERD	0.0885886915396118	0.126606774793671	128	128	0.485394968469743	0.903209711604333
K05375	group	GERD	0.401864425710849	0.571019882348832	128	80	0.482876992628703	0.903209711604333
K05970	group	GERD	-0.154796250232433	0.219921537067165	128	128	0.48281227273372	0.903209711604333
K06133	group	GERD	0.219209490058195	0.312176049816567	128	128	0.483850669090513	0.903209711604333
K07216	group	GERD	0.174964582028056	0.249621915066505	128	128	0.484646376501063	0.903209711604333
K09164	group	GERD	-0.212706089861059	0.303203761696827	128	128	0.48426695491753	0.903209711604333
K10559	group	GERD	-0.3672457504733	0.523882880063639	128	57	0.484591025981608	0.903209711604333
K13929	group	GERD	0.325166999251032	0.46464111620121	128	90	0.485327285474575	0.903209711604333
K13930	group	GERD	0.325166999251032	0.46464111620121	128	90	0.485327285474575	0.903209711604333
K13931	group	GERD	0.325166999251032	0.46464111620121	128	90	0.485327285474575	0.903209711604333
K13932	group	GERD	0.325166999251032	0.46464111620121	128	90	0.485327285474575	0.903209711604333
K13933	group	GERD	0.325166999251032	0.46464111620121	128	90	0.485327285474575	0.903209711604333
K13934	group	GERD	0.325166999251032	0.46464111620121	128	90	0.485327285474575	0.903209711604333
K14153	group	GERD	-0.321582747887035	0.459161469969351	128	121	0.484987726034655	0.903209711604333
K16963	group	GERD	-0.223809892625136	0.319032200919609	128	127	0.48426753750915	0.903209711604333
K19142	group	GERD	-0.462748467906513	0.657561852852636	128	70	0.482897062600279	0.903209711604333
K07151	group	GERD	-0.239865023796075	0.343031898491912	128	119	0.485684684409722	0.903434350332071
K03620	group	GERD	0.159000099779236	0.227713322345463	128	128	0.486309522382525	0.904281984924167
K01485	group	GERD	0.232574499161802	0.333295860192189	128	128	0.486586769012537	0.904482916252094
K05566	group	GERD	-0.128708250196117	0.184528026889254	128	128	0.486775160082569	0.904518597775952
K18248	group	GERD	0.292572432434411	0.419662765468822	128	55	0.486986490656612	0.904596865549079
K00100	group	GERD	0.06884186471954	0.0989239602786118	128	128	0.487768779190239	0.905735287791253
K00248	group	GERD	0.0916213758880718	0.131715669971867	128	128	0.487960547604726	0.905776766491273
K06384	group	GERD	-0.363440546803573	0.522781760352775	128	117	0.488206899096032	0.905919501064695
K06183	group	GERD	-0.0464228918321389	0.0668019933018386	128	128	0.48837699554555	0.905920686393654
K02825	group	GERD	0.0441127707032015	0.0636784151860831	128	128	0.489745736874699	0.906061805832032
K04561	group	GERD	0.166588824572227	0.240426857111999	128	128	0.489655139946619	0.906061805832032
K06890	group	GERD	-0.0313422090232425	0.0451540014879522	128	128	0.488885945375847	0.906061805832032
K07390	group	GERD	0.22333937015078	0.322698069990156	128	128	0.490147912919236	0.906061805832032
K08973	group	GERD	0.174614341473557	0.251887893533646	128	128	0.489445827101413	0.906061805832032
K13059	group	GERD	-0.44695250200517	0.645467880895803	128	105	0.489930657118323	0.906061805832032
K13928	group	GERD	0.310552577379316	0.448518712821654	128	78	0.489962743445696	0.906061805832032
K15125	group	GERD	-0.243061121045934	0.351093727069376	128	128	0.490024730854017	0.906061805832032
K16331	group	GERD	-0.44684047103869	0.645446893606134	128	105	0.490025170304348	0.906061805832032
K16907	group	GERD	0.424297224724587	0.61212189899006	128	90	0.489486092345379	0.906061805832032
K00209	group	GERD	-0.194086431072326	0.281154785449694	128	128	0.491263359094331	0.907057107811276
K00241	group	GERD	0.0573265586080575	0.0837087524276282	128	128	0.494706835439092	0.907057107811276
K00571	group	GERD	-0.0399700937764856	0.0583729848527635	128	128	0.494768062181313	0.907057107811276
K00801	group	GERD	0.276416464734093	0.401730267603767	128	32	0.492676746445518	0.907057107811276
K01167	group	GERD	0.293491683582923	0.425342235737069	128	111	0.4914549629986	0.907057107811276
K01804	group	GERD	-0.133367095401652	0.194542794052114	128	128	0.494261854317987	0.907057107811276
K02067	group	GERD	0.0670336085031959	0.0979990714877106	128	128	0.495216817062692	0.907057107811276
K02291	group	GERD	0.208672821064337	0.304520411167793	128	128	0.494444486463706	0.907057107811276
K02654	group	GERD	-0.0552525676390451	0.0806659066130685	128	128	0.49463002382944	0.907057107811276
K03487	group	GERD	-0.28537753059477	0.417253709705971	128	44	0.495267433165192	0.907057107811276
K03532	group	GERD	0.185889300890263	0.270849186329566	128	125	0.493772175201198	0.907057107811276
K05844	group	GERD	0.240954535508368	0.350581624425858	128	124	0.493157225730499	0.907057107811276
K07271	group	GERD	-0.11064552888901	0.161187288103431	128	128	0.493696489154575	0.907057107811276
K07458	group	GERD	-0.241654954584705	0.350150240220739	128	128	0.491371332644366	0.907057107811276
K07692	group	GERD	-0.260767890124976	0.377702862666484	128	55	0.491209433864885	0.907057107811276
K09181	group	GERD	-0.196265966923768	0.285885080841826	128	128	0.493646413857216	0.907057107811276
K10942	group	GERD	0.15915434677946	0.232485204337224	128	31	0.49486730767912	0.907057107811276
K11065	group	GERD	-0.0463079578242099	0.0673711369382496	128	128	0.493121655319369	0.907057107811276
K11180	group	GERD	-0.184205146075361	0.269207896849049	128	22	0.495074744545263	0.907057107811276
K11181	group	GERD	-0.184205146075361	0.269207896849049	128	22	0.495074744545263	0.907057107811276
K12295	group	GERD	-0.116719266298811	0.17053924315739	128	128	0.494971386557854	0.907057107811276
K12941	group	GERD	0.145457322991577	0.211094962267086	128	128	0.492051753337132	0.907057107811276
K13498	group	GERD	-0.312309154224461	0.455813287281589	128	122	0.494495823218912	0.907057107811276
K13714	group	GERD	0.438692973227136	0.63788324493085	128	59	0.492885384733277	0.907057107811276
K16885	group	GERD	-0.184205146075361	0.269207896849049	128	22	0.495074744545263	0.907057107811276
K16886	group	GERD	-0.184205146075361	0.269207896849049	128	22	0.495074744545263	0.907057107811276
K16887	group	GERD	-0.184205146075361	0.269207896849049	128	22	0.495074744545263	0.907057107811276
K12472	group	GERD	0.14854497728849	0.217324804443037	128	128	0.495535874512656	0.907237940118033
K13652	group	GERD	0.292838084327106	0.428771079853928	128	126	0.495879207753087	0.907555715387883
K03801	group	GERD	0.0791744049337041	0.115985255415425	128	128	0.496097104349659	0.907643778183872
K00867	group	GERD	0.0635270144556035	0.0931293043595103	128	128	0.496403913444406	0.907735905146549
K13727	group	GERD	0.410135530490017	0.601366616797884	128	37	0.496487053245138	0.907735905146549
K02668	group	GERD	0.358283716724957	0.526547332248031	128	126	0.49747450238613	0.908681900950748
K11711	group	GERD	0.270573613064235	0.397682190906639	128	104	0.49751438909144	0.908681900950748
K17244	group	GERD	0.266191479560073	0.391226899479023	128	43	0.497498432862573	0.908681900950748
K00797	group	GERD	0.0806929463054991	0.118822285220886	128	128	0.498316158793706	0.909293024756958
K06605	group	GERD	0.3912639090578	0.576203329509332	128	108	0.498359252251756	0.909293024756958
K18334	group	GERD	0.30322613552227	0.446220165156429	128	87	0.498039880815482	0.909293024756958
K01661	group	GERD	-0.0607487857815998	0.0895604155928907	128	128	0.498825643112515	0.909833465738486
K01629	group	GERD	-0.0991411923874992	0.146426375671133	128	128	0.499601502827513	0.910006689647661
K03169	group	GERD	-0.103505533685651	0.152710836426116	128	128	0.499149016563923	0.910006689647661
K03886	group	GERD	-0.295469339505811	0.436219961573651	128	84	0.499431872251439	0.910006689647661
K12267	group	GERD	-0.0402099590537782	0.0593747052557988	128	128	0.499505543230925	0.910006689647661
K13995	group	GERD	0.323949046069062	0.479572468897451	128	82	0.500598830024075	0.911202364762924
K14986	group	GERD	0.36672938588663	0.54285218018913	128	75	0.500557810856955	0.911202364762924
K13818	group	GERD	0.160869223630615	0.238274266897496	128	128	0.500821929872068	0.911298174641279
K00242	group	GERD	0.19028592024397	0.282376929953611	128	128	0.501627008388766	0.911339362049286
K05396	group	GERD	0.380843632636679	0.564441243397823	128	73	0.501085531235233	0.911339362049286
K09680	group	GERD	-0.184060241490637	0.273292091170479	128	128	0.501867392793321	0.911339362049286
K14597	group	GERD	-0.35402771524581	0.525192263890092	128	69	0.501487868003984	0.911339362049286
K16873	group	GERD	0.37729310160142	0.560037221783163	128	71	0.501740535599761	0.911339362049286
K18816	group	GERD	-0.114817583102742	0.170387902896601	128	128	0.501634677282261	0.911339362049286
K16899	group	GERD	0.0574832787901055	0.0854472787251959	128	128	0.502348520099744	0.911903289797361
K01910	group	GERD	-0.21392659332697	0.318820127645406	128	125	0.503452133396218	0.913286428617639
K18475	group	GERD	-0.292439205694228	0.435760646427511	128	123	0.503384891308506	0.913286428617639
K01963	group	GERD	-0.0391427877700758	0.0583801062381913	128	128	0.503777908273405	0.91356740082416
K07341	group	GERD	0.197975086930737	0.295656549569573	128	128	0.504330571096656	0.914259489007366
K16363	group	GERD	-0.150125415655895	0.224376425470521	128	128	0.504669560135379	0.914387086850728
K19350	group	GERD	-0.100723923900121	0.150567301513443	128	128	0.504743040272446	0.914387086850728
K00948	group	GERD	-0.0169306386347244	0.0253717179897781	128	128	0.505798513444127	0.91454100078474
K01690	group	GERD	0.236688532485729	0.354716589467417	128	128	0.505825649761713	0.91454100078474
K01709	group	GERD	-0.218550023785894	0.327916318203054	128	124	0.506322173005163	0.91454100078474
K02594	group	GERD	-0.239277170001189	0.359054150061606	128	125	0.506367632308798	0.91454100078474
K03672	group	GERD	0.130683784383155	0.195567967338327	128	128	0.505211000001322	0.91454100078474
K03811	group	GERD	-0.0459685470280702	0.0688512666242725	128	128	0.505578068042714	0.91454100078474
K05805	group	GERD	0.24236676257084	0.363532237959121	128	128	0.506183086831024	0.91454100078474
K06889	group	GERD	-0.0301557702621009	0.0452220934035207	128	128	0.506095468271268	0.91454100078474
K09157	group	GERD	0.0366387432232669	0.0548055287913157	128	128	0.505022851894109	0.91454100078474
K17213	group	GERD	0.401417181012438	0.602705526224667	128	104	0.506612423015043	0.914674101127464
K03225	group	GERD	0.322457268190984	0.4849329429034	128	44	0.507296266793236	0.915554094058632
K03831	group	GERD	0.143167598246284	0.215436003294516	128	128	0.507553929774895	0.915554094058632
K08092	group	GERD	-0.25161936207151	0.378685576083908	128	44	0.507613605460117	0.915554094058632
K00611	group	GERD	0.0244215633047942	0.0373451601073745	128	128	0.514341005401415	0.916531888862495
K00651	group	GERD	-0.0303894954396002	0.0465673633999264	128	128	0.515208113094351	0.916531888862495
K00763	group	GERD	-0.0144250466605937	0.0219664974337503	128	128	0.512581735997472	0.916531888862495
K00983	group	GERD	-0.138803108675202	0.21156418300217	128	128	0.512968711955068	0.916531888862495
K00992	group	GERD	0.224063716727262	0.339489455053044	128	128	0.510457225316041	0.916531888862495
K01625	group	GERD	-0.0831882532278079	0.127008570652731	128	128	0.513673677027764	0.916531888862495
K01657	group	GERD	0.0352391790860432	0.0533887308850158	128	128	0.510427152309807	0.916531888862495
K01734	group	GERD	-0.102561258956592	0.156493269683456	128	128	0.513423262012741	0.916531888862495
K01736	group	GERD	-0.015886853972365	0.0239629834339238	128	128	0.508557724961299	0.916531888862495
K01778	group	GERD	0.0335636015609548	0.0513022737152354	128	128	0.514154550476792	0.916531888862495
K01838	group	GERD	-0.110835241480611	0.169157828730266	128	128	0.513521916549931	0.916531888862495
K02278	group	GERD	0.175633816649059	0.269374486402782	128	128	0.515584828246188	0.916531888862495
K02339	group	GERD	0.215771737163352	0.328519498399547	128	128	0.512507106915174	0.916531888862495
K02843	group	GERD	0.0857932853981601	0.13166696265681	128	128	0.515850425453366	0.916531888862495
K03078	group	GERD	0.388581347017623	0.594965265813707	128	88	0.514871462137228	0.916531888862495
K03612	group	GERD	-0.20284217550409	0.310099114650469	128	128	0.514226320790527	0.916531888862495
K03773	group	GERD	-0.14547354917731	0.222460755682832	128	128	0.514349232893526	0.916531888862495
K05783	group	GERD	0.247487284893584	0.373748074459485	128	40	0.50906727439865	0.916531888862495
K06001	group	GERD	-0.176083981626979	0.270249139430423	128	128	0.515870642272213	0.916531888862495
K06113	group	GERD	0.251953208137887	0.381958827253773	128	126	0.510692318602586	0.916531888862495
K06518	group	GERD	-0.0399194248880339	0.0606170148715163	128	128	0.511385405174655	0.916531888862495
K07018	group	GERD	0.184629823888926	0.282421521710071	128	128	0.514471595433658	0.916531888862495
K07040	group	GERD	0.0334133449130743	0.0512120795747579	128	128	0.51529917926101	0.916531888862495
K07102	group	GERD	0.224258824386682	0.338686460945043	128	128	0.509088913758479	0.916531888862495
K07399	group	GERD	0.22151636110628	0.335710355284815	128	128	0.510558476502271	0.916531888862495
K08153	group	GERD	-0.248007717633372	0.377741245677104	128	124	0.512664721878299	0.916531888862495
K08602	group	GERD	-0.0423306212709148	0.0648426304292596	128	128	0.515061126864144	0.916531888862495
K08678	group	GERD	-0.286622632419676	0.432178403006826	128	127	0.508411150568933	0.916531888862495
K09689	group	GERD	-0.36749904153425	0.562191006724738	128	123	0.514502289257475	0.916531888862495
K09802	group	GERD	0.334066289621159	0.508487511630753	128	123	0.512391791219756	0.916531888862495
K10107	group	GERD	-0.367419327188625	0.561624272741616	128	123	0.514169846218008	0.916531888862495
K10117	group	GERD	-0.0715676774658877	0.108109469470797	128	128	0.509184840317846	0.916531888862495
K10193	group	GERD	-0.233637032627455	0.354477594977344	128	44	0.511032769561641	0.916531888862495
K10194	group	GERD	-0.233637032627455	0.354477594977344	128	44	0.511032769561641	0.916531888862495
K10775	group	GERD	0.275672835335268	0.421772011357223	128	73	0.514556520417461	0.916531888862495
K12543	group	GERD	0.177757617827875	0.270981179489171	128	128	0.513034538600607	0.916531888862495
K15357	group	GERD	0.317982035198493	0.480203273502218	128	82	0.509063826143964	0.916531888862495
K16212	group	GERD	0.338895791004686	0.517038292276982	128	123	0.513369250087268	0.916531888862495
K16237	group	GERD	-0.178261654196255	0.272215168269737	128	127	0.513754353963705	0.916531888862495
K16961	group	GERD	-0.277544623237961	0.423055974395401	128	118	0.512990083477361	0.916531888862495
K17754	group	GERD	0.275672835335268	0.421772011357223	128	73	0.514556520417461	0.916531888862495
K18336	group	GERD	0.202744798190968	0.306966448405188	128	33	0.510152381121036	0.916531888862495
K18778	group	GERD	0.320229001755372	0.491021701015845	128	125	0.515480284140941	0.916531888862495
K18785	group	GERD	-0.200433417198323	0.303429342537256	128	127	0.51010011944522	0.916531888862495
K19334	group	GERD	0.275672835335268	0.421772011357223	128	73	0.514556520417461	0.916531888862495
K05527	group	GERD	0.213449375153175	0.327750801458583	128	128	0.516067848490825	0.916577647186694
K03735	group	GERD	-0.144129077297918	0.221654963277601	128	128	0.516720606067454	0.917432201938428
K14086	group	GERD	-0.322960150442304	0.497129727980543	128	81	0.517101146684169	0.917803031266124
K00496	group	GERD	0.352907942653096	0.54467085222173806	128	91	0.518209911561273	0.918015402345883
K02532	group	GERD	-0.105940529753701	0.163413598315168	128	128	0.517972642777494	0.918015402345883
K05979	group	GERD	-0.24277496246763	0.374730845444062	128	128	0.518251119393916	0.918015402345883
K11894	group	GERD	-0.426768738483171	0.658283182656037	128	92	0.517966974124141	0.918015402345883
K16962	group	GERD	-0.274248942779666	0.422937956050715	128	118	0.517881857772883	0.918015402345883
K18918	group	GERD	-0.327396966835587	0.504641998217638	128	119	0.517667282992458	0.918015402345883
K00942	group	GERD	-0.0148676028643218	0.0229908888277327	128	128	0.519019405246843	0.918837026705996
K01028	group	GERD	0.201463828626232	0.311696357096263	128	128	0.519230575697496	0.918837026705996
K09835	group	GERD	-0.281770527993471	0.435876603058628	128	40	0.519166557296541	0.918837026705996
K01438	group	GERD	0.130130063339551	0.201440515774538	128	128	0.519455804236288	0.918931412788615
K00615	group	GERD	-0.0266729602860697	0.041427653544728	128	128	0.520846604655314	0.919616871289019
K02191	group	GERD	0.0755909039838985	0.11735552703917	128	128	0.520669196413445	0.919616871289019
K03736	group	GERD	-0.142735024861718	0.221882907901307	128	128	0.521205081932619	0.919616871289019
K04708	group	GERD	-0.280201072457221	0.435590176257223	128	40	0.521219438833844	0.919616871289019
K07862	group	GERD	0.0485176928789472	0.0753270547914535	128	128	0.520685334999382	0.919616871289019
K08276	group	GERD	-0.245969564957923	0.381563680329666	128	121	0.520335214176264	0.919616871289019
K08984	group	GERD	-0.238145430077574	0.369162833269256	128	126	0.520037931420881	0.919616871289019
K11214	group	GERD	-0.280201072457221	0.435590176257223	128	40	0.521219438833844	0.919616871289019
K00575	group	GERD	0.0994166156509828	0.155213731291744	128	128	0.523001435533551	0.921438827669936
K03320	group	GERD	0.0491493604391094	0.076786913367506	128	128	0.523286247812556	0.921438827669936
K03399	group	GERD	0.0754048378431217	0.117721489656322	128	128	0.522987462163018	0.921438827669936
K05776	group	GERD	-0.231887571747034	0.361722302264933	128	128	0.522644654078213	0.921438827669936
K09159	group	GERD	0.210079983281017	0.327837307179364	128	128	0.522812756673649	0.921438827669936
K19166	group	GERD	0.246553309546688	0.385041453929296	128	127	0.523121313293686	0.921438827669936
K00820	group	GERD	0.0126238655552538	0.0198202662341906	128	128	0.525334376410665	0.921908138172704
K01443	group	GERD	-0.0311581808999324	0.0488646788036396	128	128	0.52486366604881	0.921908138172704
K02498	group	GERD	0.209067226723125	0.327645328254546	128	128	0.524573051029488	0.921908138172704
K03269	group	GERD	-0.120221711972498	0.188285965033666	128	128	0.524303248811007	0.921908138172704
K03406	group	GERD	0.10382559670788	0.162480381827908	128	128	0.523980333644697	0.921908138172704
K03556	group	GERD	0.432358980237351	0.678203102999085	128	93	0.52495164154878	0.921908138172704
K03643	group	GERD	0.209239022272536	0.32766018155821	128	128	0.524251699455016	0.921908138172704
K09966	group	GERD	-0.24656059439987	0.386967637716664	128	55	0.52517615366634	0.921908138172704
K17363	group	GERD	-0.426800607491907	0.670290823863266	128	111	0.525449700151932	0.921908138172704
K18216	group	GERD	-0.109075134574872	0.171041119894534	128	128	0.524817756214734	0.921908138172704
K18217	group	GERD	-0.109075134574872	0.171041119894534	128	128	0.524817756214734	0.921908138172704
K08302	group	GERD	-0.213404683884273	0.335430137542198	128	126	0.525792247468261	0.922206481287836
K03862	group	GERD	0.301169572583782	0.473833787301779	128	92	0.526188754008603	0.922599238743848
K03803	group	GERD	-0.267744226800412	0.421634201864801	128	127	0.526569811884403	0.922624472236757
K09795	group	GERD	0.222918617790536	0.351256217510528	128	128	0.526818766639282	0.922624472236757
K15773	group	GERD	0.361403927846046	0.569495989074087	128	106	0.526837886459731	0.922624472236757
K18941	group	GERD	0.323192876605385	0.509352084724161	128	97	0.526893474324508	0.922624472236757
K03666	group	GERD	0.169485749049881	0.267572510018136	128	128	0.527607560398231	0.923572369970185
K19170	group	GERD	-0.388863477454489	0.614939029595596	128	66	0.528296825781635	0.924476212971726
K13378	group	GERD	-0.185634349329575	0.294166410208156	128	128	0.529149475432502	0.925665279994161
K04651	group	GERD	0.140744355031125	0.22325004335254	128	128	0.529552601707224	0.926067454604781
K01920	group	GERD	0.211078002962179	0.335054244399943	128	128	0.529847422265677	0.926083577029919
K03458	group	GERD	0.0740735910233891	0.117725432339909	128	128	0.530353109058771	0.926083577029919
K04054	group	GERD	0.153387130962767	0.243823192096512	128	19	0.530427967240107	0.926083577029919
K05819	group	GERD	0.153387130962767	0.243823192096512	128	19	0.530427967240107	0.926083577029919
K13873	group	GERD	0.153387130962767	0.243823192096512	128	19	0.530427967240107	0.926083577029919
K03328	group	GERD	-0.13693241148583	0.217789443902115	128	128	0.530659011858344	0.926184484947668
K18979	group	GERD	-0.034795021296431	0.0553711677643807	128	128	0.530881973436501	0.926271223887576
K07783	group	GERD	0.257741908926806	0.410463398551	128	109	0.531186831348206	0.926500750534261
K01894	group	GERD	0.209700533334651	0.334929177922042	128	128	0.532379233893734	0.928277685712949
K03478	group	GERD	0.328292864497491	0.524578157462584	128	86	0.532563287263732	0.928295837532413
K03496	group	GERD	0.0292503474100563	0.0468028371549655	128	128	0.533121225462125	0.928437777581123
K03791	group	GERD	0.412359656095427	0.659561119495979	128	45	0.532968435164887	0.928437777581123
K07300	group	GERD	0.189089180596172	0.302590370136847	128	128	0.533165727118228	0.928437777581123
K01092	group	GERD	0.044705395624481	0.0717037264285265	128	128	0.534100214711555	0.928552763527797
K02610	group	GERD	0.18257554390355	0.292809017334408	128	128	0.534062667044047	0.928552763527797
K02611	group	GERD	0.18257554390355	0.292809017334408	128	128	0.534062667044047	0.928552763527797
K02612	group	GERD	0.18257554390355	0.292809017334408	128	128	0.534062667044047	0.928552763527797
K06857	group	GERD	0.307415567867108	0.492472094662946	128	102	0.53360553800466	0.928552763527797
K13655	group	GERD	0.258589188362659	0.415154510632685	128	28	0.534492689396217	0.928933003092385
K17624	group	GERD	-0.122141801837426	0.196462873993443	128	17	0.535259628939477	0.929963593211064
K03462	group	GERD	-0.20371451745877	0.32792446645731	128	128	0.53557456393808	0.930208453155613
K16905	group	GERD	0.376046019704588	0.606283431955855	128	90	0.536214784219668	0.930413578850485
K16906	group	GERD	0.376046019704588	0.606283431955855	128	90	0.536214784219668	0.930413578850485
K19033	group	GERD	0.260197914791496	0.419226886396234	128	123	0.53594354263287	0.930413578850485
K00002	group	GERD	-0.354692148496481	0.57387652307634	128	66	0.537649036414432	0.930491152931355
K00800	group	GERD	-0.0145855430272491	0.0235420523825073	128	128	0.536671009358112	0.930491152931355
K00918	group	GERD	0.374730713867759	0.606505452726938	128	90	0.53778791335097	0.930491152931355
K01029	group	GERD	0.191527341597805	0.309470309536146	128	128	0.5371077124133	0.930491152931355
K02190	group	GERD	0.0642530741882343	0.104061093581295	128	128	0.538048742888163	0.930491152931355
K03745	group	GERD	0.193917018370365	0.313647884134646	128	128	0.537517696194283	0.930491152931355
K06019	group	GERD	-0.248391889388683	0.40095138633343	128	124	0.536701527351535	0.930491152931355
K07257	group	GERD	0.354244132062345	0.572078189133817	128	85	0.536887301362716	0.930491152931355
K12541	group	GERD	0.166617186853624	0.2699282934077	128	128	0.538174082466096	0.930491152931355
K12542	group	GERD	0.166617186853624	0.2699282934077	128	128	0.538174082466096	0.930491152931355
K12990	group	GERD	0.444496269069064	0.720055456695481	128	94	0.538145318217603	0.930491152931355
K07571	group	GERD	0.0724670659032966	0.117579102479578	128	128	0.538791243077244	0.931241410948461
K19140	group	GERD	0.339062146503105	0.550358561526052	128	67	0.538956402071556	0.931241410948461
K06999	group	GERD	0.104925183382766	0.17043573684287	128	128	0.539249837070158	0.931447376083058
K01947	group	GERD	-0.39276667444229	0.638551876223743	128	121	0.539604788466803	0.931759431247909
K07126	group	GERD	0.133727795467518	0.217557840869699	128	128	0.539876494895495	0.931927588540948
K00809	group	GERD	-0.178096040608266	0.290837354100402	128	128	0.541405683961615	0.932459660585951
K03071	group	GERD	0.199697843705861	0.325507774517561	128	128	0.540654107243151	0.932459660585951
K03273	group	GERD	0.0702327379908799	0.114671067232532	128	128	0.541329754111505	0.932459660585951
K03543	group	GERD	0.161897432805621	0.264079314092697	128	128	0.540939266725935	0.932459660585951
K03796	group	GERD	0.203523373651396	0.332162660384721	128	126	0.54116446900202	0.932459660585951
K05340	group	GERD	-0.117470780944959	0.191688631131414	128	128	0.541099345818059	0.932459660585951
K13771	group	GERD	0.175828663046904	0.287070997905356	128	128	0.541316169467233	0.932459660585951
K00963	group	GERD	0.02462792830747	0.040299850739474	128	128	0.542222975160691	0.932483254260015
K01962	group	GERD	-0.0378964724067523	0.0620760399648802	128	128	0.542640367378022	0.932483254260015
K03972	group	GERD	-0.32621261419207	0.533294899041996	128	126	0.541843205431314	0.932483254260015
K06181	group	GERD	0.247614098759951	0.405004000783148	128	128	0.542045031229665	0.932483254260015
K07469	group	GERD	-0.164115143523374	0.268509015452746	128	21	0.542162300144768	0.932483254260015
K14347	group	GERD	0.148144490010083	0.242615105431054	128	128	0.542554170438597	0.932483254260015
K19591	group	GERD	0.447193380671401	0.732309592811242	128	94	0.542523565038233	0.932483254260015
K01878	group	GERD	0.0324582890952247	0.0532356192912682	128	128	0.543151891137644	0.932596760724268
K07738	group	GERD	0.0221157233908552	0.036279544622213	128	128	0.543229762980803	0.932596760724268
K09974	group	GERD	-0.429094061141814	0.703552354216387	128	90	0.543028775480224	0.932596760724268
K00239	group	GERD	0.051908830741658	0.0855994039979035	128	128	0.545329706309323	0.933123058065724
K01250	group	GERD	-0.410577356471303	0.675085203126286	128	98	0.544158880812243	0.933123058065724
K01647	group	GERD	0.0401568446901474	0.0662550588708939	128	128	0.545542172962544	0.933123058065724
K03201	group	GERD	-0.359627199922805	0.593029276481337	128	88	0.545324261794218	0.933123058065724
K04074	group	GERD	0.0520670101584506	0.0856847481378787	128	128	0.544508059245002	0.933123058065724
K06416	group	GERD	-0.1686720918102	0.278180330392469	128	128	0.545379319483938	0.933123058065724
K07590	group	GERD	0.12250397948093	0.201758903638379	128	128	0.544824068433332	0.933123058065724
K08481	group	GERD	0.174477964956781	0.287087906047688	128	17	0.544446459358293	0.933123058065724
K11905	group	GERD	-0.352775551238573	0.580950488906861	128	104	0.544785346566169	0.933123058065724
K13993	group	GERD	0.0536543199117775	0.0885442153608138	128	128	0.545630879070979	0.933123058065724
K15539	group	GERD	0.283578324700264	0.466768062601659	128	128	0.544588749618454	0.933123058065724
K19784	group	GERD	0.211048583245714	0.348276830059601	128	128	0.545618541797716	0.933123058065724
K13057	group	GERD	0.168017371479375	0.277971147312242	128	120	0.546636847988649	0.93390974142238
K16209	group	GERD	0.201932103942741	0.333822265734657	128	128	0.546327297041432	0.93390974142238
K19047	group	GERD	0.124764975209153	0.206492339647248	128	20	0.546789654068846	0.93390974142238
K19056	group	GERD	0.124764975209153	0.206492339647248	128	20	0.546789654068846	0.93390974142238
K00563	group	GERD	-0.0583126300070703	0.0967706560347144	128	128	0.547867196331848	0.93414057576273
K01817	group	GERD	0.0319968095811763	0.0531016193751174	128	128	0.547885633229749	0.93414057576273
K03289	group	GERD	-0.178668071467035	0.296870598726786	128	128	0.54836323778015	0.93414057576273
K04758	group	GERD	-0.0325501668671244	0.0541218935657204	128	128	0.548638627836472	0.93414057576273
K05873	group	GERD	-0.3564295817277	0.592509135936629	128	115	0.548548120875168	0.93414057576273
K06169	group	GERD	-0.171097200175553	0.283773585314671	128	128	0.547635233137916	0.93414057576273
K07223	group	GERD	0.171909589916331	0.285678699881076	128	128	0.548416130262664	0.93414057576273
K13926	group	GERD	0.345608037212869	0.574280793608681	128	117	0.548381831973783	0.93414057576273
K14540	group	GERD	-0.0251857524287982	0.04188043478516	128	128	0.5486721675823	0.93414057576273
K16898	group	GERD	0.050462835187394	0.083879535650983	128	128	0.548514159271977	0.93414057576273
K03429	group	GERD	0.0836256872751621	0.139223905831372	128	128	0.549147990915763	0.934355556790475
K09950	group	GERD	0.295499769854998	0.491796383480154	128	85	0.549013943965202	0.934355556790475
K09252	group	GERD	0.369392779069368	0.615328804667251	128	92	0.549372729398409	0.934440538136778
K09726	group	GERD	-0.296164477366116	0.493648623366253	128	62	0.54961701732413	0.934558706938549
K00854	group	GERD	0.0906880041406759	0.151711515891447	128	128	0.551068858699722	0.936547649653074
K06313	group	GERD	-0.283647757087078	0.474594371410411	128	67	0.551137094240286	0.936547649653074
K06608	group	GERD	-0.22638238670099	0.378971867993978	128	43	0.551339496492629	0.93659388250702
K00882	group	GERD	0.0355106807922877	0.0594879439229536	128	128	0.551619153334664	0.936649949158385
K07319	group	GERD	0.327616516160837	0.548970713026906	128	66	0.551722912439161	0.936649949158385
K03893	group	GERD	0.132946217565464	0.222920891339819	128	128	0.551989390351526	0.936804851053732
K07387	group	GERD	-0.170777334160806	0.286554802675184	128	128	0.552266061760043	0.936976948958804
K00647	group	GERD	0.130746705651286	0.220058222803242	128	128	0.553479760515333	0.938738197879115
K01035	group	GERD	-0.260605278458935	0.439097567786862	128	126	0.553909178136002	0.938870788305348
K07115	group	GERD	0.187161529704761	0.315270249239928	128	128	0.553807617525841	0.938870788305348
K03749	group	GERD	0.129119020645864	0.217754542587479	128	128	0.554272895519063	0.939189508540384
K03275	group	GERD	-0.139007705246681	0.234878186567359	128	25	0.55502557232603	0.939274045474819
K10119	group	GERD	-0.0634791177079171	0.107221212018025	128	128	0.554885468039028	0.939274045474819
K12424	group	GERD	0.241237280184388	0.407482154707512	128	56	0.554898517395517	0.939274045474819
K14953	group	GERD	0.241237280184388	0.407482154707512	128	56	0.554898517395517	0.939274045474819
K07396	group	GERD	0.275118947679215	0.46544843347606	128	125	0.55552325340245	0.939521452922967
K12373	group	GERD	-0.0781134808538811	0.132128148035268	128	128	0.555448967578148	0.939521452922967
K03741	group	GERD	-0.136172012210808	0.230682662532716	128	128	0.556046657631131	0.940088881501163
K07307	group	GERD	0.459850375215307	0.77951365117856	128	66	0.556300986910818	0.940088881501163
K10857	group	GERD	-0.199840985250813	0.338833024144357	128	120	0.556386311460846	0.940088881501163
K00334	group	GERD	0.0722533428081363	0.123312142720821	128	128	0.55896489621175	0.9410014196303
K00684	group	GERD	0.142856714356827	0.2432076604507	128	128	0.557995794662392	0.9410014196303
K01512	group	GERD	0.0563768932507431	0.0958504200957131	128	128	0.55746711276963	0.9410014196303
K01751	group	GERD	-0.136178195778068	0.232284787944676	128	128	0.558752715220321	0.9410014196303
K04755	group	GERD	0.156461150594201	0.266406169430284	128	128	0.558051166998906	0.9410014196303
K05841	group	GERD	0.240143980557968	0.407939567935227	128	56	0.55713288378586	0.9410014196303
K05991	group	GERD	0.0987098444142634	0.168371294577695	128	17	0.558747643040335	0.9410014196303
K09770	group	GERD	-0.228148851530121	0.388287785770094	128	126	0.557867993879418	0.9410014196303
K11089	group	GERD	-0.455125838060113	0.774359176061519	128	88	0.557755259799953	0.9410014196303
K13888	group	GERD	0.0934586517606165	0.159404282764676	128	128	0.558723130007048	0.9410014196303
K15509	group	GERD	-0.147712909113758	0.251963098078789	128	19	0.55875750281073	0.9410014196303
K15581	group	GERD	0.0323940926128275	0.0552962014435507	128	128	0.559038628646807	0.9410014196303
K06987	group	GERD	0.125983788187992	0.215498484935222	128	128	0.559851528607184	0.942073110460814
K01879	group	GERD	0.0306602249614175	0.0525849291391011	128	128	0.560894298636713	0.942377533807151
K02226	group	GERD	-0.0596440274815096	0.102240777277017	128	128	0.560688147833524	0.942377533807151
K03048	group	GERD	-0.0518260349959536	0.088984942023908	128	128	0.561328922067334	0.942377533807151
K03571	group	GERD	0.0500115022870261	0.0859209858888055	128	128	0.561563683631779	0.942377533807151
K03609	group	GERD	0.0493084498916473	0.0845878515355201	128	128	0.56098500713084	0.942377533807151
K03775	group	GERD	-0.111004272304616	0.190292204629182	128	128	0.560709888300827	0.942377533807151
K04773	group	GERD	-0.0917022275722227	0.157568947282264	128	128	0.56161893428911	0.942377533807151
K08307	group	GERD	-0.106164324012846	0.182380777496312	128	128	0.561537686463436	0.942377533807151
K16087	group	GERD	-0.194267060216069	0.33365422599403	128	128	0.561444979775042	0.942377533807151
K03789	group	GERD	-0.0244268427876092	0.0421002361748977	128	128	0.562811336470971	0.942603196984276
K05286	group	GERD	0.306735032312985	0.528092624119628	128	63	0.562388682732427	0.942603196984276
K08281	group	GERD	0.0525354956836793	0.0905336505989899	128	128	0.562757455050536	0.942603196984276
K08693	group	GERD	0.303273963881929	0.522550581938847	128	67	0.562699981131297	0.942603196984276
K18428	group	GERD	0.306735032312985	0.528092624119628	128	63	0.562388682732427	0.942603196984276
K19169	group	GERD	0.306735032312985	0.528092624119628	128	63	0.562388682732427	0.942603196984276
K07046	group	GERD	0.26159917817678	0.451333492645071	128	84	0.563209923798591	0.942680104141286
K15532	group	GERD	0.21552087610738	0.371710503414669	128	126	0.563079155208862	0.942680104141286
K00752	group	GERD	0.313972398778644	0.542849340607213	128	103	0.564040945026861	0.943775553087199
K03218	group	GERD	-0.0143853007934616	0.0249041813276564	128	128	0.564547486406622	0.944327553920463
K09930	group	GERD	-0.31092526547134	0.538791176445496	128	125	0.564915498656879	0.944352175053056
K19118	group	GERD	-0.328631840544214	0.569417218173998	128	119	0.564876568174423	0.944352175053056
K00528	group	GERD	0.0644119916294623	0.11218388715478	128	128	0.566880162888983	0.944359355320892
K00556	group	GERD	-0.170450084956772	0.297703898124767	128	128	0.567970298396237	0.944359355320892
K00853	group	GERD	0.220693629446833	0.385763150053594	128	127	0.568276102893249	0.944359355320892
K01006	group	GERD	-0.0623191056818512	0.108702647157623	128	128	0.567464136629393	0.944359355320892
K01197	group	GERD	-0.221334613680516	0.384905268127175	128	128	0.566291951898202	0.944359355320892
K01444	group	GERD	-0.148719042504949	0.259886258019886	128	128	0.568174489152142	0.944359355320892
K01814	group	GERD	0.0303868926887616	0.0529106376569247	128	128	0.566784684468689	0.944359355320892
K02042	group	GERD	0.110425170558466	0.19200379062158	128	128	0.566235892058789	0.944359355320892
K02427	group	GERD	0.178190394922866	0.310661412473291	128	128	0.567271770485579	0.944359355320892
K03223	group	GERD	0.263103471150902	0.457796864242641	128	29	0.566507695681367	0.944359355320892
K05801	group	GERD	0.103391068190913	0.179284637334575	128	128	0.56517994292798	0.944359355320892
K07726	group	GERD	-0.190537573853289	0.33252133986439	128	128	0.567660087596527	0.944359355320892
K08987	group	GERD	-0.0363085449403579	0.0632892069237111	128	128	0.567198496860101	0.944359355320892
K09811	group	GERD	-0.0173696238447969	0.0301994504573058	128	128	0.566206341971199	0.944359355320892
K09981	group	GERD	-0.27783273531349	0.485348511797716	128	62	0.568044163752486	0.944359355320892
K11735	group	GERD	0.34611249929518	0.601144262910519	128	105	0.565806922475846	0.944359355320892
K13651	group	GERD	0.238783785367868	0.414705193586585	128	29	0.565782993750594	0.944359355320892
K15876	group	GERD	-0.169876348357474	0.295916222289603	128	128	0.566944459321939	0.944359355320892
K19714	group	GERD	0.231440925674555	0.402380202001755	128	121	0.566195467083126	0.944359355320892
K00673	group	GERD	0.243423701028977	0.427545618217396	128	50	0.570131283941702	0.944425034419721
K00993	group	GERD	-0.325233088863679	0.570740367970822	128	70	0.569797995266862	0.944425034419721
K02395	group	GERD	0.193722059276003	0.338810482752035	128	128	0.568495644871458	0.944425034419721
K02531	group	GERD	-0.0779992481531915	0.136834700536234	128	128	0.569675501788134	0.944425034419721
K04072	group	GERD	-0.0483693126373026	0.0847211038625879	128	128	0.569068014233438	0.944425034419721
K06402	group	GERD	-0.26708442073106	0.46838552906652	128	116	0.569541549441273	0.944425034419721
K08304	group	GERD	0.187417697309396	0.327980788489443	128	128	0.568726861061909	0.944425034419721
K09815	group	GERD	-0.0348072923465244	0.0609905608190988	128	128	0.569219645426893	0.944425034419721
K11632	group	GERD	0.221064773519743	0.388261577405541	128	44	0.570118223576068	0.944425034419721
K11910	group	GERD	-0.33056729648418	0.58079570444001	128	104	0.570258887225376	0.944425034419721
K16047	group	GERD	0.307050104792649	0.53800747144705	128	94	0.569207806600627	0.944425034419721
K09781	group	GERD	0.105380938975845	0.185276100063586	128	128	0.570519329610864	0.944563746082279
K03976	group	GERD	-0.0226449166873105	0.0398353017003929	128	128	0.570732014270775	0.944623327644447
K01173	group	GERD	-0.149257032484006	0.263013723857811	128	128	0.571392671491901	0.945424085978242
K03694	group	GERD	0.146407132401106	0.258173621521565	128	128	0.571663383892541	0.945579347243047
K07008	group	GERD	0.188416101987737	0.332459837015154	128	128	0.571903482960966	0.945683891094749
K10040	group	GERD	0.0838064139061114	0.148039673159914	128	128	0.572327379295006	0.946016891455977
K10851	group	GERD	0.363920290911285	0.643066521067941	128	61	0.572458781118609	0.946016891455977
K00936	group	GERD	-0.0361542241881722	0.0648186136504725	128	128	0.577987461753503	0.946226878204484
K01034	group	GERD	-0.240631938132337	0.431477512639851	128	126	0.578043605054691	0.946226878204484
K01220	group	GERD	-0.0776845099934952	0.138757027711291	128	128	0.576568891824599	0.946226878204484
K01521	group	GERD	-0.196262028787703	0.350418470548803	128	19	0.576419961409522	0.946226878204484
K01729	group	GERD	0.207167162743933	0.369754224810547	128	38	0.576280966856446	0.946226878204484
K01779	group	GERD	0.0749456811354236	0.134333684193436	128	128	0.577897929485714	0.946226878204484
K01805	group	GERD	0.110581010763417	0.197877730852445	128	128	0.57726614606843	0.946226878204484
K02028	group	GERD	0.0391135425626176	0.0692970737729631	128	128	0.57346302222028	0.946226878204484
K02411	group	GERD	0.104184268519824	0.185192148050282	128	128	0.574724637774273	0.946226878204484
K02490	group	GERD	-0.285160565788208	0.510642355159116	128	90	0.577538393721136	0.946226878204484
K03060	group	GERD	0.0206792357302716	0.037096300309283	128	128	0.57821077612622	0.946226878204484
K03179	group	GERD	0.108442651553228	0.193310673042546	128	128	0.575810151146078	0.946226878204484
K03385	group	GERD	-0.165686558126294	0.294747265144406	128	128	0.575025458981187	0.946226878204484
K03436	group	GERD	0.0348658706888774	0.0617920920640345	128	128	0.573590521042102	0.946226878204484
K03696	group	GERD	-0.0166778978184482	0.0298966812912507	128	128	0.577935849761185	0.946226878204484
K04652	group	GERD	0.127808655017669	0.226273076686353	128	128	0.573185142390521	0.946226878204484
K05878	group	GERD	0.0452387872943141	0.0811617995125405	128	128	0.57824975890274	0.946226878204484
K06190	group	GERD	0.185185777845098	0.331276608314749	128	128	0.577149480776876	0.946226878204484
K06378	group	GERD	-0.160337927984763	0.283688641098274	128	128	0.572949648363349	0.946226878204484
K06894	group	GERD	0.171910225898855	0.308038000892238	128	128	0.577779206453464	0.946226878204484
K07012	group	GERD	0.0491434145221704	0.0879056584061063	128	128	0.577121771564843	0.946226878204484
K07139	group	GERD	-0.0370622401889167	0.0656792744557829	128	128	0.573559051322886	0.946226878204484
K07235	group	GERD	-0.227725504842065	0.405863990004116	128	116	0.575733893128544	0.946226878204484
K07474	group	GERD	-0.282728666939937	0.502364844778783	128	125	0.574574179929007	0.946226878204484
K07683	group	GERD	0.360421072488597	0.643121729909445	128	61	0.576185157112712	0.946226878204484
K08305	group	GERD	0.185611409807412	0.330338319875782	128	128	0.575194033145201	0.946226878204484
K08589	group	GERD	-0.341467921011273	0.608195027071513	128	36	0.575491600230127	0.946226878204484
K08676	group	GERD	0.174917442247093	0.313535591391993	128	128	0.577911411002836	0.946226878204484
K11074	group	GERD	0.204659526406716	0.362975998544753	128	128	0.573866821110574	0.946226878204484
K11075	group	GERD	0.204659526406716	0.362975998544753	128	128	0.573866821110574	0.946226878204484
K11076	group	GERD	0.204525412304666	0.362976778170339	128	128	0.574118384010745	0.946226878204484
K18829	group	GERD	0.274292900816162	0.488532425201351	128	121	0.575479190395933	0.946226878204484
K01535	group	GERD	0.351167824477272	0.631992361983925	128	37	0.579434049654583	0.947655828295847
K09779	group	GERD	-0.182669482083769	0.328785738009409	128	127	0.579477535110199	0.947655828295847
K14058	group	GERD	0.183757333374001	0.331444311738589	128	128	0.580278343074911	0.948675236109625
K02472	group	GERD	0.335838551647476	0.607243190191686	128	117	0.581206050260177	0.949901419960533
K06923	group	GERD	0.107435264792617	0.194580765830043	128	128	0.581832447230466	0.950427070173241
K09020	group	GERD	0.254413117863502	0.461058288133783	128	98	0.582061022773511	0.950427070173241
K18144	group	GERD	0.162938500966373	0.295214108832353	128	33	0.581971664275745	0.950427070173241
K07278	group	GERD	0.181915915497956	0.330285888867629	128	128	0.582757563343099	0.951273872864796
K00768	group	GERD	0.0535885800837172	0.0974388151377013	128	128	0.583312445512753	0.951308216507376
K00813	group	GERD	-0.28359454567413	0.515402757539604	128	126	0.583129794589064	0.951308216507376
K09777	group	GERD	0.123992314459112	0.225381950708514	128	128	0.583195197307411	0.951308216507376
K03752	group	GERD	0.107576947136346	0.196054283544621	128	128	0.584175471079819	0.951957171112833
K07491	group	GERD	0.050468758871227	0.0920376849041088	128	128	0.584422640402603	0.951957171112833
K09694	group	GERD	0.240157935264301	0.437961779788322	128	112	0.584419364681632	0.951957171112833
K13283	group	GERD	-0.236091796226826	0.43035589466017	128	47	0.584253054706605	0.951957171112833
K03217	group	GERD	-0.0143250741566434	0.0261629249783317	128	128	0.584980935770646	0.952286261458548
K07979	group	GERD	-0.0874153980149115	0.15964236128018	128	128	0.584955714871861	0.952286261458548
K03706	group	GERD	-0.0471560676853241	0.0863770459906423	128	128	0.586077380861247	0.953117554010976
K05346	group	GERD	-0.135008212453158	0.247292639843193	128	128	0.586068970759389	0.953117554010976
K06408	group	GERD	-0.225729309995732	0.413615264945303	128	124	0.586204735800241	0.953117554010976
K07184	group	GERD	-0.24399346573762	0.446905090922366	128	109	0.586056997150945	0.953117554010976
K03675	group	GERD	-0.304421485940274	0.558272054410577	128	126	0.586516434597126	0.953334405398673
K01599	group	GERD	0.039470822024834	0.0724952472107111	128	128	0.587086671315721	0.95342946354276
K09458	group	GERD	0.0130662440270797	0.0239999977310332	128	128	0.587109950239949	0.95342946354276
K15669	group	GERD	0.208023672737643	0.381836871150516	128	125	0.586855939660293	0.95342946354276
K07078	group	GERD	0.065774276053536	0.120987436012595	128	128	0.587646037427036	0.953720618119288
K15897	group	GERD	-0.175632598382635	0.32305389336084	128	120	0.587633716011596	0.953720618119288
K03111	group	GERD	-0.0095136778824954	0.0175325513087938	128	128	0.588343506484725	0.954562787759435
K08097	group	GERD	0.174217699423131	0.321293089642761	128	128	0.588611470255819	0.954707803394299
K00170	group	GERD	-0.347198267381361	0.642096905676669	128	88	0.58965131433399	0.955055392888917
K00690	group	GERD	-0.0959550142068628	0.177368593232177	128	128	0.58946816716015	0.955055392888917
K02004	group	GERD	-0.0203309016346986	0.0376423302342004	128	128	0.590076311768068	0.955055392888917
K03308	group	GERD	-0.0635662654637294	0.117646816845551	128	128	0.589934028671515	0.955055392888917
K03921	group	GERD	-0.203273158073904	0.376124187845254	128	124	0.589846562686268	0.955055392888917
K19265	group	GERD	0.111389716482552	0.206174282051981	128	128	0.589964740334459	0.955055392888917
K19341	group	GERD	0.218475090120699	0.404000398250504	128	128	0.589614377076603	0.955055392888917
K01488	group	GERD	0.0399943807270337	0.0741792172212118	128	128	0.59072867122487	0.955125550995527
K07088	group	GERD	0.0254575729842696	0.0471882164488349	128	128	0.590500855154064	0.955125550995527
K09951	group	GERD	-0.0259069897855304	0.0480056675578192	128	128	0.590380369342336	0.955125550995527
K18009	group	GERD	0.351882874799792	0.652837519976849	128	52	0.590834305488629	0.955125550995527
K00031	group	GERD	0.0327120842304293	0.0610905835034201	128	128	0.593269792994609	0.955172688779116
K01114	group	GERD	0.167757393386517	0.313772684632838	128	128	0.59383667965831	0.955172688779116
K01770	group	GERD	-0.0606679225263997	0.112676319307643	128	128	0.591232512377558	0.955172688779116
K01937	group	GERD	-0.0134050839500264	0.0250310782255203	128	128	0.593222166679138	0.955172688779116
K01990	group	GERD	-0.0184953879331527	0.0348019597381167	128	128	0.596044910169684	0.955172688779116
K02077	group	GERD	0.0904026430184543	0.169923690674413	128	128	0.595649626015489	0.955172688779116
K02189	group	GERD	0.0588086922129697	0.10959073451383	128	128	0.592475643963374	0.955172688779116
K02439	group	GERD	-0.240381174697133	0.449062199558328	128	107	0.593388748949588	0.955172688779116
K02517	group	GERD	0.0542095234777721	0.101883589981702	128	128	0.595612272291635	0.955172688779116
K02636	group	GERD	0.118209352449502	0.219917527994938	128	16	0.59185878142547	0.955172688779116
K03387	group	GERD	0.0623859560826541	0.117366510048081	128	128	0.595974831025141	0.955172688779116
K03493	group	GERD	-0.10263371348231	0.191734700010668	128	128	0.593392682353338	0.955172688779116
K03671	group	GERD	-0.0104134425900836	0.0193656388261127	128	128	0.591713462669345	0.955172688779116
K03717	group	GERD	0.295849654262245	0.554206938862533	128	113	0.594402964733209	0.955172688779116
K04084	group	GERD	-0.0937875342662552	0.175955389569554	128	128	0.594959425096626	0.955172688779116
K05820	group	GERD	-0.0899777114854139	0.168546742483212	128	128	0.594389843879322	0.955172688779116
K06979	group	GERD	0.197689390374767	0.371179637968527	128	35	0.595250166822504	0.955172688779116
K07084	group	GERD	-0.107719718192061	0.201360720155779	128	128	0.593621078995542	0.955172688779116
K10536	group	GERD	-0.086010644562551	0.160988833384023	128	128	0.594099852406524	0.955172688779116
K10797	group	GERD	-0.24870955194803	0.466990537363661	128	53	0.595262724907232	0.955172688779116
K10960	group	GERD	0.190267761257291	0.355246813613133	128	32	0.593183887562925	0.955172688779116
K11071	group	GERD	-0.0353855867685107	0.0658976912799015	128	128	0.592230013129324	0.955172688779116
K11209	group	GERD	0.069747110641952	0.129768896681798	128	128	0.591889785681995	0.955172688779116
K11785	group	GERD	0.0941795906144891	0.175666085608036	128	128	0.59281498090085	0.955172688779116
K12251	group	GERD	-0.10648100181918	0.19991092748207	128	128	0.595219369872079	0.955172688779116
K13853	group	GERD	-0.173920972782034	0.327248948817172	128	127	0.596033117358105	0.955172688779116
K15518	group	GERD	0.206455773227912	0.38767428830016	128	44	0.595283339607353	0.955172688779116
K15519	group	GERD	0.206455773227912	0.38767428830016	128	44	0.595283339607353	0.955172688779116
K15976	group	GERD	0.197689390374767	0.371179637968527	128	35	0.595250166822504	0.955172688779116
K02667	group	GERD	0.268057662329953	0.504910940069635	128	126	0.596422024271738	0.955289768541491
K17686	group	GERD	0.018658837666956	0.0351507246348849	128	128	0.596475354917976	0.955289768541491
K01484	group	GERD	0.213988602117036	0.403603400093049	128	50	0.596909689040248	0.955353991003393
K06447	group	GERD	0.213988602117036	0.403603400093049	128	50	0.596909689040248	0.955353991003393
K07757	group	GERD	-0.210621826131965	0.397407173514863	128	123	0.59705156826456	0.955353991003393
K08978	group	GERD	0.0934554393337541	0.17676111706243	128	128	0.597936463999748	0.956483643489723
K06215	group	GERD	0.0440602015028491	0.0834445037616229	128	128	0.598415517708555	0.956963612823792
K00282	group	GERD	-0.135995036044321	0.258104224843425	128	128	0.599189662414648	0.957056449139142
K01585	group	GERD	-0.104254398820291	0.197839656880464	128	128	0.599145055824489	0.957056449139142
K04768	group	GERD	0.259733553226635	0.492874868712074	128	117	0.599136364855665	0.957056449139142
K06191	group	GERD	0.0463791127749126	0.0879989562821959	128	128	0.599091385839655	0.957056449139142
K03973	group	GERD	-0.246697315632962	0.46862513743169	128	124	0.599516435427266	0.957292372698376
K00364	group	GERD	-0.0687388656674892	0.131358111229602	128	128	0.601689006600207	0.9573331921235
K01533	group	GERD	0.0334895636268228	0.0638835521664828	128	128	0.601040770397404	0.9573331921235
K02551	group	GERD	-0.0592744479245526	0.113027857660876	128	128	0.600905500003929	0.9573331921235
K03616	group	GERD	-0.169278166670186	0.322522898520356	128	128	0.600605369321328	0.9573331921235
K03813	group	GERD	-0.144400703811814	0.275610099290234	128	125	0.601246841719196	0.9573331921235
K08255	group	GERD	0.194409850398197	0.371697226577388	128	36	0.601869969832975	0.9573331921235
K11442	group	GERD	0.194409850398197	0.371697226577388	128	36	0.601869969832975	0.9573331921235
K12527	group	GERD	-0.280439209741372	0.534222713702557	128	85	0.600541703375548	0.9573331921235
K12553	group	GERD	0.194409850398197	0.371697226577388	128	36	0.601869969832975	0.9573331921235
K17759	group	GERD	-0.0595713879952832	0.113544597362107	128	128	0.600747050832886	0.9573331921235
K18481	group	GERD	0.293568859426921	0.559867645061799	128	70	0.600953560370759	0.9573331921235
K18940	group	GERD	0.194409850398197	0.371697226577388	128	36	0.601869969832975	0.9573331921235
K19139	group	GERD	0.292441523278127	0.557499284470428	128	68	0.600811133464454	0.9573331921235
K17947	group	GERD	-0.29859143781385	0.571390689169651	128	90	0.602191378323059	0.957559520676703
K12991	group	GERD	-0.160575644927786	0.308005631191237	128	127	0.603045090667671	0.958631892568948
K01318	group	GERD	0.253864359564789	0.487675791216225	128	110	0.603587078854197	0.958825595127894
K01569	group	GERD	-0.153658223969709	0.295421678622063	128	23	0.603884358173517	0.958825595127894
K06295	group	GERD	-0.25174678641971	0.483486747409704	128	118	0.603496446268424	0.958825595127894
K12297	group	GERD	0.111639358266201	0.214534449295565	128	128	0.603712180679802	0.958825595127894
K00185	group	GERD	-0.142493185825222	0.274240484861665	128	128	0.604259497884846	0.959117791193214
K00523	group	GERD	0.181156397828451	0.348813145189632	128	128	0.604427205112222	0.959117791193214
K00652	group	GERD	-0.125462646755343	0.242170327621009	128	128	0.605313723180067	0.959439265319749
K00841	group	GERD	-0.0471656276326506	0.0910939067055641	128	128	0.605527138269516	0.959439265319749
K02346	group	GERD	-0.00622130470354766	0.0119952609343462	128	128	0.60491667754452	0.959439265319749
K10118	group	GERD	-0.0561296077833534	0.108282366785025	128	128	0.605113892535002	0.959439265319749
K11533	group	GERD	0.108910722857672	0.210307522932856	128	128	0.605461153477216	0.959439265319749
K03926	group	GERD	0.141069411904356	0.27269399592879	128	128	0.605841427263596	0.959652820785536
K00674	group	GERD	0.0266872903405071	0.0516932514633878	128	128	0.60657588627295	0.960142074748586
K07301	group	GERD	-0.121601825593514	0.235613371608806	128	128	0.606683868786394	0.960142074748586
K09862	group	GERD	0.172927482638508	0.335195878810165	128	128	0.606828513677652	0.960142074748586
K13935	group	GERD	0.245790814461793	0.476484608484492	128	43	0.606868700070234	0.960142074748586
K01206	group	GERD	-0.0614476244410413	0.119325292460819	128	128	0.607483931882441	0.960668130604613
K01811	group	GERD	-0.137586467425413	0.268416707041302	128	128	0.609138830160065	0.960668130604613
K02819	group	GERD	-0.0507275960757215	0.0985748122163524	128	128	0.607726995561674	0.960668130604613
K03503	group	GERD	0.244987566003368	0.477505940061182	128	126	0.608810107901071	0.960668130604613
K03839	group	GERD	-0.139150568715765	0.271509684738829	128	128	0.609193596535286	0.960668130604613
K05367	group	GERD	0.157810554458004	0.308164514853555	128	128	0.60947857862196	0.960668130604613
K06595	group	GERD	-0.165839766902371	0.323019885275689	128	43	0.608567674708021	0.960668130604613
K08999	group	GERD	-0.0914287512916032	0.177936898309069	128	128	0.608272994589818	0.960668130604613
K09607	group	GERD	-0.143748142391138	0.280750261202564	128	128	0.609537280024476	0.960668130604613
K10253	group	GERD	0.246138219055792	0.479947088532973	128	77	0.608958045787875	0.960668130604613
K11072	group	GERD	-0.0346000324049089	0.0673801885930926	128	128	0.608497710866782	0.960668130604613
K15977	group	GERD	0.0747719311717427	0.145561088184027	128	128	0.608374829411528	0.960668130604613
K17850	group	GERD	-0.194827653299998	0.378979953872947	128	26	0.608093479353161	0.960668130604613
K02304	group	GERD	0.0570689747301587	0.111595956760299	128	128	0.609973510183405	0.960958495043072
K19715	group	GERD	0.203610067179734	0.398270778879033	128	122	0.610081019860865	0.960958495043072
K00283	group	GERD	-0.130381510150279	0.255797311981079	128	128	0.611148824253486	0.961726877565261
K09125	group	GERD	-0.0553095913877282	0.108483793805462	128	128	0.611054060768923	0.961726877565261
K14445	group	GERD	-0.0891388180737899	0.174912087099584	128	128	0.611208664558648	0.961726877565261
K16203	group	GERD	0.230746432116356	0.452882185062718	128	119	0.611288426854986	0.961726877565261
K00354	group	GERD	-0.199055464351662	0.404514336971978	128	122	0.623515473573858	0.96176778799653
K00425	group	GERD	0.0245155700571765	0.0492407284142132	128	128	0.619442239886989	0.96176778799653
K00426	group	GERD	0.0245155700571765	0.0492407284142132	128	128	0.619442239886989	0.96176778799653
K00872	group	GERD	0.0233756068317087	0.0476708234812751	128	128	0.624735819989455	0.96176778799653
K01286	group	GERD	0.0481793528005456	0.0949637297851001	128	128	0.612799775450927	0.96176778799653
K01401	group	GERD	0.181647860991609	0.370904123612497	128	36	0.625167052616525	0.96176778799653
K01432	group	GERD	0.248078633659656	0.487435636116091	128	96	0.611679842629828	0.96176778799653
K01458	group	GERD	0.271387973317026	0.536472347588248	128	107	0.613828267715741	0.96176778799653
K01572	group	GERD	-0.0970614815774485	0.197802873037307	128	128	0.624493531854105	0.96176778799653
K01676	group	GERD	-0.0923517001471895	0.187904849360653	128	128	0.623941207859771	0.96176778799653
K01737	group	GERD	0.0390138770681061	0.0778191409162105	128	128	0.617006383990655	0.96176778799653
K01953	group	GERD	0.0521542502369701	0.105475582165949	128	128	0.621837058407166	0.96176778799653
K01975	group	GERD	0.106368490792533	0.215014390791395	128	128	0.621670536048423	0.96176778799653
K02217	group	GERD	-0.0870264981034816	0.174141909192128	128	128	0.618126432828674	0.96176778799653
K02241	group	GERD	0.240678659584503	0.477860805938068	128	116	0.615380812666947	0.96176778799653
K02352	group	GERD	0.181647860991609	0.370904123612497	128	36	0.625167052616525	0.96176778799653
K02533	group	GERD	0.164026022738363	0.330207910401661	128	128	0.62024107818592	0.96176778799653
K02587	group	GERD	0.114593742052252	0.228179426153091	128	128	0.616397102660612	0.96176778799653
K02786	group	GERD	-0.0691141921086677	0.136439992948697	128	128	0.61335321781710594	0.96176778799653
K02788	group	GERD	-0.0691141921086677	0.136439992948697	128	128	0.61335321781710594	0.96176778799653
K02970	group	GERD	-0.0107082776672645	0.0211839558116951	128	128	0.614097847384491	0.96176778799653
K03186	group	GERD	0.123970424222748	0.253126827695206	128	128	0.625158072032527	0.96176778799653
K03313	group	GERD	0.0502795371352023	0.100019377011627	128	128	0.616054153645029	0.96176778799653
K03431	group	GERD	0.017208186584849	0.0350581852941406	128	128	0.624388831299634	0.96176778799653
K03516	group	GERD	-0.116927150945117	0.238158528874945	128	25	0.624306272044924	0.96176778799653
K03546	group	GERD	0.0271620520058958	0.0552499703530744	128	128	0.623842552760588	0.96176778799653
K03569	group	GERD	-0.0473549742098962	0.094849472129183	128	128	0.618463685926373	0.96176778799653
K03589	group	GERD	-0.00726419473677275	0.0144664445156131	128	128	0.616444744008258	0.96176778799653
K03607	group	GERD	0.206816953304868	0.422004858502763	128	123	0.624928196279361	0.96176778799653
K03718	group	GERD	-0.111932677387786	0.227738744853411	128	128	0.62393078427494	0.96176778799653
K04024	group	GERD	-0.231250694928086	0.468719122910366	128	49	0.622611898284073	0.96176778799653
K04061	group	GERD	0.0935537207177755	0.188583640629959	128	128	0.620697933956418	0.96176778799653
K04478	group	GERD	0.181647860991609	0.370904123612497	128	36	0.625167052616525	0.96176778799653
K04654	group	GERD	0.113741915805116	0.22573188981378	128	128	0.615225184473843	0.96176778799653
K04656	group	GERD	0.113548617953637	0.225723504817069	128	128	0.615812279549415	0.96176778799653
K04771	group	GERD	0.0247874130633924	0.0492238215464139	128	128	0.615446070296909	0.96176778799653
K05311	group	GERD	0.0601432655326929	0.120996130658883	128	128	0.620007552446531	0.96176778799653
K06153	group	GERD	-0.0118775005169794	0.0233954365632663	128	128	0.612562157256404	0.96176778799653
K06928	group	GERD	-0.25324563176484	0.516013453339439	128	75	0.624440434681355	0.96176778799653
K07074	group	GERD	-0.185618906377467	0.365675077921684	128	128	0.612616979266372	0.96176778799653
K07118	group	GERD	0.0596059284421735	0.117400276565286	128	128	0.612540545773213	0.96176778799653
K07133	group	GERD	-0.0881246548713768	0.177966811548402	128	128	0.621339275659026	0.96176778799653
K07138	group	GERD	0.114891019413945	0.2268907786781	128	128	0.613480786668359	0.96176778799653
K07347	group	GERD	0.273027900133104	0.543045731983752	128	116	0.616002615026157	0.96176778799653
K07480	group	GERD	0.262073534912763	0.526592573686848	128	65	0.619578468752388	0.96176778799653
K07492	group	GERD	0.173766783437916	0.348779170016706	128	18	0.619201498009354	0.96176778799653
K07681	group	GERD	0.181647860991609	0.370904123612497	128	36	0.625167052616525	0.96176778799653
K07729	group	GERD	0.041148369988990303	0.0832295309294574	128	128	0.621887226175462	0.96176778799653
K08093	group	GERD	0.272892471539469	0.557182331032494	128	65	0.62514668520445	0.96176778799653
K08259	group	GERD	0.181647860991609	0.370904123612497	128	36	0.625167052616525	0.96176778799653
K09683	group	GERD	0.187875392891159	0.375287330884206	128	40	0.61751370442418	0.96176778799653
K09813	group	GERD	0.181647860991609	0.370904123612497	128	36	0.625167052616525	0.96176778799653
K09814	group	GERD	0.181647860991609	0.370904123612497	128	36	0.625167052616525	0.96176778799653
K09890	group	GERD	-0.265308455942636	0.531772142933892	128	126	0.618710039777046	0.96176778799653
K09979	group	GERD	-0.174819895785507	0.343884525364401	128	122	0.612084188210074	0.96176778799653
K10208	group	GERD	0.181647860991609	0.370904123612497	128	36	0.625167052616525	0.96176778799653
K10209	group	GERD	0.181647860991609	0.370904123612497	128	36	0.625167052616525	0.96176778799653
K10210	group	GERD	0.181647860991609	0.370904123612497	128	36	0.625167052616525	0.96176778799653
K10211	group	GERD	0.181647860991609	0.370904123612497	128	36	0.625167052616525	0.96176778799653
K10850	group	GERD	0.181647860991609	0.370904123612497	128	36	0.625167052616525	0.96176778799653
K11102	group	GERD	-0.166199667650623	0.326389194250546	128	127	0.611497729154449	0.96176778799653
K11275	group	GERD	-0.116927150945117	0.238158528874945	128	25	0.624306272044924	0.96176778799653
K11622	group	GERD	-0.150734437643252	0.299516796700235	128	48	0.615661028033021	0.96176778799653
K11936	group	GERD	0.219793404623874	0.444066472460729	128	113	0.621493117144946	0.96176778799653
K15054	group	GERD	0.222957222068714	0.452612049758655	128	83	0.623151721318683	0.96176778799653
K16091	group	GERD	0.132847105911285	0.267581719626466	128	128	0.620425748844415	0.96176778799653
K16169	group	GERD	0.063347097322928	0.125999001918829	128	128	0.616011551394908	0.96176778799653
K17074	group	GERD	-0.0421651771655799	0.0853813008040807	128	128	0.622275028065763	0.96176778799653
K17736	group	GERD	0.182177330459464	0.367437454799025	128	22	0.620895688907214	0.96176778799653
K18119	group	GERD	-0.353785950815904	0.704616535089402	128	101	0.61647549397202706	0.96176778799653
K18906	group	GERD	0.181647860991609	0.370904123612497	128	36	0.625167052616525	0.96176778799653
K18935	group	GERD	0.181647860991609	0.370904123612497	128	36	0.625167052616525	0.96176778799653
K19077	group	GERD	0.181647860991609	0.370904123612497	128	36	0.625167052616525	0.96176778799653
K19078	group	GERD	0.181647860991609	0.370904123612497	128	36	0.625167052616525	0.96176778799653
K19079	group	GERD	0.181647860991609	0.370904123612497	128	36	0.625167052616525	0.96176778799653
K19576	group	GERD	0.181647860991609	0.370904123612497	128	36	0.625167052616525	0.96176778799653
K19620	group	GERD	0.18333735940385	0.372850046966261	128	34	0.623773714286774	0.96176778799653
K09695	group	GERD	0.214743859238401	0.438850878340652	128	112	0.625457312037032	0.961937511550625
K03772	group	GERD	-0.166391726813563	0.340624424708225	128	128	0.626051691918317	0.962574732526696
K05788	group	GERD	0.141272810603963	0.28952023703902	128	128	0.626429834778305	0.962879211249229
K00004	group	GERD	0.0535363665366111	0.110146913065193	128	128	0.627779423247394	0.963015436637179
K01070	group	GERD	0.169650984612356	0.348663507026762	128	128	0.627404747482455	0.963015436637179
K05934	group	GERD	0.0542393256876048	0.111366461888136	128	128	0.627079973724986	0.963015436637179
K06609	group	GERD	-0.101515684440237	0.20865573303129	128	128	0.62744201714308	0.963015436637179
K09822	group	GERD	0.201044427946719	0.413625232365617	128	62	0.627772733697426	0.963015436637179
K17215	group	GERD	-0.273986134888142	0.562157705981927	128	81	0.626833796849395	0.963015436637179
K18234	group	GERD	-0.311555686704942	0.63954584397135406	128	102	0.626997435946363	0.963015436637179
K01664	group	GERD	-0.0770556132721713	0.159369605547829	128	128	0.629578110978534	0.964667406503652
K07177	group	GERD	0.044605291493851	0.0922128443456448	128	128	0.629423477450408	0.964667406503652
K19621	group	GERD	0.162512762818398	0.335949471828315	128	32	0.629408855185546	0.964667406503652
K19622	group	GERD	0.162512762818398	0.335949471828315	128	32	0.629408855185546	0.964667406503652
K02072	group	GERD	-0.0164173803477697	0.0339748289468877	128	128	0.629776824309059	0.964695387609234
K07451	group	GERD	-0.242162823314742	0.501787517130522	128	121	0.630216922914477	0.965043180663731
K13043	group	GERD	-0.16525871219947	0.342582221226998	128	128	0.630364905888094	0.965043180663731
K02810	group	GERD	-0.032625609193872	0.0676919743188231	128	128	0.630662253657487	0.965221989136252
K01436	group	GERD	0.045596046843386	0.0947424002991482	128	128	0.631164054511864	0.965437206128878
K02066	group	GERD	0.0490875160113725	0.10198065571596	128	128	0.631108728923453	0.965437206128878
K11069	group	GERD	-0.0312454515989813	0.0650896999095195	128	128	0.632033516560789	0.965661954711055
K11107	group	GERD	-0.267314658568984	0.556532166502437	128	126	0.63183128806032	0.965661954711055
K11924	group	GERD	0.243289228015406	0.506653298508781	128	90	0.63192576161571	0.965661954711055
K16320	group	GERD	0.195911904273953	0.407598513015417	128	69	0.631599341427582	0.965661954711055
K01090	group	GERD	0.0274185338152544	0.0572225611417482	128	128	0.632658197799775	0.965788328223186
K06872	group	GERD	0.0516218125800421	0.1076917051577	128	128	0.632521948770228	0.965788328223186
K07478	group	GERD	-0.00949423820158733	0.0198082995808995	128	128	0.632551751014993	0.965788328223186
K02071	group	GERD	-0.0164427185062826	0.034417148520058	128	128	0.633657445505373	0.967037597394155
K01628	group	GERD	-0.0698889663374125	0.146414622501659	128	128	0.633949841809688	0.967207720980191
K03413	group	GERD	0.0523574970485952	0.109825412405148	128	128	0.634377371993235	0.96740241340176
K06348	group	GERD	-0.103981444176261	0.218178126015213	128	14	0.634479796462279	0.96740241340176
K17076	group	GERD	-0.0411328260896658	0.0863424249184505	128	128	0.634620326187799	0.96740241340176
K05921	group	GERD	0.227608986615592	0.478542555286944	128	88	0.635161876218962	0.967676087280299
K11991	group	GERD	-0.0120044605397243	0.0252357319277246	128	128	0.635116814236984	0.967676087280299
K00428	group	GERD	0.12019041212457	0.252874166630011	128	128	0.635397982769073	0.967760004525203
K13541	group	GERD	0.221756169144935	0.466918575567743	128	38	0.635655199066447	0.967876016579102
K02761	group	GERD	-0.0464765560830961	0.0979569661268732	128	128	0.635993939353797	0.968116059164407
K01918	group	GERD	0.0403069740056226	0.0850633423257293	128	128	0.636429355828274	0.968503084616553
K15545	group	GERD	0.106498044065243	0.225406067901525	128	22	0.637407286543837	0.969715240143242
K00121	group	GERD	0.160331662124123	0.339879030564641	128	128	0.637934279247598	0.970240869660785
K06182	group	GERD	-0.103337592203569	0.219878930016998	128	128	0.639185305258046	0.971038545583835
K07164	group	GERD	-0.065753728477444	0.139877561259495	128	128	0.639110039922791	0.971038545583835
K11475	group	GERD	0.284052205795591	0.604100660931456	128	95	0.639020172731957	0.971038545583835
K11616	group	GERD	0.18882392723675	0.401189243920923	128	55	0.638696953640554	0.971038545583835
K06972	group	GERD	0.0781807967072585	0.166553920684409	128	128	0.639593362483177	0.971106536732481
K12136	group	GERD	-0.196536108507234	0.418620390087275	128	119	0.63953424371794	0.971106536732481
K04653	group	GERD	0.104630213767673	0.22305151303997	128	128	0.639819224047004	0.971173643314958
K03216	group	GERD	0.0164914861660639	0.0352004298125697	128	128	0.640234847397813	0.971528667098696
K01580	group	GERD	-0.181546174020374	0.388160837215231	128	123	0.640800903162228	0.971703066017364
K07124	group	GERD	-0.0249042047115397	0.0533107728866555	128	128	0.64119836682116	0.971703066017364
K10023	group	GERD	0.0860952275732521	0.184331628324288	128	17	0.64125858902156	0.971703066017364
K10024	group	GERD	0.0860952275732521	0.184331628324288	128	17	0.64125858902156	0.971703066017364
K18146	group	GERD	0.128258542016038	0.274346972939321	128	31	0.640946253201598	0.971703066017364
K00034	group	GERD	-0.164022195556933	0.352195978873229	128	126	0.642225056662281	0.972065445333112
K00564	group	GERD	-0.0363340153741871	0.0779744867090475	128	128	0.642039256655398	0.972065445333112
K03797	group	GERD	-0.051030349705839	0.109556862741571	128	128	0.642170905190233	0.972065445333112
K06350	group	GERD	0.168137457518788	0.360499111931616	128	125	0.641733241752363	0.972065445333112
K00262	group	GERD	-0.0320183378284751	0.0694377128318532	128	128	0.645515541907629	0.972729087643549
K00406	group	GERD	0.111720251657574	0.241673752341612	128	128	0.644679847708964	0.972729087643549
K00508	group	GERD	0.136669979055499	0.306740786630906	128	128	0.656683117802125	0.972729087643549
K00620	group	GERD	0.0268356723346647	0.0588354546635364	128	128	0.649093215390417	0.972729087643549
K00648	group	GERD	-0.0138756474138132	0.0312887058059027	128	128	0.658185328415096	0.972729087643549
K00956	group	GERD	0.104132558472476	0.229571100195732	128	128	0.650899817274115	0.972729087643549
K01119	group	GERD	-0.0241477320992045	0.0542841478955428	128	128	0.657198973229565	0.972729087643549
K01205	group	GERD	0.275767447616675	0.621143934361975	128	80	0.6578279156946	0.972729087643549
K01446	group	GERD	-0.124879684504884	0.276025093243565	128	126	0.65174333909606	0.972729087643549
K01464	group	GERD	0.0930820386663977	0.205101123842989	128	128	0.650728426112249	0.972729087643549
K01589	group	GERD	0.0367505831487908	0.0811899281196259	128	128	0.651579541330814	0.972729087643549
K01615	group	GERD	0.101727120963652	0.223181951185815	128	128	0.649315843975964	0.972729087643549
K01658	group	GERD	0.025390304325618	0.0569071456904849	128	128	0.65623970271214	0.972729087643549
K01753	group	GERD	0.174477003838261	0.389489944418198	128	124	0.654949332278693	0.972729087643549
K01766	group	GERD	-0.203791961536338	0.448593636309231	128	107	0.650401159048642	0.972729087643549
K02398	group	GERD	0.115930032303966	0.258866921513697	128	128	0.655040303563149	0.972729087643549
K02435	group	GERD	0.016804308126246	0.0376659482634673	128	128	0.656261439168194	0.972729087643549
K02478	group	GERD	0.161533395967124	0.360892498851117	128	128	0.655214643305402	0.972729087643549
K02557	group	GERD	0.0615406227015477	0.138904054691003	128	128	0.658493559330716	0.972729087643549
K02567	group	GERD	0.0888787276781321	0.199674251226954	128	128	0.65699778553432	0.972729087643549
K02570	group	GERD	0.0888787276781321	0.199674251226954	128	128	0.65699778553432	0.972729087643549
K02742	group	GERD	-0.202418363328886	0.44844917198379	128	107	0.652495840944123	0.972729087643549
K03150	group	GERD	0.0629980174138996	0.139497368785082	128	128	0.652328359236467	0.972729087643549
K03203	group	GERD	-0.294121696770273	0.640495509872617	128	93	0.646874890102503	0.972729087643549
K03281	group	GERD	-0.0688728865302952	0.152608440214517	128	128	0.652545844942504	0.972729087643549
K03284	group	GERD	-0.0116354523893604	0.0258995116033813	128	128	0.654020423457661	0.972729087643549
K03343	group	GERD	-0.132373942769877	0.29267405083383	128	24	0.651836821869577	0.972729087643549
K03435	group	GERD	0.274225273305414	0.609214584010612	128	62	0.653390785670503	0.972729087643549
K03529	group	GERD	0.0165285595190903	0.0363662357064303	128	128	0.650248942425584	0.972729087643549
K03606	group	GERD	-0.109307124843035	0.238049593165599	128	128	0.646897563349156	0.972729087643549
K03618	group	GERD	-0.129890676298336	0.292425174477255	128	26	0.657671269726841	0.972729087643549
K03721	group	GERD	-0.202418363328886	0.44844917198379	128	107	0.652495840944123	0.972729087643549
K03763	group	GERD	-0.0237362710776561	0.0534550946828522	128	128	0.657774368437455	0.972729087643549
K03790	group	GERD	-0.0346831577053922	0.0777668521704827	128	128	0.656370664205441	0.972729087643549
K03885	group	GERD	0.0237384613358393	0.052588866665035	128	128	0.652479354824891	0.972729087643549
K03928	group	GERD	0.0674441019346817	0.149323962627402	128	128	0.652288303215115	0.972729087643549
K03981	group	GERD	0.128131117378723	0.277711990536233	128	128	0.645320571173797	0.972729087643549
K04014	group	GERD	-0.207656786391689	0.460697867636353	128	105	0.652948787677974	0.972729087643549
K04042	group	GERD	0.0162484626835844	0.0364434080117943	128	128	0.656467431449459	0.972729087643549
K04063	group	GERD	0.128770562716859	0.278748878124033	128	128	0.644907332058587	0.972729087643549
K04517	group	GERD	0.0207111802480106	0.0452962003323231	128	128	0.648286798619957	0.972729087643549
K04655	group	GERD	0.102188522318672	0.222833728417885	128	128	0.647321211789798	0.972729087643549
K05351	group	GERD	-0.242406998349133	0.530192944956077	128	81	0.648310844087363	0.972729087643549
K05851	group	GERD	-0.202418363328886	0.44844917198379	128	107	0.652495840944123	0.972729087643549
K06351	group	GERD	0.15962765449343	0.360098954843688	128	125	0.658317415837601	0.972729087643549
K06901	group	GERD	-0.0126064890329288	0.0275439946180613	128	128	0.647966611952958	0.972729087643549
K06929	group	GERD	0.0548420102350527	0.119649941408787	128	128	0.647487816042732	0.972729087643549
K07023	group	GERD	-0.0695406042219309	0.15072350968059	128	128	0.645322486814001	0.972729087643549
K07054	group	GERD	0.0455321763738682	0.0995248923731118	128	128	0.648102924452283	0.972729087643549
K07104	group	GERD	-0.0435721565455541	0.0945325136938162	128	128	0.645648855038908	0.972729087643549
K07221	group	GERD	-0.116655591732299	0.252984771420864	128	128	0.645509611860715	0.972729087643549
K07309	group	GERD	0.171713534066655	0.383984523070428	128	49	0.655506608100086	0.972729087643549
K07310	group	GERD	0.171713534066647	0.383984523070428	128	49	0.655506608100102	0.972729087643549
K07312	group	GERD	0.171713534066647	0.383984523070428	128	49	0.655506608100102	0.972729087643549
K07443	group	GERD	-0.0775825226880474	0.173026499817842	128	128	0.654645323194544	0.972729087643549
K07636	group	GERD	-0.0362066778485575	0.0801425234307777	128	128	0.652205198530682	0.972729087643549
K07733	group	GERD	0.209850915759374	0.463469563041716	128	114	0.6514840298892	0.972729087643549
K08641	group	GERD	-0.0861966627219124	0.188634536728799	128	128	0.648493381945514	0.972729087643549
K08722	group	GERD	0.1036501535435	0.232460165540222	128	128	0.656446637738764	0.972729087643549
K09011	group	GERD	0.167875777332124	0.371583798118528	128	127	0.652201011206227	0.972729087643549
K09696	group	GERD	0.202941558658516	0.45612784588971	128	122	0.65713910792327	0.972729087643549
K09697	group	GERD	0.202941558658516	0.45612784588971	128	122	0.65713910792327	0.972729087643549
K09698	group	GERD	0.0418347341171922	0.0913064931457923	128	128	0.647612942566897	0.972729087643549
K09888	group	GERD	-0.0413044897372097	0.0889550510349176	128	128	0.643212696742923	0.972729087643549
K10764	group	GERD	0.145778204965523	0.325142163664673	128	128	0.654669073914153	0.972729087643549
K11693	group	GERD	0.223462005795343	0.502424537461124	128	37	0.657250998380777	0.972729087643549
K11737	group	GERD	0.0707975305386137	0.155739285690684	128	128	0.650186396500246	0.972729087643549
K11755	group	GERD	-0.105429441826674	0.229576765259059	128	128	0.646857473723272	0.972729087643549
K11783	group	GERD	0.178105091689372	0.401699619011527	128	121	0.658252149430626	0.972729087643549
K11913	group	GERD	0.171202516811013	0.386154465691237	128	28	0.658271170169172	0.972729087643549
K12138	group	GERD	-0.141258617341905	0.318417521369287	128	122	0.658073122121146	0.972729087643549
K12500	group	GERD	-0.275913996663928	0.612725682104447	128	123	0.653263724077	0.972729087643549
K12507	group	GERD	0.171713534066647	0.383984523070428	128	49	0.655506608100102	0.972729087643549
K13021	group	GERD	-0.191768409468411	0.413659197006929	128	32	0.643741110727649	0.972729087643549
K13767	group	GERD	0.179427900900687	0.391190935043189	128	44	0.647260697830348	0.972729087643549
K15725	group	GERD	0.136075656326606	0.295934687069338	128	128	0.646440361373856	0.972729087643549
K16051	group	GERD	0.164169242420632	0.363988648714163	128	25	0.652744286981306	0.972729087643549
K16249	group	GERD	0.115661071656138	0.249543966431886	128	20	0.64381299670986	0.972729087643549
K17329	group	GERD	-0.112224093156764	0.250811483437468	128	13	0.655322788005116	0.972729087643549
K17331	group	GERD	-0.112224093156764	0.250811483437468	128	13	0.655322788005116	0.972729087643549
K18676	group	GERD	-0.195335521521408	0.422604432221293	128	32	0.644721891863028	0.972729087643549
K18891	group	GERD	-0.0692973974850415	0.151341052389201	128	128	0.647820874526753	0.972729087643549
K18892	group	GERD	-0.0692973974850415	0.151341052389201	128	128	0.647820874526753	0.972729087643549
K18910	group	GERD	-0.203752931778087	0.446754250285051	128	38	0.649121978792541	0.972729087643549
K19333	group	GERD	0.192831820286872	0.417390238200963	128	30	0.644882267005737	0.972729087643549
K19338	group	GERD	0.258220122376025	0.559517713387741	128	95	0.645232206416661	0.972729087643549
K19623	group	GERD	0.175491579446554	0.387857029965824	128	34	0.651712367706718	0.972729087643549
K00634	group	GERD	-0.128975204706546	0.291447261918617	128	128	0.658861861303928	0.973004284677016
K08324	group	GERD	-0.271419234868167	0.614010466867029	128	123	0.659215632641814	0.973257876858089
K01582	group	GERD	-0.209020452721179	0.474067520285121	128	105	0.66003474409984	0.973679827002108
K05539	group	GERD	0.116102439628092	0.263377667336501	128	128	0.660097915148087	0.973679827002108
K10918	group	GERD	0.160565914519758	0.364811526277539	128	33	0.66059422606372	0.973679827002108
K11934	group	GERD	-0.155694734807887	0.352968599390355	128	127	0.659895976070936	0.973679827002108
K14698	group	GERD	0.219116834535153	0.497589984326105	128	61	0.660433658505183	0.973679827002108
K18928	group	GERD	-0.0368891857179156	0.08373470393224	128	128	0.66029488928374	0.973679827002108
K01439	group	GERD	0.0239369383672231	0.0544206417447871	128	128	0.660799033190229	0.973713239094533
K02069	group	GERD	0.101714185716476	0.231969601001519	128	128	0.661788765434401	0.974902931940564
K02044	group	GERD	-0.0759066938392376	0.173839884585248	128	128	0.663114586650629	0.975243625924144
K02623	group	GERD	0.209884748586132	0.480067655344164	128	76	0.662715968500829	0.975243625924144
K07166	group	GERD	0.0232838836195593	0.0533231041884283	128	128	0.663107789655055	0.975243625924144
K08218	group	GERD	-0.0934793181936273	0.213576669694413	128	128	0.662363944440844	0.975243625924144
K15738	group	GERD	-0.00987569925587592	0.0225826595208687	128	128	0.662632717302608	0.975243625924144
K18143	group	GERD	0.123254741066742	0.281951142672604	128	31	0.662751394790613	0.975243625924144
K01579	group	GERD	-0.0576701434313772	0.132225840721423	128	128	0.663475139806737	0.975505527339608
K09992	group	GERD	0.176858081062273	0.405930064841405	128	123	0.663809984724502	0.975729496380861
K09978	group	GERD	-0.199693603583561	0.459101224625806	128	83	0.664330914162335	0.976226791399627
K06347	group	GERD	0.169484367115761	0.390238538001314	128	45	0.664806414144664	0.976341786540657
K06990	group	GERD	0.15157347103282	0.348918793625883	128	125	0.664734465789554	0.976341786540657
K13572	group	GERD	0.0736889785017097	0.169750519831382	128	128	0.664957060380571	0.976341786540657
K01283	group	GERD	0.107127300385019	0.247117681186922	128	26	0.66538759448552	0.976437573461321
K02434	group	GERD	0.0162831060097692	0.0375454575564092	128	128	0.665254879732815	0.976437573461321
K01115	group	GERD	0.0970079094777091	0.224640798014613	128	23	0.666598906572053	0.977019306411336
K02026	group	GERD	0.0281110777692228	0.0653177722146738	128	128	0.667658767593853	0.977019306411336
K02358	group	GERD	-0.00854990014047852	0.0198037016711761	128	128	0.666673753220809	0.977019306411336
K02568	group	GERD	0.0866315946741098	0.201685748468692	128	128	0.668265729299924	0.977019306411336
K02802	group	GERD	-0.104542476136876	0.243689314199422	128	128	0.668656532928499	0.977019306411336
K03091	group	GERD	-0.0641751964228055	0.149434900476167	128	128	0.668327396003325	0.977019306411336
K04754	group	GERD	-0.104576246371013	0.241806227618028	128	128	0.666132213435621	0.977019306411336
K05833	group	GERD	-0.0304565488935567	0.0707318731509276	128	128	0.667501023332579	0.977019306411336
K06920	group	GERD	0.0369384067214277	0.0861751188505996	128	128	0.668914574244878	0.977019306411336
K08651	group	GERD	0.206778216898581	0.482648070240909	128	77	0.66907364024914	0.977019306411336
K09707	group	GERD	-0.216361625809259	0.502171293252139	128	49	0.667311972824035	0.977019306411336
K11784	group	GERD	0.0824253417083637	0.191027250589443	128	128	0.666853330782127	0.977019306411336
K12139	group	GERD	-0.25244962310018	0.587469536840746	128	103	0.668130578608059	0.977019306411336
K12142	group	GERD	-0.252449623100178	0.587469536840746	128	103	0.668130578608061	0.977019306411336
K12144	group	GERD	-0.252449623100178	0.587469536840746	128	103	0.668130578608061	0.977019306411336
K12145	group	GERD	-0.252449623100178	0.587469536840746	128	103	0.668130578608061	0.977019306411336
K17752	group	GERD	0.17930922488188	0.418391958215841	128	70	0.668969713004082	0.977019306411336
K17762	group	GERD	0.17930922488188	0.418391958215841	128	70	0.668969713004082	0.977019306411336
K00087	group	GERD	-0.228112310911278	0.53517012194507	128	86	0.670658364657705	0.977034178359973
K01096	group	GERD	-0.195378349247348	0.457990796509742	128	105	0.670399511097625	0.977034178359973
K03303	group	GERD	0.0196240513264138	0.0459366884792772	128	128	0.669964407973894	0.977034178359973
K03716	group	GERD	0.231193769264716	0.541645307990743	128	121	0.670227147412242	0.977034178359973
K04766	group	GERD	-0.184666075763018	0.43271535245383	128	81	0.670281639910613	0.977034178359973
K07033	group	GERD	0.283867424655845	0.666127355831618	128	35	0.670728663408361	0.977034178359973
K08659	group	GERD	0.0755639065180822	0.176976156550562	128	128	0.670128241275711	0.977034178359973
K11041	group	GERD	0.0368452350897644	0.0860963968107689	128	128	0.669415719629428	0.977034178359973
K13020	group	GERD	-0.286748864019234	0.671326471455192	128	81	0.670008028630382	0.977034178359973
K03733	group	GERD	-0.0257541798537497	0.0605854537943392	128	128	0.671497238117136	0.977887288197823
K15372	group	GERD	0.22127607294916599	0.521342072617865	128	52	0.671972076339862	0.978312287612446
K00929	group	GERD	-0.135161434666675	0.318717982718564	128	128	0.67223172793461	0.978423854489089
K01668	group	GERD	0.251395688067943	0.593508487885685	128	121	0.672597562356745	0.978689866183766
K03474	group	GERD	-0.0971552687698305	0.230357303509585	128	128	0.673919622808291	0.979594804719262
K15896	group	GERD	-0.128060585598075	0.303423846702352	128	122	0.673706454247798	0.979594804719262
K15898	group	GERD	-0.128060585598075	0.303423846702352	128	122	0.673706454247798	0.979594804719262
K15984	group	GERD	-0.197507723506658	0.468345243625445	128	127	0.673952430182837	0.979594804719262
K13990	group	GERD	-0.125608984539244	0.298231927799114	128	128	0.674342063158658	0.979894718577381
K00472	group	GERD	0.207032155082425	0.492386972872825	128	110	0.67486102632563	0.979966782063599
K04780	group	GERD	-0.174048238033252	0.414049831479764	128	59	0.67494158091249	0.979966782063599
K17869	group	GERD	-0.176881193549674	0.420546427113484	128	120	0.674764769530127	0.979966782063599
K07724	group	GERD	0.289861899200094	0.690478508030949	128	99	0.675347545174499	0.980289974613867
K03153	group	GERD	0.119585652841079	0.28547014282389	128	128	0.675996800571215	0.980966041219793
K00970	group	GERD	0.0475309598929448	0.113861171759718	128	128	0.677062219854756	0.981063023255544
K02164	group	GERD	0.14656342994714	0.354131202543828	128	27	0.679674697425796	0.981063023255544
K03835	group	GERD	-0.221133997861879	0.534301728436197	128	126	0.679669467606266	0.981063023255544
K05526	group	GERD	0.15414729407384	0.370758511980276	128	23	0.678291414551347	0.981063023255544
K06960	group	GERD	-0.017978654537388	0.0432766838311343	128	128	0.678530008751398	0.981063023255544
K07488	group	GERD	-0.241406995818122	0.578959145919789	128	125	0.677411906042252	0.981063023255544
K08161	group	GERD	0.0778034535447531	0.187435226042638	128	128	0.678778210896284	0.981063023255544
K08643	group	GERD	0.0481045055708892	0.115699395494314	128	128	0.678284503427784	0.981063023255544
K09117	group	GERD	0.0279857941068938	0.0673848879796514	128	128	0.678619443767692	0.981063023255544
K09700	group	GERD	0.0849137088267542	0.203981192299778	128	16	0.677911852581664	0.981063023255544
K09900	group	GERD	-0.187551281004683	0.45056460114838	128	104	0.677929141822118	0.981063023255544
K10810	group	GERD	0.162014717485411	0.390679347817948	128	45	0.679066756164632	0.981063023255544
K12340	group	GERD	-0.0911855916150043	0.219443911796706	128	128	0.678460540492919	0.981063023255544
K13573	group	GERD	0.0760735220411635	0.182695481306995	128	128	0.677829280449192	0.981063023255544
K13622	group	GERD	0.105749868213239	0.255566228135145	128	128	0.679733901634593	0.981063023255544
K13922	group	GERD	-0.280258804253243	0.675175709309197	128	105	0.678781843304219	0.981063023255544
K15778	group	GERD	0.116099281217283	0.28008614945401	128	128	0.679203480181806	0.981063023255544
K16345	group	GERD	-0.102001839935071	0.244180588179483	128	128	0.676854681869284	0.981063023255544
K17217	group	GERD	0.162014717485411	0.390679347817948	128	45	0.679066756164632	0.981063023255544
K17763	group	GERD	0.176108772675339	0.421540174982365	128	70	0.676823008894503	0.981063023255544
K03220	group	GERD	0.129228595866267	0.312970139901799	128	35	0.680374129400608	0.981457122443511
K15834	group	GERD	-0.256062749892215	0.620098533265001	128	71	0.68035329908796	0.981457122443511
K13255	group	GERD	0.191551328837598	0.464279540271384	128	70	0.68061729571869	0.981543043677399
K00005	group	GERD	0.0360835449635197	0.087738445332856893	128	128	0.681578620880958	0.981605416818319
K02065	group	GERD	0.0429688286835824	0.104362953397168	128	128	0.681240599053362	0.981605416818319
K02078	group	GERD	0.0111267028538058	0.0270357782339049	128	128	0.681365024619092	0.981605416818319
K02806	group	GERD	-0.0716161835018797	0.174035825666519	128	128	0.681403201325006	0.981605416818319
K06992	group	GERD	-0.230203707526702	0.559680463766206	128	127	0.681541983452187	0.981605416818319
K00112	group	GERD	-0.0992404935563174	0.242075567413564	128	128	0.682533911815246	0.981624613302182
K07473	group	GERD	-0.0434199526488514	0.105976508697775	128	128	0.682712212851085	0.981624613302182
K07664	group	GERD	-0.134037595129778	0.32718019343396	128	126	0.682739904528554	0.981624613302182
K10189	group	GERD	-0.215899075038444	0.527242257989202	128	69	0.68287727962417	0.981624613302182
K10190	group	GERD	-0.215899075038444	0.527242257989202	128	69	0.68287727962417	0.981624613302182
K13639	group	GERD	0.201573155734251	0.492182972375993	128	106	0.682832053297922	0.981624613302182
K18285	group	GERD	0.0860215083496135	0.209596165357755	128	128	0.682198252318556	0.981624613302182
K01222	group	GERD	-0.0809519651640285	0.197995986810509	128	128	0.683338991806655	0.981877242600588
K01839	group	GERD	0.0269590274639767	0.0659555418977115	128	128	0.683420355352935	0.981877242600588
K15582	group	GERD	0.022523018555266502	0.0551558415776404	128	128	0.683708128056869	0.9820267739366
K07273	group	GERD	-0.042616345727553	0.104432420590909	128	128	0.68391061677896	0.982053762369143
K04062	group	GERD	0.176857241614411	0.434772272467612	128	127	0.684858752075162	0.98262342689045
K07507	group	GERD	0.0325014916921447	0.0798739455561244	128	128	0.684764626276101	0.98262342689045
K10188	group	GERD	-0.214495503003743	0.527217637324459	128	69	0.684812598915259	0.98262342689045
K00943	group	GERD	0.0143501243559314	0.0354777816190802	128	128	0.68654409588068	0.983194411084413
K02003	group	GERD	-0.0175380690856927	0.0432289450038477	128	128	0.685649680834212	0.983194411084413
K03292	group	GERD	-0.0657338512458359	0.162294369517808	128	128	0.686143359481838	0.983194411084413
K07218	group	GERD	0.137067298738219	0.338782433705245	128	128	0.686466390233427	0.983194411084413
K13626	group	GERD	-0.107038774530873	0.263671482611997	128	128	0.685464197301969	0.983194411084413
K13766	group	GERD	0.111683081362418	0.275869402812362	128	128	0.686281294174127	0.983194411084413
K15461	group	GERD	0.164126473312503	0.404853155626195	128	127	0.685872844021541	0.983194411084413
K00096	group	GERD	-0.164717004629082	0.407781318884378	128	124	0.686945528376606	0.983242515314949
K16698	group	GERD	-0.193460530663385	0.478822678881363	128	115	0.686872829813249	0.983242515314949
K06287	group	GERD	0.0324812453394985	0.0805161357618978	128	128	0.687328286726752	0.983527039839726
K14348	group	GERD	0.108356889490769	0.268783369607169	128	30	0.687529681039694	0.98355196008515
K00046	group	GERD	-0.0567731513142386	0.141541421257181	128	128	0.689021288325473	0.983757999573702
K00131	group	GERD	-0.0462946072837256	0.115928180190077	128	128	0.690319727836346	0.983757999573702
K01739	group	GERD	0.0329689374501693	0.0822624640969692	128	128	0.689262791601579	0.983757999573702
K01952	group	GERD	0.0102512160447636	0.0256445727271968	128	128	0.690023285488764	0.983757999573702
K05989	group	GERD	-0.0972840065517543	0.243144938562177	128	128	0.689755178641821	0.983757999573702
K06409	group	GERD	0.0886871094372796	0.220746373508326	128	128	0.688541146766466	0.983757999573702
K09705	group	GERD	0.0866802204661981	0.216359492504361	128	128	0.689370660061945	0.983757999573702
K10109	group	GERD	0.124204819312716	0.311028338406267	128	20	0.69032168651196	0.983757999573702
K10110	group	GERD	0.124204819312716	0.311028338406267	128	20	0.69032168651196	0.983757999573702
K10112	group	GERD	0.0222938605612642	0.0558486908861928	128	128	0.69043397201656	0.983757999573702
K12700	group	GERD	-0.157013576236532	0.391617184910831	128	126	0.68914604616488	0.983757999573702
K14761	group	GERD	0.0263282560569224	0.065735939802785	128	128	0.689455230674438	0.983757999573702
K15034	group	GERD	0.0729742303561087	0.182316338855053	128	128	0.689641650673892	0.983757999573702
K16053	group	GERD	-0.0914496569873933	0.228593125408665	128	128	0.689793956262705	0.983757999573702
K16137	group	GERD	0.0904867527852249	0.226178345856133	128	128	0.689783761746033	0.983757999573702
K01673	group	GERD	0.0222337292509483	0.0558980268935512	128	128	0.69148373961186	0.984466597061253
K07130	group	GERD	-0.128119957299643	0.32193460902618	128	128	0.691326599762361	0.984466597061253
K16516	group	GERD	-0.164356396717994	0.412982524748372	128	59	0.691322679548284	0.984466597061253
K02005	group	GERD	-0.0284957367220294	0.0717679750021055	128	128	0.691999647195024	0.984498623707616
K03698	group	GERD	-0.0363353282169885	0.0915308973684702	128	128	0.692058703309618	0.984498623707616
K09145	group	GERD	0.193162973413832	0.486452272649055	128	38	0.691976481830451	0.984498623707616
K03525	group	GERD	-0.0473474883323004	0.119517569503909	128	128	0.692660709739035	0.984732756640988
K09787	group	GERD	-0.0220342082721132	0.0556421489647987	128	128	0.692775888089554	0.984732756640988
K10094	group	GERD	-0.177871119346275	0.448900355278233	128	106	0.692600100585059	0.984732756640988
K02305	group	GERD	0.0761282127545811	0.192388431561067	128	17	0.692995134056343	0.984782558922172
K01186	group	GERD	-0.0802046162055987	0.202848953228121	128	128	0.69322309315427	0.984817677903728
K01495	group	GERD	0.0108833590766736	0.0275412051793354	128	128	0.693388279017888	0.984817677903728
K02477	group	GERD	-0.0757160709551368	0.1920452895141	128	128	0.694054449827994	0.984925316910724
K03322	group	GERD	0.0302455571506176	0.0767287214859577	128	128	0.694108446065326	0.984925316910724
K07182	group	GERD	0.0929017807698144	0.235903685214559	128	127	0.69438524493762	0.984925316910724
K08714	group	GERD	0.195142767396247	0.495124105830316	128	69	0.694152046225701	0.984925316910724
K16148	group	GERD	0.0679206350783154	0.172372265631315	128	128	0.694221566701855	0.984925316910724
K09128	group	GERD	-0.257488283832641	0.655421178562949	128	70	0.6950872822421	0.985659578479116
K00526	group	GERD	0.0159408671638451	0.0406575321042576	128	128	0.695663995909414	0.985730663091717
K14446	group	GERD	0.16567087632176	0.42258607690436	128	51	0.695690570865142	0.985730663091717
K14449	group	GERD	0.16567087632176	0.42258607690436	128	51	0.695690570865142	0.985730663091717
K06954	group	GERD	-0.181848527940424	0.464157161940296	128	128	0.695880955961776	0.985739160193867
K00324	group	GERD	0.0779710348152328	0.200457877699509	128	128	0.69795881262271	0.985750155294352
K00499	group	GERD	0.17325327008907	0.445944862310196	128	99	0.698295614491888	0.985750155294352
K00613	group	GERD	-0.291982571757801	0.74971436025465	128	105	0.697594528529578	0.985750155294352
K01271	group	GERD	0.0306961319953328	0.0787031560846092	128	128	0.697177213298226	0.985750155294352
K02204	group	GERD	0.095526380158749	0.244389678961452	128	128	0.696548056857279	0.985750155294352
K02826	group	GERD	0.15982450676627	0.411350613471023	128	52	0.698275182002703	0.985750155294352
K02827	group	GERD	0.15982450676627	0.411350613471023	128	52	0.698275182002703	0.985750155294352
K05299	group	GERD	-0.229795634009241	0.590361052756372	128	113	0.697751301707751	0.985750155294352
K05568	group	GERD	-0.0767318828555396	0.196654864454833	128	128	0.697058190640092	0.985750155294352
K05802	group	GERD	-0.167723665030014	0.432253046780341	128	111	0.698654571344987	0.985750155294352
K07027	group	GERD	0.0255093150663526	0.0652019132981252	128	128	0.696283838159452	0.985750155294352
K07171	group	GERD	-0.0529056468932755	0.136022584395025	128	128	0.69797147656442	0.985750155294352
K12257	group	GERD	-0.0559520191651269	0.143094436235291	128	128	0.696446804000589	0.985750155294352
K13657	group	GERD	-0.106572165062179	0.27451365262794	128	22	0.698507101001686	0.985750155294352
K18700	group	GERD	-0.107266263267785	0.274662360242143	128	22	0.696797786280994	0.985750155294352
K00016	group	GERD	0.0294018856785356	0.0759759400492911	128	128	0.699416871499005	0.986044988141793
K00113	group	GERD	-0.0922298462221562	0.238297953837798	128	128	0.699382607712935	0.986044988141793
K11909	group	GERD	-0.264082086499028	0.681948969683037	128	85	0.69922733491936	0.986044988141793
K00183	group	GERD	0.155063518249953	0.401580523316508	128	49	0.700049357057512	0.986497770426128
K10907	group	GERD	0.0861358959004715	0.22326271118504	128	128	0.70029162715435	0.986497770426128
K11931	group	GERD	0.177077055148893	0.458832933125873	128	111	0.700199911058319	0.986497770426128
K00030	group	GERD	-0.110419020662311	0.286586716720409	128	128	0.700672162272859	0.986625083940039
K02377	group	GERD	-0.0690558706880019	0.179495455939934	128	128	0.701091905309927	0.986625083940039
K07816	group	GERD	-0.0343548319605061	0.0893646804885563	128	128	0.701304773470286	0.986625083940039
K09808	group	GERD	-0.068242554558839	0.177392553597336	128	128	0.701109750742364	0.986625083940039
K11719	group	GERD	0.113653807922114	0.295528721457993	128	128	0.701198512140577	0.986625083940039
K00297	group	GERD	0.0191249446813992	0.0505447306047521	128	128	0.705787576852018	0.986653675471177
K00720	group	GERD	-0.192125167566388	0.501921096130134	128	50	0.702528134289514	0.986653675471177
K01175	group	GERD	-0.174495085607776	0.461981506230527	128	104	0.706281463141323	0.986653675471177
K01267	group	GERD	0.0412208894330915	0.109567874616121	128	128	0.707391064555688	0.986653675471177
K01338	group	GERD	0.0426830740455524	0.113466940813436	128	128	0.707421752484278	0.986653675471177
K01409	group	GERD	-0.00862991081371112	0.0227052492652896	128	128	0.704522704259386	0.986653675471177
K01792	group	GERD	0.0706855259494714	0.185875465116636	128	128	0.704374673507167	0.986653675471177
K02862	group	GERD	-0.165041435950675	0.435651850295562	128	79	0.705445842336522	0.986653675471177
K03271	group	GERD	0.0439315253268749	0.116847466689241	128	128	0.707569034780855	0.986653675471177
K03426	group	GERD	0.0400074975803645	0.105949245251828	128	128	0.706355633624468	0.986653675471177
K03564	group	GERD	0.0321909332780045	0.0844687884609683	128	128	0.703771942521502	0.986653675471177
K03634	group	GERD	0.0992128677486089	0.258999924892941	128	128	0.702319745196148	0.986653675471177
K05364	group	GERD	0.0379314485956863	0.0990042305140355	128	128	0.70226930935652	0.986653675471177
K05939	group	GERD	-0.103177564520868	0.272149120267339	128	125	0.705235826894526	0.986653675471177
K06373	group	GERD	-0.122703835758971	0.326024834012397	128	127	0.707279704511269	0.986653675471177
K06401	group	GERD	-0.0774318399734027	0.203598166469862	128	17	0.704350497167807	0.986653675471177
K06434	group	GERD	-0.0774318399734027	0.203598166469862	128	17	0.704350497167807	0.986653675471177
K06896	group	GERD	-0.0369203748673348	0.0970222715358973	128	128	0.704189056363957	0.986653675471177
K06957	group	GERD	-0.174495085607776	0.461981506230527	128	104	0.706281463141323	0.986653675471177
K07096	group	GERD	0.206380516658487	0.541927087552244	128	82	0.703972871938101	0.986653675471177
K07259	group	GERD	-0.0408880128993306	0.106943913969761	128	128	0.702859715701797	0.986653675471177
K07696	group	GERD	0.249053579878101	0.653230153214501	128	75	0.703648998773034	0.986653675471177
K07778	group	GERD	0.0350863695942191	0.0919613634673016	128	128	0.703449822297901	0.986653675471177
K09477	group	GERD	-0.228024474320947	0.606558774436515	128	56	0.70760011069145	0.986653675471177
K09749	group	GERD	-0.125433560497173	0.331750073427751	128	127	0.705995092461468	0.986653675471177
K09891	group	GERD	-0.174495085607776	0.461981506230527	128	104	0.706281463141323	0.986653675471177
K11106	group	GERD	-0.228024474320947	0.606558774436515	128	56	0.70760011069145	0.986653675471177
K12996	group	GERD	0.0432315714597389	0.114361482384541	128	128	0.706047648394055	0.986653675471177
K13017	group	GERD	0.0828041231715721	0.219644760642091	128	128	0.706814376128966	0.986653675471177
K13923	group	GERD	-0.229960834649044	0.60640150245993	128	56	0.705161285509894	0.986653675471177
K15986	group	GERD	-0.021177716248688	0.0552485796998883	128	128	0.70213075024371	0.986653675471177
K16850	group	GERD	-0.229960834649044	0.60640150245993	128	56	0.705161285509894	0.986653675471177
K19181	group	GERD	0.131772719380378	0.346732508632435	128	24	0.704554510742483	0.986653675471177
K19411	group	GERD	0.0711511392173939	0.186473510187111	128	128	0.703429226359578	0.986653675471177
K08256	group	GERD	0.0640743474455146	0.170759053055801	128	128	0.708118453645714	0.987118970844847
K00691	group	GERD	-0.0879108920616042	0.234849929400597	128	128	0.708789557319703	0.987539477047467
K09001	group	GERD	0.103638789199716	0.276809698392672	128	128	0.708732773392181	0.987539477047467
K18330	group	GERD	-0.163600177799913	0.438818525514154	128	125	0.709909076532579	0.988841564133186
K16052	group	GERD	0.075075419426443	0.20189342890381	128	128	0.710624190325603	0.989579818046541
K00782	group	GERD	0.0365705111559956	0.098704898952118	128	128	0.711629482536906	0.98990484712595
K01261	group	GERD	-0.0395894062099037	0.106882526249133	128	128	0.711705576212915	0.98990484712595
K06443	group	GERD	0.145810686449305	0.393144298565801	128	124	0.711347216508753	0.98990484712595
K16937	group	GERD	-0.0929341199414341	0.25093320001581	128	128	0.711740567904853	0.98990484712595
K18926	group	GERD	0.225001259977532	0.607624851312489	128	123	0.711783432912861	0.98990484712595
K11210	group	GERD	0.19627196572748	0.530706561051391	128	70	0.712128968811381	0.990127819835017
K18997	group	GERD	0.20578303629386	0.557157804148462	128	121	0.712491110280233	0.990373758595456
K01666	group	GERD	-0.144018350979352	0.390219477528963	128	116	0.712694919446457	0.990399542334484
K00244	group	GERD	-0.0482602741868137	0.131047507212925	128	128	0.713293256514693	0.990765848263234
K18120	group	GERD	-0.256333623532714	0.696147885207183	128	103	0.713329171336548	0.990765848263234
K03837	group	GERD	-0.17349078956063	0.472211348359928	128	115	0.713936507086764	0.990839130161437
K04720	group	GERD	-0.0399492791673218	0.108809252578367	128	128	0.714123301255521	0.990839130161437
K13735	group	GERD	-0.0939048361677278	0.255766045854076	128	16	0.714122074928385	0.990839130161437
K14956	group	GERD	-0.0939048361677278	0.255766045854076	128	16	0.714122074928385	0.990839130161437
K01682	group	GERD	-0.111328133607677	0.303985080619009	128	128	0.714808455637883	0.991140401429155
K01928	group	GERD	-0.0100001759515676	0.0273146405714884	128	128	0.714896630735283	0.991140401429155
K07346	group	GERD	-0.215937196857872	0.589734671142559	128	104	0.714859830102264	0.991140401429155
K02025	group	GERD	0.022577744211824	0.0617162255034787	128	128	0.715104226020675	0.991169923190764
K03327	group	GERD	-0.0250186737935073	0.0684348669248162	128	128	0.715288732448554	0.991169923190764
K03386	group	GERD	0.0304982215982823	0.0837101573802714	128	128	0.716221409041174	0.991177751160786
K03708	group	GERD	0.0309428749237943	0.08484955774949	128	128	0.715962176391402	0.991177751160786
K09471	group	GERD	0.130192605025087	0.357225979532449	128	128	0.716129594910529	0.991177751160786
K11476	group	GERD	0.13673144839598	0.374549308685464	128	37	0.715681691074118	0.991177751160786
K19405	group	GERD	0.0692627517116962	0.189996290905458	128	128	0.716060001090216	0.991177751160786
K00001	group	GERD	0.015872967494054	0.142474860189665	128	128	0.911469379619627	0.991184832825321
K00003	group	GERD	0.00715153016691901	0.0331721578050502	128	128	0.829657247719316	0.991184832825321
K00008	group	GERD	-0.0397784176426038	0.22144761622416	128	128	0.857732376169049	0.991184832825321
K00012	group	GERD	-0.0360922028426652	0.117410747586424	128	128	0.759045533776256	0.991184832825321
K00014	group	GERD	0.00781090625193628	0.0265572125605543	128	128	0.769153079568155	0.991184832825321
K00018	group	GERD	-0.0266563394518793	0.18952186737726	128	128	0.888370682329122	0.991184832825321
K00021	group	GERD	0.0479200996928786	0.187619037285259	128	18	0.798821585369842	0.991184832825321
K00024	group	GERD	0.0178708088035995	0.0954401106720681	128	128	0.851768696835652	0.991184832825321
K00029	group	GERD	0.0197243958734012	0.137841562225754	128	128	0.88644398228107	0.991184832825321
K00036	group	GERD	0.0179008924739974	0.0930148837153124	128	128	0.847698069805865	0.991184832825321
K00039	group	GERD	-0.0488231799305011	0.225385903081009	128	24	0.828854537834097	0.991184832825321
K00054	group	GERD	-0.0342139180526805	0.0964952762603931	128	128	0.723507682505108	0.991184832825321
K00074	group	GERD	0.0575397593120969	0.16684284277023	128	128	0.730764099086464	0.991184832825321
K00088	group	GERD	-0.00157566231695904	0.0163635423082365	128	128	0.923442422448206	0.991184832825321
K00111	group	GERD	0.0230913516522819	0.0703804602987217	128	128	0.743385759652025	0.991184832825321
K00116	group	GERD	-0.0184886463405268	0.220687997383286	128	128	0.933366447372744	0.991184832825321
K00147	group	GERD	-0.0126903941658318	0.0366757177743483	128	128	0.729907593671617	0.991184832825321
K00150	group	GERD	0.0286781496917776	0.27434980843097	128	16	0.916913921447347	0.991184832825321
K00158	group	GERD	-0.0346116928974039	0.15128883649714	128	128	0.81941167697339	0.991184832825321
K00161	group	GERD	0.0202367641845576	0.0957070797522552	128	128	0.832881823379047	0.991184832825321
K00162	group	GERD	0.0205805393220425	0.0970876767091919	128	128	0.83246601118826	0.991184832825321
K00169	group	GERD	-0.171789936220162	0.708315615881727	128	111	0.808761507163731	0.991184832825321
K00172	group	GERD	-0.17267613062773501	0.708356069549125	128	111	0.807805230604614	0.991184832825321
K00174	group	GERD	-0.0519859544688542	0.144944219605242	128	128	0.720448362930228	0.991184832825321
K00175	group	GERD	-0.0517460944061085	0.144966287435104	128	128	0.721724395635188	0.991184832825321
K00197	group	GERD	0.0484881663694036	0.504754895047379	128	74	0.923623319593848	0.991184832825321
K00200	group	GERD	-0.0415675597091817	0.276444236382033	128	23	0.880717034554437	0.991184832825321
K00201	group	GERD	-0.0415675597091817	0.276444236382033	128	23	0.880717034554437	0.991184832825321
K00202	group	GERD	-0.0415675597091817	0.276444236382033	128	23	0.880717034554437	0.991184832825321
K00208	group	GERD	-0.0148015363183257	0.0883259489315271	128	128	0.867183497374238	0.991184832825321
K00230	group	GERD	0.0716537734150409	0.20197899966465	128	128	0.72336357940717	0.991184832825321
K00247	group	GERD	-0.127081419410041	0.461530176687836	128	104	0.783499906955707	0.991184832825321
K00265	group	GERD	0.0661477696694846	0.244588252174983	128	128	0.787260101019748	0.991184832825321
K00275	group	GERD	-0.0362428217620375	0.29178475500814	128	128	0.901346298187577	0.991184832825321
K00281	group	GERD	0.0518471480199233	0.248021458618211	128	128	0.834752260766154	0.991184832825321
K00317	group	GERD	-0.0777278841801158	0.272308377535414	128	21	0.775775248933231	0.991184832825321
K00318	group	GERD	0.0490413504791609	0.252896689682744	128	128	0.846551968816598	0.991184832825321
K00325	group	GERD	0.0173811899514325	0.205263324884996	128	128	0.932652161621511	0.991184832825321
K00330	group	GERD	0.0274139974063507	0.110670602454738	128	128	0.804763526392342	0.991184832825321
K00331	group	GERD	0.0348170313969049	0.108685137072083	128	128	0.749235426848715	0.991184832825321
K00337	group	GERD	0.0353112298829452	0.108753027614853	128	128	0.74595269685214	0.991184832825321
K00338	group	GERD	0.0362363979556085	0.108562241020799	128	128	0.739097008583883	0.991184832825321
K00339	group	GERD	0.0350632629005205	0.108833582404676	128	128	0.747855411804938	0.991184832825321
K00340	group	GERD	0.0350594924224015	0.108835654729202	128	128	0.7478862295733	0.991184832825321
K00341	group	GERD	0.0273305401855802	0.110666648113934	128	128	0.805338982266217	0.991184832825321
K00342	group	GERD	0.0310564701436124	0.110392079899408	128	128	0.778919714287487	0.991184832825321
K00343	group	GERD	0.0351929535349601	0.108838307829466	128	128	0.746965626023817	0.991184832825321
K00365	group	GERD	0.0554976472749507	0.536874554636872	128	75	0.917832303946221	0.991184832825321
K00464	group	GERD	0.0507607753399052	0.299296609011651	128	17	0.86559653289707	0.991184832825321
K00484	group	GERD	-0.166194172673278	0.549526931058946	128	126	0.762821933347429	0.991184832825321
K00491	group	GERD	0.162185201479948	0.47693526075041	128	68	0.734379796425958	0.991184832825321
K00520	group	GERD	-0.164904353180253	0.566293393946156	128	71	0.771377563818064	0.991184832825321
K00522	group	GERD	-0.0247420417914584	0.214221314886098	128	22	0.908234610707046	0.991184832825321
K00525	group	GERD	-0.00210946869310579	0.0215341513047548	128	128	0.922120335547048	0.991184832825321
K00548	group	GERD	0.0334263627971486	0.109168675427326	128	128	0.75996529567734	0.991184832825321
K00549	group	GERD	0.0193851651074987	0.0730351174162173	128	128	0.791117755048693	0.991184832825321
K00560	group	GERD	-0.00412017936396161	0.0116801461734996	128	128	0.724864771395796	0.991184832825321
K00573	group	GERD	0.0611985393833509	0.210980832133272	128	128	0.77224194182969	0.991184832825321
K00598	group	GERD	0.0880954536966527	0.299510341109778	128	128	0.769141339529692	0.991184832825321
K00605	group	GERD	0.0251669204914397	0.122645297717489	128	128	0.837746336161907	0.991184832825321
K00616	group	GERD	0.00836255553986561	0.0546870093141134	128	128	0.878708601936196	0.991184832825321
K00627	group	GERD	0.0122783336187261	0.0893547274935043	128	128	0.890925176211616	0.991184832825321
K00640	group	GERD	-0.0124033168907681	0.0584238225934514	128	128	0.832216862469613	0.991184832825321
K00655	group	GERD	0.00626044220452238	0.0195756946094077	128	128	0.749644390051966	0.991184832825321
K00672	group	GERD	-0.0415675597091817	0.276444236382033	128	23	0.880717034554437	0.991184832825321
K00680	group	GERD	0.0243662205560797	0.148455186000988	128	128	0.869890367913977	0.991184832825321
K00686	group	GERD	0.0277135812388657	0.130468462937912	128	13	0.832125805001421	0.991184832825321
K00687	group	GERD	0.011721046445272	0.12198010258981	128	128	0.923601897711565	0.991184832825321
K00721	group	GERD	0.0196032835534811	0.0939226837866205	128	128	0.835006016407502	0.991184832825321
K00748	group	GERD	0.0181197385269843	0.114586837596387	128	128	0.874606674474167	0.991184832825321
K00759	group	GERD	-0.00635216165629802	0.0219278594885147	128	128	0.772533744091025	0.991184832825321
K00767	group	GERD	-0.0193601901971171	0.15911639980688	128	128	0.903351730214263	0.991184832825321
K00788	group	GERD	-0.024989330388638	0.0740045896781502	128	128	0.736171748671237	0.991184832825321
K00794	group	GERD	0.0113050087423208	0.074434257235700907	128	128	0.879525203397051	0.991184832825321
K00796	group	GERD	0.00193279721863544	0.0198812322067373	128	128	0.922708400632342	0.991184832825321
K00798	group	GERD	0.0198155425523604	0.0906246123724615	128	128	0.827272420214468	0.991184832825321
K00805	group	GERD	-0.00774901921217134	0.0721066578132169	128	128	0.914590171955027	0.991184832825321
K00812	group	GERD	-0.0139734055581184	0.164596346027185	128	128	0.932479616385655	0.991184832825321
K00819	group	GERD	0.0642415616577718	0.28451661278275	128	128	0.821729076002304	0.991184832825321
K00831	group	GERD	0.00775366932835221	0.0365275758602792	128	128	0.832240242558722	0.991184832825321
K00839	group	GERD	0.0781755941640024	0.626375756498893	128	98	0.900875858990782	0.991184832825321
K00844	group	GERD	0.0926854766510449	0.514351453811749	128	113	0.857286054889608	0.991184832825321
K00868	group	GERD	0.00887239329135937	0.055196271494077	128	128	0.872553553841345	0.991184832825321
K00869	group	GERD	-0.0156425026558259	0.0940373078348631	128	128	0.868153205025835	0.991184832825321
K00874	group	GERD	-0.0214400071217452	0.101103717576857	128	128	0.832403244261232	0.991184832825321
K00875	group	GERD	-0.0367859024425888	0.225304562555772	128	23	0.870565949069601	0.991184832825321
K00878	group	GERD	0.0272744263310972	0.0915035650595049	128	128	0.766141030273183	0.991184832825321
K00884	group	GERD	0.155917816528914	0.471515212358599	128	107	0.741439986703983	0.991184832825321
K00885	group	GERD	-0.138876451753147	0.461171845294985	128	104	0.763805507748696	0.991184832825321
K00901	group	GERD	-0.0559226762995202	0.193805511639993	128	128	0.773399539969051	0.991184832825321
K00912	group	GERD	0.0179006456148719	0.114142065036488	128	128	0.875631601630241	0.991184832825321
K00919	group	GERD	-0.0111273940859482	0.0567248631850331	128	128	0.844797583089654	0.991184832825321
K00931	group	GERD	-0.0125605606498366	0.0367259426018727	128	128	0.732914769401008	0.991184832825321
K00933	group	GERD	-0.024742041791449	0.214221314886098	128	22	0.90823461070708	0.991184832825321
K00938	group	GERD	-0.0122180731498398	0.0986101826990776	128	128	0.901589712142858	0.991184832825321
K00946	group	GERD	0.0264999593229411	0.093499485779026	128	128	0.777317305397582	0.991184832825321
K00958	group	GERD	-0.0386961385068504	0.216805712732684	128	127	0.858630311970459	0.991184832825321
K00962	group	GERD	-0.0127869668769374	0.0519201848464046	128	128	0.805865304578715	0.991184832825321
K00971	group	GERD	-0.0314377697548039	0.124093487300589	128	128	0.800418841623399	0.991184832825321
K00979	group	GERD	0.0219207378780425	0.118264808732461	128	128	0.853250203839762	0.991184832825321
K00995	group	GERD	-0.0119511587028464	0.0422192676048528	128	128	0.777584982911365	0.991184832825321
K00997	group	GERD	0.0125634633384395	0.035924030029676	128	128	0.727130370559985	0.991184832825321
K01008	group	GERD	0.0205777083585389	0.116002834123719	128	128	0.859487143867134	0.991184832825321
K01011	group	GERD	-0.0463637777361891	0.1730691869959	128	128	0.789220828105969	0.991184832825321
K01012	group	GERD	0.0372807081915875	0.113774696244247	128	128	0.74370398536362	0.991184832825321
K01026	group	GERD	-0.12524524546089	0.428769190785801	128	125	0.770687432694149	0.991184832825321
K01042	group	GERD	-0.0505597680227413	0.155164177515419	128	128	0.745080713000577	0.991184832825321
K01058	group	GERD	0.0266444794916465	0.28601843902349	128	128	0.925927187288254	0.991184832825321
K01071	group	GERD	0.0179266257397402	0.125672163449878	128	128	0.886797656305961	0.991184832825321
K01079	group	GERD	-0.0194516364402922	0.054031956142713	128	128	0.719448023529649	0.991184832825321
K01089	group	GERD	-0.0752410208946417	0.333842926237258	128	128	0.822049968417891	0.991184832825321
K01091	group	GERD	0.0104705878402153	0.0514636983930635	128	128	0.839107005523279	0.991184832825321
K01101	group	GERD	0.0283604715955576	0.128489020477546	128	128	0.825665446528789	0.991184832825321
K01104	group	GERD	-0.0119164483302426	0.0427241224352388	128	128	0.780766425556673	0.991184832825321
K01118	group	GERD	-0.0502838558852118	0.159246741381192	128	128	0.752706605751999	0.991184832825321
K01120	group	GERD	0.027386492880736	0.26113541551251	128	29	0.916642015976149	0.991184832825321
K01129	group	GERD	0.0152116352538964	0.117912876615422	128	128	0.897557484523234	0.991184832825321
K01138	group	GERD	0.161018112222405	0.639516210732246	128	102	0.801620454882918	0.991184832825321
K01142	group	GERD	-0.0024573904080318	0.0184381542831878	128	128	0.894186576612008	0.991184832825321
K01147	group	GERD	-0.0735410749054329	0.397394536814213	128	128	0.853481020770229	0.991184832825321
K01155	group	GERD	-0.0717892909183544	0.274608704835382	128	128	0.794192435634339	0.991184832825321
K01159	group	GERD	0.0168988424505851	0.0914986610224408	128	128	0.853769516060104	0.991184832825321
K01163	group	GERD	-0.0274626002978291	0.205668695508903	128	128	0.893988582295271	0.991184832825321
K01176	group	GERD	0.00705129311913427	0.0725383155512787	128	128	0.922715796716719	0.991184832825321
K01178	group	GERD	-0.0520278858701425	0.431264742277121	128	60	0.904168153779263	0.991184832825321
K01179	group	GERD	0.0166340898019468	0.162138728604958	128	128	0.918450117373876	0.991184832825321
K01182	group	GERD	0.0329899465573948	0.114153585203049	128	128	0.773059264208448	0.991184832825321
K01184	group	GERD	0.0278549146970247	0.219784193841748	128	23	0.899350134883545	0.991184832825321
K01195	group	GERD	0.0751344988017448	0.810425048410104	128	101	0.926281207429821	0.991184832825321
K01200	group	GERD	-0.0119889386774167	0.0767264262256906	128	128	0.876081580894247	0.991184832825321
K01201	group	GERD	-0.0707277365673838	0.3980994185281	128	128	0.859272552995676	0.991184832825321
K01212	group	GERD	-0.0959643668132513	0.4001649521916	128	127	0.810865679026348	0.991184832825321
K01215	group	GERD	0.016271620320002102	0.130317728448017	128	128	0.900832471668481	0.991184832825321
K01223	group	GERD	-0.0223619513228392	0.110577650266689	128	128	0.840064260894791	0.991184832825321
K01226	group	GERD	-0.0145740774304843	0.102957395653431	128	128	0.88765802603853206	0.991184832825321
K01246	group	GERD	0.00865694857836571	0.0259195269451107	128	128	0.738939845584587	0.991184832825321
K01265	group	GERD	-0.00912680778462244	0.0280174803864997	128	128	0.745150806658984	0.991184832825321
K01273	group	GERD	-0.0252802512281306	0.17100165686353	128	128	0.882708281106392	0.991184832825321
K01322	group	GERD	0.0457162503748849	0.163960105066782	128	128	0.780835884286427	0.991184832825321
K01354	group	GERD	0.0271411897780794	0.15369577411295	128	128	0.860113706683542	0.991184832825321
K01358	group	GERD	0.00326292311936713	0.0136178523545646	128	128	0.811024827784244	0.991184832825321
K01361	group	GERD	-0.0475500915167706	0.162421358500096	128	128	0.770188983606755	0.991184832825321
K01414	group	GERD	0.0397290562281463	0.388299256590786	128	128	0.91866885744964	0.991184832825321
K01420	group	GERD	0.0482028507833403	0.156747559156582	128	128	0.758956088833529	0.991184832825321
K01421	group	GERD	-0.00733514400430939	0.0858674850372417	128	128	0.932059903190626	0.991184832825321
K01448	group	GERD	0.0167473780548994	0.0557235498990508	128	128	0.764257575960001	0.991184832825321
K01460	group	GERD	-0.11993893944919	0.463036702953521	128	103	0.79603722095166	0.991184832825321
K01462	group	GERD	-0.0060738203302591	0.0274847783320854	128	128	0.825459086406907	0.991184832825321
K01467	group	GERD	0.0257038791783032	0.124926749865197	128	128	0.837317007956127	0.991184832825321
K01479	group	GERD	0.0351615811207629	0.140517141698894	128	128	0.802817156181778	0.991184832825321
K01482	group	GERD	0.200512933824395	0.673348717671546	128	94	0.766357950230073	0.991184832825321
K01486	group	GERD	0.0304860204339745	0.114913239885539	128	128	0.79121501015764	0.991184832825321
K01487	group	GERD	0.0173158666371409	0.202504997058136	128	128	0.931992987468078	0.991184832825321
K01489	group	GERD	-0.00882542237379212	0.0552743066975375	128	128	0.873399925306093	0.991184832825321
K01499	group	GERD	-0.0415675597091817	0.276444236382033	128	23	0.880717034554437	0.991184832825321
K01501	group	GERD	0.0889981117823492	0.375202844987755	128	128	0.812886877555368	0.991184832825321
K01525	group	GERD	0.0510213109030045	0.38714532949349	128	128	0.895361775198802	0.991184832825321
K01555	group	GERD	0.0963891531965837	0.289903573165088	128	128	0.74007410885295	0.991184832825321
K01571	group	GERD	-0.0208172777302617	0.197664149706718	128	128	0.916292220319901	0.991184832825321
K01575	group	GERD	0.020287952801875	0.118577751003326	128	128	0.864424237239683	0.991184832825321
K01586	group	GERD	-0.00152919127594976	0.0162733537517578	128	128	0.925283022545143	0.991184832825321
K01595	group	GERD	-0.0240408052145268	0.0812341091892412	128	128	0.767759493687596	0.991184832825321
K01597	group	GERD	-0.015722123499347	0.0940269016189513	128	128	0.867473834637151	0.991184832825321
K01609	group	GERD	-0.0156401755155728	0.0560510277313913	128	128	0.780675748861035	0.991184832825321
K01627	group	GERD	0.0238988719854957	0.117169187385778	128	128	0.838706864670758	0.991184832825321
K01633	group	GERD	0.00683475352901796	0.0323266248131952	128	128	0.832894904505293	0.991184832825321
K01641	group	GERD	-0.034603762780675	0.100842785873609	128	128	0.732060749399936	0.991184832825321
K01662	group	GERD	0.0237437006934366	0.0673638689416794	128	128	0.725075168430142	0.991184832825321
K01677	group	GERD	-0.0471961023585185	0.202533711926619	128	128	0.816117498199842	0.991184832825321
K01678	group	GERD	-0.0480561037021108	0.202552721726733	128	128	0.812846371343904	0.991184832825321
K01686	group	GERD	-0.0713596494504474	0.202621606437691	128	128	0.725290256705038	0.991184832825321
K01697	group	GERD	-0.0923569130946734	0.272703503658325	128	128	0.73542090933581	0.991184832825321
K01699	group	GERD	-0.066011089529755193	0.650588320258125	128	91	0.91934366771714	0.991184832825321
K01711	group	GERD	-0.0553316804256258	0.170909857583469	128	128	0.746665774635586	0.991184832825321
K01735	group	GERD	0.00792582996571302	0.050900849581057	128	128	0.876509893076574	0.991184832825321
K01738	group	GERD	0.00497995313998554	0.0185525012913222	128	128	0.788811260285729	0.991184832825321
K01740	group	GERD	0.00888197034487862	0.067711793963678	128	128	0.895847535600257	0.991184832825321
K01744	group	GERD	0.0239461182681682	0.139039658110853	128	128	0.863536891823163	0.991184832825321
K01759	group	GERD	0.00567520795606951	0.0542471461792686	128	128	0.916845574956124	0.991184832825321
K01760	group	GERD	0.0336023172620334	0.149289211377781	128	128	0.822280105128144	0.991184832825321
K01784	group	GERD	0.00232305538922833	0.0230161398168238	128	128	0.919765203695821	0.991184832825321
K01791	group	GERD	-0.0122733853542045	0.0508925100168499	128	128	0.809820864781877	0.991184832825321
K01808	group	GERD	-0.0200800002705726	0.116578953468669	128	128	0.863522228911005	0.991184832825321
K01812	group	GERD	-0.0293662139772355	0.194764771313474	128	128	0.880392076344073	0.991184832825321
K01818	group	GERD	-0.0683598815280646	0.297368295670325	128	128	0.818555557238799	0.991184832825321
K01821	group	GERD	0.00975464689249037	0.103541790611587	128	128	0.925092184957534	0.991184832825321
K01823	group	GERD	-0.0166439275422999	0.091877034272472	128	128	0.856537477027499	0.991184832825321
K01830	group	GERD	-0.02474204179145	0.214221314886098	128	22	0.908234610707077	0.991184832825321
K01843	group	GERD	-0.0519952191567346	0.377285635361813	128	128	0.890607461388974	0.991184832825321
K01854	group	GERD	-0.0166625519511021	0.0695241449370532	128	128	0.810978880987492	0.991184832825321
K01858	group	GERD	-0.0312262818984825	0.208348423512572	128	128	0.881102645906962	0.991184832825321
K01884	group	GERD	0.1732794254086	0.542881038385397	128	85	0.750114870636168	0.991184832825321
K01885	group	GERD	0.0200884250033152	0.0809601191417004	128	128	0.804439756508359	0.991184832825321
K01897	group	GERD	0.0313368561842615	0.0896814001272201	128	128	0.727354140965874	0.991184832825321
K01912	group	GERD	0.075034629628005	0.265650283901255	128	128	0.77805701232324	0.991184832825321
K01916	group	GERD	-0.00907974988832677	0.0810234348313847	128	128	0.910951582597556	0.991184832825321
K01919	group	GERD	0.0150042941920424	0.11450033219544101	128	128	0.895951484350312	0.991184832825321
K01956	group	GERD	-0.00821446112981085	0.0234751489303219	128	128	0.726981775272842	0.991184832825321
K01959	group	GERD	-0.051641224468336	0.241520615016291	128	123	0.831035343750651	0.991184832825321
K01966	group	GERD	-0.0466811459334135	0.222775429788244	128	128	0.834362396630053	0.991184832825321
K01989	group	GERD	0.00684045437781105	0.0452574946399334	128	128	0.880102873993143	0.991184832825321
K01991	group	GERD	0.037602563114456	0.103571603943458	128	128	0.717169450495345	0.991184832825321
K01992	group	GERD	-0.00254757524852666	0.0233344366389861	128	128	0.913236076190587	0.991184832825321
K01993	group	GERD	0.0249859600100394	0.142719367661166	128	128	0.861305206170176	0.991184832825321
K02011	group	GERD	0.028971117402158	0.144127334925657	128	128	0.841014433432493	0.991184832825321
K02014	group	GERD	-0.017891317979412	0.134789188740566	128	128	0.894614267759208	0.991184832825321
K02015	group	GERD	0.0160853053925129	0.0448572867059662	128	128	0.720503098587933	0.991184832825321
K02027	group	GERD	0.0135530872102825	0.0595648781397709	128	128	0.820376647675371	0.991184832825321
K02036	group	GERD	0.0068367567754495	0.0594886683420162	128	128	0.908687225275667	0.991184832825321
K02037	group	GERD	0.00659573518137338	0.0392016247786076	128	128	0.866655141442022	0.991184832825321
K02038	group	GERD	0.00660559424625554	0.0392289047058583	128	128	0.866549699214656	0.991184832825321
K02040	group	GERD	0.00270139561691787	0.0283752239011054	128	128	0.924305131600385	0.991184832825321
K02041	group	GERD	0.0422921045209383	0.177243087611361	128	128	0.811795077414116	0.991184832825321
K02056	group	GERD	0.00966967903673589	0.0632063178625703	128	128	0.878654077608838	0.991184832825321
K02073	group	GERD	0.00987345442244492	0.0388605072219665	128	128	0.799852348169696	0.991184832825321
K02074	group	GERD	0.0876169680521184	0.245916853750469	128	128	0.722221562551259	0.991184832825321
K02075	group	GERD	0.0214009653454768	0.244626972012228	128	128	0.930425623403437	0.991184832825321
K02086	group	GERD	0.0154310324005046	0.118140980614703	128	128	0.896287861095104	0.991184832825321
K02103	group	GERD	0.163279284344426	0.653061539081294	128	86	0.80297807268332	0.991184832825321
K02109	group	GERD	0.00154106302576188	0.00995434027206419	128	128	0.877216321442573	0.991184832825321
K02138	group	GERD	-0.02474204179145	0.214221314886098	128	22	0.908234610707077	0.991184832825321
K02169	group	GERD	-0.092120940304226	0.262195352309053	128	128	0.725916610103529	0.991184832825321
K02192	group	GERD	0.0357806925426452	0.416821310281374	128	128	0.931728432754535	0.991184832825321
K02224	group	GERD	0.0257571191129695	0.0983898860044671	128	128	0.793913710723442	0.991184832825321
K02230	group	GERD	-0.0426062293543616	0.23852785377677	128	128	0.858521711340249	0.991184832825321
K02231	group	GERD	0.00947539623632491	0.0979924935245849	128	128	0.923122146843446	0.991184832825321
K02236	group	GERD	0.0183765700386368	0.121855658442142	128	128	0.880369881575522	0.991184832825321
K02237	group	GERD	-0.00740517794471618	0.0335929524626172	128	128	0.825886493563577	0.991184832825321
K02238	group	GERD	0.00483277116682311	0.025357764276446	128	128	0.849158657287711	0.991184832825321
K02240	group	GERD	-0.014309017165956	0.113676601435088	128	128	0.90003167626094	0.991184832825321
K02243	group	GERD	-0.0140493780954613	0.113759241053199	128	128	0.901907185527678	0.991184832825321
K02244	group	GERD	-0.0130547766143086	0.119571794023277	128	128	0.913233887562453	0.991184832825321
K02245	group	GERD	-0.0141089208611253	0.114743028076799	128	128	0.902333874267257	0.991184832825321
K02263	group	GERD	-0.0247420417914454	0.214221314886098	128	22	0.908234610707094	0.991184832825321
K02336	group	GERD	0.159439716377644	0.457612497769668	128	81	0.728108929543168	0.991184832825321
K02342	group	GERD	-0.00840867406169895	0.031442653816702	128	128	0.789576205545465	0.991184832825321
K02344	group	GERD	-0.135407903591183	0.460970357568312	128	104	0.769435797792661	0.991184832825321
K02361	group	GERD	-0.0335354557637536	0.161875464779583	128	128	0.836212904328523	0.991184832825321
K02371	group	GERD	0.00871690961460517	0.0519385912303979	128	128	0.866985257137014	0.991184832825321
K02372	group	GERD	0.00314028369956674	0.038316084722661	128	128	0.934810700760238	0.991184832825321
K02404	group	GERD	0.0223851552223994	0.195312349382859	128	128	0.908935040186892	0.991184832825321
K02407	group	GERD	0.068201994286772	0.212471502524538	128	128	0.748747037400445	0.991184832825321
K02413	group	GERD	0.0851809410854713	0.258186995347944	128	128	0.742008613081266	0.991184832825321
K02436	group	GERD	-0.10229675183876	0.310411519468832	128	127	0.742285670117235	0.991184832825321
K02437	group	GERD	-0.0210662902674521	0.085330270608015	128	128	0.805403310707779	0.991184832825321
K02443	group	GERD	0.109854367644826	0.355112726364819	128	128	0.757565752629893	0.991184832825321
K02448	group	GERD	0.116639357585094	0.438844472499337	128	38	0.790837301922877	0.991184832825321
K02471	group	GERD	0.0771158952089398	0.335744961361324	128	128	0.818708271604949	0.991184832825321
K02481	group	GERD	0.0708948800052352	0.278722989153183	128	128	0.799635138771877	0.991184832825321
K02486	group	GERD	0.109704675809852	0.468822889975479	128	41	0.81536456314633	0.991184832825321
K02487	group	GERD	-0.0984648850457859	0.356918829179081	128	37	0.783096234191539	0.991184832825321
K02494	group	GERD	0.0360090233534543	0.390393993880708	128	128	0.926655718905809	0.991184832825321
K02496	group	GERD	0.067258827595625	0.371987078516617	128	128	0.856807550534035	0.991184832825321
K02499	group	GERD	0.0268646934449537	0.140129153502703	128	128	0.848275001111719	0.991184832825321
K02504	group	GERD	-0.140142357527342	0.460931224938054	128	104	0.761597583089858	0.991184832825321
K02505	group	GERD	-0.135407903591183	0.460970357568312	128	104	0.769435797792661	0.991184832825321
K02506	group	GERD	-0.13415271644531301	0.460810321748294	128	104	0.771435548000927	0.991184832825321
K02523	group	GERD	-0.0516995509455826	0.143959907828976	128	128	0.720102949381065	0.991184832825321
K02526	group	GERD	0.061890226854738	0.256124624386502	128	127	0.809451119202587	0.991184832825321
K02527	group	GERD	0.0241620916120412	0.115358947513518	128	128	0.834434151123539	0.991184832825321
K02529	group	GERD	-0.00888590871722331	0.0342931030409438	128	128	0.795968210161495	0.991184832825321
K02536	group	GERD	0.020030255834702	0.110756598166916	128	128	0.8567764203261	0.991184832825321
K02549	group	GERD	0.0310721889910576	0.089832417875807	128	128	0.730001791251152	0.991184832825321
K02560	group	GERD	-0.135407903591183	0.460970357568312	128	104	0.769435797792661	0.991184832825321
K02566	group	GERD	0.0245032782207671	0.17195162639689	128	128	0.886911910121645	0.991184832825321
K02573	group	GERD	0.0643435617717833	0.340633244712993	128	124	0.850479849217914	0.991184832825321
K02574	group	GERD	0.064698888045074	0.341966205890421	128	124	0.850243053486007	0.991184832825321
K02588	group	GERD	0.0624361506203123	0.225702815127839	128	128	0.782517559249933	0.991184832825321
K02598	group	GERD	0.128656852217564	0.617593955432922	128	107	0.835315891162591	0.991184832825321
K02609	group	GERD	0.0641523169887357	0.28925118595407	128	128	0.82483831914014	0.991184832825321
K02613	group	GERD	0.054095932761913	0.280963224950291	128	128	0.84763124592969	0.991184832825321
K02617	group	GERD	-0.0871222230280155	0.28919299687411	128	128	0.763712994248174	0.991184832825321
K02618	group	GERD	0.0950856811704022	0.299292781453999	128	128	0.751237485763499	0.991184832825321
K02619	group	GERD	-0.0145267229897455	0.156483659568634	128	128	0.926184309978165	0.991184832825321
K02635	group	GERD	0.0887833996946253	0.274261766382858	128	15	0.74668843507491	0.991184832825321
K02650	group	GERD	-0.078368561586755	0.2924345860281	128	128	0.789147821039216	0.991184832825321
K02652	group	GERD	0.0177135033211494	0.124850598679526	128	128	0.887403291078625	0.991184832825321
K02662	group	GERD	0.117912449619241	0.43111892837091	128	128	0.784914170018029	0.991184832825321
K02669	group	GERD	0.0420643947503666	0.122689620227202	128	128	0.732281044725752	0.991184832825321
K02671	group	GERD	-0.0761267371270102	0.421744648374795	128	128	0.857046653950634	0.991184832825321
K02672	group	GERD	0.0752513907748992	0.392956034959674	128	128	0.848441518474833	0.991184832825321
K02674	group	GERD	0.105635182689827	0.387415456581512	128	128	0.7855560117435	0.991184832825321
K02679	group	GERD	-0.140142357527342	0.460931224938054	128	104	0.761597583089858	0.991184832825321
K02680	group	GERD	-0.145774216138678	0.461183758194673	128	104	0.752459439950948	0.991184832825321
K02681	group	GERD	-0.135407903591183	0.460970357568312	128	104	0.769435797792661	0.991184832825321
K02682	group	GERD	-0.135407903591183	0.460970357568312	128	104	0.769435797792661	0.991184832825321
K02753	group	GERD	0.146553288796911	0.53779505335032	128	71	0.785677757285981	0.991184832825321
K02765	group	GERD	-0.0312982969086126	0.238462054711693	128	128	0.895786376511558	0.991184832825321
K02773	group	GERD	0.0196997984454899	0.139302453577601	128	128	0.887766020070227	0.991184832825321
K02774	group	GERD	0.0106615548615482	0.128363086183152	128	128	0.933937392337173	0.991184832825321
K02775	group	GERD	-0.0227842386498207	0.117107027009234	128	128	0.846051469150489	0.991184832825321
K02781	group	GERD	-0.0422771240245173	0.160842017686564	128	128	0.793096463561619	0.991184832825321
K02793	group	GERD	-0.015604622710354	0.118743180739627	128	128	0.895656709887801	0.991184832825321
K02794	group	GERD	0.0115215960760773	0.101488798383675	128	128	0.909794404663426	0.991184832825321
K02796	group	GERD	0.00895140933549617	0.10573654254107	128	128	0.932667913685316	0.991184832825321
K02803	group	GERD	0.0421719591775535	0.210947416952221	128	128	0.841867846423251	0.991184832825321
K02828	group	GERD	0.131829687792764	0.40958599758928	128	47	0.748091491167322	0.991184832825321
K02829	group	GERD	0.131829687792764	0.40958599758928	128	47	0.748091491167322	0.991184832825321
K02837	group	GERD	-0.00809244906505412	0.0244521387177753	128	128	0.741231563678204	0.991184832825321
K02847	group	GERD	0.10205851347029	0.358347911315849	128	126	0.776262746027784	0.991184832825321
K02849	group	GERD	0.266018956725876	0.756294672056333	128	106	0.725620938882286	0.991184832825321
K02852	group	GERD	-0.255598702446697	0.723444731749875	128	35	0.724448083501667	0.991184832825321
K02858	group	GERD	0.0642199792392741	0.240875809891634	128	128	0.790205028897974	0.991184832825321
K02865	group	GERD	-0.02474204179145	0.214221314886098	128	22	0.908234610707077	0.991184832825321
K02866	group	GERD	-0.02474204179145	0.214221314886098	128	22	0.908234610707077	0.991184832825321
K02870	group	GERD	-0.02474204179145	0.214221314886098	128	22	0.908234610707077	0.991184832825321
K02872	group	GERD	-0.0247420417914454	0.214221314886098	128	22	0.908234610707094	0.991184832825321
K02875	group	GERD	-0.02474204179145	0.214221314886098	128	22	0.908234610707077	0.991184832825321
K02885	group	GERD	-0.02474204179145	0.214221314886098	128	22	0.908234610707077	0.991184832825321
K02889	group	GERD	-0.02474204179145	0.214221314886098	128	22	0.908234610707077	0.991184832825321
K02891	group	GERD	-0.02474204179145	0.214221314886098	128	22	0.908234610707077	0.991184832825321
K02897	group	GERD	-0.0210591891546845	0.0939380958413484	128	128	0.822979140970657	0.991184832825321
K02901	group	GERD	-0.02474204179145	0.214221314886098	128	22	0.908234610707077	0.991184832825321
K02905	group	GERD	-0.02474204179145	0.214221314886098	128	22	0.908234610707077	0.991184832825321
K02908	group	GERD	-0.02474204179145	0.214221314886098	128	22	0.908234610707077	0.991184832825321
K02910	group	GERD	-0.02474204179145	0.214221314886098	128	22	0.908234610707077	0.991184832825321
K02912	group	GERD	-0.02474204179145	0.214221314886098	128	22	0.908234610707077	0.991184832825321
K02918	group	GERD	-0.02474204179145	0.214221314886098	128	22	0.908234610707077	0.991184832825321
K02920	group	GERD	-0.02474204179145	0.214221314886098	128	22	0.908234610707077	0.991184832825321
K02922	group	GERD	-0.02474204179145	0.214221314886098	128	22	0.908234610707077	0.991184832825321
K02929	group	GERD	-0.0247420417914454	0.214221314886098	128	22	0.908234610707094	0.991184832825321
K02932	group	GERD	-0.0247420417914454	0.214221314886098	128	22	0.908234610707094	0.991184832825321
K02934	group	GERD	-0.0247420417914454	0.214221314886098	128	22	0.908234610707094	0.991184832825321
K02936	group	GERD	-0.02474204179145	0.214221314886098	128	22	0.908234610707077	0.991184832825321
K02941	group	GERD	-0.02474204179145	0.214221314886098	128	22	0.908234610707077	0.991184832825321
K02947	group	GERD	-0.02474204179145	0.214221314886098	128	22	0.908234610707077	0.991184832825321
K02949	group	GERD	-0.02474204179145	0.214221314886098	128	22	0.908234610707077	0.991184832825321
K02951	group	GERD	-0.02474204179145	0.214221314886098	128	22	0.908234610707077	0.991184832825321
K02960	group	GERD	-0.02474204179145	0.214221314886098	128	22	0.908234610707077	0.991184832825321
K02969	group	GERD	-0.0247420417914454	0.214221314886098	128	22	0.908234610707094	0.991184832825321
K02975	group	GERD	-0.02474204179145	0.214221314886098	128	22	0.908234610707077	0.991184832825321
K02981	group	GERD	-0.02474204179145	0.214221314886098	128	22	0.908234610707077	0.991184832825321
K02983	group	GERD	-0.02474204179145	0.214221314886098	128	22	0.908234610707077	0.991184832825321
K02984	group	GERD	-0.02474204179145	0.214221314886098	128	22	0.908234610707077	0.991184832825321
K02985	group	GERD	-0.0247420417914454	0.214221314886098	128	22	0.908234610707094	0.991184832825321
K02987	group	GERD	-0.02474204179145	0.214221314886098	128	22	0.908234610707077	0.991184832825321
K02989	group	GERD	-0.02474204179145	0.214221314886098	128	22	0.908234610707077	0.991184832825321
K02991	group	GERD	-0.02474204179145	0.214221314886098	128	22	0.908234610707077	0.991184832825321
K02993	group	GERD	-0.0247420417914584	0.214221314886098	128	22	0.908234610707046	0.991184832825321
K02995	group	GERD	-0.02474204179145	0.214221314886098	128	22	0.908234610707077	0.991184832825321
K02997	group	GERD	-0.02474204179145	0.214221314886098	128	22	0.908234610707077	0.991184832825321
K02998	group	GERD	-0.0247420417914454	0.214221314886098	128	22	0.908234610707094	0.991184832825321
K03079	group	GERD	-0.059026533912484	0.344325904583501	128	125	0.864163539885769	0.991184832825321
K03088	group	GERD	-0.0192759624930016	0.116270741337964	128	128	0.868591748197636	0.991184832825321
K03090	group	GERD	-0.0644785245766484	0.213489962794643	128	128	0.763133743745801	0.991184832825321
K03095	group	GERD	0.0173090693185417	0.125579856246922	128	128	0.890592295014503	0.991184832825321
K03098	group	GERD	0.0472089532276408	0.281483078759362	128	128	0.867076334361277	0.991184832825321
K03147	group	GERD	-0.0309730436084157	0.117165034548583	128	128	0.791939081573511	0.991184832825321
K03182	group	GERD	0.0670614171854104	0.266180826843663	128	128	0.801498445692233	0.991184832825321
K03183	group	GERD	-0.0105739548132465	0.06436534777028	128	128	0.869773778843085	0.991184832825321
K03214	group	GERD	0.0466291687705715	0.421332933043428	128	120	0.91205364819269	0.991184832825321
K03231	group	GERD	-0.02474204179145	0.214221314886098	128	22	0.908234610707077	0.991184832825321
K03247	group	GERD	-0.02474204179145	0.214221314886098	128	22	0.908234610707077	0.991184832825321
K03270	group	GERD	-0.0224811730066583	0.130506999192073	128	128	0.86350928460256	0.991184832825321
K03285	group	GERD	-0.193252570833208	0.547513618253649	128	15	0.724705256799306	0.991184832825321
K03287	group	GERD	-0.0528385583584038	0.481469608637165	128	124	0.912786741538973	0.991184832825321
K03290	group	GERD	0.0850019253410959	0.320437460898592	128	126	0.791236223388414	0.991184832825321
K03291	group	GERD	-0.0594941200194555	0.480252222006462	128	103	0.901606910011804	0.991184832825321
K03296	group	GERD	0.0116749148409712	0.116438945064521	128	128	0.920292188311509	0.991184832825321
K03300	group	GERD	-0.0764860636191469	0.361970046412786	128	128	0.832990703738632	0.991184832825321
K03307	group	GERD	-0.0120388239270807	0.125983034090454	128	128	0.924022571762881	0.991184832825321
K03310	group	GERD	0.00906541696633457	0.0796801211087663	128	128	0.909599120675745	0.991184832825321
K03314	group	GERD	-0.0750077557734137	0.459381193493354	128	105	0.870559589035855	0.991184832825321
K03319	group	GERD	0.0550050767366692	0.157771304603747	128	128	0.727942948692986	0.991184832825321
K03321	group	GERD	-0.02314931824978	0.0978406443810906	128	128	0.813349577086256	0.991184832825321
K03339	group	GERD	-0.143984641752134	0.409443367110321	128	48	0.725681053964967	0.991184832825321
K03340	group	GERD	-0.0304237903131789	0.200799334623566	128	128	0.879813060310376	0.991184832825321
K03342	group	GERD	-0.015680193263037	0.103813517533109	128	128	0.880184196139713	0.991184832825321
K03346	group	GERD	0.0154098363466283	0.119310469117008	128	128	0.897439006521928	0.991184832825321
K03367	group	GERD	-0.0253237636051819	0.104798385143675	128	128	0.809449862911712	0.991184832825321
K03388	group	GERD	0.108727546580703	0.628919212513456	128	105	0.863023163235879	0.991184832825321
K03389	group	GERD	0.101204272921731	0.627746157415228	128	105	0.872179551767343	0.991184832825321
K03390	group	GERD	0.0960005354832625	0.627831159054469	128	105	0.878715266434681	0.991184832825321
K03392	group	GERD	0.0945782196562876	0.520352226097111	128	108	0.856064665092028	0.991184832825321
K03394	group	GERD	0.0304867040683205	0.101668764931217	128	128	0.764775756721644	0.991184832825321
K03402	group	GERD	-0.00586573334178689	0.0450877716623648	128	128	0.896698035281629	0.991184832825321
K03417	group	GERD	-0.066317649794203	0.434493318126099	128	128	0.878932518697184	0.991184832825321
K03444	group	GERD	-0.0575213750012027	0.270602831900573	128	24	0.832007810730873	0.991184832825321
K03445	group	GERD	-0.0948697160074557	0.444063847801444	128	106	0.831173266112284	0.991184832825321
K03449	group	GERD	-0.0123179827048825	0.119865461045672	128	128	0.918312802238505	0.991184832825321
K03451	group	GERD	-0.0836459870773437	0.249041232292449	128	128	0.737526002470642	0.991184832825321
K03453	group	GERD	0.0185782749845312	0.0867873294739971	128	128	0.83084109609524	0.991184832825321
K03455	group	GERD	0.0366745331940013	0.114568771351982	128	128	0.749415665320516	0.991184832825321
K03465	group	GERD	-0.077306951599124707	0.234171078614429	128	128	0.741849817133882	0.991184832825321
K03466	group	GERD	-0.00377000200629908	0.0195734598793169	128	128	0.847576196619518	0.991184832825321
K03469	group	GERD	-0.0062570474519913	0.0546636309089423	128	128	0.90905175380568	0.991184832825321
K03471	group	GERD	-0.0229559269096055	0.102169299600332	128	128	0.822588163625037	0.991184832825321
K03480	group	GERD	-0.138899247297504	0.51359291703399	128	77	0.787259501382634	0.991184832825321
K03482	group	GERD	0.037834461018362	0.290968696408368	128	32	0.896750589429937	0.991184832825321
K03488	group	GERD	0.0372107625896073	0.119345567003636	128	128	0.755715400587764	0.991184832825321
K03491	group	GERD	-0.0119471775740329	0.130483965062353	128	128	0.927192639969174	0.991184832825321
K03492	group	GERD	-0.0493929761166647	0.199479165819333	128	128	0.804839448689029	0.991184832825321
K03497	group	GERD	0.00749238220942406	0.0245086111588692	128	128	0.76033446130595	0.991184832825321
K03517	group	GERD	-0.0204820918156611	0.16317151558324	128	128	0.900308059327347	0.991184832825321
K03521	group	GERD	0.0166569812863516	0.10237289896717	128	128	0.871008304392469	0.991184832825321
K03522	group	GERD	0.0159677697488566	0.10451745136451	128	128	0.878819222194845	0.991184832825321
K03526	group	GERD	0.0164076012799391	0.0916033938484578	128	128	0.858134598951793	0.991184832825321
K03527	group	GERD	0.0209587615210656	0.0918767596714995	128	128	0.819924132245753	0.991184832825321
K03534	group	GERD	-0.0821168347996009	0.289317128773396	128	128	0.777006649960836	0.991184832825321
K03554	group	GERD	0.0317647895202342	0.379742474286909	128	128	0.933468862549698	0.991184832825321
K03557	group	GERD	0.0360593689736842	0.390388105838283	128	128	0.926552362203039	0.991184832825321
K03558	group	GERD	-0.0646906261544353	0.228326594988829	128	128	0.777392716616205	0.991184832825321
K03561	group	GERD	0.025960116437867	0.115197755815736	128	128	0.822070060548089	0.991184832825321
K03563	group	GERD	-0.0289000741126972	0.208165768259285	128	128	0.889804538658369	0.991184832825321
K03568	group	GERD	-0.0251770008311057	0.2521961897826	128	128	0.920637151462632	0.991184832825321
K03573	group	GERD	-0.135407903591183	0.460970357568312	128	104	0.769435797792661	0.991184832825321
K03575	group	GERD	0.0156892527290503	0.0492936152253834	128	128	0.750798247839349	0.991184832825321
K03577	group	GERD	0.113578621083581	0.401305502453314	128	128	0.777623783149988	0.991184832825321
K03581	group	GERD	0.0155519399902755	0.0606282405231781	128	128	0.797972999503433	0.991184832825321
K03582	group	GERD	0.095897986148076	0.297898113724608	128	128	0.748050255257573	0.991184832825321
K03583	group	GERD	0.0837071920218757	0.404103857789779	128	128	0.836232756193206	0.991184832825321
K03585	group	GERD	0.0372072306833551	0.114341852231787	128	128	0.745415492116258	0.991184832825321
K03586	group	GERD	0.0403039442650716	0.391539577428364	128	128	0.918176552785073	0.991184832825321
K03587	group	GERD	0.0147288952011243	0.0908932680416424	128	128	0.871529162218101	0.991184832825321
K03591	group	GERD	-0.135407903591183	0.460970357568312	128	104	0.769435797792661	0.991184832825321
K03594	group	GERD	0.110374319250667	0.336832254190447	128	128	0.743694936947833	0.991184832825321
K03599	group	GERD	0.0356813014511973	0.390376844080183	128	128	0.927318169091649	0.991184832825321
K03600	group	GERD	0.0360593689736842	0.390388105838283	128	128	0.926552362203039	0.991184832825321
K03603	group	GERD	-0.135407903591183	0.460970357568312	128	104	0.769435797792661	0.991184832825321
K03608	group	GERD	0.0373458619266846	0.239888785932625	128	128	0.876534478517127	0.991184832825321
K03610	group	GERD	0.0446124661491751	0.220389300047334	128	128	0.839910400986221	0.991184832825321
K03611	group	GERD	0.0632422127292235	0.274546599798536	128	128	0.818192245592352	0.991184832825321
K03619	group	GERD	-0.0777587396930231	0.2862854977205	128	24	0.786364454781216	0.991184832825321
K03621	group	GERD	0.00585571629708208	0.0449448919923348	128	128	0.896547471481117	0.991184832825321
K03624	group	GERD	-0.00454258165362574	0.0240602728375534	128	128	0.850553265989653	0.991184832825321
K03632	group	GERD	-0.135407903591183	0.460970357568312	128	104	0.769435797792661	0.991184832825321
K03633	group	GERD	-0.135407903591183	0.460970357568312	128	104	0.769435797792661	0.991184832825321
K03642	group	GERD	0.0419048484541493	0.133947826770563	128	128	0.754915973486299	0.991184832825321
K03644	group	GERD	0.0172698373910527	0.0954580016409116	128	128	0.85672454188942	0.991184832825321
K03645	group	GERD	-0.135407903591183	0.460970357568312	128	104	0.769435797792661	0.991184832825321
K03646	group	GERD	-0.0241189820978063	0.172525489092438	128	128	0.889041607072306	0.991184832825321
K03647	group	GERD	0.00966384810256878	0.0798920021925136	128	128	0.903914297239965	0.991184832825321
K03654	group	GERD	-0.018036755038873	0.0691510376243812	128	128	0.794648422872513	0.991184832825321
K03656	group	GERD	0.0362323248992867	0.390856035250456	128	128	0.926289188751592	0.991184832825321
K03657	group	GERD	-0.00560998055703462	0.0241019543742908	128	128	0.816325136427261	0.991184832825321
K03673	group	GERD	0.0560068385628664	0.379203679431446	128	128	0.882818833507981	0.991184832825321
K03674	group	GERD	-0.135407903591183	0.460970357568312	128	104	0.769435797792661	0.991184832825321
K03678	group	GERD	0.037834461018362	0.290968696408368	128	32	0.896750589429937	0.991184832825321
K03693	group	GERD	-0.0249217932394287	0.109161383419416	128	128	0.819781345683014	0.991184832825321
K03697	group	GERD	0.0232733753607476	0.130865333183148	128	128	0.859132522680129	0.991184832825321
K03700	group	GERD	-0.0254611891317007	0.0987898679781429	128	128	0.79703515444745	0.991184832825321
K03705	group	GERD	0.00791616077106628	0.0434888454197737	128	128	0.855853760098002	0.991184832825321
K03707	group	GERD	-0.0301493279171103	0.190030297258083	128	128	0.874194409675911	0.991184832825321
K03709	group	GERD	0.014353442953312	0.0603950600045457	128	128	0.812531432208507	0.991184832825321
K03710	group	GERD	0.0094067613719541	0.0945254342827466	128	128	0.920887009776227	0.991184832825321
K03711	group	GERD	-0.0237745367373123	0.0945054550531374	128	128	0.80178493238284	0.991184832825321
K03712	group	GERD	-0.0748635782109218	0.234224676580013	128	24	0.749783530515606	0.991184832825321
K03713	group	GERD	-0.0167322031219429	0.111902583003866	128	128	0.881378671590045	0.991184832825321
K03715	group	GERD	0.0738633326427568	0.561152171198565	128	87	0.895488494603852	0.991184832825321
K03719	group	GERD	0.020689053690515002	0.163991100111628	128	128	0.899806670702881	0.991184832825321
K03720	group	GERD	0.0702576561091714	0.399300203256526	128	118	0.86061415198634	0.991184832825321
K03722	group	GERD	-0.00494198400562915	0.0539805297356428	128	128	0.927199991915161	0.991184832825321
K03737	group	GERD	-0.0609236502358428	0.189062194116493	128	128	0.74780393045326	0.991184832825321
K03739	group	GERD	-0.0155745137862172	0.108092545569496	128	128	0.885663552592193	0.991184832825321
K03740	group	GERD	-0.0243319483706446	0.106120681301269	128	128	0.819018679997537	0.991184832825321
K03743	group	GERD	0.0273715020738174	0.0902923736145916	128	128	0.762280815284451	0.991184832825321
K03747	group	GERD	0.182768784738656	0.562023192504856	128	122	0.745570628073691	0.991184832825321
K03758	group	GERD	0.123816964727124	0.522591777680298	128	123	0.813096914879386	0.991184832825321
K03764	group	GERD	-0.135407903591183	0.460970357568312	128	104	0.769435797792661	0.991184832825321
K03769	group	GERD	0.0848415045292173	0.241053995669806	128	128	0.725455778187645	0.991184832825321
K03770	group	GERD	-0.0439809025751491	0.165399365004532	128	128	0.790745192428465	0.991184832825321
K03771	group	GERD	-0.0512000496155964	0.178720599842627	128	128	0.774980290300757	0.991184832825321
K03777	group	GERD	0.0662052601733134	0.388020106038196	128	128	0.864793678730361	0.991184832825321
K03779	group	GERD	-0.147712322913544	0.519185434189694	128	109	0.776488286725481	0.991184832825321
K03780	group	GERD	-0.096650660687721393	0.53771977816313	128	111	0.857644103749854	0.991184832825321
K03785	group	GERD	0.0123661643246896	0.0664922913700727	128	128	0.85276037254457	0.991184832825321
K03786	group	GERD	0.0302168022457149	0.0950369880324036	128	128	0.751050865686535	0.991184832825321
K03787	group	GERD	0.0264668265265298	0.108955680825844	128	128	0.808467255781644	0.991184832825321
K03804	group	GERD	-0.135407903591183	0.460970357568312	128	104	0.769435797792661	0.991184832825321
K03806	group	GERD	-0.0632804836582576	0.416587557801863	128	128	0.879507185844682	0.991184832825321
K03808	group	GERD	0.129883586276752	0.369885059682073	128	128	0.726065429005945	0.991184832825321
K03814	group	GERD	-0.0153040317360202	0.156601619245718	128	128	0.922305248198396	0.991184832825321
K03816	group	GERD	-0.0179583352021297	0.051460676425475	128	128	0.727692815534222	0.991184832825321
K03825	group	GERD	0.037356682963261	0.428869019340982	128	66	0.930726241153634	0.991184832825321
K03830	group	GERD	0.125551876547494	0.5531908284158	128	113	0.820823106225658	0.991184832825321
K03834	group	GERD	-0.147203803056396	0.459807341522275	128	104	0.749390697759716	0.991184832825321
K03841	group	GERD	0.0654890802735728	0.251064663256728	128	128	0.794637518914205	0.991184832825321
K03852	group	GERD	0.133045535301515	0.45559452717062	128	72	0.770746872957135	0.991184832825321
K03855	group	GERD	0.1868791683683	0.673532982699923	128	93	0.781880828963925	0.991184832825321
K03856	group	GERD	-0.0364505942186043	0.180273355212333	128	128	0.840089420168749	0.991184832825321
K03923	group	GERD	-0.057304697493453	0.302852257750679	128	128	0.850227454743434	0.991184832825321
K03924	group	GERD	0.0125934185810184	0.111076861971312	128	128	0.90991313816363	0.991184832825321
K03925	group	GERD	0.00761932045700593	0.0519431083647779	128	128	0.883614404410919	0.991184832825321
K03931	group	GERD	-0.0341762414046779	0.297545828808562	128	27	0.908738589588005	0.991184832825321
K03948	group	GERD	-0.02474204179145	0.214221314886098	128	22	0.908234610707077	0.991184832825321
K04013	group	GERD	-0.13415271644531301	0.460810321748294	128	104	0.771435548000927	0.991184832825321
K04015	group	GERD	-0.13415271644531301	0.460810321748294	128	104	0.771435548000927	0.991184832825321
K04016	group	GERD	-0.13415271644531301	0.460810321748294	128	104	0.771435548000927	0.991184832825321
K04043	group	GERD	-0.00106605087668114	0.0122651512069887	128	128	0.930875415863597	0.991184832825321
K04044	group	GERD	0.0292254447356615	0.35964241312758	128	128	0.935362128860845	0.991184832825321
K04067	group	GERD	-0.135407903591183	0.460970357568312	128	104	0.769435797792661	0.991184832825321
K04070	group	GERD	0.0787902476737545	0.230839397872316	128	128	0.73343075640146	0.991184832825321
K04073	group	GERD	0.0598367657350133	0.631997383652753	128	88	0.924720344576106	0.991184832825321
K04079	group	GERD	-0.0453349971355729	0.174384395182881	128	128	0.795309980816092	0.991184832825321
K04082	group	GERD	0.0297215263440135	0.36028896449928	128	128	0.934385129896441	0.991184832825321
K04086	group	GERD	0.0185550284848022	0.133913108168684	128	128	0.890018893225037	0.991184832825321
K04094	group	GERD	0.0167838812564004	0.0697889457129873	128	128	0.810337523705667	0.991184832825321
K04098	group	GERD	-0.056874177257232	0.437605278693467	128	73	0.896799914947926	0.991184832825321
K04477	group	GERD	-0.0798137037165465	0.236757126148084	128	128	0.736593248734082	0.991184832825321
K04488	group	GERD	-0.00767496085137926	0.0316738648038446	128	128	0.808932301687886	0.991184832825321
K04562	group	GERD	-0.0220895405750993	0.209611583231056	128	128	0.916239323815433	0.991184832825321
K04564	group	GERD	-0.0177010842526924	0.066083099174616	128	128	0.789244322455566	0.991184832825321
K04565	group	GERD	-0.0912847748880338	0.309233403956857	128	128	0.768329259326971	0.991184832825321
K04750	group	GERD	-0.0304151558432669	0.16181226154	128	128	0.85120591254172	0.991184832825321
K04753	group	GERD	-0.135407903591183	0.460970357568312	128	104	0.769435797792661	0.991184832825321
K04760	group	GERD	0.036618620943726	0.390125672196467	128	128	0.925366562400036	0.991184832825321
K04761	group	GERD	0.050388506375692	0.1407013357456	128	128	0.720849882820076	0.991184832825321
K04762	group	GERD	0.0125696189081414	0.0952200375890974	128	128	0.89519008689833	0.991184832825321
K04764	group	GERD	-0.0570719087750067	0.247974425312831	128	128	0.818346587951134	0.991184832825321
K04767	group	GERD	0.0100791734579958	0.107842688895324	128	128	0.925685135994991	0.991184832825321
K04770	group	GERD	-0.135407903591183	0.460970357568312	128	104	0.769435797792661	0.991184832825321
K04783	group	GERD	0.0876647544600747	0.54580535158189	128	64	0.872653536208806	0.991184832825321
K04794	group	GERD	-0.121185681733955	0.379321724804758	128	123	0.749891687641004	0.991184832825321
K05296	group	GERD	-0.0557082834212955	0.451091593202804	128	45	0.901910639590601	0.991184832825321
K05297	group	GERD	0.108373599631265	0.321882539377914	128	44	0.736913139318204	0.991184832825321
K05306	group	GERD	-0.0540522233872017	0.6205514947184	128	92	0.930727497251736	0.991184832825321
K05349	group	GERD	-0.0325921876316846	0.0899739472393594	128	128	0.717779326039281	0.991184832825321
K05350	group	GERD	0.0304746257682864	0.163928956063951	128	128	0.85282101741494	0.991184832825321
K05356	group	GERD	0.0287753726148301	0.258946592200415	128	13	0.911694250342438	0.991184832825321
K05362	group	GERD	-0.0284568345533465	0.115658503586628	128	128	0.806050174382602	0.991184832825321
K05363	group	GERD	-0.0287743025305325	0.115564013918863	128	128	0.803773803792879	0.991184832825321
K05515	group	GERD	-0.0282202619695751	0.148365229247375	128	128	0.849452202971658	0.991184832825321
K05516	group	GERD	-0.054337814594647	0.180589287605348	128	128	0.76399303836849	0.991184832825321
K05521	group	GERD	0.0503106906672028	0.297058980877458	128	128	0.865783018832634	0.991184832825321
K05523	group	GERD	0.0358723389595609	0.383444379570748	128	49	0.925612912890637	0.991184832825321
K05541	group	GERD	-0.117127895973386	0.477427481791222	128	127	0.806599068360988	0.991184832825321
K05549	group	GERD	0.114127663833485	0.381770045897565	128	41	0.765475669848494	0.991184832825321
K05567	group	GERD	-0.0553541916353225	0.201369250484135	128	128	0.783851749175455	0.991184832825321
K05569	group	GERD	-0.0327932232743085	0.177141522486023	128	128	0.853429100475981	0.991184832825321
K05570	group	GERD	-0.0316406838588962	0.177418854873538	128	128	0.858743247676267	0.991184832825321
K05571	group	GERD	-0.0414317085381475	0.211179446605006	128	128	0.84477599794037594	0.991184832825321
K05573	group	GERD	0.0287753726148301	0.258946592200415	128	13	0.911694250342438	0.991184832825321
K05578	group	GERD	0.0287753726148301	0.258946592200415	128	13	0.911694250342438	0.991184832825321
K05589	group	GERD	-0.0810299834489219	0.300531820319608	128	128	0.787892150022949	0.991184832825321
K05590	group	GERD	-0.135407903591183	0.460970357568312	128	104	0.769435797792661	0.991184832825321
K05601	group	GERD	-0.0734379332323343	0.204544098486811	128	128	0.720171878572888	0.991184832825321
K05692	group	GERD	-0.0247420417914584	0.214221314886098	128	22	0.908234610707046	0.991184832825321
K05738	group	GERD	-0.02474204179145	0.214221314886098	128	22	0.908234610707077	0.991184832825321
K05775	group	GERD	-0.0588863959391326	0.28101171794373	128	18	0.834356261038297	0.991184832825321
K05785	group	GERD	-0.0797711324095803	0.273135580726435	128	21	0.770723445277905	0.991184832825321
K05789	group	GERD	-0.154412061839851	0.45971948678462	128	102	0.737517592136071	0.991184832825321
K05795	group	GERD	-0.130423845957633	0.433708956596876	128	118	0.764125607451341	0.991184832825321
K05796	group	GERD	-0.20429391473732	0.769221239345105	128	57	0.790992596687731	0.991184832825321
K05803	group	GERD	-0.135407903591183	0.460970357568312	128	104	0.769435797792661	0.991184832825321
K05807	group	GERD	-0.0276208834616866	0.156528749468138	128	128	0.860216783536802	0.991184832825321
K05808	group	GERD	-0.0156897121841524	0.0603305173587156	128	128	0.795239962008297	0.991184832825321
K05809	group	GERD	-0.135407903591183	0.460970357568312	128	104	0.769435797792661	0.991184832825321
K05810	group	GERD	0.00821204760723638	0.0960934604436702	128	128	0.932032162894179	0.991184832825321
K05817	group	GERD	-0.0478522829529942	0.436804349658965	128	34	0.912939886311384	0.991184832825321
K05823	group	GERD	0.017276067648881	0.116243443980497	128	128	0.882091308794361	0.991184832825321
K05846	group	GERD	0.0177333892819442	0.0601740484133938	128	128	0.768706824187488	0.991184832825321
K05847	group	GERD	-0.0101255154865666	0.0597139835188803	128	128	0.865622690609408	0.991184832825321
K05853	group	GERD	-0.024742041791449	0.214221314886098	128	22	0.90823461070708	0.991184832825321
K05863	group	GERD	-0.02474204179145	0.214221314886098	128	22	0.908234610707077	0.991184832825321
K05865	group	GERD	-0.02474204179145	0.214221314886098	128	22	0.908234610707077	0.991184832825321
K05879	group	GERD	-0.00619628428991801	0.0743947100227286	128	128	0.933753675217622	0.991184832825321
K05881	group	GERD	-0.0192244375445971	0.216567007737114	128	128	0.929406430679157	0.991184832825321
K05896	group	GERD	0.012058554302807	0.0337468213742619	128	128	0.721446945431716	0.991184832825321
K05919	group	GERD	-0.0178533701570544	0.21077438415274	128	128	0.932631392324122	0.991184832825321
K05922	group	GERD	-0.0344488414812948	0.233605784410941	128	121	0.883000158772351	0.991184832825321
K05927	group	GERD	-0.0344488414812948	0.233605784410941	128	121	0.883000158772351	0.991184832825321
K05962	group	GERD	0.0387835142281794	0.24227931003738	128	25	0.87307621201621	0.991184832825321
K05984	group	GERD	-0.0367859024425888	0.225304562555772	128	23	0.870565949069601	0.991184832825321
K05985	group	GERD	-0.0167055544174142	0.0586012535178244	128	128	0.776057314466867	0.991184832825321
K05995	group	GERD	0.097499445724254	0.272317054822483	128	128	0.720915100294429	0.991184832825321
K06013	group	GERD	0.0470832706640443	0.234786402849044	128	128	0.841384254192049	0.991184832825321
K06020	group	GERD	-0.0715605948986594	0.435708874301861	128	128	0.869805805555011	0.991184832825321
K06024	group	GERD	0.0120364230553398	0.0337447171368993	128	128	0.721920080601601	0.991184832825321
K06033	group	GERD	-0.120269339614096	0.41141962711104	128	58	0.770516914313877	0.991184832825321
K06041	group	GERD	0.0227637386678253	0.117178099720197	128	128	0.846280348684085	0.991184832825321
K06076	group	GERD	-0.0362327117537342	0.192047026955202	128	128	0.850658274988181	0.991184832825321
K06079	group	GERD	-0.104379699444306	0.417544791940664	128	70	0.803006504787903	0.991184832825321
K06132	group	GERD	0.0973038393438213	0.38561854103876	128	128	0.801195729013361	0.991184832825321
K06142	group	GERD	-0.0162406267168808	0.156467367930311	128	128	0.917496576818341	0.991184832825321
K06143	group	GERD	-0.0319921861711991	0.372390227658885	128	128	0.931674026323005	0.991184832825321
K06148	group	GERD	0.028583646368511	0.101272519407631	128	128	0.778218862925993	0.991184832825321
K06168	group	GERD	0.00897497872438767	0.0937245125665269	128	128	0.923864003179288	0.991184832825321
K06175	group	GERD	0.0416743725191822	0.48100622853056	128	127	0.931095215209159	0.991184832825321
K06177	group	GERD	-0.0154724562764692	0.130856442228981	128	128	0.906065844404371	0.991184832825321
K06186	group	GERD	0.036107603627784	0.390864958131133	128	128	0.926543865123251	0.991184832825321
K06188	group	GERD	-0.038232039172607	0.149616840060564	128	128	0.798728132612713	0.991184832825321
K06189	group	GERD	0.0331633323888419	0.389862077594099	128	128	0.932345311163583	0.991184832825321
K06192	group	GERD	0.0667170703411304	0.405303039445352	128	128	0.869514478830876	0.991184832825321
K06193	group	GERD	-0.0184295934551	0.095025329131267	128	128	0.846532047496897	0.991184832825321
K06194	group	GERD	0.103391328444642	0.369512211922373	128	128	0.780086006285983	0.991184832825321
K06196	group	GERD	-0.0451287944133504	0.130033548208463	128	128	0.729128975401159	0.991184832825321
K06198	group	GERD	0.017451820177139	0.125645384376505	128	128	0.8897529612581	0.991184832825321
K06202	group	GERD	-0.0672659645688998	0.419013491976446	128	128	0.872717433576586	0.991184832825321
K06208	group	GERD	0.0849331434121204	0.375740819324182	128	127	0.8215351478861	0.991184832825321
K06212	group	GERD	-0.151810225846485	0.462461486530144	128	104	0.743255693392772	0.991184832825321
K06217	group	GERD	0.00188706567622239	0.0186131484412566	128	128	0.919407210039605	0.991184832825321
K06218	group	GERD	0.0227749274549733	0.0902981872343651	128	128	0.801282678370085	0.991184832825321
K06223	group	GERD	-0.0450655288004789	0.241117854346514	128	128	0.852037693327978	0.991184832825321
K06286	group	GERD	0.0189727566924016	0.120259623410086	128	128	0.874894548830807	0.991184832825321
K06299	group	GERD	-0.0311437733456578	0.192031750794503	128	16	0.871423640035022	0.991184832825321
K06306	group	GERD	-0.187584504949982	0.57861413631543	128	58	0.74632705609075	0.991184832825321
K06317	group	GERD	-0.163327100996882	0.479588680395073	128	124	0.734004534609446	0.991184832825321
K06346	group	GERD	-0.0128261355389531	0.0444611482922382	128	128	0.773453653545026	0.991184832825321
K06377	group	GERD	0.135798476367839	0.389325032327473	128	44	0.727817969572288	0.991184832825321
K06442	group	GERD	0.0121858249201941	0.0486804665137397	128	128	0.80274551870996	0.991184832825321
K06505	group	GERD	-0.0247420417914584	0.214221314886098	128	22	0.908234610707046	0.991184832825321
K06603	group	GERD	-0.0392389146518774	0.211573628369372	128	128	0.853164730967899	0.991184832825321
K06610	group	GERD	0.0925808750082194	0.669119948331308	128	101	0.890175092784522	0.991184832825321
K06726	group	GERD	0.0466941609938537	0.131294979455082	128	128	0.722702525301606	0.991184832825321
K06861	group	GERD	0.0168503305030084	0.114765297117596	128	128	0.883505395219003	0.991184832825321
K06864	group	GERD	0.0221002358605612	0.181673205195424	128	128	0.903371357561277	0.991184832825321
K06867	group	GERD	0.0601382937521378	0.183722946317072	128	128	0.743960430897876	0.991184832825321
K06873	group	GERD	0.0895334532879989	0.267324119982675	128	15	0.738238806559767	0.991184832825321
K06878	group	GERD	0.0126463531669186	0.121940053336703	128	128	0.917564706863948	0.991184832825321
K06882	group	GERD	-0.033720102693206	0.245457132714825	128	121	0.890952291370865	0.991184832825321
K06884	group	GERD	0.099290523017263	0.377262799815	128	35	0.792836632148848	0.991184832825321
K06898	group	GERD	0.0316439723921607	0.182619007421772	128	128	0.862710475914988	0.991184832825321
K06899	group	GERD	-0.140893844862771	0.445832197812809	128	108	0.752506897585678	0.991184832825321
K06905	group	GERD	0.0592559936165902	0.421937130994185	128	107	0.888538220593355	0.991184832825321
K06906	group	GERD	0.111986155367036	0.459948183964534	128	93	0.808032950492174	0.991184832825321
K06909	group	GERD	-0.0977246427436031	0.505538743561777	128	122	0.847029089777502	0.991184832825321
K06911	group	GERD	-0.0557661010877175	0.236603328698239	128	128	0.8140524134255	0.991184832825321
K06919	group	GERD	0.0984699002024659	0.404746744902034	128	128	0.80817817680016	0.991184832825321
K06934	group	GERD	-0.0498755572231651	0.254747273263824	128	128	0.845094267819594	0.991184832825321
K06940	group	GERD	0.0220301374501245	0.105165489084396	128	128	0.834411340715344	0.991184832825321
K06941	group	GERD	-0.0131514133100426	0.0512028405310224	128	128	0.797714056356712	0.991184832825321
K06945	group	GERD	-0.109618043185754	0.433921270208074	128	128	0.800972011664255	0.991184832825321
K06946	group	GERD	-0.0987598655165172	0.333016139168108	128	22	0.767289360384712	0.991184832825321
K06962	group	GERD	0.026215662198435	0.0798542461898994	128	128	0.743234392583927	0.991184832825321
K06967	group	GERD	0.0161954162379908	0.076397345063069	128	128	0.832457953628224	0.991184832825321
K06970	group	GERD	-0.0455048973652165	0.259524964602625	128	25	0.861094579942818	0.991184832825321
K06975	group	GERD	-0.0185292677454552	0.141054039521852	128	128	0.895697755259355	0.991184832825321
K06997	group	GERD	-0.0129119091512097	0.0518017796773167	128	128	0.803568562210696	0.991184832825321
K07000	group	GERD	-0.0416838146084057	0.154879369726042	128	128	0.788264247886001	0.991184832825321
K07001	group	GERD	0.0275637459689562	0.156722941162918	128	128	0.86067399888868	0.991184832825321
K07007	group	GERD	-0.00830598273988392	0.0627790713023074	128	128	0.894954129167386	0.991184832825321
K07009	group	GERD	0.0136506703656138	0.0819421859006621	128	128	0.867960454033754	0.991184832825321
K07015	group	GERD	-0.0345248428858384	0.0971128329774275	128	128	0.722800018597631	0.991184832825321
K07016	group	GERD	-0.21406944707213	0.709234755828138	128	107	0.763278067231289	0.991184832825321
K07017	group	GERD	-0.128334315952582	0.362619794877576	128	128	0.723998798005724	0.991184832825321
K07024	group	GERD	-0.013565770547693	0.054839006839862	128	128	0.805021065227109	0.991184832825321
K07029	group	GERD	0.0325754027969364	0.0902659260873177	128	128	0.718791546584501	0.991184832825321
K07030	group	GERD	0.0107679201515912	0.0556399479636706	128	128	0.846856658042257	0.991184832825321
K07032	group	GERD	0.0271093104737293	0.169190016019251	128	128	0.872956517849244	0.991184832825321
K07039	group	GERD	0.0884512176403246	0.408084796315769	128	128	0.82875594846217	0.991184832825321
K07042	group	GERD	0.00965077151339971	0.0329834527451381	128	128	0.770313519474609	0.991184832825321
K07052	group	GERD	0.00420399103882473	0.0519001936158943	128	128	0.935569320730156	0.991184832825321
K07053	group	GERD	0.0190770431145261	0.0990137346415034	128	128	0.847527094744218	0.991184832825321
K07063	group	GERD	-0.0461700152498744	0.252351287775037	128	21	0.855124021492044	0.991184832825321
K07064	group	GERD	0.083327429328652	0.712958702952699	128	107	0.907144774706118	0.991184832825321
K07065	group	GERD	0.0568757055754152	0.40625039877627	128	25	0.888882276981494	0.991184832825321
K07067	group	GERD	0.0123623385307891	0.100288979947315	128	128	0.902091950271952	0.991184832825321
K07085	group	GERD	-0.016268800972036	0.172881771060298	128	128	0.925176322887722	0.991184832825321
K07089	group	GERD	0.0172102258587281	0.0785665931637684	128	128	0.826963421019175	0.991184832825321
K07091	group	GERD	-0.0450537507972071	0.165810611424877	128	128	0.786283457834514	0.991184832825321
K07094	group	GERD	0.114153952311413	0.362504944355772	128	127	0.753356072949912	0.991184832825321
K07097	group	GERD	-0.0425075910190315	0.23458240171037	128	121	0.856497542324457	0.991184832825321
K07098	group	GERD	-0.0423993980666392	0.144815636808861	128	128	0.770170467905092	0.991184832825321
K07099	group	GERD	0.0564257887998134	0.204995216304321	128	128	0.783571836076171	0.991184832825321
K07101	group	GERD	0.0271492011410047	0.155088519878324	128	128	0.861316497379232	0.991184832825321
K07105	group	GERD	0.0261530842638009	0.0802374025108682	128	128	0.745005694734979	0.991184832825321
K07109	group	GERD	-0.118160169788384	0.459539553383076	128	103	0.797499913751377	0.991184832825321
K07114	group	GERD	-0.0404005902110811	0.118866733645322	128	128	0.734511772211289	0.991184832825321
K07123	group	GERD	0.143802639150455	0.465753376316815	128	83	0.758019521907561	0.991184832825321
K07125	group	GERD	-0.0501853155749065	0.392597633164671	128	83	0.898488187923968	0.991184832825321
K07131	group	GERD	-0.166366197552231	0.45757447654262	128	128	0.716778910932306	0.991184832825321
K07132	group	GERD	-0.142505763566676	0.577603260864441	128	125	0.805527129509642	0.991184832825321
K07136	group	GERD	0.0393835955958733	0.352334125512211	128	45	0.911176423393137	0.991184832825321
K07137	group	GERD	-0.0507096836609042	0.148481440269444	128	128	0.733279519778499	0.991184832825321
K07145	group	GERD	-0.0505033071682786	0.508363526337638	128	80	0.92102233973958	0.991184832825321
K07146	group	GERD	0.0158723922782649	0.115131805184467	128	128	0.890568928336294	0.991184832825321
K07154	group	GERD	0.0498584333268942	0.166233342206726	128	128	0.764724485150491	0.991184832825321
K07160	group	GERD	-0.0504403235550245	0.175580735370265	128	128	0.774372076819071	0.991184832825321
K07175	group	GERD	-0.0898328905160676	0.266392762586156	128	128	0.7365123640251	0.991184832825321
K07178	group	GERD	0.0707264528604556	0.493695293603696	128	112	0.886314234376669	0.991184832825321
K07186	group	GERD	-0.133260968500607	0.460873954904071	128	104	0.772943021545202	0.991184832825321
K07192	group	GERD	0.0252175377479766	0.15805255070965	128	128	0.873489786187984	0.991184832825321
K07213	group	GERD	0.0266456284617481	0.166010848845375	128	128	0.872740056545013	0.991184832825321
K07215	group	GERD	-0.145586721515098	0.57373129266021194	128	125	0.800099068076363	0.991184832825321
K07230	group	GERD	0.0388317159397665	0.21405233024364	128	128	0.856335505942565	0.991184832825321
K07240	group	GERD	-0.0272396443199089	0.140815595468945	128	128	0.846924347867545	0.991184832825321
K07260	group	GERD	0.0144263647897577	0.107028781324279	128	128	0.892993322071781	0.991184832825321
K07262	group	GERD	-0.0384761511902737	0.409605994877176	128	128	0.925310364648394	0.991184832825321
K07263	group	GERD	0.0147446761093223	0.16648738468134	128	128	0.92956956695113	0.991184832825321
K07268	group	GERD	-0.133664521708227	0.460738128206758	128	104	0.772209344834653	0.991184832825321
K07272	group	GERD	0.0180682250096291	0.124527053516707	128	128	0.884867886538777	0.991184832825321
K07274	group	GERD	-0.100764161063755	0.445440514541498	128	125	0.82140279114725	0.991184832825321
K07275	group	GERD	0.0871699574247921	0.327145690418234	128	128	0.790323542286676	0.991184832825321
K07277	group	GERD	0.0187646138241799	0.112408965179324	128	128	0.867691433263401	0.991184832825321
K07286	group	GERD	-0.051229594269161	0.276768187669447	128	125	0.853448778528738	0.991184832825321
K07287	group	GERD	-0.0398697220973964	0.416554783868109	128	128	0.92390054855164	0.991184832825321
K07313	group	GERD	-0.0110802303725558	0.119684345340972	128	128	0.926385242065903	0.991184832825321
K07315	group	GERD	-0.0655057092488092	0.319804021933372	128	128	0.838034850928632	0.991184832825321
K07316	group	GERD	-0.0479350035060216	0.235714969566962	128	128	0.839181691941657	0.991184832825321
K07317	group	GERD	-0.0871009069394532	0.459799950293886	128	126	0.850058919825572	0.991184832825321
K07320	group	GERD	0.0880780975493247	0.365693595257099	128	128	0.810061160937259	0.991184832825321
K07323	group	GERD	0.0628768203661857	0.309096241895695	128	128	0.839133755721295	0.991184832825321
K07326	group	GERD	-0.161197181464055	0.522790372020347	128	125	0.758332812981275	0.991184832825321
K07391	group	GERD	0.0130602298690869	0.0940238793969422	128	128	0.889748304139657	0.991184832825321
K07406	group	GERD	-0.172629764261159	0.584809782584877	128	92	0.768334905168119	0.991184832825321
K07445	group	GERD	-0.121281248843463	0.545012846399371	128	66	0.824262294228501	0.991184832825321
K07448	group	GERD	-0.0284164972486807	0.21975618970295	128	128	0.897319182332298	0.991184832825321
K07452	group	GERD	-0.0636264343610304	0.31311501043624	128	127	0.839302851972829	0.991184832825321
K07459	group	GERD	0.0563750614680209	0.206379085978096	128	128	0.78517539722135	0.991184832825321
K07460	group	GERD	0.0123697365173857	0.0937819884957275	128	128	0.895274686456899	0.991184832825321
K07461	group	GERD	0.0111106319321884	0.0521928480901103	128	128	0.831767305099294	0.991184832825321
K07465	group	GERD	0.0389635103472841	0.181610293459951	128	128	0.830469217204185	0.991184832825321
K07479	group	GERD	-0.135407903591183	0.460970357568312	128	104	0.769435797792661	0.991184832825321
K07483	group	GERD	0.0191871364702317	0.078989725360658	128	128	0.808472630395809	0.991184832825321
K07485	group	GERD	-0.0514759849524431	0.584907456815623	128	78	0.930010785721562	0.991184832825321
K07493	group	GERD	-0.0247420417914584	0.214221314886098	128	22	0.908234610707046	0.991184832825321
K07496	group	GERD	-0.15965719618538	0.49731585827942	128	125	0.748713616890509	0.991184832825321
K07518	group	GERD	0.139327656108639	0.423652296284711	128	41	0.742797926114549	0.991184832825321
K07533	group	GERD	-0.0264136102594792	0.0970214925799905	128	128	0.785879312659673	0.991184832825321
K07536	group	GERD	-0.02474204179145	0.214221314886098	128	22	0.908234610707077	0.991184832825321
K07546	group	GERD	-0.120269339614096	0.41141962711104	128	58	0.770516914313877	0.991184832825321
K07574	group	GERD	-0.0143443757058007	0.0422987400476692	128	128	0.735083387329131	0.991184832825321
K07576	group	GERD	-0.0315106589566154	0.184653130217721	128	128	0.864774395434282	0.991184832825321
K07586	group	GERD	-0.0283219734263136	0.105565950133788	128	128	0.788917140963333	0.991184832825321
K07604	group	GERD	-0.02474204179145	0.214221314886098	128	22	0.908234610707077	0.991184832825321
K07605	group	GERD	-0.0247420417914454	0.214221314886098	128	22	0.908234610707094	0.991184832825321
K07639	group	GERD	0.138750541091816	0.385639249196474	128	40	0.719603811031889	0.991184832825321
K07642	group	GERD	0.135417987532671	0.456426105594903	128	92	0.767190154453051	0.991184832825321
K07645	group	GERD	0.0385265553559607	0.384574709478644	128	128	0.92036093475078	0.991184832825321
K07648	group	GERD	-0.135407903591183	0.460970357568312	128	104	0.769435797792661	0.991184832825321
K07652	group	GERD	-0.0201736880657871	0.117286749623867	128	128	0.863711023893121	0.991184832825321
K07661	group	GERD	0.0598184836643632	0.441885008830556	128	49	0.892534453861821	0.991184832825321
K07662	group	GERD	0.0769711328208304	0.400385179206302	128	128	0.847861581454771	0.991184832825321
K07668	group	GERD	-0.0251942458651766	0.116352221020916	128	128	0.828921488194422	0.991184832825321
K07673	group	GERD	-0.0467735381888702	0.501511777381186	128	127	0.92584110674605	0.991184832825321
K07674	group	GERD	-0.13415271644531301	0.460810321748294	128	104	0.771435548000927	0.991184832825321
K07678	group	GERD	0.0940708967774466	0.328214487348703	128	40	0.774878576604065	0.991184832825321
K07685	group	GERD	-0.135407903591183	0.460970357568312	128	104	0.769435797792661	0.991184832825321
K07688	group	GERD	-0.0748635782109218	0.234224676580013	128	24	0.749783530515606	0.991184832825321
K07690	group	GERD	-0.0478522829529942	0.436804349658965	128	34	0.912939886311384	0.991184832825321
K07694	group	GERD	0.101013721572712	0.385910388512217	128	37	0.793938251994831	0.991184832825321
K07711	group	GERD	0.0494945722442888	0.435265465402905	128	74	0.90964769479613	0.991184832825321
K07714	group	GERD	0.166055839626961	0.547523406911174	128	91	0.762172584969658	0.991184832825321
K07715	group	GERD	0.0494945722442888	0.435265465402905	128	74	0.90964769479613	0.991184832825321
K07735	group	GERD	0.0306876996422889	0.300587077349142	128	128	0.918845513501127	0.991184832825321
K07739	group	GERD	-0.133883817979751	0.379906040481092	128	123	0.725117354875938	0.991184832825321
K07742	group	GERD	0.0116861607928383	0.0557551167253664	128	128	0.834319959566976	0.991184832825321
K07751	group	GERD	-0.135407903591183	0.460970357568312	128	104	0.769435797792661	0.991184832825321
K07769	group	GERD	0.0287753726148301	0.258946592200415	128	13	0.911694250342438	0.991184832825321
K07773	group	GERD	-0.135407903591183	0.460970357568312	128	104	0.769435797792661	0.991184832825321
K07777	group	GERD	-0.109869552287875	0.472848129143451	128	121	0.816637763653347	0.991184832825321
K07812	group	GERD	0.0628189241570563	0.304771597518694	128	123	0.837031383638168	0.991184832825321
K08077	group	GERD	-0.0251654233766378	0.232909863291898	128	121	0.914129557022703	0.991184832825321
K08082	group	GERD	0.178805028243431	0.564294629445255	128	124	0.751870695563325	0.991184832825321
K08083	group	GERD	0.189798661221901	0.565664365771816	128	124	0.737781614961774	0.991184832825321
K08084	group	GERD	0.136213124493823	0.379647282495562	128	128	0.720353713017699	0.991184832825321
K08154	group	GERD	-0.02474204179145	0.214221314886098	128	22	0.908234610707077	0.991184832825321
K08159	group	GERD	0.141826499026852	0.59900589286223	128	123	0.813219891151322	0.991184832825321
K08168	group	GERD	-0.024520235196279	0.29897656603885	128	128	0.934765797337278	0.991184832825321
K08234	group	GERD	-0.0343106613464873	0.107345777109939	128	128	0.7497800837893	0.991184832825321
K08282	group	GERD	0.0547539038495024	0.355651058157052	128	128	0.877892315419956	0.991184832825321
K08297	group	GERD	-0.058438923225246	0.508779167903665	128	60	0.908738076562778	0.991184832825321
K08298	group	GERD	0.0491348888403325	0.534590882737471	128	85	0.9269145623616	0.991184832825321
K08301	group	GERD	-0.0124326075047844	0.126809536710196	128	128	0.922055068669984	0.991184832825321
K08306	group	GERD	-0.135407903591183	0.460970357568312	128	104	0.769435797792661	0.991184832825321
K08310	group	GERD	-0.0794629216576855	0.371509779190119	128	128	0.830977118007737	0.991184832825321
K08313	group	GERD	-0.0726570263012527	0.286752237682818	128	127	0.800388228890389	0.991184832825321
K08316	group	GERD	0.0165675925722913	0.0802132619921553	128	128	0.836699149798736	0.991184832825321
K08344	group	GERD	-0.098473300853384	0.34367057152168	128	15	0.77493977399408	0.991184832825321
K08363	group	GERD	0.040494060012891	0.271969140944531	128	126	0.881876803840676	0.991184832825321
K08364	group	GERD	0.0315835520680993	0.272596255508085	128	126	0.907946352491238	0.991184832825321
K08365	group	GERD	-0.0833668507753243	0.56520712917016	128	76	0.88297481984837	0.991184832825321
K08368	group	GERD	0.258727210087784	0.732288801482375	128	70	0.724444174160316	0.991184832825321
K08384	group	GERD	0.0385414563453775	0.202937724886259	128	128	0.849679281483495	0.991184832825321
K08483	group	GERD	-0.00457298415523711	0.0356740721691773	128	128	0.898204655228092	0.991184832825321
K08586	group	GERD	-0.209801557086305	0.595134208928934	128	34	0.725031210072805	0.991184832825321
K08591	group	GERD	-0.0133687613979098	0.0393094061730561	128	128	0.734354562491418	0.991184832825321
K08679	group	GERD	-0.0710729941266991	0.198274514769945	128	128	0.720600817630328	0.991184832825321
K08688	group	GERD	0.0661004451241683	0.603995058837003	128	84	0.913028630474545	0.991184832825321
K08692	group	GERD	-0.0736595686633265	0.276385715659421	128	22	0.790282080516731	0.991184832825321
K08717	group	GERD	0.104154868800689	0.631819535454435	128	41	0.869326950241601	0.991184832825321
K08724	group	GERD	-0.0544623278703757	0.21645286817527	128	128	0.801750227543351	0.991184832825321
K08770	group	GERD	-0.02474204179145	0.214221314886098	128	22	0.908234610707077	0.991184832825321
K08884	group	GERD	0.0143188851404887	0.0425036887776185	128	128	0.736763541229941	0.991184832825321
K08966	group	GERD	0.0277135812388657	0.130468462937912	128	13	0.832125805001421	0.991184832825321
K08972	group	GERD	0.00985946693304067	0.0939460976701732	128	128	0.916583853103113	0.991184832825321
K08976	group	GERD	-0.0617941460396392	0.331202122653013	128	126	0.852293677069788	0.991184832825321
K08982	group	GERD	-0.070852961065651	0.577653292101469	128	101	0.902574494846311	0.991184832825321
K08989	group	GERD	-0.153438875987776	0.554109264364358	128	120	0.782302307332813	0.991184832825321
K08992	group	GERD	-0.146033584144228	0.461699539795	128	104	0.752301448086072	0.991184832825321
K08996	group	GERD	-0.0539027770304618	0.225766643292401	128	128	0.811683926829094	0.991184832825321
K09002	group	GERD	-0.210072790442809	0.709120411776509	128	107	0.767531336284093	0.991184832825321
K09007	group	GERD	0.0452579366246673	0.342970189357574	128	128	0.895227361076944	0.991184832825321
K09018	group	GERD	-0.108534545469629	0.414799469588957	128	58	0.794014325812533	0.991184832825321
K09021	group	GERD	-0.111391063664091	0.41209322874304	128	58	0.787367486393973	0.991184832825321
K09022	group	GERD	-0.0211298945126771	0.0585132909407695	128	128	0.718619938522468	0.991184832825321
K09023	group	GERD	0.0348424328625788	0.431345929661639	128	66	0.935748195149532	0.991184832825321
K09121	group	GERD	0.0278509996248591	0.189301870619522	128	128	0.883268670936913	0.991184832825321
K09122	group	GERD	-0.05736676710914	0.516511364326288	128	52	0.911740863623185	0.991184832825321
K09134	group	GERD	-0.0271511624246471	0.0890847898376541	128	128	0.761037412091909	0.991184832825321
K09138	group	GERD	-0.023690980943083	0.27017916694708	128	127	0.930265305202954	0.991184832825321
K09143	group	GERD	-0.0777278841801217	0.272308377535414	128	21	0.775775248933215	0.991184832825321
K09154	group	GERD	-0.0415675597091817	0.276444236382033	128	23	0.880717034554437	0.991184832825321
K09158	group	GERD	-0.0867291118113568	0.354536440955511	128	128	0.807143346992186	0.991184832825321
K09190	group	GERD	-0.0310375897954953	0.18186984533753	128	13	0.86476623037493106	0.991184832825321
K09384	group	GERD	0.139258965190112	0.447108459647117	128	126	0.755961337519829	0.991184832825321
K09459	group	GERD	0.105722275089463	0.565599534592417	128	92	0.85202343076665	0.991184832825321
K09565	group	GERD	-0.02474204179145	0.214221314886098	128	22	0.908234610707077	0.991184832825321
K09684	group	GERD	-0.0910930647764079	0.490674931358438	128	110	0.853018946767042	0.991184832825321
K09685	group	GERD	-0.0180374846103383	0.105736908120144	128	128	0.864821083089026	0.991184832825321
K09704	group	GERD	-0.0350624830526235	0.131891043300176	128	128	0.790793617191919	0.991184832825321
K09729	group	GERD	0.0669955304097699	0.201988785969928	128	128	0.740682368395019	0.991184832825321
K09747	group	GERD	-0.00541881362889046	0.0368570991125925	128	128	0.883349445808727	0.991184832825321
K09760	group	GERD	-0.0174410236327335	0.0530318894476523	128	128	0.742793869753823	0.991184832825321
K09768	group	GERD	-0.0406012337910852	0.140080630112567	128	128	0.772413631662893	0.991184832825321
K09771	group	GERD	0.0994598398980838	0.427823701294108	128	126	0.816543527201678	0.991184832825321
K09772	group	GERD	-0.0119668844032518	0.0474638603256341	128	128	0.801354294772871	0.991184832825321
K09776	group	GERD	0.0805622863073521	0.376016290621382	128	125	0.830696800890276	0.991184832825321
K09778	group	GERD	0.0379845518322319	0.206683221365248	128	128	0.854480304178689	0.991184832825321
K09792	group	GERD	-0.0702287233863866	0.25332231592918	128	128	0.782057283295777	0.991184832825321
K09793	group	GERD	-0.0850066786381483	0.234894887398459	128	128	0.718038628068657	0.991184832825321
K09801	group	GERD	0.0359919545578282	0.390388525054174	128	128	0.926689361920915	0.991184832825321
K09803	group	GERD	0.132900013191678	0.637536012233462	128	88	0.835207326324018	0.991184832825321
K09804	group	GERD	-0.0262233019728785	0.232710652546841	128	121	0.910458599218596	0.991184832825321
K09805	group	GERD	-0.140483913977189	0.571058194135866	128	113	0.806077647696629	0.991184832825321
K09810	group	GERD	-0.0472626092728522	0.166152066443665	128	128	0.776529490531011	0.991184832825321
K09812	group	GERD	-0.00302090523307923	0.0300118534699245	128	128	0.919982681705057	0.991184832825321
K09816	group	GERD	-0.0187229801255095	0.0583927896250177	128	128	0.74901547621662	0.991184832825321
K09817	group	GERD	-0.0189384066197723	0.058388225115552	128	128	0.746208501064701	0.991184832825321
K09818	group	GERD	-0.0908159386383051	0.3793795749955	128	123	0.811199778231541	0.991184832825321
K09857	group	GERD	0.0647572898614606	0.405091303214771	128	128	0.873248520266215	0.991184832825321
K09860	group	GERD	-0.0253874803608616	0.232905540479262	128	121	0.913373250566039	0.991184832825321
K09889	group	GERD	0.0344788234395848	0.390684892531841	128	128	0.929816296613498	0.991184832825321
K09893	group	GERD	-0.135407903591183	0.460970357568312	128	104	0.769435797792661	0.991184832825321
K09894	group	GERD	-0.135407903591183	0.460970357568312	128	104	0.769435797792661	0.991184832825321
K09896	group	GERD	-0.135407903591183	0.460970357568312	128	104	0.769435797792661	0.991184832825321
K09897	group	GERD	-0.135407903591183	0.460970357568312	128	104	0.769435797792661	0.991184832825321
K09898	group	GERD	-0.140893844862771	0.445832197812809	128	108	0.752506897585678	0.991184832825321
K09899	group	GERD	-0.135407903591183	0.460970357568312	128	104	0.769435797792661	0.991184832825321
K09901	group	GERD	-0.135407903591183	0.460970357568312	128	104	0.769435797792661	0.991184832825321
K09904	group	GERD	-0.135407903591183	0.460970357568312	128	104	0.769435797792661	0.991184832825321
K09906	group	GERD	-0.0698309982373108	0.459277668306546	128	105	0.879394418490666	0.991184832825321
K09907	group	GERD	-0.135407903591183	0.460970357568312	128	104	0.769435797792661	0.991184832825321
K09908	group	GERD	-0.140893844862771	0.445832197812809	128	108	0.752506897585678	0.991184832825321
K09909	group	GERD	-0.13415271644531301	0.460810321748294	128	104	0.771435548000927	0.991184832825321
K09910	group	GERD	-0.134965599991239	0.460809503148733	128	104	0.770089513101179	0.991184832825321
K09911	group	GERD	-0.135407903591183	0.460970357568312	128	104	0.769435797792661	0.991184832825321
K09913	group	GERD	-0.057459857454461	0.231518590015946	128	128	0.804393913847617	0.991184832825321
K09917	group	GERD	-0.135407903591183	0.460970357568312	128	104	0.769435797792661	0.991184832825321
K09922	group	GERD	0.0752665381540454	0.338686527006518	128	128	0.824494120361695	0.991184832825321
K09924	group	GERD	-0.0261546146420503	0.229733171629714	128	128	0.909539657598867	0.991184832825321
K09926	group	GERD	-0.125260578433475	0.445791749358629	128	128	0.779183157212164	0.991184832825321
K09934	group	GERD	0.112057754450252	0.469264833479125	128	41	0.811653067130055	0.991184832825321
K09936	group	GERD	-0.0600556993134781	0.259130538671311	128	128	0.817101576816003	0.991184832825321
K09941	group	GERD	0.0761695649411862	0.40454397847673	128	128	0.850956147385222	0.991184832825321
K09943	group	GERD	0.116669768014388	0.39322956766635	128	128	0.767186881434662	0.991184832825321
K09944	group	GERD	-0.0344052212366577	0.233598681206116	128	121	0.883143703270364	0.991184832825321
K09952	group	GERD	-0.0249733351323917	0.105532786810093	128	128	0.813319951678385	0.991184832825321
K09954	group	GERD	-0.0306796642491683	0.310799403931139	128	128	0.921523724252897	0.991184832825321
K09959	group	GERD	0.0979496563890773	0.288014337150986	128	128	0.73435802117789	0.991184832825321
K09976	group	GERD	-0.0149684524343691	0.113553271620409	128	128	0.89533789994615	0.991184832825321
K09977	group	GERD	-0.190857864733159	0.554321367426269	128	126	0.731187852141252	0.991184832825321
K09982	group	GERD	0.0986729416596906	0.33346910818749	128	18	0.767794859498212	0.991184832825321
K09997	group	GERD	-0.153143824563903	0.457088241290774	128	104	0.738150432358628	0.991184832825321
K09998	group	GERD	-0.135407903591183	0.460970357568312	128	104	0.769435797792661	0.991184832825321
K09999	group	GERD	-0.135905769782629	0.461066322767009	128	104	0.768659247596581	0.991184832825321
K10000	group	GERD	-0.135407903591183	0.460970357568312	128	104	0.769435797792661	0.991184832825321
K10013	group	GERD	-0.0792126477356389	0.434115849594686	128	13	0.855508003876554	0.991184832825321
K10015	group	GERD	-0.0667512667321801	0.369522425577422	128	14	0.85693882396666	0.991184832825321
K10016	group	GERD	-0.0792296403631189	0.369489889787736	128	15	0.830558555054241	0.991184832825321
K10017	group	GERD	-0.0667512667321801	0.369522425577422	128	14	0.85693882396666	0.991184832825321
K10018	group	GERD	-0.0871874928425983	0.426447273255555	128	22	0.838331104803167	0.991184832825321
K10019	group	GERD	-0.0935457808939135	0.42710838537203	128	22	0.826987938824371	0.991184832825321
K10020	group	GERD	-0.0871874928425983	0.426447273255555	128	22	0.838331104803167	0.991184832825321
K10022	group	GERD	0.0738075013665633	0.226776440012449	128	23	0.745369983758678	0.991184832825321
K10025	group	GERD	0.0606326847170491	0.192717616612442	128	18	0.753571094178351	0.991184832825321
K10108	group	GERD	0.0711049580633218	0.272343332881064	128	20	0.794452652497912	0.991184832825321
K10191	group	GERD	0.082780714006831	0.322956663672217	128	19	0.798120679525682	0.991184832825321
K10212	group	GERD	0.143461884993431	0.440796999010408	128	39	0.745372623598441	0.991184832825321
K10234	group	GERD	-0.1454062350505	0.54901677520529	128	62	0.791558993249119	0.991184832825321
K10235	group	GERD	0.0695910719441579	0.293201452204601	128	19	0.812771539278004	0.991184832825321
K10254	group	GERD	0.0194665202467222	0.169284819497767	128	128	0.908633951829788	0.991184832825321
K10352	group	GERD	-0.0247420417914549	0.214221314886098	128	22	0.908234610707058	0.991184832825321
K10355	group	GERD	-0.02474204179145	0.214221314886098	128	22	0.908234610707077	0.991184832825321
K10373	group	GERD	-0.0247420417914454	0.214221314886098	128	22	0.908234610707094	0.991184832825321
K10375	group	GERD	-0.02474204179145	0.214221314886098	128	22	0.908234610707077	0.991184832825321
K10537	group	GERD	0.0720035280791633	0.524866360320598	128	69	0.891103933820901	0.991184832825321
K10538	group	GERD	0.146316819837196	0.441262956831017	128	41	0.740752432688833	0.991184832825321
K10539	group	GERD	0.0720035280791633	0.524866360320598	128	69	0.891103933820901	0.991184832825321
K10545	group	GERD	0.103504626703248	0.423158045599894	128	126	0.807163738977677	0.991184832825321
K10547	group	GERD	-0.0406793805842505	0.186982573681493	128	128	0.828126153297359	0.991184832825321
K10565	group	GERD	0.0661866499789304	0.329377573277436	128	20	0.841065892824194	0.991184832825321
K10678	group	GERD	0.175035989791366	0.669016977701789	128	103	0.794032671817682	0.991184832825321
K10709	group	GERD	0.144166871535536	0.420716579874097	128	15	0.732417864515506	0.991184832825321
K10713	group	GERD	-0.0739194984887524	0.470967779850178	128	42	0.875533623948037	0.991184832825321
K10714	group	GERD	-0.0736595686633265	0.276385715659421	128	22	0.790282080516731	0.991184832825321
K10716	group	GERD	0.0149315892648465	0.0941205145617576	128	128	0.874203901224859	0.991184832825321
K10763	group	GERD	0.0360593689736842	0.390388105838283	128	128	0.926552362203039	0.991184832825321
K10778	group	GERD	0.0567025105715971	0.19691108703606	128	128	0.773850498829335	0.991184832825321
K10780	group	GERD	-0.0666324127736059	0.328585860706186	128	27	0.839629867874777	0.991184832825321
K10823	group	GERD	-0.00591269862109318	0.0518202256917312	128	128	0.909339969119175	0.991184832825321
K10854	group	GERD	-0.0777278841801217	0.272308377535414	128	21	0.775775248933215	0.991184832825321
K10855	group	GERD	-0.0777278841801217	0.272308377535414	128	21	0.775775248933215	0.991184832825321
K10856	group	GERD	-0.0777278841801217	0.272308377535414	128	21	0.775775248933215	0.991184832825321
K10915	group	GERD	-0.0454992043125936	0.437300587156409	128	34	0.917298589375733	0.991184832825321
K10916	group	GERD	-0.0454992043125936	0.437300587156409	128	34	0.917298589375733	0.991184832825321
K10974	group	GERD	-0.0603825885389954	0.341477551515454	128	119	0.859927883914303	0.991184832825321
K10985	group	GERD	0.065298458583669	0.768537855317792	128	83	0.932424443415401	0.991184832825321
K10986	group	GERD	0.065298458583669	0.768537855317792	128	83	0.932424443415401	0.991184832825321
K11003	group	GERD	0.0998757017009202	0.362014188359911	128	128	0.783085362186758	0.991184832825321
K11004	group	GERD	0.0981898692570387	0.361824686394089	128	128	0.786547382587286	0.991184832825321
K11031	group	GERD	-0.0477288054503663	0.343487409093089	128	127	0.889708675935564	0.991184832825321
K11073	group	GERD	0.0668118973218095	0.410748974941483	128	128	0.871047739626462	0.991184832825321
K11085	group	GERD	-0.0106411710489195	0.129023879552859	128	128	0.934400325747724	0.991184832825321
K11105	group	GERD	0.051742156260051	0.319992521848641	128	128	0.871802667870421	0.991184832825321
K11144	group	GERD	-0.0145107879704217	0.113656176967787	128	128	0.89861155651244	0.991184832825321
K11145	group	GERD	-0.00835150080090857	0.063755009180236	128	128	0.895989258659219	0.991184832825321
K11175	group	GERD	-0.00721656519399517	0.0212332286250696	128	128	0.734519343604376	0.991184832825321
K11208	group	GERD	-0.0879109057683159	0.419709214009987	128	66	0.834430015366341	0.991184832825321
K11212	group	GERD	0.0707630308378135	0.487472413606492	128	87	0.884814015833024	0.991184832825321
K11252	group	GERD	-0.02474204179145	0.214221314886098	128	22	0.908234610707077	0.991184832825321
K11258	group	GERD	-0.147627314054499	0.454826317006379	128	106	0.746037566574307	0.991184832825321
K11300	group	GERD	-0.02474204179145	0.214221314886098	128	22	0.908234610707077	0.991184832825321
K11381	group	GERD	0.0577826305997287	0.191320414363345	128	128	0.763134607395369	0.991184832825321
K11434	group	GERD	-0.0777278841801217	0.272308377535414	128	21	0.775775248933215	0.991184832825321
K11477	group	GERD	0.083066663469756	0.39101481202771	128	23	0.832108118466952	0.991184832825321
K11534	group	GERD	0.0476669772280933	0.551762521008728	128	83	0.931293223421543	0.991184832825321
K11535	group	GERD	-0.0859909993384044	0.567174330914547	128	57	0.879734666387478	0.991184832825321
K11690	group	GERD	-0.0294357686291572	0.230632164827119	128	128	0.898644624628308	0.991184832825321
K11704	group	GERD	0.0206471491484841	0.10767048647327	128	128	0.848237029009195	0.991184832825321
K11705	group	GERD	0.0208673165849432	0.107026665509406	128	128	0.845728077604657	0.991184832825321
K11706	group	GERD	0.0206471491484841	0.10767048647327	128	128	0.848237029009195	0.991184832825321
K11720	group	GERD	0.0168670124885461	0.114715263371777	128	128	0.883340406989031	0.991184832825321
K11779	group	GERD	0.0918852443922993	0.476583370554746	128	86	0.84742607105727	0.991184832825321
K11782	group	GERD	0.0616740903382096	0.191239557935281	128	128	0.747611082180662	0.991184832825321
K11892	group	GERD	0.181550728041007	0.5054767819874	128	125	0.720071124910042	0.991184832825321
K11897	group	GERD	0.195291875397608	0.539310586418589	128	116	0.717873505080402	0.991184832825321
K11898	group	GERD	-0.0396919380203676	0.486308594508812	128	68	0.935079336759645	0.991184832825321
K11902	group	GERD	0.193683628812695	0.539455744017671	128	116	0.720169658050337	0.991184832825321
K11906	group	GERD	0.106467066920517	0.495228163035549	128	122	0.830125901092788	0.991184832825321
K11918	group	GERD	-0.120269339614096	0.41141962711104	128	58	0.770516914313877	0.991184832825321
K12042	group	GERD	-0.0247420417914454	0.214221314886098	128	22	0.908234610707094	0.991184832825321
K12043	group	GERD	-0.02474204179145	0.214221314886098	128	22	0.908234610707077	0.991184832825321
K12046	group	GERD	-0.0247420417914454	0.214221314886098	128	22	0.908234610707094	0.991184832825321
K12056	group	GERD	0.0475227359421255	0.350723777630709	128	18	0.892433553251519	0.991184832825321
K12057	group	GERD	0.0475227359421255	0.350723777630709	128	18	0.892433553251519	0.991184832825321
K12060	group	GERD	0.0475227359421255	0.350723777630709	128	18	0.892433553251519	0.991184832825321
K12061	group	GERD	0.0475227359421255	0.350723777630709	128	18	0.892433553251519	0.991184832825321
K12063	group	GERD	0.0475227359421255	0.350723777630709	128	18	0.892433553251519	0.991184832825321
K12064	group	GERD	0.0475227359421255	0.350723777630709	128	18	0.892433553251519	0.991184832825321
K12066	group	GERD	0.0475227359421255	0.350723777630709	128	18	0.892433553251519	0.991184832825321
K12067	group	GERD	0.0475227359421255	0.350723777630709	128	18	0.892433553251519	0.991184832825321
K12070	group	GERD	-0.0748635782109218	0.234224676580013	128	24	0.749783530515606	0.991184832825321
K12071	group	GERD	-0.0748635782109218	0.234224676580013	128	24	0.749783530515606	0.991184832825321
K12072	group	GERD	0.0475227359421255	0.350723777630709	128	18	0.892433553251519	0.991184832825321
K12143	group	GERD	0.0875614596275256	0.374136262731421	128	118	0.815336656086157	0.991184832825321
K12234	group	GERD	0.124962247880349	0.469697246195587	128	99	0.790636709952	0.991184832825321
K12268	group	GERD	-0.0190690496877072	0.126052646186141	128	128	0.879998000069682	0.991184832825321
K12269	group	GERD	-0.0190481889072009	0.126052555133761	128	128	0.880128187020133	0.991184832825321
K12270	group	GERD	-0.0190690496877072	0.126052646186141	128	128	0.879998000069682	0.991184832825321
K12282	group	GERD	0.0526583260034497	0.279970187904457	128	21	0.851112222809865	0.991184832825321
K12296	group	GERD	0.014729351007055	0.121998232220375	128	128	0.904093938981701	0.991184832825321
K12308	group	GERD	-0.00861973202863491	0.106282329133943	128	128	0.935489350088632	0.991184832825321
K12313	group	GERD	-0.0247420417914584	0.214221314886098	128	22	0.908234610707046	0.991184832825321
K12314	group	GERD	-0.02474204179145	0.214221314886098	128	22	0.908234610707077	0.991184832825321
K12343	group	GERD	-0.111015297151065	0.588102070881714	128	72	0.850577771387355	0.991184832825321
K12524	group	GERD	-0.051856109489214	0.195001984930066	128	128	0.790730795451148	0.991184832825321
K12555	group	GERD	0.0185623303794534	0.124847053123461	128	128	0.88204339133261	0.991184832825321
K12574	group	GERD	0.00516060547303462	0.0627026087812645	128	128	0.934536463446259	0.991184832825321
K12661	group	GERD	0.0733711798943686	0.353935193100045	128	16	0.836109320232384	0.991184832825321
K12678	group	GERD	-0.0832284483872431	0.346172163477415	128	14	0.81039152645554	0.991184832825321
K12750	group	GERD	-0.02474204179145	0.214221314886098	128	22	0.908234610707077	0.991184832825321
K12754	group	GERD	-0.0247420417914454	0.214221314886098	128	22	0.908234610707094	0.991184832825321
K12758	group	GERD	-0.0247420417914454	0.214221314886098	128	22	0.908234610707094	0.991184832825321
K12877	group	GERD	-0.02474204179145	0.214221314886098	128	22	0.908234610707077	0.991184832825321
K12950	group	GERD	-0.119170938805321	0.347970964845308	128	125	0.732564989770647	0.991184832825321
K12954	group	GERD	0.0733628920360295	0.340567547833585	128	126	0.829793145143017	0.991184832825321
K12960	group	GERD	0.0399125301654004	0.133188285878897	128	128	0.764922684710309	0.991184832825321
K12976	group	GERD	0.11642047943874	0.44217529332647	128	72	0.79275688395086	0.991184832825321
K12978	group	GERD	-0.129699059378483	0.386198353535423	128	23	0.737553605754691	0.991184832825321
K12984	group	GERD	-0.130006437685095	0.461187003440477	128	104	0.778486286910062	0.991184832825321
K12997	group	GERD	0.0295097365706841	0.11644879708131	128	128	0.800361454122753	0.991184832825321
K12999	group	GERD	0.0468237759930502	0.1790237941805	128	128	0.79409501565926	0.991184832825321
K13004	group	GERD	0.037834461018362	0.290968696408368	128	32	0.896750589429937	0.991184832825321
K13038	group	GERD	-0.0138712987651061	0.0516986593460721	128	128	0.78889902069351	0.991184832825321
K13051	group	GERD	0.131760797249396	0.442940603861952	128	122	0.766598875218258	0.991184832825321
K13069	group	GERD	0.12612185629777	0.448965381394675	128	68	0.779235082139591	0.991184832825321
K13292	group	GERD	-0.00636409137667458	0.0378957500064715	128	128	0.866902247466216	0.991184832825321
K13479	group	GERD	-0.162745684807995	0.553628888530577	128	92	0.769270865261684	0.991184832825321
K13542	group	GERD	0.0206738701177525	0.107742892309568	128	128	0.848143901986979	0.991184832825321
K13628	group	GERD	-0.0570009187053456	0.235667198293377	128	128	0.809273800634072	0.991184832825321
K13634	group	GERD	-0.0541605452055153	0.420633593304715	128	128	0.897753302048549	0.991184832825321
K13643	group	GERD	-0.118607452542605	0.36228326608907	128	128	0.743917208747861	0.991184832825321
K13662	group	GERD	-0.095702599844787	0.272766588469626	128	22	0.726280103153536	0.991184832825321
K13677	group	GERD	-0.0229055279663062	0.0993021476509749	128	128	0.817949190773906	0.991184832825321
K13695	group	GERD	0.0860899237521488	0.458902600894305	128	119	0.851492343989122	0.991184832825321
K13794	group	GERD	0.0537007639821679	0.417444256030056	128	78	0.897846230359013	0.991184832825321
K13819	group	GERD	-0.0259958535407131	0.233364831361131	128	121	0.911479775350354	0.991184832825321
K13822	group	GERD	-0.02474204179145	0.214221314886098	128	22	0.908234610707077	0.991184832825321
K13825	group	GERD	-0.0247420417914454	0.214221314886098	128	22	0.908234610707094	0.991184832825321
K13826	group	GERD	-0.0247420417914454	0.214221314886098	128	22	0.908234610707094	0.991184832825321
K13829	group	GERD	0.0865805010230243	0.314345742534327	128	126	0.783436454536121	0.991184832825321
K13832	group	GERD	0.0884196283324664	0.601323891746446	128	89	0.883334202521786	0.991184832825321
K13876	group	GERD	0.128283903371395	0.430860883981866	128	69	0.766393065541047	0.991184832825321
K13896	group	GERD	0.0634839361475141	0.246957059215911	128	128	0.79754815756907	0.991184832825321
K13919	group	GERD	-0.161330464098681	0.6587354940469	128	88	0.806925055439405	0.991184832825321
K13920	group	GERD	-0.066011089529755193	0.650588320258125	128	91	0.91934366771714	0.991184832825321
K13940	group	GERD	-0.0313242552089822	0.126162076621688	128	128	0.80431746915884	0.991184832825321
K13953	group	GERD	0.0116166000410956	0.0988461858119822	128	128	0.906633554332331	0.991184832825321
K14028	group	GERD	-0.0556848529986607	0.275933514657394	128	21	0.840394369279252	0.991184832825321
K14029	group	GERD	-0.0556848529986607	0.275933514657394	128	21	0.840394369279252	0.991184832825321
K14059	group	GERD	-0.0382059737077957	0.242016559215589	128	123	0.874815797260583	0.991184832825321
K14067	group	GERD	-0.0736595686633265	0.276385715659421	128	22	0.790282080516731	0.991184832825321
K14088	group	GERD	0.0582577401190177	0.492334959829772	128	75	0.905995034171791	0.991184832825321
K14090	group	GERD	0.0597053972345325	0.492202554507006	128	75	0.903644681043143	0.991184832825321
K14187	group	GERD	-0.135407903591183	0.460970357568312	128	104	0.769435797792661	0.991184832825321
K14188	group	GERD	-0.0115840513389423	0.108478093980936	128	128	0.915127791854668	0.991184832825321
K14267	group	GERD	-0.0391280297307429	0.408484984336064	128	128	0.923840991966343	0.991184832825321
K14287	group	GERD	0.0593836254106215	0.307184902535413	128	128	0.847023109059435	0.991184832825321
K14333	group	GERD	-0.115584954768677	0.453307674527643	128	72	0.799153304000773	0.991184832825321
K14448	group	GERD	0.134080980611842	0.423798703111591	128	52	0.75223843760406806	0.991184832825321
K14534	group	GERD	-0.0664874913178902	0.393715993643528	128	128	0.86616835091665	0.991184832825321
K14578	group	GERD	0.0899681016425056	0.433762175970815	128	88	0.836021842083365	0.991184832825321
K14652	group	GERD	0.0213224396382074	0.0664761626323078	128	128	0.748928824711725	0.991184832825321
K14661	group	GERD	-0.0777278841801217	0.272308377535414	128	21	0.775775248933215	0.991184832825321
K14666	group	GERD	0.0347201485874674	0.328562914181429	128	31	0.916010044480046	0.991184832825321
K14682	group	GERD	-0.040980701738541	0.420971930624233	128	128	0.922604858341381	0.991184832825321
K14753	group	GERD	-0.02474204179145	0.214221314886098	128	22	0.908234610707077	0.991184832825321
K14977	group	GERD	0.0687359359913877	0.268237912326504	128	127	0.798175791678169	0.991184832825321
K14982	group	GERD	0.0105547249385501	0.121843881945134	128	128	0.931107111610448	0.991184832825321
K14983	group	GERD	-0.0271546252410978	0.114478029209955	128	128	0.8128839184259	0.991184832825321
K15051	group	GERD	0.0255343551180976	0.121698725930964	128	128	0.834150070105138	0.991184832825321
K15060	group	GERD	-0.120269339614096	0.41141962711104	128	58	0.770516914313877	0.991184832825321
K15257	group	GERD	-0.0609661178676073	0.278306230135406	128	125	0.826956769936437	0.991184832825321
K15342	group	GERD	-0.0166738788411018	0.0468502821970717	128	128	0.722512811476595	0.991184832825321
K15358	group	GERD	0.0361169873408573	0.436586320364105	128	73	0.934200783787149	0.991184832825321
K15511	group	GERD	0.127446093698511	0.454370902071469	128	72	0.779562286116202	0.991184832825321
K15514	group	GERD	0.0616242487570164	0.428223301438404	128	65	0.885803967208143	0.991184832825321
K15515	group	GERD	0.0616242487570164	0.428223301438404	128	65	0.885803967208143	0.991184832825321
K15547	group	GERD	-0.0499462511914994	0.437234048959736	128	34	0.909235473623098	0.991184832825321
K15580	group	GERD	0.0141517862377867	0.0667241543194944	128	128	0.832376489399575	0.991184832825321
K15583	group	GERD	-0.00433667322787544	0.0449176981897647	128	128	0.923239469722789	0.991184832825321
K15629	group	GERD	0.0936882293268509	0.540330734354659	128	73	0.862622717152831	0.991184832825321
K15633	group	GERD	-0.0344000267651883	0.151749579277452	128	128	0.821032602286735	0.991184832825321
K15634	group	GERD	0.0198220400417374	0.0604807836206156	128	128	0.743651348772378	0.991184832825321
K15635	group	GERD	0.0788958254334709	0.353539565918441	128	128	0.823772505874264	0.991184832825321
K15724	group	GERD	0.0370794865571992	0.388527797696813	128	128	0.924120245005204	0.991184832825321
K15733	group	GERD	0.0794841824481149	0.618844216491198	128	106	0.898005775928776	0.991184832825321
K15771	group	GERD	0.0265308163975998	0.0850792494993928	128	128	0.755680185883436	0.991184832825321
K15772	group	GERD	0.0234718310757917	0.082573220508836	128	128	0.776681762915582	0.991184832825321
K15784	group	GERD	-0.0523851382440557	0.346288369513051	128	13	0.879999890486477	0.991184832825321
K15790	group	GERD	0.061512102192609	0.233117098967661	128	127	0.792312840887409	0.991184832825321
K15894	group	GERD	-0.0379495774790138	0.228011586944481	128	122	0.868079802127946	0.991184832825321
K15899	group	GERD	-0.0302266107256648	0.304849467071524	128	123	0.921174701816568	0.991184832825321
K15974	group	GERD	0.184081806172697	0.609968824984603	128	116	0.763310547362058	0.991184832825321
K15982	group	GERD	0.152459687415642	0.44638538489514	128	44	0.733263973345481	0.991184832825321
K15987	group	GERD	0.018652956164182	0.161506522380578	128	128	0.908237818879936	0.991184832825321
K16013	group	GERD	-0.0174914780082585	0.122844000339401	128	128	0.88700118976031	0.991184832825321
K16049	group	GERD	0.117176760251576	0.359938713160087	128	26	0.745307542679205	0.991184832825321
K16089	group	GERD	-0.0378234280523374	0.166795274286691	128	128	0.820973515712484	0.991184832825321
K16211	group	GERD	0.0373914932826402	0.11569970479297	128	128	0.747096859842008	0.991184832825321
K16214	group	GERD	0.0805019734667409	0.427101762582414	128	27	0.85080026679389	0.991184832825321
K16235	group	GERD	0.0608369514225969	0.183633258780987	128	128	0.740971323812543	0.991184832825321
K16254	group	GERD	-0.0652095117076277	0.274289004866992	128	21	0.812468790279296	0.991184832825321
K16255	group	GERD	-0.0556848529986607	0.275933514657394	128	21	0.840394369279252	0.991184832825321
K16256	group	GERD	-0.0556848529986607	0.275933514657394	128	21	0.840394369279252	0.991184832825321
K16257	group	GERD	-0.0556848529986607	0.275933514657394	128	21	0.840394369279252	0.991184832825321
K16258	group	GERD	-0.0556848529986607	0.275933514657394	128	21	0.840394369279252	0.991184832825321
K16259	group	GERD	-0.0556848529986607	0.275933514657394	128	21	0.840394369279252	0.991184832825321
K16260	group	GERD	-0.0556848529986607	0.275933514657394	128	21	0.840394369279252	0.991184832825321
K16346	group	GERD	0.061321489181434	0.651516974919977	128	100	0.925162474004778	0.991184832825321
K16370	group	GERD	0.0961691359195014	0.277170448424111	128	128	0.729194563325489	0.991184832825321
K16509	group	GERD	0.0290696140721928	0.113420496793159	128	128	0.798137591536739	0.991184832825321
K16552	group	GERD	-0.0474340200360711	0.387335670597524	128	32	0.902728005841897	0.991184832825321
K16553	group	GERD	0.0746955421462278	0.309890985864353	128	15	0.809917356480853	0.991184832825321
K16554	group	GERD	0.0756507845224744	0.310176632927509	128	15	0.807708183017883	0.991184832825321
K16555	group	GERD	-0.0463882013919485	0.387027572035133	128	32	0.904786843464381	0.991184832825321
K16556	group	GERD	0.0746955421462278	0.309890985864353	128	15	0.809917356480853	0.991184832825321
K16557	group	GERD	-0.0463882013919485	0.387027572035133	128	32	0.904786843464381	0.991184832825321
K16558	group	GERD	-0.0454534382255346	0.396963712380849	128	38	0.909021525599777	0.991184832825321
K16560	group	GERD	0.0746955421462278	0.309890985864353	128	15	0.809917356480853	0.991184832825321
K16562	group	GERD	-0.0463882013919485	0.387027572035133	128	32	0.904786843464381	0.991184832825321
K16564	group	GERD	-0.0463882013919485	0.387027572035133	128	32	0.904786843464381	0.991184832825321
K16565	group	GERD	0.0746955421462278	0.309890985864353	128	15	0.809917356480853	0.991184832825321
K16566	group	GERD	-0.0463882013919485	0.387027572035133	128	32	0.904786843464381	0.991184832825321
K16567	group	GERD	-0.0463882013919485	0.387027572035133	128	32	0.904786843464381	0.991184832825321
K16568	group	GERD	0.0845003664505075	0.329014592358116	128	19	0.797729972582176	0.991184832825321
K16692	group	GERD	0.0482832023086705	0.586792469287151	128	117	0.934552029295044	0.991184832825321
K16785	group	GERD	-0.0175892457125756	0.0583988661657727	128	128	0.763764900866215	0.991184832825321
K16786	group	GERD	0.0280714092676427	0.0772964620313687	128	128	0.717089797418473	0.991184832825321
K16787	group	GERD	-0.0205019025227355	0.0579785619066231	128	128	0.724220823560805	0.991184832825321
K16788	group	GERD	0.015178680712283	0.131188511655103	128	128	0.908073474304843	0.991184832825321
K16789	group	GERD	-0.0278667033170866	0.08413683139878	128	128	0.741038369272326	0.991184832825321
K16915	group	GERD	-0.157240364759281	0.461475767599184	128	104	0.733871502083914	0.991184832825321
K16922	group	GERD	0.0878761048506573	0.734305183849849	128	112	0.904933223489781	0.991184832825321
K16924	group	GERD	-0.0222968955462713	0.101731730644362	128	128	0.826869571478072	0.991184832825321
K16925	group	GERD	0.0121488730121829	0.143738556022941	128	128	0.932776647983536	0.991184832825321
K17103	group	GERD	0.0122194645589558	0.107903742157675	128	128	0.910017249668044	0.991184832825321
K17205	group	GERD	0.0311835836740629	0.234742242857784	128	27	0.894530408802134	0.991184832825321
K17206	group	GERD	-0.0287170308497506	0.250606499841203	128	32	0.908952407930783	0.991184832825321
K17207	group	GERD	0.0311835836740629	0.234742242857784	128	27	0.894530408802134	0.991184832825321
K17214	group	GERD	-0.173409818455846	0.523036290871804	128	62	0.740784023535159	0.991184832825321
K17216	group	GERD	-0.0423027088965905	0.427392185231612	128	56	0.921312504659127	0.991184832825321
K17250	group	GERD	-0.104379699444306	0.417544791940664	128	70	0.803006504787903	0.991184832825321
K17251	group	GERD	-0.0336907641105872	0.24545115354946	128	121	0.891043933070195	0.991184832825321
K17364	group	GERD	-0.095702599844787	0.272766588469626	128	22	0.726280103153536	0.991184832825321
K17462	group	GERD	-0.0869701291502284	0.328237145662875	128	33	0.791472269815609	0.991184832825321
K17463	group	GERD	0.037834461018362	0.290968696408368	128	32	0.896750589429937	0.991184832825321
K17468	group	GERD	0.037834461018362	0.290968696408368	128	32	0.896750589429937	0.991184832825321
K17680	group	GERD	0.0330053677844361	0.300734257118722	128	21	0.912782822692894	0.991184832825321
K17723	group	GERD	0.0769903298669254	0.335250383183401	128	127	0.818735952301422	0.991184832825321
K17751	group	GERD	-0.0247420417914454	0.214221314886098	128	22	0.908234610707094	0.991184832825321
K17760	group	GERD	0.146973228543041	0.436800158311977	128	79	0.737070893443469	0.991184832825321
K17810	group	GERD	-0.0578945900018776	0.212767418655442	128	128	0.785988424755528	0.991184832825321
K17865	group	GERD	0.0690438749826312	0.490843234612031	128	116	0.888360171149694	0.991184832825321
K17989	group	GERD	0.0924165606796177	0.279001773636792	128	30	0.741013430936859	0.991184832825321
K18030	group	GERD	0.0460894128826267	0.480087654546469	128	78	0.923671444409657	0.991184832825321
K18122	group	GERD	-0.0604320028000457	0.659303063483501	128	113	0.927113403629299	0.991184832825321
K18136	group	GERD	-0.133664521708227	0.460738128206758	128	104	0.772209344834653	0.991184832825321
K18138	group	GERD	-0.0205290853227604	0.239001196893421	128	128	0.931685971132155	0.991184832825321
K18139	group	GERD	0.0535950541446836	0.279145044155796	128	128	0.848053516796306	0.991184832825321
K18148	group	GERD	-0.0731104652396972	0.688490360322755	128	104	0.91560085901803	0.991184832825321
K18197	group	GERD	-0.0300954221956363	0.325577371559789	128	24	0.926497589020192	0.991184832825321
K18209	group	GERD	-0.0777278841801217	0.272308377535414	128	21	0.775775248933215	0.991184832825321
K18233	group	GERD	0.0866436406732851	0.241671847463139	128	24	0.720555894524703	0.991184832825321
K18235	group	GERD	-0.0824770534081081	0.236028810491544	128	24	0.727345058785539	0.991184832825321
K18242	group	GERD	0.0387811080608546	0.437681704739702	128	88	0.929535929807265	0.991184832825321
K18243	group	GERD	0.0387811080608546	0.437681704739702	128	88	0.929535929807265	0.991184832825321
K18277	group	GERD	-0.0777278841801217	0.272308377535414	128	21	0.775775248933215	0.991184832825321
K18284	group	GERD	-0.0251654233766378	0.232909863291898	128	121	0.914129557022703	0.991184832825321
K18301	group	GERD	0.115956263792141	0.334259226460214	128	32	0.729241250074055	0.991184832825321
K18302	group	GERD	0.0515975123786382	0.550263217067232	128	95	0.925441773515444	0.991184832825321
K18308	group	GERD	0.11242550272079	0.418897107311628	128	65	0.788842255373308	0.991184832825321
K18351	group	GERD	0.0901254923486133	0.49839258288194	128	102	0.856789730490603	0.991184832825321
K18352	group	GERD	0.0556916071393847	0.506540229825041	128	102	0.91262784906912	0.991184832825321
K18472	group	GERD	0.11635038453294	0.505142398488804	128	80	0.818207454476626	0.991184832825321
K18476	group	GERD	-0.0734658836561499	0.523327265831269	128	72	0.888582113930549	0.991184832825321
K18479	group	GERD	-0.0785774532037011	0.263100644406585	128	128	0.765692008860211	0.991184832825321
K18540	group	GERD	0.0723710422983834	0.353690166970309	128	16	0.838201484835693	0.991184832825321
K18574	group	GERD	-0.241665095169592	0.717647233542892	128	98	0.736868336875402	0.991184832825321
K18587	group	GERD	-0.0877217715744407	0.287934526126726	128	36	0.761128703108215	0.991184832825321
K18640	group	GERD	-0.129245299623065	0.429157086640613	128	123	0.763788288121107	0.991184832825321
K18672	group	GERD	0.00650844704175205	0.0729417937967521	128	128	0.929042422967608	0.991184832825321
K18678	group	GERD	-0.0446932974114527	0.338204935515142	128	21	0.895077576144912	0.991184832825321
K18692	group	GERD	-0.0148067813399141	0.113632973502867	128	128	0.896534063487062	0.991184832825321
K18814	group	GERD	0.113123654103736	0.509480463462403	128	109	0.824644349157552	0.991184832825321
K18831	group	GERD	0.0469966072503129	0.236238763760969	128	128	0.842632760774779	0.991184832825321
K18887	group	GERD	0.00967447764335392	0.118736689559025	128	128	0.93519077225121	0.991184832825321
K18888	group	GERD	0.018782104046567	0.115089803669839	128	128	0.870626201928925	0.991184832825321
K18924	group	GERD	0.118496530033933	0.432920974845202	128	119	0.784752602262251	0.991184832825321
K18925	group	GERD	0.118496530033933	0.432920974845202	128	119	0.784752602262251	0.991184832825321
K18929	group	GERD	-0.022271242673899	0.100942870066625	128	128	0.825735972051087	0.991184832825321
K18958	group	GERD	-0.0495928180540208	0.490823908589819	128	85	0.919679360077171	0.991184832825321
K18968	group	GERD	-0.0559702876865325	0.451903272687831	128	59	0.901627781369617	0.991184832825321
K18986	group	GERD	0.147775167499445	0.565592142018681	128	63	0.794306919079935	0.991184832825321
K18991	group	GERD	0.0356314843319424	0.415777571071139	128	128	0.931842179545264	0.991184832825321
K19002	group	GERD	-0.0300753929291864	0.0983410561515753	128	128	0.760240746102926	0.991184832825321
K19003	group	GERD	0.0287753726148301	0.258946592200415	128	13	0.911694250342438	0.991184832825321
K19005	group	GERD	0.0259385724355953	0.133712168381256	128	128	0.846497581203327	0.991184832825321
K19046	group	GERD	0.0808452083842311	0.261795001623974	128	123	0.757975224958295	0.991184832825321
K19055	group	GERD	-0.0260420547917983	0.0955343590737421	128	128	0.785611862045081	0.991184832825321
K19058	group	GERD	-0.0703208209051958	0.340530224008883	128	14	0.836730637886518	0.991184832825321
K19062	group	GERD	-0.235518584995061	0.648586376268051	128	65	0.717119229617839	0.991184832825321
K19123	group	GERD	0.0502104791150431	0.27205335350503	128	123	0.853869987210172	0.991184832825321
K19124	group	GERD	-0.0944038696585503	0.299426013863308	128	127	0.753068518498405	0.991184832825321
K19125	group	GERD	0.0702450503130756	0.264833073606625	128	123	0.79125592691142	0.991184832825321
K19138	group	GERD	-0.202472382882937	0.708266867496823	128	107	0.775446993365628	0.991184832825321
K19147	group	GERD	-0.0501113670824338	0.285359402121307	128	127	0.860883895822852	0.991184832825321
K19157	group	GERD	0.0300888269203821	0.106939903522669	128	128	0.778894289318676	0.991184832825321
K19163	group	GERD	-0.0623030236682103	0.421812375881401	128	66	0.8828131307312	0.991184832825321
K19171	group	GERD	0.139401441530306	0.608294752593581	128	90	0.819110228933886	0.991184832825321
K19190	group	GERD	0.0707031948347101	0.477233556091742	128	80	0.882459496020972	0.991184832825321
K19225	group	GERD	-0.0535564750912575	0.167723080265674	128	128	0.75001654170043	0.991184832825321
K19226	group	GERD	-0.135407903591183	0.460970357568312	128	104	0.769435797792661	0.991184832825321
K19227	group	GERD	-0.135407903591183	0.460970357568312	128	104	0.769435797792661	0.991184832825321
K19228	group	GERD	-0.135407903591183	0.460970357568312	128	104	0.769435797792661	0.991184832825321
K19229	group	GERD	-0.135407903591183	0.460970357568312	128	104	0.769435797792661	0.991184832825321
K19230	group	GERD	-0.135407903591183	0.460970357568312	128	104	0.769435797792661	0.991184832825321
K19237	group	GERD	-0.201731568355395	0.601012170055311	128	34	0.737690758164403	0.991184832825321
K19242	group	GERD	0.0754172279152998	0.453346915398137	128	50	0.868143023337433	0.991184832825321
K19267	group	GERD	0.0327206543235473	0.189036424338153	128	128	0.862857024392788	0.991184832825321
K19337	group	GERD	-0.121777410695582	0.487061596053644	128	127	0.802975466316831	0.991184832825321
K19340	group	GERD	0.0675455565529641	0.360324534306851	128	128	0.851603432229558	0.991184832825321
K19342	group	GERD	0.103947068195451	0.358698868278798	128	128	0.772453824611991	0.991184832825321
K19353	group	GERD	0.0417045103636491	0.213816407023387	128	128	0.845669361426387	0.991184832825321
K19586	group	GERD	0.0688975436062	0.247615855621367	128	19	0.781281402920368	0.991184832825321
K19624	group	GERD	0.0312209301647774	0.329752830292771	128	31	0.924719571186344	0.991184832825321
K19640	group	GERD	-0.0794491664588383	0.430174153828781	128	61	0.853768579444633	0.991184832825321
K19641	group	GERD	-0.0777587396930231	0.2862854977205	128	24	0.786364454781216	0.991184832825321
K19661	group	GERD	-0.0777587396930231	0.2862854977205	128	24	0.786364454781216	0.991184832825321
K19723	group	GERD	0.055427750197057	0.362690726491978	128	44	0.878781745378022	0.991184832825321
K19731	group	GERD	0.0475227359421255	0.350723777630709	128	18	0.892433553251519	0.991184832825321
K19733	group	GERD	0.0746955421462278	0.309890985864353	128	15	0.809917356480853	0.991184832825321
K19743	group	GERD	-0.0559243222861445	0.417841759556156	128	34	0.893741914665299	0.991184832825321
K01468	group	GERD	-0.0089149084881419809	0.114750313055465	128	128	0.938198185480984	0.991269320001404
K01598	group	GERD	0.00964359086875908	0.123181737010407	128	128	0.937723546703663	0.991269320001404
K01621	group	GERD	-0.0111185130076691	0.144609287048155	128	128	0.938835731220622	0.991269320001404
K01712	group	GERD	-0.00881333772742905	0.114480700277589	128	128	0.938757305259298	0.991269320001404
K01922	group	GERD	0.0095919453713523	0.123181353244046	128	128	0.938056190099689	0.991269320001404
K03224	group	GERD	-0.0427644528785949	0.539972967635682	128	61	0.937001258440122	0.991269320001404
K03930	group	GERD	0.00964359086875908	0.123181737010407	128	128	0.937723546703663	0.991269320001404
K06167	group	GERD	0.0130768332389792	0.166311373089197	128	128	0.937452759712907	0.991269320001404
K07684	group	GERD	0.0346211910112759	0.45135692385571	128	128	0.938980141505258	0.991269320001404
K09758	group	GERD	0.0424809900547461	0.530336201823814	128	117	0.936283219361375	0.991269320001404
K10844	group	GERD	0.0372444212095994	0.481358874152009	128	75	0.938449152668037	0.991269320001404
K11751	group	GERD	-0.0286840034641044	0.356772128875468	128	119	0.936047747691792	0.991269320001404
K12554	group	GERD	0.00949447268863449	0.123180482724513	128	128	0.938683964502745	0.991269320001404
K12556	group	GERD	0.00964359086875908	0.123181737010407	128	128	0.937723546703663	0.991269320001404
K15549	group	GERD	-0.0353544820898859	0.447205212175794	128	39	0.93711309505890406	0.991269320001404
K16329	group	GERD	-0.0148358326232889	0.18928989550498	128	128	0.937653095190121	0.991269320001404
K18474	group	GERD	0.00986353619601544	0.123545609445921	128	128	0.936493397073454	0.991269320001404
K01095	group	GERD	-0.0186919059031356	0.244826579690361	128	128	0.939263703497871	0.991336019480069
K08352	group	GERD	-0.0256651810655752	0.336999166733996	128	122	0.939414192795741	0.991336019480069
K01613	group	GERD	0.00611216192360027	0.081217975170878	128	128	0.940130168029578	0.991504414733897
K03593	group	GERD	-0.007558738769197	0.10035533828119	128	128	0.940079765195666	0.991504414733897
K05713	group	GERD	-0.0324072576412519	0.428054132131048	128	73	0.939771234805437	0.991504414733897
K11745	group	GERD	0.0217968057444754	0.290710825002809	128	126	0.940351428402747	0.991542157049524
K01974	group	GERD	-0.0337843000858739	0.456895301576996	128	83	0.941172842767954	0.991592980424365
K02233	group	GERD	0.0072682456687171	0.098289895455145	128	128	0.941169801763557	0.991592980424365
K03418	group	GERD	-0.0218236518462964	0.29591785643869	128	28	0.941327043706257	0.991592980424365
K10206	group	GERD	-0.0157932562969891	0.212148437736897	128	128	0.940774866011198	0.991592980424365
K10233	group	GERD	-0.0334803027131517	0.453469734661552	128	60	0.941261628492759	0.991592980424365
K03311	group	GERD	0.00311148342714879	0.0423548739087964	128	128	0.941554793749873	0.991637495545079
K00891	group	GERD	0.00255504060160996	0.0350655270609095	128	128	0.942029291911624	0.991941814961501
K03484	group	GERD	0.00714134540551477	0.0987072960314826	128	128	0.94243912098985	0.992033109576243
K07679	group	GERD	-0.0309970809696257	0.428798227028995	128	40	0.942487123744433	0.992033109576243
K01187	group	GERD	-0.00622149810796139	0.0863566256201768	128	128	0.942680928355929	0.992041780116299
K00032	group	GERD	0.0162528522470387	0.24620524535674	128	26	0.947471762618767	0.992102863698484
K00980	group	GERD	0.00950890383252666	0.149289592390129	128	128	0.9493145393705	0.992102863698484
K01040	group	GERD	0.0257375650177819	0.378070491886511	128	127	0.945832966666568	0.992102863698484
K01194	group	GERD	-0.0181952341265728	0.289450326808971	128	128	0.949976535591571	0.992102863698484
K01719	group	GERD	0.00651164388223066	0.0978635106804311	128	128	0.947054954964586	0.992102863698484
K01807	group	GERD	0.00736417193486256	0.111240104499849	128	128	0.947322971533654	0.992102863698484
K01844	group	GERD	0.0404285677052354	0.581451553632635	128	117	0.944677651835882	0.992102863698484
K02232	group	GERD	0.0070433729527477	0.104256436232813	128	128	0.946244450235652	0.992102863698484
K02250	group	GERD	0.0303401690238025	0.439308429807065	128	56	0.945048574568339	0.992102863698484
K02422	group	GERD	0.0123807775090437	0.184157488527443	128	128	0.946505729988173	0.992102863698484
K02426	group	GERD	-0.0100678164632162	0.158578271101151	128	128	0.949478527557129	0.992102863698484
K02686	group	GERD	0.0306192061684759	0.469524942717165	128	127	0.948107635768455	0.992102863698484
K03477	group	GERD	0.0294959310450533	0.466594516430989	128	32	0.949695204687493	0.992102863698484
K03502	group	GERD	-0.00444247915274155	0.0691065714535437	128	128	0.948845597137258	0.992102863698484
K05592	group	GERD	0.00195071282677191	0.0309309932376772	128	128	0.949813402760415	0.992102863698484
K05784	group	GERD	0.0310284543001077	0.483002604296271	128	51	0.948880329397853	0.992102863698484
K05910	group	GERD	-0.0147038260940495	0.226777909850755	128	128	0.948405742608135	0.992102863698484
K06332	group	GERD	-0.00909605886746521	0.141734361148865	128	14	0.948931148821468	0.992102863698484
K07031	group	GERD	-0.0133195569123361	0.19698125485168	128	128	0.946196592381797	0.992102863698484
K07386	group	GERD	-0.00300754251074269	0.0425372961793494	128	128	0.943745705363144	0.992102863698484
K07821	group	GERD	0.0206907644368731	0.290909571492213	128	20	0.943411528253536	0.992102863698484
K08965	group	GERD	-0.00909605886746521	0.141734361148865	128	14	0.948931148821468	0.992102863698484
K08988	group	GERD	0.041563428632914	0.589162900669198	128	95	0.943870473075327	0.992102863698484
K09763	group	GERD	-0.035719218746991	0.499420099716285	128	100	0.943096203137038	0.992102863698484
K09806	group	GERD	0.0300807173345359	0.424490939214868	128	128	0.943619112347883	0.992102863698484
K11189	group	GERD	0.00200525330079353	0.0311794693433539	128	128	0.9488227178252	0.992102863698484
K12975	group	GERD	-0.023590529934589	0.371725455399497	128	51	0.94949899492119	0.992102863698484
K13543	group	GERD	-0.0411928285983511	0.651680309844357	128	89	0.949699306753208	0.992102863698484
K13689	group	GERD	-0.023590529934589	0.371725455399497	128	51	0.94949899492119	0.992102863698484
K15975	group	GERD	0.0113847787946452	0.175363468234787	128	128	0.94833975737504	0.992102863698484
K16012	group	GERD	-0.00741872931063905	0.115147846402705	128	128	0.94873165152146	0.992102863698484
K17948	group	GERD	0.0222042684434351	0.328719809031493	128	22	0.946252756690535	0.992102863698484
K18011	group	GERD	0.0404285677052354	0.581451553632635	128	117	0.944677651835882	0.992102863698484
K18012	group	GERD	0.0365682214706347	0.581382387835987	128	117	0.949946807142932	0.992102863698484
K18013	group	GERD	0.0404887653524252	0.581446563999386	128	117	0.944594936862178	0.992102863698484
K18014	group	GERD	0.0383826302019234	0.581791145850722	128	117	0.947503717113269	0.992102863698484
K18101	group	GERD	0.0273187402549176	0.412015819988577	128	32	0.94724003418882	0.992102863698484
K18304	group	GERD	0.0261066600312611	0.411710921894189	128	32	0.949540373206754	0.992102863698484
K19670	group	GERD	-0.0246861563807501	0.378160382937891	128	19	0.948054848918895	0.992102863698484
K00231	group	GERD	-0.00718157174781002	0.115886139367889	128	128	0.950684178117918	0.992167021526536
K03592	group	GERD	-0.0161944671330879	0.26096237529209	128	128	0.950616000833398	0.992167021526536
K07321	group	GERD	0.031430662646156	0.508176070131801	128	74	0.950780331328179	0.992167021526536
K10021	group	GERD	-0.0211856921357099	0.342257336859626	128	18	0.950740636195077	0.992167021526536
K04757	group	GERD	-0.0153107911735006	0.252384287586337	128	128	0.951722444970487	0.992956321391925
K03181	group	GERD	0.027075846578826	0.456886012108058	128	127	0.952837545486783	0.993459860347472
K03781	group	GERD	-0.0189562155472395	0.318738611139914	128	128	0.952669907501233	0.993459860347472
K11104	group	GERD	-0.0343095112739266	0.579567597068919	128	86	0.95288782025169	0.993459860347472
K12141	group	GERD	0.0167055722046129	0.28255982336517	128	123	0.952948403266337	0.993459860347472
K01497	group	GERD	0.0134987856639313	0.230304195870319	128	128	0.953353330057211	0.993688224309972
K01715	group	GERD	0.013092216310167	0.22444210903656	128	128	0.953576378354002	0.993726962705749
K02227	group	GERD	0.00550672306898927	0.0954516515206871	128	128	0.954085971434349	0.993892269509944
K19126	group	GERD	-0.0177632066640623	0.308041456125329	128	126	0.954106832608499	0.993892269509944
K02495	group	GERD	0.00387369256523061	0.0681156638768383	128	128	0.954739366001737	0.994163741847543
K05818	group	GERD	0.0253558820746497	0.444795805456165	128	78	0.954630981403394	0.994163741847543
K01620	group	GERD	0.00505731800710639	0.0893249483456256	128	128	0.95493991009622	0.994178921007672
K01659	group	GERD	0.0231720550261777	0.424136676423269	128	128	0.956517011984113	0.994908262472552
K02558	group	GERD	-0.0170801094799116	0.316554888563454	128	128	0.957055490573323	0.994908262472552
K02656	group	GERD	-0.0215585076301138	0.401990706734874	128	128	0.957315395091434	0.994908262472552
K05832	group	GERD	0.00353419443794752	0.0659002761390942	128	128	0.957315343648531	0.994908262472552
K07122	group	GERD	0.0216929754072724	0.395547631663279	128	128	0.956350495211712	0.994908262472552
K11329	group	GERD	-0.0254698771431932	0.462986780737845	128	75	0.956215954257974	0.994908262472552
K11382	group	GERD	-0.0280668019810024	0.509672443148587	128	88	0.956171262952095	0.994908262472552
K16874	group	GERD	0.0308673597830456	0.567600295923647	128	82	0.956716783613216	0.994908262472552
K19585	group	GERD	0.0133652633470493	0.24629270659131	128	18	0.956809369224887	0.994908262472552
K13485	group	GERD	-0.0272559700271396	0.511646786281478	128	46	0.957600301257523	0.995010925271666
K15023	group	GERD	0.0265855026247873	0.50446598653588	128	74	0.958054171605786	0.995289079169167
K08289	group	GERD	-0.00694429613357216	0.133079156907328	128	128	0.958466555675605	0.995524034707943
K00278	group	GERD	-0.00796730069557776	0.165764138014693	128	128	0.961741275318655	0.99601088375639
K00356	group	GERD	0.0100267367769781	0.2251629019662	128	128	0.96455161145775	0.99601088375639
K00383	group	GERD	0.0052464708506339	0.11802936318771	128	128	0.964615631984144	0.99601088375639
K00547	group	GERD	-0.00713808483006126	0.141777344881797	128	128	0.959925478999518	0.99601088375639
K00606	group	GERD	-0.00498323232228076	0.0977831766951936	128	128	0.959436453057572	0.99601088375639
K00677	group	GERD	0.00622774101533304	0.130912519162356	128	128	0.962132846680358	0.99601088375639
K00984	group	GERD	0.0191231651091234	0.433091431211625	128	77	0.964850727849136	0.99601088375639
K01039	group	GERD	0.0191396257991821	0.373092881326986	128	127	0.959167789551478	0.99601088375639
K01144	group	GERD	-0.0153841484589808	0.31084403740912	128	128	0.960605950597678	0.99601088375639
K01241	group	GERD	0.0130477126891606	0.278104897789591	128	128	0.962654046033784	0.99601088375639
K01442	group	GERD	0.010449711250076099	0.217334605663517	128	128	0.961727648477015	0.99601088375639
K01654	group	GERD	-0.0100679485724693	0.222966798593184	128	128	0.964055666689241	0.99601088375639
K02057	group	GERD	-0.00312114861022363	0.0628447070023995	128	128	0.960468417921462	0.99601088375639
K02383	group	GERD	0.0280747031512395	0.580051358660079	128	87	0.961473796081093	0.99601088375639
K02405	group	GERD	0.00864224222354773	0.184555736864758	128	128	0.962725029795071	0.99601088375639
K02552	group	GERD	-0.0073958938171601	0.165576732445029	128	128	0.96444307525406	0.99601088375639
K02655	group	GERD	-0.0191929941669178	0.428692725756537	128	128	0.964360732049381	0.99601088375639
K03304	group	GERD	0.00938400352683119	0.209513120641494	128	128	0.964345941472704	0.99601088375639
K03415	group	GERD	0.00978026386479187	0.225432060726934	128	128	0.96546368766497	0.99601088375639
K07005	group	GERD	0.00600120837783109	0.134707047125646	128	128	0.964536467954086	0.99601088375639
K07394	group	GERD	0.0205502438568627	0.423264593805602	128	44	0.961353384833634	0.99601088375639
K07501	group	GERD	-0.0133022547231471	0.274132839632079	128	128	0.961374793916973	0.99601088375639
K09740	group	GERD	0.0216338930515011	0.487155334539759	128	76	0.964648997795372	0.99601088375639
K10220	group	GERD	-0.0215838858568891	0.456728337981419	128	80	0.962382741252299	0.99601088375639
K10914	group	GERD	-0.0114777127802097	0.227987830209186	128	128	0.959928353455277	0.99601088375639
K11050	group	GERD	-0.00539780308320597	0.122735582226162	128	128	0.964990667250112	0.99601088375639
K11051	group	GERD	-0.00565142526004836	0.122763115766593	128	128	0.96335507216318494	0.99601088375639
K11617	group	GERD	-0.00512923896791095	0.110513750930569	128	128	0.96305481435659	0.99601088375639
K11618	group	GERD	-0.00512002517188437	0.110434015790902	128	128	0.963094524223147	0.99601088375639
K13938	group	GERD	0.00835789872492253	0.19006608927953	128	22	0.964995024004717	0.99601088375639
K14742	group	GERD	0.00522136616654685	0.119702541657895	128	128	0.96527675057129	0.99601088375639
K15408	group	GERD	-0.0209065569807314	0.470795981433082	128	43	0.964650416952762	0.99601088375639
K15495	group	GERD	0.0164375122176027	0.379614409737698	128	15	0.965530498503113	0.99601088375639
K15895	group	GERD	-0.0107930032480107	0.23199128547863	128	121	0.9629668097657	0.99601088375639
K16511	group	GERD	0.00519532915106952	0.107631498053096	128	128	0.961577811431605	0.99601088375639
K19165	group	GERD	0.0156481723123712	0.362563117488357	128	127	0.965642426208263	0.99601088375639
K00097	group	GERD	-0.00201086272878097	0.14658057364623	128	128	0.989076277660693	0.996331355279037
K00099	group	GERD	-0.00182214027113832	0.0996517232319742	128	128	0.985440348614942	0.996331355279037
K00245	group	GERD	0.0105544337143666	0.309861183431732	128	123	0.972881760100272	0.996331355279037
K00246	group	GERD	0.0111273009476175	0.309825067361906	128	123	0.971407142500541	0.996331355279037
K00259	group	GERD	-0.00303013344031348	0.0973028240419227	128	128	0.975206151847279	0.996331355279037
K00266	group	GERD	-0.00411249884647326	0.120212282200488	128	128	0.972763584910733	0.996331355279037
K00271	group	GERD	-0.00965784884546903	0.508719295357274	128	79	0.984883394669398	0.996331355279037
K00286	group	GERD	3.0494235877331e-4	0.0278838196015673	128	128	0.991291664739136	0.996331355279037
K00385	group	GERD	0.00930394380591035	0.639865232597703	128	112	0.988421787505555	0.996331355279037
K00588	group	GERD	0.00657330369871348	0.406641152466664	128	127	0.987128425283245	0.996331355279037
K00608	group	GERD	0.00361966902998221	0.261417080861997	128	15	0.98897447472541	0.996331355279037
K00661	group	GERD	-0.00112466148613063	0.0624565368729448	128	128	0.985661667658743	0.996331355279037
K00756	group	GERD	-9.1225374503386e-4	0.0625034786009058	128	128	0.988378175833349	0.996331355279037
K00793	group	GERD	-0.00184022238078568	0.0908150891233035	128	128	0.983865306704655	0.996331355279037
K00818	group	GERD	0.00118378863081035	0.0667818166089437	128	128	0.985885308600674	0.996331355279037
K00880	group	GERD	0.015836676852437	0.550237383369183	128	69	0.977084364554236	0.996331355279037
K00887	group	GERD	0.00198025028041428	0.11248642313707	128	128	0.985982332910451	0.996331355279037
K00941	group	GERD	-0.00176839234148959	0.0605410273626353	128	128	0.976743467120319	0.996331355279037
K00950	group	GERD	-0.00125296312545619	0.0514088341589139	128	128	0.980594020247937	0.996331355279037
K00986	group	GERD	0.00860017559783452	0.482119166151588	128	30	0.985796084420033	0.996331355279037
K01193	group	GERD	0.00159149977125582	0.0648705419378404	128	128	0.980465894933784	0.996331355279037
K01281	group	GERD	-0.00539037720454308	0.128185529015483	128	128	0.966524310029084	0.996331355279037
K01478	group	GERD	-0.00355982550218951	0.0947880953272957	128	128	0.970101431296169	0.996331355279037
K01480	group	GERD	-0.00554109073411833	0.201900222362162	128	128	0.978148468002556	0.996331355279037
K01515	group	GERD	-9.2205353461745e-4	0.0293574900077127	128	128	0.974994034529744	0.996331355279037
K01630	group	GERD	0.00660457171098218	0.604706232046674	128	108	0.991302991634103	0.996331355279037
K01665	group	GERD	-0.00384687617853862	0.17358171883172	128	128	0.982353979996091	0.996331355279037
K01685	group	GERD	0.00560483193167238	0.151085378239868	128	128	0.970466280905419	0.996331355279037
K01745	group	GERD	-0.00168648284566093	0.115660923846724	128	128	0.988389307189665	0.996331355279037
K01834	group	GERD	8.0812979980603e-4	0.0683174734766524	128	128	0.99058072467519	0.996331355279037
K01840	group	GERD	0.00381943444639419	0.0907023102728601	128	128	0.966478014466633	0.996331355279037
K01886	group	GERD	0.00128330909743641	0.122706365269163	128	128	0.991672117740321	0.996331355279037
K01950	group	GERD	0.00322835220327276	0.123466783039617	128	128	0.979181028362158	0.996331355279037
K02170	group	GERD	-0.014698463097918101	0.436200777578605	128	128	0.973172448751003	0.996331355279037
K02188	group	GERD	-0.00402307665932517	0.112212269502805	128	128	0.971456806135179	0.996331355279037
K02221	group	GERD	7.2745360628588e-4	0.0531279090444184	128	128	0.98909696830663	0.996331355279037
K02242	group	GERD	-0.00349533958023695	0.0899592314204568	128	128	0.969067723540034	0.996331355279037
K02381	group	GERD	-0.0131747365064123	0.51258298720355	128	61	0.97953517993238	0.996331355279037
K02440	group	GERD	0.00254534012315047	0.0862664308258681	128	128	0.976508061360159	0.996331355279037
K02450	group	GERD	-0.00820011239008307	0.331132673580301	128	36	0.980282520152366	0.996331355279037
K02572	group	GERD	0.0105828981928166	0.30965543983191	128	123	0.97279059336426	0.996331355279037
K02664	group	GERD	0.0127894787537921	0.396431432346521	128	128	0.974314548161799	0.996331355279037
K02665	group	GERD	-0.0143601423228122	0.419400187619887	128	128	0.972740180595549	0.996331355279037
K02670	group	GERD	-0.0147212605920498	0.415942679115585	128	128	0.971822756126834	0.996331355279037
K02673	group	GERD	0.0074490470214124	0.404691381879516	128	128	0.985343495114093	0.996331355279037
K02676	group	GERD	-0.0132810828334754	0.419467820621263	128	128	0.974791901963449	0.996331355279037
K02779	group	GERD	-0.00212409128503837	0.115392022634934	128	128	0.985342798911357	0.996331355279037
K02795	group	GERD	0.0018404703890918	0.102799703085615	128	128	0.985744187824379	0.996331355279037
K02804	group	GERD	-0.00250582027235108	0.152803714857939	128	128	0.986942057216709	0.996331355279037
K02859	group	GERD	-0.00762792993682629	0.234205350851941	128	128	0.974069501084343	0.996331355279037
K03219	group	GERD	0.0138718087113728	0.542592980145085	128	59	0.979644132623164	0.996331355279037
K03222	group	GERD	0.0138718087113728	0.542592980145085	128	59	0.979644132623164	0.996331355279037
K03226	group	GERD	0.0138718087113728	0.542592980145085	128	59	0.979644132623164	0.996331355279037
K03227	group	GERD	0.0138718087113728	0.542592980145085	128	59	0.979644132623164	0.996331355279037
K03228	group	GERD	0.0138718087113728	0.542592980145085	128	59	0.979644132623164	0.996331355279037
K03229	group	GERD	0.0138718087113728	0.542592980145085	128	59	0.979644132623164	0.996331355279037
K03230	group	GERD	0.0138718087113728	0.542592980145085	128	59	0.979644132623164	0.996331355279037
K03294	group	GERD	0.00131218384402935	0.0819052313732975	128	128	0.987243172151704	0.996331355279037
K03305	group	GERD	0.00258528609083957	0.081002474242619	128	128	0.974589431085833	0.996331355279037
K03333	group	GERD	0.0180194554659642	0.616051507865921	128	84	0.976711549271123	0.996331355279037
K03380	group	GERD	-0.00979755695532522	0.645566760768389	128	87	0.987915235076453	0.996331355279037
K03548	group	GERD	0.00483591716748587	0.419482663919065	128	113	0.990820193746062	0.996331355279037
K03832	group	GERD	-0.00298394205309013	0.13536113345056	128	128	0.982447486100713	0.996331355279037
K04083	group	GERD	5.3179463968754e-4	0.0448817961601551	128	128	0.990565000987391	0.996331355279037
K05540	group	GERD	0.00570636131388101	0.232251085365889	128	128	0.980436982237355	0.996331355279037
K05787	group	GERD	0.0156188489809294	0.40696141345007403	128	112	0.969446095550244	0.996331355279037
K05998	group	GERD	0.0127433863054042	0.329704770501861	128	32	0.969229892441815	0.996331355279037
K06160	group	GERD	0.0183445128142971	0.434426943958311	128	67	0.966384642821377	0.996331355279037
K06179	group	GERD	-0.00686630401451328	0.182790551538369	128	128	0.970094936731915	0.996331355279037
K06209	group	GERD	0.00320201961433971	0.128731744914599	128	128	0.980195149385723	0.996331355279037
K06381	group	GERD	-0.00511573866729072	0.195896741796903	128	128	0.979207353910944	0.996331355279037
K06897	group	GERD	-0.00615684114538025	0.237622471580215	128	128	0.979369971007689	0.996331355279037
K06958	group	GERD	0.00142765123948069	0.0350601214123048	128	128	0.967583499549682	0.996331355279037
K07003	group	GERD	0.00751563722052658	0.19238985799182	128	128	0.968900694831442	0.996331355279037
K07019	group	GERD	0.0116473166558785	0.320203880885951	128	128	0.971041161095187	0.996331355279037
K07043	group	GERD	-0.00290639019663797	0.0954757019361891	128	128	0.975763392317889	0.996331355279037
K07048	group	GERD	-0.00498394750813901	0.44174748471685	128	126	0.99101602649001	0.996331355279037
K07100	group	GERD	-0.00870506482585563	0.265996366131511	128	122	0.973944671707795	0.996331355279037
K07169	group	GERD	-0.0131944285791995	0.485503681237989	128	67	0.978361729130227	0.996331355279037
K07214	group	GERD	-0.00321375632737225	0.159555480485894	128	128	0.983962007867006	0.996331355279037
K07455	group	GERD	0.0141716018803494	0.465698240480206	128	123	0.975771576020642	0.996331355279037
K07570	group	GERD	0.00382814240658091	0.11092038880877	128	128	0.972523071460921	0.996331355279037
K07589	group	GERD	-0.00251166649246829	0.192863524219229	128	22	0.989630021039784	0.996331355279037
K07658	group	GERD	0.00200744872100604	0.0681488021505606	128	128	0.976546843178702	0.996331355279037
K08100	group	GERD	-0.00644300386582199	0.333178239794333	128	13	0.984602051758572	0.996331355279037
K08139	group	GERD	-0.0104195164785361	0.717441381491138	128	83	0.988435572703915	0.996331355279037
K08195	group	GERD	0.0268400647972725	0.673676357542275	128	91	0.968282800362444	0.996331355279037
K08315	group	GERD	0.00448651138268466	0.309155361254953	128	123	0.988444333430388	0.996331355279037
K08974	group	GERD	-0.00637554909456953	0.35502426341502	128	127	0.985700712209567	0.996331355279037
K08986	group	GERD	0.00505199866030454	0.121960152051734	128	128	0.967023962116899	0.996331355279037
K09474	group	GERD	-0.00418954225225686	0.302230485759916	128	128	0.988961942256211	0.996331355279037
K09702	group	GERD	0.0104222100574805	0.399444546378913	128	122	0.979225430359441	0.996331355279037
K09762	group	GERD	-0.00158031020810062	0.0489168342900632	128	128	0.974279095377007	0.996331355279037
K09788	group	GERD	-0.0140792474867453	0.437115674578342	128	127	0.974356000805932	0.996331355279037
K09790	group	GERD	-0.00305735426847784	0.107882051922477	128	128	0.977435986516804	0.996331355279037
K09931	group	GERD	-0.0120765326661756	0.50608237694793	128	77	0.980999812844603	0.996331355279037
K10546	group	GERD	-0.00536515395547812	0.184144822036003	128	128	0.976802609968849	0.996331355279037
K10548	group	GERD	-0.00522720112129343	0.184752223036625	128	128	0.97747319943062	0.996331355279037
K10984	group	GERD	-0.0201657756998293	0.773635239074294	128	83	0.97924572840986	0.996331355279037
K11694	group	GERD	0.0105018119986424	0.505069671007888	128	87	0.983443833590224	0.996331355279037
K11695	group	GERD	0.0105018119986424	0.505069671007888	128	87	0.983443833590224	0.996331355279037
K11752	group	GERD	0.00154378724477724	0.0814841534023155	128	128	0.984914264848774	0.996331355279037
K11788	group	GERD	0.00361966902998797	0.261417080861997	128	15	0.988974474725392	0.996331355279037
K12137	group	GERD	0.00531583979048537	0.309392505680659	128	123	0.986318965683667	0.996331355279037
K12140	group	GERD	0.00926584338070836	0.282189658972805	128	123	0.973857712805012	0.996331355279037
K12255	group	GERD	0.00769746834690493	0.432864348259125	128	36	0.985840386501127	0.996331355279037
K12940	group	GERD	-0.0165009844487607	0.51203528552864	128	110	0.974342603994276	0.996331355279037
K13010	group	GERD	0.0196503332647223	0.558509311669135	128	73	0.971989067109815	0.996331355279037
K13052	group	GERD	0.00120689696676232	0.0988275318273443	128	128	0.990275668815937	0.996331355279037
K13280	group	GERD	0.0126928764465029	0.305619191866515	128	125	0.966937782544079	0.996331355279037
K13300	group	GERD	-0.015224989275197	0.429166342085406	128	55	0.971756539586246	0.996331355279037
K13745	group	GERD	-0.00348462202900984	0.327885637434732	128	13	0.991537407681039	0.996331355279037
K14055	group	GERD	0.0108581323917829	0.430508846012818	128	111	0.97991808983002	0.996331355279037
K14189	group	GERD	-0.0183255066050161	0.453569292555521	128	49	0.967835882538991	0.996331355279037
K14260	group	GERD	0.00124989318083076	0.106080787596469	128	128	0.990617805973682	0.996331355279037
K14414	group	GERD	-0.00927671165291904	0.605834235735204	128	116	0.987807254314322	0.996331355279037
K14441	group	GERD	0.00383981712670737	0.132042151450176	128	128	0.976846607640475	0.996331355279037
K15726	group	GERD	0.00768353705124689	0.286942632274342	128	128	0.978679755643537	0.996331355279037
K15727	group	GERD	0.00485376756370274	0.294042813079285	128	128	0.98685601961723	0.996331355279037
K15770	group	GERD	-0.00117280071444768	0.0733545588708018	128	128	0.987269166496847	0.996331355279037
K15835	group	GERD	0.013425333872469	0.521084091443489	128	121	0.979486147461238	0.996331355279037
K16048	group	GERD	-0.00577646416527528	0.494552249652101	128	80	0.990699242444175	0.996331355279037
K16055	group	GERD	-0.00408621161905139	0.316644395243908	128	19	0.98972420871085	0.996331355279037
K16088	group	GERD	0.0158235435214718	0.446133620357963	128	128	0.971762555047442	0.996331355279037
K16264	group	GERD	0.00145339567970683	0.0617434672294173	128	128	0.981257358314406	0.996331355279037
K16319	group	GERD	-0.0112600535738406	0.416551673844101	128	77	0.978477305528509	0.996331355279037
K16950	group	GERD	0.00930394380591035	0.639865232597703	128	112	0.988421787505555	0.996331355279037
K16951	group	GERD	0.00930394380591035	0.639865232597703	128	112	0.988421787505555	0.996331355279037
K17218	group	GERD	-0.00607153756153973	0.282873004611966	128	128	0.982909611000695	0.996331355279037
K17837	group	GERD	-0.00473319077517522	0.290275890032663	128	128	0.987016193880684	0.996331355279037
K18707	group	GERD	-0.00262483600857305	0.128808987428288	128	128	0.98377427580724	0.996331355279037
K18911	group	GERD	0.0139562487275819	0.510692141371603	128	71	0.978241276277746	0.996331355279037
K18954	group	GERD	0.00645791092707858	0.362452979511683	128	41	0.985812835918933	0.996331355279037
K19137	group	GERD	0.0265169982052565	0.749598551703238	128	78	0.971836754151972	0.996331355279037
K19168	group	GERD	0.00650208630421203	0.448512227728914	128	128	0.988456394283681	0.996331355279037
K19222	group	GERD	0.00993136773009375	0.268071660601335	128	128	0.970505814409637	0.996331355279037
K19416	group	GERD	-0.00328241600046457	0.287652005622766	128	128	0.990913532242827	0.996331355279037
K19689	group	GERD	-8.5093364039057e-4	0.0643818867755563	128	128	0.98947559326665	0.996331355279037
K00040	group	GERD	-0.001556511187002	0.160727667841236	128	128	0.992288601682755	0.99671433269642
K02246	group	GERD	-0.00113623473380481	0.119460747686899	128	128	0.992426186483922	0.99671433269642
K13678	group	GERD	-0.00216818898967291	0.23437603349293	128	128	0.992633586964225	0.996735378645895
K00076	group	GERD	-0.00243507014465495	0.301433558680363	128	122	0.993567297163681	0.997392282758508
K07284	group	GERD	6.0609366141632e-4	0.0773961445652642	128	128	0.993764169296364	0.997392282758508
K09516	group	GERD	-0.00311524542918717	0.403194012454689	128	127	0.993847491630111	0.997392282758508
K03640	group	GERD	-0.00204260633581765	0.273133670847427	128	128	0.994044973094269	0.997403233138506
K15736	group	GERD	0.00248636782943464	0.356878264380145	128	15	0.994452208718909	0.997624602704313
K12339	group	GERD	0.00252134107571267	0.401302747007995	128	125	0.994996948635391	0.997983806267317
K03576	group	GERD	-0.00241838655458593	0.411218580352509	128	128	0.9953169494895	0.998117503652386
K02663	group	GERD	-0.00213807638849769	0.401607019054143	128	128	0.99576066018184906	0.998272022276731
K03574	group	GERD	-2.9208194320345e-4	0.0559703171724699	128	128	0.995844499588815	0.998272022276731
K01284	group	GERD	8.2215516663121e-4	0.179445554557148	128	128	0.996351637945767	0.998420164677815
K01545	group	GERD	-0.0018387203523833	0.424713709488345	128	66	0.996552562424396	0.998420164677815
K11927	group	GERD	-8.6809117524348e-4	0.192577863313771	128	128	0.996410484192798	0.998420164677815
K06968	group	GERD	0.0014597787611509	0.395626292436586	128	121	0.997061814058694	0.998743199917141
K00595	group	GERD	-7.1295598823454e-4	0.22428281758172	128	128	0.997468695707217	0.998963590717644
K01253	group	GERD	-9.7942932015279e-4	0.384070179303946	128	45	0.997969325040988	0.998976703209114
K02653	group	GERD	3.4951600851571e-4	0.127260020804331	128	128	0.997812979232729	0.998976703209114
K09794	group	GERD	-7.8959289007097e-4	0.321183418987957	128	128	0.998042381563764	0.998976703209114
K12952	group	GERD	-1.634561030202e-4	0.0759109186274527	128	128	0.998285352184643	0.999032851512374
K02248	group	GERD	1.07174483634e-4	0.118682702555432	128	128	0.999280911591341	0.999531241867061
K08720	group	GERD	-3.2686925570464e-4	0.346352738522158	128	16	0.999248491739904	0.999531241867061
K09024	group	GERD	-3.5768566737568e-4	0.434367509500934	128	66	0.99934427380835	0.999531241867061
K07717	group	GERD	-2.75678517125617e-5	0.460393086883834	128	107	0.999952318215002	0.999952318215002
